experiment_type,individual_mean,individual_std,joint_mean,joint_std,difference,t_statistic,t_test_p_value,mann_whitney_u,mann_whitney_p,cohens_d,n_individual,n_joint
1P2G,0.5833333333333334,0.2357022603955158,0.8541666666666667,0.029462782549439452,-0.27083333333333337,-1.6124515496597103,0.24819058844388758,0.0,0.3333333333333333,-1.6124515496597103,2,2
2P3G,0.625,,0.7321428571428572,0.025253813613805257,-0.1071428571428572,-3.4641016151377584,0.1789123750220666,0.0,0.6666666666666666,,1,2
