experiment_type,individual_mean,individual_std,joint_mean,joint_std,difference,t_statistic,t_test_p_value,mann_whitney_u,mann_whitney_p,cohens_d,n_individual,n_joint
1P2G,0.7873737373737374,0.1733820169213962,0.8166666666666667,0.159920957487373,-0.02929292929292926,-0.6802136444537618,0.49907547598078683,393.0,0.39489907930604806,-0.17563040778883146,30,30
2P3G,0.6814646464646466,0.08353844173480869,0.782828282828283,0.11887662043958343,-0.10136363636363643,-3.821161376440212,0.0003262022017254505,226.5,0.0007292111156645081,-0.9866196249415966,30,30
