experiment_type,individual_mean,individual_std,joint_mean,joint_std,difference,t_statistic,t_test_p_value,mann_whitney_u,mann_whitney_p,cohens_d,n_individual,n_joint
1P2G,0.6979166666666667,0.19654127358451257,0.8416666666666668,0.20497289793748072,-0.14375000000000004,-1.0639876425290857,0.3226543569757209,4.5,0.2148469474056489,-0.7137446087744347,4,5
2P3G,0.6845238095238096,0.05154913117764517,0.6452380952380953,0.20210064621820004,0.03928571428571437,0.32082040615971685,0.7592265314911404,7.0,1.0,0.23429409781552835,3,5
