group,participantId,sessionIndex,trialIndex,playerIndex,distanceCondition,nSteps,posteriors
sampleJointGoalAndRSASignal_fromStart,session_0_player1,0,1,1,closer_to_player1,9,"[0.5, 0.4952671790418303, 0.49699685670381544, 0.5781649444972543, 0.9999729587369549, 0.9999656578573408, 0.9999599238921091, 0.9999522757164068, 1.0]"
sampleJointGoalAndRSASignal_fromStart,session_0_player2,0,1,2,closer_to_player1,9,"[0.5, 0.5035047978085626, 0.5052052002140732, 0.5060822033227572, 0.5072299386813421, 0.5135005545160357, 0.4889590665302102, 0.5626363274201788, 0.5628555371503775]"
sampleJointGoalAndRSASignal_fromStart,session_0_player1,0,3,1,equal_to_both,11,"[0.5, 0.9894580034773808, 0.9895712524360734, 0.9998885674245261, 0.9999981015382906, 0.9999981502464615, 0.9999981811097631, 0.9999981874363322, 0.9999999912419746, 0.9999999999201202, 0.9999999999219423]"
sampleJointGoalAndRSASignal_fromStart,session_0_player2,0,3,2,equal_to_both,11,"[0.5, 0.527283248381855, 0.5301508463387761, 0.9970111773535986, 0.999981422843204, 0.9999821316083516, 0.9999833096664088, 0.9999906835030282, 0.9999999226882039, 0.999999999687595, 0.9999999999970135]"
sampleJointGoalAndRSASignal_fromStart,session_0_player1,0,4,1,closer_to_player2,9,"[0.5, 0.9832237273108351, 0.9836256246787788, 0.9997168840028147, 0.9999926360216784, 0.9999997168295267, 0.9999997912788102, 0.999999828297907, 0.9999999949591201]"
sampleJointGoalAndRSASignal_fromStart,session_0_player2,0,4,2,closer_to_player2,9,"[0.5, 0.9995420028848626, 0.9999994981033952, 0.9999997160229692, 0.9999999989117169, 0.9999999999980902, 0.9999999999999863, 1.0, 1.0]"
sampleJointGoalAndRSASignal_fromStart,session_0_player1,0,5,1,closer_to_player1,9,"[0.5, 0.9996544312362834, 0.9996628581113604, 0.9997962425312379, 0.999999956553849, 0.9999999999347493, 0.9999999999999227, 0.9999999999999998, 1.0]"
sampleJointGoalAndRSASignal_fromStart,session_0_player2,0,5,2,closer_to_player1,9,"[0.5, 0.9832163561976902, 0.9836352011196646, 0.9997168140315909, 0.9997280109384715, 0.9999953376157995, 0.9999964024415086, 0.999996940644556, 0.9999969574966109]"
sampleJointGoalAndRSASignal_fromStart,session_0_player1,0,6,1,closer_to_player1,13,"[0.5, 0.49883753083286725, 0.492558234577731, 0.9520441180642265, 0.9529952863790287, 0.9539547719241296, 0.9618781956788759, 0.9987994209268816, 0.999999955448678, 0.9999999434198008, 0.9999999999991137, 1.0, 1.0]"
sampleJointGoalAndRSASignal_fromStart,session_0_player2,0,6,2,closer_to_player1,13,"[0.5, 0.5215495690420135, 0.5199139365482469, 0.5266019756848864, 0.09566586553845605, 0.0944731107052553, 0.09668493215954016, 0.10731530262267062, 0.1079004355162905, 0.003055707261892526, 0.0027707279656932243, 0.0023365502438482053, 0.0017481619276132911]"
sampleJointGoalAndRSASignal_fromStart,session_0_player1,0,7,1,closer_to_player2,17,"[0.5, 0.5035101256895487, 0.14099454752806462, 0.03429677571269502, 0.03429677571269502, 0.03429677571269502, 0.03463711643883483, 0.03501827363887495, 0.035402056242695205, 0.0363921171612211, 0.035520379242265, 0.040954190617285176, 0.040954190617285176, 0.0418446850297711, 0.0418446850297711, 0.04242083201844637, 0.04277191039381782]"
sampleJointGoalAndRSASignal_fromStart,session_0_player2,0,7,2,closer_to_player2,17,"[0.5, 0.9058757324135849, 0.9865807589571601, 0.9977766278225059, 0.9977603235831088, 0.9976674175167043, 0.9977113554662602, 0.9986115530181026, 0.9998262646537803, 0.9999997360016208, 0.9999996360519434, 0.9999999998180967, 0.9999999998666044, 0.9999999999999293, 0.9999999999999647, 0.9999999999999823, 0.9999999999999912]"
sampleJointGoalAndRSASignal_fromStart,session_0_player1,0,9,1,equal_to_both,11,"[0.5, 0.9893247864005246, 0.9998126603687681, 0.9998202852329882, 0.9998233222111806, 0.9998255604047205, 0.9999988990087951, 0.999998958566762, 0.9999999929997975, 0.9999999952039983, 0.9999999999700417]"
sampleJointGoalAndRSASignal_fromStart,session_0_player2,0,9,2,equal_to_both,11,"[0.5, 0.5000000137565004, 0.9938491060866346, 0.9938937362981161, 0.9999621019897974, 0.9999995992607441, 0.999999607570193, 0.999999995703154, 0.9999999999231289, 0.9999999999396159, 0.9999999999984873]"
sampleJointGoalAndRSASignal_fromStart,session_0_player1,0,10,1,closer_to_player2,11,"[0.5, 0.5040237862392681, 0.5023464399593331, 0.508798735430632, 0.09225128517147069, 0.09282660445981131, 0.09487359265774702, 0.0959825291549395, 0.09651232069316104, 0.09673226772125582, 0.09681013555636266]"
sampleJointGoalAndRSASignal_fromStart,session_0_player2,0,10,2,closer_to_player2,11,"[0.5, 0.4163067243833958, 0.8768006539728539, 0.8354179067758324, 0.789319571232686, 0.8386774554229971, 0.9999928709105732, 0.9999909462667146, 0.9999999998581901, 0.9999999999999925, 0.9999999999999962]"
sampleJointGoalAndRSASignal_fromStart,session_0_player1,0,11,1,equal_to_both,11,"[0.5, 0.9886510412837684, 0.9893737723384219, 0.9895492014803853, 0.9999347172026213, 0.9999356339362809, 0.9999379770567834, 0.9999997844903671, 0.9999998315858646, 0.9999999994341727, 0.9999999999964656]"
sampleJointGoalAndRSASignal_fromStart,session_0_player2,0,11,2,equal_to_both,11,"[0.5, 0.9894609058699039, 0.9895748655233835, 0.9998886008163028, 0.9999981019503883, 0.9999981510807702, 0.9999999684319044, 0.9999999991677004, 0.9999999999513062, 0.999999999978048, 0.9999999999903827]"
sampleJointGoalAndRSASignal_fromStart,session_1_player1,1,0,1,closer_to_player1,9,"[0.5, 0.49967642603637147, 0.5013077483954126, 0.5812441646798111, 0.9999734700089137, 0.9999999984707781, 0.9999999987931658, 0.9999999999999353, 0.9999999999999679]"
sampleJointGoalAndRSASignal_fromStart,session_1_player2,1,0,2,closer_to_player1,9,"[0.5, 0.5129909936976608, 0.5071128464774579, 0.37426192481336334, 0.54465098881627, 0.7052322813400775, 0.8271688727886636, 0.9054362132137102, 0.9507237584612546]"
sampleJointGoalAndRSASignal_fromStart,session_1_player1,1,2,1,equal_to_both,12,"[0.5, 0.9828669665797526, 0.9831940153512386, 0.9833779844921452, 0.9998212790684277, 0.9999969548542844, 0.9999970331011138, 0.9999999495134003, 0.9999999511923715, 0.9999999991642717, 0.9999999993063522, 0.9999999993568032]"
sampleJointGoalAndRSASignal_fromStart,session_1_player2,1,2,2,equal_to_both,12,"[0.5, 0.5120843531296537, 0.5135544165601422, 0.5136683496132929, 0.9968143440303223, 0.9968363449639474, 0.9999889573161244, 0.9999999292387266, 0.9999999992120859, 0.9999999994290245, 0.9999999999891758, 0.9999999999968784]"
sampleJointGoalAndRSASignal_fromStart,session_1_player1,1,3,1,closer_to_player2,15,"[0.5, 0.5034052050305252, 0.5056594995811695, 0.5075244498518943, 0.5145784490719141, 0.499616643892082, 0.4722979058464763, 0.4266060655317168, 0.35450580947252053, 3.7094218371067776e-34, 1.116402852550386e-39, 3.709421343628409e-34, 2.405134881236687e-29, 3.73765429979564e-58, 5.807055241552985e-58]"
sampleJointGoalAndRSASignal_fromStart,session_1_player2,1,3,2,closer_to_player2,6,"[0.5, 0.5046272932088524, 0.507050781893334, 0.5134157144388152, 0.4672581867950108, 0.5767542026562514]"
sampleJointGoalAndRSASignal_fromStart,session_1_player1,1,5,1,closer_to_player2,9,"[0.5, 0.9831514662819373, 0.9995535091903498, 0.9999826734957475, 0.9999985017421562, 0.9999993025339683, 0.9999996688418344, 0.9999998402341325, 0.99999992198181]"
sampleJointGoalAndRSASignal_fromStart,session_1_player2,1,5,2,closer_to_player2,9,"[0.5, 0.9996443735705567, 0.9996674089297708, 0.9998035330233456, 0.9999999574844048, 0.999999999951695, 0.9999999999999548, 1.0, 1.0]"
sampleJointGoalAndRSASignal_fromStart,session_1_player1,1,6,1,closer_to_player1,9,"[0.5, 0.5032200578718719, 0.6096668326003067, 0.9999012361595301, 0.9998684784210108, 0.9998329734644494, 0.9999999973833924, 0.9999999999998593, 0.9999999999999302]"
sampleJointGoalAndRSASignal_fromStart,session_1_player2,1,6,2,closer_to_player1,9,"[0.5, 0.5030078822614841, 0.5052831548027784, 0.5061521990859557, 0.5073002679744296, 0.5020479548833658, 0.49664070708030256, 0.5389580113808518, 0.6371395642713016]"
sampleJointGoalAndRSASignal_fromStart,session_1_player1,1,7,1,closer_to_player2,21,"[0.5, 0.5129905458096521, 0.5071126140184706, 0.37426172794435286, 0.5446507844132507, 0.26867516476831077, 0.3395849515817124, 0.41007680856505935, 0.4703469041211574, 0.5121334087893081, 0.021084535254023373, 0.029263169532624252, 0.029263169532624252, 0.0005841180175186333, 0.0005841180175186334, 0.0005925118696695165, 0.0005976315973317237, 0.0005976315973317238, 9.49503572499256e-33, 9.49503572499256e-33, 9.577128707400297e-33]"
sampleJointGoalAndRSASignal_fromStart,session_1_player2,1,7,2,closer_to_player2,16,"[0.5, 0.5000737090152877, 0.49842901469312767, 0.5593723334528191, 0.054508266422463536, 0.055835605860983344, 0.07644282595966057, 0.0011390220643150656, 3.8385603578215714e-05, 4.858998526234316e-05, 1.2204376095547333e-06, 1.5448925079479682e-06, 1.5671595441368803e-06, 1.5807095445669944e-06, 2.510041731916538e-35, 2.531744130013796e-35]"
sampleJointGoalAndRSASignal_fromStart,session_1_player1,1,8,1,closer_to_player1,9,"[0.5, 0.5026902103156382, 0.6003588435227095, 0.9998228829782209, 0.9999999848823748, 0.9999999999965402, 0.9999999999999981, 1.0, 1.0]"
sampleJointGoalAndRSASignal_fromStart,session_1_player2,1,8,2,closer_to_player1,9,"[0.5, 0.5052498850784484, 0.5075796713754105, 0.9940650088232278, 0.9941260665483388, 0.9999638423041003, 0.9999996178642965, 0.9999999922490523, 0.9999999962459538]"
sampleJointGoalAndRSASignal_fromStart,session_1_player1,1,9,1,equal_to_both,8,"[0.5, 0.5011825142376594, 0.9992059438213342, 0.999998612479243, 0.9999989817569208, 0.9999999970991964, 0.9999999985517252, 0.9999999995658079]"
sampleJointGoalAndRSASignal_fromStart,session_1_player2,1,9,2,equal_to_both,8,"[0.5, 0.4997590757166994, 0.9992031361296713, 0.9999986400981158, 0.9999999953367898, 0.9999999963768912, 0.9999999969056727, 0.9999999970101876]"
sampleJointGoalAndRSASignal_fromStart,session_1_player1,1,10,1,equal_to_both,11,"[0.5, 0.9894522360352315, 0.999817435889124, 0.9999952263448925, 0.9999955374415913, 0.9999957452324841, 0.9999999265361574, 0.9999999462346433, 0.9999999987520212, 0.9999999993955272, 0.9999999997192249]"
sampleJointGoalAndRSASignal_fromStart,session_1_player2,1,10,2,equal_to_both,11,"[0.5, 0.9883644188101147, 0.9997811072211956, 0.9998149549480783, 0.9998208317230037, 0.9999981051562443, 0.9999999672142963, 0.999999976055225, 0.9999999814329091, 0.9999999849151913, 0.999999991420725]"
sampleJointGoalAndRSASignal_fromStart,session_2_player1,2,0,1,closer_to_player1,24,"[0.5, 0.5045720180115911, 0.0728684102585739, 0.007871585633561226, 0.0010268920457464244, 0.00016858112360283302, 3.369658734992911e-05, 3.469771327185143e-05, 3.542806230267763e-05, 3.5924362366154854e-05, 3.601576734466237e-05, 3.606234037901191e-05, 3.641118965605204e-05, 3.734927654019374e-05, 1.2548339053466977e-06, 1.5873046849640375e-06, 3.978688879742303e-08, 5.032852160777646e-08, 5.10522262662087e-08, 7.033039865411125e-10, 2.3628244399064024e-11, 2.9888605449278984e-11, 3.031839204761957e-11, 3.05805216600492e-11]"
sampleJointGoalAndRSASignal_fromStart,session_2_player2,2,0,2,closer_to_player1,36,"[0.5, 0.504505649171184, 0.5060243647533053, 0.11687855811697254, 0.021126452226484002, 0.004840962403474419, 0.001281469259529626, 0.0012672349380959006, 0.0003034642658115519, 0.00031461714402200786, 0.0003203868553283891, 0.00032493862494513035, 0.0003277862609989114, 0.0003293955298352937, 0.00033547038896126287, 2.5862553174888326e-05, 2.633966939896848e-05, 2.0300353306906915e-06, 2.0674866331561126e-06, 2.0540432515744468e-06, 1.4759313175682864e-07, 1.1374935070686337e-08, 1.123391043244215e-08, 7.315340211550261e-09, 1.4633711304499084e-08, 2.9276237470863676e-08, 5.899280078811009e-08, 9.16766494885311e-37, 1.4243460861850093e-36, 1.4243460861850093e-36, 1.4243460861850093e-36, 1.3487255460774704e-65, 2.0954648360414947e-65, 3.327237677742884e-94, 3.3560045934306056e-94, 3.3560045934306056e-94]"
sampleJointGoalAndRSASignal_fromStart,session_2_player1,2,2,1,closer_to_player1,9,"[0.5, 0.4953746797568531, 0.49295285590614957, 0.49878329802312543, 0.5469768860823184, 0.37468360101533293, 1.0, 1.0, 1.0]"
sampleJointGoalAndRSASignal_fromStart,session_2_player2,2,2,2,closer_to_player1,9,"[0.5, 0.5028347455546692, 0.5044811516112089, 0.5063462077931572, 0.5134009038234677, 0.49843818222658415, 0.4711232130050876, 0.4254533925080964, 0.5349901066249733]"
sampleJointGoalAndRSASignal_fromStart,session_2_player2,2,3,2,equal_to_both,12,"[0.5, 0.9829701323095441, 0.99954447451704, 0.9995598468793284, 0.9995700156287681, 0.9995783516456255, 0.9999953476933902, 0.9999999169299704, 0.9999999977132543, 0.9999999998763537, 0.9999999999451826, 0.9999999999834984]"
sampleJointGoalAndRSASignal_fromStart,session_2_player1,2,5,1,closer_to_player2,9,"[0.5, 0.5044483642957335, 0.5113487243676326, 0.5133773151422341, 0.5091119634282911, 0.49649651658420346, 0.47197928359107827, 0.42970123786455006, 0.5308985023279215]"
sampleJointGoalAndRSASignal_fromStart,session_2_player2,2,5,2,closer_to_player2,14,"[0.5, 0.04671872830098151, 0.04575709974444722, 0.046802705258622956, 0.0016693488165758434, 9.027053002059409e-05, 9.027053002059409e-05, 0.00010502966865655614, 0.00010502966865655614, 0.00010776377687081974, 0.00010804048647158945, 0.00010813682379930123, 6.353077070836641e-34, 9.54255549774263e-34]"
sampleJointGoalAndRSASignal_fromStart,session_2_player1,2,7,1,equal_to_both,8,"[0.5, 0.9974735362534972, 0.9999762035820977, 0.9999933572987125, 0.9999999408021334, 0.9999999996983984, 0.9999999999981405, 0.9999999999999819]"
sampleJointGoalAndRSASignal_fromStart,session_2_player2,2,7,2,equal_to_both,8,"[0.5, 0.9987699043130694, 0.9978763347036202, 0.9999981820575786, 0.9999999969448734, 0.9999999999906021, 0.9999999999999505, 0.9999999999999996]"
sampleJointGoalAndRSASignal_fromStart,session_2_player1,2,8,1,equal_to_both,10,"[0.5, 0.5000013107431016, 0.5000016316165059, 0.9982965269401318, 0.9983029673555266, 0.9999970658753037, 0.9999971689201698, 0.9999999947586167, 0.999999999978944, 0.9999999999880247]"
sampleJointGoalAndRSASignal_fromStart,session_2_player2,2,8,2,equal_to_both,10,"[0.5, 0.4999727703421932, 0.4999739719625124, 0.49996649614534183, 0.9992061377274282, 0.9999986286620901, 0.9999986768266794, 0.9999989623056907, 0.9999999992293842, 0.9999999999987225]"
sampleJointGoalAndRSASignal_fromStart,session_2_player1,2,9,1,closer_to_player2,9,"[0.5, 0.982244917055482, 0.9995279921965818, 0.9999821440404149, 0.9999990582736163, 0.9999991307756064, 0.9999991764567668, 0.9999990530402194, 0.99999998738535]"
sampleJointGoalAndRSASignal_fromStart,session_2_player2,2,9,2,closer_to_player2,9,"[0.5, 0.9995477427109586, 0.9999994926176977, 0.9999999990869315, 0.9999999999939704, 0.9999999999999774, 0.9999999999999999, 1.0, 1.0]"
sampleJointGoalAndRSASignal_fromStart,session_2_player1,2,10,1,closer_to_player1,9,"[0.5, 0.9996549832652551, 0.9999997189424152, 0.9999997282584773, 0.9999998429587348, 0.999999999760785, 0.9999999999996071, 0.9999999999999997, 1.0]"
sampleJointGoalAndRSASignal_fromStart,session_2_player2,2,10,2,closer_to_player1,9,"[0.5, 0.9830771105888516, 0.9995469144698064, 0.9999822806182643, 0.9999880078223131, 0.9999993129123504, 0.9999996753766369, 0.999999844003069, 0.9999999241192081]"
sampleJointGoalAndRSASignal_fromStart,session_2_player1,2,11,1,closer_to_player2,9,"[0.5, 0.5040306899482208, 0.5058847833280714, 0.5131226849471924, 0.5096252849187818, 0.4033892460662649, 0.5751200636721415, 0.7331731170579564, 0.8914464717078714]"
sampleJointGoalAndRSASignal_fromStart,session_2_player2,2,11,2,closer_to_player2,9,"[0.5, 0.9348187581093257, 0.9999874955280262, 0.9999999955860492, 0.9999999999941882, 0.9999999999970972, 0.99999999999855, 0.9999999999992858, 0.999999999999761]"
sampleJointGoalAndRSASignal_fromStart,session_3_player1,3,0,1,closer_to_player1,9,"[0.5, 0.5031225241480214, 0.9998314872296125, 0.9999999228054035, 0.9999999999138655, 0.9999999999640664, 0.999999999999894, 0.9999999999999998, 1.0]"
sampleJointGoalAndRSASignal_fromStart,session_3_player2,3,0,2,closer_to_player1,9,"[0.5, 0.9831363607191352, 0.9836298147528524, 0.9997162747664793, 0.9999923146732502, 0.9999945376710522, 0.9999997362036731, 0.9999998670404977, 0.9999999324093571]"
sampleJointGoalAndRSASignal_fromStart,session_3_player1,3,1,1,closer_to_player2,9,"[0.5, 0.5034545127157065, 0.5057042823208213, 0.5065814633113607, 0.5069476470697847, 0.5052479246528307, 0.42402921201904786, 0.5956000589898119, 0.7478439506814559]"
sampleJointGoalAndRSASignal_fromStart,session_3_player2,3,1,2,closer_to_player2,6,"[0.5, 0.5015793832241763, 0.5080994125136282, 0.5574982731630338, 0.558130882392479, 0.5583507031128988]"
sampleJointGoalAndRSASignal_fromStart,session_3_player1,3,2,1,closer_to_player1,11,"[0.5, 0.41672813872683856, 0.34576162812706746, 0.4218791714728357, 0.8706133637078513, 0.8404384284474962, 0.8646925054530611, 0.9999989103856851, 0.9999987325586898, 0.9999999999961855, 0.999999999996817]"
sampleJointGoalAndRSASignal_fromStart,session_3_player2,3,2,2,closer_to_player1,11,"[0.5, 0.5034565445562803, 0.5057108350280931, 0.5075757805943011, 0.5024375523919361, 0.5093198368130512, 0.04989405646986911, 0.047131499241083084, 0.05888236093082521, 0.05967848342046922, 0.0601634140192463]"
sampleJointGoalAndRSASignal_fromStart,session_3_player1,3,4,1,closer_to_player2,8,"[0.5, 0.48197828774006973, 0.5820806441490064, 0.37076817931021283, 0.6757365711484651, 0.9990954009817885, 0.999998821810003, 0.9999999978330308]"
sampleJointGoalAndRSASignal_fromStart,session_3_player2,3,4,2,closer_to_player2,8,"[0.5, 0.9999426707659377, 0.9999999925705501, 0.9999999999973533, 0.9999999999999953, 0.9999999999999953, 1.0, 1.0]"
sampleJointGoalAndRSASignal_fromStart,session_3_player1,3,5,1,equal_to_both,10,"[0.5, 0.9925846064562486, 0.9937409613625728, 0.9999592315687748, 0.999971400017307, 0.9999997169382122, 0.9999998598648424, 0.9999999304366299, 0.9999999666493066, 0.9999999905583062]"
sampleJointGoalAndRSASignal_fromStart,session_3_player2,3,5,2,equal_to_both,10,"[0.5, 0.9938010373367181, 0.9999332727807316, 0.9999988146710043, 0.9999999482572532, 0.9999999753663213, 0.9999999879631614, 0.9999999940706948, 0.9999999970642356, 0.9999999985429893]"
sampleJointGoalAndRSASignal_fromStart,session_3_player1,3,6,1,equal_to_both,9,"[0.5, 0.996431864210372, 0.9974995462302324, 0.9982134749432956, 0.9999949842037528, 0.9999975934161295, 0.9999993185180865, 0.9999999987109371, 0.9999999999983241]"
sampleJointGoalAndRSASignal_fromStart,session_3_player2,3,6,2,equal_to_both,9,"[0.5, 0.9965006528550369, 0.9965074959441735, 0.9999882035209494, 0.9999999274056416, 0.9999999286383973, 0.9999999995608703, 0.9999999996240843, 0.9999999999976761]"
sampleJointGoalAndRSASignal_fromStart,session_3_player1,3,8,1,equal_to_both,10,"[0.5, 0.9938486648523678, 0.9938929886439222, 0.9939204411540046, 0.9939433261023352, 0.999989482318678, 0.9999999636837353, 0.9999999655387747, 0.9999999998615604, 0.9999999999212644]"
sampleJointGoalAndRSASignal_fromStart,session_3_player2,3,8,2,equal_to_both,10,"[0.5, 0.4999727703421932, 0.4999739719625124, 0.49996649614534183, 0.49986658208429197, 0.49900522295159394, 0.9998929629950372, 0.9999999680147612, 0.999999999976247, 0.9999999999999606]"
sampleJointGoalAndRSASignal_fromStart,session_3_player1,3,9,1,closer_to_player2,27,"[0.5, 0.5045056489659838, 0.5077605774107798, 0.5151483191568951, 0.09756471389588857, 0.0991469518046319, 0.010230381258819008, 0.01006703889823218, 0.00100663103959032, 0.00014125028381563868, 2.5523581913640107e-05, 5.6439830727119355e-06, 6.235115693657039e-06, 6.79509668424396e-06, 1.2277221399040877e-06, 1.212083793271231e-06, 1.9705985996210887e-07, 2.006436843761483e-07, 2.0186641365402056e-07, 2.025315237545155e-07, 2.0349119893109396e-07, 2.0917200982414894e-07, 1.0078641122604108e-08, 9.84692117895577e-09, 9.6201614603493e-09, 1.1372019859211245e-08, 8.39449767354506e-09]"
sampleJointGoalAndRSASignal_fromStart,session_3_player2,3,9,2,closer_to_player2,38,"[0.5, 0.5031207292064866, 0.6086037774066807, 0.8898591283010996, 0.9871856690542353, 0.9986689421575189, 0.999825524757085, 0.9999715003815198, 0.9999709004076763, 0.9999945246408402, 0.9999945246408402, 0.9999987860838461, 0.9999988230062905, 0.9999997647689484, 0.9999997608569797, 0.9999997580185602, 0.9999997636495866, 0.9999998626016777, 0.9999999755961894, 0.9999999941204445, 0.9999999882714549, 0.9999999999553769, 0.9999999927960151, 0.9999999856029013, 0.9999999712083999, 0.9999999424103881, 0.9999998847969219, 0.9999997695244728, 0.9999995355826006, 1.0, 1.0, 1.0, 1.0, 1.0, 1.0, 1.0, 1.0, 1.0]"
sampleJointGoalAndRSASignal_fromStart,session_3_player1,3,10,1,closer_to_player1,6,"[0.5, 0.5003549381617692, 0.49865397524528826, 0.5602285272315937, 0.5112431757558832, 0.6780798279164122]"
sampleJointGoalAndRSASignal_fromStart,session_3_player2,3,10,2,closer_to_player1,9,"[0.5, 0.5033991647586886, 0.5053666589267176, 0.5005783884568927, 0.37711166168207083, 0.5477030653420117, 0.7077991357463379, 0.8289407284268868, 0.9070486354256297]"
sampleJointGoalAndRSASignal_fromStart,session_4_player1,4,1,1,closer_to_player1,9,"[0.5, 0.6229009675276003, 0.9996824576884066, 0.9999998449637192, 0.9999999998714809, 0.9999999999998379, 0.9999999999999992, 1.0, 1.0]"
sampleJointGoalAndRSASignal_fromStart,session_4_player2,4,1,2,closer_to_player1,9,"[0.5, 0.9832213773922291, 0.9995560104936257, 0.9995726133727173, 0.9995835645959679, 0.9999929668364629, 0.999999817152095, 0.9999999916865686, 0.9999999960681222]"
sampleJointGoalAndRSASignal_fromStart,session_4_player1,4,2,1,equal_to_both,12,"[0.5, 0.9829952319927527, 0.9832612917228876, 0.9834401183546327, 0.983532558737411, 0.9831148181395005, 0.972330357390713, 0.999966245623294, 0.9999999208227837, 0.999999999660478, 0.9999999999975201, 0.999999999999971]"
sampleJointGoalAndRSASignal_fromStart,session_4_player2,4,2,2,equal_to_both,12,"[0.5, 0.9827365939811696, 0.9832663809882355, 0.999708443171388, 0.9997157229882847, 0.9997212803867924, 0.9999969265929923, 0.9999999451414322, 0.9999999984866763, 0.9999999999111346, 0.9999999999621668, 0.9999999999891024]"
sampleJointGoalAndRSASignal_fromStart,session_4_player1,4,3,1,closer_to_player1,10,"[0.5, 0.5046253202425177, 0.5029807173822153, 0.5638549262282676, 0.604468116322967, 0.030405061098457656, 0.025404532981819092, 0.0005345868089180723, 0.0007480571923050252, 0.0007545201866930558]"
sampleJointGoalAndRSASignal_fromStart,session_4_player2,4,3,2,closer_to_player1,13,"[0.5, 0.5034067003162711, 0.5056606736563466, 0.506491341623612, 0.5076725413349475, 0.5145523580406923, 0.4872121440105478, 0.030931369348929306, 0.03880769898979958, 0.03934374741002988, 0.000563884524756634, 0.00046878988105660793, 0.0003460896592859744]"
sampleJointGoalAndRSASignal_fromStart,session_4_player1,4,4,1,closer_to_player2,9,"[0.5, 0.5036621137288302, 0.9897010397407773, 0.9898733118702505, 0.9900081122531368, 0.9999357997740439, 0.9999992903370225, 0.9999999836356079, 0.9999999926220117]"
sampleJointGoalAndRSASignal_fromStart,session_4_player2,4,4,2,closer_to_player2,9,"[0.5, 0.9996678979842518, 0.9999997378016391, 0.9999997402058957, 0.9999997515549136, 0.9999999999257336, 0.9999999999999448, 0.9999999999999999, 1.0]"
sampleJointGoalAndRSASignal_fromStart,session_4_player1,4,7,1,closer_to_player2,15,"[0.5, 0.5034565445573281, 0.5057108350293907, 0.5065412860531192, 0.5068758045292124, 0.5052451731724489, 0.5660805798011062, 0.6066309747375042, 0.029255055921722114, 0.02423698023698352, 0.04766584393435585, 7.778173218640557e-31, 5.741623300456707e-31, 8.922660739432075e-60, 6.586451003793328e-60]"
sampleJointGoalAndRSASignal_fromStart,session_4_player2,4,7,2,closer_to_player2,15,"[0.5, 0.6226181213586941, 0.45200264549466196, 0.9082231619427781, 0.9999469286896805, 0.9999276314793423, 0.8798888567954395, 0.9743991534194248, 0.9831791947806776, 0.9999973744547264, 0.9999965089949535, 0.9999999997987788, 0.9999999999999635, 0.9999999999999817, 0.9999999999999909]"
sampleJointGoalAndRSASignal_fromStart,session_4_player1,4,8,1,closer_to_player1,6,"[0.5, 0.5046667614538028, 0.5071404631301845, 0.5017334271931103, 0.452598888160593, 0.6247608974592886]"
sampleJointGoalAndRSASignal_fromStart,session_4_player2,4,8,2,closer_to_player1,12,"[0.5, 0.49660083523910775, 0.4946333410708518, 0.4994216115406161, 0.6228883383155082, 0.9996807435371703, 0.9995642128481679, 0.9999999207466908, 0.9999999999578538, 0.9999999999789306, 0.9999999999894682, 0.99999999999477]"
sampleJointGoalAndRSASignal_fromStart,session_4_player1,4,9,1,equal_to_both,11,"[0.5, 0.9881893664523081, 0.9997752514773396, 0.9999935980174363, 0.9999997312524651, 0.9999999727224897, 0.9999999909984447, 0.9999999960788075, 0.9999999982817269, 0.9999999995040738, 0.9999999999820656]"
sampleJointGoalAndRSASignal_fromStart,session_4_player2,4,9,2,equal_to_both,11,"[0.5, 0.9894621534679738, 0.9895753398340873, 0.9896327055657185, 0.9893427029463387, 0.9817854518132415, 0.9999837135875805, 0.9999999716596463, 0.9999999999092223, 0.9999999999994996, 0.9999999999999956]"
sampleJointGoalAndRSASignal_fromStart,session_4_player1,4,10,1,equal_to_both,11,"[0.5, 0.9894522360352315, 0.999817435889124, 0.9999952263448925, 0.9999998134502913, 0.9999998733449463, 0.9999999111499032, 0.9999999349740363, 0.9999999984906447, 0.9999999992689265, 0.9999999996604194]"
sampleJointGoalAndRSASignal_fromStart,session_4_player2,4,10,2,equal_to_both,11,"[0.5, 0.9883644188101147, 0.9997811072211956, 0.9999938204518092, 0.99999974305267, 0.9999998621200249, 0.9999999915482612, 0.9999999961370821, 0.9999999981500063, 0.9999999991040697, 0.9999999995838488]"
sampleJointGoalAndRSASignal_fromStart,session_4_player1,4,11,1,closer_to_player2,12,"[0.5, 0.4947923953109699, 0.49330644741424395, 0.4921179150968243, 0.49523816198567067, 0.601067743772379, 0.42961103460411304, 0.2735099815965464, 0.15742335968087967, 1.0, 1.0, 1.0]"
sampleJointGoalAndRSASignal_fromStart,session_4_player2,4,11,2,closer_to_player2,6,"[0.5, 0.37738871046380806, 0.5480046530395332, 0.7080570420770755, 0.8291215897988488, 0.9072115785398377]"
sampleJointGoalAndRSASignal_fromStart,session_5_player1,5,0,1,closer_to_player1,10,"[0.5, 0.5011955283188713, 0.06979379987536169, 0.007576698061707408, 0.0075959122926265304, 0.007632045972963469, 0.007843635189341149, 0.009901241555258358, 0.010042186813259876, 0.01012813102582263]"
sampleJointGoalAndRSASignal_fromStart,session_5_player2,5,0,2,closer_to_player1,27,"[0.5, 0.5035278621503326, 0.5058066747485257, 0.11739883555868365, 0.021167652149266004, 0.021420264337393306, 0.021612186041166364, 0.021771578806018998, 0.022381573261671433, 0.02110819643728517, 0.0189624718114964, 0.026340110272307565, 0.026340110272307562, 0.026340110272307565, 0.026340110272307565, 0.026340110272307565, 0.026340110272307565, 0.026340110272307565, 0.02656179483378342, 4.332638776768068e-31, 4.370098274964545e-31, 4.370098274964545e-31, 4.138083644696739e-60, 3.054614213309492e-60, 4.746965353349361e-89, 7.375183906549519e-89, 7.375183906549519e-89]"
sampleJointGoalAndRSASignal_fromStart,session_5_player1,5,1,1,closer_to_player2,9,"[0.5, 0.5033927551728044, 0.5053354394053065, 0.5005321578236345, 0.9976064988900968, 0.9963305462152852, 0.9999938132410923, 0.9999999809700904, 0.9999999998996871]"
sampleJointGoalAndRSASignal_fromStart,session_5_player2,5,1,2,closer_to_player2,9,"[0.5, 0.999540207840111, 0.9999994938665243, 0.9999997206828586, 0.9999999995788311, 0.9999999999973738, 0.9999999999999892, 1.0, 1.0]"
sampleJointGoalAndRSASignal_fromStart,session_5_player1,5,2,1,closer_to_player1,9,"[0.5, 0.9996520656373818, 0.999664940089031, 0.9996778947481687, 0.9997937704264404, 0.9999999686035771, 0.999999999994628, 0.9999999999999966, 1.0]"
sampleJointGoalAndRSASignal_fromStart,session_5_player2,5,2,2,closer_to_player1,9,"[0.5, 0.9830615849338739, 0.9995161771863145, 0.999952824725581, 0.9999754843061154, 0.9999869664679816, 0.9999929585614931, 0.9999961559148441, 0.9999978963163871]"
sampleJointGoalAndRSASignal_fromStart,session_5_player1,5,3,1,equal_to_both,11,"[0.5, 0.5014710272261315, 0.5015850437104725, 0.9966570713518387, 0.9999792858734348, 0.9999795652133835, 0.9999806095274065, 0.999999909697948, 0.9999999489103153, 0.9999999990017719, 0.999999999995711]"
sampleJointGoalAndRSASignal_fromStart,session_5_player2,5,3,2,equal_to_both,11,"[0.5, 0.9894545404635652, 0.9895707022084624, 0.9896448918564299, 0.9896813600868426, 0.9894762380110209, 0.9999866377416715, 0.9999803172017521, 0.9999999766866174, 0.9999999999453361, 0.9999999999997651]"
sampleJointGoalAndRSASignal_fromStart,session_5_player1,5,4,1,closer_to_player2,9,"[0.5, 0.9832154423381405, 0.9995544887962823, 0.9999822114611076, 0.9999879738975698, 0.9999990480883608, 0.9999995275177559, 0.9999997618563924, 0.9999998789384094]"
sampleJointGoalAndRSASignal_fromStart,session_5_player2,5,4,2,closer_to_player2,9,"[0.5, 0.5031819560869437, 0.6086786327353523, 0.99995731079794, 0.9999999908980993, 0.9999999999945048, 0.9999999999999875, 0.9999999999999999, 1.0]"
sampleJointGoalAndRSASignal_fromStart,session_5_player1,5,5,1,closer_to_player1,11,"[0.5, 0.4163625609478298, 0.5238141301709227, 0.3548023881980101, 0.8341848161229934, 0.8746636736607563, 0.7771992913886843, 0.999997986776369, 0.9999976506240809, 0.9999972022460307, 1.0]"
sampleJointGoalAndRSASignal_fromStart,session_5_player2,5,5,2,closer_to_player1,11,"[0.5, 0.5044483642990946, 0.5026973394280589, 0.5091558726676478, 0.522351756907991, 0.525557270761742, 0.04770144336213651, 0.04828864542672889, 0.048569328945323766, 0.04868590370043733, 0.04872718139180361]"
sampleJointGoalAndRSASignal_fromStart,session_5_player1,5,6,1,closer_to_player2,9,"[0.5, 0.9831876687996347, 0.9840623695353573, 0.98465416993082, 0.9850216109257557, 0.9999058046850311, 0.9999986425769719, 0.9999993329474247, 0.9999996708669924]"
sampleJointGoalAndRSASignal_fromStart,session_5_player2,5,6,2,closer_to_player2,9,"[0.5, 0.49916907621959744, 0.9998680433134546, 0.9999999545830855, 0.9999999556858158, 0.999999973027358, 0.9999999999955066, 0.9999999999999919, 1.0]"
sampleJointGoalAndRSASignal_fromStart,session_5_player1,5,7,1,equal_to_both,14,"[0.5, 0.017199982574313485, 0.016782089588146115, 0.7315981134111799, 0.7315987789691132, 0.7315987225767782, 0.9987653378687382, 0.9999923742694582, 0.9999999193660766, 0.9999999210385223, 0.9999999253093615, 0.9999999994979528, 0.9999999999936825, 0.9999999999963217]"
sampleJointGoalAndRSASignal_fromStart,session_5_player2,5,7,2,equal_to_both,14,"[0.5, 0.9827981835505919, 0.9995348038268135, 0.9999820743891086, 0.999999042599086, 0.9999999296011141, 0.9999469734574999, 0.9999536552947318, 0.9999974843097432, 0.9999983458219639, 0.9999988491162515, 0.9999991421386306, 0.9999999699523602, 0.9999999868358013]"
sampleJointGoalAndRSASignal_fromStart,session_5_player1,5,11,1,equal_to_both,12,"[0.5, 0.9822873210332114, 0.9995223660085617, 0.9995606004506505, 0.9999884187613793, 0.9999890883893923, 0.9999997158764269, 0.9999999892365078, 0.9999999899164338, 0.9999999996161423, 0.9999999999734397, 0.9999999999883983]"
sampleJointGoalAndRSASignal_fromStart,session_5_player2,5,11,2,equal_to_both,12,"[0.5, 0.500003677105463, 0.9894680942322351, 0.9998180116103529, 0.9998221944352744, 0.9999969617769809, 0.9999999206552201, 0.9999999969309447, 0.9999999978753782, 0.9999999998752396, 0.9999999999468838, 0.9999999999847002]"
sampleJointGoalAndRSASignal_fromStart,session_6_player1,6,0,1,closer_to_player1,9,"[0.5, 0.9995412618680007, 0.9997344848186135, 0.9999998412571032, 0.9999999997641427, 0.9999999999980567, 0.9999999999999909, 1.0, 1.0]"
sampleJointGoalAndRSASignal_fromStart,session_6_player2,6,0,2,closer_to_player1,9,"[0.5, 0.5034031553258641, 0.9897023419459712, 0.9898637638012187, 0.9998936812349344, 0.9999982035171959, 0.99999825044106, 0.9999979455471343, 0.999999989103451]"
sampleJointGoalAndRSASignal_fromStart,session_6_player1,6,1,1,closer_to_player1,9,"[0.5, 0.5031835067600295, 0.9998315154014126, 0.9999999228191808, 0.9999999999142348, 0.9999999999635726, 0.9999999999998911, 0.9999999999999998, 1.0]"
sampleJointGoalAndRSASignal_fromStart,session_6_player2,6,1,2,closer_to_player1,9,"[0.5, 0.9832163562164088, 0.9995552575887142, 0.9999827585878799, 0.9999880982801649, 0.9999913927690006, 0.9999996914300506, 0.9999998514758072, 0.9999999276432134]"
sampleJointGoalAndRSASignal_fromStart,session_6_player1,6,2,1,equal_to_both,12,"[0.5, 0.9828668831593222, 0.9995382576209213, 0.9995586018856357, 0.9999884734062495, 0.9999995625337984, 0.9999995959403479, 0.9999996172176531, 0.999999629947366, 0.9999996377622582, 0.9999995935402709, 0.999999998253574]"
sampleJointGoalAndRSASignal_fromStart,session_6_player2,6,2,2,equal_to_both,12,"[0.5, 0.9811855241940339, 0.9833855855466216, 0.9837999365247961, 0.9839321004608786, 0.9998991573040785, 0.9999989324184837, 0.9999989709360781, 0.999999040509126, 0.9999994571540343, 0.9999999968574925, 0.9999999999578326]"
sampleJointGoalAndRSASignal_fromStart,session_6_player1,6,4,1,closer_to_player2,11,"[0.5, 0.5045062884870275, 0.14788359449892757, 0.14862339804958594, 0.1525055624239363, 0.15597540001040228, 0.16246324135112453, 0.167091316763652, 0.170237648751463, 0.17226377209202398, 0.17349474652978183]"
sampleJointGoalAndRSASignal_fromStart,session_6_player2,6,4,2,closer_to_player2,11,"[0.5, 0.8801418176569376, 0.8371262886723139, 0.7859663089135933, 0.7309165326516553, 0.7895036053760418, 0.9999901817863357, 0.9999875590365097, 0.9999999998056132, 0.9999999998328866, 0.9999999998605533]"
sampleJointGoalAndRSASignal_fromStart,session_6_player1,6,6,1,equal_to_both,11,"[0.5, 0.49999947259015876, 0.5000007684093891, 0.9966410605210024, 0.9966562012864557, 0.9999887102258603, 0.999999930382782, 0.9999999317886711, 0.9999999352729143, 0.9999999562985689, 0.999999999927548]"
sampleJointGoalAndRSASignal_fromStart,session_6_player2,6,6,2,equal_to_both,11,"[0.5, 0.988364413868797, 0.9997811070429634, 0.9998149549572616, 0.9999967841935175, 0.9999999129006009, 0.9999999946609982, 0.9999999975597778, 0.9999999988313509, 0.999999999434037, 0.9999999997371154]"
sampleJointGoalAndRSASignal_fromStart,session_6_player1,6,7,1,closer_to_player2,13,"[0.5, 0.5034561414917134, 0.5057101107677237, 0.5075748242785336, 0.09207564930850957, 0.09235383505550396, 0.01016036597375202, 0.010209781277326978, 0.010084480594106066, 0.0065900315668034155, 0.013096451856297755, 0.025861889989916818, 0.050779742724036375]"
sampleJointGoalAndRSASignal_fromStart,session_6_player2,6,7,2,closer_to_player2,13,"[0.5, 0.4999262909847123, 0.5015709853068724, 0.9352399302032627, 0.9931233645314251, 0.9958206071237974, 0.9916750872251994, 0.9834842761526706, 0.9674957597005869, 0.999999766060281, 0.9999999999963447, 0.9999999999968576, 1.0]"
sampleJointGoalAndRSASignal_fromStart,session_6_player1,6,8,1,equal_to_both,10,"[0.5, 0.9938486648523519, 0.9999345463921231, 0.9999356105941061, 0.9999362704624147, 0.9999996069979491, 0.9999999958170755, 0.9999999999029077, 0.9999999999529722, 0.9999999999781558]"
sampleJointGoalAndRSASignal_fromStart,session_6_player2,6,8,2,equal_to_both,10,"[0.5, 0.4999635730835617, 0.9966366959588965, 0.9966535917915831, 0.9966663030762452, 0.9999942266394165, 0.9999999800651985, 0.9999999810835618, 0.9999999999240078, 0.9999999999993503]"
sampleJointGoalAndRSASignal_fromStart,session_6_player1,6,9,1,closer_to_player1,9,"[0.5, 0.9995282902488225, 0.9997358379263077, 0.9999996015836371, 0.9999999995641992, 0.9999999999988799, 0.999999999999996, 1.0, 1.0]"
sampleJointGoalAndRSASignal_fromStart,session_6_player2,6,9,2,closer_to_player1,9,"[0.5, 0.9832215599984557, 0.9836228146356942, 0.9997168251228274, 0.9999926276793485, 0.9999929572067602, 0.9999931406321935, 0.9999919438021415, 0.9999999571897292]"
sampleJointGoalAndRSASignal_fromStart,session_6_player1,6,11,1,closer_to_player2,9,"[0.5, 0.5246357392992913, 0.5169960649895237, 0.5176306114138753, 0.5188250690210641, 0.5257015305368489, 0.5836879331935994, 0.5871530431456401, 0.589238259977476]"
sampleJointGoalAndRSASignal_fromStart,session_6_player2,6,11,2,closer_to_player2,9,"[0.5, 0.3333533716719035, 0.998950751788462, 0.9999994750285673, 0.9999999992911704, 0.9999999996456247, 0.9999999998228489, 0.9999999999114513, 0.999999999956056]"
sampleJointGoalAndRSASignal_fromStart,session_7_player1,7,0,1,equal_to_both,12,"[0.5, 0.9829793381277376, 0.983251285346578, 0.9834317455789875, 0.9998218628363065, 0.999996964634608, 0.9999970432189045, 0.9999999495164147, 0.9999999986689893, 0.9999999990078648, 0.9999999992206544, 0.9999999999804765]"
sampleJointGoalAndRSASignal_fromStart,session_7_player2,7,0,2,equal_to_both,12,"[0.5, 0.5001368753073085, 0.9893305671510015, 0.9895438670193472, 0.9998880657475817, 0.9998899574370919, 0.9998913515724968, 0.9998952966873025, 0.9999094545930439, 0.9999998498541145, 0.9999999994955497, 0.999999999996849]"
sampleJointGoalAndRSASignal_fromStart,session_7_player1,7,2,1,equal_to_both,11,"[0.5, 0.9888741804439051, 0.9885745032585112, 0.9886240906650747, 0.9999291239952218, 0.9999992517901379, 0.9999999872529677, 0.9999999876867864, 0.9999999878988507, 0.9999999998900239, 0.9999999999981231]"
sampleJointGoalAndRSASignal_fromStart,session_7_player2,7,2,2,equal_to_both,11,"[0.5, 0.5001443218454563, 0.5001829765442242, 0.9966384476446909, 0.9966646967855195, 0.9968044752929957, 0.9999924048190036, 0.9999999641269965, 0.9999999995750194, 0.9999999998781446, 0.9999999999982185]"
sampleJointGoalAndRSASignal_fromStart,session_7_player1,7,3,1,closer_to_player2,9,"[0.5, 0.9831531117020069, 0.9995539907276243, 0.9999830703492176, 0.9999990655814723, 0.9999998633431695, 0.9999999356541983, 0.9999999689034013, 0.9999999846274682]"
sampleJointGoalAndRSASignal_fromStart,session_7_player2,7,3,2,closer_to_player2,8,"[0.5, 0.9997858970451086, 0.9999998680573321, 0.999999999645951, 0.9999999999993229, 0.9999999999999981, 1.0, 1.0]"
sampleJointGoalAndRSASignal_fromStart,session_7_player1,7,5,1,closer_to_player1,9,"[0.5, 0.9996544312362834, 0.9999997176528218, 0.9999997331272139, 0.9999999997034444, 0.9999999999989475, 0.9999999999997037, 0.9999999999999988, 1.0]"
sampleJointGoalAndRSASignal_fromStart,session_7_player2,7,5,2,closer_to_player1,9,"[0.5, 0.9832163561976902, 0.9995552575861858, 0.9999827585874688, 0.9999985205706662, 0.9999993126479805, 0.9999996743388712, 0.9999998432492923, 0.9999999236354855]"
sampleJointGoalAndRSASignal_fromStart,session_7_player1,7,7,1,closer_to_player2,9,"[0.5, 0.5025127430925913, 0.503990565103119, 0.5060007295057233, 0.49787199095002627, 0.5075853144392621, 0.6300301266874219, 0.49907031913707195, 0.3331178476945723]"
sampleJointGoalAndRSASignal_fromStart,session_7_player2,7,7,2,closer_to_player2,9,"[0.5, 0.9995099135068803, 0.9995130812198122, 0.9995166919679601, 0.9999999354578166, 0.9999999521911918, 0.9999999999913366, 0.9999999999957322, 0.999999999998572]"
sampleJointGoalAndRSASignal_fromStart,session_7_player1,7,8,1,equal_to_both,9,"[0.5, 0.5009919335055788, 0.5093323488017285, 0.9989454444214299, 0.9994120555577843, 0.999997795331976, 0.9999999942811274, 0.9999999999829586, 0.9999999999998894]"
sampleJointGoalAndRSASignal_fromStart,session_7_player2,7,8,2,equal_to_both,9,"[0.5, 0.4991591675313257, 0.49071491271550693, 0.3570080196029807, 0.9996938607250354, 0.9999998779871676, 0.999999999895953, 0.999999999999825, 0.9999999999999994]"
sampleJointGoalAndRSASignal_fromStart,session_7_player1,7,9,1,closer_to_player1,9,"[0.5, 0.4166768026178107, 0.345666395598174, 0.4218388019233606, 0.26723916897391387, 0.9999809073076953, 0.9999999997016822, 0.9999999999999839, 0.9999999999999921]"
sampleJointGoalAndRSASignal_fromStart,session_7_player2,7,9,2,closer_to_player1,9,"[0.5, 0.5034544985064826, 0.5057081971370334, 0.5065387618224877, 0.5077199970164675, 0.5145998997303337, 0.5728350473821185, 0.5763246906539176, 0.5784253285321787]"
sampleJointGoalAndRSASignal_fromStart,session_7_player1,7,10,1,closer_to_player2,11,"[0.5, 0.16489815893283202, 0.16825803156352342, 0.1724440604742199, 0.1692258015294812, 0.17508296410834276, 0.1785867634435407, 0.18047908012416766, 0.18138168758247927, 0.18175613861946535, 0.18188866708587811]"
sampleJointGoalAndRSASignal_fromStart,session_7_player2,7,10,2,closer_to_player2,11,"[0.5, 0.5168064981397182, 0.5232689189730572, 0.43910125380423226, 0.5470730676315818, 0.9998722960693336, 0.9998299468576529, 0.9999999901794816, 0.9999999999982094, 0.999999999999105, 0.9999999999995556]"
sampleJointGoalAndRSASignal_fromStart,session_7_player1,7,11,1,closer_to_player1,8,"[0.5, 0.37382139588265456, 0.5441203889419801, 0.7047565540192704, 0.8268406209266433, 0.9058486301284984, 1.0431203921205461e-28, 2.101781860921357e-28]"
sampleJointGoalAndRSASignal_fromStart,session_7_player2,7,11,2,closer_to_player1,9,"[0.5, 0.5034386489902214, 0.5059022359792015, 0.5071273393183697, 0.5116957667972521, 0.5141007239014332, 0.5082761890040618, 0.4600271406498876, 0.6319096520752577]"
sampleJointGoalAndRSASignal_fromStart,session_8_player1,8,0,1,equal_to_both,12,"[0.5, 0.9829793381277376, 0.999544962715322, 0.9995600222950703, 0.9995700501921498, 0.9995767192437771, 0.9995820449895534, 0.9995972148701951, 0.9996516650120253, 0.9999994222287805, 0.9999999980588413, 0.9999999999878745]"
sampleJointGoalAndRSASignal_fromStart,session_8_player2,8,0,2,equal_to_both,12,"[0.5, 0.5001368753073085, 0.9893305671510015, 0.9895438670193472, 0.9998880657475817, 0.9999980887635199, 0.9999999501519551, 0.9999999529152132, 0.9999999547032484, 0.9999999991896232, 0.9999999993634409, 0.9999999999840535]"
sampleJointGoalAndRSASignal_fromStart,session_8_player1,8,1,1,closer_to_player1,9,"[0.5, 0.9477945063608063, 0.947296517259383, 0.948367252836537, 0.957209209995509, 0.9999996860561199, 0.9999996336361296, 0.9999999999988849, 0.9999999999990635]"
sampleJointGoalAndRSASignal_fromStart,session_8_player2,8,1,2,closer_to_player1,9,"[0.5, 0.5034548848790169, 0.5057049513591866, 0.5075200543557399, 0.5029774303153656, 0.5092498043028417, 0.4847090639505964, 0.5584457289858641, 0.5586653915431024]"
sampleJointGoalAndRSASignal_fromStart,session_8_player1,8,2,1,closer_to_player2,9,"[0.5, 0.5045070391152817, 0.5120946912356876, 0.5123973821709695, 0.5061120560597081, 0.49114733825049356, 0.46386239948315705, 0.5476987214353296, 0.5498304275294406]"
sampleJointGoalAndRSASignal_fromStart,session_8_player2,8,2,2,closer_to_player2,6,"[0.5, 0.5016195744912931, 0.5087679328682188, 0.48124467040812885, 0.564917093294619, 0.5670318841084182]"
sampleJointGoalAndRSASignal_fromStart,session_8_player1,8,3,1,closer_to_player2,9,"[0.5, 0.9831905855564412, 0.9995557738311588, 0.9999832028052411, 0.9999840804728479, 0.9999845706904721, 0.9999996855543266, 0.9999996384916867, 0.9999999952223246]"
sampleJointGoalAndRSASignal_fromStart,session_8_player2,8,3,2,closer_to_player2,9,"[0.5, 0.9985654714492533, 0.9999984515858903, 0.9999999961808088, 0.9999999999868835, 0.9999999999999197, 0.9999999999999991, 1.0, 1.0]"
sampleJointGoalAndRSASignal_fromStart,session_8_player1,8,5,1,equal_to_both,12,"[0.5, 0.9813699798709308, 0.9828277692831022, 0.9831498501159418, 0.9998185454686498, 0.9999969009135563, 0.9999970491027692, 0.9999971404076923, 0.9999999695635832, 0.9999999763962095, 0.9999999808229882, 0.9999999890933354]"
sampleJointGoalAndRSASignal_fromStart,session_8_player2,8,5,2,equal_to_both,12,"[0.5, 0.9813699699426862, 0.982827779035265, 0.9831498634895027, 0.983277026385866, 0.9998952033933374, 0.9998962817415411, 0.999999360368921, 0.9999993732883328, 0.9999994053009398, 0.9999999976109389, 0.999999998641254]"
sampleJointGoalAndRSASignal_fromStart,session_8_player1,8,6,1,closer_to_player2,9,"[0.5, 0.9289033622141996, 0.9945371628258783, 0.9971479443254655, 0.9984949195327818, 0.999200638849378, 0.9995743050558975, 0.9997735921476226, 0.9998801900389468]"
sampleJointGoalAndRSASignal_fromStart,session_8_player2,8,6,2,closer_to_player2,9,"[0.5, 0.9996545115679856, 0.9996648483495224, 0.9996726183550186, 0.9999999563078295, 0.9999999999768114, 0.9999999999886934, 0.9999999999965963, 0.9999999999999991]"
sampleJointGoalAndRSASignal_fromStart,session_8_player1,8,8,1,closer_to_player1,9,"[0.5, 0.49533323854619715, 0.4928595368698156, 0.49826657280688985, 0.4559842996833385, 0.5285141711405985, 1.0, 1.0, 1.0]"
sampleJointGoalAndRSASignal_fromStart,session_8_player2,8,8,2,closer_to_player1,9,"[0.5, 0.5035279324463005, 0.5058031632813352, 0.5076305382937136, 0.5030833064495236, 0.5093558336935194, 0.5585295790476906, 0.5591508196400036, 0.5593704082644415]"
sampleJointGoalAndRSASignal_fromStart,session_8_player1,8,9,1,closer_to_player1,9,"[0.5, 0.9995403215823373, 0.9999994944794535, 0.9999999987977146, 0.9999999999942393, 0.9999999999976054, 0.9999999999999757, 0.9999999999999997, 1.0]"
sampleJointGoalAndRSASignal_fromStart,session_8_player2,8,9,2,closer_to_player1,9,"[0.5, 0.5034387414006098, 0.5054187940384802, 0.9941503968658749, 0.9999389055785153, 0.9999989677253281, 0.9999999728681214, 0.999999977657465, 0.9999999993070393]"
sampleJointGoalAndRSASignal_fromStart,session_8_player1,8,10,1,equal_to_both,6,"[0.5, 0.9988988708275528, 0.9999990193857143, 0.9999999986317454, 0.9999999999960163, 0.9999999999999755]"
sampleJointGoalAndRSASignal_fromStart,session_8_player2,8,10,2,equal_to_both,6,"[0.5, 0.9997558611795306, 0.9999999003482662, 0.9999999999150103, 0.9999999999998572, 0.9999999999999996]"
sampleJointGoalAndRSASignal_fromStart,session_9_player1,9,0,1,equal_to_both,10,"[0.5, 0.49999992067225313, 0.5000003546189107, 0.9983014232283863, 0.9999942152499747, 0.999994425293726, 0.9999999806310714, 0.9999999848635841, 0.9999999999491457, 0.9999999999996824]"
sampleJointGoalAndRSASignal_fromStart,session_9_player2,9,0,2,equal_to_both,10,"[0.5, 0.500001162593603, 0.5000020350562093, 0.9983014246875556, 0.9983324303355936, 0.99843991529644, 0.9999988389614192, 0.9999999980748929, 0.9999999999935321, 0.9999999999999596]"
sampleJointGoalAndRSASignal_fromStart,session_9_player1,9,1,1,equal_to_both,11,"[0.5, 0.4999577656075646, 0.9938419344037912, 0.9938889791580613, 0.9999621107910598, 0.9999996000979415, 0.9999996124720181, 0.9999999958753091, 0.9999999999042589, 0.9999999999536271, 0.99999999997846]"
sampleJointGoalAndRSASignal_fromStart,session_9_player2,9,1,2,equal_to_both,11,"[0.5, 0.4999462834015237, 0.993841727940562, 0.993888704123069, 0.9939162965115939, 0.9939392021512361, 0.9999894751108529, 0.9999999636588327, 0.9999999655151507, 0.9999999767170548, 0.9999999999613995]"
sampleJointGoalAndRSASignal_fromStart,session_9_player1,9,2,1,closer_to_player2,9,"[0.5, 0.5014646728982868, 0.5090526350082186, 0.5156984297699126, 0.5277924033171609, 0.5361652727650484, 0.5417410647289173, 0.5452830860363296, 0.5474167692880145]"
sampleJointGoalAndRSASignal_fromStart,session_9_player2,9,2,2,closer_to_player2,9,"[0.5, 0.5031672337652465, 0.6086517336899132, 0.9999013361066146, 0.9998688176320468, 0.9999999924376963, 0.999999999998626, 0.9999999999993132, 0.9999999999996592]"
sampleJointGoalAndRSASignal_fromStart,session_9_player1,9,5,1,closer_to_player1,9,"[0.5, 0.9996542430289858, 0.9999997236684937, 0.9999997299724306, 0.9999999997816748, 0.9999999998363335, 0.9999999999998188, 0.9999999999999123, 0.9999999999999746]"
sampleJointGoalAndRSASignal_fromStart,session_9_player2,9,5,2,closer_to_player1,9,"[0.5, 0.5274177859672082, 0.9902420046089383, 0.9931328924194264, 0.9950349233361846, 0.9962858494692113, 0.9970651013039086, 0.9974665632488364, 0.9999979363543787]"
sampleJointGoalAndRSASignal_fromStart,session_9_player1,9,6,1,closer_to_player1,9,"[0.5, 0.5031224077322323, 0.999831488241279, 0.9999999228157872, 0.9999999560312522, 0.9999999999735476, 0.9999999999999211, 0.9999999999999998, 1.0]"
sampleJointGoalAndRSASignal_fromStart,session_9_player2,9,6,2,closer_to_player1,9,"[0.5, 0.9831393486646561, 0.9836305990768943, 0.983899982640076, 0.9998275062612935, 0.9998315457493443, 0.9999982238305684, 0.9999984895504365, 0.999999984029238]"
sampleJointGoalAndRSASignal_fromStart,session_9_player1,9,7,1,closer_to_player2,12,"[0.5, 0.49614259717210674, 0.49367898444008146, 0.49245380300327846, 0.4878855255289474, 0.4895155592236252, 0.4287776540259207, 0.47663921738453735, 0.31127817415769443, 1.0, 1.0, 1.0]"
sampleJointGoalAndRSASignal_fromStart,session_9_player2,9,7,2,closer_to_player2,12,"[0.5, 0.48468491001820035, 0.0434561662060602, 0.044660520501628914, 0.055870243719317064, 0.056629918122351464, 0.0008263403385435275, 2.6409350251888488e-05, 2.5800531872862915e-05, 3.0498755023765912e-05, 4.738399385768768e-05, 4.738399385768767e-05]"
sampleJointGoalAndRSASignal_fromStart,session_9_player1,9,9,1,equal_to_both,11,"[0.5, 0.5000180341835289, 0.9938414618963045, 0.9938904068900292, 0.9999620758134978, 0.9999625563113589, 0.9999639160161488, 0.9999998746248046, 0.9999999020219461, 0.9999999996708198, 0.9999999999979438]"
sampleJointGoalAndRSASignal_fromStart,session_9_player2,9,9,2,equal_to_both,11,"[0.5, 0.9894602933839759, 0.9998177639763551, 0.9998219188055939, 0.9998246818162849, 0.9998268882352536, 0.9998331728970015, 0.9999994202776931, 0.9999999961032856, 0.999999999950965, 0.9999999999987715]"
sampleJointGoalAndRSASignal_fromStart,session_9_player1,9,10,1,closer_to_player1,13,"[0.5, 0.49533323854916655, 0.4970341040414214, 0.9320421502457225, 0.9324718394408857, 0.950383476048395, 0.9972751870039904, 0.9999995784787412, 0.999999438651334, 0.9999992870870398, 0.9999991680499386, 0.9999990092719486, 1.0]"
sampleJointGoalAndRSASignal_fromStart,session_9_player2,9,10,2,closer_to_player1,13,"[0.5, 0.49667613566728874, 0.498251374055041, 0.49912039011678616, 0.49948635186654605, 0.07141540984599459, 0.07266265180569492, 0.07220577611877371, 0.09064239379639243, 0.07565334112758142, 0.0043907553958298096, 0.005198011040881423, 0.0038918627598665792]"
sampleJointGoalAndRSASignal_fromStart,session_9_player1,9,11,1,closer_to_player2,9,"[0.5, 0.5473320244557496, 0.45035295277547027, 0.5903482167769285, 0.4270427632830636, 0.27494970875110814, 0.16001889013324372, 0.9928140273994925, 0.9897125299087709]"
sampleJointGoalAndRSASignal_fromStart,session_9_player2,9,11,2,closer_to_player2,9,"[0.5, 0.9996537445544323, 0.9996639676735901, 0.9996716236388963, 0.9996788009889589, 0.9999999820479246, 0.9999999908408733, 0.9999999999992722, 0.9999999999999998]"
sampleJointGoalAndRSASignal_fromStart,session_10_player1,10,3,1,closer_to_player1,9,"[0.5, 0.9996520663086502, 0.9999997043010268, 0.9999999988342564, 0.9999999993796749, 0.9999999996811872, 0.9999999999004752, 0.9999999999999097, 0.9999999999999999]"
sampleJointGoalAndRSASignal_fromStart,session_10_player2,10,3,2,closer_to_player1,9,"[0.5, 0.9830615830891004, 0.9840012963971488, 0.9997045148870353, 0.9999808533096559, 0.9999898208711652, 0.9999945006751815, 0.9999969977922073, 0.9999983570358485]"
sampleJointGoalAndRSASignal_fromStart,session_10_player1,10,4,1,closer_to_player1,10,"[0.5, 0.49268011331423556, 0.4880544385503472, 0.4897000266940079, 0.5699026061140874, 0.999972209255984, 0.9999999983981055, 0.9999999999997089, 0.9999999999998546, 0.9999999999999278]"
sampleJointGoalAndRSASignal_fromStart,session_10_player2,10,4,2,closer_to_player1,9,"[0.5, 0.5034379190182381, 0.5054179253174262, 0.5007325808859232, 0.583981753822327, 0.47755939723145985, 0.6464638578262063, 0.7853262670988044, 0.8805468799430247]"
sampleJointGoalAndRSASignal_fromStart,session_10_player1,10,5,1,equal_to_both,11,"[0.5, 0.9893313189785609, 0.9895327189189509, 0.9896122208640753, 0.9896589205205703, 0.999964838889592, 0.9999651276955774, 0.9999998795872352, 0.9999999992288865, 0.9999999999899036, 0.9999999999953103]"
sampleJointGoalAndRSASignal_fromStart,session_10_player2,10,5,2,equal_to_both,11,"[0.5, 0.4999462834028669, 0.49994487552020883, 0.4999450971706425, 0.49993716327858456, 0.49983714950542757, 0.4989757659295971, 0.9998929503847114, 0.999999968010993, 0.9999999999762442, 0.9999999999999606]"
sampleJointGoalAndRSASignal_fromStart,session_10_player1,10,6,1,closer_to_player2,9,"[0.5, 0.5029060706237057, 0.5056602409400515, 0.512111436679005, 0.5252955796989559, 0.52849793991773, 0.5300153997781102, 0.5306430396715235, 0.5308649145092806]"
sampleJointGoalAndRSASignal_fromStart,session_10_player2,10,6,2,closer_to_player2,9,"[0.5, 0.6236410145034649, 0.9996817904651512, 0.9995656628045496, 0.9994216866012942, 0.9999999665889312, 0.9999999736921141, 0.9999999774563127, 0.9999999999996533]"
sampleJointGoalAndRSASignal_fromStart,session_10_player1,10,7,1,equal_to_both,12,"[0.5, 0.9827983842544424, 0.9832194077739325, 0.9834105550597767, 0.999821612358061, 0.9999969599624903, 0.9999999208722395, 0.999999925066323, 0.9999999980243464, 0.9999999998844147, 0.9999999999478929, 0.9999999999771713]"
sampleJointGoalAndRSASignal_fromStart,session_10_player2,10,7,2,equal_to_both,12,"[0.5, 0.9827981835505919, 0.9995348038268135, 0.9995579054193391, 0.9999884495773791, 0.9999995614791485, 0.999999595248316, 0.9999999843696779, 0.9999999891253091, 0.9999999918940775, 0.9999999997160804, 0.9999999998756117]"
sampleJointGoalAndRSASignal_fromStart,session_10_player1,10,9,1,closer_to_player2,9,"[0.5, 0.9831363607151631, 0.9836298147473997, 0.9838996816668298, 0.9998273150703662, 0.9999969789187965, 0.9999976983812309, 0.9999999384708731, 0.9999999687213544]"
sampleJointGoalAndRSASignal_fromStart,session_10_player2,10,9,2,closer_to_player2,9,"[0.5, 0.9996549378600665, 0.9999997185656252, 0.9999999994920099, 0.999999999996654, 0.9999999999983561, 0.9999999999995156, 0.9999999999999978, 1.0]"
sampleJointGoalAndRSASignal_fromStart,session_10_player1,10,10,1,closer_to_player2,19,"[0.5, 0.5029068860895495, 0.5056609195472852, 0.512111984257005, 0.5252959611564345, 0.5284983320772196, 0.5300157924352771, 0.025103208900446972, 0.02510320890044697, 0.037097151340183245, 0.03718726718127823, 0.03721917736527546, 1.6476387858112819e-31, 1.6476387858112819e-31, 3.647724401179367e-31, 1.5546931545744852e-60, 1.5546931545744852e-60, 1.5546931545744852e-60, 1.0785131272605239e-60]"
sampleJointGoalAndRSASignal_fromStart,session_10_player2,10,10,2,closer_to_player2,9,"[0.5, 0.5194056257357683, 0.5344875270365032, 0.5895687980999792, 0.5933394305412506, 0.5935587543243005, 6.224730244974469e-30, 6.224730244974469e-30, 1.3780976777350946e-29]"
sampleJointGoalAndRSASignal_fromStart,session_10_player1,10,11,1,closer_to_player1,9,"[0.5, 0.9984861746090565, 0.9979167371239942, 0.9999989576390907, 0.9999992356584494, 0.9999994251717212, 0.9999999998955552, 0.9999999999477934, 0.9999999999740918]"
sampleJointGoalAndRSASignal_fromStart,session_10_player2,10,11,2,closer_to_player1,9,"[0.5, 0.5034887969342521, 0.5051380181878281, 0.5059682112378391, 0.5071497852741333, 0.5140330970191181, 0.4866840798981088, 0.4407521655713994, 0.5504835978475151]"
sampleJointGoalAndRSASignal_fromStart,session_11_player1,11,0,1,closer_to_player1,9,"[0.5, 0.9995393756275484, 0.9999994747419635, 0.9999999975424417, 0.9999999992696373, 0.9999999999965664, 0.9999999999999901, 1.0, 1.0]"
sampleJointGoalAndRSASignal_fromStart,session_11_player2,11,0,2,closer_to_player1,9,"[0.5, 0.983155570281135, 0.9835540329040476, 0.9997155396374257, 0.9997228323277324, 0.9999953105056674, 0.9999954319190738, 0.9999946341463687, 0.9999999712783897]"
sampleJointGoalAndRSASignal_fromStart,session_11_player1,11,1,1,closer_to_player2,9,"[0.5, 0.5034053423527471, 0.9896915338576262, 0.9898608691514186, 0.9899630649750656, 0.999938090876462, 0.9999387216839256, 0.9999268672951388, 0.9999998769688098]"
sampleJointGoalAndRSASignal_fromStart,session_11_player2,11,1,2,closer_to_player2,9,"[0.5, 0.9996544312361457, 0.9999997176528216, 0.9999999994921097, 0.9999999996458387, 0.9999999998495759, 0.9999999999995504, 0.999999999999999, 1.0]"
sampleJointGoalAndRSASignal_fromStart,session_11_player1,11,2,1,closer_to_player1,9,"[0.5, 0.9996549593566612, 0.9999997188925751, 0.9999999995066143, 0.9999999999982502, 0.9999999999999808, 0.9999999999999909, 0.9999999999999973, 1.0]"
sampleJointGoalAndRSASignal_fromStart,session_11_player2,11,2,2,closer_to_player1,9,"[0.5, 0.983213320708624, 0.9995548400728606, 0.9995818703538647, 0.9995989293123039, 0.9999930357984219, 0.9999996828445175, 0.9999998444523092, 0.9999999235598988]"
sampleJointGoalAndRSASignal_fromStart,session_11_player1,11,5,1,equal_to_both,9,"[0.5, 0.99663630301967, 0.9999791485129466, 0.9999798255478837, 0.9999998737360885, 0.9999999064110713, 0.9999999296699587, 0.9999999657920983, 0.9999999998869024]"
sampleJointGoalAndRSASignal_fromStart,session_11_player2,11,5,2,equal_to_both,9,"[0.5, 0.49998492556888213, 0.49973494538007157, 0.49370587178218217, 0.37357974535086613, 0.9998570934247704, 0.9999999673053032, 0.9999999999821065, 0.9999999999999788]"
sampleJointGoalAndRSASignal_fromStart,session_11_player1,11,6,1,closer_to_player1,12,"[0.5, 0.4952868401238502, 0.5015662564118958, 0.04689394283312719, 0.003667798406949504, 0.003672996506556666, 0.0002844148460439874, 0.00028481929692678986, 0.00028765104268405533, 0.0002945372064883509, 0.00024828594990266884, 0.00018566489927037327]"
sampleJointGoalAndRSASignal_fromStart,session_11_player2,11,6,2,closer_to_player1,27,"[0.5, 0.5033991647734822, 0.5058729101541082, 0.5073396519203734, 0.09409023958651494, 0.09450625513136694, 0.010595577893351228, 0.0013847316622951384, 0.001397374956972021, 0.0014022347471190364, 0.0014086810840200092, 0.001379432073421926, 0.0013499562042307435, 0.0015990482537907515, 0.0023999023451696955, 2.2541010923740423e-32, 2.256110095443832e-32, 9.615772265149424e-62, 9.615772265149424e-62, 6.670604961829824e-62, 1.933443960176248e-90, 4.280459788008633e-90, 4.010760451072649e-119, 4.014335104439198e-119, 1.7109507305621276e-148, 1.7109507305621276e-148, 3.787881082815338e-148]"
sampleJointGoalAndRSASignal_fromStart,session_11_player1,11,7,1,closer_to_player2,44,"[0.5, 0.16536576969006772, 0.1681507668340616, 0.17006464466267515, 0.17134124969116885, 0.02601859619058297, 0.026186017742623458, 0.026270871008726642, 0.026392033710584253, 0.002019398760313928, 0.002022097692418294, 0.002008975906210091, 0.00014024449048267494, 9.132940558114729e-05, 0.0001826799613331429, 0.0003654031766735146, 0.000736029194771719, 4.974964869199696e-37, 1.4972859952237748e-42, 4.9749641929261065e-37, 3.2256943657315627e-32, 3.495151500086399e-61, 7.042871706228848e-61, 7.631195277038939e-90, 5.3138057141910425e-95, 9.915816468116467e-91, 1.9980771433149384e-90, 2.1649857466151265e-119, 4.362533886970993e-119, 6.779513005428593e-148, 5.004441112783721e-148, 7.777056749139783e-177, 1.2082925551379789e-176, 1.2082925551379789e-176, 1.9185606137142393e-205, 1.9351482684776913e-205, 1.8324083128932364e-234, 2.8469450511425686e-234, 2.6957964219288152e-263, 1.9899592249167654e-263, 1.3440622509405204e-296, 8.714703989660885e-292, 0.0, 0.0]"
sampleJointGoalAndRSASignal_fromStart,session_11_player2,11,7,2,closer_to_player2,15,"[0.5, 0.16999781677402587, 0.17938527158866946, 0.1754913266156341, 0.04564583562704104, 0.06495345665961716, 0.09121920245098944, 0.1254212261631433, 0.16716625792794162, 0.2134351185074769, 0.2574158623315044, 0.015498210701739361, 0.015146330758751266, 0.01785528175855419, 0.02746953589577465]"
sampleJointGoalAndRSASignal_fromStart,session_11_player1,11,8,1,closer_to_player2,14,"[0.5, 0.8350916156531355, 0.8323206980015476, 0.8303672739450172, 0.8294046721793553, 0.828907602321381, 0.8286997498663442, 0.8272909306600623, 0.8303594869314862, 0.8563483948785898, 0.9999988219375591, 0.9999999999815478, 0.9999999999841876, 0.9999999999999998]"
sampleJointGoalAndRSASignal_fromStart,session_11_player2,11,8,2,closer_to_player2,14,"[0.5, 0.512565935207088, 0.5218901038028778, 0.5281595562883014, 0.5316578079019219, 0.5377960444598201, 0.6101736866558622, 0.6103898955047882, 9.205689296631722e-30, 1.931969450079003e-31, 1.626684698518051e-31, 3.413872705434165e-33, 2.8744214834199834e-33, 4.31750749305553e-33]"
sampleJointGoalAndRSASignal_fromStart,session_11_player1,11,9,1,equal_to_both,11,"[0.5, 0.9893247864005246, 0.989538200613697, 0.9998880044535283, 0.9999980877168314, 0.9999999501246557, 0.9999999980733109, 0.9999999998202227, 0.9999999999193999, 0.9999999999636706, 0.999999999984084]"
sampleJointGoalAndRSASignal_fromStart,session_11_player2,11,9,2,equal_to_both,11,"[0.5, 0.5000000137565004, 0.500000001635048, 0.9966417702566382, 0.9999792145439677, 0.9999794761735801, 0.9999998704835024, 0.9999999985818806, 0.9999999986831217, 0.9999999999834289, 0.9999999999995849]"
sampleJointGoalAndRSASignal_fromStart,session_11_player1,11,10,1,equal_to_both,7,"[0.5, 0.9992224345797762, 0.9999986931846797, 0.9999986898105765, 0.9999999982050428, 0.9999999979358286, 0.9999999999975554]"
sampleJointGoalAndRSASignal_fromStart,session_11_player2,11,10,2,equal_to_both,7,"[0.5, 0.999187330095344, 0.9999985738850451, 0.9999986433766966, 0.9999999967875493, 0.9999999999821134, 0.9999999999949339]"
sampleJointGoalAndRSASignal_fromStart,session_12_player1,12,0,1,closer_to_player2,9,"[0.5, 0.983179393283899, 0.9835619824711647, 0.9997222029608878, 0.9999928854967288, 0.9999997324748703, 0.9999999855777862, 0.9999999984275362, 0.9999999992736451]"
sampleJointGoalAndRSASignal_fromStart,session_12_player2,12,0,2,closer_to_player2,9,"[0.5, 0.9995048561504506, 0.9999995963921677, 0.9999999992882085, 0.9999999999976041, 0.9999999999999851, 0.9999999999999999, 1.0, 1.0]"
sampleJointGoalAndRSASignal_fromStart,session_12_player1,12,1,1,closer_to_player1,11,"[0.5, 0.416362011177266, 0.8714987943251552, 0.8729615700084922, 0.9137617142092127, 0.999985440112011, 0.9999806104023791, 0.99997537534425, 0.9999999996142896, 0.9999999996694778, 0.9999999997224488]"
sampleJointGoalAndRSASignal_fromStart,session_12_player2,12,1,2,closer_to_player1,11,"[0.5, 0.5044483641156204, 0.5113487239338083, 0.11575293016514102, 0.11860891980005747, 0.11946035420582234, 0.1251311797039603, 0.1265448786368794, 0.1272196307885393, 0.12749968247672278, 0.12759881871106726]"
sampleJointGoalAndRSASignal_fromStart,session_12_player1,12,3,1,closer_to_player1,9,"[0.5, 0.3333535653147236, 0.9989507550740352, 0.9985697581779469, 0.9999997400007103, 0.9999999998621527, 0.9999999999310906, 0.9999999999655557, 0.9999999999829065]"
sampleJointGoalAndRSASignal_fromStart,session_12_player2,12,3,2,closer_to_player1,9,"[0.5, 0.5028347455539365, 0.5044811516102752, 0.5063462077922802, 0.5012077575674752, 0.4953931660390937, 0.48957010493894687, 0.4415054596081245, 0.6143382116576147]"
sampleJointGoalAndRSASignal_fromStart,session_12_player1,12,5,1,closer_to_player2,12,"[0.5, 0.49659458773147264, 0.49440246500768165, 0.49293705240969893, 0.4925709106768172, 0.49427059559566155, 0.43281082735852544, 0.48168745152203823, 0.9999924433042789, 0.9999911815511868, 0.9999894985627386, 1.0]"
sampleJointGoalAndRSASignal_fromStart,session_12_player2,12,5,2,closer_to_player2,11,"[0.5, 0.498270223994892, 0.5598515324052252, 0.6011233643461775, 0.029271124583832724, 0.0013740510044814322, 7.57825323325422e-05, 7.526003218721865e-05, 9.63904127433178e-05, 0.00011420297996903206, 0.00017152724321917027]"
sampleJointGoalAndRSASignal_fromStart,session_12_player1,12,6,1,equal_to_both,11,"[0.5, 0.49999947259015876, 0.9938486526348177, 0.9938929760805995, 0.9939204285564155, 0.9999794170407617, 0.9999998730761503, 0.9999999986490841, 0.9999999989523429, 0.9999999991488258, 0.9999999999927232]"
sampleJointGoalAndRSASignal_fromStart,session_12_player2,12,6,2,equal_to_both,11,"[0.5, 0.988364413868797, 0.9892617263070997, 0.999883212210592, 0.9998869214969378, 0.9999988041851222, 0.9999988428315114, 0.9999999876816356, 0.9999999904481797, 0.9999999922396361, 0.999999999933655]"
sampleJointGoalAndRSASignal_fromStart,session_12_player1,12,7,1,equal_to_both,12,"[0.5, 0.9811838368350151, 0.9833864465730139, 0.9997053949981429, 0.9999921611767488, 0.99999968720204, 0.9999999663340579, 0.9999999848046824, 0.9999999929252814, 0.9999999967107612, 0.9999999985148577, 0.9999999995716974]"
sampleJointGoalAndRSASignal_fromStart,session_12_player2,12,7,2,equal_to_both,12,"[0.5, 0.4987311526176068, 0.49864519631906945, 0.49862414332850186, 0.4982165300585039, 0.9983354496787226, 0.9999945173609558, 0.9999999667022735, 0.9999999669224173, 0.9999999998339395, 0.999999999998422, 0.9999999999985367]"
sampleJointGoalAndRSASignal_fromStart,session_12_player1,12,8,1,closer_to_player2,9,"[0.5, 0.5034829801078556, 0.5051874762096946, 0.5070023521168249, 0.5024597527750396, 0.4972071455976021, 0.5031229200907695, 0.46048807745538284, 0.5617934797391725]"
sampleJointGoalAndRSASignal_fromStart,session_12_player2,12,8,2,closer_to_player2,9,"[0.5, 0.4937150509517659, 0.49020514484844074, 0.4958466736715934, 0.4535614266636339, 0.5260899220365011, 1.0, 1.0, 1.0]"
sampleJointGoalAndRSASignal_fromStart,session_12_player1,12,9,1,equal_to_both,11,"[0.5, 0.9893247864005246, 0.9998126603687681, 0.9998202852329882, 0.999996931231514, 0.9999970168162885, 0.9999970790618176, 0.9999999680170857, 0.9999999703007459, 0.9999999996262737, 0.9999999999906378]"
sampleJointGoalAndRSASignal_fromStart,session_12_player2,12,9,2,equal_to_both,11,"[0.5, 0.5000000137565004, 0.500000001635048, 0.9966417702566382, 0.9966615740256543, 0.9967224078403105, 0.9969333491987408, 0.9999977143058274, 0.9999999962101078, 0.999999999987267, 0.9999999999999205]"
sampleJointGoalAndRSASignal_fromStart,session_12_player1,12,10,1,closer_to_player1,6,"[0.5, 0.5011624691624154, 0.5074417654174711, 0.5566459696305728, 0.5572680586254092, 0.5574878459244327]"
sampleJointGoalAndRSASignal_fromStart,session_12_player2,12,10,2,closer_to_player1,15,"[0.5, 0.5035280601032653, 0.5057102676755418, 0.5071770356300224, 0.507542918794497, 0.5100152083320736, 0.5046091067599312, 0.5468677241197293, 0.4743531779958161, 9.959194589018717e-30, 2.0054976729937452e-29, 1.3889938863869865e-62, 9.032133038702559e-58, 1.4383362551554351e-86, 1.0755012119932225e-86]"
sampleJointGoalAndRSASignal_fromStart,session_13_player1,13,0,1,closer_to_player1,9,"[0.5, 0.9996557200059838, 0.9999997199502632, 0.9999999995197212, 0.99999999999841, 0.9999999999999903, 0.9999999999999999, 1.0, 1.0]"
sampleJointGoalAndRSASignal_fromStart,session_13_player2,13,0,2,closer_to_player1,9,"[0.5, 0.9822449120683227, 0.9995279915054261, 0.9995451109636887, 0.9999883515591692, 0.9999995618329895, 0.9999995848586993, 0.9999995226434281, 0.9999999936408184]"
sampleJointGoalAndRSASignal_fromStart,session_13_player1,13,2,1,equal_to_both,12,"[0.5, 0.981185531299059, 0.9994521574040229, 0.9999774301216583, 0.9999832617536688, 0.9999847994931705, 0.9999995922944438, 0.9999997219133633, 0.999999801553873, 0.9999999946913478, 0.999999997603062, 0.9999999993087432]"
sampleJointGoalAndRSASignal_fromStart,session_13_player2,13,2,2,equal_to_both,12,"[0.5, 0.49873115262647505, 0.49864519633039, 0.49862414334575056, 0.9966279957906794, 0.9999791719993266, 0.9999997803706768, 0.9999999962626607, 0.9999999963869488, 0.9999999999381342, 0.9999999999486517, 0.9999999999523866]"
sampleJointGoalAndRSASignal_fromStart,session_13_player1,13,3,1,equal_to_both,12,"[0.5, 0.5001784512560019, 0.9893361408216074, 0.9895402695124054, 0.9998880799862815, 0.9999980881105044, 0.9999981833864238, 0.9999982419262113, 0.999998278522297, 0.99999836710169, 0.9999989030935553, 0.99999999817735]"
sampleJointGoalAndRSASignal_fromStart,session_13_player2,13,3,2,equal_to_both,12,"[0.5, 0.5002118526466498, 0.9893370726278337, 0.9895416855514212, 0.9998880940313107, 0.999890017785756, 0.9999988388609176, 0.9999999797853347, 0.9999999990259808, 0.9999999995335445, 0.9999999997778894, 0.9999999998970874]"
sampleJointGoalAndRSASignal_fromStart,session_13_player1,13,4,1,closer_to_player1,10,"[0.5, 0.5016265109765048, 0.5087823315173751, 0.5673249900432146, 0.5708338331924288, 0.572941554232937, 2.1303968325157613e-29, 2.1488162808030318e-29, 3.4122181354971955e-58, 3.4417202331967384e-58]"
sampleJointGoalAndRSASignal_fromStart,session_13_player2,13,4,2,closer_to_player1,45,"[0.5, 0.5035101254771449, 0.5051564962730712, 0.5059869691430822, 0.5063214974854426, 0.5087272243800135, 0.5150828997736583, 0.032804208142050116, 0.03362095278251512, 0.0011096495907579177, 0.0011382057956013634, 0.0015922978915993292, 0.0015922978915993292, 0.0015922978915993292, 0.0015922978915993292, 0.0016060426059186805, 0.0016060426059186805, 2.5542215217736725e-32, 2.5542215217736725e-32, 2.5542215217736725e-32, 2.5542215217736725e-32, 2.5542215217736725e-32, 2.5542215217736725e-32, 2.5542215217736725e-32, 2.5763050272663945e-32, 2.439525184670601e-61, 1.8007871920600776e-61, 1.9512153148367026e-90, 3.931777791926964e-90, 6.110104794738389e-119, 9.493043826087284e-119, 8.989044095253811e-148, 6.635453315798436e-148, 1.0311700524726877e-176, 1.6020907708001225e-176, 2.543844498942959e-205, 2.5438444989429585e-205, 2.5438444989429585e-205, 2.5438444989429585e-205, 2.5438444989429585e-205, 2.5438444989429585e-205, 2.5438444989429585e-205, 2.5438444989429585e-205, 2.5438444989429585e-205, 2.565838285889843e-205]"
sampleJointGoalAndRSASignal_fromStart,session_13_player1,13,5,1,equal_to_both,12,"[0.5, 0.9813699798709308, 0.9828277692831022, 0.9996966879670375, 0.9997084144317608, 0.999713396316767, 0.9997163449113065, 0.9999982503845766, 0.9999982857236587, 0.9999999890218989, 0.9999999910807895, 0.9999999999237478]"
sampleJointGoalAndRSASignal_fromStart,session_13_player2,13,5,2,equal_to_both,12,"[0.5, 0.4995048483807359, 0.49945113184199774, 0.9938295940720098, 0.9999342590680189, 0.99999887732941, 0.9999999700829777, 0.9999999790513114, 0.9999999991815256, 0.999999999607037, 0.9999999998096649, 0.9999999999115903]"
sampleJointGoalAndRSASignal_fromStart,session_13_player1,13,6,1,closer_to_player2,9,"[0.5, 0.9832232087748202, 0.9995556410586807, 0.9999827804554847, 0.999988105311502, 0.9999913984801175, 0.999993363443642, 0.9999943573066117, 0.999994406042352]"
sampleJointGoalAndRSASignal_fromStart,session_13_player2,13,6,2,closer_to_player2,9,"[0.5, 0.5031054732972722, 0.9998316327680601, 0.9999999229360305, 0.9999999999156108, 0.9999999999526251, 0.9999999999999296, 0.9999999999999994, 1.0]"
sampleJointGoalAndRSASignal_fromStart,session_13_player1,13,7,1,closer_to_player2,9,"[0.5, 0.5041476244686329, 0.9896906172025561, 0.999812733820535, 0.9998692998673864, 0.9999951590366756, 0.9999974527665498, 0.9999986537725065, 0.9999992922989193]"
sampleJointGoalAndRSASignal_fromStart,session_13_player2,13,7,2,closer_to_player2,9,"[0.5, 0.9996592340786179, 0.9999997274098993, 0.9999997345214325, 0.9999997449885861, 0.9999998470509104, 0.9999999999672923, 0.9999999999999737, 0.9999999999999999]"
sampleJointGoalAndRSASignal_fromStart,session_13_player1,13,9,1,closer_to_player2,9,"[0.5, 0.983180284358883, 0.9835626576901272, 0.9997222247191248, 0.9999928862828952, 0.9999931054901184, 0.9999907240707852, 0.9999999210576991, 0.9999999989563182]"
sampleJointGoalAndRSASignal_fromStart,session_13_player2,13,9,2,closer_to_player2,9,"[0.5, 0.9996601045918895, 0.999999729040038, 0.9999999995377967, 0.9999999999984445, 0.9999999999999902, 1.0, 1.0, 1.0]"
sampleJointGoalAndRSASignal_fromStart,session_13_player1,13,11,1,closer_to_player1,16,"[0.5, 0.15070210268990122, 0.13636184527415232, 0.08614032273907367, 0.1585708741799056, 0.2737279923802466, 0.019319478649778787, 0.0016401025176242074, 0.0005144022025358998, 0.0007211484571111963, 9.20015625940105e-05, 8.317395084307642e-05, 0.00011275385118534567, 0.00014450256320671295, 0.00011875967522125858, 0.000239259870497978]"
sampleJointGoalAndRSASignal_fromStart,session_13_player2,13,11,2,closer_to_player1,13,"[0.5, 0.5040844776521005, 0.13904950697865467, 0.1389872318781594, 0.14254600574803739, 0.14269028560424848, 0.15253321422434762, 0.15693087503816644, 0.15992262034817145, 0.004748249919919061, 0.004258193348003472, 0.0035421366511980785, 0.0026169828802230844]"
sampleJointGoalAndRSASignal_fromStart,session_14_player1,14,0,1,closer_to_player2,7,"[0.5, 0.5025193132671881, 0.5039583645259207, 0.9967242223557204, 0.9967439841240817, 0.9999904406122948, 0.9999999218984787]"
sampleJointGoalAndRSASignal_fromStart,session_14_player2,14,0,2,closer_to_player2,7,"[0.5, 0.9999815089950931, 0.9999999994699582, 0.9999999999999651, 1.0, 1.0, 1.0]"
sampleJointGoalAndRSASignal_fromStart,session_14_player1,14,3,1,closer_to_player2,9,"[0.5, 0.5185036283268252, 0.528825455937674, 0.5548073411893231, 0.5667451834017249, 0.5749835572057443, 0.580457849268184, 0.5839304505764437, 0.5860204658412931]"
sampleJointGoalAndRSASignal_fromStart,session_14_player2,14,3,2,closer_to_player2,9,"[0.5, 0.9984830250187764, 0.9979098991078617, 0.9971520289987374, 0.9962167992454474, 0.9999997811094055, 0.9999999999602257, 0.9999999999801189, 0.9999999999901336]"
sampleJointGoalAndRSASignal_fromStart,session_14_player1,14,4,1,closer_to_player2,9,"[0.5, 0.5020230625014932, 0.9899258664456337, 0.9998309494171156, 0.999995673790681, 0.9999998374116945, 0.9999998459802194, 0.9999998229282926, 0.9999999976598298]"
sampleJointGoalAndRSASignal_fromStart,session_14_player2,14,4,2,closer_to_player2,9,"[0.5, 0.999548556880824, 0.999999477529424, 0.9999999990825627, 0.9999999999969156, 0.9999999999999809, 0.9999999999999998, 1.0, 1.0]"
sampleJointGoalAndRSASignal_fromStart,session_14_player1,14,6,1,equal_to_both,8,"[0.5, 0.5156562630693604, 0.6531009397035485, 0.9992088367807352, 0.9999990689955703, 0.9999999983686022, 0.9999999999932568, 0.9999999999999781]"
sampleJointGoalAndRSASignal_fromStart,session_14_player2,14,6,2,equal_to_both,8,"[0.5, 0.4839765979555533, 0.34559492861065294, 0.999673203803243, 0.999999869744721, 0.9999999998890166, 0.9999999999998136, 0.9999999999999994]"
sampleJointGoalAndRSASignal_fromStart,session_14_player1,14,7,1,equal_to_both,12,"[0.5, 0.5121177356180145, 0.989778046711766, 0.9900350685802684, 0.9901169963204658, 0.9901848197773978, 0.9999655109366135, 0.9999672734782148, 0.9999814673240082, 0.9999999518385527, 0.9999999990589861, 0.9999999999959568]"
sampleJointGoalAndRSASignal_fromStart,session_14_player2,14,7,2,equal_to_both,12,"[0.5, 0.4987311526176068, 0.49864519631906945, 0.49862414332850186, 0.996627995790922, 0.9999791719993295, 0.9999997803706769, 0.9999999962626607, 0.9999999963869488, 0.9999999964632506, 0.9999999999663924, 0.9999999999688368]"
sampleJointGoalAndRSASignal_fromStart,session_14_player1,14,8,1,equal_to_both,10,"[0.5, 0.9938486648523519, 0.9938929886439289, 0.9999621390732438, 0.9999625270855477, 0.9999628348041136, 0.9999998716697249, 0.999999999178184, 0.9999999999892398, 0.9999999999950019]"
sampleJointGoalAndRSASignal_fromStart,session_14_player2,14,8,2,equal_to_both,10,"[0.5, 0.4999635730835617, 0.9966366959588965, 0.9999791712940833, 0.9999794049535786, 0.9999795751511206, 0.9999999294741339, 0.9999999995483532, 0.9999999999940864, 0.9999999999972532]"
sampleJointGoalAndRSASignal_fromStart,session_14_player1,14,9,1,closer_to_player1,9,"[0.5, 0.998189203626995, 0.9999978270874341, 0.9999999961840484, 0.9999999999868276, 0.9999999999999178, 0.9999999999999986, 1.0, 1.0]"
sampleJointGoalAndRSASignal_fromStart,session_14_player2,14,9,2,closer_to_player1,9,"[0.5, 0.5020381631642957, 0.9899187681826734, 0.999830706188556, 0.9999956647701723, 0.9999957983636459, 0.9999943470845504, 0.9999999518896636, 0.9999999993639362]"
sampleJointGoalAndRSASignal_fromStart,session_14_player1,14,10,1,closer_to_player1,9,"[0.5, 0.5035760951068531, 0.6092700363705192, 0.9999573834202712, 0.9999999779853043, 0.9999999999898601, 0.9999999999999849, 1.0, 1.0]"
sampleJointGoalAndRSASignal_fromStart,session_14_player2,14,10,2,closer_to_player1,9,"[0.5, 0.5017069186915221, 0.9895879339471864, 0.9897574099938905, 0.9898594545768953, 0.9999374390086467, 0.9999993400506589, 0.9999999864258173, 0.9999999933713467]"
sampleJointGoalAndRSASignal_fromStart,session_14_player1,14,11,1,closer_to_player1,9,"[0.5, 0.6261786041171079, 0.4558796110574024, 0.9998170268041948, 0.9999999668032316, 0.9999999750341483, 0.9999999999954637, 0.9999999999977326, 0.9999999999988748]"
sampleJointGoalAndRSASignal_fromStart,session_14_player2,14,11,2,closer_to_player1,9,"[0.5, 0.5030325059602236, 0.497152125942525, 0.3649783686790206, 0.5347542715786011, 0.6968839482588919, 0.8213995738659535, 0.9019700053907184, 0.9488243163080168]"
sampleJointGoalAndRSASignal_fromStart,session_15_player1,15,0,1,equal_to_both,7,"[0.5, 0.633555962742141, 0.9996596484916154, 0.9999987063794127, 0.9999999975985893, 0.9999999999851179, 0.9999999999999523]"
sampleJointGoalAndRSASignal_fromStart,session_15_player2,15,0,2,equal_to_both,7,"[0.5, 0.36645247598905095, 0.9997021958835065, 0.9999998788374918, 0.9999999998938048, 0.9999999999998153, 0.9999999999999994]"
sampleJointGoalAndRSASignal_fromStart,session_15_player1,15,2,1,closer_to_player1,9,"[0.5, 0.5031821199650047, 0.6086788057970959, 0.9999013421295315, 0.9999999834386208, 0.9999999999924761, 0.9999999999999918, 1.0, 1.0]"
sampleJointGoalAndRSASignal_fromStart,session_15_player2,15,2,2,closer_to_player1,9,"[0.5, 0.9832156227796194, 0.9995544965139862, 0.9995813198336175, 0.9995983351362442, 0.9999929713733705, 0.9999946451856219, 0.999995480853036, 0.9999955334237203]"
sampleJointGoalAndRSASignal_fromStart,session_15_player1,15,5,1,equal_to_both,9,"[0.5, 0.4999619889589914, 0.49994675802944966, 0.4999407848897861, 0.49993573342241915, 0.49984492500199496, 0.9999565957318753, 0.9999999936641181, 0.999999996152649]"
sampleJointGoalAndRSASignal_fromStart,session_15_player2,15,5,2,equal_to_both,9,"[0.5, 0.9966011219518816, 0.9967213580804848, 0.9999886768711991, 0.999999886893562, 0.9999999437751718, 0.9999999719927822, 0.9999999860411255, 0.999999993243761]"
sampleJointGoalAndRSASignal_fromStart,session_15_player1,15,6,1,closer_to_player2,9,"[0.5, 0.5034073596182743, 0.5056568332649709, 0.5074716978184711, 0.5029291535908056, 0.5092015464494726, 0.5583771879298293, 0.5589984667602165, 0.5592180716793057]"
sampleJointGoalAndRSASignal_fromStart,session_15_player2,15,6,2,closer_to_player2,9,"[0.5, 0.5138982042661531, 0.5165451089136547, 0.5971962255677125, 0.4256501537192972, 0.9999905240060392, 0.9999889419292673, 0.999986831593413, 1.0]"
sampleJointGoalAndRSASignal_fromStart,session_15_player1,15,8,1,closer_to_player2,9,"[0.5, 0.5034075764634223, 0.5056000349961163, 0.5068187590595272, 0.503601406635049, 0.5788005781833211, 0.6376837704865898, 0.5910278154410701, 0.7442538979958404]"
sampleJointGoalAndRSASignal_fromStart,session_15_player2,15,8,2,closer_to_player2,9,"[0.5, 0.9984778380134419, 0.9999981312498653, 0.9999999942905579, 0.9999999971448859, 0.9999999985725475, 0.9999999992864003, 0.9999999996432973, 0.9999999998228635]"
sampleJointGoalAndRSASignal_fromStart,session_15_player1,15,9,1,closer_to_player2,9,"[0.5, 0.9832481779606782, 0.9995571604618348, 0.9995733853152257, 0.9999890733795165, 0.9999894101455107, 0.9999857524264602, 0.9999998787980956, 0.9999999984074237]"
sampleJointGoalAndRSASignal_fromStart,session_15_player2,15,9,2,closer_to_player2,9,"[0.5, 0.9996537346734405, 0.9999997321956173, 0.9999999995535999, 0.999999999998474, 0.9999999999999855, 0.9999999999999999, 1.0, 1.0]"
sampleJointGoalAndRSASignal_fromStart,session_15_player1,15,10,1,closer_to_player1,9,"[0.5, 0.9996546509764589, 0.9999997241526362, 0.9999999995183878, 0.999999999998818, 0.999999999999989, 0.9999999999999999, 1.0, 1.0]"
sampleJointGoalAndRSASignal_fromStart,session_15_player2,15,10,2,closer_to_player1,9,"[0.5, 0.9743518842630847, 0.973578525175364, 0.9995215244165087, 0.9995241002806509, 0.9999939863322703, 0.9999918694538723, 0.9999999308435775, 0.9999999990995956]"
sampleJointGoalAndRSASignal_fromStart,session_15_player1,15,11,1,equal_to_both,9,"[0.5, 0.996761175557701, 0.9999805950678032, 0.9999803148929275, 0.9999676142449869, 0.9999999455711727, 0.9999999998325592, 0.9999999999991174, 0.9999999999999925]"
sampleJointGoalAndRSASignal_fromStart,session_15_player2,15,11,2,equal_to_both,9,"[0.5, 0.996515501663024, 0.9967931480739727, 0.99823613567364, 0.9999940316228635, 0.9999999279536508, 0.9999999990605299, 0.9999999999919886, 0.9999999999999221]"
sampleJointGoalAndRSASignal_fromStart,session_16_player1,16,0,1,closer_to_player2,9,"[0.5, 0.9832222727917264, 0.9995550112957227, 0.9999823636665324, 0.9999979871608564, 0.9999990379819139, 0.9999995329818134, 0.99999977095264, 0.999999887440278]"
sampleJointGoalAndRSASignal_fromStart,session_16_player2,16,0,2,closer_to_player2,9,"[0.5, 0.5031074470706074, 0.6083745969659647, 0.9999582328190098, 0.9999999912300214, 0.9999999999947958, 0.9999999999999922, 1.0, 1.0]"
sampleJointGoalAndRSASignal_fromStart,session_16_player1,16,1,1,closer_to_player2,9,"[0.5, 0.5038648709369326, 0.5063352454730102, 0.5075539378611456, 0.504336696756929, 0.3975500873383143, 0.5689677665216718, 0.7253308397665494, 0.8417146571426503]"
sampleJointGoalAndRSASignal_fromStart,session_16_player2,16,1,2,closer_to_player2,10,"[0.5, 0.4247132103775749, 0.3656479260754232, 0.9277866302711368, 0.9468707069196004, 0.999997920349964, 0.9999973588467588, 0.9999969178480342, 0.9999963296202963, 1.0]"
sampleJointGoalAndRSASignal_fromStart,session_16_player1,16,3,1,equal_to_both,12,"[0.5, 0.9811855241947887, 0.9833855855459729, 0.9837999365236174, 0.9839321004595376, 0.9998991573040595, 0.9999989324184829, 0.999998970936077, 0.9999990405091246, 0.9999999917535404, 0.9999999998436686, 0.9999999999549153]"
sampleJointGoalAndRSASignal_fromStart,session_16_player2,16,3,2,equal_to_both,12,"[0.5, 0.9828662095789774, 0.9995382202496971, 0.9999822534330635, 0.999983482554972, 0.9999993731078382, 0.999999420984439, 0.99999945147554, 0.9999994697172592, 0.9999994809159602, 0.9999994175461895, 0.999999997497384]"
sampleJointGoalAndRSASignal_fromStart,session_16_player1,16,5,1,equal_to_both,12,"[0.5, 0.49951376275031273, 0.9893107199043171, 0.9998124106675408, 0.9998196647552137, 0.9999969200341984, 0.9999999179248925, 0.9999999425288301, 0.999999997754585, 0.9999999989219387, 0.9999999994778317, 0.9999999997574551]"
sampleJointGoalAndRSASignal_fromStart,session_16_player2,16,5,2,equal_to_both,12,"[0.5, 0.981369969943322, 0.9994619985188621, 0.9999779928623539, 0.9999831304984496, 0.9999993328943066, 0.999999558151055, 0.9999999731767054, 0.9999999873457918, 0.999999993924506, 0.9999999970572826, 0.9999999986331207]"
sampleJointGoalAndRSASignal_fromStart,session_16_player1,16,7,1,closer_to_player1,9,"[0.5, 0.6226302298537256, 0.9998707551274469, 0.9999998043581407, 0.9999999997890288, 0.999999999999449, 0.9999999999999974, 1.0, 1.0]"
sampleJointGoalAndRSASignal_fromStart,session_16_player2,16,7,2,closer_to_player1,9,"[0.5, 0.983224083170941, 0.9836256419781099, 0.9838805900316644, 0.9998299067709032, 0.9998315862742324, 0.9999986082269222, 0.9999983656837989, 0.9999999913318051]"
sampleJointGoalAndRSASignal_fromStart,session_16_player1,16,8,1,closer_to_player1,9,"[0.5, 0.6226441181441741, 0.9998706387134271, 0.9999999226085716, 0.9999999997121312, 0.9999999999993135, 0.9999999999999957, 1.0, 1.0]"
sampleJointGoalAndRSASignal_fromStart,session_16_player2,16,8,2,closer_to_player1,9,"[0.5, 0.503330187598101, 0.5052694287076502, 0.9941487916595857, 0.994116043013777, 0.9909961551562905, 0.999984737777766, 0.9999999530543178, 0.9999999997525338]"
sampleJointGoalAndRSASignal_fromStart,session_16_player1,16,9,1,closer_to_player1,9,"[0.5, 0.5031074470704793, 0.6083745969657951, 0.9999582328190096, 0.9999999912300214, 0.9999999999947958, 0.9999999999999805, 1.0, 1.0]"
sampleJointGoalAndRSASignal_fromStart,session_16_player2,16,9,2,closer_to_player1,9,"[0.5, 0.983222275427347, 0.9995550117551888, 0.9999823637340499, 0.9999979871799327, 0.999999037989064, 0.999999532985079, 0.9999997709542207, 0.9999998874410526]"
sampleJointGoalAndRSASignal_fromStart,session_16_player1,16,10,1,equal_to_both,12,"[0.5, 0.9827419563267471, 0.999531755801199, 0.9995567423527583, 0.9999884011777719, 0.9999995465727975, 0.999999692366871, 0.9999997842704629, 0.9999999915640441, 0.9999999959684897, 0.9999999981519131, 0.9999999994609852]"
sampleJointGoalAndRSASignal_fromStart,session_16_player2,16,10,2,equal_to_both,12,"[0.5, 0.48780294250506157, 0.48632075381248835, 0.9935015376390592, 0.9999307609833175, 0.9999988187652135, 0.9999988505447438, 0.9999988699856934, 0.9999999881427415, 0.9999999997976736, 0.9999999999937274, 0.9999999999970031]"
sampleJointGoalAndRSASignal_fromStart,session_16_player1,16,11,1,closer_to_player2,9,"[0.5, 0.9320155493839875, 0.9971103045235137, 0.9970580158152239, 0.9999194863311268, 0.9999215406500672, 0.9999983864145228, 0.9999999449902699, 0.9999999475569694]"
sampleJointGoalAndRSASignal_fromStart,session_16_player2,16,11,2,closer_to_player2,9,"[0.5, 0.9995412367396133, 0.9999994563832433, 0.9999999990421491, 0.99999999999677, 0.9999999999999801, 0.9999999999999998, 1.0, 1.0]"
sampleJointGoalAndRSASignal_fromStart,session_17_player1,17,0,1,closer_to_player2,13,"[0.5, 0.5034387474073287, 0.14093503692079087, 0.0313901911205558, 0.03200866683281447, 0.03243761419998081, 0.0327483614723809, 0.03290397767700871, 0.03250930670159451, 0.04345163362099759, 0.031850461569229424, 0.06175209413297377, 0.1170934905167218]"
sampleJointGoalAndRSASignal_fromStart,session_17_player2,17,0,2,closer_to_player2,13,"[0.5, 0.890211600058769, 0.982204685590805, 0.983370413480567, 0.9837838368602115, 0.9774446017838617, 0.9852039415334709, 0.9708336136910845, 0.999998893688779, 0.9999985981780315, 0.9999983694099246, 0.9999999999950925, 0.999999999995905]"
sampleJointGoalAndRSASignal_fromStart,session_17_player1,17,1,1,closer_to_player2,9,"[0.5, 0.5034053423527471, 0.5055976298748601, 0.5068166402343872, 0.9967911588781074, 0.9967865823981734, 0.9955612267975028, 0.9999961984782495, 0.9999999936051406]"
sampleJointGoalAndRSASignal_fromStart,session_17_player2,17,1,2,closer_to_player2,9,"[0.5, 0.9996544312361457, 0.9999997176528216, 0.9999997331272137, 0.9999999997034444, 0.9999999999989475, 0.9999999999997037, 0.9999999999999988, 1.0]"
sampleJointGoalAndRSASignal_fromStart,session_17_player1,17,4,1,equal_to_both,13,"[0.5, 0.9811855633287875, 0.9994521592154567, 0.9994521592154567, 0.999555549491251, 0.9995755242884277, 0.9995831440542664, 0.9999955855329857, 0.9999957448023297, 0.9999999526189425, 0.9999999656644989, 0.9999999831160495, 0.9999999995065048]"
sampleJointGoalAndRSASignal_fromStart,session_17_player2,17,4,2,equal_to_both,13,"[0.5, 0.9828669630019589, 0.9995382617208854, 0.9999822557956787, 0.9999834840013099, 0.9999841174957284, 0.9999845256011639, 0.9999847866307323, 0.9999998402870344, 0.9999999972652499, 0.9999999977301797, 0.9999999999563247, 0.9999999999563247]"
sampleJointGoalAndRSASignal_fromStart,session_17_player1,17,5,1,closer_to_player1,9,"[0.5, 0.4984199356742828, 0.5038720915774794, 0.5092849413801909, 0.5582980006457758, 0.9999944439058297, 0.9999999999129733, 0.9999999999999953, 0.9999999999999977]"
sampleJointGoalAndRSASignal_fromStart,session_17_player2,17,5,2,closer_to_player1,9,"[0.5, 0.5034056365623615, 0.5056557067205487, 0.5065326911072454, 0.5076803980364228, 0.5139507748636871, 0.48940941491798734, 0.5630797666800607, 0.5632989266590492]"
sampleJointGoalAndRSASignal_fromStart,session_17_player1,17,6,1,closer_to_player1,9,"[0.5, 0.4996450618383004, 0.49717104033169013, 0.5025785017575997, 0.5516707204945279, 0.9999942927944717, 0.9999999999106064, 0.9999999999999952, 0.9999999999999976]"
sampleJointGoalAndRSASignal_fromStart,session_17_player2,17,6,2,closer_to_player1,9,"[0.5, 0.5045359656632611, 0.5061122621351725, 0.5069812710668073, 0.5073471719494597, 0.509819493936052, 0.5157314091743654, 0.4730453129506595, 0.40164306775586023]"
sampleJointGoalAndRSASignal_fromStart,session_17_player1,17,7,1,equal_to_both,12,"[0.5, 0.006169568782827707, 0.0061426505061770165, 0.7824395579714556, 0.9990603698350208, 0.9990688418361181, 0.9999967535518443, 0.9999999788029074, 0.9999999853253106, 0.9999999998086421, 0.999999999944656, 0.9999999999991473]"
sampleJointGoalAndRSASignal_fromStart,session_17_player2,17,7,2,equal_to_both,12,"[0.5, 0.9938488780360014, 0.9938927269759945, 0.9783183330421148, 0.999765692501521, 0.9997692860470726, 0.9997714435631921, 0.9997692450989951, 0.9999994247025914, 0.9999999972202559, 0.9999999967243863, 0.9999999999894807]"
sampleJointGoalAndRSASignal_fromStart,session_17_player1,17,9,1,closer_to_player2,9,"[0.5, 0.5030324281969806, 0.5052151754562997, 0.9940088884498174, 0.9940696719790263, 0.9940633931166665, 0.9999842732524021, 0.9999999159703046, 0.9999999988754331]"
sampleJointGoalAndRSASignal_fromStart,session_17_player2,17,9,2,closer_to_player2,9,"[0.5, 0.5031223458684163, 0.9998314871333996, 0.9999999228053686, 0.9999999999138653, 0.9999999999996448, 0.9999999999998954, 0.9999999999999996, 1.0]"
sampleJointGoalAndRSASignal_fromStart,session_17_player1,17,10,1,equal_to_both,11,"[0.5, 0.5000004615808977, 0.499999150836685, 0.9966444290804058, 0.9966595439756973, 0.9999887323360582, 0.9999999305783024, 0.9999999992614628, 0.9999999994333959, 0.9999999999925397, 0.999999999996537]"
sampleJointGoalAndRSASignal_fromStart,session_17_player1,17,11,1,closer_to_player1,9,"[0.5, 0.42147644791877936, 0.35377470760792695, 0.3024676083449338, 0.27274163703066473, 0.2712708982541144, 1.0, 1.0, 1.0]"
sampleJointGoalAndRSASignal_fromStart,session_17_player2,17,11,2,closer_to_player1,9,"[0.5, 0.5033937480816962, 0.5058829898139373, 0.5065642205675113, 0.5115121453475817, 0.521214933924416, 0.43878962294271173, 0.5915458829538803, 0.9992475676069108]"
sampleJointGoalAndRSASignal_fromStart,session_18_player1,18,0,1,closer_to_player2,10,"[0.5, 0.5034544985065978, 0.5057081971371656, 0.5075728835667928, 0.5146267858495311, 0.4996649096431414, 0.5581533794263084, 0.5581533794263085, 0.5616711853564146, 0.5637894866393154]"
sampleJointGoalAndRSASignal_fromStart,session_18_player2,18,0,2,closer_to_player2,10,"[0.5, 0.49379005687923616, 0.4963578875255758, 0.5764812462213379, 0.9999729469838325, 0.99996572099349, 0.9999601270994694, 0.9999522167343743, 0.9999522167343743, 1.0]"
sampleJointGoalAndRSASignal_fromStart,session_18_player1,18,1,1,closer_to_player1,6,"[0.5, 0.501586040983246, 0.5081123284202934, 0.5575197661988678, 0.558152287781594, 0.5583721005148496]"
sampleJointGoalAndRSASignal_fromStart,session_18_player2,18,1,2,closer_to_player1,16,"[0.5, 0.496594363843997, 0.49440221741663487, 0.4931835227631601, 0.4885207091728936, 0.49021991996848113, 0.5715362465770553, 0.999972215257951, 0.9999999983956321, 0.9999722152441214, 0.9999999983956314, 0.9999999999997075, 0.9999999921077372, 0.999999999998561, 0.9999999999992808, 0.9999999999996428]"
sampleJointGoalAndRSASignal_fromStart,session_18_player1,18,2,1,closer_to_player1,17,"[0.5, 0.4953745913681261, 0.9264897598914366, 0.9907098862575316, 0.9911191585963536, 0.9989421212684619, 0.9989890957639493, 0.999896763861767, 0.9998956119020034, 0.9998955813947816, 0.9998962660505978, 0.9999248715139967, 0.9999999972331638, 0.9999999964940467, 0.9999999959218681, 0.9999999951127491, 1.0]"
sampleJointGoalAndRSASignal_fromStart,session_18_player2,18,2,2,closer_to_player1,17,"[0.5, 0.50450628794847, 0.5120930004969332, 0.11486858981240702, 0.020161778346677272, 0.020387008601152418, 0.02061386535854104, 0.0026498913068510365, 0.00042983553455593917, 0.0004347350917006579, 0.0004396722604475465, 0.0004524268286967355, 0.0004892181812356132, 0.0005059418172555424, 0.0005174173465909125, 0.0005248532077930902, 0.0005293886259973703]"
sampleJointGoalAndRSASignal_fromStart,session_18_player1,18,3,1,closer_to_player1,9,"[0.5, 0.9996600888486546, 0.9996595881284247, 0.999656478923406, 0.999999958031334, 0.9999999610019615, 0.9999999999958438, 0.9999999999999988, 1.0]"
sampleJointGoalAndRSASignal_fromStart,session_18_player2,18,3,2,closer_to_player1,9,"[0.5, 0.5063990977873722, 0.5089963960181668, 0.9940921050760805, 0.9999358069453471, 0.999997926201899, 0.9999989766863786, 0.9999995007436328, 0.9999997625970394]"
sampleJointGoalAndRSASignal_fromStart,session_18_player1,18,7,1,closer_to_player2,9,"[0.5, 0.9831905853942547, 0.9835725640997678, 0.9834434200704989, 0.9731612360653081, 0.9999152042524567, 0.9999995533756747, 0.999999996201644, 0.9999999999498012]"
sampleJointGoalAndRSASignal_fromStart,session_18_player2,18,7,2,closer_to_player2,9,"[0.5, 0.999520832032838, 0.9999996106065986, 0.9999999993162408, 0.9999999999977014, 0.9999999999999859, 0.9999999999999998, 1.0, 1.0]"
sampleJointGoalAndRSASignal_fromStart,session_18_player1,18,8,1,equal_to_both,10,"[0.5, 0.5000013107431016, 0.9966410676919727, 0.9966562084750659, 0.9999887102501333, 0.9999888029612511, 0.9999891961920372, 0.9999999799979679, 0.999999986495338, 0.9999999999776108]"
sampleJointGoalAndRSASignal_fromStart,session_18_player2,18,8,2,equal_to_both,10,"[0.5, 0.9937635351582704, 0.9938603441112864, 0.9999618716321222, 0.9999622996417636, 0.9999997674832677, 0.9999997721989389, 0.9999997838361264, 0.9999998540538747, 0.9999999997580377]"
sampleJointGoalAndRSASignal_fromStart,session_18_player1,18,9,1,closer_to_player2,48,"[0.5, 0.5030292860686816, 0.4971487622717541, 0.14959527958046057, 0.20266724127399985, 0.26640405663023925, 0.33699064690709674, 0.2486739139512313, 0.398350452126118, 0.5698171955103397, 9.223411981406217e-06, 0.14684130364168138, 0.2575094218659952, 5.3896662054455246e-30, 3.978496419124377e-30, 4.310838743620735e-59, 8.686514415285461e-59, 9.412139397293732e-88, 1.8965841548644412e-87, 2.0550146573026798e-116, 1.4309617753456261e-121, 2.6702432687118022e-117, 5.380648181356498e-117, 8.361694352059009e-146, 1.2991254263454903e-145, 2.062787696418533e-174, 2.080622322419442e-174, 3.303670331242669e-203, 3.332233486282963e-203, 3.1553205208742747e-232, 4.902304418635056e-232, 4.642034177786994e-261, 7.212156264528943e-261, 6.82925273841021e-290, 1.0610356587864981e-289, 1.0610356587864981e-289, 1.011046e-318, 1.57082e-318, 0.0, 0.0, 0.0, 0.0, 0.0, 0.0, 0.0, 0.0, 0.0, 0.0]"
sampleJointGoalAndRSASignal_fromStart,session_18_player2,18,9,2,closer_to_player2,8,"[0.5, 0.5045720302526641, 0.0727816809761175, 0.07402556430850893, 0.07468819481924803, 0.076465370000238, 0.10384723342526525, 0.10465112429218242]"
sampleJointGoalAndRSASignal_fromStart,session_18_player1,18,10,1,equal_to_both,11,"[0.5, 0.9894522360352315, 0.9895708868575824, 0.9998885538801833, 0.9999980995239557, 0.9999981880163724, 0.9999982439524279, 0.9999982794149875, 0.9999999889815042, 0.9999999998557327, 0.9999999999329885]"
sampleJointGoalAndRSASignal_fromStart,session_18_player2,18,10,2,equal_to_both,11,"[0.5, 0.9883644188101147, 0.9997811072211956, 0.9999938204518092, 0.99999974305267, 0.999999977233938, 0.9999999919994955, 0.9999999963433215, 0.9999999982487766, 0.999999999151903, 0.9999999996060669]"
sampleJointGoalAndRSASignal_fromStart,session_18_player1,18,11,1,equal_to_both,11,"[0.5, 0.9886510412837684, 0.9893737723384219, 0.9895492014803853, 0.9999347172026213, 0.9999993078915866, 0.9999993237424178, 0.999999992593498, 0.9999999998674655, 0.9999999998959217, 0.9999999999973926]"
sampleJointGoalAndRSASignal_fromStart,session_18_player2,18,11,2,equal_to_both,11,"[0.5, 0.49999998573164944, 0.49999996997499485, 0.9966417703741017, 0.9966615739662614, 0.996722407734138, 0.9969333481439633, 0.9999977143037027, 0.9999999962101014, 0.999999999987267, 0.9999999999999205]"
sampleJointGoalAndRSASignal_fromStart,session_19_player1,19,1,1,equal_to_both,11,"[0.5, 0.4999577656075646, 0.9938419344037912, 0.9938889791580613, 0.9939165845427935, 0.9939394917273683, 0.999989475616022, 0.9999898452255025, 0.9999999811995917, 0.999999999924474, 0.9999999999993543]"
sampleJointGoalAndRSASignal_fromStart,session_19_player2,19,1,2,equal_to_both,11,"[0.5, 0.4999462834015237, 0.49994487551822875, 0.996640135432053, 0.9999792255516596, 0.9999794393367512, 0.9999796082202047, 0.9999999295889621, 0.9999999995490937, 0.9999999999940962, 0.9999999999972577]"
sampleJointGoalAndRSASignal_fromStart,session_19_player1,19,2,1,closer_to_player1,9,"[0.5, 0.5031673307262101, 0.6086518358515265, 0.9999013361507665, 0.9999999820880816, 0.9999999999905034, 0.9999999999952527, 0.999999999997627, 0.9999999999988224]"
sampleJointGoalAndRSASignal_fromStart,session_19_player2,19,2,2,closer_to_player1,9,"[0.5, 0.5034379190195566, 0.5054179252005531, 0.5126370205437859, 0.5095197719980857, 0.40350555395469595, 0.5750473535979097, 0.7302562337966286, 0.8450852130129732]"
sampleJointGoalAndRSASignal_fromStart,session_19_player1,19,3,1,closer_to_player2,9,"[0.5, 0.5020230628414107, 0.9899258665608728, 0.9998309494208243, 0.9998327130721307, 0.9997470581960097, 0.9999986675173574, 0.9999999886677741, 0.9999999998502339]"
sampleJointGoalAndRSASignal_fromStart,session_19_player2,19,3,2,closer_to_player2,9,"[0.5, 0.9995485568822671, 0.9999994775294276, 0.9999999990825627, 0.9999999999969156, 0.9999999999999809, 0.9999999999999997, 1.0, 1.0]"
sampleJointGoalAndRSASignal_fromStart,session_19_player1,19,4,1,closer_to_player2,10,"[0.5, 0.9801241526904522, 0.9885191304103078, 0.9921243962382866, 0.9998071638062982, 0.9998973643747485, 0.9998973643747485, 0.9999458197638714, 0.9999719775234552, 0.9999860291005793]"
sampleJointGoalAndRSASignal_fromStart,session_19_player2,19,4,2,closer_to_player2,10,"[0.5, 0.9991799762932495, 0.9999985951209157, 0.9999985988834096, 0.9999986007441921, 0.9999986019558545, 0.9999986139045752, 0.9999987554148146, 0.9999999999586884, 0.9999999999999956]"
sampleJointGoalAndRSASignal_fromStart,session_19_player1,19,5,1,closer_to_player1,12,"[0.5, 0.4967205443050251, 0.0940515258954955, 0.010667184514224638, 0.0016431936077528533, 0.001566362897948596, 0.001568582140752763, 0.0015985138697678356, 0.0016145849761614818, 0.001580051075113894, 0.0018715251411195594, 0.0014000730828476404]"
sampleJointGoalAndRSASignal_fromStart,session_19_player2,19,5,2,closer_to_player1,20,"[0.5, 0.49711832878254936, 0.4954178921002237, 0.8837769434202185, 0.9791918558455794, 0.995820983275127, 0.9957359180496046, 0.9956771795008097, 0.9956344334607221, 0.9956088774932099, 0.9956024686153775, 0.9956321398843733, 0.9968473419130339, 0.9999998827814607, 0.9999999999932316, 0.9999999999999988, 0.999999999966705, 0.999999999999994, 0.999999999999997, 0.9999999999999984]"
sampleJointGoalAndRSASignal_fromStart,session_19_player1,19,6,1,equal_to_both,11,"[0.5, 0.9894522400248654, 0.9998174360293361, 0.9998219996505695, 0.9999969643852022, 0.9999971057329761, 0.9999999500269561, 0.9999999980473807, 0.9999999990624204, 0.9999999995458726, 0.9999999997890597]"
sampleJointGoalAndRSASignal_fromStart,session_19_player2,19,6,2,equal_to_both,11,"[0.5, 0.49961444382355197, 0.49957852536749137, 0.9966315262592744, 0.9966484500921919, 0.9999886827098996, 0.9999887762388869, 0.9999891704375455, 0.9999915069336325, 0.9999999936928058, 0.9999999999895434]"
sampleJointGoalAndRSASignal_fromStart,session_19_player1,19,7,1,equal_to_both,12,"[0.5, 0.9810791983760733, 0.9839033674599356, 0.9844096059702294, 0.999831603436358, 0.999835404854039, 0.9998453944968908, 0.9999124973499619, 0.9999994160583566, 0.9999999927037236, 0.9999999996998307, 0.9999999999924803]"
sampleJointGoalAndRSASignal_fromStart,session_19_player2,19,7,2,equal_to_both,12,"[0.5, 0.9829906280393523, 0.9995455535667571, 0.9995602736174, 0.9999885304541977, 0.9999995657212231, 0.9999999771270387, 0.999999998348085, 0.9999999997246997, 0.9999999998806747, 0.9999999999473317, 0.9999999999764434]"
sampleJointGoalAndRSASignal_fromStart,session_19_player1,19,10,1,closer_to_player1,9,"[0.5, 0.5032200578698567, 0.42786539950239644, 0.5091694147891181, 0.9999642725581877, 0.9999546265698849, 0.9999999992892745, 0.9999999999999617, 0.999999999999981]"
sampleJointGoalAndRSASignal_fromStart,session_19_player2,19,10,2,closer_to_player1,9,"[0.5, 0.49667613566728874, 0.4998785645730267, 0.4964114934762324, 0.5028084821981488, 0.531803591932991, 0.5333204611263689, 0.5339475751298111, 0.5341692589337937]"
sampleJointGoalAndRSASignal_fromStart,session_19_player1,19,11,1,closer_to_player2,9,"[0.5, 0.9826085496640236, 0.9995197313500732, 0.9999804841268355, 0.9999981339812558, 0.9999992337298104, 0.9999996215325082, 0.9999998092868986, 0.9999999030505725]"
sampleJointGoalAndRSASignal_fromStart,session_19_player2,19,11,2,closer_to_player2,9,"[0.5, 0.9996549615426038, 0.9996632112429673, 0.9997964553019171, 0.9999998933171431, 0.9999999999476135, 0.9999999999999409, 1.0, 1.0]"
sampleJointGoalAndRSASignal_fromStart,session_20_player1,20,0,1,equal_to_both,12,"[0.5, 0.9826680657485366, 0.9995280369802327, 0.9995562295837017, 0.9999883756170612, 0.9999891848219623, 0.9999997096027198, 0.9999998023953054, 0.9999999910268064, 0.9999999960525426, 0.9999999988600842, 0.9999999999587738]"
sampleJointGoalAndRSASignal_fromStart,session_20_player2,20,0,2,equal_to_both,12,"[0.5, 0.4971912863187505, 0.9893420256657671, 0.9894547081106052, 0.999887491952481, 0.9999980850686995, 0.999998132725992, 0.999999968711631, 0.9999999693119774, 0.9999999585033076, 0.9999999997712317, 0.999999999997954]"
sampleJointGoalAndRSASignal_fromStart,session_20_player1,20,1,1,equal_to_both,8,"[0.5, 0.49147973124851774, 0.4858094300939294, 0.4783592309491732, 0.9998939323944657, 0.9999999718203249, 0.9999999999807295, 0.9999999999807815]"
sampleJointGoalAndRSASignal_fromStart,session_20_player2,20,1,2,equal_to_both,8,"[0.5, 0.9982421276691705, 0.9987656377601181, 0.9991172285875303, 0.9993621015533656, 0.9999995966692853, 0.9999998838325196, 0.9999999999118878]"
sampleJointGoalAndRSASignal_fromStart,session_20_player1,20,2,1,closer_to_player1,6,"[0.5, 0.5000730589745579, 0.4984282859980254, 0.5593716251055709, 0.6001062199551984, 0.5255593965774464]"
sampleJointGoalAndRSASignal_fromStart,session_20_player2,20,2,2,closer_to_player1,22,"[0.5, 0.49656208098044347, 0.494582074799447, 0.4873629794562141, 0.48279699703516854, 0.48039398496391966, 0.4862118683999621, 0.4446128786262612, 0.5202684159901942, 1.0, 1.0, 1.0, 1.0, 1.0, 1.0, 1.0, 1.0, 1.0, 1.0, 1.0, 1.0, 1.0]"
sampleJointGoalAndRSASignal_fromStart,session_20_player1,20,3,1,closer_to_player2,9,"[0.5, 0.5041362073957536, 0.9896902254823071, 0.9900929998602542, 0.9998900951736075, 0.9999959293399681, 0.9999978580900303, 0.9999988679887196, 0.9999994049107646]"
sampleJointGoalAndRSASignal_fromStart,session_20_player2,20,3,2,closer_to_player2,9,"[0.5, 0.49924863896071053, 0.5006326410168782, 0.5803995293740014, 0.9999729607374215, 0.9999999988881214, 0.9999999999998516, 0.9999999999999999, 1.0]"
sampleJointGoalAndRSASignal_fromStart,session_20_player1,20,5,1,equal_to_both,12,"[0.5, 0.9813695463270429, 0.9828279621217301, 0.9996966901875837, 0.999991960257797, 0.9999996820725935, 0.9999999720099907, 0.9999999874164271, 0.9999999940635372, 0.9999999971498047, 0.9999999986194834, 0.9999999993587562]"
sampleJointGoalAndRSASignal_fromStart,session_20_player2,20,5,2,equal_to_both,12,"[0.5, 0.4995048483748881, 0.4994511318335312, 0.9938295940719692, 0.9999342590680265, 0.9999353825369295, 0.9999360474715965, 0.9999996056199882, 0.9999999958023789, 0.999999999902566, 0.999999999952807, 0.9999999999780791]"
sampleJointGoalAndRSASignal_fromStart,session_20_player1,20,7,1,closer_to_player1,9,"[0.5, 0.9999358990622124, 0.9999999867367436, 0.9999999999794437, 0.9999999999999597, 1.0, 1.0, 1.0, 1.0]"
sampleJointGoalAndRSASignal_fromStart,session_20_player2,20,7,2,closer_to_player1,9,"[0.5, 0.5039892839911588, 0.0003530835074400954, 0.05547915221723278, 0.8497635811507139, 0.9970221895018418, 0.9971004153289718, 0.9966101315204127, 0.999981204938131]"
sampleJointGoalAndRSASignal_fromStart,session_20_player1,20,8,1,closer_to_player1,9,"[0.5, 0.9229545219433469, 0.8569228346546499, 0.9999742418064722, 0.9999656975639666, 0.9999999980192693, 0.9999999999996388, 0.9999999999998195, 0.9999999999999104]"
sampleJointGoalAndRSASignal_fromStart,session_20_player2,20,8,2,closer_to_player1,9,"[0.5, 0.5035267641329116, 0.5058009303121549, 0.5066707106898728, 0.5078186147692866, 0.5140890282180759, 0.48954762165687066, 0.4470281859334345, 0.3767453578885791]"
sampleJointGoalAndRSASignal_fromStart,session_20_player1,20,11,1,closer_to_player2,9,"[0.5, 0.4898449554566547, 0.9888696836144063, 0.9998121270123518, 0.9999951874709682, 0.9999998188833805, 0.9999999901633935, 0.9999999921579524, 0.9999999925687663]"
sampleJointGoalAndRSASignal_fromStart,session_20_player2,20,11,2,closer_to_player2,9,"[0.5, 0.9996549912265627, 0.9999997186686459, 0.9999999995160047, 0.999999999998337, 0.9999999999999923, 1.0, 1.0, 1.0]"
sampleJointGoalAndRSASignal_fromStart,session_21_player1,21,0,1,closer_to_player1,9,"[0.5, 0.9996555392244894, 0.9996631145543257, 0.9999998493133506, 0.999999911561057, 0.999999999960847, 0.9999999999999544, 0.9999999999999998, 1.0]"
sampleJointGoalAndRSASignal_fromStart,session_21_player2,21,0,2,closer_to_player1,9,"[0.5, 0.9830061098679069, 0.9836670286474841, 0.99971689612785, 0.9999924429552278, 0.9999946575910865, 0.9999997696541679, 0.9999998899807324, 0.9999999476895459]"
sampleJointGoalAndRSASignal_fromStart,session_21_player1,21,3,1,closer_to_player2,13,"[0.5, 0.5035101254771449, 0.5063342598546101, 0.5134836304221181, 0.5329937163079963, 0.5329937163079963, 0.5413545028423417, 0.5469206280424141, 0.5504558359597609, 0.5504558359597609, 0.5525851627406422, 1.9610663108025176e-29, 1.9780214645654247e-29]"
sampleJointGoalAndRSASignal_fromStart,session_21_player2,21,3,2,closer_to_player2,7,"[0.5, 0.5207829036153778, 0.5374654644512225, 0.582554291241276, 0.5924552462123888, 0.5959054528260107, 0.5979767605667979]"
sampleJointGoalAndRSASignal_fromStart,session_21_player1,21,4,1,equal_to_both,11,"[0.5, 0.9892762229733918, 0.9895452054887943, 0.9896309850158739, 0.9897020816885764, 0.99012295578656, 0.9999767233114827, 0.9999868187156676, 0.9999999657455652, 0.9999999993307115, 0.9999999999971243]"
sampleJointGoalAndRSASignal_fromStart,session_21_player2,21,4,2,equal_to_both,11,"[0.5, 0.9894545364746299, 0.9998175069462103, 0.9998217881510361, 0.9999969635298072, 0.9999999209746226, 0.9999999969346838, 0.9999999978659926, 0.9999999998690322, 0.9999999999393837, 0.9999999999719301]"
sampleJointGoalAndRSASignal_fromStart,session_21_player1,21,5,1,closer_to_player1,9,"[0.5, 0.5056554487407499, 0.6114087767575914, 0.9999577608701293, 0.9999999908608314, 0.9999999999896163, 0.9999999999999903, 1.0, 1.0]"
sampleJointGoalAndRSASignal_fromStart,session_21_player2,21,5,2,closer_to_player1,9,"[0.5, 0.5024414633161254, 0.9896183451471114, 0.9998213736004287, 0.9998284319462853, 0.9999970572618845, 0.999999893673203, 0.9999999487030938, 0.9999999749502723]"
sampleJointGoalAndRSASignal_fromStart,session_21_player1,21,6,1,equal_to_both,11,"[0.5, 0.5025622382061145, 0.9938999523543149, 0.9939597159093219, 0.9940067220086946, 0.9999790048334051, 0.9999803615055105, 0.9999999072755386, 0.9999999989196914, 0.999999999689991, 0.9999999999954611]"
sampleJointGoalAndRSASignal_fromStart,session_21_player2,21,6,2,equal_to_both,11,"[0.5, 0.9894285762166415, 0.9998160662448128, 0.9999951606190438, 0.9999954043565112, 0.9999955254353105, 0.9999999238786015, 0.9999999263453881, 0.999999927586249, 0.9999999142335344, 0.9999999997253043]"
sampleJointGoalAndRSASignal_fromStart,session_21_player1,21,7,1,closer_to_player2,9,"[0.5, 0.983773287805372, 0.9995839550720871, 0.9995895737867273, 0.9993383984505134, 0.9999943674089438, 0.9999999268015111, 0.9999999986150154, 0.9999999999628997]"
sampleJointGoalAndRSASignal_fromStart,session_21_player2,21,7,2,closer_to_player2,10,"[0.5, 0.9991823299494944, 0.9999985598755115, 0.9999999949487981, 0.9999999999688184, 0.9999999999996753, 0.9999999999999944, 0.9999999999999998, 1.0, 1.0]"
sampleJointGoalAndRSASignal_fromStart,session_21_player1,21,8,1,equal_to_both,10,"[0.5, 0.9938486648523678, 0.9938929886439222, 0.9999621390732447, 0.9999996004414468, 0.9999996127758628, 0.9999999958785729, 0.9999999999043351, 0.9999999999536636, 0.999999999978477]"
sampleJointGoalAndRSASignal_fromStart,session_21_player2,21,8,2,equal_to_both,10,"[0.5, 0.4999727703421932, 0.4999739719625124, 0.49996649614534183, 0.49986658208429197, 0.49900522295159394, 0.9998929629950372, 0.9999999680147612, 0.999999999976247, 0.9999999999999606]"
sampleJointGoalAndRSASignal_fromStart,session_21_player1,21,9,1,closer_to_player1,9,"[0.5, 0.9996678977476844, 0.9999997378005979, 0.9999999995507858, 0.9999999995629889, 0.9999999999992332, 0.9999999999994044, 0.999999999999999, 1.0]"
sampleJointGoalAndRSASignal_fromStart,session_21_player2,21,9,2,closer_to_player1,9,"[0.5, 0.9832219703767315, 0.9836406803359282, 0.9839115235087519, 0.9841243536915335, 0.9998973893810909, 0.9999036418394726, 0.999934856920949, 0.9999997806903476]"
sampleJointGoalAndRSASignal_fromStart,session_21_player1,21,11,1,closer_to_player2,9,"[0.5, 0.41187411076426983, 0.22094046367217002, 0.4994865248137381, 0.9918592568412975, 0.9999607363959461, 0.9999997813356022, 0.9999999981254066, 0.9999999999745242]"
sampleJointGoalAndRSASignal_fromStart,session_21_player2,21,11,2,closer_to_player2,9,"[0.5, 0.9995412367156432, 0.9999994563832071, 0.9999999990460866, 0.9999999999967096, 0.9999999999999797, 0.9999999999999998, 1.0, 1.0]"
sampleJointGoalAndRSASignal_fromStart,session_22_player1,22,0,1,closer_to_player1,9,"[0.5, 0.5036213050698426, 0.999831623409945, 0.9999999210243296, 0.9999999673889117, 0.9999999999633377, 0.9999999999999446, 0.9999999999999999, 1.0]"
sampleJointGoalAndRSASignal_fromStart,session_22_player2,22,0,2,closer_to_player1,9,"[0.5, 0.3528552597885968, 0.22426423795486405, 0.9079487053050476, 0.8759431344495479, 0.9986490450904126, 0.998594078773711, 0.9999917402776459, 0.9999998534954655]"
sampleJointGoalAndRSASignal_fromStart,session_22_player1,22,5,1,equal_to_both,12,"[0.5, 0.49950455244258546, 0.49945078208861865, 0.4994493648355668, 0.49944958465932104, 0.499441650412007, 0.4993416367080372, 0.4984802559870682, 0.9998927380190942, 0.9999999679475263, 0.9999999999761972, 0.9999999999999606]"
sampleJointGoalAndRSASignal_fromStart,session_22_player2,22,5,2,equal_to_both,12,"[0.5, 0.9813699699426862, 0.982827779035265, 0.9831498634895027, 0.9998185456072088, 0.9998216461896503, 0.9998234813016272, 0.9998249309861987, 0.9999993954087618, 0.9999999961282459, 0.9999999999493063, 0.9999999999764531]"
sampleJointGoalAndRSASignal_fromStart,session_22_player1,22,6,1,closer_to_player2,10,"[0.5, 0.5027542148536315, 0.5092063887366116, 0.5223956304440007, 0.06657077891254456, 0.06808223268420148, 0.06890185496868882, 0.06929362769156013, 0.0694563132149535, 0.06951391411721397]"
sampleJointGoalAndRSASignal_fromStart,session_22_player2,22,6,2,closer_to_player2,13,"[0.5, 0.4836742389120843, 0.1594007827082337, 0.17502518165108083, 0.16552585804894132, 0.030788686304192747, 0.033989149480577345, 0.0371037459186439, 0.03997977462710057, 0.04236727062981658, 0.05244610311690062, 0.05322706458237006, 0.053272894291973204]"
sampleJointGoalAndRSASignal_fromStart,session_22_player1,22,7,1,closer_to_player1,9,"[0.5, 0.4854445751062629, 0.9999024956276709, 0.9999999766899822, 0.9999999999866928, 0.9999999999999832, 0.9999999999999768, 1.0, 1.0]"
sampleJointGoalAndRSASignal_fromStart,session_22_player2,22,7,2,closer_to_player1,9,"[0.5, 0.9799056478531659, 0.9988436897274476, 0.9995540769403342, 0.999782727188991, 0.9998933938737621, 0.9999491007928053, 0.9999852070149208, 0.9999998684077617]"
sampleJointGoalAndRSASignal_fromStart,session_22_player1,22,8,1,closer_to_player2,8,"[0.5, 0.5024705867809373, 0.5039361353939675, 0.5050839727627339, 0.5113555872602452, 0.48681404208590134, 0.4443253675344673, 0.3741799336696856]"
sampleJointGoalAndRSASignal_fromStart,session_22_player2,22,8,2,closer_to_player2,8,"[0.5, 0.4964892294021977, 0.5021318453138496, 0.5512666671152909, 0.9999942835120645, 0.9999933291042742, 0.9999999999796949, 0.9999999999999997]"
sampleJointGoalAndRSASignal_fromStart,session_22_player1,22,9,1,closer_to_player2,9,"[0.5, 0.5035666742641242, 0.5050214813716204, 0.5057020201779064, 0.5106501970076991, 0.5019571461903172, 0.5682966523957359, 0.44550636839621705, 0.7059877468858587]"
sampleJointGoalAndRSASignal_fromStart,session_22_player2,22,9,2,closer_to_player2,9,"[0.5, 0.4167572022147276, 0.3455665987410255, 0.29208556201073477, 0.9999620401039995, 0.9999622918591459, 0.9999681668256065, 0.999999999525754, 0.999999999999994]"
sampleJointGoalAndRSASignal_fromStart,session_22_player1,22,11,1,closer_to_player1,9,"[0.5, 0.9985510434997799, 0.9999984397879349, 0.9999999963773089, 0.9999999999833729, 0.9999999999998472, 0.9999999999999982, 1.0, 1.0]"
sampleJointGoalAndRSASignal_fromStart,session_22_player2,22,11,2,closer_to_player1,9,"[0.5, 0.503028178802207, 0.9900002803025643, 0.9899230293075375, 0.9835997946089153, 0.99994873347586, 0.9999997299688649, 0.9999999977048664, 0.9999999999700108]"
sampleJointGoalAndRSASignal_fromStart,session_23_player1,23,1,1,closer_to_player1,9,"[0.5, 0.9995115931753973, 0.999999600411165, 0.9999999993010897, 0.9999999999961002, 0.999999999999988, 0.9999999999999999, 1.0, 1.0]"
sampleJointGoalAndRSASignal_fromStart,session_23_player2,23,1,2,closer_to_player1,9,"[0.5, 0.9832490121998636, 0.9995572113305107, 0.9995734167808167, 0.9995777100750601, 0.9993589816372878, 0.9999966193393501, 0.9999999712549295, 0.9999999996263998]"
sampleJointGoalAndRSASignal_fromStart,session_23_player1,23,2,1,closer_to_player1,9,"[0.5, 0.99965495933285, 0.9996628807385329, 0.9997960880302554, 0.9999999571773094, 0.9999999999347937, 0.9999999999999442, 0.9999999999999998, 1.0]"
sampleJointGoalAndRSASignal_fromStart,session_23_player2,23,2,2,closer_to_player1,9,"[0.5, 0.9832133209650126, 0.9995548401061433, 0.9995818703934197, 0.9995989293579035, 0.9999930358004486, 0.9999996828447356, 0.9999998444524387, 0.9999999235599754]"
sampleJointGoalAndRSASignal_fromStart,session_23_player1,23,4,1,closer_to_player2,9,"[0.5, 0.5034379190782736, 0.5059016477645268, 0.507362934479881, 0.5076974372988674, 0.5101029470060745, 0.5164577426208471, 0.4703011943815167, 0.5797336660117492]"
sampleJointGoalAndRSASignal_fromStart,session_23_player2,23,4,2,closer_to_player2,9,"[0.5, 0.5031672337652487, 0.6086517336899213, 0.9999013361066146, 0.9998688176320468, 0.9999999924376963, 0.999999999998626, 0.9999999999993132, 0.9999999999996592]"
sampleJointGoalAndRSASignal_fromStart,session_23_player1,23,6,1,closer_to_player1,9,"[0.5, 0.6234319518219219, 0.45287046002693077, 0.2926798661161271, 0.9999104362225587, 0.9999999948280196, 0.999999999999057, 0.9999999999995287, 0.999999999999766]"
sampleJointGoalAndRSASignal_fromStart,session_23_player2,23,6,2,closer_to_player1,9,"[0.5, 0.5033991647714974, 0.5053666589416567, 0.5005783884721613, 0.3771116616965235, 0.5477030653572524, 0.7077991357590641, 0.8289407284356133, 0.9070486354308183]"
sampleJointGoalAndRSASignal_fromStart,session_23_player1,23,7,1,equal_to_both,10,"[0.5, 0.9938338768149192, 0.9938771120613712, 0.999962076110655, 0.9999624306789545, 0.9999997723090589, 0.9999997730737968, 0.9999999989057012, 0.99999999999, 0.9999999999901906]"
sampleJointGoalAndRSASignal_fromStart,session_23_player2,23,7,2,equal_to_both,10,"[0.5, 0.5461644050697793, 0.5506728819409552, 0.5591602410076535, 0.999136573128547, 0.9995193250441486, 0.9999992785195658, 0.9999999953188743, 0.9999999999791537, 0.9999999999998533]"
sampleJointGoalAndRSASignal_fromStart,session_23_player1,23,9,1,closer_to_player2,9,"[0.5, 0.974350759653507, 0.9992711541464887, 0.9992940490992843, 0.9992981251800491, 0.9989348324895143, 0.9999943597247676, 0.9999999519091882, 0.999999999353368]"
sampleJointGoalAndRSASignal_fromStart,session_23_player2,23,9,2,closer_to_player2,9,"[0.5, 0.9995404889126599, 0.9999994793526829, 0.9999999990492504, 0.9999999999976141, 0.9999999999999891, 0.9999999999999999, 1.0, 1.0]"
sampleJointGoalAndRSASignal_fromStart,session_24_player1,24,0,1,closer_to_player2,10,"[0.5, 0.5080688580850191, 0.5054931560897244, 0.5054931560897244, 0.5221334046752817, 0.5341466399453014, 0.5425034874774345, 0.5480672965976184, 0.5516008928409585, 0.553729193085048]"
sampleJointGoalAndRSASignal_fromStart,session_24_player2,24,0,2,closer_to_player2,12,"[0.5, 0.31036041042865137, 0.20718263422850525, 0.04435789077593509, 0.011059774163695876, 0.021820402738400625, 0.042676180911852026, 0.08185020886247357, 0.1513278964181414, 0.26291464206485604, 0.41643428349648526, 0.5898170080718889]"
sampleJointGoalAndRSASignal_fromStart,session_24_player1,24,1,1,equal_to_both,8,"[0.5, 0.9982965101770775, 0.9999942578411852, 0.999994305009268, 0.9999999803359806, 0.9999999998740732, 0.9999999998976902, 0.9999999999991255]"
sampleJointGoalAndRSASignal_fromStart,session_24_player2,24,1,2,equal_to_both,8,"[0.5, 0.49999206608009067, 0.4998920521032677, 0.4990306665686777, 0.9998929738880791, 0.9999999680180173, 0.9999999999762494, 0.9999999999999606]"
sampleJointGoalAndRSASignal_fromStart,session_24_player1,24,3,1,closer_to_player2,18,"[0.5, 0.5185036283268252, 0.5299651838113002, 0.530267859672923, 0.5496951242510327, 0.5580048616726373, 0.05541651399171636, 0.003921599068162208, 0.004115559156712485, 0.004255719319340135, 0.004351875187969327, 0.004351875187969327, 0.004414173092706075, 8.5954355138408e-05, 8.719015551207926e-05, 1.2012467787881297e-06, 9.985712385719147e-07, 7.371167018806279e-07]"
sampleJointGoalAndRSASignal_fromStart,session_24_player2,24,3,2,closer_to_player2,19,"[0.5, 0.4953746797567915, 0.4929528559060797, 0.49878329802305477, 0.9570314782910713, 0.9457548308339416, 0.9974020656223872, 0.997461805688163, 0.9998844542910024, 0.9999936472125104, 0.9999935853639396, 0.9999996473549961, 0.999999649667361, 0.9999997462816043, 0.9999999999906567, 0.9999999999999994, 0.9999999999999997, 0.9999999999999997, 0.9999999999999997]"
sampleJointGoalAndRSASignal_fromStart,session_24_player1,24,4,1,closer_to_player1,9,"[0.5, 0.4999335728883817, 0.5015799720078482, 0.5815110359631761, 0.9999734991005356, 0.9999664200323011, 0.9999609399258528, 0.9999999998824385, 0.9999999999999982]"
sampleJointGoalAndRSASignal_fromStart,session_24_player2,24,4,2,closer_to_player1,9,"[0.5, 0.512990568890574, 0.5071126197845814, 0.374261726074808, 0.5446507794109487, 0.7052321061082183, 0.8271687523159322, 0.9054361410632767, 0.9507237192794651]"
sampleJointGoalAndRSASignal_fromStart,session_24_player1,24,6,1,closer_to_player1,9,"[0.5, 0.5032199709380164, 0.6096667240364434, 0.9999012361117399, 0.9999999820446125, 0.9999999865171565, 0.9999999999975416, 0.9999999999987712, 0.9999999999993898]"
sampleJointGoalAndRSASignal_fromStart,session_24_player2,24,6,2,closer_to_player1,9,"[0.5, 0.5030167648183768, 0.5131522281541603, 0.5083660056954955, 0.5917440008983325, 0.6625380886717795, 0.5859816851699259, 0.73900394643658, 0.8507859997910364]"
sampleJointGoalAndRSASignal_fromStart,session_24_player1,24,7,1,closer_to_player1,9,"[0.5, 0.9996504216175812, 0.9999997045389891, 0.9999997936912972, 0.9999998528152455, 0.9999998930091022, 0.9999999999701644, 0.9999999999901688, 0.9999999999999968]"
sampleJointGoalAndRSASignal_fromStart,session_24_player2,24,7,2,closer_to_player1,9,"[0.5, 0.5148955703991668, 0.5241816561446675, 0.5307077975485602, 0.9968737491733068, 0.9976816344038094, 0.999983350153735, 0.9999905458631724, 0.9999946995683586]"
sampleJointGoalAndRSASignal_fromStart,session_24_player1,24,9,1,closer_to_player2,9,"[0.5, 0.502373110976813, 0.5056530468770175, 0.49594966148916403, 0.510462597244662, 0.4203137861088704, 0.6148908572815345, 0.40098392895257284, 0.999588765782183]"
sampleJointGoalAndRSASignal_fromStart,session_24_player2,24,9,2,closer_to_player2,9,"[0.5, 0.49584369002342127, 0.9998659145890864, 0.9999999533336177, 0.999999999938483, 0.9999999999693042, 0.9999999999850258, 0.9999999999954673, 0.9999999999999988]"
sampleJointGoalAndRSASignal_fromStart,session_24_player1,24,10,1,equal_to_both,13,"[0.5, 0.003366779319145726, 0.011933158811268019, 0.7742324585384291, 0.9981857002264363, 0.999980564226816, 0.9999996542746927, 0.9999999842867139, 0.9999999925550108, 0.9999999963751355, 0.9999999982181145, 0.9999999991185112, 0.9999999995630446]"
sampleJointGoalAndRSASignal_fromStart,session_24_player2,24,10,2,equal_to_both,13,"[0.5, 0.9965821231126568, 0.9999777715702467, 0.9997215142801157, 0.9997215142801158, 0.9997215142801158, 0.9998414572066772, 0.9998909730216248, 0.9999988886671181, 0.9999994505029589, 0.9999997275802515, 0.9999998696134932, 0.9999999632469637]"
sampleJointGoalAndRSASignal_fromStart,session_24_player1,24,11,1,equal_to_both,11,"[0.5, 0.5000968628727275, 0.9937626781710107, 0.9999324615318581, 0.9999347489998401, 0.999999308228713, 0.9999999881555135, 0.9999999886364035, 0.9999999997966558, 0.9999999998403154, 0.9999999999959996]"
sampleJointGoalAndRSASignal_fromStart,session_24_player2,24,11,2,equal_to_both,11,"[0.5, 0.9894609058699039, 0.9998177897591819, 0.9998219325401534, 0.9999969658392961, 0.9999970443774483, 0.9999999495362072, 0.999999951443158, 0.9999999991313115, 0.9999999993176246, 0.9999999999829057]"
sampleJointGoalAndRSASignal_fromStart,session_25_player1,25,0,1,closer_to_player1,9,"[0.5, 0.9996549565602424, 0.9999997182578936, 0.9999999995189883, 0.9999999999984054, 0.9999999999999901, 1.0, 1.0, 1.0]"
sampleJointGoalAndRSASignal_fromStart,session_25_player2,25,0,2,closer_to_player1,9,"[0.5, 0.4211977833146154, 0.33508354888698366, 0.1705365820611614, 0.9875217581207613, 0.9999591778899117, 0.9999997840563931, 0.99999999815873, 0.9999999999752397]"
sampleJointGoalAndRSASignal_fromStart,session_25_player1,25,1,1,closer_to_player1,9,"[0.5, 0.4952671790418303, 0.49699685670381544, 0.43548874217224, 0.3943460780478191, 0.46546050074805245, 1.0, 1.0, 1.0]"
sampleJointGoalAndRSASignal_fromStart,session_25_player2,25,1,2,closer_to_player1,9,"[0.5, 0.5035047978085626, 0.5062692358841281, 0.5127263458332917, 0.5084607514021756, 0.5374230105634048, 0.5389368208069383, 0.5395628962164623, 0.5397842111235215]"
sampleJointGoalAndRSASignal_fromStart,session_25_player1,25,2,1,equal_to_both,12,"[0.5, 0.9811851344955599, 0.9994521351105997, 0.9995555455930313, 0.9999881727788833, 0.9999892593840852, 0.9999997119214042, 0.9999998035079872, 0.9999998597807944, 0.9999999962489933, 0.9999999983063622, 0.9999999995115691]"
sampleJointGoalAndRSASignal_fromStart,session_25_player2,25,2,2,equal_to_both,12,"[0.5, 0.982866963004557, 0.999538261721243, 0.9995586035315255, 0.9995689558754183, 0.9999926538102862, 0.9999928425742867, 0.9999998782042856, 0.9999998822546975, 0.999999884741283, 0.9999998706704945, 0.9999999994443131]"
sampleJointGoalAndRSASignal_fromStart,session_25_player1,25,5,1,closer_to_player2,9,"[0.5, 0.9830741573449543, 0.9995342906170204, 0.9999703189208664, 0.9999860830803168, 0.9999932818444051, 0.9999967185204899, 0.9999983838643592, 0.9999991998462384]"
sampleJointGoalAndRSASignal_fromStart,session_25_player2,25,5,2,closer_to_player2,9,"[0.5, 0.9996592388402544, 0.9996594405440863, 0.9999998826657733, 0.9999999999031601, 0.9999999999296555, 0.9999999999998952, 0.9999999999999704, 0.9999999999999999]"
sampleJointGoalAndRSASignal_fromStart,session_25_player1,25,6,1,closer_to_player1,5,"[0.5, 0.9999947245919678, 0.9999999999582724, 0.999999999999999, 1.0]"
sampleJointGoalAndRSASignal_fromStart,session_25_player2,25,6,2,closer_to_player1,5,"[0.5, 0.6671198380177773, 0.804248232633894, 0.9315110898410033, 0.9999806905754003]"
sampleJointGoalAndRSASignal_fromStart,session_25_player1,25,9,1,closer_to_player2,11,"[0.5, 0.5214879318911881, 0.5390874104510297, 0.543517458329164, 0.5630849848893783, 0.571376999934084, 0.571376999934084, 0.5768640687972975, 0.5803449163726253, 0.5803449163726253, 0.5824400632871218]"
sampleJointGoalAndRSASignal_fromStart,session_25_player2,25,9,2,closer_to_player2,11,"[0.5, 0.6900006917352584, 0.7929096270058514, 0.999603353769414, 0.9999995140699453, 0.999999998518682, 0.9999999992592742, 0.9999999996296783, 0.9999999998148775, 0.9999999999074667, 0.9999999999540786]"
sampleJointGoalAndRSASignal_fromStart,session_25_player1,25,10,1,equal_to_both,12,"[0.5, 0.5012570842325647, 0.5013443446305225, 0.9938810065205004, 0.999934884204319, 0.9999988894286652, 0.9999999704451012, 0.9999999792744555, 0.9999999849030436, 0.999999999633874, 0.9999999998321639, 0.9999999999510488]"
sampleJointGoalAndRSASignal_fromStart,session_25_player2,25,10,2,equal_to_both,12,"[0.5, 0.4877949792145201, 0.9888533526771653, 0.9998051546230563, 0.9999948560796741, 0.9999998026384117, 0.9999998216409767, 0.9999998311053562, 0.9999998366300585, 0.9999998400150708, 0.9999999984888892, 0.9999999985893994]"
sampleJointGoalAndRSASignal_fromStart,session_25_player1,25,11,1,closer_to_player2,9,"[0.5, 0.9831891739189091, 0.9995555476009115, 0.9995718287486716, 0.9995763006353949, 0.9993594483961113, 0.9999966215827726, 0.9999999712476826, 0.9999999996198645]"
sampleJointGoalAndRSASignal_fromStart,session_25_player2,25,11,2,closer_to_player2,9,"[0.5, 0.9993997111606544, 0.999999073558173, 0.9999999940830752, 0.9999999999465543, 0.9999999999997259, 0.9999999999999983, 1.0, 1.0]"
sampleJointGoalAndRSASignal_fromStart,session_26_player1,26,0,1,closer_to_player1,9,"[0.5, 0.9996551152143421, 0.9999997251413468, 0.9999999995316369, 0.9999999999984277, 0.9999999999999903, 1.0, 1.0, 1.0]"
sampleJointGoalAndRSASignal_fromStart,session_26_player2,26,0,2,closer_to_player1,9,"[0.5, 0.4899608836914096, 0.9888787849739898, 0.9998123994850674, 0.9999951973275014, 0.9999953451020579, 0.9999999050583666, 0.9999999968239296, 0.9999999969899833]"
sampleJointGoalAndRSASignal_fromStart,session_26_player1,26,1,1,closer_to_player1,12,"[0.5, 0.996572614788452, 0.9965430594632027, 0.9965326975958335, 0.9999940520137972, 0.9999940620786095, 0.9999999898709397, 0.9999999999659162, 0.9999999999664285, 0.9999999999998832, 0.9999999999999991, 0.9999999999999996]"
sampleJointGoalAndRSASignal_fromStart,session_26_player2,26,1,2,closer_to_player1,12,"[0.5, 0.5025745899580313, 0.0008078642086734044, 0.0008092324513289358, 0.0003775792120095732, 0.00037821897650053185, 0.18154020306062527, 0.9850560696660555, 0.9999058376778348, 0.9999986456468396, 0.999999337007029, 0.9999996884784172]"
sampleJointGoalAndRSASignal_fromStart,session_26_player1,26,2,1,closer_to_player2,9,"[0.5, 0.5038575022392463, 0.5058374777687652, 0.5130563493869169, 0.5176220999191352, 0.5159930718133614, 0.4356937227466492, 0.6070170638787314, 0.7568395916157664]"
sampleJointGoalAndRSASignal_fromStart,session_26_player2,26,2,2,closer_to_player2,8,"[0.5, 0.6056298996672964, 0.9999000782975044, 0.9999999818597016, 0.9999999999903822, 0.9999999999951922, 0.9999999999975968, 0.9999999999988074]"
sampleJointGoalAndRSASignal_fromStart,session_26_player1,26,3,1,closer_to_player2,9,"[0.5, 0.9832156217229857, 0.9836357185633303, 0.9997163787769415, 0.9999923154303472, 0.9999945370899378, 0.9999958380398055, 0.9999998887381376, 0.9999999434394383]"
sampleJointGoalAndRSASignal_fromStart,session_26_player2,26,3,2,closer_to_player2,9,"[0.5, 0.9996544268567291, 0.9996628853373867, 0.9999998455266591, 0.9999999121208281, 0.9999999999469444, 0.9999999999998788, 0.9999999999999994, 1.0]"
sampleJointGoalAndRSASignal_fromStart,session_26_player1,26,6,1,equal_to_both,5,"[0.5, 0.5969174730721133, 0.6988451204841248, 0.7995884396467818, 0.8886178000549958]"
sampleJointGoalAndRSASignal_fromStart,session_26_player2,26,6,2,equal_to_both,5,"[0.5, 0.6040656320885178, 0.9998581947649832, 0.9999034230330623, 0.9999379582403954]"
sampleJointGoalAndRSASignal_fromStart,session_26_player1,26,7,1,closer_to_player2,9,"[0.5, 0.5184833226891199, 0.5299634260928949, 0.5302702356128336, 0.5240021881591669, 0.5090538614647591, 0.48171589331325254, 0.43586548964979427, 0.5455375538211216]"
sampleJointGoalAndRSASignal_fromStart,session_26_player2,26,7,2,closer_to_player2,6,"[0.5, 0.49135827948858457, 0.485324703661167, 0.4916873144314791, 0.4456952146902605, 0.37246409252101514]"
sampleJointGoalAndRSASignal_fromStart,session_26_player1,26,8,1,equal_to_both,10,"[0.5, 0.500001310744603, 0.9966410676918094, 0.9966562084749983, 0.9966688298406817, 0.9999942310676887, 0.9999999800806779, 0.9999999998724385, 0.9999999998963619, 0.9999999999991139]"
sampleJointGoalAndRSASignal_fromStart,session_26_player2,26,8,2,equal_to_both,10,"[0.5, 0.9937637496240529, 0.993860338043516, 0.9938910956470526, 0.993914236160407, 0.9940216633561739, 0.9999951318507907, 0.9999999909872195, 0.9999999939148927, 0.9999999999899115]"
sampleJointGoalAndRSASignal_fromStart,session_26_player1,26,10,1,equal_to_both,11,"[0.5, 0.4999995384191024, 0.500000849163315, 0.5000011700507541, 0.49999324059326744, 0.9992062259208185, 0.9992203101641757, 0.9999993684006482, 0.9999995046702455, 0.9999999996321569, 0.9999999999993902]"
sampleJointGoalAndRSASignal_fromStart,session_26_player2,26,10,2,equal_to_both,11,"[0.5, 0.9883644188101147, 0.989261721185122, 0.9894273160824765, 0.9894800527559118, 0.9999642204689623, 0.9999645161527337, 0.999999877474402, 0.9999998837335909, 0.999999921501075, 0.9999999998698575]"
sampleJointGoalAndRSASignal_fromStart,session_26_player1,26,11,1,closer_to_player1,9,"[0.5, 0.9995412508412093, 0.9997345798019365, 0.9999998449174249, 0.999999999405805, 0.99999999999763, 0.9999999999999959, 1.0, 1.0]"
sampleJointGoalAndRSASignal_fromStart,session_26_player2,26,11,2,closer_to_player1,9,"[0.5, 0.9832244563059601, 0.9995560912287094, 0.9999831830664169, 0.999999089288521, 0.9999993783030448, 0.9999995417548074, 0.9999996230297663, 0.9999999889327713]"
sampleJointGoalAndRSASignal_fromStart,session_27_player1,27,0,1,equal_to_both,12,"[0.5, 0.9829791595151947, 0.9995449532180384, 0.999982664850539, 0.9999835799913469, 0.999999377505652, 0.9999994240548218, 0.9999994544919836, 0.9999999856175569, 0.9999999991585525, 0.9999999996206635, 0.9999999998338084]"
sampleJointGoalAndRSASignal_fromStart,session_27_player2,27,0,2,equal_to_both,12,"[0.5, 0.9817784801898114, 0.9994907453467956, 0.9995591589048523, 0.9999883163967443, 0.9999890419957058, 0.9999893476007509, 0.9999998180858488, 0.9999999952030553, 0.9999999997193968, 0.999999999873522, 0.9999999999445894]"
sampleJointGoalAndRSASignal_fromStart,session_27_player1,27,3,1,closer_to_player1,9,"[0.5, 0.9996520663086502, 0.9996649394023192, 0.9999998809128846, 0.9999999171528399, 0.9999999630371864, 0.9999999999875967, 0.9999999999999888, 1.0]"
sampleJointGoalAndRSASignal_fromStart,session_27_player2,27,3,2,closer_to_player1,9,"[0.5, 0.9830615830891004, 0.9840012963971488, 0.9997045148870353, 0.9999808533096559, 0.9999898208711652, 0.9999945006751815, 0.9999969977922073, 0.9999983570358485]"
sampleJointGoalAndRSASignal_fromStart,session_27_player1,27,4,1,closer_to_player2,11,"[0.5, 0.983224035728164, 0.9995560646032309, 0.9999831742350461, 0.9999990837655885, 0.9953635612818096, 0.9997464185303361, 0.9998267091974024, 0.9999842140547228, 0.9999926378002584, 0.999996515898031]"
sampleJointGoalAndRSASignal_fromStart,session_27_player2,27,4,2,closer_to_player2,11,"[0.5, 0.8731407113022459, 0.9998809342248915, 0.9998846469913762, 0.9999998734923974, 0.9999999284878462, 0.9999999998937474, 0.9999999999996443, 0.9999999999999954, 1.0, 1.0]"
sampleJointGoalAndRSASignal_fromStart,session_27_player1,27,5,1,equal_to_both,6,"[0.5, 0.5038635144792635, 0.6077558445675442, 0.9998603692260102, 0.9999049039432328, 0.9999389096187512]"
sampleJointGoalAndRSASignal_fromStart,session_27_player2,27,5,2,equal_to_both,6,"[0.5, 0.5668261958749248, 0.6357042066373003, 0.7025165603240484, 0.5883066841477096, 0.7402590258173185]"
sampleJointGoalAndRSASignal_fromStart,session_27_player1,27,8,1,equal_to_both,10,"[0.5, 0.49998370918380053, 0.49997079143922096, 0.9982977272725932, 0.999994270166917, 0.9999999647414799, 0.9999999653445519, 0.9999999997864023, 0.9999999999973157, 0.999999999998686]"
sampleJointGoalAndRSASignal_fromStart,session_27_player2,27,8,2,equal_to_both,10,"[0.5, 0.9928571073744088, 0.9938491058237405, 0.9939585467069401, 0.9939905737621364, 0.9941891688429082, 0.9966092558876863, 0.9999928625419813, 0.9999999960937104, 0.9999999999953738]"
sampleJointGoalAndRSASignal_fromStart,session_27_player1,27,9,1,closer_to_player1,9,"[0.5, 0.5087963255685717, 0.5180864546627407, 0.6041427515927474, 0.9999760815908421, 0.999999998637718, 0.999999999999821, 0.9999999999999999, 1.0]"
sampleJointGoalAndRSASignal_fromStart,session_27_player2,27,9,2,closer_to_player1,9,"[0.5, 0.9740829454916721, 0.9740981474043044, 0.9737543274583098, 0.9731164853973435, 0.9998101178873109, 0.9998501038505704, 0.9998697722122595, 0.9998682884170796]"
sampleJointGoalAndRSASignal_fromStart,session_27_player1,27,10,1,closer_to_player1,9,"[0.5, 0.5035760951068531, 0.9998316265885212, 0.9999999211304945, 0.9999999998620642, 0.9999999999609197, 0.9999999999999261, 0.9999999999999999, 1.0]"
sampleJointGoalAndRSASignal_fromStart,session_27_player2,27,10,2,closer_to_player1,9,"[0.5, 0.9831463290864079, 0.9995514089022529, 0.9995799000822687, 0.9999888924976023, 0.9999919688820736, 0.99999970982012, 0.9999998600050302, 0.999999931636534]"
sampleJointGoalAndRSASignal_fromStart,session_27_player1,27,11,1,closer_to_player2,9,"[0.5, 0.9826085496643285, 0.9995197313501171, 0.9995998355179314, 0.9999892479496804, 0.999999160144322, 0.9999995851879833, 0.9999997909725694, 0.9999998937404421]"
sampleJointGoalAndRSASignal_fromStart,session_27_player2,27,11,2,closer_to_player2,9,"[0.5, 0.999654961480975, 0.9996632112359534, 0.9999998456941153, 0.9999999122094518, 0.9999999999469982, 0.9999999999998436, 0.9999999999999997, 1.0]"
sampleJointGoalAndRSASignal_fromStart,session_28_player1,28,1,1,closer_to_player1,9,"[0.5, 0.9996549606877909, 0.9999997188948062, 0.9999997282238944, 0.9999999997024354, 0.9999999998329325, 0.9999999999993696, 0.999999999999998, 1.0]"
sampleJointGoalAndRSASignal_fromStart,session_28_player2,28,1,2,closer_to_player1,9,"[0.5, 0.9832137108896634, 0.9995550629212604, 0.9995812234978207, 0.9999889419403432, 0.999999365862439, 0.9999997000122605, 0.9999998558377764, 0.999999929875749]"
sampleJointGoalAndRSASignal_fromStart,session_28_player1,28,2,1,equal_to_both,12,"[0.5, 0.9828669665797526, 0.9831940153512386, 0.9997073467357536, 0.9997142114970834, 0.9999951300653851, 0.9999998732577366, 0.9999999950837927, 0.9999999965774418, 0.9999999997899516, 0.9999999999027824, 0.999999999954981]"
sampleJointGoalAndRSASignal_fromStart,session_28_player2,28,2,2,equal_to_both,12,"[0.5, 0.5120843531296537, 0.9897771539895811, 0.9900337195408209, 0.9901155377742947, 0.9901833467271313, 0.9999655057242826, 0.9999672685210234, 0.9999998475664296, 0.9999999986898924, 0.9999999999751638, 0.9999999999928375]"
sampleJointGoalAndRSASignal_fromStart,session_28_player1,28,3,1,equal_to_both,12,"[0.5, 0.4987311526287947, 0.4986451963336228, 0.49862414334925453, 0.4982165301201473, 0.49035624902996594, 0.9994053360456018, 0.9999992524338204, 0.9999988988177214, 0.9999999986957236, 0.9999999999969419, 0.9999999999999869]"
sampleJointGoalAndRSASignal_fromStart,session_28_player2,28,3,2,equal_to_both,12,"[0.5, 0.9811855633287875, 0.9833855458592647, 0.9837998635444875, 0.9998255243023364, 0.999828657085818, 0.9999981859347765, 0.9999982513845128, 0.9999999805294484, 0.9999999858903289, 0.9999999997325173, 0.9999999999228603]"
sampleJointGoalAndRSASignal_fromStart,session_28_player1,28,4,1,closer_to_player1,6,"[0.5, 0.5016195744922259, 0.4955827636392078, 0.5019486998558669, 0.5851603259172243, 0.5872486129808587]"
sampleJointGoalAndRSASignal_fromStart,session_28_player2,28,4,2,closer_to_player1,11,"[0.5, 0.5034052049878841, 0.5055965908776696, 0.5070579007044498, 0.5082390965493052, 0.5024250991325391, 0.4966007266047083, 0.44845226981329633, 0.6209807647411739, 1.1066036617688375e-33, 7.175057062604016e-29]"
sampleJointGoalAndRSASignal_fromStart,session_28_player1,28,5,1,closer_to_player2,9,"[0.5, 0.5035049153442097, 0.5062694725291975, 0.5127267124149191, 0.5259161850916152, 0.5291193273731536, 0.5306365783467104, 0.531264121855316, 0.5314859620156874]"
sampleJointGoalAndRSASignal_fromStart,session_28_player2,28,5,2,closer_to_player2,9,"[0.5, 0.5032793513683604, 0.6097281812318193, 0.9999012617675491, 0.9999999820492994, 0.9999999865206771, 0.9999999999975424, 0.9999999999987714, 0.9999999999993899]"
sampleJointGoalAndRSASignal_fromStart,session_28_player1,28,7,1,closer_to_player2,9,"[0.5, 0.9831531115884671, 0.9835519095605345, 0.9997155081682982, 0.9999925874865017, 0.9999997093724028, 0.999999784767958, 0.9999998220644756, 0.9999998265396163]"
sampleJointGoalAndRSASignal_fromStart,session_28_player2,28,7,2,closer_to_player2,9,"[0.5, 0.9995263805431328, 0.9997431668819907, 0.9999996217094869, 0.9999999995783447, 0.9999999999991936, 0.9999999999999978, 1.0, 1.0]"
sampleJointGoalAndRSASignal_fromStart,session_28_player1,28,9,1,equal_to_both,11,"[0.5, 0.500018034183156, 0.500019196776194, 0.9966417102630726, 0.9966616508347682, 0.9999886120180734, 0.9999890255639328, 0.9999999618698523, 0.9999999997437007, 0.9999999999967748, 0.9999999999999193]"
sampleJointGoalAndRSASignal_fromStart,session_28_player2,28,9,2,equal_to_both,11,"[0.5, 0.5000000137565004, 0.9938491060866346, 0.9938937362981161, 0.9999621019897974, 0.9999625790096021, 0.9999639377215676, 0.9999688143147062, 0.9999999482897587, 0.9999999998262673, 0.9999999999989148]"
sampleJointGoalAndRSASignal_fromStart,session_28_player1,28,10,1,closer_to_player2,11,"[0.5, 0.16488698955880063, 0.16768184906314254, 0.16963529674101746, 0.1705979100979073, 0.1716277003739164, 0.16905953175047098, 0.172613967572025, 0.20270944923845494, 0.2031170053371748, 0.20326124008722138]"
sampleJointGoalAndRSASignal_fromStart,session_28_player2,28,10,2,closer_to_player2,11,"[0.5, 0.4874340648110973, 0.47810989621686256, 0.48276252254564234, 0.5901739880278297, 0.9998928851083893, 0.9999999805269104, 0.9999999853775374, 0.9999999884862686, 0.9999999901336823, 0.9999999999998482]"
sampleJointGoalAndRSASignal_fromStart,session_28_player1,28,11,1,closer_to_player1,9,"[0.5, 0.9984861746090329, 0.9999981457645366, 0.9999986551419626, 0.9999999981843387, 0.9999999990922732, 0.9999999995462311, 0.9999999997731841, 0.9999999998874399]"
sampleJointGoalAndRSASignal_fromStart,session_28_player2,28,11,2,closer_to_player1,9,"[0.5, 0.5034887604924111, 0.506303113315551, 0.5023708938122755, 0.5094302471969813, 0.49445862126818835, 0.46714993131526017, 0.421547604112335, 0.531037857321861]"
sampleJointGoalAndRSASignal_fromStart,session_29_player1,29,0,1,closer_to_player2,11,"[0.5, 0.16495420625718712, 0.16774836676152885, 0.16968639986232265, 0.17096043524309948, 0.17202038928512003, 0.16911243277285587, 0.1658692967995559, 0.16267088195024157, 0.18676137365117668, 0.14494963371418068]"
sampleJointGoalAndRSASignal_fromStart,session_29_player2,29,0,2,closer_to_player2,11,"[0.5, 0.6367703917236445, 0.9978347742261946, 0.9999941246032149, 0.9999957454121962, 0.9999969138557252, 0.9999999958330186, 0.9999999979167415, 0.9999999989585866, 0.9999999994794502, 0.9999999997416679]"
sampleJointGoalAndRSASignal_fromStart,session_29_player1,29,1,1,closer_to_player1,9,"[0.5, 0.999654961642233, 0.9996628829054108, 0.9997960838495922, 0.9999999571929488, 0.9999999999746095, 0.9999999999999623, 0.9999999999999999, 1.0]"
sampleJointGoalAndRSASignal_fromStart,session_29_player2,29,1,2,closer_to_player1,9,"[0.5, 0.5034763274301092, 0.9896954495952471, 0.9998227597646411, 0.9998297727745108, 0.9999970836056004, 0.9999998960896956, 0.9999999500648292, 0.9999999757102368]"
sampleJointGoalAndRSASignal_fromStart,session_29_player1,29,3,1,closer_to_player2,9,"[0.5, 0.5180601426274665, 0.4344559920060224, 0.34604283072261965, 0.18291484883798576, 0.4418757752191225, 0.997622472719049, 0.9999968988367436, 0.9999999942962188]"
sampleJointGoalAndRSASignal_fromStart,session_29_player2,29,3,2,closer_to_player2,8,"[0.5, 0.9998292046337671, 0.9999999198904865, 0.9999999668228077, 0.9999999999628318, 0.9999999999999654, 0.9999999999999999, 1.0]"
sampleJointGoalAndRSASignal_fromStart,session_29_player1,29,4,1,equal_to_both,12,"[0.5, 0.9813324439374929, 0.9828486172561497, 0.9831756210229269, 0.9833028821630104, 0.9998953669496857, 0.9999988953406532, 0.9999999807686107, 0.999999986216, 0.9999999996257701, 0.9999999998218043, 0.9999999999174348]"
sampleJointGoalAndRSASignal_fromStart,session_29_player2,29,4,2,equal_to_both,12,"[0.5, 0.9813341136738213, 0.9994596367948393, 0.9995463367086967, 0.9995639708494855, 0.9999925490963237, 0.9999929203980976, 0.9999998767478575, 0.9999999940611951, 0.9999999971559252, 0.9999999986457474, 0.9999999993725213]"
sampleJointGoalAndRSASignal_fromStart,session_29_player1,29,6,1,closer_to_player2,9,"[0.5, 0.9831876353895463, 0.9995409224444725, 0.9996830011662159, 0.9997748203951674, 0.9999942017913267, 0.999997174555642, 0.9999986115445724, 0.999999314916551]"
sampleJointGoalAndRSASignal_fromStart,session_29_player2,29,6,2,closer_to_player2,9,"[0.5, 0.9996593277419121, 0.9999997278144128, 0.9999999995345289, 0.9999999995436558, 0.9999999995618565, 0.9999999997467957, 0.9999999999995403, 0.9999999999999998]"
sampleJointGoalAndRSASignal_fromStart,session_29_player1,29,7,1,equal_to_both,12,"[0.5, 0.9828669790901431, 0.9831940151643521, 0.9833779801772647, 0.9998212790411424, 0.9998240250020369, 0.9999981440752286, 0.9999999684184636, 0.999999999167998, 0.9999999993768868, 0.999999999978077, 0.999999999989848]"
sampleJointGoalAndRSASignal_fromStart,session_29_player2,29,7,2,equal_to_both,12,"[0.5, 0.5120843531295588, 0.5135544165600924, 0.513668349613296, 0.5140807992911963, 0.9983449054622701, 0.9984131153164099, 0.9999962912554291, 0.9999978998043019, 0.9999999945422449, 0.9999999998933624, 0.9999999999995418]"
sampleJointGoalAndRSASignal_fromStart,session_29_player1,29,9,1,closer_to_player1,9,"[0.5, 0.9996549365023376, 0.9999997187697302, 0.9999999995061195, 0.9999999999982951, 0.9999999999999893, 0.9999999999999999, 1.0, 1.0]"
sampleJointGoalAndRSASignal_fromStart,session_29_player2,29,9,2,closer_to_player1,9,"[0.5, 0.5020381627663597, 0.4953594101226318, 0.36274746466421937, 0.9970479068842903, 0.999990887358325, 0.999999951967279, 0.9999999995912097, 0.9999999999945954]"
sampleJointGoalAndRSASignal_fromStart,session_29_player1,29,10,1,closer_to_player1,8,"[0.5, 0.9998237881673515, 0.9999998660703301, 0.9999999612012658, 0.9999999999705506, 0.9999999999999825, 1.0, 1.0]"
sampleJointGoalAndRSASignal_fromStart,session_29_player2,29,10,2,closer_to_player1,9,"[0.5, 0.982256164833416, 0.9995267344473692, 0.9995552452094222, 0.9999882244105307, 0.9999993092269622, 0.9999996711562376, 0.9999998408536911, 0.9999999220209654]"
sampleJointGoalAndRSASignal_fromStart,session_29_player1,29,11,1,equal_to_both,11,"[0.5, 0.988651041283758, 0.9997940527263803, 0.999820414319302, 0.9999968791465936, 0.9999970419964458, 0.9999999493530417, 0.9999999514093251, 0.999999999130501, 0.9999999999695389, 0.9999999999866582]"
sampleJointGoalAndRSASignal_fromStart,session_29_player2,29,11,2,equal_to_both,11,"[0.5, 0.9894609154160721, 0.999817790093705, 0.9999952484803214, 0.9999998198694103, 0.9999999902023611, 0.9999999986489865, 0.9999999993994114, 0.9999999997302675, 0.9999999998784007, 0.999999999946726]"
