group,participantId,sessionIndex,trialIndex,playerIndex,distanceCondition,nSteps,posteriors
samplePosteriorOnlyGoalAndSignal_fromStart,session_0_player1,0,1,1,closer_to_player1,9,"[0.5, 0.9996521897698695, 0.9999997068772611, 0.9999999991482574, 0.9999999995817923, 0.9999999997976086, 0.9999999999414002, 0.9999999999999556, 1.0]"
samplePosteriorOnlyGoalAndSignal_fromStart,session_0_player2,0,1,2,closer_to_player1,9,"[0.5, 0.9830808315150754, 0.9839884185999379, 0.9997160273771357, 0.99998783056115, 0.9999941065179484, 0.9999971115682874, 0.999998572483854, 0.999999290871657]"
samplePosteriorOnlyGoalAndSignal_fromStart,session_0_player1,0,3,1,equal_to_both,12,"[0.5, 0.981334113672516, 0.99945963679476, 0.9995463367086698, 0.9999879688578188, 0.9999890034744221, 0.9999895514637509, 0.9999898881616553, 0.9999998919282985, 0.9999999970658909, 0.999999998602876, 0.9999999993526574]"
samplePosteriorOnlyGoalAndSignal_fromStart,session_0_player2,0,3,2,equal_to_both,12,"[0.5, 0.9813341169186017, 0.9994596369751401, 0.9995463367059514, 0.9999879688595711, 0.9999995207880996, 0.9999999459760234, 0.9999999749099042, 0.9999999880299054, 0.9999999942675596, 0.9999999972704049, 0.9999999987352709]"
samplePosteriorOnlyGoalAndSignal_fromStart,session_0_player1,0,4,1,closer_to_player2,9,"[0.5, 0.9830621541416056, 0.9995222564107381, 0.9999555095100593, 0.9999773004276364, 0.9999881909028736, 0.9999937862372034, 0.9999967159856096, 0.9999982736182345]"
samplePosteriorOnlyGoalAndSignal_fromStart,session_0_player2,0,4,2,closer_to_player2,9,"[0.5, 0.9996592340786165, 0.9999997274098993, 0.9999999995195972, 0.9999999999965914, 0.9999999999982253, 0.9999999999991117, 0.9999999999997332, 0.9999999999999994]"
samplePosteriorOnlyGoalAndSignal_fromStart,session_0_player1,0,5,1,closer_to_player1,6,"[0.5, 0.4920400643778575, 0.4985607791051956, 0.5480664807195472, 0.5487016479798256, 0.5489223680787408]"
samplePosteriorOnlyGoalAndSignal_fromStart,session_0_player2,0,5,2,closer_to_player1,9,"[0.5, 0.5034548841791626, 0.5057049502989643, 0.5065819325714191, 0.5077296362759174, 0.5139999863222544, 0.5631073654953839, 0.5637271886874654, 0.5639462754060355]"
samplePosteriorOnlyGoalAndSignal_fromStart,session_0_player1,0,6,1,closer_to_player1,2,"[0.5, 0.4278324302993386]"
samplePosteriorOnlyGoalAndSignal_fromStart,session_0_player2,0,6,2,closer_to_player1,9,"[0.5, 0.5045359656632611, 0.5077370829188783, 0.5144363296766351, 0.5278747696573916, 0.5311210993520206, 0.5326382414497071, 0.5332654700970512, 0.5334871948831041]"
samplePosteriorOnlyGoalAndSignal_fromStart,session_0_player1,0,7,1,closer_to_player2,9,"[0.5, 0.5034561414917134, 0.5057101107677237, 0.5075748242785336, 0.5024367492950864, 0.49662211574493986, 0.5029813954509774, 0.4568912311335071, 0.5665407296782905]"
samplePosteriorOnlyGoalAndSignal_fromStart,session_0_player2,0,7,2,closer_to_player2,7,"[0.5, 0.5882592873489851, 0.6666324769773341, 0.7299750846297495, 0.7754587273450513, 0.8032434526999492, 0.8638105089990552]"
samplePosteriorOnlyGoalAndSignal_fromStart,session_0_player1,0,9,1,equal_to_both,9,"[0.5, 0.9966297924995017, 0.9999790684544194, 0.9999997778608329, 0.9999999961253022, 0.999999999823597, 0.9999999999181625, 0.9999999999630564, 0.999999999989346]"
samplePosteriorOnlyGoalAndSignal_fromStart,session_0_player2,0,9,2,equal_to_both,9,"[0.5, 0.9966464451137753, 0.9966583378445834, 0.9999889748888493, 0.9999999330408108, 0.9999999334834941, 0.9999999996660649, 0.9999999999968269, 0.9999999999999389]"
samplePosteriorOnlyGoalAndSignal_fromStart,session_0_player1,0,10,1,closer_to_player2,12,"[0.5, 0.9965979104963145, 0.9999787941040351, 0.9999997747245072, 0.9999999960017051, 0.9999999998162743, 0.9999999999112397, 0.9999999999569119, 0.9999999999799863, 0.9999999999942688, 0.9999999999999161, 0.9999999999999993]"
samplePosteriorOnlyGoalAndSignal_fromStart,session_0_player2,0,10,2,closer_to_player2,6,"[0.5, 0.9975980509113365, 0.9999890198793671, 0.9999999092003415, 0.9999999986703556, 0.9999999999653861]"
samplePosteriorOnlyGoalAndSignal_fromStart,session_0_player1,0,11,1,equal_to_both,11,"[0.5, 0.5000968628731559, 0.9937626781710156, 0.9999324615318581, 0.9999988264406755, 0.9999988876785136, 0.999999980954858, 0.999999981728097, 0.999999983036324, 0.9999999883780044, 0.999999999927403]"
samplePosteriorOnlyGoalAndSignal_fromStart,session_0_player2,0,11,2,equal_to_both,13,"[0.5, 0.9894609154160721, 0.999817790093705, 0.9999952484803214, 0.9999998198694103, 0.999988353137413, 0.9999991429108582, 0.9999998383240885, 0.9999999291043898, 0.9999999684835877, 0.9999999858455493, 0.9999999936189721, 0.9999999972043998]"
samplePosteriorOnlyGoalAndSignal_fromStart,session_1_player1,1,0,1,closer_to_player1,4,"[0.5, 0.5063592180388258, 0.5894322264195243, 0.5915139376151938]"
samplePosteriorOnlyGoalAndSignal_fromStart,session_1_player2,1,0,2,closer_to_player1,9,"[0.5, 0.5035278621503326, 0.5058066747485257, 0.5076840801621629, 0.5147445011226448, 0.5515709929446216, 0.5571150802626972, 0.5606346513789812, 0.5627540624229693]"
samplePosteriorOnlyGoalAndSignal_fromStart,session_1_player1,1,2,1,equal_to_both,12,"[0.5, 0.981334115936914, 0.9828477222003565, 0.9996969720002078, 0.9999919648821173, 0.9999926558631701, 0.9999998021747276, 0.9999999846383355, 0.9999999926711893, 0.999999996490256, 0.9999999983287781, 0.999999999225657]"
samplePosteriorOnlyGoalAndSignal_fromStart,session_1_player2,1,2,2,equal_to_both,12,"[0.5, 0.9813341136724889, 0.9994596367947582, 0.9999778264102546, 0.9999987163106372, 0.9999998247713664, 0.999999933339418, 0.9999999690411523, 0.9999999852300165, 0.9999999929267018, 0.9999999966319336, 0.999999998439442]"
samplePosteriorOnlyGoalAndSignal_fromStart,session_1_player1,1,3,1,closer_to_player2,14,"[0.5, 0.9820991431378692, 0.9994800467834045, 0.9999472185817548, 0.9999721172821385, 0.9947560024596961, 0.9972229645939432, 0.22324570653335854, 0.8089559365913426, 0.886536978955762, 0.9339106804506724, 0.9617791034626781, 0.9617791034626781, 0.9779804019954319]"
samplePosteriorOnlyGoalAndSignal_fromStart,session_1_player2,1,3,2,closer_to_player2,9,"[0.5, 0.999496287460819, 0.9999988140017823, 0.9999994781544349, 0.9999997276017499, 0.9999999096912711, 0.9999999999705969, 0.9999999999999909, 1.0]"
samplePosteriorOnlyGoalAndSignal_fromStart,session_1_player1,1,5,1,closer_to_player2,12,"[0.5, 0.9965418891045328, 0.9999769613210612, 0.9999995644402894, 0.999999784366384, 0.9999998923091336, 0.9999999462478896, 0.9999999732110321, 0.9999999870518651, 0.9999999962701487, 0.9999999999971708, 0.9999999999999983]"
samplePosteriorOnlyGoalAndSignal_fromStart,session_1_player2,1,5,2,closer_to_player2,6,"[0.5, 0.9966249288484578, 0.9999787732786983, 0.9999996868791904, 0.9999998480800901, 0.9999999248838777]"
samplePosteriorOnlyGoalAndSignal_fromStart,session_1_player1,1,6,1,closer_to_player1,6,"[0.5, 0.5046666752853441, 0.507140322195839, 0.5017333126354675, 0.5440155911050679, 0.6418358615993499]"
samplePosteriorOnlyGoalAndSignal_fromStart,session_1_player2,1,6,2,closer_to_player1,9,"[0.5, 0.5045359656323897, 0.5077370828545674, 0.5144363295517936, 0.5278747694426353, 0.5311210991274457, 0.532638241220567, 0.5332654698660285, 0.5334871946513972]"
samplePosteriorOnlyGoalAndSignal_fromStart,session_1_player1,1,7,1,closer_to_player2,9,"[0.5, 0.6310399086690265, 0.9724042933627322, 0.9991759696557135, 0.9999355568352498, 0.9999638127703223, 0.9999791460661632, 0.9999877051929652, 0.999992619078929]"
samplePosteriorOnlyGoalAndSignal_fromStart,session_1_player2,1,7,2,closer_to_player2,7,"[0.5, 0.7705252308160514, 0.9999927150208915, 0.999999999706323, 0.9999999999999711, 1.0, 1.0]"
samplePosteriorOnlyGoalAndSignal_fromStart,session_1_player1,1,8,1,closer_to_player1,6,"[0.5, 0.993889334792448, 0.9939923989629073, 0.9999628426008144, 0.9999681908476451, 0.9999998034709996]"
samplePosteriorOnlyGoalAndSignal_fromStart,session_1_player2,1,8,2,closer_to_player1,12,"[0.5, 0.02847333336480476, 0.9922351341560646, 0.9959609062573647, 0.9979512864920381, 0.9992534321667433, 0.999999986096454, 0.9999999999996009, 1.0, 1.0, 1.0, 1.0]"
samplePosteriorOnlyGoalAndSignal_fromStart,session_2_player1,2,0,1,closer_to_player1,9,"[0.5, 0.0014903272985180517, 0.9749546959500175, 0.9999974860253227, 0.9999999996984642, 0.9999999999999261, 1.0, 1.0, 1.0]"
samplePosteriorOnlyGoalAndSignal_fromStart,session_2_player2,2,0,2,closer_to_player1,9,"[0.5, 0.6312184811509188, 0.47576220054649115, 0.9687140835527261, 0.9994674468995851, 0.9999896756976312, 0.9999993910755457, 0.9999996665629367, 0.999999812529707]"
samplePosteriorOnlyGoalAndSignal_fromStart,session_2_player1,2,2,1,closer_to_player1,13,"[0.5, 0.9982212925000913, 0.7785190362829897, 0.7703884159821073, 0.9997554540252636, 0.9999995812802694, 0.9999999985881605, 0.9999999999909169, 0.9999999999997793, 0.9999999999998826, 0.999999999999938, 0.9999999999999679, 0.999999999999984]"
samplePosteriorOnlyGoalAndSignal_fromStart,session_2_player2,2,2,2,closer_to_player1,9,"[0.5, 0.9801241526495018, 0.9988597341046007, 0.9994861715568212, 0.9997275848325029, 0.999855003661476, 0.9999234564707093, 0.9999604106115549, 0.9999802621809193]"
samplePosteriorOnlyGoalAndSignal_fromStart,session_2_player1,2,3,1,equal_to_both,16,"[0.5, 0.9828669630025672, 0.9995382617209184, 0.9333645683696475, 0.998111617979333, 0.999927331371356, 0.9999961263663554, 0.9999997153744663, 0.9999998250721449, 0.9999998847792018, 0.9999999887391356, 0.9999999948343805, 0.9999999976091756, 0.9999999988928714, 1.519396511619534e-24, 7.896366268001627e-23]"
samplePosteriorOnlyGoalAndSignal_fromStart,session_2_player2,2,3,2,equal_to_both,13,"[0.5, 0.9811838368350151, 0.9994520496680565, 0.9995555314308787, 0.9999881718945564, 0.999999528013159, 0.9999999492008069, 0.9999999770714906, 0.9999999893248197, 0.9999999893248197, 0.9999999950368037, 0.9999999977590398, 0.999999999353726]"
samplePosteriorOnlyGoalAndSignal_fromStart,session_2_player1,2,5,1,closer_to_player2,9,"[0.5, 0.5177423792782255, 0.5302529301459482, 0.5322300229794867, 0.5382936502324647, 0.5414860745885176, 0.5429978944669935, 0.5436231250836744, 0.5438441383066465]"
samplePosteriorOnlyGoalAndSignal_fromStart,session_2_player2,2,5,2,closer_to_player2,6,"[0.5, 0.5160525506182956, 0.5030469565242109, 0.5525063383466018, 0.5531403638679556, 0.5533606805255068]"
samplePosteriorOnlyGoalAndSignal_fromStart,session_2_player1,2,8,1,equal_to_both,10,"[0.5, 0.5000013107431016, 0.9966410676919727, 0.9966562084750659, 0.9999887102501333, 0.999999930382931, 0.9999999317888175, 0.9999999995631815, 0.9999999996451047, 0.9999999997981581]"
samplePosteriorOnlyGoalAndSignal_fromStart,session_2_player2,2,8,2,equal_to_both,12,"[0.5, 0.9937635351582704, 0.9999324749619001, 0.9999988266159177, 0.999999968218536, 0.9999356503052738, 0.9999399721651596, 0.9999419123405213, 0.9999993816064872, 0.9999995204897608, 0.9999999937216081, 0.999999997083746]"
samplePosteriorOnlyGoalAndSignal_fromStart,session_2_player1,2,9,1,closer_to_player2,9,"[0.5, 0.5045056491710727, 0.5060243647532148, 0.5079017478501142, 0.5027590134626571, 0.4969441774359787, 0.5033034619792008, 0.5864705514657798, 0.5885567977504566]"
samplePosteriorOnlyGoalAndSignal_fromStart,session_2_player2,2,9,2,closer_to_player2,6,"[0.5, 0.5045720180115786, 0.506978533846239, 0.5011543262088168, 0.5428725215923915, 0.6485171513980185]"
samplePosteriorOnlyGoalAndSignal_fromStart,session_2_player1,2,10,1,closer_to_player1,9,"[0.5, 0.9996549832652599, 0.9999997189424152, 0.9999999995068328, 0.9999999999982588, 0.9999999999999832, 0.9999999999999921, 0.9999999999999978, 1.0]"
samplePosteriorOnlyGoalAndSignal_fromStart,session_2_player2,2,10,2,closer_to_player1,9,"[0.5, 0.9830770653832782, 0.9836432386324361, 0.9997166905364991, 0.9999925151579939, 0.9999945944257483, 0.9999998074091878, 0.9999999074509325, 0.9999999549818263]"
samplePosteriorOnlyGoalAndSignal_fromStart,session_2_player1,2,11,1,closer_to_player2,9,"[0.5, 0.4794926173075226, 0.48375262138395403, 0.4962215144136124, 0.6195172805064106, 0.9846720443449931, 0.9876235421107984, 0.9898905940170677, 0.991721758971285]"
samplePosteriorOnlyGoalAndSignal_fromStart,session_2_player2,2,11,2,closer_to_player2,9,"[0.5, 0.999509888348118, 0.9995130541927291, 0.9999998280315482, 0.9999999997735688, 0.9999999998869056, 0.9999999999435086, 0.999999999972171, 0.9999999999906884]"
samplePosteriorOnlyGoalAndSignal_fromStart,session_3_player1,3,0,1,closer_to_player1,9,"[0.5, 0.9996555392407055, 0.9999997196658897, 0.9999997287452833, 0.9999998407988905, 0.9999999999295198, 0.9999999999999181, 0.9999999999999998, 1.0]"
samplePosteriorOnlyGoalAndSignal_fromStart,session_3_player2,3,0,2,closer_to_player1,9,"[0.5, 0.9830061098678012, 0.9995433046668057, 0.9999819788084283, 0.9999881736318836, 0.9999991493300256, 0.9999995959731268, 0.9999998070260514, 0.9999999082473866]"
samplePosteriorOnlyGoalAndSignal_fromStart,session_3_player1,3,1,1,closer_to_player2,9,"[0.5, 0.9318679268591491, 0.9111952494574946, 0.9974410114395259, 0.9999274717788578, 0.9999956355298573, 0.999997907214385, 0.9999989791101084, 0.9999994953898549]"
samplePosteriorOnlyGoalAndSignal_fromStart,session_3_player2,3,1,2,closer_to_player2,9,"[0.5, 0.0016961431351371022, 0.9823769110815174, 0.9999984551752368, 0.9999999998600734, 0.9999999999999756, 1.0, 1.0, 1.0]"
samplePosteriorOnlyGoalAndSignal_fromStart,session_3_player1,3,2,1,closer_to_player1,6,"[0.5, 0.501620158835099, 0.5087691255017303, 0.5672966344694286, 0.5708059670973056, 0.5729137723319926]"
samplePosteriorOnlyGoalAndSignal_fromStart,session_3_player2,3,2,2,closer_to_player1,9,"[0.5, 0.5035101249760182, 0.5063342600163842, 0.5134836336638283, 0.5071989409139638, 0.5440840307795946, 0.5496445876462321, 0.5531759056648577, 0.5553027570623149]"
samplePosteriorOnlyGoalAndSignal_fromStart,session_3_player1,3,4,1,closer_to_player2,9,"[0.5, 0.5185036283260329, 0.5288254559367973, 0.5548073411883696, 0.5667451834007663, 0.574983557204789, 0.5804578492672318, 0.5839304505754936, 0.5860204658403445]"
samplePosteriorOnlyGoalAndSignal_fromStart,session_3_player2,3,4,2,closer_to_player2,7,"[0.5, 0.5167094464889799, 0.5621147694082471, 0.5721498429806744, 0.5756492909754776, 0.5777509075388272, 0.5777509075388273]"
samplePosteriorOnlyGoalAndSignal_fromStart,session_3_player1,3,6,1,equal_to_both,10,"[0.5, 0.9938484357228492, 0.9999345461063608, 0.999998883910502, 0.999999970289733, 0.9999999981838502, 0.9999999991402962, 0.9999999995867773, 0.9999999997989875, 0.9999999999016036]"
samplePosteriorOnlyGoalAndSignal_fromStart,session_3_player2,3,6,2,equal_to_both,10,"[0.5, 0.9928571067820136, 0.9938491063621013, 0.9999609134747537, 0.9999628322732731, 0.9999637062112607, 0.9999998728628284, 0.9999999988926982, 0.9999999994797643, 0.9999999998526523]"
samplePosteriorOnlyGoalAndSignal_fromStart,session_3_player1,3,9,1,closer_to_player2,9,"[0.5, 0.9831363609231004, 0.99954970672073, 0.9999821702104996, 0.9999979076598625, 0.9999989866679331, 0.9999994971462987, 0.9999997465499898, 0.9999998711573928]"
samplePosteriorOnlyGoalAndSignal_fromStart,session_3_player2,3,9,2,closer_to_player2,13,"[0.5, 0.9996549378497698, 0.9999997185656813, 0.9996449669204209, 0.9996534632426181, 0.9999998412255423, 0.9999999998228377, 0.9999999999992697, 0.9999999999997847, 0.999999999999999, 0.999999999999999, 0.999999999999999, 1.0]"
samplePosteriorOnlyGoalAndSignal_fromStart,session_3_player1,3,10,1,closer_to_player1,9,"[0.5, 0.50400838097953, 0.5065782564152391, 0.5077590525590729, 0.5045394483524877, 0.5797151879185354, 0.6385504028918102, 0.6767036406489766, 0.7586854326899832]"
samplePosteriorOnlyGoalAndSignal_fromStart,session_3_player2,3,10,2,closer_to_player1,10,"[0.5, 0.5169436541380877, 0.52284087770898, 0.5362563968220522, 0.539495371218152, 0.05037220347710332, 0.050999190513126125, 0.0512949059842033, 0.05141767050644131, 0.051461139014805805]"
samplePosteriorOnlyGoalAndSignal_fromStart,session_4_player1,4,1,1,closer_to_player1,6,"[0.5, 0.9966521347166368, 0.999979184667197, 0.9999838670521558, 0.9999998815133118, 0.999999941389902]"
samplePosteriorOnlyGoalAndSignal_fromStart,session_4_player2,4,1,2,closer_to_player1,18,"[0.5, 0.9965550706859017, 0.755444818522628, 0.9988821915088942, 0.9988831320061531, 0.9999962126190955, 0.9999999756658728, 0.9999999995459197, 0.9999999997760253, 0.9999999960439604, 0.999999953446149, 0.9999999775017622, 0.9999999889027638, 0.9999999945008065, 0.9999999972723514, 0.9999999986942959, 0.9999999996319378, 0.9999999999993039]"
samplePosteriorOnlyGoalAndSignal_fromStart,session_4_player1,4,3,1,closer_to_player1,11,"[0.5, 0.9978830769348379, 0.999991112854074, 0.9999999304774198, 0.9999999589452108, 0.9999999993597939, 0.9999999996454448, 0.9999999998058017, 0.9999999998964193, 0.9999999999471033, 0.9999999999835542]"
samplePosteriorOnlyGoalAndSignal_fromStart,session_4_player2,4,3,2,closer_to_player1,9,"[0.5, 0.980280645317419, 0.9987541965517053, 0.9994067216157565, 0.9996768007041188, 0.9998222899170177, 0.9999023381635829, 0.9999468786775024, 0.9999717822865585]"
samplePosteriorOnlyGoalAndSignal_fromStart,session_4_player1,4,7,1,closer_to_player2,16,"[0.5, 0.4958637937220865, 0.9982496601942771, 0.9999940547103487, 0.9999999617669949, 0.9999999992859999, 0.9999999996478142, 0.9999999998254762, 0.9999999999134314, 0.9999994152412126, 0.9999939552193229, 0.9999956885040081, 0.9999999883753515, 0.9999999944331953, 0.9999999984268865, 0.999999999997033]"
samplePosteriorOnlyGoalAndSignal_fromStart,session_4_player2,4,7,2,closer_to_player2,6,"[0.5, 0.9966487034215133, 0.996692888528289, 0.9967039288889402, 0.9999951515351084, 0.999995175805013]"
samplePosteriorOnlyGoalAndSignal_fromStart,session_4_player1,4,8,1,closer_to_player1,9,"[0.5, 0.9996549410571367, 0.999999718622825, 0.999999733797931, 0.9999999997042337, 0.9999999999989505, 0.9999999999997045, 0.9999999999999988, 1.0]"
samplePosteriorOnlyGoalAndSignal_fromStart,session_4_player2,4,8,2,closer_to_player1,9,"[0.5, 0.50299656618297, 0.9896718414006449, 0.9998222497593587, 0.9998293505537552, 0.9999970750638013, 0.9999998951424439, 0.9999999495294096, 0.9999999754121603]"
samplePosteriorOnlyGoalAndSignal_fromStart,session_4_player1,4,9,1,equal_to_both,10,"[0.5, 0.9937275048642991, 0.9999317360072598, 0.9999988085067559, 0.9999999674571751, 0.9999999976583511, 0.999999998944264, 0.9999999995102183, 0.9999999997789002, 0.9999999999362381]"
samplePosteriorOnlyGoalAndSignal_fromStart,session_4_player2,4,9,2,equal_to_both,10,"[0.5, 0.4999831172414309, 0.9966462193966513, 0.9999792850046754, 0.9999997815632183, 0.9999999962829662, 0.9999999999020761, 0.9999999999266613, 0.9999999999974197, 0.9999999999988052]"
samplePosteriorOnlyGoalAndSignal_fromStart,session_4_player1,4,10,1,equal_to_both,11,"[0.5, 0.4999995384066619, 0.9938486535656733, 0.9999345462713445, 0.9999988838766294, 0.999999970300994, 0.9999999981945876, 0.9999999991463039, 0.999999999590085, 0.999999999801453, 0.9999999999077758]"
samplePosteriorOnlyGoalAndSignal_fromStart,session_4_player2,4,10,2,equal_to_both,11,"[0.5, 0.988364216201295, 0.99978109957819, 0.9998149530701959, 0.9999967841569525, 0.9999999129001025, 0.9999999946611399, 0.9999999975598279, 0.9999999988313734, 0.9999999994340476, 0.9999999997371204]"
samplePosteriorOnlyGoalAndSignal_fromStart,session_4_player1,4,11,1,closer_to_player2,14,"[0.5, 0.5052076047086594, 0.5086849075672405, 0.5109855394703015, 0.5182940062232649, 0.06896901119364116, 0.07087168924473265, 0.08132389733629108, 0.08132389733629107, 0.08302213621132372, 0.0022642771504017513, 0.002030085983643979, 0.002838987722505289, 0.002863463024838528]"
samplePosteriorOnlyGoalAndSignal_fromStart,session_4_player2,4,11,2,closer_to_player2,4,"[0.5, 0.5609198672381815, 0.6016131273855103, 0.701155500424005]"
samplePosteriorOnlyGoalAndSignal_fromStart,session_5_player1,5,0,1,closer_to_player1,9,"[0.5, 0.41673021262484583, 0.345764933469502, 0.42188119154358333, 0.9999495395197328, 0.9999360606207837, 0.9999999990009124, 0.9999999999999464, 0.9999999999999735]"
samplePosteriorOnlyGoalAndSignal_fromStart,session_5_player2,5,0,2,closer_to_player1,9,"[0.5, 0.5045056491100135, 0.5077605775217329, 0.5036960705039123, 0.4985527778186123, 0.5054361034101628, 0.5638383656815287, 0.5673460005162636, 0.5694578992811514]"
samplePosteriorOnlyGoalAndSignal_fromStart,session_5_player1,5,1,1,closer_to_player2,9,"[0.5, 0.50350479780463, 0.5062692358796224, 0.5127263458287122, 0.5259156182015714, 0.5291187753468326, 0.5306360271603338, 0.5312635707775728, 0.5314854109693988]"
samplePosteriorOnlyGoalAndSignal_fromStart,session_5_player2,5,1,2,closer_to_player2,8,"[0.5, 0.5102825412471079, 0.5054069063444694, 0.5888835657631721, 0.6598905594611971, 0.7130585231540667, 0.67110164332114, 0.8042627686249119]"
samplePosteriorOnlyGoalAndSignal_fromStart,session_5_player1,5,2,1,closer_to_player1,11,"[0.5, 0.997828071780691, 0.9999907237769909, 0.9999999266902175, 0.9999999981609758, 0.9999999992055792, 0.9999999995817469, 0.9999999997822373, 0.9999999998909892, 0.9999999999672705, 0.9999999999999284]"
samplePosteriorOnlyGoalAndSignal_fromStart,session_5_player2,5,2,2,closer_to_player1,9,"[0.5, 0.9830621540658216, 0.9995222564079393, 0.9999555095098839, 0.9999773004276286, 0.9999881909028789, 0.9999937862372072, 0.9999967159856117, 0.9999982736182357]"
samplePosteriorOnlyGoalAndSignal_fromStart,session_5_player1,5,3,1,equal_to_both,14,"[0.5, 0.9828669630019589, 0.9995382617208854, 0.9999822557956787, 0.9999990541864611, 0.9999999305040234, 0.9999999868413104, 0.9999999942496496, 0.9999999974009081, 0.9999999988077363, 0.9999999994481797, 0.9999999997444664, 6.582960041031773e-24, 3.4211914359671904e-22]"
samplePosteriorOnlyGoalAndSignal_fromStart,session_5_player2,5,3,2,equal_to_both,14,"[0.5, 0.9811855633287875, 0.9833855458592647, 0.9997053924239641, 0.9997186347737552, 0.999995189363634, 0.9999998709713311, 0.9997481473476211, 0.9999932432999462, 0.9999995007377429, 0.9999997675519725, 0.9999998919283902, 0.9999999512039995, 0.9999999859276438]"
samplePosteriorOnlyGoalAndSignal_fromStart,session_5_player1,5,5,1,closer_to_player1,7,"[0.5, 0.999905504252474, 0.9999697135302712, 0.9999999976684336, 0.9999999999997907, 1.0, 1.0]"
samplePosteriorOnlyGoalAndSignal_fromStart,session_5_player2,5,5,2,closer_to_player1,9,"[0.5, 0.42165866816359165, 0.977957129428487, 0.999581446534761, 0.9999815893392642, 0.9999910118546461, 0.999995556047029, 0.9999977829583577, 0.9999988878781196]"
samplePosteriorOnlyGoalAndSignal_fromStart,session_5_player1,5,6,1,closer_to_player2,9,"[0.5, 0.5034831209825313, 0.5062372331712867, 0.5126881556830251, 0.5258711428156259, 0.5290731011650247, 0.5305903540678015, 0.5312179052538979, 0.5314397482980455]"
samplePosteriorOnlyGoalAndSignal_fromStart,session_5_player2,5,6,2,closer_to_player2,4,"[0.5, 0.5615946233083663, 0.5125907997269274, 0.6792556450406665]"
samplePosteriorOnlyGoalAndSignal_fromStart,session_5_player1,5,11,1,equal_to_both,10,"[0.5, 0.5146134265100046, 0.9967564802401035, 0.9999793805105822, 0.9999997755405083, 0.9999997900272677, 0.99999999765503, 0.9999999999371116, 0.9999999999716942, 0.9999999999918402]"
samplePosteriorOnlyGoalAndSignal_fromStart,session_5_player2,5,11,2,equal_to_both,12,"[0.5, 0.9938492960131401, 0.9999345605456867, 0.999998885221035, 0.99999891379335, 0.9999989321129014, 0.9999989391729128, 0.9999999946742918, 0.9999999999493931, 0.9999851097170476, 0.9999998585048296, 0.999999868795998]"
samplePosteriorOnlyGoalAndSignal_fromStart,session_6_player1,6,0,1,closer_to_player1,8,"[0.5, 0.5100512850933265, 0.5172718969173526, 0.5218370172769525, 0.5202085078091334, 0.5807308489930441, 0.6208291975381415, 0.7178222003096661]"
samplePosteriorOnlyGoalAndSignal_fromStart,session_6_player2,6,0,2,closer_to_player1,10,"[0.5, 0.5030302977427022, 0.5052122167983548, 0.5066743695364688, 0.5078559217247484, 0.5147358437789492, 0.48739549395851106, 0.5709555852405559, 0.5730631235090982, 0.5730631235090983]"
samplePosteriorOnlyGoalAndSignal_fromStart,session_6_player1,6,1,1,closer_to_player1,8,"[0.5, 0.4939056674587017, 0.5826328833193614, 0.6617979684866999, 0.7260698974039078, 0.7724598737591529, 0.8008863140787826, 0.8579865162691476]"
samplePosteriorOnlyGoalAndSignal_fromStart,session_6_player2,6,1,2,closer_to_player1,9,"[0.5, 0.5035047977025063, 0.5062692356726101, 0.5029340184649507, 0.4983909019247508, 0.504664155078999, 0.48012819796347445, 0.5539170994926493, 0.5541372162292798]"
samplePosteriorOnlyGoalAndSignal_fromStart,session_6_player1,6,2,1,equal_to_both,13,"[0.5, 0.981185531299059, 0.9994521574040229, 0.9999774301216583, 0.9999986907795632, 0.9999998213209267, 0.9999998213209267, 0.9999999355064033, 0.999999970890735, 0.9999999864472408, 0.999999993698945, 0.9999999971549768, 0.9999999991795193]"
samplePosteriorOnlyGoalAndSignal_fromStart,session_6_player2,6,2,2,equal_to_both,12,"[0.5, 0.9828669630023759, 0.983194016026403, 0.9997073467349485, 0.9999923588082958, 0.999999709995631, 0.9999999841703966, 0.99999999774024, 0.9999999989786146, 0.9999999995314668, 0.9999999997831469, 0.999999999899581]"
samplePosteriorOnlyGoalAndSignal_fromStart,session_6_player1,6,4,1,closer_to_player2,9,"[0.5, 0.5184833226891199, 0.5299634260928949, 0.5365731578534765, 0.5486015783340734, 0.5569151363528765, 0.562445039801658, 0.5659552467017869, 0.5680687655807798]"
samplePosteriorOnlyGoalAndSignal_fromStart,session_6_player2,6,4,2,closer_to_player2,4,"[0.5, 0.4941693579292865, 0.5359309145386228, 0.6421222689866938]"
samplePosteriorOnlyGoalAndSignal_fromStart,session_6_player1,6,6,1,equal_to_both,11,"[0.5, 0.9894522400248654, 0.9998174360293361, 0.9999952263504015, 0.9999998134505795, 0.9999999836007741, 0.9999999923980653, 0.9999999964053956, 0.9999999982739964, 0.9999999991639905, 0.9999999996116771]"
samplePosteriorOnlyGoalAndSignal_fromStart,session_6_player2,6,6,2,equal_to_both,11,"[0.5, 0.988364413868797, 0.9997811070429634, 0.9998149549572616, 0.9999967841935175, 0.9999999129006009, 0.9999999946609982, 0.9999999975597778, 0.9999999988313509, 0.999999999434037, 0.9999999997371154]"
samplePosteriorOnlyGoalAndSignal_fromStart,session_6_player1,6,7,1,closer_to_player2,9,"[0.5, 0.5045001650974681, 0.5120813812094832, 0.5187142098301093, 0.5308008334785644, 0.5391668415946825, 0.5447371761389099, 0.5482753479718852, 0.550406567116576]"
samplePosteriorOnlyGoalAndSignal_fromStart,session_6_player2,6,7,2,closer_to_player2,9,"[0.5, 0.49537467975748234, 0.4970192826177846, 0.5770647080018061, 0.40547270712907424, 0.9999897901619897, 0.9999881239159336, 0.9999999999642568, 0.9999999999999996]"
samplePosteriorOnlyGoalAndSignal_fromStart,session_6_player1,6,9,1,closer_to_player1,6,"[0.5, 0.9944444671434607, 0.9972283166978393, 0.9986162004185332, 0.9993086850100698, 0.9996546129805857]"
samplePosteriorOnlyGoalAndSignal_fromStart,session_6_player2,6,9,2,closer_to_player1,12,"[0.5, 0.4956059354468424, 0.48164479066706334, 0.5563038452007166, 0.43145256078272737, 0.5244915514455507, 0.6309914440380135, 0.7450791113824642, 0.8535769163987241, 1.0, 1.0, 1.0]"
samplePosteriorOnlyGoalAndSignal_fromStart,session_6_player1,6,11,1,closer_to_player2,9,"[0.5, 0.9824136426162635, 0.9995103622483251, 0.9999800088065242, 0.9999980856481635, 0.9999992601764996, 0.9999996459261904, 0.9999998264162453, 0.9999999146981663]"
samplePosteriorOnlyGoalAndSignal_fromStart,session_6_player2,6,11,2,closer_to_player2,9,"[0.5, 0.5031064644549714, 0.6083711620222924, 0.9999582323746579, 0.9999999912299821, 0.9999999999866458, 0.9999999999999782, 1.0, 1.0]"
samplePosteriorOnlyGoalAndSignal_fromStart,session_7_player1,7,0,1,equal_to_both,11,"[0.5, 0.5004077518980705, 0.001655457567717077, 0.6706436492175627, 0.9991393886530907, 0.9999970029785087, 0.9999999807955291, 0.9999999820937743, 0.9999999898692898, 0.9999999999413538, 0.9999999999992131]"
samplePosteriorOnlyGoalAndSignal_fromStart,session_7_player2,7,0,2,equal_to_both,9,"[0.5, 0.49958791452477863, 0.9983445371455223, 0.9999945473178967, 0.9999999668839868, 0.9999999996523443, 0.9999999996596882, 0.9999999999967661, 0.9999999999970015]"
samplePosteriorOnlyGoalAndSignal_fromStart,session_7_player1,7,3,1,closer_to_player2,9,"[0.5, 0.49037290301869857, 0.48013250798058393, 0.9932149368071393, 0.9999288692243097, 0.9999987961213627, 0.9999999676195286, 0.9999999979269578, 0.9999999989535164]"
samplePosteriorOnlyGoalAndSignal_fromStart,session_7_player2,7,3,2,closer_to_player2,9,"[0.5, 0.9994048810873235, 0.9999983808098087, 0.9999996997875477, 0.9999999993754588, 0.999999999999077, 0.999999999999998, 1.0, 1.0]"
samplePosteriorOnlyGoalAndSignal_fromStart,session_7_player1,7,5,1,closer_to_player1,6,"[0.5, 0.5001185943541027, 0.5026234115262646, 0.5085451997134829, 0.5818174628132077, 0.5820343242846404]"
samplePosteriorOnlyGoalAndSignal_fromStart,session_7_player2,7,5,2,closer_to_player1,9,"[0.5, 0.5019100410852287, 0.508811330223618, 0.5107936639630676, 0.5168831890809067, 0.5200916849550685, 0.5216117255216314, 0.5222404714413011, 0.5224627434944142]"
samplePosteriorOnlyGoalAndSignal_fromStart,session_7_player1,7,7,1,closer_to_player2,11,"[0.5, 0.5028451015469632, 0.0017469035712290844, 0.21262007112163317, 0.9620984685756275, 0.9992843492180585, 0.9999536093995165, 0.9999753366291395, 0.9999866754028878, 0.9999927257703902, 0.9999960191557616]"
samplePosteriorOnlyGoalAndSignal_fromStart,session_7_player2,7,7,2,closer_to_player2,9,"[0.5, 0.49992844622843846, 0.9998680250937212, 0.9999999531030508, 0.9999999999222122, 0.9999999999600214, 0.9999999999875198, 0.9999999999999887, 1.0]"
samplePosteriorOnlyGoalAndSignal_fromStart,session_7_player1,7,9,1,closer_to_player1,8,"[0.5, 0.5062099431207638, 0.07403537171539883, 0.07575645135311691, 0.07672298306079789, 0.07861823004334924, 0.10672628875209066, 0.10755096910269088]"
samplePosteriorOnlyGoalAndSignal_fromStart,session_7_player2,7,9,2,closer_to_player1,11,"[0.5, 0.5034544985064826, 0.5057081971370334, 0.5065387618224877, 0.5068732734686825, 0.5092789277838452, 0.515634365835055, 0.5983850461263642, 0.6004521343041782, 1.4230351830807096e-29, 2.2109249124035464e-29]"
samplePosteriorOnlyGoalAndSignal_fromStart,session_7_player1,7,10,1,closer_to_player2,9,"[0.5, 0.9831876683064412, 0.9995409227247919, 0.9999707143176396, 0.9999860968412787, 0.9999933023924867, 0.9999967362809359, 0.9999983961710744, 0.9999992086481515]"
samplePosteriorOnlyGoalAndSignal_fromStart,session_7_player2,7,10,2,closer_to_player2,9,"[0.5, 0.4991690761122927, 0.9998680433134122, 0.9999999545830855, 0.9999999556858158, 0.9999999999798769, 0.999999999999978, 1.0, 1.0]"
samplePosteriorOnlyGoalAndSignal_fromStart,session_7_player1,7,11,1,closer_to_player1,11,"[0.5, 0.49605183453340607, 0.9991707121676773, 0.9999985401177189, 0.9999999949057092, 0.9999999999672572, 0.9999999999996376, 0.9999999999999934, 0.9999999999999953, 0.9999999999999977, 1.0]"
samplePosteriorOnlyGoalAndSignal_fromStart,session_7_player2,7,11,2,closer_to_player1,9,"[0.5, 0.983224772573904, 0.9836262504688456, 0.9997168588017485, 0.9997241975545076, 0.9997280452533843, 0.999997649403044, 0.9999999638475999, 0.9999999989433631]"
samplePosteriorOnlyGoalAndSignal_fromStart,session_8_player1,8,1,1,closer_to_player1,9,"[0.5, 0.5032813780599408, 0.427922900676261, 0.36869697439652765, 0.4156403005108021, 0.9999901265947816, 0.9999999998453494, 0.9999999998674771, 0.999999999999998]"
samplePosteriorOnlyGoalAndSignal_fromStart,session_8_player2,8,1,2,closer_to_player1,9,"[0.5, 0.5035047977025063, 0.5062692356726101, 0.5127263454111284, 0.5259156175296696, 0.5291187746220963, 0.530636026412896, 0.5312635700213123, 0.5314854102100784]"
samplePosteriorOnlyGoalAndSignal_fromStart,session_8_player1,8,2,1,closer_to_player2,9,"[0.5, 0.42170083815232956, 0.3430036870275961, 0.2692786526946086, 0.9860540036769228, 0.9999027451289518, 0.9999976012539528, 0.999998619155175, 0.9999991937618101]"
samplePosteriorOnlyGoalAndSignal_fromStart,session_8_player2,8,2,2,closer_to_player2,7,"[0.5, 0.6657542279355286, 0.9999825767436307, 0.9999999982764268, 0.9999999999997922, 1.0, 1.0]"
samplePosteriorOnlyGoalAndSignal_fromStart,session_8_player1,8,3,1,closer_to_player2,9,"[0.5, 0.9820991445268753, 0.9994800469912192, 0.9999472186546107, 0.9999721173296194, 0.9999848891613482, 0.9999916447434356, 0.9999953079698097, 0.9999973416314778]"
samplePosteriorOnlyGoalAndSignal_fromStart,session_8_player2,8,3,2,closer_to_player2,9,"[0.5, 0.9994962432526017, 0.9999988138312496, 0.9999994781052619, 0.9999997275768246, 0.9999999096829802, 0.9999999999705941, 0.9999999999999909, 1.0]"
samplePosteriorOnlyGoalAndSignal_fromStart,session_8_player1,8,6,1,closer_to_player2,9,"[0.5, 0.5040237862397705, 0.5106900486652056, 0.5124018982649651, 0.5184138892613244, 0.5216204079797077, 0.523140031593842, 0.523768603290553, 0.5239908127140356]"
samplePosteriorOnlyGoalAndSignal_fromStart,session_8_player2,8,6,2,closer_to_player2,4,"[0.5, 0.5557646450206327, 0.5596140615361533, 0.5598380836342336]"
samplePosteriorOnlyGoalAndSignal_fromStart,session_8_player1,8,8,1,closer_to_player1,11,"[0.5, 0.0032951382087535192, 0.9615379494901357, 0.9999861945669511, 0.9999999887575379, 0.999999999980273, 0.9999999999813728, 0.9999999999895417, 0.9999999999999845, 1.0, 1.0]"
samplePosteriorOnlyGoalAndSignal_fromStart,session_8_player2,8,8,2,closer_to_player1,9,"[0.5, 0.9830765837200688, 0.9836432371603087, 0.9997166886203398, 0.9999925150649317, 0.9999995711593397, 0.9999997973883492, 0.9999999026354349, 0.9999999526394476]"
samplePosteriorOnlyGoalAndSignal_fromStart,session_8_player1,8,9,1,closer_to_player1,9,"[0.5, 0.9999550787778988, 0.999999994090743, 0.9999999999979664, 0.9999999999999983, 0.9999999999999984, 0.9999999999999991, 1.0, 1.0]"
samplePosteriorOnlyGoalAndSignal_fromStart,session_8_player2,8,9,2,closer_to_player1,9,"[0.5, 0.9825005521905468, 0.02785137131364553, 0.028966350735085352, 0.7327320666961515, 0.9875162325847603, 0.9935883814544167, 0.9967262355815689, 0.9983554937099595]"
samplePosteriorOnlyGoalAndSignal_fromStart,session_8_player1,8,10,1,equal_to_both,11,"[0.5, 0.9894522360352315, 0.999817435889124, 0.9998219995723828, 0.9999969643834756, 0.9999999192249118, 0.9999999950896553, 0.9999999976781248, 0.9999999988851166, 0.9999999994599935, 0.9999999997491692]"
samplePosteriorOnlyGoalAndSignal_fromStart,session_8_player2,8,10,2,equal_to_both,13,"[0.5, 0.9883644188101147, 0.9997811072211956, 0.9998149549480783, 0.9999967841938576, 0.9999999129006224, 0.9998236750752683, 0.9998355119045395, 0.9999971534751827, 0.9999998887962844, 0.9999999467433187, 0.9999999742084098, 0.9999999880200493]"
samplePosteriorOnlyGoalAndSignal_fromStart,session_9_player1,9,0,1,equal_to_both,10,"[0.5, 0.9938488851405461, 0.9999345559993037, 0.9999988851238624, 0.9999989136918269, 0.99999998151255, 0.9999999995105011, 0.9999999999684552, 0.9999999999850497, 0.9999999999928697]"
samplePosteriorOnlyGoalAndSignal_fromStart,session_9_player2,9,0,2,equal_to_both,10,"[0.5, 0.5300177547388648, 0.9969348417511847, 0.999980430831605, 0.9999997810032912, 0.999999992966739, 0.9999999967357144, 0.99999999848526, 0.9999999995620401, 0.9999999999932524]"
samplePosteriorOnlyGoalAndSignal_fromStart,session_9_player1,9,1,1,equal_to_both,13,"[0.5, 0.9893308795421855, 0.9998127612201416, 0.9999950372928267, 0.999999803745858, 0.9999999827210503, 0.9999975599363933, 0.9999991333235717, 0.999999610366267, 0.999999816185317, 0.9999999117474822, 0.9999999572541335, 0.9999999801447331]"
samplePosteriorOnlyGoalAndSignal_fromStart,session_9_player2,9,1,2,equal_to_both,11,"[0.5, 0.9893313168287053, 0.9998127766908802, 0.9999950378972727, 0.9999954513781784, 0.9999998787875308, 0.9999999151238279, 0.999999996683851, 0.9999999984078621, 0.9999999992288344, 0.999999999641797]"
samplePosteriorOnlyGoalAndSignal_fromStart,session_9_player1,9,2,1,closer_to_player2,9,"[0.5, 0.9820991867309664, 0.9829839235370436, 0.9996805539627673, 0.9997750503781492, 0.9999906401986064, 0.9999948246816932, 0.9999970937184961, 0.9999983533855121]"
samplePosteriorOnlyGoalAndSignal_fromStart,session_9_player2,9,2,2,closer_to_player2,8,"[0.5, 0.9998598176790227, 0.9999998920021675, 0.9999999436262054, 0.9999999813102874, 0.9999999999939149, 0.9999999999999981, 1.0]"
samplePosteriorOnlyGoalAndSignal_fromStart,session_9_player1,9,5,1,closer_to_player1,8,"[0.5, 0.9999444696794589, 0.9999638579223894, 0.9999999943691175, 0.9999999999992906, 0.9999999999999996, 1.0, 1.0]"
samplePosteriorOnlyGoalAndSignal_fromStart,session_9_player2,9,5,2,closer_to_player1,8,"[0.5, 0.9832259292557614, 0.9995458810090395, 0.99997207180983, 0.9999867635774847, 0.9999936276531389, 0.9999968954052099, 0.9999984744447525]"
samplePosteriorOnlyGoalAndSignal_fromStart,session_9_player1,9,6,1,closer_to_player1,7,"[0.5, 0.9999964030493513, 0.9999999999597692, 0.9999999999999987, 1.0, 1.0, 1.0]"
samplePosteriorOnlyGoalAndSignal_fromStart,session_9_player2,9,6,2,closer_to_player1,7,"[0.5, 0.5100090131079462, 0.5161330927130297, 0.5192854051279996, 0.9968980249216882, 0.9999768815472744, 0.9999885156275141]"
samplePosteriorOnlyGoalAndSignal_fromStart,session_9_player1,9,7,1,closer_to_player2,9,"[0.5, 0.503405204987075, 0.5056594996794954, 0.5064899527840465, 0.5076711881612692, 0.5145510248528308, 0.5727865399708507, 0.5762762864462282, 0.578376988779726]"
samplePosteriorOnlyGoalAndSignal_fromStart,session_9_player2,9,7,2,closer_to_player2,6,"[0.5, 0.5016195744922924, 0.5087679328687554, 0.5672943240769915, 0.5708036947434767, 0.5729115046053758]"
samplePosteriorOnlyGoalAndSignal_fromStart,session_9_player1,9,9,1,equal_to_both,13,"[0.5, 0.010674416304703416, 0.6304384949773995, 0.9937144499029424, 0.9998901734520832, 0.9999970902071358, 0.9999998880228526, 0.9999998996646258, 0.9999999052265797, 0.9999999088255807, 0.9999999153356629, 0.9999999989346099, 0.9999999999733108]"
samplePosteriorOnlyGoalAndSignal_fromStart,session_9_player2,9,9,2,equal_to_both,11,"[0.5, 0.9894602920158292, 0.999817763940005, 0.9999952473337145, 0.9999998198251377, 0.9999999902012384, 0.9999999935377659, 0.9999999993953559, 0.9999999997284463, 0.9999999998775797, 0.9999999999463663]"
samplePosteriorOnlyGoalAndSignal_fromStart,session_9_player1,9,10,1,closer_to_player1,9,"[0.5, 0.9996549832652599, 0.9999997189424152, 0.9999999995068328, 0.9999999999982588, 0.9999999999999832, 0.9999999999999921, 0.9999999999999978, 1.0]"
samplePosteriorOnlyGoalAndSignal_fromStart,session_9_player2,9,10,2,closer_to_player1,13,"[0.5, 0.9830770653832782, 0.9995469131730516, 0.9995794856141083, 0.9999888888132532, 0.9999993633975279, 0.999999699228263, 0.9993720287458799, 0.9997032079817388, 0.9998573553077122, 0.048150582345813736, 0.7136909816650642, 0.8367238435801673]"
samplePosteriorOnlyGoalAndSignal_fromStart,session_9_player1,9,11,1,closer_to_player2,9,"[0.5, 0.9832193564038371, 0.999554095999131, 0.9999830012871843, 0.9999843649890414, 0.9999993920635039, 0.9999995508642953, 0.9999999738881568, 0.9999999873761438]"
samplePosteriorOnlyGoalAndSignal_fromStart,session_9_player2,9,11,2,closer_to_player2,12,"[0.5, 0.622634291977797, 0.9998706333254332, 0.9999999225973498, 0.9999999998828545, 0.9999999999993392, 0.9999999999999941, 1.0, 0.999999999993448, 0.9999999999999666, 0.9999999999999667, 0.9999999999999998]"
samplePosteriorOnlyGoalAndSignal_fromStart,session_10_player1,10,3,1,closer_to_player1,8,"[0.5, 0.999997370131781, 0.9999999999149176, 0.9999999999149176, 0.999999999999997, 0.9999999991781401, 0.9999999999999707, 1.0]"
samplePosteriorOnlyGoalAndSignal_fromStart,session_10_player2,10,3,2,closer_to_player1,9,"[0.5, 0.5175631142164938, 0.43503388537483056, 0.574841030892887, 0.4120118122946526, 0.9873304289934607, 0.9856927424383362, 0.9999133001911858, 0.9999439949793796]"
samplePosteriorOnlyGoalAndSignal_fromStart,session_10_player1,10,4,1,closer_to_player1,7,"[0.5, 0.5799722609154475, 0.4083503631055381, 0.999989911182388, 0.9999999998423652, 0.9999999998644821, 0.999999999999998]"
samplePosteriorOnlyGoalAndSignal_fromStart,session_10_player2,10,4,2,closer_to_player1,11,"[0.5, 0.504506287995656, 0.512092997823529, 0.518736554589014, 0.5308236836474745, 0.5391897316411217, 0.046778675416628786, 0.05383861213553826, 0.05499319662414189, 0.05573984980592695, 0.05619468877322275]"
samplePosteriorOnlyGoalAndSignal_fromStart,session_10_player1,10,5,1,equal_to_both,15,"[0.5, 0.5133483402176551, 0.9940603011779521, 0.9999354571474393, 0.9649642696759408, 0.9996079385590563, 0.9999929763688218, 0.9999996919846853, 0.9999998559095672, 0.9999999299875368, 0.999995618227916, 0.9999905019731765, 0.9999953499302409, 0.9999978149625379, 0.9999993811178401]"
samplePosteriorOnlyGoalAndSignal_fromStart,session_10_player2,10,5,2,equal_to_both,11,"[0.5, 0.9893813410863918, 0.9998144240248203, 0.9999950982487017, 0.9999998066746391, 0.9999999830001043, 0.9999999922981427, 0.9999999963588352, 0.9999999982498954, 0.9999999991486621, 0.9999999995832668]"
samplePosteriorOnlyGoalAndSignal_fromStart,session_10_player1,10,6,1,closer_to_player2,9,"[0.5, 0.5034526775804175, 0.5056450876191848, 0.5071104659335667, 0.5082581324542065, 0.5145281911544222, 0.48998706128855285, 0.5636483727332927, 0.5638674687118838]"
samplePosteriorOnlyGoalAndSignal_fromStart,session_10_player2,10,6,2,closer_to_player2,6,"[0.5, 0.5062849490494752, 0.509794855152946, 0.5159587551585032, 0.5891435375227991, 0.5893635606745348]"
samplePosteriorOnlyGoalAndSignal_fromStart,session_10_player1,10,7,1,equal_to_both,12,"[0.5, 0.5000398882181271, 0.9894506526142338, 0.9895717586838632, 0.9998885544757301, 0.9999981008905546, 0.9999999505688397, 0.9999999980911202, 0.9999999998214181, 0.9999999999198003, 0.9999999999638451, 0.9999999999841601]"
samplePosteriorOnlyGoalAndSignal_fromStart,session_10_player2,10,7,2,equal_to_both,16,"[0.5, 0.5000267724274141, 0.010552238815259391, 0.00018270975726627863, 0.00017832386839679228, 0.09331965978681632, 0.9680729530909661, 0.9997959147785674, 0.9999978410367297, 0.9999999632137957, 0.9999999990425094, 0.9999999990932616, 0.9999999999760936, 0.9999999999986013, 0.9999999999993695, 0.9999999999997238]"
samplePosteriorOnlyGoalAndSignal_fromStart,session_10_player1,10,9,1,closer_to_player2,9,"[0.5, 0.421197792652089, 0.9786097285697912, 0.9996144366346399, 0.999990071223919, 0.9999903736567353, 0.9999998032862446, 0.9999999933609395, 0.9999999936917449]"
samplePosteriorOnlyGoalAndSignal_fromStart,session_10_player2,10,9,2,closer_to_player2,9,"[0.5, 0.9996595100400552, 0.9999997279579648, 0.9999999995208531, 0.9999999999966057, 0.999999999999987, 0.9999999999999999, 1.0, 1.0]"
samplePosteriorOnlyGoalAndSignal_fromStart,session_10_player1,10,10,1,closer_to_player2,9,"[0.5, 0.9832232080673016, 0.9995556410200375, 0.9995814437199201, 0.9999889475940783, 0.9999993661667812, 0.9999997001497966, 0.9999998559037679, 0.9999999299078445]"
samplePosteriorOnlyGoalAndSignal_fromStart,session_10_player2,10,10,2,closer_to_player2,11,"[0.5, 0.9978805346797199, 0.9999913115631064, 0.9999999355982786, 0.99999999917593, 0.9999999999741201, 0.9999999999908542, 0.999999999995661, 0.9999999999979661, 0.999999999999424, 0.9999999999999953]"
samplePosteriorOnlyGoalAndSignal_fromStart,session_10_player1,10,11,1,closer_to_player1,9,"[0.5, 0.9994736463209016, 0.9999993558162457, 0.9999999982894244, 0.9999999999841088, 0.9999999999972092, 0.9999999999999771, 0.9999999999999999, 1.0]"
samplePosteriorOnlyGoalAndSignal_fromStart,session_10_player2,10,11,2,closer_to_player1,9,"[0.5, 0.9832329436873443, 0.9995565612780278, 0.9995731464322828, 0.9999888921370688, 0.999999567959886, 0.999999959075429, 0.9999999805626463, 0.9999999905930658]"
samplePosteriorOnlyGoalAndSignal_fromStart,session_11_player1,11,0,1,closer_to_player1,9,"[0.5, 0.9996537963504922, 0.999999706577721, 0.9999998015857504, 0.999999999585868, 0.999999999874781, 0.9999999999997249, 0.9999999999999996, 1.0]"
samplePosteriorOnlyGoalAndSignal_fromStart,session_11_player2,11,0,2,closer_to_player1,9,"[0.5, 0.9831429984565564, 0.9995509943211386, 0.9995801160990414, 0.9999885168333702, 0.9999990481679781, 0.9999995179975738, 0.9999997509901042, 0.9999998695147595]"
samplePosteriorOnlyGoalAndSignal_fromStart,session_11_player1,11,1,1,closer_to_player2,9,"[0.5, 0.9832137129149761, 0.9995550630304758, 0.9999827570925951, 0.9999985299158276, 0.9999993182829051, 0.9999996775040673, 0.999999845021227, 0.9999999246142978]"
samplePosteriorOnlyGoalAndSignal_fromStart,session_11_player2,11,1,2,closer_to_player2,9,"[0.5, 0.999654961639471, 0.9999997188962225, 0.99999972822477, 0.9999999997024365, 0.9999999999992903, 0.9999999999999954, 0.9999999999999987, 1.0]"
samplePosteriorOnlyGoalAndSignal_fromStart,session_11_player1,11,2,1,closer_to_player1,6,"[0.5, 0.9966970959114062, 0.9999795885233449, 0.9999997819286542, 0.9999999955056463, 0.9999999978492524]"
samplePosteriorOnlyGoalAndSignal_fromStart,session_11_player2,11,2,2,closer_to_player1,12,"[0.5, 0.49755784740487535, 0.9982584096524509, 0.9983286388792708, 0.998390063787793, 0.999998643560753, 0.9999999958847847, 0.999999998026102, 0.9999999994418733, 0.9999999999989472, 0.9999999999999987, 1.0]"
samplePosteriorOnlyGoalAndSignal_fromStart,session_11_player1,11,5,1,equal_to_both,12,"[0.5, 0.9812214337559164, 0.999454537364967, 0.9995559079397532, 0.9995757780149842, 0.9999927473519931, 0.9999998065911151, 0.9999999882910569, 0.9999999944844461, 0.9999999973647002, 0.9999999987919705, 0.9999999996476655]"
samplePosteriorOnlyGoalAndSignal_fromStart,session_11_player2,11,5,2,equal_to_both,12,"[0.5, 0.9828714758366774, 0.9831936376230356, 0.9997073515537761, 0.9999923591999531, 0.9999997101054262, 0.9999997316390018, 0.9999999897014961, 0.999999999184195, 0.9999999996222249, 0.9999999998216054, 0.9999999999147667]"
samplePosteriorOnlyGoalAndSignal_fromStart,session_11_player1,11,6,1,closer_to_player1,6,"[0.5, 0.5046667614536975, 0.5029658959605834, 0.5644734050251096, 0.6056165570799455, 0.6975683714139531]"
samplePosteriorOnlyGoalAndSignal_fromStart,session_11_player2,11,6,2,closer_to_player1,9,"[0.5, 0.496683626543999, 0.49988518836128093, 0.50658744982454, 0.502262917321266, 0.5312600211607252, 0.5327771091791037, 0.5334043147182765, 0.5336260312306088]"
samplePosteriorOnlyGoalAndSignal_fromStart,session_11_player1,11,7,1,closer_to_player2,10,"[0.5, 0.9830615830891004, 0.9840012963971488, 0.9997045148870353, 0.9999808533096559, 0.9999898208711652, 0.9999945006751815, 0.9999969977922073, 0.9999983570358485, 0.9999983570358485]"
samplePosteriorOnlyGoalAndSignal_fromStart,session_11_player2,11,7,2,closer_to_player2,11,"[0.5, 0.003377375842303317, 0.961987481684129, 0.9999862469549514, 0.99999998831558, 0.9999999999539362, 0.9999999999754882, 0.9999999999874023, 0.9999999999960673, 0.9999999999999964, 1.0]"
samplePosteriorOnlyGoalAndSignal_fromStart,session_11_player1,11,8,1,closer_to_player2,11,"[0.5, 0.5034829762907747, 0.5062369490316005, 0.5029047290133983, 0.49836173259138417, 0.5046349828124571, 0.5538672826909733, 0.5544898437961006, 0.5547099053382416, 7.31784507038429e-30, 1.0991670678140667e-29]"
samplePosteriorOnlyGoalAndSignal_fromStart,session_11_player2,11,8,2,closer_to_player2,6,"[0.5, 0.5062846637971784, 0.5097948645866236, 0.5159590094788579, 0.5891465550592866, 0.5893665576810206]"
samplePosteriorOnlyGoalAndSignal_fromStart,session_11_player1,11,9,1,equal_to_both,13,"[0.5, 0.9893247864005246, 0.36952605124876287, 0.36954285757394456, 0.9895379912368362, 0.9998880021886654, 0.9999980876781555, 0.9999999501236471, 0.999999998073272, 0.999999999820219, 0.9999999999193984, 0.99999999996367, 0.9999999999840837]"
samplePosteriorOnlyGoalAndSignal_fromStart,session_11_player2,11,9,2,equal_to_both,13,"[0.5, 0.010540117917767388, 0.6299491875878078, 0.9937816235251951, 0.9938493430086701, 0.9999345556508257, 0.9999355711630636, 0.9999993187019098, 0.9999999883676552, 0.9999999996933107, 0.9999999999820571, 0.9999999999919111, 0.9999999999964562]"
samplePosteriorOnlyGoalAndSignal_fromStart,session_11_player1,11,10,1,equal_to_both,12,"[0.5, 0.5000607423057971, 0.500076432353298, 0.0017007109901936157, 0.0016969974983013173, 0.8315994345563121, 0.9998353428239747, 0.999999711280433, 0.9999999989888387, 0.9999999992401309, 0.9999999999957693, 0.9999999999988017]"
samplePosteriorOnlyGoalAndSignal_fromStart,session_11_player2,11,10,2,equal_to_both,10,"[0.5, 0.9937986547148673, 0.9999331911485537, 0.99999884398183, 0.9999999687968713, 0.9999999980908408, 0.9999999991208303, 0.9999999995781397, 0.9999999997948009, 0.9999999998995546]"
samplePosteriorOnlyGoalAndSignal_fromStart,session_12_player1,12,0,1,closer_to_player2,14,"[0.5, 0.16445249077615248, 0.16728634815840368, 0.16980301781614235, 0.1785962588546115, 0.27661387262825504, 0.955062547328733, 0.9986962193599304, 0.9986962193599305, 0.9991725409030121, 0.7408478399369053, 0.8183964022237417, 0.8752428732864782, 0.9156684005797066]"
samplePosteriorOnlyGoalAndSignal_fromStart,session_12_player2,12,0,2,closer_to_player2,9,"[0.5, 0.49607240295738575, 0.999866294321593, 0.9998693439009495, 0.9999999825735332, 0.9999999999907893, 0.9999999999955085, 0.9999999999986449, 0.9999999999999997]"
samplePosteriorOnlyGoalAndSignal_fromStart,session_12_player1,12,1,1,closer_to_player1,6,"[0.5, 0.5015793832250707, 0.5080994125177507, 0.557498273175314, 0.5581308824048453, 0.5583507031252982]"
samplePosteriorOnlyGoalAndSignal_fromStart,session_12_player2,12,1,2,closer_to_player1,9,"[0.5, 0.5044483642994605, 0.5113487243719352, 0.5133306124804886, 0.5194182697739941, 0.5226254787591169, 0.5241448367210428, 0.5247732865810519, 0.5249954520528969]"
samplePosteriorOnlyGoalAndSignal_fromStart,session_12_player1,12,3,1,closer_to_player1,9,"[0.5, 0.49992844622843846, 0.9998680250937212, 0.9998731286734253, 0.9999999779354006, 0.999999990155732, 0.9999999999959609, 0.9999999999999983, 1.0]"
samplePosteriorOnlyGoalAndSignal_fromStart,session_12_player2,12,3,2,closer_to_player1,9,"[0.5, 0.5028451015469632, 0.9895919159241507, 0.9899916296580726, 0.9998877052988718, 0.9999955810913632, 0.9999976126690235, 0.9999986967030008, 0.9999992867686884]"
samplePosteriorOnlyGoalAndSignal_fromStart,session_12_player1,12,5,1,closer_to_player2,10,"[0.5, 0.5024706857374303, 0.5039362713628227, 0.505084116746571, 0.5113557331177863, 0.5605018381254544, 0.561122476831951, 0.5613418537549706, 1.1990505991997247e-29, 1.2001192715835859e-29]"
samplePosteriorOnlyGoalAndSignal_fromStart,session_12_player2,12,5,2,closer_to_player2,5,"[0.5, 0.5025048202894112, 0.4970910986283533, 0.5394062861511072, 0.6375566091683735]"
samplePosteriorOnlyGoalAndSignal_fromStart,session_12_player1,12,6,1,equal_to_both,10,"[0.5, 0.9938418950971215, 0.9999342879459187, 0.9999988442029143, 0.9999991927490467, 0.999999421488231, 0.9999999908297627, 0.9999999955100166, 0.9999999978901771, 0.999999999402422]"
samplePosteriorOnlyGoalAndSignal_fromStart,session_12_player2,12,6,2,equal_to_both,10,"[0.5, 0.9937986764087205, 0.9999331915742616, 0.9999988439901369, 0.9999989147456725, 0.9999999812354934, 0.9999999992637996, 0.9999999996467425, 0.9999999998281704, 0.9999999999158891]"
samplePosteriorOnlyGoalAndSignal_fromStart,session_12_player1,12,7,1,equal_to_both,11,"[0.5, 0.527283248381855, 0.9943477927750526, 0.9999382734744403, 0.9999988829487001, 0.9999999404428329, 0.9999999719697004, 0.999999986583306, 0.9999999937587957, 0.9999999981949413, 0.9999999999721884]"
samplePosteriorOnlyGoalAndSignal_fromStart,session_12_player2,12,7,2,equal_to_both,11,"[0.5, 0.9894580034773808, 0.9998176406022461, 0.9999952409279907, 0.9999998194235463, 0.9999999900844553, 0.9999999985347032, 0.9999999993271758, 0.9999999996853834, 0.9999999998508917, 0.9999999999288847]"
samplePosteriorOnlyGoalAndSignal_fromStart,session_12_player1,12,8,1,closer_to_player2,14,"[0.5, 0.996597282231181, 0.9965933271018442, 0.6437459343005567, 0.9990481376333158, 0.9999967705144627, 0.9999999792280985, 0.9999999996117696, 0.9999999998091175, 0.9999999999102388, 0.9999999999746343, 0.9999999999997923, 0.999999999999999, 1.0]"
samplePosteriorOnlyGoalAndSignal_fromStart,session_12_player2,12,8,2,closer_to_player2,8,"[0.5, 0.3723049964296156, 0.9985649713319603, 0.9999975848417587, 0.8808808151760629, 0.9997727895698908, 0.9999993003385015, 0.9999999963078487]"
samplePosteriorOnlyGoalAndSignal_fromStart,session_12_player1,12,10,1,closer_to_player1,13,"[0.5, 0.9982793990424221, 0.7815570815271684, 0.9995185001501738, 0.9999983717927939, 0.9999999899502875, 0.9999999998937978, 0.9999999999981505, 0.9999999999999225, 0.9999999999999628, 0.9999999999999819, 0.9999999999999911, 0.9999999999999958]"
samplePosteriorOnlyGoalAndSignal_fromStart,session_12_player2,12,10,2,closer_to_player1,9,"[0.5, 0.5338816242349008, 0.9906835651227753, 0.9911798068175688, 0.9999046026523927, 0.9999975596780658, 0.9999988150215507, 0.999999419974313, 0.9999997274642274]"
samplePosteriorOnlyGoalAndSignal_fromStart,session_13_player1,13,0,1,closer_to_player1,7,"[0.5, 0.9999444345170126, 0.9999999903376895, 0.999999995688918, 0.9999999999985534, 0.9999999999999987, 1.0]"
samplePosteriorOnlyGoalAndSignal_fromStart,session_13_player2,13,0,2,closer_to_player1,9,"[0.5, 0.981912612196252, 0.999464793605311, 0.9999540733788447, 0.9999788746805582, 0.9999888084228087, 0.9999939543842794, 0.9999966995678187, 0.9999981938319971]"
samplePosteriorOnlyGoalAndSignal_fromStart,session_13_player1,13,4,1,closer_to_player1,10,"[0.5, 0.9996544229769581, 0.9996628849599657, 0.999796267412156, 0.9999999565545231, 0.9999999999737704, 0.9999999999999402, 0.99999999999994, 0.9999999999999997, 1.0]"
samplePosteriorOnlyGoalAndSignal_fromStart,session_13_player2,13,4,2,closer_to_player1,9,"[0.5, 0.9832156218015479, 0.9995544964125817, 0.9999822117154799, 0.999997885784869, 0.9999989712474593, 0.9999994893787806, 0.9999997426334912, 0.9999998691663888]"
samplePosteriorOnlyGoalAndSignal_fromStart,session_13_player1,13,6,1,closer_to_player2,9,"[0.5, 0.5034526405547213, 0.5057020757059149, 0.5075169041476957, 0.5139040297540769, 0.5428337526924989, 0.544344854468929, 0.5449697870959292, 0.5451906940788106]"
samplePosteriorOnlyGoalAndSignal_fromStart,session_13_player2,13,6,2,closer_to_player2,6,"[0.5, 0.49534034075131445, 0.5707849822960546, 0.6301104919886429, 0.6687126581341306, 0.6014768861132372]"
samplePosteriorOnlyGoalAndSignal_fromStart,session_13_player1,13,7,1,closer_to_player2,9,"[0.5, 0.9831480305064731, 0.9835636343457012, 0.9997147673315101, 0.9999921995225345, 0.9999993533444994, 0.9999996724794076, 0.9999998307965516, 0.9999999113343154]"
samplePosteriorOnlyGoalAndSignal_fromStart,session_13_player2,13,7,2,closer_to_player2,9,"[0.5, 0.5057111662358658, 0.9998327308242728, 0.999999921061389, 0.9999999998349427, 0.9999999999501967, 0.9999999999998906, 0.9999999999999999, 1.0]"
samplePosteriorOnlyGoalAndSignal_fromStart,session_13_player1,13,9,1,closer_to_player2,9,"[0.5, 0.5039936110960929, 0.989709058828068, 0.9898826379105806, 0.9998921964452253, 0.9999981286681907, 0.9999999147791313, 0.9999999582042856, 0.9999999794605297]"
samplePosteriorOnlyGoalAndSignal_fromStart,session_13_player2,13,9,2,closer_to_player2,9,"[0.5, 0.999654981252703, 0.9999997189389659, 0.9999999995067633, 0.999999999998251, 0.9999999999987764, 0.9999999999999912, 0.9999999999999974, 1.0]"
samplePosteriorOnlyGoalAndSignal_fromStart,session_13_player1,13,11,1,closer_to_player1,11,"[0.5, 0.9982668594534149, 0.9999940559694472, 0.9999999626775401, 0.9999999995977138, 0.9999999996131739, 0.9999999999958985, 0.9999999999999291, 0.9999999999999971, 0.9999999999999987, 0.9999999999999994]"
samplePosteriorOnlyGoalAndSignal_fromStart,session_13_player2,13,11,2,closer_to_player1,9,"[0.5, 0.9832232802341072, 0.9995554560551959, 0.9999825863566796, 0.9999981626342811, 0.9999991533466988, 0.9999996070972254, 0.9999998177889814, 0.9999999178489754]"
samplePosteriorOnlyGoalAndSignal_fromStart,session_14_player1,14,0,1,closer_to_player2,9,"[0.5, 0.9832243416064, 0.9836256946515272, 0.9838806368256285, 0.9998299074193288, 0.999997125742793, 0.9999999244540824, 0.9999999377895151, 0.9999999980705224]"
samplePosteriorOnlyGoalAndSignal_fromStart,session_14_player2,14,0,2,closer_to_player2,11,"[0.5, 0.9978540271922046, 0.9999911192433993, 0.9999929541022299, 0.9999999745724111, 0.9999999998266937, 0.9999999999963964, 0.9999999999983841, 0.9999999999995337, 0.9999999999999928, 0.9999999999999999]"
samplePosteriorOnlyGoalAndSignal_fromStart,session_14_player1,14,3,1,closer_to_player2,9,"[0.5, 0.5034052050305252, 0.5055965909546706, 0.5070579006809705, 0.5082390961709629, 0.5151185754452875, 0.573342462579998, 0.5768310227864185, 0.5789309843609759]"
samplePosteriorOnlyGoalAndSignal_fromStart,session_14_player2,14,3,2,closer_to_player2,8,"[0.5, 0.5101852395710272, 0.5054190877674881, 0.5885317200217627, 0.6591264260924817, 0.7118332375515344, 0.7449012784238602, 0.8193898463765151]"
samplePosteriorOnlyGoalAndSignal_fromStart,session_14_player1,14,4,1,closer_to_player2,9,"[0.5, 0.5045001650974681, 0.5120813812094832, 0.5187142098301093, 0.5308008334785644, 0.5391668415946825, 0.5447371761389099, 0.5482753479718852, 0.550406567116576]"
samplePosteriorOnlyGoalAndSignal_fromStart,session_14_player2,14,4,2,closer_to_player2,8,"[0.5, 0.5239282016397216, 0.5446014737606661, 0.5360152792255221, 0.5431196364956482, 0.6007649019102241, 0.6041922144761577, 0.6062491628816523]"
samplePosteriorOnlyGoalAndSignal_fromStart,session_14_player1,14,6,1,equal_to_both,11,"[0.5, 0.9894522400248654, 0.9895708877471299, 0.9998885539031817, 0.999998099524594, 0.9999999494300847, 0.9999999969258384, 0.9999999985463708, 0.999999999302018, 0.9999999996619245, 0.9999999998429653]"
samplePosteriorOnlyGoalAndSignal_fromStart,session_14_player2,14,6,2,equal_to_both,12,"[0.5, 0.988364413868797, 0.9997811070429634, 0.999993820444615, 0.9999997430522884, 0.9999999772338976, 0.9999999772338976, 0.9999999919994873, 0.9999999963433186, 0.9999999982487753, 0.9999999991519023, 0.9999999996060666]"
samplePosteriorOnlyGoalAndSignal_fromStart,session_14_player1,14,9,1,closer_to_player1,9,"[0.5, 0.9996545167318432, 0.999999717994745, 0.9999999995038663, 0.9999999995327901, 0.999999999737873, 0.9999999999996095, 0.9999999999999982, 1.0]"
samplePosteriorOnlyGoalAndSignal_fromStart,session_14_player2,14,9,2,closer_to_player1,9,"[0.5, 0.983222275427347, 0.9995550117551888, 0.9999823637340499, 0.9999979871799327, 0.999999037989064, 0.999999532985079, 0.9999997709542207, 0.9999998874410526]"
samplePosteriorOnlyGoalAndSignal_fromStart,session_14_player1,14,10,1,closer_to_player1,9,"[0.5, 0.5031224079203194, 0.999831488241345, 0.9999999228157872, 0.9999999999142438, 0.9999999999635724, 0.9999999999998911, 0.9999999999999998, 1.0]"
samplePosteriorOnlyGoalAndSignal_fromStart,session_14_player2,14,10,2,closer_to_player1,9,"[0.5, 0.5029890933712005, 0.9896716182970762, 0.9898426171194127, 0.9899450361700094, 0.989930794647032, 0.9999732925174831, 0.9999998592178087, 0.9999999985114396]"
samplePosteriorOnlyGoalAndSignal_fromStart,session_14_player1,14,11,1,closer_to_player1,11,"[0.5, 0.9981940508034357, 0.9999935144448223, 0.9999999572036115, 0.9999999609648134, 0.9999999996641654, 0.9999999998085823, 0.9999999999943573, 0.9999999999999354, 0.999999999999998, 1.0]"
samplePosteriorOnlyGoalAndSignal_fromStart,session_14_player2,14,11,2,closer_to_player1,9,"[0.5, 0.9832628566736398, 0.9995578397950785, 0.9999832833786394, 0.9999991209302486, 0.9999999373610013, 0.9999999909578856, 0.9999999961505436, 0.9999999983351985]"
samplePosteriorOnlyGoalAndSignal_fromStart,session_15_player1,15,2,1,closer_to_player1,8,"[0.5, 0.5042935182612259, 0.5070670025585888, 0.5086861793787664, 0.5158310116789996, 0.5742201393979063, 0.5777151520130626, 0.5798140054576396]"
samplePosteriorOnlyGoalAndSignal_fromStart,session_15_player2,15,2,2,closer_to_player1,9,"[0.5, 0.5035101256899762, 0.5063342604622784, 0.51348363182259, 0.5329937110965223, 0.5413544978583872, 0.5469206232069407, 0.5504558312143687, 0.5525851580465496]"
samplePosteriorOnlyGoalAndSignal_fromStart,session_15_player1,15,4,1,closer_to_player1,7,"[0.5, 0.9999434061052922, 0.9999999928800776, 0.999999999995159, 0.9999999999999973, 1.0, 1.0]"
samplePosteriorOnlyGoalAndSignal_fromStart,session_15_player2,15,4,2,closer_to_player1,9,"[0.5, 0.9742874654269641, 0.9992636856416901, 0.9999695714919715, 0.9999959759957207, 0.999997951519196, 0.9999989264923929, 0.9999994220922638, 0.9999996816324548]"
samplePosteriorOnlyGoalAndSignal_fromStart,session_15_player1,15,5,1,equal_to_both,12,"[0.5, 0.9813695463270429, 0.9994619736421909, 0.9999779914040818, 0.9999987357477644, 0.9999998496561826, 0.9999999465989697, 0.9999999759922993, 0.9999999886740575, 0.9999999945622252, 0.9999999973661672, 0.9999999987765963]"
samplePosteriorOnlyGoalAndSignal_fromStart,session_15_player2,15,5,2,equal_to_both,12,"[0.5, 0.981369969943322, 0.9994619985188621, 0.9999779928623539, 0.9999831304984496, 0.9999993328943066, 0.9999999412664784, 0.9999999735951619, 0.9999999875432036, 0.9999999940192866, 0.9999999971031904, 0.9999999986544448]"
samplePosteriorOnlyGoalAndSignal_fromStart,session_15_player1,15,6,1,closer_to_player2,7,"[0.5, 0.9937404653286074, 0.9998933754176109, 0.9999475592365304, 0.9999741178469662, 0.9999877114920721, 0.999996540238668]"
samplePosteriorOnlyGoalAndSignal_fromStart,session_15_player2,15,6,2,closer_to_player2,13,"[0.5, 0.9982297282990618, 0.9982093325469612, 0.9999969300823235, 0.9999999896634358, 0.9999999897248241, 0.9999999897560151, 0.9999999999826588, 0.9999999999999416, 0.9999999962525802, 0.9999999999873956, 0.9999999999999075, 0.9999999999999544]"
samplePosteriorOnlyGoalAndSignal_fromStart,session_15_player1,15,8,1,closer_to_player2,11,"[0.5, 0.9832203230629989, 0.9995555386988679, 0.999581336659598, 0.9999889387519966, 0.9999993617086479, 0.9999996975798234, 0.9921298093885673, 0.9997156982415951, 0.9998631366422039, 0.9999333193703478]"
samplePosteriorOnlyGoalAndSignal_fromStart,session_15_player2,15,8,2,closer_to_player2,9,"[0.5, 0.99964575044552, 0.9999997019409634, 0.9999999994468293, 0.9999999999968213, 0.9999999999985371, 0.9999999999995893, 0.9999999999999983, 1.0]"
samplePosteriorOnlyGoalAndSignal_fromStart,session_15_player1,15,9,1,closer_to_player2,9,"[0.5, 0.5030292860686816, 0.4971487622717541, 0.5854913042016938, 0.6640884977751061, 0.7277157933190526, 0.773461380555389, 0.7378128210762457, 0.8500853669403324]"
samplePosteriorOnlyGoalAndSignal_fromStart,session_15_player2,15,9,2,closer_to_player2,11,"[0.5, 0.6364408028014178, 0.46693753431828056, 0.30459738782782736, 0.998802341556957, 0.9999994006853709, 0.9999999991907903, 0.9999999995954402, 0.9999999997977619, 0.9999999998989114, 0.999999999949833]"
samplePosteriorOnlyGoalAndSignal_fromStart,session_15_player1,15,10,1,closer_to_player1,6,"[0.5, 0.5046667614508336, 0.5071404631258877, 0.5130540375257889, 0.5861974525633142, 0.5864135369957667]"
samplePosteriorOnlyGoalAndSignal_fromStart,session_15_player2,15,10,2,closer_to_player1,9,"[0.5, 0.5215556146335062, 0.5384497709220457, 0.5519378475436306, 0.5666417080827422, 0.5698385944683441, 0.5713315658038455, 0.5719485977137105, 0.5721666892422813]"
samplePosteriorOnlyGoalAndSignal_fromStart,session_15_player1,15,11,1,equal_to_both,10,"[0.5, 0.9937950362376055, 0.9999331444887559, 0.9999349717637369, 0.9999993130006036, 0.9999999882854328, 0.9999999996914373, 0.9999999999811019, 0.999999999991264, 0.9999999999959551]"
samplePosteriorOnlyGoalAndSignal_fromStart,session_15_player2,15,11,2,equal_to_both,10,"[0.5, 0.9938485231702379, 0.9999345413624374, 0.9999356212640069, 0.9999993185837542, 0.9999993430816108, 0.9999999926854121, 0.9999999998043286, 0.9999999999116505, 0.9999999999745207]"
samplePosteriorOnlyGoalAndSignal_fromStart,session_16_player1,16,0,1,closer_to_player2,10,"[0.5, 0.9832182361944457, 0.9995545476917683, 0.9999822086848976, 0.9999978850158334, 0.9999989706325649, 0.9999989706325649, 0.9999994890682316, 0.9999997424755017, 0.9999998690851858]"
samplePosteriorOnlyGoalAndSignal_fromStart,session_16_player2,16,0,2,closer_to_player2,9,"[0.5, 0.5045978697049416, 0.6101694577993908, 0.9999575733528635, 0.9999999909529649, 0.9999999999945371, 0.9999999999999839, 1.0, 1.0]"
samplePosteriorOnlyGoalAndSignal_fromStart,session_16_player1,16,1,1,closer_to_player2,9,"[0.5, 0.5034548848747543, 0.5057049513543231, 0.5065819337962849, 0.5077296374625891, 0.5024775756048597, 0.49707032476895563, 0.5393850087736304, 0.6375367841926695]"
samplePosteriorOnlyGoalAndSignal_fromStart,session_16_player2,16,1,2,closer_to_player2,4,"[0.5, 0.5494910530333136, 0.5501258721419311, 0.5503464668604601]"
samplePosteriorOnlyGoalAndSignal_fromStart,session_16_player1,16,3,1,equal_to_both,12,"[0.5, 0.9828669630019589, 0.9995382617208854, 0.9999822557956787, 0.9999990541864611, 0.9999999305040234, 0.9999999868413104, 0.9999999942496496, 0.9999999974009081, 0.9999999988077363, 0.9999999994481797, 0.9999999997444664]"
samplePosteriorOnlyGoalAndSignal_fromStart,session_16_player2,16,3,2,equal_to_both,14,"[0.5, 0.9811855633287875, 0.9994521592154567, 0.999977430229591, 0.9999986907880072, 0.9999998213223341, 0.9999690905156444, 0.9999957814504277, 0.9999984773254469, 0.9999993127366594, 0.9999996800218288, 0.9999998512331637, 0.999999932829475, 0.9999999806285852]"
samplePosteriorOnlyGoalAndSignal_fromStart,session_16_player1,16,5,1,equal_to_both,12,"[0.5, 0.9813699798709308, 0.9994619990718442, 0.9999779928946682, 0.9999987358375951, 0.9999998496577482, 0.9999999466003581, 0.999999975993108, 0.9999999886744625, 0.9999999945624226, 0.999999997366263, 0.9999999987766408]"
samplePosteriorOnlyGoalAndSignal_fromStart,session_16_player2,16,5,2,equal_to_both,14,"[0.5, 0.018651352204745928, 0.6099797070033095, 0.988007414806317, 0.9996559357484126, 0.9997100997603706, 0.9999923158147059, 0.9999996961310013, 0.99999979873627, 0.9999999877818987, 0.9999999942359654, 0.9999999972325919, 0.9999999986595822, 0.9999999993773818]"
samplePosteriorOnlyGoalAndSignal_fromStart,session_16_player1,16,7,1,closer_to_player1,7,"[0.5, 0.9999315281158896, 0.9999999743984656, 0.9999999999907735, 0.9999999999999873, 1.0, 1.0]"
samplePosteriorOnlyGoalAndSignal_fromStart,session_16_player2,16,7,2,closer_to_player1,9,"[0.5, 0.9822042860142358, 0.9995235700101033, 0.999551646939078, 0.9995694528886846, 0.9999923099143392, 0.9999995870356957, 0.9999997819814662, 0.9999998826950084]"
samplePosteriorOnlyGoalAndSignal_fromStart,session_16_player1,16,8,1,closer_to_player1,7,"[0.5, 0.9999335490271765, 0.9999999656722148, 0.9999999999841888, 0.9999999999999765, 1.0, 1.0]"
samplePosteriorOnlyGoalAndSignal_fromStart,session_16_player2,16,8,2,closer_to_player1,9,"[0.5, 0.9831458103951376, 0.9995513823959642, 0.9995798859524395, 0.9999888921051133, 0.9999919686163906, 0.9999997098110996, 0.9999998600006057, 0.9999999316343676]"
samplePosteriorOnlyGoalAndSignal_fromStart,session_16_player1,16,9,1,closer_to_player1,9,"[0.5, 0.4937900568792361, 0.49035993063335104, 0.49642398953823197, 0.5446537545760367, 0.9999941785380729, 0.9999999999090426, 0.9999999999999951, 0.9999999999999976]"
samplePosteriorOnlyGoalAndSignal_fromStart,session_16_player2,16,9,2,closer_to_player1,9,"[0.5, 0.503438747407208, 0.5059023935819075, 0.5071275651519334, 0.5116959963940445, 0.514100677182566, 0.5204524695832737, 0.6030137440337012, 0.6050727319035448]"
samplePosteriorOnlyGoalAndSignal_fromStart,session_16_player1,16,10,1,equal_to_both,10,"[0.5, 0.9938486648524517, 0.9999345463921252, 0.9999988838786847, 0.999999970301048, 0.9999999981945907, 0.9999999991463053, 0.9999999995900857, 0.9999999998014534, 0.9999999999077759]"
samplePosteriorOnlyGoalAndSignal_fromStart,session_16_player2,16,10,2,equal_to_both,10,"[0.5, 0.993763736579861, 0.9999324793198162, 0.999934623927291, 0.9999993086750787, 0.9999999880383028, 0.9999999995326998, 0.9999999997762048, 0.9999999998916187, 0.9999999999496579]"
samplePosteriorOnlyGoalAndSignal_fromStart,session_16_player1,16,11,1,closer_to_player2,9,"[0.5, 0.9882243948308903, 0.9997664734260473, 0.9999880409632425, 0.9999880409632425, 0.9999955382116665, 0.9999978516949257, 0.9999989535337142, 0.9999995024490422]"
samplePosteriorOnlyGoalAndSignal_fromStart,session_16_player2,16,11,2,closer_to_player2,6,"[0.5, 0.9999911178544248, 0.9999999997050265, 0.9999999999999686, 1.0, 1.0]"
samplePosteriorOnlyGoalAndSignal_fromStart,session_17_player1,17,0,1,closer_to_player2,9,"[0.5, 0.5034387474073287, 0.5059023935820441, 0.5073636584373674, 0.5085448348316526, 0.5154242120648538, 0.5736424013412319, 0.5771303179372865, 0.5792298776939483]"
samplePosteriorOnlyGoalAndSignal_fromStart,session_17_player2,17,0,2,closer_to_player2,8,"[0.5, 0.5833231973821922, 0.6543336044018285, 0.7074759487222654, 0.09758516678529439, 0.12138971781499915, 0.140395492270975, 0.20239553365110677]"
samplePosteriorOnlyGoalAndSignal_fromStart,session_17_player1,17,1,1,closer_to_player2,11,"[0.5, 0.5175243686431555, 0.6431534467098463, 0.9717981002656555, 0.08392166474259681, 0.06205725955532122, 0.044255126144472766, 0.030182736561764404, 0.01935256424688283, 0.011297698666571949, 0.9542402510768273]"
samplePosteriorOnlyGoalAndSignal_fromStart,session_17_player2,17,1,2,closer_to_player2,2,"[0.5, 0.3341374942062603]"
samplePosteriorOnlyGoalAndSignal_fromStart,session_17_player1,17,4,1,equal_to_both,12,"[0.5, 0.9811855633287875, 0.9833855458592647, 0.9997053924239641, 0.999992161429956, 0.9999996872191533, 0.9999999663337843, 0.9999999848046736, 0.9999999929253159, 0.9999999967107812, 0.999999998514867, 0.9999999995717002]"
samplePosteriorOnlyGoalAndSignal_fromStart,session_17_player2,17,4,2,equal_to_both,17,"[0.5, 0.9828669630019589, 0.9995382617208854, 0.9999822557956787, 0.9950691444740536, 0.9998096932728477, 0.9999898544851108, 0.9999992545269797, 0.999999858848613, 0.9999360707152483, 0.9999878947068767, 0.9999878947068765, 0.9999947099480967, 0.999997608950769, 0.9999989031688664, 0.9999994923489564, 0.999999764919933]"
samplePosteriorOnlyGoalAndSignal_fromStart,session_17_player1,17,5,1,closer_to_player1,6,"[0.5, 0.5001178413929187, 0.5026227357628618, 0.5085445903349226, 0.5818169572299455, 0.5820338184236963]"
samplePosteriorOnlyGoalAndSignal_fromStart,session_17_player2,17,5,2,closer_to_player1,9,"[0.5, 0.5035047968893136, 0.5052051992955697, 0.5070203484334406, 0.5134079080506022, 0.5423410453305938, 0.5438524215142047, 0.5444774638010902, 0.5446984098017074]"
samplePosteriorOnlyGoalAndSignal_fromStart,session_17_player1,17,6,1,closer_to_player1,6,"[0.5, 0.5836348871288317, 0.6550154281177869, 0.5778397869047206, 0.73249757897692, 0.846487386596331]"
samplePosteriorOnlyGoalAndSignal_fromStart,session_17_player2,17,6,2,closer_to_player1,9,"[0.5, 0.5045359656323897, 0.5077370828545674, 0.5144363295517936, 0.5278747694426353, 0.5311210991274457, 0.532638241220567, 0.5332654698660285, 0.5334871946513972]"
samplePosteriorOnlyGoalAndSignal_fromStart,session_17_player1,17,7,1,equal_to_both,12,"[0.5, 0.9827974264286369, 0.9995347619489585, 0.9999820719876505, 0.9999990424350222, 0.999999163136406, 0.9999999545756394, 0.999999970131633, 0.9999999972057181, 0.9999999987451095, 0.9999999994342813, 0.9999999997521524]"
samplePosteriorOnlyGoalAndSignal_fromStart,session_17_player2,17,7,2,equal_to_both,15,"[0.5, 0.9827981835512246, 0.38450141112321834, 0.9727454939541879, 0.9734062341473485, 0.973706277437847, 0.9997144737256941, 0.9999951336113879, 0.9999998733344785, 0.9999999951085506, 0.9999999995423835, 0.9999999997944887, 0.9999999999073533, 0.9999999999073533, 0.9999999999594105]"
samplePosteriorOnlyGoalAndSignal_fromStart,session_17_player1,17,9,1,closer_to_player2,10,"[0.5, 0.5030324281969806, 0.9896730838368036, 0.9998220897819692, 0.9998293857825992, 0.9999970151518569, 0.9999998558508697, 0.9999998558508697, 0.9999999273454845, 0.9999999630657093]"
samplePosteriorOnlyGoalAndSignal_fromStart,session_17_player2,17,9,2,closer_to_player2,9,"[0.5, 0.9996549378497698, 0.9999997185656813, 0.9999999994920107, 0.9999999996531024, 0.9999999999985698, 0.9999999999995786, 0.999999999999998, 1.0]"
samplePosteriorOnlyGoalAndSignal_fromStart,session_17_player1,17,10,1,equal_to_both,12,"[0.5, 0.9938484355246483, 0.999934546101935, 0.9999356085506123, 0.9999993205046075, 0.9999999882663267, 0.9999999995392145, 0.9999999997785202, 0.999999999892261, 0.9999999999472613, 1.0851736975809608e-21, 2.216884318460838e-21]"
samplePosteriorOnlyGoalAndSignal_fromStart,session_17_player2,17,10,2,equal_to_both,14,"[0.5, 0.9928571072370516, 0.9999120870839753, 0.9999982497626847, 0.9999990452929102, 0.9999993320291365, 0.9999999893878967, 0.9999999948156981, 0.9998516760033788, 0.9999987079816811, 0.9992069406846438, 0.9996124116834771, 0.9998178647206755, 0.9999484066259318]"
samplePosteriorOnlyGoalAndSignal_fromStart,session_17_player1,17,11,1,closer_to_player1,11,"[0.5, 0.0024345185573316727, 0.9331957401252825, 0.9999663858191357, 0.9999999621721348, 0.9999999794326988, 0.9999999999693759, 0.9999999999998972, 0.9999999999999989, 1.0, 1.0]"
samplePosteriorOnlyGoalAndSignal_fromStart,session_17_player2,17,11,2,closer_to_player1,11,"[0.5, 0.5034386583622611, 0.989704265896541, 0.9998230609112997, 0.9999953964601257, 0.9999998220037211, 0.9999998686611475, 0.9999999927039778, 0.9992471971801107, 0.9999581512004319, 0.999980194686413]"
samplePosteriorOnlyGoalAndSignal_fromStart,session_18_player1,18,0,1,closer_to_player2,9,"[0.5, 0.504092967828089, 0.5018438198894073, 0.5089891538245446, 0.5285075073538528, 0.5368778058343429, 0.5424523289181962, 0.5459934598446948, 0.5481265720494355]"
samplePosteriorOnlyGoalAndSignal_fromStart,session_18_player2,18,0,2,closer_to_player2,14,"[0.5, 0.6326395479419318, 0.462700977837102, 0.9993905135564694, 0.9991691021038066, 0.38932622220510754, 0.24167926608709528, 0.9998844677216265, 0.6112856720221046, 0.9999765838149404, 0.9999999986502902, 0.9999999999997548, 0.9999999999998774, 0.9999999999999392]"
samplePosteriorOnlyGoalAndSignal_fromStart,session_18_player1,18,1,1,closer_to_player1,16,"[0.5, 0.11996912683249203, 0.16317993977774586, 0.21466494965378607, 0.15057681050304242, 2.7347612118074595e-05, 0.04891162863254432, 7.933870630485481e-06, 1.05656628869636e-05, 0.05477603302769304, 2.1478439446970833e-06, 2.727759380264238e-06, 4.272555002850798e-11, 2.7277583560511096e-06, 3.183217667073681e-06, 0.1714954611542702]"
samplePosteriorOnlyGoalAndSignal_fromStart,session_18_player2,18,1,2,closer_to_player1,9,"[0.5, 0.5035047978085626, 0.5052052002140732, 0.5070203493891094, 0.5024776345503089, 0.5087501556025157, 0.5579317690892355, 0.5585531786943073, 0.5587728300315525]"
samplePosteriorOnlyGoalAndSignal_fromStart,session_18_player1,18,2,1,closer_to_player1,9,"[0.5, 0.49992629099203745, 0.4975041531222459, 0.5033349893415769, 0.4615870177884978, 0.5373367707897387, 1.0, 1.0, 1.0]"
samplePosteriorOnlyGoalAndSignal_fromStart,session_18_player2,18,2,2,closer_to_player1,10,"[0.5, 0.5185036283267974, 0.5288254559376383, 0.5548073411892877, 0.5667451834016896, 0.5749835572057092, 0.5749835572057092, 0.5804578492681489, 0.5839304505764086, 0.5860204658412581]"
samplePosteriorOnlyGoalAndSignal_fromStart,session_18_player1,18,3,1,closer_to_player1,11,"[0.5, 0.4898228731994122, 0.9991460061909395, 0.999998537465793, 0.9999999950786941, 0.9999999999696713, 0.9999999999704462, 0.999999999999815, 0.9999999999999966, 0.9999999999999982, 0.9999999999999991]"
samplePosteriorOnlyGoalAndSignal_fromStart,session_18_player2,18,3,2,closer_to_player1,11,"[0.5, 0.9799888299746443, 0.9988489481855638, 0.9995195043459596, 0.9997553318198424, 0.7297661931628355, 0.9917608553913098, 0.9957608745453689, 0.9978608414675697, 0.99895528183788, 0.9996932008872629]"
samplePosteriorOnlyGoalAndSignal_fromStart,session_18_player1,18,7,1,closer_to_player2,10,"[0.5, 0.5035101256895487, 0.5051564962013014, 0.5059869687682346, 0.5071682366105708, 0.5140483739911583, 0.5722940662923683, 0.575784856224307, 0.575784856224307, 0.5778862103236463]"
samplePosteriorOnlyGoalAndSignal_fromStart,session_18_player2,18,7,2,closer_to_player2,4,"[0.5, 0.5609205897637957, 0.6016139652286131, 0.5271267388188677]"
samplePosteriorOnlyGoalAndSignal_fromStart,session_18_player1,18,8,1,equal_to_both,8,"[0.5, 0.9982962874551549, 0.999994265287625, 0.999999964713039, 0.9999999996253454, 0.9999999999912491, 0.9999999999957367, 0.9999999999979051]"
samplePosteriorOnlyGoalAndSignal_fromStart,session_18_player2,18,8,2,equal_to_both,8,"[0.5, 0.9982473290241706, 0.9999937761525383, 0.9999955938313486, 0.9999999769701428, 0.9999999890855255, 0.999999996927489, 0.9999999999872222]"
samplePosteriorOnlyGoalAndSignal_fromStart,session_18_player1,18,9,1,closer_to_player2,9,"[0.5, 0.4214016846510288, 0.5596532142591878, 0.9774581847773546, 0.9996196648311861, 0.9999926277606295, 0.9999995651886001, 0.9999997619044139, 0.9999998661341154]"
samplePosteriorOnlyGoalAndSignal_fromStart,session_18_player2,18,9,2,closer_to_player2,12,"[0.5, 0.999944450810528, 0.9999999900470764, 0.9999999999964575, 0.9999999359659878, 0.9999999999503039, 0.9999999999999722, 0.9999999994431641, 0.9999999999996454, 0.9999999999999988, 0.9999999999999989, 1.0]"
samplePosteriorOnlyGoalAndSignal_fromStart,session_18_player1,18,10,1,equal_to_both,12,"[0.5, 0.5000607423057971, 0.500076432353298, 0.9982953344575283, 0.9983031535225434, 0.9999970200911572, 0.9999999895636561, 0.9999999999091215, 0.999997399798886, 0.9999980459954666, 0.9999999891204319, 0.9999999969185135]"
samplePosteriorOnlyGoalAndSignal_fromStart,session_18_player2,18,10,2,equal_to_both,10,"[0.5, 0.49865139110208256, 0.9966212414593979, 0.9966367049663064, 0.9999886597416885, 0.9999999302113802, 0.9999999314081144, 0.999999999577234, 0.999999999994687, 0.9999999999973993]"
samplePosteriorOnlyGoalAndSignal_fromStart,session_18_player1,18,11,1,equal_to_both,12,"[0.5, 0.498478178903624, 0.4979574054922199, 0.9983336467185624, 0.9999945108789519, 0.9999999666581388, 0.9999999668814004, 0.9993805817281666, 0.9990878514884862, 0.9999989186368881, 0.9999999974644765, 0.9999999999891056]"
samplePosteriorOnlyGoalAndSignal_fromStart,session_18_player2,18,11,2,equal_to_both,10,"[0.5, 0.9938485215795737, 0.9938934868215482, 0.9999620627307325, 0.9999995984637744, 0.9999999930128154, 0.9999999996812947, 0.9999999998518053, 0.9999999999330872, 0.9999999999807029]"
samplePosteriorOnlyGoalAndSignal_fromStart,session_19_player1,19,2,1,closer_to_player1,6,"[0.5, 0.5167094464887709, 0.5621147694080958, 0.5721498429805068, 0.5756492909753091, 0.5777509075386589]"
samplePosteriorOnlyGoalAndSignal_fromStart,session_19_player2,19,2,2,closer_to_player1,9,"[0.5, 0.5034565445562803, 0.5057108350280931, 0.5075757805943011, 0.5024375523919361, 0.5093198368130512, 0.48198158787613293, 0.5656377201111922, 0.5677516044264396]"
samplePosteriorOnlyGoalAndSignal_fromStart,session_19_player1,19,3,1,closer_to_player2,9,"[0.5, 0.630881797432762, 0.9726417692821265, 0.9992553456584344, 0.9999776050592376, 0.9999979020394952, 0.9999988849820268, 0.9999993896080466, 0.999999656926924]"
samplePosteriorOnlyGoalAndSignal_fromStart,session_19_player2,19,3,2,closer_to_player2,7,"[0.5, 0.9998770413370017, 0.999999984934051, 0.9999999999963057, 0.9999999999999979, 1.0, 1.0]"
samplePosteriorOnlyGoalAndSignal_fromStart,session_19_player1,19,4,1,closer_to_player2,9,"[0.5, 0.9832154423381405, 0.9995544887962823, 0.9999822114611076, 0.9999978857759787, 0.9999989712334436, 0.9999994893707251, 0.9999997426292703, 0.9999998691641967]"
samplePosteriorOnlyGoalAndSignal_fromStart,session_19_player2,19,4,2,closer_to_player2,9,"[0.5, 0.999654426855292, 0.9999997175972941, 0.9999997336216676, 0.9999998484585869, 0.9999999999085093, 0.999999999999791, 0.999999999999999, 1.0]"
samplePosteriorOnlyGoalAndSignal_fromStart,session_19_player1,19,5,1,closer_to_player1,11,"[0.5, 0.5319399105479348, 0.9998776529994511, 0.9999143835775596, 0.9999594400270111, 0.9999999959614512, 0.9999999999989377, 0.9999999999999998, 0.9999999999999792, 0.99999999999997, 1.0]"
samplePosteriorOnlyGoalAndSignal_fromStart,session_19_player2,19,5,2,closer_to_player1,11,"[0.5, 0.0036436664101447045, 0.18172478240422793, 0.9244873057382089, 0.9977939886554246, 0.9998557351358063, 0.9999313240647177, 0.9999666140703399, 0.9999835694361823, 0.9999918436492005, 0.9999959297847691]"
samplePosteriorOnlyGoalAndSignal_fromStart,session_19_player1,19,6,1,equal_to_both,11,"[0.5, 0.9894521973177995, 0.9895708864100161, 0.9998885538002993, 0.999998099521931, 0.9999981880151967, 0.9999999687139142, 0.9999999987775461, 0.9999999994130201, 0.9999999997156896, 0.999999999867939]"
samplePosteriorOnlyGoalAndSignal_fromStart,session_19_player2,19,6,2,equal_to_both,13,"[0.5, 0.011642859908033522, 0.624376438002251, 0.9929674553093958, 0.9935121208331779, 0.9999297374404227, 0.9999987790793803, 0.9999999669317023, 0.9999999979729862, 0.9999999990735414, 0.9999999995563088, 0.9999999997851255, 0.9999999999001928]"
samplePosteriorOnlyGoalAndSignal_fromStart,session_19_player1,19,10,1,closer_to_player1,3,"[0.5, 0.5006302673560981, 0.5008529871503965]"
samplePosteriorOnlyGoalAndSignal_fromStart,session_19_player2,19,10,2,closer_to_player1,9,"[0.5, 0.5215495690295509, 0.5384370852750142, 0.5519148609510177, 0.5666209021391776, 0.569817926379604, 0.5713109203694337, 0.5719279599136776, 0.572146054096741]"
samplePosteriorOnlyGoalAndSignal_fromStart,session_19_player1,19,11,1,closer_to_player2,9,"[0.5, 0.983157407779058, 0.9995510145513644, 0.9999828417773589, 0.999999071653285, 0.9999998756354725, 0.999999943899915, 0.9999999738483719, 0.9999999876242598]"
samplePosteriorOnlyGoalAndSignal_fromStart,session_19_player2,19,11,2,closer_to_player2,11,"[0.5, 0.6226212610439492, 0.9998707510520053, 0.9999999227368134, 0.9995470384444756, 0.9999997291383709, 0.9999999989779246, 0.9999999999975957, 0.9999999999999887, 0.9999999999999999, 1.0]"
samplePosteriorOnlyGoalAndSignal_fromStart,session_20_player1,20,1,1,equal_to_both,10,"[0.5, 0.9938461369176106, 0.9999344711422846, 0.9999355619641127, 0.9999993199722528, 0.9999999882572, 0.9999999995388765, 0.9999999997783636, 0.999999999892185, 0.9999999999472241]"
samplePosteriorOnlyGoalAndSignal_fromStart,session_20_player2,20,1,2,equal_to_both,10,"[0.5, 0.993736502515381, 0.993860480268211, 0.9999618356093468, 0.9999995873153463, 0.9999999887477993, 0.9999999945326402, 0.9999999973232881, 0.9999999987422337, 0.9999999996437553]"
samplePosteriorOnlyGoalAndSignal_fromStart,session_20_player1,20,2,1,closer_to_player1,6,"[0.5, 0.501620158835099, 0.49558276362515186, 0.501948771151952, 0.5851605240346051, 0.5872488090040283]"
samplePosteriorOnlyGoalAndSignal_fromStart,session_20_player2,20,2,2,closer_to_player1,11,"[0.5, 0.5185036272103752, 0.5288254621924948, 0.5288254621924948, 0.5548073469969867, 0.5667451885904359, 0.5749835619583215, 0.5804578537853116, 0.5839304549815423, 0.5860204701976129, 0.5860204701976129]"
samplePosteriorOnlyGoalAndSignal_fromStart,session_20_player1,20,3,1,closer_to_player2,9,"[0.5, 0.9830615830786686, 0.9995161770037214, 0.9999528246881136, 0.9999754842838446, 0.9999869664544502, 0.9999929585531593, 0.9999961559096657, 0.999997896313161]"
samplePosteriorOnlyGoalAndSignal_fromStart,session_20_player2,20,3,2,closer_to_player2,10,"[0.5, 0.9989183331725804, 0.9999974539117821, 0.9999999774326662, 0.9999999900636424, 0.9999999947125825, 0.9999999972825598, 0.9999999991516876, 0.9999999999992306, 0.9999999999999994]"
samplePosteriorOnlyGoalAndSignal_fromStart,session_20_player1,20,7,1,closer_to_player1,7,"[0.5, 0.5016265109765048, 0.5087823315173751, 0.5673249900432146, 0.5708338331924288, 0.572941554232937, 0.572941554232937]"
samplePosteriorOnlyGoalAndSignal_fromStart,session_20_player2,20,7,2,closer_to_player1,9,"[0.5, 0.5034565444312341, 0.5057108347615349, 0.5065412860883461, 0.5077225176629233, 0.5146023217199506, 0.5728367936872262, 0.5763264332142943, 0.5784270687601957]"
samplePosteriorOnlyGoalAndSignal_fromStart,session_20_player1,20,8,1,closer_to_player1,10,"[0.5, 0.4940107844673903, 0.5827314370867326, 0.45756619983872876, 0.6278667192180296, 0.0002602279248125419, 0.3286203613185418, 0.4947234223413688, 0.6620207855022413, 0.7977504808393107]"
samplePosteriorOnlyGoalAndSignal_fromStart,session_20_player2,20,8,2,closer_to_player1,9,"[0.5, 0.5034002007864115, 0.5058737036939973, 0.5073402603598838, 0.5084881178279843, 0.5147581520694727, 0.5638540527802776, 0.5644736420107083, 0.5646926433276019]"
samplePosteriorOnlyGoalAndSignal_fromStart,session_20_player1,20,9,1,closer_to_player2,9,"[0.5, 0.5053843589489241, 0.5197621115922283, 0.6371522800956956, 0.9713277011519574, 0.9771922564533566, 0.9815419115814543, 0.9849056791716249, 0.9876284951790709]"
samplePosteriorOnlyGoalAndSignal_fromStart,session_20_player2,20,9,2,closer_to_player2,7,"[0.5, 0.9999426305187998, 0.999999992341987, 0.9999999999960069, 0.9999999999980055, 0.9999999999990175, 0.9999999999996713]"
samplePosteriorOnlyGoalAndSignal_fromStart,session_20_player1,20,11,1,closer_to_player2,9,"[0.5, 0.39709224317046965, 0.3190694492666977, 0.248359676343622, 0.9847672203143033, 0.9999004291684424, 0.9999988949491706, 0.999999964541729, 0.9999999804748922]"
samplePosteriorOnlyGoalAndSignal_fromStart,session_20_player2,20,11,2,closer_to_player2,7,"[0.5, 0.9999427963468913, 0.9999999807541784, 0.9999999999939552, 0.9999999999999967, 1.0, 1.0]"
samplePosteriorOnlyGoalAndSignal_fromStart,session_21_player1,21,0,1,closer_to_player1,10,"[0.5, 0.999658585375404, 0.9999997154039659, 0.9999999988748346, 0.9999999988748346, 0.9999999993929867, 0.9999999996877963, 0.999999999902533, 0.9999999999999116, 0.9999999999999999]"
samplePosteriorOnlyGoalAndSignal_fromStart,session_21_player2,21,0,2,closer_to_player1,9,"[0.5, 0.981912612196252, 0.999464793605311, 0.9999540733788447, 0.9999788746805582, 0.9999888084228087, 0.9999939543842794, 0.9999966995678187, 0.9999981938319971]"
samplePosteriorOnlyGoalAndSignal_fromStart,session_21_player1,21,3,1,closer_to_player2,9,"[0.5, 0.983153111549341, 0.9995539906985741, 0.9999830703426557, 0.9999842036609358, 0.9999849072333962, 0.999999597709859, 0.9999999754344178, 0.9999999878560313]"
samplePosteriorOnlyGoalAndSignal_fromStart,session_21_player2,21,3,2,closer_to_player2,11,"[0.5, 0.9995263805434365, 0.9997431668819675, 0.9999998417185394, 0.9999999995627351, 0.9999999999979547, 0.9999999999999941, 0.9999999998604967, 0.9999999999992382, 0.9999999999999972, 1.0]"
samplePosteriorOnlyGoalAndSignal_fromStart,session_21_player1,21,4,1,equal_to_both,12,"[0.5, 0.50002375033113, 0.9894501784026131, 0.9895711039625728, 0.9998885479190884, 0.9999981007865354, 0.9999999505662872, 0.9999999980910211, 0.9999999998214069, 0.9999999999197954, 0.9999999999638429, 0.9999999999841591]"
samplePosteriorOnlyGoalAndSignal_fromStart,session_21_player2,21,4,2,equal_to_both,12,"[0.5, 0.5000267724389522, 0.9894502513927013, 0.9998173377202073, 0.999995228863996, 0.9999954149985315, 0.9999998806586384, 0.9999999953913882, 0.9999999967935895, 0.9999999998124095, 0.9999999999154322, 0.9999999999629499]"
samplePosteriorOnlyGoalAndSignal_fromStart,session_21_player1,21,5,1,closer_to_player1,6,"[0.5, 0.51605731233259, 0.55372369678932, 0.5600652926348306, 0.5606971133082237, 0.5609166613681225]"
samplePosteriorOnlyGoalAndSignal_fromStart,session_21_player2,21,5,2,closer_to_player1,9,"[0.5, 0.5044483630184137, 0.5113487228672179, 0.5133306134678784, 0.5194182704848285, 0.5226254793292198, 0.5241448372389911, 0.5247732870833864, 0.524995452551396]"
samplePosteriorOnlyGoalAndSignal_fromStart,session_21_player1,21,6,1,equal_to_both,10,"[0.5, 0.5000607313576132, 0.9966414836100038, 0.9999792149001795, 0.9999997756593333, 0.9999999938790824, 0.9999999970201953, 0.9999999985410112, 0.9999999993144277, 0.9999999998058211]"
samplePosteriorOnlyGoalAndSignal_fromStart,session_21_player2,21,6,2,equal_to_both,10,"[0.5, 0.4986503440887222, 0.4985745019736516, 0.9982881672647254, 0.9999942376095253, 0.9999999645381002, 0.9999999651461999, 0.9999999997851785, 0.9999999999973003, 0.9999999999986785]"
samplePosteriorOnlyGoalAndSignal_fromStart,session_21_player1,21,7,1,closer_to_player2,9,"[0.5, 0.9830621541416056, 0.9840622611993105, 0.9997088712731022, 0.9999820680025839, 0.999990671180435, 0.9999950913263558, 0.9999974057353823, 0.9999986362149694]"
samplePosteriorOnlyGoalAndSignal_fromStart,session_21_player2,21,7,2,closer_to_player2,9,"[0.5, 0.9996592340786165, 0.9999997274098993, 0.9999999995195972, 0.9999999999965914, 0.9999999999982253, 0.9999999999991117, 0.9999999999997332, 0.9999999999999994]"
samplePosteriorOnlyGoalAndSignal_fromStart,session_21_player1,21,11,1,closer_to_player2,9,"[0.5, 0.983157407779058, 0.9995510145513644, 0.9999828417773589, 0.999999071653285, 0.9999998756354725, 0.999999943899915, 0.9999999738483719, 0.9999999876242598]"
samplePosteriorOnlyGoalAndSignal_fromStart,session_21_player2,21,11,2,closer_to_player2,9,"[0.5, 0.9995412644575277, 0.9999994968120064, 0.9999997155246124, 0.9999999989265541, 0.9999999999974749, 0.9999999999999881, 0.9999999999999998, 1.0]"
samplePosteriorOnlyGoalAndSignal_fromStart,session_22_player1,22,0,1,closer_to_player1,6,"[0.5, 0.5003235739636286, 0.5027303184712343, 0.5090889052786637, 0.5920726162922453, 0.5941501578263356]"
samplePosteriorOnlyGoalAndSignal_fromStart,session_22_player2,22,0,2,closer_to_player1,9,"[0.5, 0.5045056491100135, 0.5060243647921909, 0.5079017477926893, 0.514962029507845, 0.5517863876098201, 0.5573299491509671, 0.5608491587093597, 0.5629683416243049]"
samplePosteriorOnlyGoalAndSignal_fromStart,session_22_player1,22,2,1,equal_to_both,14,"[0.5, 0.9828669665797526, 0.9995382619093095, 0.9999822558060394, 0.9999990541871571, 0.9999999305040829, 0.9999480165110207, 0.9999542912190726, 0.9999975049240526, 0.9999996438138757, 0.9999998390079485, 0.9999999261492064, 0.9999999658193401, 0.9999999841718246]"
samplePosteriorOnlyGoalAndSignal_fromStart,session_22_player2,22,2,2,equal_to_both,12,"[0.5, 0.5120843531296537, 0.9897771539895811, 0.9998198780315511, 0.9998279756195264, 0.999997059129858, 0.9999999211213909, 0.9999999941715739, 0.999999997286388, 0.9999999987383662, 0.9999999994303529, 0.9999999998357186]"
samplePosteriorOnlyGoalAndSignal_fromStart,session_22_player1,22,3,1,equal_to_both,12,"[0.5, 0.9813341136738213, 0.9994596367948393, 0.9999778264102601, 0.9999987163106377, 0.9999998247713666, 0.9999999333394181, 0.9999999690411523, 0.9999999852300165, 0.9999999929267019, 0.9999999966319336, 0.999999998439442]"
samplePosteriorOnlyGoalAndSignal_fromStart,session_22_player2,22,3,2,equal_to_both,15,"[0.5, 0.9813324439374929, 0.3900346388439846, 0.9711103755810823, 0.9734343069510277, 0.973936041611398, 0.9741313529021537, 0.9998363766582143, 0.9999982724521091, 0.9999999699245145, 0.9999999985508492, 0.9999999993060049, 0.9999999996695428, 0.9999999996695428, 0.9999999998468861]"
samplePosteriorOnlyGoalAndSignal_fromStart,session_22_player1,22,5,1,equal_to_both,8,"[0.5, 0.49950907446203446, 0.9992208662782632, 0.9999986916336845, 0.9999986861154468, 0.9999981815604972, 0.9999999992608116, 0.9999999999993522]"
samplePosteriorOnlyGoalAndSignal_fromStart,session_22_player2,22,5,2,equal_to_both,8,"[0.5, 0.5005766235768093, 0.9991885387639526, 0.9999985549623561, 0.9999999924651437, 0.9999999964222552, 0.9999999989926714, 0.9999999999958108]"
samplePosteriorOnlyGoalAndSignal_fromStart,session_22_player1,22,6,1,closer_to_player2,9,"[0.5, 0.5034831209825313, 0.5062372331712867, 0.5126881556830251, 0.5258711428156259, 0.5290731011650247, 0.5305903540678015, 0.5312179052538979, 0.5314397482980455]"
samplePosteriorOnlyGoalAndSignal_fromStart,session_22_player2,22,6,2,closer_to_player2,6,"[0.5, 0.5194020231916858, 0.5094242161835855, 0.5155883482381852, 0.5887844997679633, 0.589004581060164]"
samplePosteriorOnlyGoalAndSignal_fromStart,session_22_player1,22,7,1,closer_to_player1,12,"[0.5, 0.40870438473196147, 0.5320335340339403, 0.9995346338722509, 0.9999997717123326, 0.9999999998075016, 0.9999999999994323, 0.9999999999997166, 0.9999999999998584, 0.9999999999999293, 0.9999999999999651, 0.9999999999999883]"
samplePosteriorOnlyGoalAndSignal_fromStart,session_22_player2,22,7,2,closer_to_player1,6,"[0.5, 0.5537957901105186, 0.6036325123491061, 3.549959037740348e-05, 0.00939038427013641, 0.011464704198082806]"
samplePosteriorOnlyGoalAndSignal_fromStart,session_22_player1,22,8,1,closer_to_player2,9,"[0.5, 0.5034526405558779, 0.5056450970231325, 0.50711046733226, 0.5082581269651337, 0.5145281796190906, 0.5636274801321839, 0.5642471369781021, 0.5644661646262793]"
samplePosteriorOnlyGoalAndSignal_fromStart,session_22_player2,22,8,2,closer_to_player2,4,"[0.5, 0.5061677564248909, 0.579626786259258, 0.5798482712902858]"
samplePosteriorOnlyGoalAndSignal_fromStart,session_22_player1,22,9,1,closer_to_player2,9,"[0.5, 0.5035278620529742, 0.5058066746118298, 0.5076840801322497, 0.5147445015565337, 0.4997792131617165, 0.5582656677001612, 0.5617832874077815, 0.5639014676576414]"
samplePosteriorOnlyGoalAndSignal_fromStart,session_22_player2,22,9,2,closer_to_player2,6,"[0.5, 0.5045720302526641, 0.5069785563799404, 0.5133354420612711, 0.467188082180627, 0.5766847907763865]"
samplePosteriorOnlyGoalAndSignal_fromStart,session_22_player1,22,11,1,closer_to_player1,9,"[0.5, 0.9995428479889611, 0.9999994983521214, 0.99999999880578, 0.9999999999942669, 0.9999999999999161, 0.9999999999999993, 1.0, 1.0]"
samplePosteriorOnlyGoalAndSignal_fromStart,session_22_player2,22,11,2,closer_to_player1,11,"[0.5, 0.9832477028240827, 0.9995571439407677, 0.9999832463277425, 0.9999991174078868, 0.9999999361503341, 0.9999999548744922, 0.9973765288917098, 0.9998590771169424, 0.999985110164873, 0.9999932192451711]"
samplePosteriorOnlyGoalAndSignal_fromStart,session_23_player1,23,0,1,equal_to_both,12,"[0.5, 0.5000002973652893, 0.9894603264425085, 0.9998177649350319, 0.9998219194522446, 0.9999969655994833, 0.9999999210282983, 0.9999999969499664, 0.9999999997146204, 0.9999999998718322, 0.9999999999422201, 0.999999999974686]"
samplePosteriorOnlyGoalAndSignal_fromStart,session_23_player2,23,0,2,equal_to_both,17,"[0.5, 0.5001368753073085, 0.5001549094894345, 0.9938448120322725, 0.9999343900326315, 0.9999988797847817, 0.999998911026483, 0.9999999814034541, 0.9999999995096226, 0.9999999999713148, 0.9999999999870705, 0.9999999999870706, 0.9999999999943355, 2.3001349925627535e-22, 3.071961989590582e-26, 8.770374462650525e-25, 2.0018913908077232e-24]"
samplePosteriorOnlyGoalAndSignal_fromStart,session_23_player1,23,1,1,closer_to_player1,11,"[0.5, 0.9996595328050655, 0.9996593629308534, 0.9999998827423933, 0.9999999999046443, 0.9999999999998318, 0.9999999969166731, 0.9999999999945586, 0.9999999999999742, 0.9999999999999878, 0.9999999999999966]"
samplePosteriorOnlyGoalAndSignal_fromStart,session_23_player2,23,1,2,closer_to_player1,11,"[0.5, 0.0034373226927830163, 0.24367187872632615, 0.9490903456042464, 0.9985461797168018, 0.999907737801187, 0.999957087385169, 0.9999793425458634, 0.9999899337978746, 0.9999950533416773, 0.9999975592449135]"
samplePosteriorOnlyGoalAndSignal_fromStart,session_23_player1,23,2,1,closer_to_player1,10,"[0.5, 0.9996504361041321, 0.9999997045601635, 0.9999999986941629, 0.9999999992588786, 0.9999999995919032, 0.9999999997863789, 0.9999999999296089, 0.9999999999296089, 0.9999999999999772]"
samplePosteriorOnlyGoalAndSignal_fromStart,session_23_player2,23,2,2,closer_to_player1,9,"[0.5, 0.9805271850618983, 0.9986518326208175, 0.9993248102747663, 0.9996232808253362, 0.999786914524429, 0.9998787620169649, 0.9999311553823436, 0.99996140147735]"
samplePosteriorOnlyGoalAndSignal_fromStart,session_23_player1,23,5,1,equal_to_both,9,"[0.5, 0.9965581364835897, 0.9999775192172691, 0.9999995975481026, 0.999999806645315, 0.9999999046719118, 0.9999999547357539, 0.9999999872556677, 0.9999999999469986]"
samplePosteriorOnlyGoalAndSignal_fromStart,session_23_player2,23,5,2,equal_to_both,9,"[0.5, 0.9966354645694061, 0.9999791979068509, 0.9999997804866886, 0.999999996207703, 0.9999999998501561, 0.9999999999278618, 0.9999999999648546, 0.99999999998273]"
samplePosteriorOnlyGoalAndSignal_fromStart,session_23_player1,23,6,1,closer_to_player1,9,"[0.5, 0.9996595131893663, 0.9999997280339049, 0.9999999995251563, 0.9999999999974429, 0.9999999999987299, 0.9999999999993909, 0.9999999999998276, 0.9999999999999997]"
samplePosteriorOnlyGoalAndSignal_fromStart,session_23_player2,23,6,2,closer_to_player1,9,"[0.5, 0.9816980112499243, 0.9994597476238282, 0.9999649192563493, 0.999986562426619, 0.9999936135158359, 0.9999968813328187, 0.9999984640622167, 0.9999992395526136]"
samplePosteriorOnlyGoalAndSignal_fromStart,session_23_player1,23,7,1,equal_to_both,11,"[0.5, 0.9877740905853203, 0.9997560589825047, 0.9999925879150021, 0.9999994159021991, 0.9999997844436505, 0.9999998985496809, 0.9999999514409601, 0.9999999774112215, 0.9999999934669557, 0.9999999998993416]"
samplePosteriorOnlyGoalAndSignal_fromStart,session_23_player2,23,7,2,equal_to_both,11,"[0.5, 0.9894580034772084, 0.9998176406022382, 0.99999524092799, 0.9999998194235462, 0.9999999900844553, 0.9999999934554555, 0.9999999993338616, 0.9999999996885097, 0.9999999998523734, 0.9999999999295913]"
samplePosteriorOnlyGoalAndSignal_fromStart,session_23_player1,23,9,1,closer_to_player2,16,"[0.5, 0.005736421358361939, 0.003028856557066609, 0.0971346460332116, 0.8711964015268082, 0.9973978126147167, 0.9999328440905281, 0.9999974686853698, 0.9999998613848133, 0.9999999838627495, 0.9996500064301994, 0.9996500064301995, 0.14606417052327936, 0.19411003593201132, 0.6741574631126097, 0.8131844241816552]"
samplePosteriorOnlyGoalAndSignal_fromStart,session_23_player2,23,9,2,closer_to_player2,9,"[0.5, 0.9996543079865925, 0.9999997241333956, 0.9999999995290194, 0.9999999999984387, 0.9999999999999906, 0.9999999999999999, 1.0, 1.0]"
samplePosteriorOnlyGoalAndSignal_fromStart,session_23_player1,23,11,1,closer_to_player2,9,"[0.5, 0.50520760468903, 0.506693552585756, 0.5082031536933933, 0.509398830274357, 0.5035792465397733, 0.5099375848169676, 0.5928925076574195, 0.5949687327402167]"
samplePosteriorOnlyGoalAndSignal_fromStart,session_23_player2,23,11,2,closer_to_player2,6,"[0.5, 0.5832696680542317, 0.6542348971655758, 0.7073613223802371, 0.7407552796738035, 0.8161552818430229]"
samplePosteriorOnlyGoalAndSignal_fromStart,session_24_player1,24,0,1,closer_to_player2,9,"[0.5, 0.5034892849316062, 0.5063035668874768, 0.5023738914703476, 0.4972351740562524, 0.5041184934419237, 0.5625421475974072, 0.566052177989494, 0.5681655851391262]"
samplePosteriorOnlyGoalAndSignal_fromStart,session_24_player2,24,0,2,closer_to_player2,6,"[0.5, 0.5062099431207638, 0.5096400693666477, 0.5162498252400369, 0.5990882353592571, 0.6011570592262585]"
samplePosteriorOnlyGoalAndSignal_fromStart,session_24_player1,24,3,1,closer_to_player2,9,"[0.5, 0.5185036273908145, 0.5288254644132533, 0.554807349125192, 0.5667451910013706, 0.5749835645581273, 0.5804578564587372, 0.5839304576682932, 0.586020472876565]"
samplePosteriorOnlyGoalAndSignal_fromStart,session_24_player2,24,3,2,closer_to_player2,5,"[0.5, 0.4939563235373597, 0.5003237150917818, 0.583585013609659, 0.5856755647108849]"
samplePosteriorOnlyGoalAndSignal_fromStart,session_24_player1,24,4,1,closer_to_player1,6,"[0.5, 0.5016265109765048, 0.5087823315173751, 0.481253141459887, 0.5649288830824146, 0.5670436087883787]"
samplePosteriorOnlyGoalAndSignal_fromStart,session_24_player2,24,4,2,closer_to_player1,9,"[0.5, 0.504506287995656, 0.5021916247636797, 0.498258972338222, 0.5053163293437367, 0.5422151445226986, 0.5477795499933864, 0.551313554170702, 0.5534421141216068]"
samplePosteriorOnlyGoalAndSignal_fromStart,session_24_player1,24,6,1,closer_to_player1,9,"[0.5, 0.9996538899282157, 0.9999997087642896, 0.9999999991516632, 0.9999999995928557, 0.9999999998846469, 0.9999999999997817, 0.9999999999999997, 1.0]"
samplePosteriorOnlyGoalAndSignal_fromStart,session_24_player2,24,6,2,closer_to_player1,9,"[0.5, 0.9831463290877871, 0.9995514089021459, 0.9999825332653351, 0.9999985048534874, 0.999999313879522, 0.9999996743088885, 0.9999998428729167, 0.9999999232704424]"
samplePosteriorOnlyGoalAndSignal_fromStart,session_24_player1,24,7,1,closer_to_player1,7,"[0.5, 0.6657622270322954, 0.9999825772182734, 0.999999998276479, 0.9999999999997922, 1.0, 1.0]"
samplePosteriorOnlyGoalAndSignal_fromStart,session_24_player2,24,7,2,closer_to_player1,11,"[0.5, 0.974127322505169, 0.9741477078207845, 0.9994765723250177, 0.5011685183780475, 0.9807366290584091, 0.9986042906313917, 0.999229995505319, 0.9995652488370496, 0.9997496886037803, 0.9998538349100033]"
samplePosteriorOnlyGoalAndSignal_fromStart,session_24_player1,24,9,1,closer_to_player2,9,"[0.5, 0.5030324281969806, 0.9896730838368036, 0.9998220897819692, 0.999995181404231, 0.9999965751967279, 0.9999998346037734, 0.9999999166364528, 0.9999999576217184]"
samplePosteriorOnlyGoalAndSignal_fromStart,session_24_player2,24,9,2,closer_to_player2,9,"[0.5, 0.5031223458684163, 0.9998314871333996, 0.9998981629829095, 0.9999999466301099, 0.9999999999757538, 0.9999999999999714, 1.0, 1.0]"
samplePosteriorOnlyGoalAndSignal_fromStart,session_25_player1,25,0,1,closer_to_player1,6,"[0.5, 0.5003235739636286, 0.5027303184712343, 0.5090889052786637, 0.4629601807693913, 0.5725307782717233]"
samplePosteriorOnlyGoalAndSignal_fromStart,session_25_player2,25,0,2,closer_to_player1,9,"[0.5, 0.5214879320426735, 0.5390874104665014, 0.5574443130494539, 0.5772105373727641, 0.5854318441338479, 0.5908678226211557, 0.5943144859899759, 0.5963883937438763]"
samplePosteriorOnlyGoalAndSignal_fromStart,session_25_player1,25,1,1,closer_to_player1,10,"[0.5, 0.41145115419632416, 0.3327672986105455, 0.26910821021271597, 0.3380730875786283, 0.20337816688118068, 0.11251608070775249, 1.0, 1.0, 1.0]"
samplePosteriorOnlyGoalAndSignal_fromStart,session_25_player2,25,1,2,closer_to_player1,8,"[0.5, 0.5069017535101535, 0.5088843550776725, 0.5149750790740539, 0.5181844346338872, 0.5197049374210311, 0.5203338848601423, 0.5205562295996666]"
samplePosteriorOnlyGoalAndSignal_fromStart,session_25_player1,25,2,1,equal_to_both,11,"[0.5, 0.9884862441592958, 0.9997849074935126, 0.9999939525610583, 0.999995194925385, 0.9999954952819646, 0.9999999220538798, 0.9999999968790535, 0.9999999985012719, 0.9999999992703624, 0.9999999996428629]"
samplePosteriorOnlyGoalAndSignal_fromStart,session_25_player2,25,2,2,equal_to_both,13,"[0.5, 0.010621353575555048, 0.6287619301209613, 0.9936514955835822, 0.9937985001779858, 0.9999338145505084, 0.999998833527144, 0.9999999474448771, 0.9999999747211501, 0.9999999876861015, 0.9999999939716239, 0.9999999971692146, 0.9999999991991664]"
samplePosteriorOnlyGoalAndSignal_fromStart,session_25_player1,25,5,1,closer_to_player2,9,"[0.5, 0.9801676195239724, 0.9990363879801739, 0.9996388230883098, 0.9998277859061675, 0.9999154154453399, 0.9999582552124399, 0.9999801800358405, 0.9999944197704151]"
samplePosteriorOnlyGoalAndSignal_fromStart,session_25_player2,25,5,2,closer_to_player2,11,"[0.5, 0.9982236293904977, 0.9999939750557558, 0.9999999627941074, 0.9999999631624028, 0.9999999997731295, 0.9999999999975717, 0.9999999999999375, 0.9999999999999696, 0.999999999999985, 0.9999999999999926]"
samplePosteriorOnlyGoalAndSignal_fromStart,session_25_player1,25,6,1,closer_to_player1,9,"[0.5, 0.4953332385463024, 0.4970341040394166, 0.4355265949748903, 0.48444798816160844, 0.3181668054875196, 1.0, 1.0, 1.0]"
samplePosteriorOnlyGoalAndSignal_fromStart,session_25_player2,25,6,2,closer_to_player1,9,"[0.5, 0.5035279324580101, 0.5057103105047068, 0.5071770647276493, 0.5075429614473638, 0.5100152498092496, 0.5159270458165056, 0.5889845344760822, 0.5892001804466889]"
samplePosteriorOnlyGoalAndSignal_fromStart,session_25_player1,25,9,1,closer_to_player2,9,"[0.5, 0.5034031554013848, 0.9897023419878501, 0.9998230182166041, 0.9999953953282796, 0.9999998219631185, 0.9999999837844618, 0.9999999924376335, 0.9999999964211876]"
samplePosteriorOnlyGoalAndSignal_fromStart,session_25_player2,25,9,2,closer_to_player2,9,"[0.5, 0.9995412619503834, 0.9999994968052502, 0.9999997155222358, 0.999999999577328, 0.9999999999985848, 0.9999999999999856, 0.9999999999999998, 1.0]"
samplePosteriorOnlyGoalAndSignal_fromStart,session_25_player1,25,10,1,equal_to_both,10,"[0.5, 0.500060742311184, 0.500076432358563, 0.9982953344573838, 0.9999942491932357, 0.9999999640128008, 0.9999999994295519, 0.9999999997206939, 0.9999999998687554, 0.9999999999628267]"
samplePosteriorOnlyGoalAndSignal_fromStart,session_25_player2,25,10,2,equal_to_both,10,"[0.5, 0.9937986767199836, 0.99993319158081, 0.999998843990301, 0.9999999687968826, 0.9999999980907721, 0.9999999991208035, 0.9999999995781274, 0.999999999794795, 0.9999999998995517]"
samplePosteriorOnlyGoalAndSignal_fromStart,session_25_player1,25,11,1,closer_to_player2,9,"[0.5, 0.524635739206889, 0.5459278879481586, 0.5403837275105063, 0.5350936741041079, 0.5292972439568583, 0.5356299343940973, 0.6174980104635025, 0.619529276129231]"
samplePosteriorOnlyGoalAndSignal_fromStart,session_25_player2,25,11,2,closer_to_player2,6,"[0.5, 0.5832696680542317, 0.6542348971655758, 0.7073613223802371, 0.7407552796738035, 0.8161552818430229]"
samplePosteriorOnlyGoalAndSignal_fromStart,session_26_player1,26,0,1,closer_to_player1,2,"[0.5, 0.9998293171270639]"
samplePosteriorOnlyGoalAndSignal_fromStart,session_26_player2,26,0,2,closer_to_player1,16,"[0.5, 0.49544954712537603, 0.4802314852550481, 0.34476241644756495, 0.5037990628068123, 0.6661578807384466, 0.7988771312895057, 0.9045276527091164, 0.999999629627868, 0.9973082509508227, 0.10616912219412922, 1.0, 1.0, 1.0, 1.0, 1.0]"
samplePosteriorOnlyGoalAndSignal_fromStart,session_26_player1,26,1,1,closer_to_player1,9,"[0.5, 0.49988337921797527, 0.9998680301403747, 0.9998728762730077, 0.9999999780100711, 0.9999999999849148, 0.9999999999956323, 0.9999999999999967, 1.0]"
samplePosteriorOnlyGoalAndSignal_fromStart,session_26_player2,26,1,2,closer_to_player1,9,"[0.5, 0.502808241157825, 0.5044540567433913, 0.9939709734361529, 0.9999349779061991, 0.9999982968353016, 0.9999991652703484, 0.9999995874616796, 0.9999997950689005]"
samplePosteriorOnlyGoalAndSignal_fromStart,session_26_player1,26,2,1,closer_to_player2,9,"[0.5, 0.9831482118395228, 0.9995520707108217, 0.9999819521366824, 0.9999877634139003, 0.9999989855866054, 0.9999994862166911, 0.9999997345697006, 0.9999998609096965]"
samplePosteriorOnlyGoalAndSignal_fromStart,session_26_player2,26,2,2,closer_to_player2,11,"[0.5, 0.9996442658746749, 0.9999996894845995, 0.9999999988847891, 0.9999999988847892, 0.9999999994487985, 0.9999999998336844, 0.9999999999996346, 0.9999999999996346, 0.9999999999999994, 1.0]"
samplePosteriorOnlyGoalAndSignal_fromStart,session_26_player1,26,3,1,closer_to_player2,11,"[0.5, 0.504506287995656, 0.512092997823529, 0.518736554589014, 0.5308236836474745, 0.5391897316411217, 0.5447600359392841, 0.5482981788821895, 0.5504293787477715, 1.1593423694974565e-29, 1.8012273590719084e-29]"
samplePosteriorOnlyGoalAndSignal_fromStart,session_26_player2,26,3,2,closer_to_player2,6,"[0.5, 0.49133171611010257, 0.49848757026774204, 0.5571893177601397, 0.5607167122041912, 0.5628360683018188]"
samplePosteriorOnlyGoalAndSignal_fromStart,session_26_player1,26,6,1,equal_to_both,11,"[0.5, 0.9894522400248654, 0.9998174360293361, 0.9999952263504015, 0.9999998134505795, 0.9999999836007741, 0.9999999923980653, 0.9999999964053956, 0.9999999982739964, 0.9999999991639905, 0.9999999996116771]"
samplePosteriorOnlyGoalAndSignal_fromStart,session_26_player2,26,6,2,equal_to_both,11,"[0.5, 0.988364413868797, 0.9997811070429634, 0.999993820444615, 0.9999997430522884, 0.9999999772338976, 0.9999999919994873, 0.9999999963433186, 0.9999999982487753, 0.9999999991519023, 0.9999999996060666]"
samplePosteriorOnlyGoalAndSignal_fromStart,session_26_player1,26,7,1,closer_to_player2,9,"[0.5, 0.5045001650974681, 0.5021904638671641, 0.5093406540094408, 0.5288626763420178, 0.5372331138500405, 0.5428070021290329, 0.5463476822209467, 0.548480506326996]"
samplePosteriorOnlyGoalAndSignal_fromStart,session_26_player2,26,7,2,closer_to_player2,7,"[0.5, 0.4886392727686381, 0.490258130269927, 0.497406172124292, 0.556105169220965, 0.5596348441355694, 0.5617553921560237]"
samplePosteriorOnlyGoalAndSignal_fromStart,session_26_player1,26,8,1,equal_to_both,10,"[0.5, 0.9938486648523678, 0.9938929886439222, 0.9999621390732447, 0.9999996004414468, 0.9999999931011518, 0.9999999949509988, 0.9999999960844181, 0.9999999999487326, 0.9999999999761864]"
samplePosteriorOnlyGoalAndSignal_fromStart,session_26_player2,26,8,2,equal_to_both,10,"[0.5, 0.4999727703421932, 0.9966367847483895, 0.9966537109432999, 0.9999887005154268, 0.9999999303123256, 0.9999999992581569, 0.9999999999827784, 0.9999999999916598, 0.9999999999961261]"
samplePosteriorOnlyGoalAndSignal_fromStart,session_26_player1,26,11,1,closer_to_player1,10,"[0.5, 0.9996518947782355, 0.9999997321831353, 0.9999999995566301, 0.999999999998542, 0.9999999999999912, 1.0, 1.0, 1.0, 1.0]"
samplePosteriorOnlyGoalAndSignal_fromStart,session_26_player2,26,11,2,closer_to_player1,10,"[0.5, 0.4957570304763804, 0.9925073408105495, 0.9999079809769658, 0.9999982280716782, 0.9999976449631551, 0.9999999693894531, 0.9999999994158675, 1.1353837622117948e-24, 5.949801239418075e-23]"
samplePosteriorOnlyGoalAndSignal_fromStart,session_27_player1,27,0,1,equal_to_both,13,"[0.5, 0.9829791595151947, 0.9995449532180384, 0.999982664850539, 0.9999990826745878, 0.9999999326244183, 0.9999999873182904, 0.9999999944424686, 0.9999999975295055, 0.999999998890468, 0.9999999994998072, 0.9999999994998072, 0.99999999978086]"
samplePosteriorOnlyGoalAndSignal_fromStart,session_27_player2,27,0,2,equal_to_both,13,"[0.5, 0.9817784801898114, 0.9994907453467956, 0.9999800593914273, 0.999998918268403, 0.9999999200062695, 0.9999999868585105, 0.9999999955230362, 0.9999999980719406, 0.9999999991355887, 0.9999999996103784, 0.9999999998293051, 0.9999999998293051]"
samplePosteriorOnlyGoalAndSignal_fromStart,session_27_player1,27,1,1,closer_to_player2,9,"[0.5, 0.9830118346636718, 0.9840491113536637, 0.9846479139124176, 0.9998331468064534, 0.9999957039692673, 0.9999979065982225, 0.9999989712802085, 0.9999994924152998]"
samplePosteriorOnlyGoalAndSignal_fromStart,session_27_player2,27,1,2,closer_to_player2,11,"[0.5, 0.998262336876401, 0.9999940217099657, 0.9999999623456254, 0.9999999995819803, 0.9999999999879794, 0.9999999999942695, 0.9999999999971857, 0.9999999999986111, 0.9999999999993406, 0.9999999999998144]"
samplePosteriorOnlyGoalAndSignal_fromStart,session_27_player1,27,3,1,closer_to_player1,4,"[0.5, 0.4724948299445473, 0.5562772900179416, 0.5584012481479111]"
samplePosteriorOnlyGoalAndSignal_fromStart,session_27_player2,27,3,2,closer_to_player1,9,"[0.5, 0.5185036283260329, 0.5299651838103295, 0.5302678596719195, 0.5239989973473197, 0.5607157060895379, 0.5662351335790701, 0.5697381962735442, 0.5718472301592344]"
samplePosteriorOnlyGoalAndSignal_fromStart,session_27_player1,27,4,1,closer_to_player2,9,"[0.5, 0.5014862313814444, 0.5090686877481541, 0.5157037385507396, 0.5277971412245427, 0.5361699065906498, 0.5417456774851306, 0.5452876915274262, 0.5474213709451198]"
samplePosteriorOnlyGoalAndSignal_fromStart,session_27_player2,27,4,2,closer_to_player2,8,"[0.5, 0.5008674507529252, 0.49610245062569824, 0.5794774915458919, 0.6507032044304694, 0.7041274754931438, 0.7377537535029467, 0.8138073350902472]"
samplePosteriorOnlyGoalAndSignal_fromStart,session_27_player1,27,5,1,equal_to_both,10,"[0.5, 0.4999375626263139, 0.996640151530699, 0.9966550803894644, 0.9999887225182329, 0.999999930603468, 0.9999999992633574, 0.9999999994264728, 0.9999999999927922, 0.9999999999964718]"
samplePosteriorOnlyGoalAndSignal_fromStart,session_27_player2,27,5,2,equal_to_both,12,"[0.5, 0.50126553990233, 0.003374312836870684, 0.003358844138475355, 0.8083445903441409, 0.8084964126755695, 0.9998074073120319, 0.999999662285091, 0.9999999988172359, 0.9999999999897006, 0.9999999999951603, 0.9999999999986292]"
samplePosteriorOnlyGoalAndSignal_fromStart,session_27_player1,27,9,1,closer_to_player1,13,"[0.5, 0.9982578044806671, 0.9999939934202693, 0.9999999620954877, 0.9999999631243609, 0.9999999997718253, 0.9999999999975343, 0.9999999999982253, 0.9999999679899005, 0.999999999792822, 0.9999999999965447, 0.999999999998397, 0.9999999999995369]"
samplePosteriorOnlyGoalAndSignal_fromStart,session_27_player2,27,9,2,closer_to_player1,9,"[0.5, 0.9832225119291415, 0.999555264069279, 0.9999824832089771, 0.9999881983991912, 0.9999991500669042, 0.9999995961140096, 0.9999998070878691, 0.9999999082764376]"
samplePosteriorOnlyGoalAndSignal_fromStart,session_27_player1,27,10,1,closer_to_player1,9,"[0.5, 0.4992373682347817, 0.9998680833637069, 0.9998699938237517, 0.9999999781840059, 0.9999999867212745, 0.999999999990347, 0.9999999999999978, 1.0]"
samplePosteriorOnlyGoalAndSignal_fromStart,session_27_player2,27,10,2,closer_to_player1,9,"[0.5, 0.9814928471705201, 0.9994492030628281, 0.9999640667909206, 0.9999866698235973, 0.9999937207109661, 0.9999969436264023, 0.9999984981362521, 0.9999992589609847]"
samplePosteriorOnlyGoalAndSignal_fromStart,session_27_player1,27,11,1,closer_to_player2,11,"[0.5, 0.9832449299644692, 0.09330353373352103, 0.8579306071558988, 0.9957091495844854, 0.9958702572353398, 0.9998938408326453, 0.9999960136431701, 0.9999997886466927, 0.999999979178207, 0.9999999908234545]"
samplePosteriorOnlyGoalAndSignal_fromStart,session_27_player2,27,11,2,closer_to_player2,11,"[0.5, 0.9982318907476001, 0.9999938014780385, 0.9999999601623684, 0.9999999995595789, 0.9999999999919178, 0.9999999999947224, 0.9999999999997945, 0.9999999999999405, 0.9999999999999979, 1.0]"
samplePosteriorOnlyGoalAndSignal_fromStart,session_28_player1,28,1,1,closer_to_player1,9,"[0.5, 0.999540207856295, 0.9999994938665606, 0.9999999987692249, 0.9999999999907578, 0.9999999999973908, 0.9999999999999787, 0.9999999999999999, 1.0]"
samplePosteriorOnlyGoalAndSignal_fromStart,session_28_player2,28,1,2,closer_to_player1,11,"[0.5, 0.9832213773863226, 0.9995560104918739, 0.9999831905370188, 0.9999991015078668, 0.999999903594204, 0.9999999563172783, 0.9999999797426885, 0.9972994863934352, 0.9998769000890484, 0.999941775512091]"
samplePosteriorOnlyGoalAndSignal_fromStart,session_28_player1,28,4,1,closer_to_player1,7,"[0.5, 0.516709446488902, 0.5621147694081794, 0.5621147694081793, 0.5721498429806, 0.5756492909754028, 0.5777509075387525]"
samplePosteriorOnlyGoalAndSignal_fromStart,session_28_player2,28,4,2,closer_to_player1,9,"[0.5, 0.5035101256904665, 0.50515649620234, 0.5059869687692897, 0.5071682366116278, 0.5013540002243778, 0.507712759511548, 0.5907419077657461, 0.5928215662014575]"
samplePosteriorOnlyGoalAndSignal_fromStart,session_28_player1,28,5,1,closer_to_player2,11,"[0.5, 0.5034549006645613, 0.505704982172778, 0.5065819464528076, 0.507729651592313, 0.5140000026035518, 0.5631073818528078, 0.5637272050326105, 0.017706729676725427, 0.023662754182048537, 0.023683344500587157]"
samplePosteriorOnlyGoalAndSignal_fromStart,session_28_player2,28,5,2,closer_to_player2,4,"[0.5, 0.5494910530338634, 0.5501258721424678, 0.5503464668609923]"
samplePosteriorOnlyGoalAndSignal_fromStart,session_28_player1,28,7,1,closer_to_player2,9,"[0.5, 0.9805130356658948, 0.9985376168867378, 0.9992360813551279, 0.9995646757223988, 0.9997475794399412, 0.9998519956680303, 0.9999128000759174, 0.9999488241805187]"
samplePosteriorOnlyGoalAndSignal_fromStart,session_28_player2,28,7,2,closer_to_player2,10,"[0.5, 0.9995077139850673, 0.9995077139850673, 0.9999988520133652, 0.9999994139531596, 0.9999996672170868, 0.9999998212414735, 0.9999999358640109, 0.9999999999936929, 0.9999999999999992]"
samplePosteriorOnlyGoalAndSignal_fromStart,session_28_player1,28,9,1,equal_to_both,10,"[0.5, 0.9938452295453285, 0.999934442900381, 0.9999988815479015, 0.9999989116829523, 0.9999999814785875, 0.999999999512099, 0.9999999999700594, 0.999999999986143, 0.9999999999935832]"
samplePosteriorOnlyGoalAndSignal_fromStart,session_28_player2,28,9,2,equal_to_both,10,"[0.5, 0.9938480037715429, 0.9999345285400117, 0.9999988830780253, 0.99999997004036, 0.9999999977819469, 0.9999999989660929, 0.9999999995192466, 0.9999999997829302, 0.9999999999373989]"
samplePosteriorOnlyGoalAndSignal_fromStart,session_28_player1,28,10,1,closer_to_player2,9,"[0.5, 0.5040237862392681, 0.5106900486645446, 0.5124018982642486, 0.518413889260614, 0.521620407978998, 0.5231400315931324, 0.5237686032898435, 0.523990812713326]"
samplePosteriorOnlyGoalAndSignal_fromStart,session_28_player2,28,10,2,closer_to_player2,6,"[0.5, 0.5062849490481464, 0.5097948551514718, 0.51595875515717, 0.47299151581511956, 0.5741216681126277]"
samplePosteriorOnlyGoalAndSignal_fromStart,session_28_player1,28,11,1,closer_to_player1,9,"[0.5, 0.5032056449026977, 0.6085302242055743, 0.9999582568388615, 0.9999999912340409, 0.9999999999866539, 0.9999999999999782, 1.0, 1.0]"
samplePosteriorOnlyGoalAndSignal_fromStart,session_28_player2,28,11,2,closer_to_player1,11,"[0.5, 0.9832223502361878, 0.9836397795050545, 0.9997166471957513, 0.9999923826063862, 0.9999994258491399, 0.9999997212743637, 0.9999997212743638, 0.9999998632999451, 0.9999998632999451, 0.9999999328220479]"
samplePosteriorOnlyGoalAndSignal_fromStart,session_29_player1,29,0,1,closer_to_player2,9,"[0.5, 0.9822090914366209, 0.9995239301552478, 0.9999806295570656, 0.9999975196524055, 0.9999987536600856, 0.9999993570284437, 0.9999996603461226, 0.9999998171173471]"
samplePosteriorOnlyGoalAndSignal_fromStart,session_29_player2,29,0,2,closer_to_player2,7,"[0.5, 0.9999299381603816, 0.999999970928906, 0.9999999999748727, 0.9999999999999822, 1.0, 1.0]"
samplePosteriorOnlyGoalAndSignal_fromStart,session_29_player1,29,1,1,closer_to_player1,9,"[0.5, 0.9996595328050655, 0.9999997282975296, 0.9999999995361115, 0.9999999999984157, 0.9999999999988194, 0.9999999999991045, 0.9999999999995622, 0.9999999999999993]"
samplePosteriorOnlyGoalAndSignal_fromStart,session_29_player2,29,1,2,closer_to_player1,9,"[0.5, 0.9830118337451046, 0.9995311498429131, 0.9999702733394107, 0.9999861741202738, 0.9999933445405504, 0.9999967568743635, 0.9999984062928052, 0.9999992136424064]"
samplePosteriorOnlyGoalAndSignal_fromStart,session_29_player1,29,3,1,closer_to_player2,9,"[0.5, 0.5035101254771449, 0.5063342598546101, 0.5134836304221181, 0.5329937163079963, 0.5413545028423418, 0.5469206280424141, 0.5504558359597609, 0.5525851627406422]"
samplePosteriorOnlyGoalAndSignal_fromStart,session_29_player2,29,3,2,closer_to_player2,7,"[0.5, 0.5207829036153778, 0.5374654644512225, 0.582554291241276, 0.5924552462123888, 0.5959054528260107, 0.5979767605667979]"
samplePosteriorOnlyGoalAndSignal_fromStart,session_29_player1,29,6,1,closer_to_player2,9,"[0.5, 0.5024581174307898, 0.9896192731354052, 0.9998213938742876, 0.9999952785967137, 0.9999997254433928, 0.999999869638317, 0.9999999371071348, 0.999999969287444]"
samplePosteriorOnlyGoalAndSignal_fromStart,session_29_player2,29,6,2,closer_to_player2,11,"[0.5, 0.5423461151144978, 0.6493434705710194, 0.0007364805201639521, 0.9764337351998286, 0.9999983932210774, 0.9999999991716768, 0.9999999999996189, 0.9999999999999997, 1.0, 1.0]"
samplePosteriorOnlyGoalAndSignal_fromStart,session_29_player1,29,7,1,equal_to_both,12,"[0.5, 0.9813341169186017, 0.9828477217175132, 0.9996969720260068, 0.9999919648837037, 0.9999996799548141, 0.9999999639196957, 0.9999999832433979, 0.9999999920056856, 0.9999999961715482, 0.9999999981770202, 0.9999999991553415]"
samplePosteriorOnlyGoalAndSignal_fromStart,session_29_player2,29,7,2,equal_to_both,12,"[0.5, 0.981334113672516, 0.9828477248697914, 0.9996969720348836, 0.9997087526040956, 0.999995023847869, 0.9999998659602333, 0.9999999083974238, 0.999999995586204, 0.9999999978862472, 0.999999998993502, 0.9999999995336498]"
samplePosteriorOnlyGoalAndSignal_fromStart,session_29_player1,29,9,1,closer_to_player1,9,"[0.5, 0.62280613527639, 0.9996820295087628, 0.9999998410333514, 0.9999999997853602, 0.9999999998926922, 0.9999999999463571, 0.9999999999731867, 0.9999999999866934]"
samplePosteriorOnlyGoalAndSignal_fromStart,session_29_player2,29,9,2,closer_to_player1,10,"[0.5, 0.5034892849314889, 0.5051389470779379, 0.5070036874878813, 0.5140579372459413, 0.49909559347241167, 0.5575916894788143, 0.5611104509562107, 0.5611104509562107, 0.5632293548362718]"
samplePosteriorOnlyGoalAndSignal_fromStart,session_29_player1,29,10,1,closer_to_player1,6,"[0.5, 0.5836348822227603, 0.6550154191454166, 0.7086079371454445, 0.7423499952548546, 0.8123024159247294]"
samplePosteriorOnlyGoalAndSignal_fromStart,session_29_player2,29,10,2,closer_to_player1,9,"[0.5, 0.5035280601032653, 0.5058034072614678, 0.5076308897625699, 0.5140248822407364, 0.5429604500710853, 0.5444721348817609, 0.5450970454890979, 0.5453179419951512]"
samplePosteriorOnlyGoalAndSignal_fromStart,session_29_player1,29,11,1,equal_to_both,12,"[0.5, 0.9886510412837684, 0.9997940527263807, 0.9997940527263808, 0.999994458600632, 0.9999997836743768, 0.9999999879926549, 0.9999999985151763, 0.999999999508283, 0.9999999997872684, 0.9999999999043488, 0.9999999999581053]"
samplePosteriorOnlyGoalAndSignal_fromStart,session_29_player2,29,11,2,equal_to_both,12,"[0.5, 0.9894609058699039, 0.9998177897591819, 0.9999952484673973, 0.999999819868811, 0.9999999902023354, 0.999999998648988, 0.9999999993994118, 0.9999999997302677, 0.9999999998784008, 0.9999999998784008, 0.9999999999467261]"
