group,participantId,sessionIndex,trialIndex,playerIndex,distanceCondition,nSteps,posteriors
sampleJointGoal_afterNewGoal,session_0_player1,0.0,1,1,closer_to_player1,9,"[0.5, 0.6234402303769363, 0.9996814937362163, 0.9999998405669708, 0.9999999997841638, 0.9999999998920898, 0.9999999999460545, 0.9999999999730346, 0.9999999999866092]"
sampleJointGoal_afterNewGoal,session_0_player2,0.0,1,2,closer_to_player1,9,"[0.5, 0.5028816702504644, 0.5045821069736484, 0.5063973085690441, 0.5127851828417678, 0.5417222936795391, 0.543233992311721, 0.5438591712741471, 0.5440801660526089]"
sampleJointGoal_afterNewGoal,session_0_player1,0.0,5,1,closer_to_player1,13,"[0.5, 0.8572730129355463, 0.8506516049912219, 0.84534982265894, 0.8478829600752972, 0.9022313300611513, 0.9999428423544532, 0.9999219721216329, 0.9999999858147544, 0.999999989348187, 0.999999999998058, 0.9999999999990292, 0.9999999999995179]"
sampleJointGoal_afterNewGoal,session_0_player2,0.0,5,2,closer_to_player1,9,"[0.5, 0.5044483642990946, 0.5026973394280589, 0.5091558726676478, 0.522351756907991, 0.525557270761742, 0.5270757413419074, 0.5277038083034449, 0.5279258361962325]"
sampleJointGoal_afterNewGoal,session_0_player1,0.0,6,1,closer_to_player1,9,"[0.5, 0.5032200578718719, 0.6096668326003067, 0.9999012361595301, 0.9998684784210108, 0.9998329734644494, 0.9999999973833924, 0.9999999977577821, 0.9999999981171291]"
sampleJointGoal_afterNewGoal,session_0_player2,0.0,6,2,closer_to_player1,9,"[0.5, 0.5035279324580101, 0.5057103105047068, 0.5069278744775713, 0.5037104678128063, 0.3969502584694738, 0.5683532984217492, 0.7248314742522473, 0.8413806121060038]"
sampleJointGoal_afterNewGoal,session_0_player1,0.0,7,1,closer_to_player2,9,"[0.5, 0.5024478721186529, 0.5036336810910154, 0.511459642354227, 0.5259527935817682, 0.4355025475016374, 0.6294746480506676, 0.9991889550026516, 0.9988356442113989]"
sampleJointGoal_afterNewGoal,session_0_player2,0.0,7,2,closer_to_player2,9,"[0.5, 0.9996537651309405, 0.9999997146022817, 0.9999997993583996, 0.9999998563400008, 0.9999998952176153, 0.999999999975357, 0.9999999999925405, 0.9999999999999979]"
sampleJointGoal_afterNewGoal,session_0_player1,0.0,9,1,equal_to_both,9,"[0.5, 0.49958791452450624, 0.4917269811427831, 0.9994085866647155, 0.9999992565224742, 0.9999999980839362, 0.9999999999903808, 0.9999999999999085, 0.9999999999999982]"
sampleJointGoal_afterNewGoal,session_0_player2,0.0,9,2,equal_to_both,9,"[0.5, 0.9966362343657577, 0.999979159309071, 0.9999794386423874, 0.9999804893334743, 0.999999909138251, 0.9999999992190791, 0.999999999615994, 0.9999999999948472]"
sampleJointGoal_afterNewGoal,session_0_player1,0.0,10,1,closer_to_player2,9,"[0.5, 0.5034526368799835, 0.5057020704132458, 0.5065791828346065, 0.5077268791960884, 0.502474814874444, 0.49706755930820967, 0.5393822649523008, 0.4668376923395793]"
sampleJointGoal_afterNewGoal,session_0_player2,0.0,10,2,closer_to_player2,6,"[0.5, 0.4953396231257899, 0.3888130305066579, 0.5599633400243783, 0.717973260805293, 0.836772837249218]"
sampleJointGoal_afterNewGoal,session_0_player1,0.0,11,1,equal_to_both,11,"[0.5, 0.988653971381406, 0.9893682821022369, 0.9998843757416357, 0.9998882830120963, 0.9998898498178667, 0.9998938553007178, 0.9999996311930299, 0.9999999975213345, 0.9999999983013887, 0.9999999999894088]"
sampleJointGoal_afterNewGoal,session_0_player2,0.0,11,2,equal_to_both,13,"[0.5, 0.5000001812502634, 0.993848851372076, 0.9938934770023388, 0.993929367663675, 0.999979234586735, 0.9999799878467837, 0.9999826893796951, 0.9999999712966822, 0.9999872540874845, 0.9999999143381852, 0.9999999989241433, 0.9999999999748893]"
sampleJointGoal_afterNewGoal,session_1_player1,1.0,0,1,closer_to_player1,11,"[0.5, 0.5031065328624911, 0.6083712369296953, 0.0006311656217609789, 0.9431153091608835, 0.9999940255937849, 0.9999999996066495, 0.9999999999999324, 1.0, 1.0, 1.0]"
sampleJointGoal_afterNewGoal,session_1_player2,1.0,0,2,closer_to_player1,9,"[0.5, 0.5039936110961619, 0.5062347968534642, 0.9940335505914867, 0.999936688334373, 0.9999989010385245, 0.9999991647442285, 0.9999992966557585, 0.9999999913314203]"
sampleJointGoal_afterNewGoal,session_1_player1,1.0,2,1,equal_to_both,13,"[0.5, 0.010553643991962503, 0.6302003839585651, 0.9937848733167884, 0.9938536328550175, 0.9999346030477912, 0.999935607957245, 0.9999993209626502, 0.9999999884451035, 0.9999999888293705, 0.9999999998087264, 0.9999999998412445, 0.9999999998527911]"
sampleJointGoal_afterNewGoal,session_1_player2,1.0,2,2,equal_to_both,11,"[0.5, 0.9892761997717002, 0.9998109574486339, 0.999994970686261, 0.9999997993164597, 0.9999999783992566, 0.99999999025048, 0.9999999954607961, 0.9999999978895978, 0.9999999990471209, 0.9999999997251977]"
sampleJointGoal_afterNewGoal,session_1_player1,1.0,3,1,closer_to_player2,12,"[0.5, 0.4969675300336808, 0.4869251847843419, 0.4797117735747464, 0.4751510328289045, 0.4767781348555349, 0.5571731969720602, 0.38609637826522686, 0.9999889283395647, 0.9999871214433309, 0.9999845663183806, 1.0]"
sampleJointGoal_afterNewGoal,session_1_player2,1.0,3,2,closer_to_player2,4,"[0.5, 0.6667127719957234, 0.8000814137375937, 0.8896766760024731]"
sampleJointGoal_afterNewGoal,session_1_player1,1.0,5,1,closer_to_player2,9,"[0.5, 0.5177348577233508, 0.5245425807025589, 0.5453555249143774, 0.5513926733543679, 0.5545694871331923, 0.5560735353135494, 0.5566954815743758, 0.5569153239978422]"
sampleJointGoal_afterNewGoal,session_1_player2,1.0,5,2,closer_to_player2,6,"[0.5, 0.5001185943541315, 0.5026234115263261, 0.508545199713548, 0.46587426906080504, 0.5671190686003744]"
sampleJointGoal_afterNewGoal,session_1_player1,1.0,7,1,closer_to_player2,9,"[0.5, 0.5041476244686329, 0.9896906172025561, 0.999812733820535, 0.9999884665685775, 0.9999939999157715, 0.999996842854899, 0.9999983314302197, 0.99999912284601]"
sampleJointGoal_afterNewGoal,session_1_player2,1.0,7,2,closer_to_player2,9,"[0.5, 0.49924556080187255, 0.9998679498287992, 0.9999999545062676, 0.999999999962234, 0.9999999999730648, 0.999999999987835, 0.9999999999999842, 1.0]"
sampleJointGoal_afterNewGoal,session_1_player1,1.0,8,1,closer_to_player1,4,"[0.5, 0.9991488022758194, 0.999998570521447, 0.9999999956044772]"
sampleJointGoal_afterNewGoal,session_1_player2,1.0,8,2,closer_to_player1,12,"[0.5, 0.5781362854299837, 0.6570656749635295, 0.7340011313219517, 0.9998899431534012, 0.9999665376015939, 0.9999999911579008, 0.9999999999978391, 0.9999999999999991, 1.0, 1.0, 1.0]"
sampleJointGoal_afterNewGoal,session_1_player1,1.0,9,1,equal_to_both,12,"[0.5, 0.5015461277781806, 0.003376856005640444, 0.6635659270961453, 0.6640330465992971, 0.6710196418616929, 0.999475709492628, 0.9996989186108749, 0.9999996685672673, 0.9999999962009297, 0.9999999999910921, 0.9999999999999617]"
sampleJointGoal_afterNewGoal,session_1_player2,1.0,9,2,equal_to_both,10,"[0.5, 0.4999831172414309, 0.9966462193966513, 0.9999792850046754, 0.9999794812126579, 0.9999793328094002, 0.9999999467362191, 0.9999999997325981, 0.999999999997459, 0.999999999999951]"
sampleJointGoal_afterNewGoal,session_1_player1,1.0,10,1,equal_to_both,8,"[0.5, 0.9982967110543866, 0.9983046221996749, 0.9999970249787354, 0.9999971719392906, 0.9999984056067052, 0.9999999927932408, 0.9999999999914667]"
sampleJointGoal_afterNewGoal,session_1_player2,1.0,10,2,equal_to_both,8,"[0.5, 0.9982987412220988, 0.9983026457518855, 0.999997146611096, 0.9999971404597666, 0.9999961839361244, 0.9999999979116847, 0.9999999999975273]"
sampleJointGoal_afterNewGoal,session_2_player1,2.0,0,1,closer_to_player1,9,"[0.5, 0.999655719783886, 0.9999997199502725, 0.9999999994960219, 0.9999999999987441, 0.9999999999999855, 0.9999999999999999, 1.0, 1.0]"
sampleJointGoal_afterNewGoal,session_2_player2,2.0,0,2,closer_to_player1,9,"[0.5, 0.9822449122045728, 0.9995279915465427, 0.9999821439504875, 0.9999830764982162, 0.9999993634058493, 0.9999993968594562, 0.9999993064702988, 0.9999999907612145]"
sampleJointGoal_afterNewGoal,session_2_player1,2.0,2,1,closer_to_player1,6,"[0.5, 0.9983201140002261, 0.9999948206377348, 0.9999999726947553, 0.9999999997677534, 0.9999999999969814]"
sampleJointGoal_afterNewGoal,session_2_player2,2.0,2,2,closer_to_player1,14,"[0.5, 0.4969688685129357, 0.9982102931557261, 0.999993725045062, 0.9999940373964888, 0.9999999719661464, 0.9999999997535143, 0.999999999898673, 0.9999999999980563, 0.9999999999999534, 0.9999999999999993, 0.9999999999976136, 0.9999999999971004, 0.9999999999999598]"
sampleJointGoal_afterNewGoal,session_2_player1,2.0,3,1,equal_to_both,11,"[0.5, 0.5014710272163952, 0.5015850436986532, 0.9966570713517261, 0.9999792858734342, 0.9999795652133825, 0.9999998690531186, 0.9999999985419298, 0.9999999989433843, 0.9999999994804257, 0.9999999999848136]"
sampleJointGoal_afterNewGoal,session_2_player2,2.0,3,2,equal_to_both,11,"[0.5, 0.4999179435163311, 0.993847079688201, 0.9938910559506404, 0.9939126659821964, 0.9999798608189374, 0.9999998776868677, 0.9999999987159517, 0.9999999987430688, 0.9999999985896224, 0.9999999999939401]"
sampleJointGoal_afterNewGoal,session_2_player1,2.0,7,1,equal_to_both,12,"[0.5, 0.48788226438198545, 0.9888567890738768, 0.9890105814744823, 0.9890905785755375, 0.9999320993880805, 0.9999992838825671, 0.9999999878145672, 0.999999988217645, 0.9999999884653029, 0.9999999998906608, 0.9999999998984583]"
sampleJointGoal_afterNewGoal,session_2_player2,2.0,7,2,equal_to_both,12,"[0.5, 0.9827411102699917, 0.9995317231780246, 0.9995567635716971, 0.999988400207272, 0.9999891855261112, 0.9999997117853499, 0.9999998013024478, 0.9999999920232349, 0.9999999961841108, 0.9999999982507103, 0.9999999994899743]"
sampleJointGoal_afterNewGoal,session_2_player1,2.0,8,1,equal_to_both,8,"[0.5, 0.4999920705499872, 0.4998920570617454, 0.4990306737551394, 0.9998929738902729, 0.9999999680180175, 0.9999999999762494, 0.9999999999999606]"
sampleJointGoal_afterNewGoal,session_2_player2,2.0,8,2,equal_to_both,8,"[0.5, 0.49999196640729027, 0.9992062188970415, 0.9992203041710688, 0.999999368395575, 0.999999504666363, 0.999999999632154, 0.9999999999993902]"
sampleJointGoal_afterNewGoal,session_2_player1,2.0,9,1,closer_to_player2,11,"[0.5, 0.5038630870619373, 0.5063295249038607, 0.5077915926566663, 0.5081258492495689, 0.5105312944377655, 0.05420921477313749, 0.0538757207833155, 0.06781183937311158, 0.05656555258244332, 0.10779280934808685]"
sampleJointGoal_afterNewGoal,session_2_player2,2.0,9,2,closer_to_player2,11,"[0.5, 0.9984830191704845, 0.997909885922123, 0.9971520066739888, 0.9962167662348136, 0.9999997811073783, 0.9999994815355395, 0.9999999997251187, 0.9999999998625878, 0.9999999999313146, 0.9999999999659136]"
sampleJointGoal_afterNewGoal,session_2_player1,2.0,10,1,closer_to_player1,9,"[0.5, 0.9995394878931722, 0.9999994779414825, 0.9999997886555887, 0.9999999994986201, 0.9999999999979137, 0.9999999999999946, 1.0, 1.0]"
sampleJointGoal_afterNewGoal,session_2_player2,2.0,10,2,closer_to_player1,9,"[0.5, 0.9831558944713211, 0.9835543277425451, 0.983806926644431, 0.9998291635276559, 0.9999971153241706, 0.9999971892844488, 0.9999966819241771, 0.9999999825053104]"
sampleJointGoal_afterNewGoal,session_2_player1,2.0,11,1,closer_to_player2,14,"[0.5, 0.9965824829430405, 0.9999785824077452, 0.9999787822545025, 0.9999798079037735, 0.9999999051536788, 0.9999999463156491, 0.999997413718109, 0.9999985361265177, 0.9999999760549321, 0.9999999997693751, 0.9999999999964528, 0.9999999999999697, 0.9999999999999996]"
sampleJointGoal_afterNewGoal,session_2_player2,2.0,11,2,closer_to_player2,6,"[0.5, 0.9983178254713646, 0.9999948031768043, 0.9999999725295977, 0.9999999997655719, 0.999999999996941]"
sampleJointGoal_afterNewGoal,session_3_player1,3.0,0,1,closer_to_player1,9,"[0.5, 0.5036213050698426, 0.999831623409945, 0.9999999210243296, 0.999999999856919, 0.9999999999596432, 0.9999999999999236, 0.9999999999999999, 1.0]"
sampleJointGoal_afterNewGoal,session_3_player2,3.0,0,2,closer_to_player1,9,"[0.5, 0.3528552597885968, 0.22426423795486405, 0.9079487053050476, 0.9983301278237336, 0.9999675912244994, 0.9999747804102479, 0.999999145298027, 0.9999995194599917]"
sampleJointGoal_afterNewGoal,session_3_player1,3.0,1,1,closer_to_player2,11,"[0.5, 0.49805731945403525, 0.5028607893488279, 0.6261263287606097, 0.9996854346993095, 0.9999998560080969, 0.9999999998423571, 0.9999999999996241, 0.9999999999999984, 1.0, 1.0]"
sampleJointGoal_afterNewGoal,session_3_player2,3.0,1,2,closer_to_player2,5,"[0.5, 0.9991492409139692, 0.9999985710113416, 0.9999999956081878, 0.9999999999768698]"
sampleJointGoal_afterNewGoal,session_3_player1,3.0,2,1,closer_to_player1,6,"[0.5, 0.4913582794681365, 0.49850667488724876, 0.5571915638983661, 0.560719424052146, 0.5628388291034055]"
sampleJointGoal_afterNewGoal,session_3_player2,3.0,2,2,closer_to_player1,12,"[0.5, 0.496562080919155, 0.49458207456346087, 0.4873629791015381, 0.48279699667933224, 0.4844261155520818, 0.4237954476345317, 0.3835501188717316, 0.45737193683604754, 1.0, 1.0, 1.0]"
sampleJointGoal_afterNewGoal,session_3_player1,3.0,4,1,closer_to_player2,12,"[0.5, 0.4965620809217263, 0.49409835223547316, 0.49263706552011893, 0.4923025627011326, 0.4939331246833944, 0.5740471920648088, 0.4024985332643493, 0.9999896632672285, 0.9999879763097103, 0.9999999999638126, 0.9999999999999993]"
sampleJointGoal_afterNewGoal,session_3_player2,3.0,4,2,closer_to_player2,6,"[0.5, 0.5016195744922924, 0.5087679328687554, 0.4812446704107492, 0.43539269718244555, 0.3627465714385636]"
sampleJointGoal_afterNewGoal,session_3_player1,3.0,6,1,equal_to_both,9,"[0.5, 0.9966410390120368, 0.9966559548104944, 0.9999887254978281, 0.999988791567894, 0.9999887626288121, 0.9999999846046687, 0.9999999999541239, 0.9999999999997069]"
sampleJointGoal_afterNewGoal,session_3_player2,3.0,6,2,equal_to_both,9,"[0.5, 0.996571541685273, 0.9966327075052718, 0.9999885971623885, 0.9999888652881139, 0.999999960996073, 0.9999999706924272, 0.9999999857451755, 0.9999999998810879]"
sampleJointGoal_afterNewGoal,session_3_player1,3.0,8,1,equal_to_both,9,"[0.5, 0.5000156900469453, 0.998294920932093, 0.998302741890586, 0.9999970193670438, 0.9999971644093607, 0.9999999932854543, 0.9999999999626146, 0.9999999999894111]"
sampleJointGoal_afterNewGoal,session_3_player2,3.0,8,2,equal_to_both,9,"[0.5, 0.4999265980779694, 0.9982973813536355, 0.9999942686695094, 0.9999999647292057, 0.9999999996255687, 0.9999999999913047, 0.9999999999957706, 0.9999999999979297]"
sampleJointGoal_afterNewGoal,session_3_player1,3.0,10,1,closer_to_player1,6,"[0.5, 0.49687759207780535, 0.3913829129880224, 0.9993818602468951, 0.999999473215551, 0.9999999991148515]"
sampleJointGoal_afterNewGoal,session_3_player2,3.0,10,2,closer_to_player1,16,"[0.5, 0.9965336589128304, 0.9999778849352253, 0.9999997493421967, 0.9999998305392037, 0.9999998828752497, 0.9999999987511131, 0.999999999383117, 0.999999999707342, 0.9999999999178864, 0.9999999999996585, 0.99999995185152, 0.9999999997997558, 0.9999592030780784, 0.9999999089880471, 0.9999999996836682]"
sampleJointGoal_afterNewGoal,session_4_player1,4.0,1,1,closer_to_player1,7,"[0.5, 0.4940776807566307, 0.5367359871856892, 0.6077610730591092, 1.0, 1.0, 1.0]"
sampleJointGoal_afterNewGoal,session_4_player2,4.0,1,2,closer_to_player1,9,"[0.5, 0.5030203411747123, 0.5131555269630969, 0.5083694499207361, 0.5917473263544288, 0.6625411642850025, 0.5859850245978587, 0.7390066016539835, 0.8507877475173844]"
sampleJointGoal_afterNewGoal,session_4_player1,4.0,3,1,closer_to_player1,2,"[0.5, 0.9993783348723323]"
sampleJointGoal_afterNewGoal,session_4_player2,4.0,3,2,closer_to_player1,14,"[0.5, 0.49748725690740875, 0.4945066927397831, 0.4825152299028877, 0.5615650137522642, 0.43467787278951886, 0.5437968658027846, 0.6707772134712715, 0.9965756260113188, 0.9936744798513292, 0.9968184992745137, 1.0, 1.0, 1.0]"
sampleJointGoal_afterNewGoal,session_4_player1,4.0,4,1,closer_to_player2,11,"[0.5, 0.003406445427422351, 0.24313916341705563, 0.9495579978794265, 0.9507241729343925, 0.9514658686778835, 0.951224295917122, 0.9997663406710778, 0.9996806751642361, 0.9999990172583515, 0.9999999947776695]"
sampleJointGoal_afterNewGoal,session_4_player2,4.0,4,2,closer_to_player2,11,"[0.5, 0.999540202214554, 0.7230027480920788, 0.8117281989430649, 0.9999504824988058, 0.999999970370319, 0.9999999998899494, 0.9999999999997368, 0.9999999999999981, 1.0, 1.0]"
sampleJointGoal_afterNewGoal,session_4_player1,4.0,7,1,closer_to_player2,9,"[0.5, 0.982238476456032, 0.9825658261068706, 0.9997038503610447, 0.9999924127746711, 0.9999997144545184, 0.9999999844937376, 0.9999999982521207, 0.9999999991806711]"
sampleJointGoal_afterNewGoal,session_4_player2,4.0,7,2,closer_to_player2,9,"[0.5, 0.9996548464437782, 0.9999997183684657, 0.9999999994913557, 0.9999999999987261, 0.9999999999999853, 0.9999999999999999, 1.0, 1.0]"
sampleJointGoal_afterNewGoal,session_4_player1,4.0,8,1,closer_to_player1,5,"[0.5, 0.9973858799610134, 0.9986953349557652, 0.9993483210561609, 0.9996744338295597]"
sampleJointGoal_afterNewGoal,session_4_player2,4.0,8,2,closer_to_player1,11,"[0.5, 0.49859488341257674, 0.4979580073996133, 0.49288675307523655, 0.48257344090116266, 0.5695661589301318, 0.6889307877563251, 0.9999976334189112, 0.999999999970946, 0.9999999999999989, 0.9999999999999989]"
sampleJointGoal_afterNewGoal,session_4_player1,4.0,9,1,equal_to_both,8,"[0.5, 0.998348630614787, 0.9983127658267791, 0.9999979340685309, 0.9999999948505792, 0.9999999999751189, 0.9999999999706805, 0.9999999999999059]"
sampleJointGoal_afterNewGoal,session_4_player2,4.0,9,2,equal_to_both,8,"[0.5, 0.5081044154680913, 0.9989410906129879, 0.9999974883711903, 0.999999988107459, 0.9999999947448547, 0.9999999999540845, 0.9999999999992926]"
sampleJointGoal_afterNewGoal,session_4_player1,4.0,10,1,equal_to_both,11,"[0.5, 0.9966410389872287, 0.9966559547989277, 0.9966631598042056, 0.9966178440681684, 0.9949133481638011, 0.984081726945908, 0.9762102470599572, 0.9999944254838709, 0.9999999969491042, 0.9999999999963869]"
sampleJointGoal_afterNewGoal,session_4_player2,4.0,10,2,equal_to_both,9,"[0.5, 0.5013562225373162, 0.5016862430001306, 0.5076125893223943, 0.6267564157157108, 0.9995183974215857, 0.9999998897798517, 0.9999999999396776, 0.9999999999999286]"
sampleJointGoal_afterNewGoal,session_5_player1,5.0,0,1,closer_to_player1,9,"[0.5, 0.9996601045919494, 0.9999997285021747, 0.9999999995257784, 0.999999999998858, 0.9999999999999948, 1.0, 1.0, 1.0]"
sampleJointGoal_afterNewGoal,session_5_player2,5.0,0,2,closer_to_player1,9,"[0.5, 0.9831802844028213, 0.9835626577392266, 0.9997222247200773, 0.9997251269149467, 0.9999965354347244, 0.9999999293517379, 0.9999999187797979, 0.9999999989262024]"
sampleJointGoal_afterNewGoal,session_5_player1,5.0,1,1,closer_to_player2,13,"[0.5, 0.9981889253577398, 0.9987276861866999, 0.9991395466551996, 0.9996535367041719, 0.9999996301929035, 0.9999999996865099, 0.9999981939780048, 0.9999999985504906, 0.9999999999975485, 0.9999999999999918, 1.0, 1.0]"
sampleJointGoal_afterNewGoal,session_5_player2,5.0,1,2,closer_to_player2,5,"[0.5, 0.999117535905832, 0.9999984993122992, 0.9999999953181273, 0.99999999997493]"
sampleJointGoal_afterNewGoal,session_5_player1,5.0,2,1,closer_to_player1,8,"[0.5, 0.9998686068688993, 0.9999999547969015, 0.9999999999640347, 0.9999999999999392, 0.9999999999999998, 1.0, 1.0]"
sampleJointGoal_afterNewGoal,session_5_player2,5.0,2,2,closer_to_player1,9,"[0.5, 0.49037297025246335, 0.48013263415000434, 0.9932149597038757, 0.9999288702760204, 0.9999987961843405, 0.9999999676241443, 0.9999999979274747, 0.9999999989538115]"
sampleJointGoal_afterNewGoal,session_5_player1,5.0,4,1,closer_to_player2,12,"[0.5, 0.4969677132742718, 0.99821029203973, 0.9982754918240383, 0.9999958948920153, 0.9999976881008346, 0.9999999923316699, 0.9999999999484598, 0.9999999999985033, 0.9999999999999755, 0.9999999999999994, 1.0]"
sampleJointGoal_afterNewGoal,session_5_player2,5.0,4,2,closer_to_player2,6,"[0.5, 0.9983178166170085, 0.9999948031101085, 0.9999999725289651, 0.9999999997655634, 0.9999999999969409]"
sampleJointGoal_afterNewGoal,session_5_player1,5.0,5,1,closer_to_player1,10,"[0.5, 0.5977742179877281, 0.9998209670838517, 0.9998789608280259, 0.9999227261577824, 0.7043589556981592, 0.6169796233191577, 1.0, 1.0, 1.0]"
sampleJointGoal_afterNewGoal,session_5_player2,5.0,5,2,closer_to_player1,4,"[0.5, 0.6582263803679862, 0.7896729578364482, 0.8810743148149596]"
sampleJointGoal_afterNewGoal,session_5_player1,5.0,6,1,closer_to_player2,9,"[0.5, 0.983221742072148, 0.9836229971148015, 0.9997168554554132, 0.999724111423719, 0.9999953412769532, 0.9999998788853772, 0.999999899191296, 0.9999999973644231]"
sampleJointGoal_afterNewGoal,session_5_player2,5.0,6,2,closer_to_player2,9,"[0.5, 0.6276950086161421, 0.9998731455382743, 0.99999992394477, 0.9999999998850907, 0.999999999999287, 0.9999999999999954, 1.0, 1.0]"
sampleJointGoal_afterNewGoal,session_5_player1,5.0,11,1,equal_to_both,11,"[0.5, 0.5000968628727275, 0.5001073917263298, 0.9966381278590132, 0.9999791479064462, 0.9999794407347907, 0.9999801891861742, 0.9999828683159595, 0.9999999715936416, 0.9999999999045621, 0.9999999999994038]"
sampleJointGoal_afterNewGoal,session_5_player2,5.0,11,2,equal_to_both,11,"[0.5, 0.49999998573164944, 0.9938491251337791, 0.9938937469732778, 0.9939296570486266, 0.9999792359444636, 0.9999998689675003, 0.9999998760546974, 0.9999999031392202, 0.9999999996745733, 0.9999999999979672]"
sampleJointGoal_afterNewGoal,session_6_player1,6.0,0,1,closer_to_player1,10,"[0.5, 0.9994008835174024, 0.9999991081436145, 0.9999999970391843, 0.9999999999523199, 0.9999999999995872, 0.9999999999999909, 0.9999999999999999, 0.9999999999999999, 1.0]"
sampleJointGoal_afterNewGoal,session_6_player2,6.0,0,2,closer_to_player1,9,"[0.5, 0.5030257046919664, 0.9899921756699651, 0.9899149852553248, 0.9999230347409905, 0.99988362395636, 0.9999993864840212, 0.9999999947816166, 0.9999999999317748]"
sampleJointGoal_afterNewGoal,session_6_player1,6.0,1,1,closer_to_player1,6,"[0.5, 0.583637988822734, 0.6550206583659772, 0.7086140591075072, 0.7423563555446259, 0.8123077016199146]"
sampleJointGoal_afterNewGoal,session_6_player2,6.0,1,2,closer_to_player1,9,"[0.5, 0.503405636156003, 0.5056557066216236, 0.5065326912206942, 0.5076803980534603, 0.5139507743153656, 0.5630588970308839, 0.5636787357116761, 0.5638978279395928]"
sampleJointGoal_afterNewGoal,session_6_player1,6.0,2,1,equal_to_both,17,"[0.5, 0.01806951578439727, 0.0005018309747923888, 0.06275720339483792, 0.06275720339483792, 0.8446696948061327, 0.8509119810512747, 0.8516576514948859, 0.8517153599491201, 0.9994126710218896, 0.9999963706468018, 0.9999964195913779, 0.9999966025700971, 0.9999980760964912, 0.9999999950003745, 0.9999999999710574, 0.9999999999996116]"
sampleJointGoal_afterNewGoal,session_6_player2,6.0,2,2,equal_to_both,12,"[0.5, 0.982866963004557, 0.999538261721243, 0.9995586035315255, 0.9999884734454746, 0.9999995625337326, 0.9999995959403937, 0.9999999843269234, 0.9999999984682248, 0.9999999992973393, 0.9999999996747848, 0.9999999998494014]"
sampleJointGoal_afterNewGoal,session_6_player1,6.0,4,1,closer_to_player2,10,"[0.5, 0.41174351570306295, 0.33337210335359146, 0.27003022863020887, 0.33808999692802727, 0.20338580266409773, 0.9999727272665518, 0.9999682764369092, 0.9999619825753763, 1.0]"
sampleJointGoal_afterNewGoal,session_6_player2,6.0,4,2,closer_to_player2,4,"[0.5, 0.6667126693546594, 0.8000812853013359, 0.8896765721657074]"
sampleJointGoal_afterNewGoal,session_6_player1,6.0,6,1,equal_to_both,7,"[0.5, 0.48799251646710573, 0.3611303543233757, 0.9998835825931438, 0.999999980235564, 0.9999999999921299, 0.9999999999999933]"
sampleJointGoal_afterNewGoal,session_6_player2,6.0,6,2,equal_to_both,7,"[0.5, 0.9991415880182756, 0.9994069409015713, 0.9997428542237331, 0.9999996919859717, 0.9999999995994163, 0.9999999999994792]"
sampleJointGoal_afterNewGoal,session_6_player1,6.0,7,1,closer_to_player2,11,"[0.5, 0.003609206677459113, 0.18050131726960017, 0.9241308943453995, 0.9978585235423582, 0.9979361298447447, 0.9999470332799936, 0.999998006508698, 0.9999998917452925, 0.9999999136986163, 0.999999918222839]"
sampleJointGoal_afterNewGoal,session_6_player2,6.0,7,2,closer_to_player2,9,"[0.5, 0.9996595064513938, 0.999999728020523, 0.99999999954657, 0.9999999999984993, 0.9999999999999908, 0.9999999999999999, 1.0, 1.0]"
sampleJointGoal_afterNewGoal,session_6_player1,6.0,8,1,equal_to_both,9,"[0.5, 0.9966406703179417, 0.9966589015878914, 0.9966742017375594, 0.996784264920076, 0.9999964945563313, 0.9999999916992681, 0.9999999959625973, 0.9999999999866516]"
sampleJointGoal_afterNewGoal,session_6_player2,6.0,8,2,equal_to_both,9,"[0.5, 0.9966393278508973, 0.999979202325341, 0.9999794231209356, 0.9999795441821101, 0.9999999316868404, 0.9999999995789518, 0.9999999999947086, 0.9999999999974098]"
sampleJointGoal_afterNewGoal,session_6_player1,6.0,9,1,closer_to_player1,9,"[0.5, 0.9995104242618179, 0.9995136320452366, 0.9995172658378072, 0.9995209370557119, 0.9995241187874777, 0.9999999927165083, 0.9999999999995222, 0.9999999999998401]"
sampleJointGoal_afterNewGoal,session_6_player2,6.0,9,2,closer_to_player1,9,"[0.5, 0.5033939140007839, 0.5053444448679588, 0.5006422024238099, 0.3779796660606491, 0.5488650512486127, 0.7089358296186383, 0.8317710253855541, 0.9366153308502436]"
sampleJointGoal_afterNewGoal,session_6_player1,6.0,11,1,closer_to_player2,14,"[0.5, 0.4655024480679716, 0.486707861573486, 0.49586802027559373, 0.48582474573055684, 0.3619205016372274, 0.972075605574796, 0.9797428788767933, 0.9853687086975911, 0.9910188192184948, 0.9736294247205195, 1.0, 1.0, 1.0]"
sampleJointGoal_afterNewGoal,session_6_player2,6.0,11,2,closer_to_player2,6,"[0.5, 0.5832432511814415, 0.9981212956867348, 0.9990627200424068, 0.9995319175448724, 0.9997661868989841]"
sampleJointGoal_afterNewGoal,session_7_player1,7.0,0,1,equal_to_both,11,"[0.5, 0.9894463934555864, 0.9895699013003019, 0.9896462401831849, 0.9999354015480595, 0.9999993162531636, 0.9999993408387202, 0.9999999926604348, 0.9999999998036605, 0.9999999999113488, 0.9999999999744338]"
sampleJointGoal_afterNewGoal,session_7_player2,7.0,0,2,equal_to_both,11,"[0.5, 0.4985671560561082, 0.9938100718434667, 0.9938555008111427, 0.999961938919464, 0.9999623009722919, 0.9999620283890139, 0.9999440679281326, 0.9999999337485952, 0.9999999998446575, 0.9999999999993325]"
sampleJointGoal_afterNewGoal,session_7_player1,7.0,2,1,equal_to_both,14,"[0.5, 0.017201805661907172, 0.016780584796934537, 0.016589373519705086, 0.8324789893851378, 0.9987559896790725, 0.9999868258779748, 0.9999870312263874, 0.9999998628635361, 0.9999999976586821, 0.9999999977465321, 0.9999999999597745, 0.9999999999986863, 0.9999999999994068]"
sampleJointGoal_afterNewGoal,session_7_player2,7.0,2,2,equal_to_both,12,"[0.5, 0.9828001928526363, 0.9995349111460828, 0.9999820803771788, 0.999983417578321, 0.9999840637004677, 0.9999995852361294, 0.9999996070103653, 0.999999621755953, 0.9999996487138263, 0.9999999955880703, 0.9999999998970249]"
sampleJointGoal_afterNewGoal,session_7_player1,7.0,3,1,closer_to_player2,10,"[0.5, 0.5028347455545744, 0.5056589502855007, 0.5017265109153769, 0.508783179564142, 0.5456559054815436, 0.5512131046897631, 0.5547420870215296, 0.5547420870215297, 0.5568674554550413]"
sampleJointGoal_afterNewGoal,session_7_player2,7.0,3,2,closer_to_player2,6,"[0.5, 0.5046253202432086, 0.5070471440939203, 0.5012167019769453, 0.5429345727250068, 0.6485741915767994]"
sampleJointGoal_afterNewGoal,session_7_player1,7.0,5,1,closer_to_player1,13,"[0.5, 0.410269073617512, 0.5348133435253749, 0.3643903239742392, 0.9997308529085344, 0.9996359692198039, 0.9995342111145586, 0.9999999927510658, 0.9998382041326769, 0.9999999974827845, 0.9999999999998873, 1.0, 1.0]"
sampleJointGoal_afterNewGoal,session_7_player2,7.0,5,2,closer_to_player1,7,"[0.5, 0.4967531652706645, 0.49160554147383867, 0.48519703087012445, 0.4932434204934732, 0.44688194161582584, 0.5640044598613811]"
sampleJointGoal_afterNewGoal,session_7_player1,7.0,7,1,closer_to_player2,12,"[0.5, 0.9965917532409213, 0.9965776466540414, 0.9965683989484214, 0.9999941082846991, 0.9999999801275327, 0.9999999807404264, 0.9999999818300322, 0.9999999898020807, 0.9999999999848536, 0.99999999999994, 0.9999999999999996]"
sampleJointGoal_afterNewGoal,session_7_player2,7.0,7,2,closer_to_player2,10,"[0.5, 0.49689314052274935, 0.9987223359125421, 0.9982447414950406, 0.9999984590621455, 0.7137979926235871, 0.9996487417645478, 0.9999993889208075, 2.1945851861735723e-25, 2.2252263601799234e-25]"
sampleJointGoal_afterNewGoal,session_7_player1,7.0,8,1,equal_to_both,9,"[0.5, 0.996641050140291, 0.996656191002235, 0.9999887101909418, 0.9999888029025458, 0.9999891961353935, 0.999999979997863, 0.9999999999196463, 0.999999999999313]"
sampleJointGoal_afterNewGoal,session_7_player2,7.0,8,2,equal_to_both,9,"[0.5, 0.5000012016203227, 0.9982964028357466, 0.998302887648461, 0.9999970657169822, 0.9999971687756976, 0.9999977796209633, 0.9999999983510933, 0.9999999999972663]"
sampleJointGoal_afterNewGoal,session_7_player1,7.0,9,1,closer_to_player1,6,"[0.5, 0.4954184946583045, 0.5703761790640866, 0.6291097843985791, 0.6672394706130089, 0.757008125636891]"
sampleJointGoal_afterNewGoal,session_7_player2,7.0,9,2,closer_to_player1,9,"[0.5, 0.5030325911717748, 0.49715227166314885, 0.5854947061689024, 0.6640916215241829, 0.5628208519167153, 0.7203045330149853, 0.837456145155464, 0.9121409528486863]"
sampleJointGoal_afterNewGoal,session_7_player1,7.0,10,1,closer_to_player2,9,"[0.5, 0.5040237834404174, 0.5106900519790447, 0.5127236578970967, 0.5084598202000583, 0.537421922138591, 0.5389357180419634, 0.5395617940685126, 0.5397831093269715]"
sampleJointGoal_afterNewGoal,session_7_player2,7.0,10,2,closer_to_player2,9,"[0.5, 0.6236411196803979, 0.4530949316664738, 0.9998138261251173, 0.9997520919007129, 0.9999999856822678, 0.9999999999973894, 0.999999999998695, 0.999999999999352]"
sampleJointGoal_afterNewGoal,session_7_player1,7.0,11,1,closer_to_player1,8,"[0.5, 0.9998347352843561, 0.9999999261535449, 0.9999999999113305, 0.9999999999997599, 0.9999999999999996, 1.0, 1.0]"
sampleJointGoal_afterNewGoal,session_7_player2,7.0,11,2,closer_to_player1,8,"[0.5, 0.989563159417159, 0.9998206107651461, 0.9999953327019324, 0.9999998195384938, 0.9999999835631737, 0.9999999923341992, 0.9999999963721722]"
sampleJointGoal_afterNewGoal,session_8_player1,8.0,0,1,equal_to_both,9,"[0.5, 0.5083633055754118, 0.9989412294474768, 0.9999974420623006, 0.999999979389741, 0.9999999939942646, 0.9999999999464977, 0.9999999999464976, 0.9999999999997279]"
sampleJointGoal_afterNewGoal,session_8_player2,8.0,0,2,equal_to_both,8,"[0.5, 0.4916560944900284, 0.35855257365686577, 0.9996959126945798, 0.9999998788054895, 0.9999999998966506, 0.9999999999998261, 0.9999999999999994]"
sampleJointGoal_afterNewGoal,session_8_player1,8.0,1,1,closer_to_player1,9,"[0.5, 0.9996595337447106, 0.9999997282988986, 0.9999997289149622, 0.9999999997795493, 0.999999999999611, 0.9999999999999982, 0.9999999999999991, 0.9999999999999998]"
sampleJointGoal_afterNewGoal,session_8_player2,8.0,1,2,closer_to_player1,9,"[0.5, 0.5050512150355926, 0.5075378573697497, 0.9940597655676016, 0.9999360436196961, 0.999998353456559, 0.9999991976611723, 0.999999605722467, 0.9999998054580259]"
sampleJointGoal_afterNewGoal,session_8_player1,8.0,2,1,closer_to_player2,14,"[0.5, 0.996591683515949, 0.9999787132763477, 0.9999997733931352, 0.9999999959694182, 0.9999999972583558, 0.9999999999192724, 0.9999999999606293, 0.9999999987172836, 0.9999999979218962, 0.9999999989821944, 0.9999999995219948, 0.9999999998647666, 0.9999999999988943]"
sampleJointGoal_afterNewGoal,session_8_player2,8.0,2,2,closer_to_player2,6,"[0.5, 0.49689314051966, 0.9987223359124812, 0.9982447414946767, 0.9999984590621461, 0.9999999973201872]"
sampleJointGoal_afterNewGoal,session_8_player1,8.0,3,1,closer_to_player2,7,"[0.5, 0.5017435142716354, 0.9938961692615086, 0.9939984689216885, 0.9999617013246057, 0.999999285161077, 0.9999996103267537]"
sampleJointGoal_afterNewGoal,session_8_player2,8.0,3,2,closer_to_player2,7,"[0.5, 0.9999693073513459, 0.9999999976432369, 0.9999999999997893, 1.0, 1.0, 1.0]"
sampleJointGoal_afterNewGoal,session_8_player1,8.0,5,1,equal_to_both,6,"[0.5, 0.6233336173701172, 0.9998721717806507, 0.9999998066649026, 0.9999999998187016, 0.9999999999995274]"
sampleJointGoal_afterNewGoal,session_8_player2,8.0,5,2,equal_to_both,6,"[0.5, 0.3758525455054338, 0.9998908075679863, 0.9999999812140618, 0.9999999999923637, 0.9999999999999933]"
sampleJointGoal_afterNewGoal,session_8_player1,8.0,8,1,closer_to_player1,6,"[0.5, 0.5836348822255931, 0.4761883885995992, 0.6451999658838351, 0.7843883884395542, 0.8798918833190509]"
sampleJointGoal_afterNewGoal,session_8_player2,8.0,8,2,closer_to_player1,9,"[0.5, 0.5045359656535688, 0.5061122621247469, 0.5069812710561983, 0.5081292855621229, 0.5028771497693405, 0.49746989331890756, 0.5397820852419727, 0.6379060490425185]"
sampleJointGoal_afterNewGoal,session_8_player1,8.0,9,1,closer_to_player1,11,"[0.5, 0.636770391721008, 0.4673034471934143, 0.3049143440456186, 0.17986683321044597, 0.09880267153558947, 0.05195394273386272, 0.026476025404118433, 1.0, 1.0, 1.0]"
sampleJointGoal_afterNewGoal,session_8_player2,8.0,9,2,closer_to_player1,9,"[0.5, 0.5038572966665849, 0.505837332393133, 0.5130561991269379, 0.5176219485277852, 0.515992909592465, 0.5766142088548813, 0.5288579929721456, 0.6934291284062768]"
sampleJointGoal_afterNewGoal,session_8_player1,8.0,10,1,equal_to_both,11,"[0.5, 0.9894522360374424, 0.9895708868601759, 0.9896457132887764, 0.9999355339555981, 0.9999361946092704, 0.9999996065301558, 0.9999999958120966, 0.9999999967522133, 0.9999999973613196, 0.9999999984992862]"
sampleJointGoal_afterNewGoal,session_8_player2,8.0,10,2,equal_to_both,11,"[0.5, 0.4996211407082991, 0.49958626931046735, 0.9966316287677219, 0.9999791397828229, 0.9999997794215981, 0.9999997865503085, 0.9999997908790972, 0.9999998015619849, 0.9999999992028226, 0.9999999999931848]"
sampleJointGoal_afterNewGoal,session_9_player1,9.0,0,1,equal_to_both,11,"[0.5, 0.5000884456249342, 0.500109612442594, 0.5005173642481708, 0.5083795117137286, 0.9989663954472476, 0.9999975856751346, 0.9999986328113244, 0.9999999964471049, 0.999999999930581, 0.9999999999997017]"
sampleJointGoal_afterNewGoal,session_9_player2,9.0,0,2,equal_to_both,11,"[0.5, 0.9893767698092447, 0.9998143639717493, 0.9998207852958964, 0.9998236744956156, 0.9999981401763015, 0.9999981716820676, 0.9999981837764725, 0.9999976202386802, 0.9999999944200572, 0.9999999999760248]"
sampleJointGoal_afterNewGoal,session_9_player1,9.0,1,1,equal_to_both,5,"[0.5, 0.9999342430446007, 0.9999999886873804, 0.9999999999954015, 0.999999999999996]"
sampleJointGoal_afterNewGoal,session_9_player2,9.0,1,2,equal_to_both,5,"[0.5, 0.9997240951352488, 0.9999999525242195, 0.9999999999807013, 0.9999999999999831]"
sampleJointGoal_afterNewGoal,session_9_player1,9.0,2,1,closer_to_player2,18,"[0.5, 0.4948924400039004, 0.49238299903562194, 0.4909341067803, 0.9996469565189716, 0.9999997182646476, 0.9999997189061821, 0.9999999997714026, 0.9999999999995964, 0.9999999999996972, 0.9999999999999992, 0.999999999999427, 0.9999999999990306, 0.9999998026269961, 0.9822591744828431, 0.9999802307915713, 0.9999999440516125, 0.9999999842723275]"
sampleJointGoal_afterNewGoal,session_9_player2,9.0,2,2,closer_to_player2,6,"[0.5, 0.5007649710906353, 0.49962402542348205, 0.9993623136897611, 0.9992636665611921, 0.9999995967272983]"
sampleJointGoal_afterNewGoal,session_9_player1,9.0,5,1,closer_to_player1,6,"[0.5, 0.4968930388517121, 0.3916359281344023, 0.9993694490173228, 0.9999994475100539, 0.9999999990398444]"
sampleJointGoal_afterNewGoal,session_9_player2,9.0,5,2,closer_to_player1,12,"[0.5, 0.4965236724947284, 0.4943010420431931, 0.9991819356461842, 0.9999986007202711, 0.9999986067468144, 0.9999986534942426, 0.9999992241295432, 0.9999999995396159, 0.9999999999993162, 0.999999999999995, 1.0]"
sampleJointGoal_afterNewGoal,session_9_player1,9.0,6,1,closer_to_player1,6,"[0.5, 0.3765680907448356, 0.5471295933355076, 0.7073201837069737, 0.8286122632380677, 0.906853299516915]"
sampleJointGoal_afterNewGoal,session_9_player2,9.0,6,2,closer_to_player1,9,"[0.5, 0.5035279324432259, 0.5057103104953395, 0.507177064712566, 0.5083250654384336, 0.514595267518643, 0.5636937036835638, 0.5643133459717657, 0.5645323657900282]"
sampleJointGoal_afterNewGoal,session_9_player1,9.0,7,1,closer_to_player2,9,"[0.5, 0.5035101256895487, 0.5051564962013014, 0.507021494425762, 0.501883158440553, 0.49606852412579155, 0.4902452370898482, 0.44217172799548826, 0.6149781020174958]"
sampleJointGoal_afterNewGoal,session_9_player2,9.0,7,2,closer_to_player2,11,"[0.5, 0.8731500454907903, 0.869872206264424, 0.8712995722052684, 0.9122544402889982, 0.8386372725330791, 0.9999929144725084, 0.9999999995915895, 0.9999999996776898, 0.9999999997229113, 0.9999999997687854]"
sampleJointGoal_afterNewGoal,session_9_player1,9.0,9,1,equal_to_both,11,"[0.5, 0.9893247864004746, 0.9998126603687639, 0.9998202852329825, 0.9998233222111733, 0.9998255604047114, 0.9998318940498981, 0.9998546239674752, 0.9999997589186587, 0.9999999991900307, 0.9999999999949406]"
sampleJointGoal_afterNewGoal,session_9_player2,9.0,9,2,equal_to_both,11,"[0.5, 0.4999999712771894, 0.4999999543886775, 0.9966417696292275, 0.9966615733962265, 0.9999886118598208, 0.9999999281352993, 0.9999999320222726, 0.999999946876816, 0.9999999998215202, 0.9999999999988851]"
sampleJointGoal_afterNewGoal,session_9_player1,9.0,10,1,closer_to_player1,9,"[0.5, 0.5031067986659452, 0.9998316460254802, 0.9998981723158202, 0.9999999457811738, 0.9999999999816592, 0.9999999999999698, 1.0, 1.0]"
sampleJointGoal_afterNewGoal,session_9_player2,9.0,10,2,closer_to_player1,9,"[0.5, 0.5039500629703334, 0.5061903814654849, 0.5074258270415039, 0.5042221589296056, 0.9987616203751519, 0.9999967396575523, 0.9999999827801684, 0.999999999818275]"
sampleJointGoal_afterNewGoal,session_9_player1,9.0,11,1,closer_to_player2,9,"[0.5, 0.9831574077791368, 0.9995510145513755, 0.9995736903104104, 0.9995849457752845, 0.999992984698683, 0.9999998156194955, 0.9999999897577834, 0.9999999951530737]"
sampleJointGoal_afterNewGoal,session_9_player2,9.0,11,2,closer_to_player2,9,"[0.5, 0.999541264435801, 0.9999994968119664, 0.9999997155245979, 0.9999999995773318, 0.9999999999965175, 0.9999999999999837, 0.9999999999999999, 1.0]"
sampleJointGoal_afterNewGoal,session_10_player1,10.0,2,1,equal_to_both,10,"[0.5, 0.9938491068237939, 0.9999345545937669, 0.9999355602525816, 0.999999320459589, 0.9999993319225693, 0.9999999929864921, 0.9999999931346057, 0.9999999999347623, 0.9999999999395074]"
sampleJointGoal_afterNewGoal,session_10_player2,10.0,2,2,equal_to_both,12,"[0.5, 0.9938385532451668, 0.9938893284689174, 0.9999620310411066, 0.9999995980627387, 0.9999996125643633, 0.999999995685972, 0.9999999968737654, 0.9999999999407347, 0.9999996374346269, 0.9999998362961291, 0.9999999527891781]"
sampleJointGoal_afterNewGoal,session_10_player1,10.0,3,1,closer_to_player1,9,"[0.5, 0.49992629099201175, 0.5015709853197639, 0.4406276665556375, 0.48868071389602397, 0.9999927142053605, 0.9999915251592785, 0.9999999999744935, 0.9999999999999996]"
sampleJointGoal_afterNewGoal,session_10_player2,10.0,3,2,closer_to_player1,9,"[0.5, 0.503405204987075, 0.5055965908767199, 0.5070579007034948, 0.5073924095460132, 0.5057618207806589, 0.5665881953899912, 0.6071240758204666, 0.7059624811360216]"
sampleJointGoal_afterNewGoal,session_10_player1,10.0,5,1,equal_to_both,10,"[0.5, 0.5012668035496087, 0.5013408539502159, 0.5015859348523931, 0.5075081222809498, 0.6266583397268304, 0.9995181955323149, 0.9999998897336191, 0.9999999999396523, 0.9999999999999285]"
sampleJointGoal_afterNewGoal,session_10_player2,10.0,5,2,equal_to_both,10,"[0.5, 0.4999373848276548, 0.9966401493391212, 0.996655078028949, 0.9966622851908008, 0.9999943760840725, 0.9999999812190381, 0.9999999813733537, 0.9999999785796624, 0.999999999974632]"
sampleJointGoal_afterNewGoal,session_10_player1,10.0,6,1,closer_to_player2,12,"[0.5, 0.5157803385212232, 0.6469132749929778, 0.9997213181393101, 0.999999867048544, 0.9999999998932463, 0.9999999999998191, 0.9999999999998197, 0.9999999999999998, 0.9999999999242734, 0.9999999999998872, 0.9999999999998874]"
sampleJointGoal_afterNewGoal,session_10_player2,10.0,6,2,closer_to_player2,4,"[0.5, 0.4200256502297344, 0.999765951530397, 0.9999999059314103]"
sampleJointGoal_afterNewGoal,session_10_player1,10.0,7,1,equal_to_both,12,"[0.5, 0.9828000174256866, 0.9995349014054772, 0.9999820798130157, 0.9999990430528701, 0.999999929924005, 0.9999999890133091, 0.9999999953204343, 0.9999999978801277, 0.9999999990153482, 0.9999999995366715, 0.9999999997907857]"
sampleJointGoal_afterNewGoal,session_10_player2,10.0,7,2,equal_to_both,12,"[0.5, 0.4999732275610478, 0.4999714618790153, 0.9938476931642195, 0.9999345284639486, 0.9999988843372396, 0.9999989133253827, 0.999999981447289, 0.999999982143416, 0.9999999834160751, 0.9999999886349419, 0.9999999999291365]"
sampleJointGoal_afterNewGoal,session_10_player1,10.0,9,1,closer_to_player2,12,"[0.5, 0.9965385597580951, 0.9965431438883485, 0.9965346682017593, 0.9999940497032057, 0.9999940752795308, 0.9999942717689673, 0.9999999937280692, 0.9999999964798711, 0.9999999999947717, 0.9999999999999793, 0.9999999999999998]"
sampleJointGoal_afterNewGoal,session_10_player2,10.0,9,2,closer_to_player2,6,"[0.5, 0.4968935142707514, 0.39162881663811006, 0.9993688345073436, 0.9999994465239583, 0.9999999990374627]"
sampleJointGoal_afterNewGoal,session_10_player1,10.0,10,1,closer_to_player2,14,"[0.5, 0.496979511109584, 0.4868443351830315, 0.4916304075567951, 0.61553947448892, 0.999670639606571, 0.999999835131873, 0.9999997072494039, 0.9999999991056334, 0.9999999995527425, 0.9999999997763842, 0.9999999998882112, 0.9999999999441207, 0.9999999999722506]"
sampleJointGoal_afterNewGoal,session_10_player2,10.0,10,2,closer_to_player2,4,"[0.5, 0.561594623308177, 0.5125907997267847, 0.679255645040698]"
sampleJointGoal_afterNewGoal,session_11_player1,11.0,0,1,closer_to_player1,9,"[0.5, 0.6226216364675933, 0.9996817441509133, 0.9999998576489075, 0.9999999998288372, 0.9999999999997777, 0.9999999999999994, 1.0, 1.0]"
sampleJointGoal_afterNewGoal,session_11_player2,11.0,0,2,closer_to_player1,9,"[0.5, 0.983217795628312, 0.9836248227157951, 0.9838799615505697, 0.9998298997775104, 0.9999971256128787, 0.9999972006913647, 0.9999999587714459, 0.9999999599651777]"
sampleJointGoal_afterNewGoal,session_11_player1,11.0,2,1,closer_to_player1,9,"[0.5, 0.6226181334175034, 0.45200265606622475, 0.291949083709916, 0.17088261741998237, 0.09279092520944983, 1.0, 1.0, 1.0]"
sampleJointGoal_afterNewGoal,session_11_player2,11.0,2,2,closer_to_player1,9,"[0.5, 0.50450628794847, 0.5021916221711278, 0.509342853369632, 0.5288666374587493, 0.5372371596236085, 0.5428110533893773, 0.546351729761309, 0.5484845506810179]"
sampleJointGoal_afterNewGoal,session_11_player1,11.0,5,1,equal_to_both,11,"[0.5, 0.4999462295875077, 0.49994481233275817, 0.4999450321567762, 0.9982961371696927, 0.9983025805122112, 0.9999970652045427, 0.9999999898665833, 0.9999999999351065, 0.9999999999472768, 0.9999999999700144]"
sampleJointGoal_afterNewGoal,session_11_player2,11.0,5,2,equal_to_both,11,"[0.5, 0.989331316828677, 0.9895327191858356, 0.9896122215458646, 0.9999353178183754, 0.9999359834189713, 0.9999365092227949, 0.9999387388602562, 0.9999519555213757, 0.9999999643193854, 0.9999999999408455]"
sampleJointGoal_afterNewGoal,session_11_player1,11.0,6,1,closer_to_player1,8,"[0.5, 0.5101444645808751, 0.5053528659715538, 0.5888286786617383, 0.6598377664630137, 0.5830542075498315, 0.7366722426235174, 0.8492492261566598]"
sampleJointGoal_afterNewGoal,session_11_player2,11.0,6,2,closer_to_player1,9,"[0.5, 0.5033991647714974, 0.5053666589416567, 0.5126813909810803, 0.5094651983844639, 0.5845089533267662, 0.643086218327913, 0.5966859494181707, 0.7486935271201812]"
sampleJointGoal_afterNewGoal,session_11_player1,11.0,7,1,closer_to_player2,9,"[0.5, 0.5045001650974681, 0.5120813812094832, 0.5187142098301093, 0.5308008334785644, 0.5391668415946825, 0.5447371761389099, 0.5482753479718852, 0.550406567116576]"
sampleJointGoal_afterNewGoal,session_11_player2,11.0,7,2,closer_to_player2,9,"[0.5, 0.4167281387274481, 0.34576162812717076, 0.29263489129510223, 0.3341908101148949, 0.999986127255969, 0.9999999997832416, 0.9999999998136538, 0.9999999998445048]"
sampleJointGoal_afterNewGoal,session_11_player1,11.0,8,1,closer_to_player2,12,"[0.5, 0.9965978298690724, 0.9965831952638151, 0.9999884232872138, 0.9999884754224849, 0.9999885250449818, 0.9999889100565669, 0.9999999878585554, 0.9999999999710392, 0.9999999999872657, 0.999999999999909, 0.9999999999999996]"
sampleJointGoal_afterNewGoal,session_11_player2,11.0,8,2,closer_to_player2,6,"[0.5, 0.9967012141201771, 0.9999797667862218, 0.9999997864607644, 0.9999999956539656, 0.9999999978885603]"
sampleJointGoal_afterNewGoal,session_11_player1,11.0,9,1,equal_to_both,8,"[0.5, 0.9982431230392323, 0.9983192258816002, 0.9990492384553991, 0.9999985962551186, 0.9999999953342543, 0.9999999999345046, 0.9999999999993738]"
sampleJointGoal_afterNewGoal,session_11_player2,11.0,9,2,equal_to_both,8,"[0.5, 0.998348630648863, 0.9983127664658049, 0.9999979340695008, 0.9999968379311045, 0.9999999972285352, 0.9999999999951797, 0.9999999999999846]"
sampleJointGoal_afterNewGoal,session_11_player1,11.0,10,1,equal_to_both,16,"[0.5, 0.9938418946920429, 0.9999342879371006, 0.9999988442026764, 0.9999991927489277, 0.9983416047434169, 0.9983938077010678, 0.9984296734262839, 0.959721203109982, 0.9997374366250574, 0.999995836922286, 0.9999979616460641, 0.999999042185685, 0.8378414941126633, 0.9989235462595379, 0.9996948740087197]"
sampleJointGoal_afterNewGoal,session_11_player2,11.0,10,2,equal_to_both,12,"[0.5, 0.006259906397156154, 0.006134102537086879, 0.782479035276567, 0.9990635048139318, 0.9999942184802325, 0.9999999389128418, 0.9999999408403232, 0.9999999993719669, 0.9999999995110677, 0.9999999999938555, 0.9999999999969923]"
sampleJointGoal_afterNewGoal,session_12_player1,12.0,0,1,closer_to_player2,17,"[0.5, 0.01045346906697937, 0.9678458267835475, 0.9675264952979112, 0.9999885363401375, 0.9999999908394894, 0.9999946325954551, 0.99999999571098, 0.9999999999926668, 0.9999999999928673, 0.9999999999999872, 0.9999999999999909, 1.0, 1.0, 0.9999999999999828, 0.9999999999999951, 1.0]"
sampleJointGoal_afterNewGoal,session_12_player2,12.0,0,2,closer_to_player2,3,"[0.5, 0.9985877974756701, 0.9999987606932483]"
sampleJointGoal_afterNewGoal,session_12_player1,12.0,1,1,closer_to_player1,9,"[0.5, 0.999540207856295, 0.9997345866166515, 0.9999998411686443, 0.9999999997605058, 0.9999999999988105, 0.9999999999999902, 1.0, 1.0]"
sampleJointGoal_afterNewGoal,session_12_player2,12.0,1,2,closer_to_player1,9,"[0.5, 0.5033920318505734, 0.9897012515174813, 0.9998230140453956, 0.9998275501856567, 0.9999970881995602, 0.9999999242994257, 0.9999999965581683, 0.9999999983721687]"
sampleJointGoal_afterNewGoal,session_12_player1,12.0,3,1,closer_to_player1,6,"[0.5, 0.49683276623542905, 0.5717105876660571, 0.4915446837207688, 0.6591758712975516, 0.7958024388563092]"
sampleJointGoal_afterNewGoal,session_12_player2,12.0,3,2,closer_to_player1,13,"[0.5, 0.5045001650974681, 0.5021904638671641, 0.5093406540094408, 0.5288626763420178, 0.5372331138500405, 0.5428070021290329, 0.028897858312589786, 0.03627576050229814, 0.03677817360218024, 0.03708436136470076, 6.115134177444855e-31, 6.168004921377766e-31]"
sampleJointGoal_afterNewGoal,session_12_player1,12.0,5,1,closer_to_player2,9,"[0.5, 0.5040911317478705, 0.5065194770912533, 0.9940352396894454, 0.9941793596019226, 0.9999637168208448, 0.9999994733658201, 0.9999997406319086, 0.9999998715861425]"
sampleJointGoal_afterNewGoal,session_12_player2,12.0,5,2,closer_to_player2,9,"[0.5, 0.9996592388402544, 0.9996594405440863, 0.999664646708503, 0.9997819021841375, 0.9999999663057755, 0.9999999999916452, 0.9999999999999986, 1.0]"
sampleJointGoal_afterNewGoal,session_12_player1,12.0,6,1,equal_to_both,12,"[0.5, 0.9938418745513178, 0.9999342875669377, 0.9993437679201543, 0.9999819582220236, 0.9999988360880852, 0.9999994610427442, 0.9999997407865037, 0.999999873808795, 0.9999999382135426, 0.9999999709668224, 0.9999999917767556]"
sampleJointGoal_afterNewGoal,session_12_player2,12.0,6,2,equal_to_both,10,"[0.5, 0.4986503440886135, 0.49857450197333525, 0.49832150017170457, 0.999217199615598, 0.9999986843757916, 0.9999986809801863, 0.9999999981929446, 0.9999999979219162, 0.999999999997539]"
sampleJointGoal_afterNewGoal,session_12_player1,12.0,7,1,equal_to_both,14,"[0.5, 0.5121177356180145, 0.5136004442807931, 0.5137178647799739, 0.5141310833071635, 0.0017487351811385553, 0.0017838165221571729, 0.8009574229619086, 0.8717009159572339, 0.9999369649506515, 0.9999999306270676, 0.9999999998197218, 0.9999999999964776, 0.9999999999999849]"
sampleJointGoal_afterNewGoal,session_12_player2,12.0,7,2,equal_to_both,12,"[0.5, 0.4987311526176068, 0.49864519631906945, 0.49862414332850186, 0.4982165300585039, 0.9983354496787226, 0.9999945173609558, 0.9999944777072145, 0.999991865553294, 0.9999999903652277, 0.999999999977409, 0.999999999999903]"
sampleJointGoal_afterNewGoal,session_12_player1,12.0,8,1,closer_to_player2,6,"[0.5, 0.9999930868052832, 0.9999919514924143, 0.9999889402132945, 1.0, 1.0]"
sampleJointGoal_afterNewGoal,session_12_player2,12.0,8,2,closer_to_player2,2,"[0.5, 0.5004520921467802]"
sampleJointGoal_afterNewGoal,session_12_player1,12.0,10,1,closer_to_player1,4,"[0.5, 0.9986714555053936, 0.9984103159099089, 0.9999986438628087]"
sampleJointGoal_afterNewGoal,session_12_player2,12.0,10,2,closer_to_player1,18,"[0.5, 0.4816023039655629, 0.3473353280047488, 0.5066409053449377, 0.6698198006205824, 0.9915517546707493, 0.9957055040870684, 0.9984328092875955, 0.9999608432278275, 0.9999857491942438, 0.9999999997347975, 0.9999999999999925, 0.9999999999999981, 1.0, 1.0, 1.0, 1.0, 1.0]"
sampleJointGoal_afterNewGoal,session_13_player1,13.0,0,1,closer_to_player1,11,"[0.5, 0.4090066930995711, 0.32632887950467815, 0.4441864280950832, 0.2854783381754386, 0.1664773639464455, 0.09077160027116267, 0.04720548614697537, 1.0, 1.0, 1.0]"
sampleJointGoal_afterNewGoal,session_13_player2,13.0,0,2,closer_to_player1,9,"[0.5, 0.5035278621503326, 0.5058066747485257, 0.5076840801621629, 0.5147445011226448, 0.5515709929446216, 0.5571150802626972, 0.5606346513789812, 0.5627540624229693]"
sampleJointGoal_afterNewGoal,session_13_player1,13.0,2,1,equal_to_both,8,"[0.5, 0.5081140446897926, 0.9989411229908274, 0.9999974884217949, 0.9999999881075506, 0.9999999998449225, 0.999999999955149, 0.999999999999309]"
sampleJointGoal_afterNewGoal,session_13_player2,13.0,2,2,equal_to_both,8,"[0.5, 0.9983486306492335, 0.9999945686070093, 0.9999999670823195, 0.999999999655356, 0.9999999996613057, 0.9999999999969109, 0.9999999999999397]"
sampleJointGoal_afterNewGoal,session_13_player1,13.0,3,1,equal_to_both,12,"[0.5, 0.9827981835512246, 0.9832194171875298, 0.9997076455762064, 0.9999923628908444, 0.9999926608336921, 0.9999928516712494, 0.9999998779489925, 0.999999882562304, 0.999999890946373, 0.9999999252847508, 0.99999999953329]"
sampleJointGoal_afterNewGoal,session_13_player2,13.0,3,2,equal_to_both,12,"[0.5, 0.5000398882181271, 0.5000455543399179, 0.5000466295528119, 0.9966423774799631, 0.9999792181574427, 0.9999997802512332, 0.9999997848092367, 0.9999997964484211, 0.9999999986317896, 0.9999999990626064, 0.9999999999941446]"
sampleJointGoal_afterNewGoal,session_13_player1,13.0,4,1,closer_to_player1,9,"[0.5, 0.4167275642238549, 0.3457606469165575, 0.4218784302709696, 0.2672704516423053, 0.15327333940824361, 1.0, 1.0, 1.0]"
sampleJointGoal_afterNewGoal,session_13_player2,13.0,4,2,closer_to_player1,9,"[0.5, 0.5034565444312341, 0.5057108347615349, 0.5065412860883461, 0.5077225176629233, 0.501908399379057, 0.5082670216732368, 0.46214286926428755, 0.38810176253320483]"
sampleJointGoal_afterNewGoal,session_13_player1,13.0,5,1,equal_to_both,5,"[0.5, 0.9997379453641096, 0.999999936092249, 0.9999999999739351, 0.9999999999999778]"
sampleJointGoal_afterNewGoal,session_13_player2,13.0,5,2,equal_to_both,5,"[0.5, 0.9998693358066963, 0.9999999556416082, 0.9999999999577226, 0.9999999999999635]"
sampleJointGoal_afterNewGoal,session_13_player1,13.0,6,1,closer_to_player2,14,"[0.5, 0.49656402600111466, 0.49459414461996565, 0.499382264271617, 0.4157649098074697, 0.5231951778649354, 0.3542345146780626, 0.9999324379604623, 0.9999141976362357, 0.999999998655945, 0.9999999999999277, 0.9999999897078148, 0.9999999999994466, 0.9999999999997251]"
sampleJointGoal_afterNewGoal,session_13_player2,13.0,6,2,closer_to_player2,4,"[0.5, 0.5061677564247485, 0.5796267862585832, 0.5798482712896094]"
sampleJointGoal_afterNewGoal,session_13_player1,13.0,7,1,closer_to_player2,12,"[0.5, 0.4965620809217263, 0.49409835223547316, 0.49287319306394617, 0.48830476032236925, 0.48993485904167833, 0.5701310219336289, 0.39865735774419103, 0.2475537427496185, 1.0, 1.0, 1.0]"
sampleJointGoal_afterNewGoal,session_13_player2,13.0,7,2,closer_to_player2,7,"[0.5, 0.49523506431103365, 0.5786317251604451, 0.6499141453468761, 0.7034040922261936, 0.6615548127059857, 0.7975206640346513]"
sampleJointGoal_afterNewGoal,session_13_player1,13.0,9,1,closer_to_player2,9,"[0.5, 0.48996088815171457, 0.4718778088183652, 0.3319351271765634, 0.9964853461525764, 0.9999891275422458, 0.9999999427286074, 0.9999999995125881, 0.9999999999935071]"
sampleJointGoal_afterNewGoal,session_13_player2,13.0,9,2,closer_to_player2,9,"[0.5, 0.9996557204642939, 0.9999997196745428, 0.9999999995223219, 0.9999999999983965, 0.9999999999999903, 0.9999999999999999, 1.0, 1.0]"
sampleJointGoal_afterNewGoal,session_13_player1,13.0,11,1,closer_to_player1,9,"[0.5, 0.9996532907603187, 0.9996635331413406, 0.9999998828670356, 0.9999999161324683, 0.9999999388287667, 0.9999999687915593, 0.9999999999957242, 0.9999999999999993]"
sampleJointGoal_afterNewGoal,session_13_player2,13.0,11,2,closer_to_player1,9,"[0.5, 0.5044811596387792, 0.4946221623501386, 0.4849231934351741, 0.47232688472258955, 0.36101795154584004, 0.5366461844422515, 0.7928033009935183, 0.9999281274597489]"
sampleJointGoal_afterNewGoal,session_14_player1,14.0,0,1,closer_to_player2,9,"[0.5, 0.5034387885400003, 0.5054188502513043, 0.994150398136941, 0.999938905591591, 0.9999989677255466, 0.9999989946870078, 0.9999988194918121, 0.9999999937387539]"
sampleJointGoal_afterNewGoal,session_14_player2,14.0,0,2,closer_to_player2,9,"[0.5, 0.9995403215823375, 0.9997343915316984, 0.9999998411763462, 0.9999999997639796, 0.999999999998056, 0.99999999999999, 0.9999999999999999, 1.0]"
sampleJointGoal_afterNewGoal,session_14_player1,14.0,3,1,closer_to_player2,9,"[0.5, 0.5034414595846881, 0.9897041076077524, 0.9998230566418632, 0.9998275988505466, 0.9999970870777323, 0.9999999238215683, 0.999999937332689, 0.9999999981601951]"
sampleJointGoal_afterNewGoal,session_14_player2,14.0,3,2,closer_to_player2,13,"[0.5, 0.49800753355187244, 0.5026787512778316, 0.9995468816294686, 0.9997374850671737, 0.9999995930299034, 0.9999999992026573, 0.9999999999993009, 0.9999999999999988, 0.9999999999287764, 0.9999999999998761, 0.9999999999999996, 1.0]"
sampleJointGoal_afterNewGoal,session_14_player1,14.0,4,1,closer_to_player2,12,"[0.5, 0.485063537938641, 0.9980948098274421, 0.9999931654371613, 0.9999952582348738, 0.9999999717946363, 0.9999999859243273, 0.9999999929733216, 0.999999996493827, 0.9999999982897284, 0.9999999994834003, 0.9999999999998647]"
sampleJointGoal_afterNewGoal,session_14_player2,14.0,4,2,closer_to_player2,6,"[0.5, 0.9965660042236445, 0.9974761717684559, 0.9980276971601222, 0.9999959765964964, 0.9999979951081636]"
sampleJointGoal_afterNewGoal,session_14_player1,14.0,6,1,equal_to_both,9,"[0.5, 0.9966410390120368, 0.9999792340977078, 0.9999794444314163, 0.9999795648886408, 0.9999795121276582, 0.999972522528367, 0.9999999849614326, 0.9999999999821899]"
sampleJointGoal_afterNewGoal,session_14_player2,14.0,6,2,equal_to_both,9,"[0.5, 0.5013562319387087, 0.9983012006111569, 0.9983102454880945, 0.9983663218788105, 0.9990483791250561, 0.9999980017347351, 0.9999999989063666, 0.9999999999987048]"
sampleJointGoal_afterNewGoal,session_14_player1,14.0,8,1,equal_to_both,8,"[0.5, 0.49950918802089633, 0.9992208666486491, 0.9992094941298905, 0.9987810081453906, 0.9999997900463978, 0.9999999999146549, 0.9999999999999252]"
sampleJointGoal_afterNewGoal,session_14_player2,14.0,8,2,equal_to_both,8,"[0.5, 0.5028864189725404, 0.5091514679383738, 0.6318993514093215, 0.9996926129316668, 0.9999998900577365, 0.9999999998437342, 0.999999999999863]"
sampleJointGoal_afterNewGoal,session_14_player1,14.0,9,1,closer_to_player1,9,"[0.5, 0.4166768026178107, 0.5232557373779079, 0.9998602019819021, 0.999814133847588, 0.9997644980972196, 0.999726076203606, 0.9999999991753596, 0.9999999999999873]"
sampleJointGoal_afterNewGoal,session_14_player2,14.0,9,2,closer_to_player1,9,"[0.5, 0.503438747407208, 0.5059023935819075, 0.5073636584372315, 0.5085448348315154, 0.5154242120647166, 0.5736424013410988, 0.5771303179371536, 0.5792298776938155]"
sampleJointGoal_afterNewGoal,session_14_player1,14.0,10,1,closer_to_player1,6,"[0.5, 0.9976002931412868, 0.9999890459718771, 0.9999999095836676, 0.9999999986787749, 0.9999999987134369]"
sampleJointGoal_afterNewGoal,session_14_player2,14.0,10,2,closer_to_player1,14,"[0.5, 0.016781972906651055, 0.01637500859431762, 0.9536478439295355, 0.9999163295107326, 0.9999997170057627, 0.9999999982479986, 0.9999999983227088, 0.9999999984452654, 0.9999999991406044, 0.9999999999929015, 0.9999999999999667, 0.9999999999999996, 1.0]"
sampleJointGoal_afterNewGoal,session_14_player1,14.0,11,1,closer_to_player1,10,"[0.5, 0.4710911211001431, 0.49627895744378575, 0.4208739060402561, 0.361858032547434, 0.40827821104279266, 0.9999899079730304, 0.9999882634331325, 0.9999859370251688, 1.0]"
sampleJointGoal_afterNewGoal,session_14_player2,14.0,11,2,closer_to_player1,9,"[0.5, 0.503454378497613, 0.5056459310476713, 0.5071072010569446, 0.5074413560355904, 0.5058104583068453, 0.5666362175256592, 0.6071737551804578, 0.7060305014408613]"
sampleJointGoal_afterNewGoal,session_15_player1,15.0,0,1,equal_to_both,10,"[0.5, 0.5000211668184807, 0.5004289187017437, 0.5082910906679369, 0.9989660300895097, 0.9999975848208398, 0.999998632327552, 0.9999999843229342, 0.9999999999632413, 0.999999999999842]"
sampleJointGoal_afterNewGoal,session_15_player2,15.0,0,2,equal_to_both,10,"[0.5, 0.4998881789354837, 0.9966448170149497, 0.9999792746823626, 0.999979471833589, 0.9999793234018652, 0.9999999467119507, 0.999999930177698, 0.9999999998362846, 0.9999999999992966]"
sampleJointGoal_afterNewGoal,session_15_player1,15.0,2,1,closer_to_player1,6,"[0.5, 0.49683276623463285, 0.571710587664775, 0.4915446837160217, 0.6591758712978039, 0.7958024388722855]"
sampleJointGoal_afterNewGoal,session_15_player2,15.0,2,2,closer_to_player1,14,"[0.5, 0.4965434554437197, 0.4943520736278852, 0.4928907676144848, 0.49255625976813644, 0.49418684411130254, 0.43336137391193685, 0.3928269399842635, 0.46708139429735424, 1.0, 1.0, 1.0, 1.0, 1.0]"
sampleJointGoal_afterNewGoal,session_15_player1,15.0,4,1,closer_to_player1,6,"[0.5, 0.5046253202432086, 0.5070471440939203, 0.5012167019769453, 0.4530231139177529, 0.6253163989847333]"
sampleJointGoal_afterNewGoal,session_15_player2,15.0,4,2,closer_to_player1,10,"[0.5, 0.5034565445582917, 0.5057108350304871, 0.507575780596768, 0.5024375523943924, 0.5093198368155154, 0.5676556108696068, 0.5676556108696069, 0.5711558900759177, 0.5732631797543675]"
sampleJointGoal_afterNewGoal,session_15_player1,15.0,5,1,equal_to_both,11,"[0.5, 0.9879008872300221, 0.9895166730198233, 0.9897233568843405, 0.9897846150516866, 0.9999652385508281, 0.9999660177149318, 0.9999998809813686, 0.9999999989635908, 0.9999999995129992, 0.9999999998620638]"
sampleJointGoal_afterNewGoal,session_15_player2,15.0,5,2,equal_to_both,11,"[0.5, 0.4988124091434163, 0.9938170902901923, 0.9999341606592226, 0.9999352560420282, 0.9999359128268633, 0.9999996056157503, 0.9999996123620021, 0.9999996155470656, 0.9999999988543824, 0.9999999999926799]"
sampleJointGoal_afterNewGoal,session_15_player1,15.0,8,1,closer_to_player2,9,"[0.5, 0.5034390522609157, 0.5054110658072661, 0.9941524758620304, 0.9999389516436143, 0.9999395322241312, 0.9999995017530074, 0.9999994119267098, 0.9999999968917329]"
sampleJointGoal_afterNewGoal,session_15_player2,15.0,8,2,closer_to_player2,9,"[0.5, 0.9995403234067085, 0.9997343943154278, 0.9999995979334398, 0.9999999995666198, 0.9999999999989811, 0.9999999999999947, 1.0, 1.0]"
sampleJointGoal_afterNewGoal,session_15_player1,15.0,9,1,closer_to_player2,9,"[0.5, 0.4214016846510288, 0.5596532142591878, 0.3968934297219794, 0.24834779045405694, 0.09785994503274965, 0.9828553123116929, 0.9999772868278302, 0.9999999582421546]"
sampleJointGoal_afterNewGoal,session_15_player2,15.0,9,2,closer_to_player2,9,"[0.5, 0.5036213166472282, 0.9998316234083136, 0.9999009097121186, 0.9999999785409107, 0.9999999999802761, 0.9999999999999627, 1.0, 1.0]"
sampleJointGoal_afterNewGoal,session_15_player1,15.0,10,1,closer_to_player1,6,"[0.5, 0.37656804817976147, 0.5471295399737115, 0.7073201338841442, 0.8286122265008056, 0.9068532766309653]"
sampleJointGoal_afterNewGoal,session_15_player2,15.0,10,2,closer_to_player1,9,"[0.5, 0.5045368880402993, 0.5077388723615606, 0.514439068617089, 0.5278790038780767, 0.5311252278188182, 0.5326423633466294, 0.5332695911235853, 0.5334913156590716]"
sampleJointGoal_afterNewGoal,session_15_player1,15.0,11,1,equal_to_both,8,"[0.5, 0.9983471836511913, 0.9983140485198148, 0.9999978782229777, 0.9999968745822365, 0.9999999962981435, 0.99999999999132, 0.9999999999999627]"
sampleJointGoal_afterNewGoal,session_15_player2,15.0,11,2,equal_to_both,8,"[0.5, 0.5078622757231319, 0.6353515437993777, 0.99856578804072, 0.9999992134843314, 0.999999999068425, 0.9999999999978156, 0.9999999999999906]"
sampleJointGoal_afterNewGoal,session_16_player1,16.0,0,1,closer_to_player2,12,"[0.5, 0.49655854233931396, 0.9982559816078512, 0.9999940870730969, 0.9999999634279811, 0.999999999612775, 0.9999999999933834, 0.9999999999936818, 0.9999999999998864, 0.9999999999999184, 0.9999999999999591, 0.9999999999999991]"
sampleJointGoal_afterNewGoal,session_16_player2,16.0,0,2,closer_to_player2,8,"[0.5, 0.5021502750038166, 0.4980759796628908, 0.384961655784855, 0.9981104029313512, 0.9999955606076858, 0.9999999809627313, 0.9999999998609396]"
sampleJointGoal_afterNewGoal,session_16_player1,16.0,1,1,closer_to_player2,9,"[0.5, 0.4900347084817316, 0.5132277261408771, 0.42060861570557906, 0.23433097435568995, 0.5197800148327643, 0.9982602016678389, 0.9999977398398975, 0.9999999960317121]"
sampleJointGoal_afterNewGoal,session_16_player2,16.0,1,2,closer_to_player2,7,"[0.5, 0.9999444854367419, 0.9999999900765117, 0.9999999999965528, 0.9999999999999962, 1.0, 1.0]"
sampleJointGoal_afterNewGoal,session_16_player1,16.0,3,1,equal_to_both,10,"[0.5, 0.9938491073473771, 0.9938930504723766, 0.9999621757911646, 0.9999996011405404, 0.9999999932127761, 0.9999999934384904, 0.9999999935770587, 0.9999999999389667, 0.9999999999434059]"
sampleJointGoal_afterNewGoal,session_16_player2,16.0,3,2,equal_to_both,10,"[0.5, 0.5001138590931968, 0.5005265888312226, 0.5083889979937833, 0.998966434304027, 0.9999975857647981, 0.9999999887570196, 0.9999999936391223, 0.9999999998757165, 0.999999999999466]"
sampleJointGoal_afterNewGoal,session_16_player1,16.0,7,1,closer_to_player1,11,"[0.5, 0.999655538599899, 0.9999997196642469, 0.9999999995084834, 0.9999999999982898, 0.9999999999983894, 0.9999999999990946, 0.999999999999991, 0.999999999280214, 0.9999999999928628, 0.9999999999999832]"
sampleJointGoal_afterNewGoal,session_16_player2,16.0,7,2,closer_to_player1,9,"[0.5, 0.9832068000004647, 0.9995545484843495, 0.9999824702990248, 0.9999882043161695, 0.9999916474460221, 0.9999936613375239, 0.9999998516539979, 0.9999999294662192]"
sampleJointGoal_afterNewGoal,session_16_player1,16.0,8,1,closer_to_player1,5,"[0.5, 0.9991492746110175, 0.9999985711574955, 0.9999999956090291, 0.9999999999768769]"
sampleJointGoal_afterNewGoal,session_16_player2,16.0,8,2,closer_to_player1,13,"[0.5, 0.49806009114232813, 0.5028636266017763, 0.626128971995933, 0.9998725292869322, 0.9999998065297319, 0.9996717990016931, 0.9999995017689612, 0.9999999994097365, 0.9999999999989536, 0.9999999999999951, 1.0, 1.0]"
sampleJointGoal_afterNewGoal,session_16_player1,16.0,9,1,closer_to_player1,10,"[0.5, 0.4981371844126509, 0.9996654147438774, 0.9999997358395758, 0.9999997382620525, 0.9999999997946335, 0.9999999999996395, 0.9999999999999986, 0.9999999999999991, 1.0]"
sampleJointGoal_afterNewGoal,session_16_player2,16.0,9,2,closer_to_player1,8,"[0.5, 0.5022534512504347, 0.5041047872095415, 0.9966404511810829, 0.9967895752099236, 0.9975050933287855, 0.9999958532447574, 0.9999999860404485]"
sampleJointGoal_afterNewGoal,session_16_player1,16.0,10,1,equal_to_both,8,"[0.5, 0.5076689394630647, 0.5192137050452806, 0.9995702207758639, 0.9999992946518722, 0.9999998002640127, 0.9999999996221879, 0.9999999999995088]"
sampleJointGoal_afterNewGoal,session_16_player2,16.0,10,2,equal_to_both,8,"[0.5, 0.9982407720164188, 0.9982416296803485, 0.9999970414992913, 0.9999970288640303, 0.9999999960429294, 0.9999999999886094, 0.9999999999999295]"
sampleJointGoal_afterNewGoal,session_16_player1,16.0,11,1,closer_to_player2,9,"[0.5, 0.5026013734742877, 0.5045134372730751, 0.9941291481265371, 0.9999386791296464, 0.9999392867819453, 0.9999994983176258, 0.9999994108908954, 0.9999999968754466]"
sampleJointGoal_afterNewGoal,session_16_player2,16.0,11,2,closer_to_player2,9,"[0.5, 0.999541264435801, 0.9997344855032995, 0.9999998412575806, 0.9999999994009978, 0.9999999999984355, 0.9999999999999925, 1.0, 1.0]"
sampleJointGoal_afterNewGoal,session_17_player1,17.0,0,1,closer_to_player2,9,"[0.5, 0.5028455307683121, 0.5056600245929965, 0.5017300975846132, 0.4965913588116196, 0.4907775301283028, 0.4849564819727486, 0.436956936853431, 0.609953845717484]"
sampleJointGoal_afterNewGoal,session_17_player2,17.0,0,2,closer_to_player2,9,"[0.5, 0.6228061352775393, 0.45220394478926745, 0.2921180361262756, 0.17099876884036616, 0.09286009875837116, 1.0, 1.0, 1.0]"
sampleJointGoal_afterNewGoal,session_17_player1,17.0,1,1,closer_to_player2,9,"[0.5, 0.5050617527895757, 0.5075507387110523, 0.9940600603085004, 0.994203715299801, 0.9942768566755349, 0.9999806401516843, 0.9999998580345173, 0.9999999299522806]"
sampleJointGoal_afterNewGoal,session_17_player2,17.0,1,2,closer_to_player2,9,"[0.5, 0.49923510928764775, 0.9998680820433488, 0.9998699925406181, 0.999999978183788, 0.9999999999900933, 0.9999999999999891, 0.9999999999999947, 1.0]"
sampleJointGoal_afterNewGoal,session_17_player1,17.0,4,1,equal_to_both,10,"[0.5, 0.9938384737458853, 0.993889324391967, 0.99393141840673, 0.9941804595984687, 0.9999863412483875, 0.9999999363911178, 0.9999999994533064, 0.9999999999896362, 0.9999999999970111]"
sampleJointGoal_afterNewGoal,session_17_player2,17.0,4,2,equal_to_both,10,"[0.5, 0.4999789468524588, 0.9966461589040745, 0.9966580536490339, 0.9965911421092221, 0.994557447660418, 0.9999970033063845, 0.9999999964506114, 0.9999999999916777, 0.9999999999999643]"
sampleJointGoal_afterNewGoal,session_17_player1,17.0,5,1,closer_to_player1,6,"[0.5, 0.5047329159227971, 0.5072374701750468, 0.5131575997331134, 0.5863016946695129, 0.5865178829794455]"
sampleJointGoal_afterNewGoal,session_17_player2,17.0,5,2,closer_to_player1,13,"[0.5, 0.5034056365623615, 0.5056557067205487, 0.5074708143912849, 0.5138581336599103, 0.5427883406846846, 0.5442994808891605, 0.03452086799039921, 0.03472444453662925, 0.034809004937796664, 0.034838948155330354, 3.3822175547403807e-31, 3.38523200837337e-31]"
sampleJointGoal_afterNewGoal,session_17_player1,17.0,6,1,closer_to_player1,9,"[0.5, 0.6234319092551643, 0.9996814814559003, 0.9999998405605202, 0.999999883208687, 0.9999999123004701, 0.9999999999840102, 0.9999999999920073, 0.9999999999960308]"
sampleJointGoal_afterNewGoal,session_17_player2,17.0,6,2,closer_to_player1,9,"[0.5, 0.4966836266678426, 0.4998851884516776, 0.4964191586688004, 0.5028160391504987, 0.4901975346786601, 0.465703519629716, 0.4235367081275849, 0.3545789774626915]"
sampleJointGoal_afterNewGoal,session_17_player1,17.0,7,1,equal_to_both,11,"[0.5, 0.4998556594165061, 0.9938453476468107, 0.9938892214791282, 0.9999621541052154, 0.9999996009507037, 0.9999999932087453, 0.9999999998201857, 0.9999999999884123, 0.9999999999945082, 0.9999999999973808]"
sampleJointGoal_afterNewGoal,session_17_player2,17.0,7,2,equal_to_both,11,"[0.5, 0.5272473283810326, 0.9943472341688695, 0.9999382698533695, 0.9999425227035958, 0.9999993730344301, 0.9999995637743111, 0.9999996980021121, 0.9999999960619463, 0.9999999988610504, 0.9999999999824515]"
sampleJointGoal_afterNewGoal,session_17_player1,17.0,11,1,closer_to_player1,9,"[0.5, 0.474913660339243, 0.4945307022691344, 0.432907112824688, 0.48156364951474356, 0.9999925034762903, 0.9999999998828987, 0.9999999998993294, 0.9999999999160086]"
sampleJointGoal_afterNewGoal,session_17_player2,17.0,11,2,closer_to_player1,9,"[0.5, 0.5034887969342521, 0.5063031862102975, 0.5023709241605568, 0.4972294403788856, 0.4914125487054389, 0.49777430565912767, 0.5811217802709681, 0.5832158329084686]"
sampleJointGoal_afterNewGoal,session_18_player1,18.0,0,1,closer_to_player2,9,"[0.5, 0.5034386874930658, 0.5059023429624523, 0.507127504629102, 0.5040091096154891, 0.5787229752889206, 0.6370144786805595, 0.674744869532273, 0.7632071275628458]"
sampleJointGoal_afterNewGoal,session_18_player2,18.0,0,2,closer_to_player2,6,"[0.5, 0.5833231973825662, 0.4767442626216906, 0.6457156780227038, 0.7847737053855174, 0.8802018222496893]"
sampleJointGoal_afterNewGoal,session_18_player1,18.0,1,1,closer_to_player1,9,"[0.5, 0.4952671790418303, 0.49699685670381544, 0.5781649444972543, 0.9999729587369549, 0.9999999984385647, 0.9999999999997152, 0.9999999999998577, 0.9999999999999293]"
sampleJointGoal_afterNewGoal,session_18_player2,18.0,1,2,closer_to_player1,9,"[0.5, 0.5044483642994605, 0.5113487243719352, 0.5133773151466187, 0.5091119634326867, 0.4964965165886005, 0.5458096931550942, 0.5464342902136139, 0.5466550773552432]"
sampleJointGoal_afterNewGoal,session_18_player1,18.0,2,1,closer_to_player1,9,"[0.5, 0.6226181334175034, 0.9996817537026415, 0.9999998408881542, 0.9999998833180933, 0.9999999999381373, 0.999999999969075, 0.9999999999845421, 0.9999999999923287]"
sampleJointGoal_afterNewGoal,session_18_player2,18.0,2,2,closer_to_player1,9,"[0.5, 0.5034052051526385, 0.5055965908431064, 0.5068217688629068, 0.5113903048416651, 0.5097601631901892, 0.42956990820348434, 0.6010500421466508, 0.7522188640520248]"
sampleJointGoal_afterNewGoal,session_18_player1,18.0,3,1,closer_to_player1,11,"[0.5, 0.5059831138446604, 0.41754966984122754, 0.3387074142419635, 0.44026652036608693, 0.999804931363968, 0.9997406472462693, 0.9996713879752175, 0.9996177783385941, 0.9995419786405112, 1.0]"
sampleJointGoal_afterNewGoal,session_18_player2,18.0,3,2,closer_to_player1,9,"[0.5, 0.503438272230645, 0.5054183457739818, 0.5126374291403865, 0.5095201885980774, 0.4035059572086156, 0.5750477634038185, 0.7302565643248196, 0.8450854326755209]"
sampleJointGoal_afterNewGoal,session_18_player1,18.0,7,1,closer_to_player2,9,"[0.5, 0.5034067003162711, 0.5055983749422822, 0.5068236029377126, 0.5037051769237101, 0.5784265306405603, 0.4984164390396706, 0.6653246301374469, 0.8002333358194486]"
sampleJointGoal_afterNewGoal,session_18_player2,18.0,7,2,closer_to_player2,9,"[0.5, 0.503167233764571, 0.42828941233394296, 0.5084553162792311, 0.9999644007417626, 0.9999548913848354, 0.9999475299555085, 0.9999371203261871, 1.0]"
sampleJointGoal_afterNewGoal,session_18_player1,18.0,8,1,equal_to_both,8,"[0.5, 0.9982948141001319, 0.9999942474347864, 0.9999943760889082, 0.9999946497566344, 0.9999999873308427, 0.9999999999294603, 0.9999999999800206]"
sampleJointGoal_afterNewGoal,session_18_player2,18.0,8,2,equal_to_both,8,"[0.5, 0.49974752242140125, 0.9992216483194029, 0.9992110508082066, 0.9999995253096945, 0.9999999993496755, 0.9999999999980622, 0.9999999999999877]"
sampleJointGoal_afterNewGoal,session_18_player1,18.0,9,1,closer_to_player2,9,"[0.5, 0.9832026593055815, 0.999554806189755, 0.999983116318189, 0.9999990920525904, 0.9999993824164897, 0.9999995450890428, 0.9999999770581557, 0.9999999896727735]"
sampleJointGoal_afterNewGoal,session_18_player2,18.0,9,2,closer_to_player2,11,"[0.5, 0.9982798756742324, 0.9982777895231851, 0.9999969713070725, 0.9999999894583633, 0.9999999999324536, 0.9999999999365462, 0.9999999999638401, 0.9999999999991832, 0.9999999999999964, 1.0]"
sampleJointGoal_afterNewGoal,session_18_player1,18.0,10,1,equal_to_both,10,"[0.5, 0.4999837091927315, 0.4999707914564391, 0.49972091427657933, 0.9992215667417561, 0.9999986917250163, 0.9999986883471452, 0.9999982408549176, 0.9999999990372352, 0.9999999999988598]"
sampleJointGoal_afterNewGoal,session_18_player2,18.0,10,2,equal_to_both,10,"[0.5, 0.9928569843962844, 0.9938491472853958, 0.9939586064451823, 0.9939906351217541, 0.9999893994219736, 0.9999999628671336, 0.9999999720983433, 0.9999999998446467, 0.9999999999559989]"
sampleJointGoal_afterNewGoal,session_18_player1,18.0,11,1,equal_to_both,9,"[0.5, 0.9966366882579084, 0.996658985870105, 0.9967200251264752, 0.996931131098459, 0.9999977126461689, 0.999999996207353, 0.9999999999872577, 0.9999999999999204]"
sampleJointGoal_afterNewGoal,session_18_player2,18.0,11,2,equal_to_both,9,"[0.5, 0.5000004421555605, 0.9983014238048699, 0.99999421525196, 0.999994425295519, 0.9999951791628298, 0.9999999920065801, 0.9999999999731443, 0.9999999999998322]"
sampleJointGoal_afterNewGoal,session_19_player1,19.0,1,1,equal_to_both,10,"[0.5, 0.99384836386117, 0.9999345110212177, 0.9999356347108237, 0.9999362983291373, 0.999999607501462, 0.9999999958243921, 0.9999999967965045, 0.9999999974142506, 0.9999999985394905]"
sampleJointGoal_afterNewGoal,session_19_player2,19.0,1,2,equal_to_both,10,"[0.5, 0.5000014078824642, 0.5000011862317382, 0.9982983522542598, 0.9983048921072434, 0.9999970704187857, 0.9999971754191869, 0.9999978003377863, 0.9999999983665234, 0.9999999999972923]"
sampleJointGoal_afterNewGoal,session_19_player1,19.0,2,1,closer_to_player1,7,"[0.5, 0.5207619032958855, 0.5121288873543267, 0.5060940340114967, 0.5002634293612522, 0.541988172922933, 0.6477045964634711]"
sampleJointGoal_afterNewGoal,session_19_player2,19.0,2,2,closer_to_player1,10,"[0.5, 0.5034052049882719, 0.5056594996804423, 0.5064899527850755, 0.5076711881622449, 0.5145510248537921, 0.5727865399717892, 0.5727865399717893, 0.5762762864471648, 0.5783769887806613]"
sampleJointGoal_afterNewGoal,session_19_player1,19.0,3,1,closer_to_player2,9,"[0.5, 0.5063991070506019, 0.508996408100548, 0.9940921053285554, 0.9942432767573516, 0.9943327946443251, 0.9945720986288469, 0.999988858069529, 0.9999999422175782]"
sampleJointGoal_afterNewGoal,session_19_player2,19.0,3,2,closer_to_player2,9,"[0.5, 0.49882962628946487, 0.9998718102659461, 0.9998706391890126, 0.9999999841991122, 0.9999999853175313, 0.9999999999984351, 0.9999999999999996, 1.0]"
sampleJointGoal_afterNewGoal,session_19_player1,19.0,4,1,closer_to_player2,9,"[0.5, 0.5034063478532673, 0.5055985206718737, 0.9940180242971876, 0.9999364861491741, 0.9999380056046556, 0.9999386598837086, 0.9999271627476647, 0.9999998768751611]"
sampleJointGoal_afterNewGoal,session_19_player2,19.0,4,2,closer_to_player2,11,"[0.5, 0.5125696882582197, 0.5122683542356481, 0.5154478981426774, 0.6203053705383148, 0.9999060671463689, 0.9999999842318683, 0.9999999999928366, 0.9999999999999916, 1.0, 1.0]"
sampleJointGoal_afterNewGoal,session_19_player1,19.0,5,1,closer_to_player1,6,"[0.5, 0.5001178413929187, 0.5026227357628618, 0.4972089489188432, 0.4481179885903088, 0.6205076232262059]"
sampleJointGoal_afterNewGoal,session_19_player2,19.0,5,2,closer_to_player1,11,"[0.5, 0.5034056365623615, 0.5055977829478592, 0.5070631936631257, 0.5074293369739702, 0.5099016183978983, 0.5158134787647803, 0.03341945948625948, 0.032727786648683435, 0.038543213575555055, 0.029103262095923864]"
sampleJointGoal_afterNewGoal,session_19_player1,19.0,6,1,equal_to_both,9,"[0.5, 0.4999996322221359, 0.5000075529273633, 0.9992067017069737, 0.9999986302127363, 0.9999999952718683, 0.9999999955164177, 0.9999999969942055, 0.9999999999950174]"
sampleJointGoal_afterNewGoal,session_19_player2,19.0,6,2,equal_to_both,9,"[0.5, 0.5000012391677944, 0.9982982375672778, 0.9983048184780037, 0.9999970702723947, 0.9999971752855742, 0.9999978002341481, 0.9999999983664464, 0.9999999999972922]"
sampleJointGoal_afterNewGoal,session_19_player1,19.0,7,1,equal_to_both,12,"[0.5, 0.9828669790901431, 0.9995382625737947, 0.9995586038933333, 0.9995689560869291, 0.9999926538148155, 0.9999928425779853, 0.9999998782043513, 0.999999882254757, 0.99999988474134, 0.9999998706705574, 0.9999999994443133]"
sampleJointGoal_afterNewGoal,session_19_player2,19.0,7,2,equal_to_both,12,"[0.5, 0.5120843531295588, 0.5135544165600924, 0.9941618967705864, 0.9942100229100402, 0.9942499061817995, 0.9999798773668307, 0.9999998710534496, 0.9999999985642031, 0.9999999989595251, 0.9999999994883627, 0.9999999999931346]"
sampleJointGoal_afterNewGoal,session_19_player1,19.0,10,1,closer_to_player1,2,"[0.5, 0.6003255861745459]"
sampleJointGoal_afterNewGoal,session_19_player2,19.0,10,2,closer_to_player1,9,"[0.5, 0.5045368880402993, 0.5077388723615606, 0.514439068617089, 0.5278790038780767, 0.5311252278188182, 0.5326423633466294, 0.5332695911235853, 0.5334913156590716]"
sampleJointGoal_afterNewGoal,session_19_player1,19.0,11,1,closer_to_player2,16,"[0.5, 0.4801925071239455, 0.3456585274009177, 0.5054558850700709, 0.6671765164743105, 0.7999204702920273, 0.9166317524308526, 0.9999983228755566, 0.9943357153911929, 0.9999998949557647, 0.9999999999969925, 0.9999999999974211, 0.9999999999959733, 0.9999999999999998, 1.0, 1.0]"
sampleJointGoal_afterNewGoal,session_19_player2,19.0,11,2,closer_to_player2,6,"[0.5, 0.9966454212812097, 0.9966886935874486, 0.996699545773282, 0.9999951490657145, 0.9999951654773309]"
sampleJointGoal_afterNewGoal,session_20_player1,20.0,0,1,equal_to_both,11,"[0.5, 0.5000003248515852, 0.500000404179332, 0.9966416152045311, 0.9999792127013942, 0.9999794742884612, 0.9999998704702022, 0.999999877472041, 0.9999999991765329, 0.9999999994356733, 0.9999999999964814]"
sampleJointGoal_afterNewGoal,session_20_player2,20.0,0,2,equal_to_both,11,"[0.5, 0.9893255836952873, 0.9895375102323721, 0.9896202093203315, 0.9999352905226205, 0.99993610992581, 0.999999596792023, 0.9999999955852926, 0.9999999958999819, 0.9999999999485063, 0.999999999969968]"
sampleJointGoal_afterNewGoal,session_20_player1,20.0,1,1,equal_to_both,10,"[0.5, 0.9938462119935297, 0.9938910273764755, 0.9999621274751708, 0.9999996003346688, 0.9999996126138789, 0.99999961924042, 0.9999996223689659, 0.9999999988747107, 0.9999999989270063]"
sampleJointGoal_afterNewGoal,session_20_player2,20.0,1,2,equal_to_both,12,"[0.5, 0.9937365025153423, 0.9938604802682025, 0.9938972268264242, 0.9999793187998934, 0.9999797823666446, 0.9994607071345802, 0.9999966230372718, 0.9999999464649152, 0.9999999737902743, 0.9999999876842509, 0.999999996511737]"
sampleJointGoal_afterNewGoal,session_20_player1,20.0,2,1,closer_to_player1,6,"[0.5, 0.49689311837212846, 0.391628349672328, 0.9993688331737958, 0.9999994465226412, 0.9999999990374601]"
sampleJointGoal_afterNewGoal,session_20_player2,20.0,2,2,closer_to_player1,14,"[0.5, 0.9965916835211622, 0.9965776242621477, 0.9999883916190542, 0.9999999282236506, 0.9999999310624427, 0.9999999331886349, 0.9999999997639172, 0.9999999998340664, 0.9999999999268868, 0.9999999999994784, 0.9999997876115437, 0.9999999995675, 0.9999999999977569]"
sampleJointGoal_afterNewGoal,session_20_player1,20.0,3,1,closer_to_player2,9,"[0.5, 0.5034565444312341, 0.5056479262811207, 0.5071092321943416, 0.5074437403647093, 0.5098492925991264, 0.5040260371712352, 0.5457217650414719, 0.46999107762444975]"
sampleJointGoal_afterNewGoal,session_20_player2,20.0,3,2,closer_to_player2,9,"[0.5, 0.5031692880845826, 0.6086540546712033, 0.9999013370982931, 0.9999999820882527, 0.9999999999905036, 0.9999999999952527, 0.9999999999976271, 0.9999999999988224]"
sampleJointGoal_afterNewGoal,session_20_player1,20.0,5,1,equal_to_both,8,"[0.5, 0.99829031404703, 0.9999940893862829, 0.999999941607611, 0.9999999712112808, 0.9999999863303707, 0.9999999961512602, 0.9999999999839938]"
sampleJointGoal_afterNewGoal,session_20_player2,20.0,5,2,equal_to_both,8,"[0.5, 0.4995090744648171, 0.9992208662782706, 0.9999986916336845, 0.9999986861154468, 0.9999981815604972, 0.9999999992608116, 0.9999999999993522]"
sampleJointGoal_afterNewGoal,session_20_player1,20.0,7,1,closer_to_player1,9,"[0.5, 0.6226302298537256, 0.9996817568576242, 0.9999998576547817, 0.9999999998465013, 0.9999999999996391, 0.9999999999999983, 1.0, 1.0]"
sampleJointGoal_afterNewGoal,session_20_player2,20.0,7,2,closer_to_player1,15,"[0.5, 0.5034379159822661, 0.001744211108752538, 0.22090972254389055, 0.9641368299135759, 0.9646843233572285, 0.9996200106657376, 0.9996237619067533, 0.9994859119244538, 0.999998414413473, 0.7165947156960958, 0.01486993403406632, 0.6462462919565175, 0.6087196611241131, 0.9966023044667032]"
sampleJointGoal_afterNewGoal,session_20_player1,20.0,8,1,closer_to_player1,12,"[0.5, 0.9995096935671571, 0.9994975841650136, 0.9999998262912889, 0.9999998296859887, 0.9999998348365697, 0.999999838672046, 0.9999998411708778, 0.9999998434573847, 0.9999998866148065, 0.9999999999949033, 0.9999999999999999]"
sampleJointGoal_afterNewGoal,session_20_player2,20.0,8,2,closer_to_player1,8,"[0.5, 0.5041616425882636, 0.5075339901221412, 0.49804182995080065, 0.4874778991532971, 0.39957470152046093, 0.5770562858559452, 0.8184293128845891]"
sampleJointGoal_afterNewGoal,session_20_player1,20.0,9,1,closer_to_player2,12,"[0.5, 0.5785983153489712, 0.6578174175646575, 0.7363442921980347, 0.8685397985955404, 0.9999446091295581, 0.9998658681119096, 0.9999999879932876, 0.9999999999979295, 0.9999999999999992, 1.0, 1.0]"
sampleJointGoal_afterNewGoal,session_20_player2,20.0,9,2,closer_to_player2,6,"[0.5, 0.4963786833527718, 0.3897230045452943, 0.9993767056950439, 0.9999994686521259, 0.999999999107296]"
sampleJointGoal_afterNewGoal,session_20_player1,20.0,11,1,closer_to_player2,9,"[0.5, 0.5052076047086594, 0.5066935525938203, 0.5078820849050052, 0.5124523079396327, 0.5108217981461451, 0.4306111775947782, 0.6020682566175185, 0.7530098023787195]"
sampleJointGoal_afterNewGoal,session_20_player2,20.0,11,2,closer_to_player2,9,"[0.5, 0.6226113030307997, 0.4519953634171402, 0.9998139727819976, 0.9997526672608044, 0.9996866167354248, 0.999999995101994, 0.9999999999997374, 0.9999999999998698]"
sampleJointGoal_afterNewGoal,session_21_player1,21.0,0,1,closer_to_player1,9,"[0.5, 0.6230033983774278, 0.9996828855898552, 0.9999998452811036, 0.9999999998741633, 0.9999999999997795, 0.9999999999999993, 1.0, 1.0]"
sampleJointGoal_afterNewGoal,session_21_player2,21.0,0,2,closer_to_player1,9,"[0.5, 0.42119797990642327, 0.5665617392106077, 0.9786004828984648, 0.9699282836207057, 0.9997803068385458, 0.9999980738391246, 0.9999977257197596, 0.9999999873836618]"
sampleJointGoal_afterNewGoal,session_21_player1,21.0,3,1,closer_to_player2,9,"[0.5, 0.5035473829502943, 0.505774003889468, 0.5070332236091015, 0.5043358364259498, 0.4063197269390055, 0.9992008719589744, 0.9999990528041517, 0.9999999977742607]"
sampleJointGoal_afterNewGoal,session_21_player2,21.0,3,2,closer_to_player2,11,"[0.5, 0.998279673695287, 0.9999941680075027, 0.9999941881746441, 0.9999942075928441, 0.9999999898440309, 0.9999999902716824, 0.9999999999771166, 0.9999999999871354, 0.9999999999999631, 0.9999999999999993]"
sampleJointGoal_afterNewGoal,session_21_player1,21.0,5,1,closer_to_player1,6,"[0.5, 0.376560161100005, 0.5471211068967413, 0.7073130505538088, 0.8286073589326098, 0.9068503778248937]"
sampleJointGoal_afterNewGoal,session_21_player2,21.0,5,2,closer_to_player1,11,"[0.5, 0.5034548841791626, 0.5056470266552497, 0.5068657182425079, 0.5036483708891064, 0.5788463767457915, 0.6377271731251962, 0.6759231899647, 0.609306632867753, 2.4835332183508969e-29, 3.730357710170399e-29]"
sampleJointGoal_afterNewGoal,session_21_player1,21.0,7,1,closer_to_player2,11,"[0.5, 0.5035084577470065, 0.5063312860720821, 0.5023999041450536, 0.497261314688663, 0.5041445178894814, 0.5625671235947105, 0.5660771066969442, 0.5660771066969442, 0.5681904849298852, 0.5681904849298852]"
sampleJointGoal_afterNewGoal,session_21_player2,21.0,7,2,closer_to_player2,6,"[0.5, 0.5000737090152877, 0.49842901469312767, 0.4184980280470075, 0.5901307912762058, 0.7436725912976075]"
sampleJointGoal_afterNewGoal,session_21_player1,21.0,8,1,equal_to_both,7,"[0.5, 0.5059223305705207, 0.6251728400725635, 0.9995151305601652, 0.9999998890318244, 0.9999999999392682, 0.9999999999999281]"
sampleJointGoal_afterNewGoal,session_21_player2,21.0,8,2,equal_to_both,7,"[0.5, 0.9992224336825252, 0.9999986931793381, 0.9999986898064512, 0.9999999982050367, 0.9999999979358218, 0.9999999999975554]"
sampleJointGoal_afterNewGoal,session_21_player1,21.0,9,1,closer_to_player1,9,"[0.5, 0.622242808083051, 0.999874409041013, 0.9999999266383911, 0.999999999892654, 0.9999999999996465, 0.9999999999999942, 1.0, 1.0]"
sampleJointGoal_afterNewGoal,session_21_player2,21.0,9,2,closer_to_player1,10,"[0.5, 0.9832244291798221, 0.9995560905880596, 0.9999831830707925, 0.9999990892905649, 0.9999993783049047, 0.9999999456291631, 0.9999999456291631, 0.9999999751242469, 0.9999999885035694]"
sampleJointGoal_afterNewGoal,session_21_player1,21.0,11,1,closer_to_player2,13,"[0.5, 0.631366631808362, 0.46023035557273706, 0.29831851086831823, 0.17495792734328144, 0.8236633301151114, 0.868976594308483, 0.7641269092478091, 0.9999984212440184, 0.9999999999814584, 0.9999999999999993, 0.9999999999999992, 1.0]"
sampleJointGoal_afterNewGoal,session_21_player2,21.0,11,2,closer_to_player2,3,"[0.5, 0.5388952892101496, 0.5442115045833398]"
sampleJointGoal_afterNewGoal,session_22_player1,22.0,3,1,equal_to_both,12,"[0.5, 0.9811855241947887, 0.9994521570018309, 0.9995555495929384, 0.9995755253215051, 0.9995831453868538, 0.9999955855456015, 0.9999957448155138, 0.9999999526190846, 0.9999999987325086, 0.9999999994277081, 0.9999999998349559]"
sampleJointGoal_afterNewGoal,session_22_player2,22.0,3,2,equal_to_both,12,"[0.5, 0.49874426813012307, 0.9894018498363687, 0.9895187337011684, 0.9998879963455398, 0.9998897176264214, 0.9998907623163024, 0.9999993364980144, 0.999999340884708, 0.9999999966910195, 0.9999999999685567, 0.999999999999395]"
sampleJointGoal_afterNewGoal,session_22_player1,22.0,5,1,equal_to_both,10,"[0.5, 0.9938462078868363, 0.9938910271340863, 0.9939180966710952, 0.9999794384326567, 0.9999998734722289, 0.9999999986569104, 0.9999999989543119, 0.9999999999868585, 0.9999999999935671]"
sampleJointGoal_afterNewGoal,session_22_player2,22.0,5,2,equal_to_both,12,"[0.5, 0.50126553990233, 0.5013394478351575, 0.998303779807692, 0.9999942771021135, 0.9999999641831614, 0.9999999734519592, 0.9999999800497259, 0.9999999998889204, 0.999999739905851, 0.9999998777837398, 0.9999999653839569]"
sampleJointGoal_afterNewGoal,session_22_player1,22.0,6,1,closer_to_player2,12,"[0.5, 0.9965972822137364, 0.9965933271023069, 0.9965977000303841, 0.9999939914191591, 0.9999999783905816, 0.9999999997605273, 0.9999999998873896, 0.9999999999681773, 0.9999999999997393, 0.9999999999999988, 1.0]"
sampleJointGoal_afterNewGoal,session_22_player2,22.0,6,2,closer_to_player2,8,"[0.5, 0.00047163054326675993, 0.0002641537872060245, 0.3985917745491319, 0.9987155497546748, 0.9999978385911467, 0.9999999933457487, 0.9999999999648852]"
sampleJointGoal_afterNewGoal,session_22_player1,22.0,7,1,closer_to_player1,8,"[0.5, 0.5909973477671813, 0.6736777776215386, 0.7428984675032745, 0.7961808245238332, 0.7388371936939935, 0.8498445311141819, 0.9193851076821361]"
sampleJointGoal_afterNewGoal,session_22_player2,22.0,7,2,closer_to_player1,9,"[0.5, 0.5030324699663192, 0.5130748152156581, 0.5202882264252536, 0.5248489671710955, 0.5272487079397153, 0.5335844541246455, 0.6155541886830385, 0.6175893820890137]"
sampleJointGoal_afterNewGoal,session_22_player1,22.0,8,1,closer_to_player2,9,"[0.5, 0.503457007892737, 0.989694953725714, 0.999822759389743, 0.9998297682060001, 0.9998337841147742, 0.9999982431201108, 0.9999985120843441, 0.9999985954181849]"
sampleJointGoal_afterNewGoal,session_22_player2,22.0,8,2,closer_to_player2,17,"[0.5, 0.4958896428025593, 0.8845832684864864, 0.8828939876584144, 0.8823287994937297, 0.9999540472940583, 0.9999550571131132, 0.9999999799109018, 0.9999999309364915, 0.9999999331739622, 0.9999999999279648, 0.9999999999998307, 0.9999999999999991, 0.9999999999999997, 0.9999999997832875, 0.9999999999993844, 0.9999999999999958]"
sampleJointGoal_afterNewGoal,session_22_player1,22.0,11,1,closer_to_player1,9,"[0.5, 0.4959055764979534, 0.49403287637819826, 0.4939756830447728, 0.5382647509027785, 0.999996606797118, 0.9999999998714826, 0.9999999999999853, 1.0]"
sampleJointGoal_afterNewGoal,session_22_player2,22.0,11,2,closer_to_player1,9,"[0.5, 0.5044811596387792, 0.5196743796486495, 0.6551595595733333, 0.9906447820835322, 0.9997382211774588, 0.9998339759962291, 0.9998933830279401, 0.9999311338171282]"
sampleJointGoal_afterNewGoal,session_23_player1,23.0,0,1,equal_to_both,12,"[0.5, 0.982978771507495, 0.9832506841045526, 0.9997085895543794, 0.9999923990893379, 0.9999926818681752, 0.999999809566153, 0.9999998195325801, 0.999999995256143, 0.9999999964419307, 0.999999997194659, 0.9999999999345228]"
sampleJointGoal_afterNewGoal,session_23_player2,23.0,0,2,equal_to_both,12,"[0.5, 0.49986312469269134, 0.49984509051056547, 0.9938370172777282, 0.9999343044594505, 0.9999354141938284, 0.9999362320310937, 0.9999385453735298, 0.9999997864841303, 0.9999999985650337, 0.9999999999819777, 0.9999999999894891]"
sampleJointGoal_afterNewGoal,session_23_player1,23.0,1,1,closer_to_player1,6,"[0.5, 0.9975995999663192, 0.9999890347739347, 0.9999999093921624, 0.9999999986742085, 0.9999999987104343]"
sampleJointGoal_afterNewGoal,session_23_player2,23.0,1,2,closer_to_player1,12,"[0.5, 0.4966079681494266, 0.49466542691722554, 0.4994687353334756, 0.6229446904338307, 0.9996811388528312, 0.9999998441923453, 0.9999999998753236, 0.9999999999997833, 0.9999999999999992, 1.0, 1.0]"
sampleJointGoal_afterNewGoal,session_23_player1,23.0,2,1,closer_to_player1,9,"[0.5, 0.6226181334175034, 0.9996817537026415, 0.9999998408881542, 0.9999998833180933, 0.9999999999381373, 0.999999999969075, 0.9999999999845421, 0.9999999999923287]"
sampleJointGoal_afterNewGoal,session_23_player2,23.0,2,2,closer_to_player1,9,"[0.5, 0.5028347458555446, 0.5044811512935116, 0.5063462078791293, 0.513400905722269, 0.49843818132629036, 0.5569422688268886, 0.5604621238488451, 0.5625817177122666]"
sampleJointGoal_afterNewGoal,session_23_player1,23.0,4,1,closer_to_player2,14,"[0.5, 0.4965620809217263, 0.49458207456752035, 0.49926741880587683, 0.6219225193898593, 0.9996808100500612, 0.9999998404159401, 0.9999999997845259, 0.9999999992985047, 0.9999999994988052, 0.9999999992303205, 0.99999999961524, 0.9999999998076778, 0.9999999999045567]"
sampleJointGoal_afterNewGoal,session_23_player2,23.0,4,2,closer_to_player2,6,"[0.5, 0.5832718612731154, 0.47682662990521363, 0.6457922528354794, 0.7848306444307234, 0.880237564556163]"
sampleJointGoal_afterNewGoal,session_23_player1,23.0,6,1,closer_to_player1,9,"[0.5, 0.5032199709380164, 0.6096667240364434, 0.4384603512095579, 0.999952534548461, 0.9999999972591591, 0.9999999999995002, 0.9999999999997502, 0.999999999999876]"
sampleJointGoal_afterNewGoal,session_23_player2,23.0,6,2,closer_to_player1,9,"[0.5, 0.5033991647734822, 0.5053666589406494, 0.5005783884634363, 0.5841968611597195, 0.6555378454747981, 0.578403915950238, 0.7329505486771428, 0.8467877058922351]"
sampleJointGoal_afterNewGoal,session_23_player1,23.0,7,1,equal_to_both,2,"[0.5, 0.3337463543179937]"
sampleJointGoal_afterNewGoal,session_23_player2,23.0,7,2,equal_to_both,2,"[0.5, 0.35415182306924187]"
sampleJointGoal_afterNewGoal,session_23_player1,23.0,9,1,closer_to_player2,18,"[0.5, 0.49659684467462856, 0.9982558946953456, 0.7790995173293505, 0.9995115609326551, 0.9999983456553867, 0.9999983570901808, 0.9999999942704031, 0.9999999999623741, 0.9999999999993133, 0.9999999999996809, 0.9999999999999085, 0.9999999999999987, 0.9999999999972136, 0.9999999999954478, 0.9999993440210734, 0.9999999904092837, 0.9999999999214335]"
sampleJointGoal_afterNewGoal,session_23_player2,23.0,9,2,closer_to_player2,6,"[0.5, 0.9975978028772927, 0.9963321907290114, 0.999993807070574, 0.999999980911014, 0.999999999899114]"
sampleJointGoal_afterNewGoal,session_24_player1,24.0,0,1,closer_to_player2,14,"[0.5, 0.4955104031644159, 0.5054451123105763, 0.515225021603017, 0.5006229814233201, 0.3603979675945248, 0.5286644985808855, 0.7279137222390833, 0.9999986883743122, 0.9905863153730257, 0.9999999755431439, 0.9999999999997067, 1.0, 1.0]"
sampleJointGoal_afterNewGoal,session_24_player2,24.0,0,2,closer_to_player2,6,"[0.5, 0.5039275970426143, 0.5057439378025788, 0.5057557295059982, 0.46027971165711273, 0.9999229096509]"
sampleJointGoal_afterNewGoal,session_24_player1,24.0,1,1,equal_to_both,2,"[0.5, 0.9999929312137503]"
sampleJointGoal_afterNewGoal,session_24_player2,24.0,1,2,equal_to_both,2,"[0.5, 0.9999982418838748]"
sampleJointGoal_afterNewGoal,session_24_player1,24.0,3,1,closer_to_player2,9,"[0.5, 0.9831482121616506, 0.9835636502225341, 0.9838292524305002, 0.9839894694916818, 0.9839714440216175, 0.9999570773754816, 0.9999997685415555, 0.9999999966468165]"
sampleJointGoal_afterNewGoal,session_24_player2,24.0,3,2,closer_to_player2,9,"[0.5, 0.9996442520184717, 0.9996682650785502, 0.9998044378116975, 0.999999899094296, 0.9999999999511568, 0.9999999999999603, 1.0, 1.0]"
sampleJointGoal_afterNewGoal,session_24_player1,24.0,4,1,closer_to_player1,11,"[0.5, 0.0024045902487431336, 0.9306338298344226, 0.999974184556857, 0.9999999800413505, 0.9999999999667325, 0.9999999999998863, 0.999999999999999, 1.0, 1.0, 1.0]"
sampleJointGoal_afterNewGoal,session_24_player2,24.0,4,2,closer_to_player1,11,"[0.5, 0.9832483077235284, 0.09318455589904052, 0.8577840199440656, 0.9957072894621671, 0.9998370031977645, 0.9998455234935802, 0.9999941941774966, 0.9999945007421424, 0.9999998185415412, 0.9999999881118514]"
sampleJointGoal_afterNewGoal,session_24_player1,24.0,6,1,closer_to_player1,6,"[0.5, 0.3765680907448356, 0.5471295933355076, 0.7073201837069737, 0.8286122632380677, 0.906853299516915]"
sampleJointGoal_afterNewGoal,session_24_player2,24.0,6,2,closer_to_player1,12,"[0.5, 0.49546403436761033, 0.49388773786654044, 0.4930187289195245, 0.49265282802335986, 0.49435254587599764, 0.5755803913733795, 0.9999726708755069, 0.9999652922545526, 0.9999594972332464, 0.9999999998767114, 0.99999999989647]"
sampleJointGoal_afterNewGoal,session_24_player1,24.0,7,1,closer_to_player1,9,"[0.5, 0.6226185280922694, 0.9996817543342025, 0.9995660790459413, 0.9994231273695638, 0.9999999667300461, 0.9999999999939546, 0.9999999999969782, 0.9999999999985004]"
sampleJointGoal_afterNewGoal,session_24_player2,24.0,7,2,closer_to_player1,9,"[0.5, 0.5034052050305252, 0.5055965909546706, 0.5068217691937815, 0.5113903051781437, 0.5097601640770202, 0.5705123278830689, 0.5226377429646832, 0.6881001371773067]"
sampleJointGoal_afterNewGoal,session_24_player1,24.0,9,1,closer_to_player2,17,"[0.5, 0.010437323696875922, 0.010273735227220903, 0.9675934894163573, 0.9681760698847047, 0.9999849145618267, 0.9999912699156566, 0.9999999867869684, 0.9999999999857516, 0.9999998449963664, 0.9999999998136232, 0.999999999999758, 0.9999999959498856, 0.9999999999894216, 0.9999999999999711, 0.9999999999999998, 1.0]"
sampleJointGoal_afterNewGoal,session_24_player2,24.0,9,2,closer_to_player2,5,"[0.5, 0.9987030583359774, 0.9999964601444141, 0.9999999726867346, 0.9999999998556484]"
sampleJointGoal_afterNewGoal,session_24_player1,24.0,10,1,equal_to_both,4,"[0.5, 0.7336238730999587, 0.9999932789707432, 0.9999999998065018]"
sampleJointGoal_afterNewGoal,session_24_player2,24.0,10,2,equal_to_both,4,"[0.5, 0.7342007720344252, 0.9999933354081926, 0.9999999998091577]"
sampleJointGoal_afterNewGoal,session_24_player1,24.0,11,1,equal_to_both,6,"[0.5, 0.6663395351550868, 0.8008221563059219, 0.9174046096810461, 0.9999983403053697, 0.999999999951383]"
sampleJointGoal_afterNewGoal,session_24_player2,24.0,11,2,equal_to_both,6,"[0.5, 0.33366291362155476, 0.9989592233910276, 0.9999994699984931, 0.9999999990923281, 0.9999999994493354]"
sampleJointGoal_afterNewGoal,session_25_player1,25.0,0,1,closer_to_player1,6,"[0.5, 0.5832697833302344, 0.6542350593177775, 0.5781187857632146, 0.73272725791254, 0.8467251157025406]"
sampleJointGoal_afterNewGoal,session_25_player2,25.0,0,2,closer_to_player1,9,"[0.5, 0.5035278621744455, 0.5057097432743656, 0.5069343228901977, 0.503815859509478, 0.3980253474823052, 0.5694615614079753, 0.7257375613396708, 0.8420741262558736]"
sampleJointGoal_afterNewGoal,session_25_player1,25.0,1,1,closer_to_player1,4,"[0.5, 0.5615561826567892, 0.5125887795489531, 0.6792543197804878]"
sampleJointGoal_afterNewGoal,session_25_player2,25.0,1,2,closer_to_player1,9,"[0.5, 0.5035047977025063, 0.5062692356726101, 0.5029340184649507, 0.5093232841160173, 0.5382808709891193, 0.5397942778409148, 0.5404201817960693, 0.5406414354478449]"
sampleJointGoal_afterNewGoal,session_25_player1,25.0,3,1,equal_to_both,12,"[0.5, 0.5000267724389522, 0.5000285381209846, 0.5000286871544958, 0.5000291504148622, 0.9983016180791854, 0.9983326166488141, 0.9999971643609115, 0.9999975478269598, 0.9999999959340699, 0.9999999999863395, 0.9999999999999146]"
sampleJointGoal_afterNewGoal,session_25_player2,25.0,3,2,equal_to_both,12,"[0.5, 0.9827983842544424, 0.9995348145322303, 0.9995579099404865, 0.9995685234336575, 0.9999926450543775, 0.9999998085606446, 0.9999998187076845, 0.9999999952201617, 0.9999999964371382, 0.9999999998752065, 0.9999999999453266]"
sampleJointGoal_afterNewGoal,session_25_player1,25.0,5,1,closer_to_player2,8,"[0.5, 0.5041093541814907, 0.5064211550454233, 0.503895211933586, 0.5794975135281178, 0.49846170449413274, 0.6655491365940864, 0.8015752174699649]"
sampleJointGoal_afterNewGoal,session_25_player2,25.0,5,2,closer_to_player2,4,"[0.5, 0.6670023955237012, 0.8004217054119122, 0.8906089864944691]"
sampleJointGoal_afterNewGoal,session_25_player1,25.0,6,1,closer_to_player1,9,"[0.5, 0.4163651128711683, 0.5238115793159146, 0.3547999988775057, 0.2156115824787934, 0.9999744520056306, 0.9999999995998263, 0.9999999996570841, 0.9999999999999948]"
sampleJointGoal_afterNewGoal,session_25_player2,25.0,6,2,closer_to_player1,9,"[0.5, 0.5045359656323897, 0.5077370828545674, 0.5042715055677598, 0.5106669622181518, 0.5396232356687422, 0.5411366350669431, 0.5417622705753328, 0.541983425778499]"
sampleJointGoal_afterNewGoal,session_25_player1,25.0,9,1,closer_to_player2,9,"[0.5, 0.5034031554013848, 0.9897023419878501, 0.9998230182166041, 0.9999953953282796, 0.9999998219631185, 0.9999999837844618, 0.9999999924376335, 0.9999999964211876]"
sampleJointGoal_afterNewGoal,session_25_player2,25.0,9,2,closer_to_player2,9,"[0.5, 0.9995412619503834, 0.9999994968052502, 0.9999999988066797, 0.9999999993393036, 0.9999999999945564, 0.9999999999999718, 0.9999999999999998, 1.0]"
sampleJointGoal_afterNewGoal,session_25_player1,25.0,10,1,equal_to_both,15,"[0.5, 0.4999995384191024, 0.500000849163315, 0.9966410615110047, 0.9966562023219365, 0.9999887102292861, 0.9999888029405762, 0.9999891961720996, 0.9999915271142202, 0.5125712613440974, 0.9997159448469822, 0.9999997889944083, 0.9997523531249283, 0.9999990048924545, 0.9999999914925938]"
sampleJointGoal_afterNewGoal,session_25_player2,25.0,10,2,equal_to_both,11,"[0.5, 0.9883644188101147, 0.989261721185122, 0.9894273160824765, 0.9894800527559118, 0.9999642204689623, 0.9999997793306346, 0.9999999976509185, 0.9999999981784916, 0.9999999999761504, 0.9999999999889221]"
sampleJointGoal_afterNewGoal,session_25_player1,25.0,11,1,closer_to_player2,12,"[0.5, 0.5065548219711243, 0.6424858957503287, 0.4734693553225718, 0.9983132992301732, 0.999997930961205, 0.9999984991766901, 0.9999988993968008, 0.9999991722500965, 0.9999999998495908, 0.999999999924818, 0.9999999999626896]"
sampleJointGoal_afterNewGoal,session_25_player2,25.0,11,2,closer_to_player2,4,"[0.5, 0.5609198679085193, 0.6016131292818282, 0.7011555066687799]"
sampleJointGoal_afterNewGoal,session_26_player1,26.0,0,1,closer_to_player1,9,"[0.5, 0.4992370556432752, 0.9998680784430235, 0.9999999545967436, 0.9999999556993294, 0.9999999730454142, 0.9999999999954976, 0.9999999999999919, 1.0]"
sampleJointGoal_afterNewGoal,session_26_player2,26.0,0,2,closer_to_player1,9,"[0.5, 0.9814480797148076, 0.9847102030391792, 0.9854610170020925, 0.9858343642279931, 0.986020192765218, 0.9999520653981273, 0.9999995728009489, 0.9999997857559951]"
sampleJointGoal_afterNewGoal,session_26_player1,26.0,1,1,closer_to_player1,6,"[0.5, 0.9975995999663192, 0.9999890347739347, 0.9999850150525984, 0.9999999539450756, 0.9999999997574442]"
sampleJointGoal_afterNewGoal,session_26_player2,26.0,1,2,closer_to_player1,12,"[0.5, 0.9965970692748984, 0.9965931864480123, 0.9999884129178856, 0.999999925472206, 0.9999999485988705, 0.9999999656763228, 0.9999999997336061, 0.9999999999247196, 0.9999999999993833, 0.999999999999997, 1.0]"
sampleJointGoal_afterNewGoal,session_26_player1,26.0,2,1,closer_to_player2,12,"[0.5, 0.4935997572269023, 0.9982345269181724, 0.9999940186324002, 0.9999940365035865, 0.9999940465889345, 0.9999940553488256, 0.9999999952386105, 0.9999999999917127, 0.9999999999920638, 0.9999999999946407, 0.999999999999996]"
sampleJointGoal_afterNewGoal,session_26_player2,26.0,2,2,closer_to_player2,6,"[0.5, 0.5011705684256811, 0.5078904790665784, 0.5639351888377492, 0.9997690422172382, 0.999999828451258]"
sampleJointGoal_afterNewGoal,session_26_player1,26.0,3,1,closer_to_player2,8,"[0.5, 0.5100439381771336, 0.5053595282374533, 0.3824392167919854, 0.55330930957269, 0.7124688753286496, 0.8321376322256137, 0.9090005897644735]"
sampleJointGoal_afterNewGoal,session_26_player2,26.0,3,2,closer_to_player2,8,"[0.5, 0.5016463984282888, 0.5815756962944362, 0.4099424057172737, 0.25638504958365654, 1.0, 1.0, 1.0]"
sampleJointGoal_afterNewGoal,session_26_player1,26.0,6,1,equal_to_both,11,"[0.5, 0.5000005878142516, 0.9938486739464638, 0.9999345464454027, 0.9999988838792044, 0.9999989358499425, 0.9999999816261895, 0.999999986552916, 0.9999999895715694, 0.9999999915273693, 0.9999999951813062]"
sampleJointGoal_afterNewGoal,session_26_player2,26.0,6,2,equal_to_both,11,"[0.5, 0.4996144438233121, 0.9937541704585038, 0.9999323750911957, 0.9999988249156869, 0.9999999681731674, 0.9999999980490851, 0.9999999991083228, 0.999999999572966, 0.9999999997931924, 0.9999999999039398]"
sampleJointGoal_afterNewGoal,session_26_player1,26.0,7,1,closer_to_player2,9,"[0.5, 0.4216031505170439, 0.34250267574014365, 0.4850177891086322, 0.9831756664474522, 0.9998366596335374, 0.9999980683578502, 0.999999934538062, 0.9999999632068821]"
sampleJointGoal_afterNewGoal,session_26_player2,26.0,7,2,closer_to_player2,9,"[0.5, 0.5035226982993866, 0.9998315940363698, 0.9999005458956747, 0.9999999486633587, 0.9999999999763444, 0.9999999999999643, 1.0, 1.0]"
sampleJointGoal_afterNewGoal,session_26_player1,26.0,10,1,equal_to_both,9,"[0.5, 0.9966410389872287, 0.9966559547989277, 0.9966631598042056, 0.9966178440681684, 0.9949133481638011, 0.999998830475633, 0.9999999993599299, 0.9999999999992419]"
sampleJointGoal_afterNewGoal,session_26_player2,26.0,10,2,equal_to_both,9,"[0.5, 0.5013562225373162, 0.5016862430001306, 0.5076125893223943, 0.6267564157157108, 0.9995183974215857, 0.9999998897798517, 0.9999999999396776, 0.9999999999999286]"
sampleJointGoal_afterNewGoal,session_27_player1,27.0,1,1,closer_to_player2,9,"[0.5, 0.504100598761537, 0.9897067592301582, 0.9900925420446232, 0.9903310107642317, 0.9999394952357776, 0.999952570594541, 0.9999592206794394, 0.9999998628448735]"
sampleJointGoal_afterNewGoal,session_27_player2,27.0,1,2,closer_to_player2,9,"[0.5, 0.49924422714866995, 0.5006275529623906, 0.9999446277778432, 0.9999639920689432, 0.9999999976271531, 0.9999999999987566, 0.9999999999999994, 1.0]"
sampleJointGoal_afterNewGoal,session_27_player1,27.0,3,1,closer_to_player1,8,"[0.5, 0.5101830257525356, 0.5174955812926275, 0.5143315241158687, 0.58876072559487, 0.509045617510552, 0.6747251027303723, 0.8069439902672736]"
sampleJointGoal_afterNewGoal,session_27_player2,27.0,3,2,closer_to_player1,9,"[0.5, 0.5035084577470065, 0.5051560200808407, 0.5070207862138031, 0.5018826035162072, 0.508765039918256, 0.48142737249822826, 0.43558135092613615, 0.36292429980488866]"
sampleJointGoal_afterNewGoal,session_27_player1,27.0,4,1,closer_to_player2,14,"[0.5, 0.4961446245870553, 0.493655307311306, 0.49164543389973603, 0.4997736584551736, 0.490061054132489, 0.3677774428453626, 0.9815046371952725, 0.969809261769849, 0.9821129436558108, 0.990951147340313, 1.0, 1.0, 1.0]"
sampleJointGoal_afterNewGoal,session_27_player2,27.0,4,2,closer_to_player2,4,"[0.5, 0.5613569632819784, 0.599091946373713, 0.9999115711198463]"
sampleJointGoal_afterNewGoal,session_27_player1,27.0,5,1,equal_to_both,13,"[0.5, 0.0033573281367761322, 2.075843713428901e-05, 0.02513516529920289, 0.025022461358048084, 0.9698057029086414, 0.9698343963631939, 0.9999747053846364, 0.9999999556528238, 0.9999999998446849, 0.9999999999986475, 0.9999999999993645, 0.99999999999982]"
sampleJointGoal_afterNewGoal,session_27_player2,27.0,5,2,equal_to_both,11,"[0.5, 0.9966409879179745, 0.9999792329354767, 0.9999794436128474, 0.9999795640883824, 0.9999999317536487, 0.9999999323144012, 0.9999999997983062, 0.9999999999987113, 4.4406838991484996e-20, 9.071804675563787e-20]"
sampleJointGoal_afterNewGoal,session_27_player1,27.0,8,1,equal_to_both,9,"[0.5, 0.9966410389873923, 0.9966559547990226, 0.9966631598034915, 0.999994377563193, 0.9999943630465218, 0.999992439916983, 0.9999999958624084, 0.9999999999950999]"
sampleJointGoal_afterNewGoal,session_27_player2,27.0,8,2,equal_to_both,9,"[0.5, 0.501364608387687, 0.5016967818698619, 0.5076235456686639, 0.6267667416679441, 0.9995184187010999, 0.9999998897847242, 0.9999999999396803, 0.9999999999999286]"
sampleJointGoal_afterNewGoal,session_27_player1,27.0,9,1,closer_to_player1,9,"[0.5, 0.9996545246551645, 0.9999997155871898, 0.9999999991621877, 0.9999999999985918, 0.9999999999999957, 1.0, 1.0, 1.0]"
sampleJointGoal_afterNewGoal,session_27_player2,27.0,9,2,closer_to_player1,9,"[0.5, 0.5029823458713671, 0.4970686647076338, 0.9956399231931117, 0.9999669420120927, 0.9999995837355699, 0.9999999915214949, 0.9999999902533635, 0.9999999998720037]"
sampleJointGoal_afterNewGoal,session_27_player1,27.0,10,1,closer_to_player1,7,"[0.5, 0.999908858410842, 0.9999999919300536, 0.999999999998596, 0.9999999999999994, 1.0, 1.0]"
sampleJointGoal_afterNewGoal,session_27_player2,27.0,10,2,closer_to_player1,9,"[0.5, 0.4213966515148832, 0.34216791438373656, 0.4851779373138729, 0.32109993302143947, 0.13393804209661045, 0.9879152751926625, 0.9999841274903193, 0.9999999721472549]"
sampleJointGoal_afterNewGoal,session_27_player1,27.0,11,1,closer_to_player2,14,"[0.5, 0.5079278073553172, 0.9982988760889275, 0.9999940893872913, 0.9999944057251111, 0.9999999804858417, 0.9999999997912493, 0.999999999897053, 0.9999999999511474, 0.9999999999862647, 0.9999999935721962, 0.9999999981927719, 0.9999999999925013, 0.9999999999999806]"
sampleJointGoal_afterNewGoal,session_27_player2,27.0,11,2,closer_to_player2,6,"[0.5, 0.49687997744003887, 0.9987233305534247, 0.9982432504916129, 0.999998499472972, 0.9999999974761499]"
sampleJointGoal_afterNewGoal,session_28_player1,28.0,1,1,closer_to_player1,5,"[0.5, 0.9999929311390139, 0.9999999999136355, 0.9999999999999958, 1.0]"
sampleJointGoal_afterNewGoal,session_28_player2,28.0,1,2,closer_to_player1,9,"[0.5, 0.5029771416801061, 0.49696564036561713, 0.3640898337232375, 0.5342125036162516, 0.696831005852919, 0.8249338926841155, 0.939761993209583, 0.9999831636486872]"
sampleJointGoal_afterNewGoal,session_28_player1,28.0,2,1,equal_to_both,13,"[0.5, 0.010551106658157393, 0.010430280577865898, 0.010354586236111804, 0.010293970523485492, 0.01010804706457922, 0.009464146910314579, 0.9889211450302104, 0.9999966472037892, 0.99999999750868, 0.9999999999958692, 0.9999999999999861, 0.9999999999999999]"
sampleJointGoal_afterNewGoal,session_28_player2,28.0,2,2,equal_to_both,11,"[0.5, 0.9894491334832772, 0.9895701127111599, 0.9896458179494559, 0.999935463073893, 0.9999362756085035, 0.9999995978469596, 0.9999999955966877, 0.9999999959110473, 0.999999999948546, 0.9999999999700414]"
sampleJointGoal_afterNewGoal,session_28_player1,28.0,3,1,equal_to_both,12,"[0.5, 0.4987311526287947, 0.98940144667355, 0.9895181901396451, 0.9895927501430384, 0.9999352629413025, 0.9999993173240981, 0.9999993288399696, 0.9999999929541303, 0.9999999931029274, 0.9999999922609324, 0.9999999999667477]"
sampleJointGoal_afterNewGoal,session_28_player2,28.0,3,2,equal_to_both,14,"[0.5, 0.5120831378596536, 0.011142306334720221, 0.639456630722072, 0.9939252230820442, 0.999893404236369, 0.9998981964821897, 0.9999000245370321, 0.9999013726282726, 0.9999064125736568, 0.999947001048023, 0.9999993924638746, 0.9999999985754828, 0.9999999999938793]"
sampleJointGoal_afterNewGoal,session_28_player1,28.0,4,1,closer_to_player1,7,"[0.5, 0.9999039520154042, 0.9999687238356714, 0.9999999976012596, 0.9999999999997857, 1.0, 1.0]"
sampleJointGoal_afterNewGoal,session_28_player2,28.0,4,2,closer_to_player1,11,"[0.5, 0.003646898666454849, 0.0025920320452851365, 0.001825545377645677, 0.260318373798778, 0.2530152911868418, 0.9897358252923505, 0.9898369796791109, 0.9898479370404452, 0.9999845162908088, 0.9999999201975571]"
sampleJointGoal_afterNewGoal,session_28_player1,28.0,5,1,closer_to_player2,9,"[0.5, 0.5034549006645613, 0.5056470194599709, 0.5071124283708314, 0.5074785690497093, 0.5099508421171591, 0.5158626723798669, 0.4731763322818249, 0.40176938899428666]"
sampleJointGoal_afterNewGoal,session_28_player2,28.0,5,2,closer_to_player2,6,"[0.5, 0.5015793832241057, 0.49612786560656635, 0.49071508024815835, 0.5330628112630841, 0.460518132849469]"
sampleJointGoal_afterNewGoal,session_28_player1,28.0,7,1,closer_to_player2,9,"[0.5, 0.5024433405741877, 0.9896285192641586, 0.9998216937913303, 0.9998262649184133, 0.9998279767743126, 0.9997649010799777, 0.9999992762756088, 0.9999999961261838]"
sampleJointGoal_afterNewGoal,session_28_player2,28.0,7,2,closer_to_player2,9,"[0.5, 0.9998294767540088, 0.9999999219494266, 0.9999999999091502, 0.999999999999841, 0.9999999999999994, 1.0, 1.0, 1.0]"
sampleJointGoal_afterNewGoal,session_28_player1,28.0,9,1,equal_to_both,10,"[0.5, 0.9937275048642799, 0.9938655247987531, 0.9939140436176276, 0.994164160599355, 0.9999863026244287, 0.9999922434506394, 0.9999999798430135, 0.9999999998833121, 0.9999999999984343]"
sampleJointGoal_afterNewGoal,session_28_player2,28.0,9,2,equal_to_both,10,"[0.5, 0.4999831128314735, 0.49957567371199396, 0.9983444597987396, 0.9999945470881169, 0.9999945076490326, 0.9999999858452483, 0.9999999814532978, 0.9999999999565128, 0.9999999999998131]"
sampleJointGoal_afterNewGoal,session_28_player1,28.0,10,1,closer_to_player2,12,"[0.5, 0.9965979104963145, 0.996583501149027, 0.9999884074131619, 0.9999884873698056, 0.999988971859899, 0.9999937804080716, 0.9999999907598679, 0.9999999999691438, 0.9999999999997137, 0.9999999999999958, 1.0]"
sampleJointGoal_afterNewGoal,session_28_player2,28.0,10,2,closer_to_player2,6,"[0.5, 0.9975980509113365, 0.9999890198793671, 0.9999850039011052, 0.9999999538096411, 0.9999999997560266]"
sampleJointGoal_afterNewGoal,session_28_player1,28.0,11,1,closer_to_player1,7,"[0.5, 0.4999427984414837, 0.9999845873395158, 0.9999889105727852, 0.9999999998030724, 0.9999999999999843, 1.0]"
sampleJointGoal_afterNewGoal,session_28_player2,28.0,11,2,closer_to_player1,7,"[0.5, 0.36759179321939195, 0.5379677773999787, 0.700010968238672, 0.8270906491343915, 0.9404871278850182, 0.9999825968716426]"
sampleJointGoal_afterNewGoal,session_29_player1,29.0,0,1,closer_to_player2,9,"[0.5, 0.5024307092413233, 0.5035998128974984, 0.49830221013355375, 0.3753929148648968, 0.9985838861124933, 0.9999976201388237, 0.9999999926818579, 0.9999999999608477]"
sampleJointGoal_afterNewGoal,session_29_player2,29.0,0,2,closer_to_player2,9,"[0.5, 0.9994442516954406, 0.9998047154449398, 0.9999997264691985, 0.9999999996885915, 0.9999999999994572, 0.9999999999999981, 1.0, 1.0]"
sampleJointGoal_afterNewGoal,session_29_player1,29.0,1,1,closer_to_player1,6,"[0.5, 0.4967186219400593, 0.390269529398445, 0.5614737456654303, 0.7192138182361388, 0.8376092922293858]"
sampleJointGoal_afterNewGoal,session_29_player2,29.0,1,2,closer_to_player1,9,"[0.5, 0.5034548848019244, 0.505647027319794, 0.5071124344792187, 0.5082601019342262, 0.5145301551818956, 0.563629441674051, 0.5642490973564582, 0.5644681244744457]"
sampleJointGoal_afterNewGoal,session_29_player1,29.0,3,1,closer_to_player2,9,"[0.5, 0.5028347459105197, 0.50448115225101, 0.5063462080682691, 0.5134009031148082, 0.49843817983550415, 0.556942264372234, 0.5604621194215162, 0.5625817132856984]"
sampleJointGoal_afterNewGoal,session_29_player2,29.0,3,2,closer_to_player2,11,"[0.5, 0.4090026522328187, 0.5434867623557283, 0.37316346594042166, 0.2293600921601494, 0.1295117492476331, 0.06922011828772742, 0.9999063760447472, 0.9999999985370317, 0.9999999999999216, 0.9999999999999611]"
sampleJointGoal_afterNewGoal,session_29_player1,29.0,4,1,equal_to_both,11,"[0.5, 0.4998595785180241, 0.49982184999023155, 0.49940118902935315, 0.49129868857770864, 0.9994196568932018, 0.9990422310169915, 0.9999996100714765, 0.9999999996582395, 0.9999999999994056, 0.9999999999999981]"
sampleJointGoal_afterNewGoal,session_29_player2,29.0,4,2,equal_to_both,11,"[0.5, 0.9877740896768505, 0.9899003634510901, 0.9901652278590782, 0.9902531190357908, 0.9999657164015427, 0.9999997761445749, 0.9999999958276261, 0.999999998059088, 0.9999999994386565, 0.999999999991351]"
sampleJointGoal_afterNewGoal,session_29_player1,29.0,6,1,closer_to_player2,9,"[0.5, 0.9831876353895463, 0.9995409224444725, 0.9996830011662159, 0.9999866441851295, 0.9999935660640017, 0.9999968647671867, 0.9999984593107665, 0.9999992398021901]"
sampleJointGoal_afterNewGoal,session_29_player2,29.0,6,2,closer_to_player2,9,"[0.5, 0.49916907621938766, 0.9998680433134554, 0.9999999545830855, 0.9999999999630625, 0.9999999999645357, 0.9999999999999611, 0.999999999999981, 1.0]"
sampleJointGoal_afterNewGoal,session_29_player1,29.0,7,1,equal_to_both,12,"[0.5, 0.9828000174256866, 0.9832179104118539, 0.9997076117269827, 0.9997146304960437, 0.9999951361283435, 0.9999952625075236, 0.9999953607244861, 0.9999956115047498, 0.99999997050635, 0.9999999797878338, 0.999999999873973]"
sampleJointGoal_afterNewGoal,session_29_player2,29.0,7,2,equal_to_both,12,"[0.5, 0.9828001928526259, 0.9832178883974249, 0.999707612239441, 0.999714630161988, 0.9997190770990203, 0.999722612289034, 0.9999982490658583, 0.9999999808293674, 0.9999999996577948, 0.9999999997301904, 0.9999999998426425]"
sampleJointGoal_afterNewGoal,session_29_player1,29.0,9,1,closer_to_player1,9,"[0.5, 0.9995048561504503, 0.9999995949079179, 0.9999999993089356, 0.9999999999976741, 0.9999999999999857, 0.9999999999999998, 1.0, 1.0]"
sampleJointGoal_afterNewGoal,session_29_player2,29.0,9,2,closer_to_player1,9,"[0.5, 0.5020381631642957, 0.49535941055933225, 0.3627474650719992, 0.9970479068895086, 0.9999908873583415, 0.9999999519672791, 0.9999999995912097, 0.9999999999945954]"
sampleJointGoal_afterNewGoal,session_29_player1,29.0,10,1,closer_to_player1,6,"[0.5, 0.49677994212824095, 0.5721346004966592, 0.6313561923939787, 0.6698762252107195, 0.752957276838001]"
sampleJointGoal_afterNewGoal,session_29_player2,29.0,10,2,closer_to_player1,9,"[0.5, 0.503007882252944, 0.5052831547922251, 0.507110578896368, 0.5025632506219193, 0.5088359333971406, 0.4842953213536383, 0.4418372027877451, 0.37182173696893916]"
sampleJointGoal_afterNewGoal,session_29_player1,29.0,11,1,equal_to_both,8,"[0.5, 0.49213263644239424, 0.9994095432433558, 0.9990556888107907, 0.9999994823976049, 0.9999999993869347, 0.9999999999985625, 0.9999999999999938]"
sampleJointGoal_afterNewGoal,session_29_player2,29.0,11,2,equal_to_both,8,"[0.5, 0.5078622757231319, 0.9989642564239298, 0.9994050766893433, 0.9999993449118093, 0.9999999982976321, 0.9999999999667379, 0.9999999999998571]"
sampleJointGoalAndSignal_afterNewGoal,session_0_player1,0.0,1,1,closer_to_player1,9,"[0.5, 0.416362011177266, 0.34497934163402266, 0.4221573652156359, 0.26750008736853365, 0.153511044521272, 1.0, 1.0, 1.0]"
sampleJointGoalAndSignal_afterNewGoal,session_0_player2,0.0,1,2,closer_to_player1,9,"[0.5, 0.5044483641156204, 0.5113487239338083, 0.5133773147628139, 0.5265652366060606, 0.5297679289776143, 0.5312849419846747, 0.5319123833245889, 0.5321341868700094]"
sampleJointGoalAndSignal_afterNewGoal,session_0_player1,0.0,3,1,equal_to_both,11,"[0.5, 0.003353742087235568, 0.0033418237734564437, 0.003408752255021988, 0.8850868831032961, 0.9285948525419544, 0.9998076040196348, 0.9999998946218871, 0.9999999998751868, 0.9999999999997073, 0.9999999999999988]"
sampleJointGoalAndSignal_afterNewGoal,session_0_player2,0.0,3,2,equal_to_both,9,"[0.5, 0.9966464379246422, 0.9966583337253736, 0.9999889748722519, 0.999988895133263, 0.9999999713806497, 0.999999962500611, 0.9999999999120736, 0.9999999999996222]"
sampleJointGoalAndSignal_afterNewGoal,session_0_player1,0.0,4,1,closer_to_player2,12,"[0.5, 0.9965922152747114, 0.9999787202932622, 0.9999997740128073, 0.9999997776678522, 0.9999999976499556, 0.9999999977424041, 0.9999999999757566, 0.9999999999993635, 0.9999999999996915, 0.9999999999998568, 0.9999999999999589]"
sampleJointGoalAndSignal_afterNewGoal,session_0_player2,0.0,4,2,closer_to_player2,9,"[0.5, 0.0001653733310765715, 0.00010242190998323183, 1.5648776218999963e-08, 0.00018333865412080983, 0.44483376345578457, 0.9993173306904314, 0.9999991909819018, 0.9999999981032242]"
sampleJointGoalAndSignal_afterNewGoal,session_0_player1,0.0,5,1,closer_to_player1,3,"[0.5, 0.5734777499641589, 0.5736957674099337]"
sampleJointGoalAndSignal_afterNewGoal,session_0_player2,0.0,5,2,closer_to_player1,9,"[0.5, 0.5034056361640885, 0.5056557066815311, 0.5065326912380471, 0.5076803981289483, 0.5139507746004706, 0.5630588977852914, 0.5636787364746719, 0.5638978287055655]"
sampleJointGoalAndSignal_afterNewGoal,session_0_player1,0.0,6,1,closer_to_player1,9,"[0.5, 0.9996549832043653, 0.9999997189423275, 0.9999999995068327, 0.9999999999982588, 0.9999999999999832, 0.9999999999999921, 0.9999999999999978, 1.0]"
sampleJointGoalAndSignal_afterNewGoal,session_0_player2,0.0,6,2,closer_to_player1,9,"[0.5, 0.9830771097613494, 0.999546914426746, 0.9999822806158758, 0.9999880078215673, 0.9999993129123055, 0.9999996753766203, 0.9999998440030614, 0.9999999241192045]"
sampleJointGoalAndSignal_afterNewGoal,session_0_player1,0.0,7,1,closer_to_player2,12,"[0.5, 0.5783968494829561, 0.4404974089032056, 0.6032624509985857, 0.7517794825427635, 0.9022019441426828, 0.9999916546596073, 0.9999999992530711, 0.9999999999998712, 1.0, 1.0, 1.0]"
sampleJointGoalAndSignal_afterNewGoal,session_0_player2,0.0,7,2,closer_to_player2,4,"[0.5, 0.9991843097847604, 0.9999987948023324, 0.9999999949081461]"
sampleJointGoalAndSignal_afterNewGoal,session_0_player1,0.0,9,1,equal_to_both,10,"[0.5, 0.5001118210642354, 0.5005239064427445, 0.998252782606132, 0.9999939099162167, 0.9999942210837298, 0.999999973089258, 0.9999999847732735, 0.9999999997024901, 0.9999999999987242]"
sampleJointGoalAndSignal_afterNewGoal,session_0_player2,0.0,9,2,equal_to_both,10,"[0.5, 0.9938490106271884, 0.9999345526685325, 0.9999988849893733, 0.9999999709888537, 0.9999999988858562, 0.9999999992180045, 0.9999999994105127, 0.9999999995087909, 0.9999999999912319]"
sampleJointGoalAndSignal_afterNewGoal,session_0_player1,0.0,10,1,closer_to_player2,9,"[0.5, 0.5033940253426091, 0.505336570346631, 0.9941505247152553, 0.9999389326601068, 0.9999989690207532, 0.999998995459104, 0.9999988141367566, 0.9999999937491092]"
sampleJointGoalAndSignal_afterNewGoal,session_0_player2,0.0,10,2,closer_to_player2,9,"[0.5, 0.9995283679257053, 0.9997358461839322, 0.9999998416056208, 0.9999999997606879, 0.9999999999988093, 0.9999999999999903, 1.0, 1.0]"
sampleJointGoalAndSignal_afterNewGoal,session_0_player1,0.0,11,1,equal_to_both,11,"[0.5, 0.9886510412837684, 0.9997940527263807, 0.999994458600632, 0.9999997836743768, 0.9999999879926549, 0.9999999939099424, 0.9999999959203205, 0.9999999997619319, 0.9999999998929566, 0.9999999999531156]"
sampleJointGoalAndSignal_afterNewGoal,session_0_player2,0.0,11,2,equal_to_both,11,"[0.5, 0.9894609058699039, 0.9895748655233835, 0.9998886008163028, 0.9999981019503883, 0.9999981510807702, 0.9999999684319044, 0.9999999696248153, 0.9999999717933314, 0.9999999996450565, 0.9999999997933375]"
sampleJointGoalAndSignal_afterNewGoal,session_1_player1,1.0,0,1,closer_to_player1,9,"[0.5, 0.9996549811884463, 0.9996628953455606, 0.9997960965695768, 0.999999957179114, 0.9999999999347965, 0.9999999999999442, 0.9999999999999998, 1.0]"
sampleJointGoalAndSignal_afterNewGoal,session_1_player2,1.0,0,2,closer_to_player1,9,"[0.5, 0.9830742497650563, 0.9836426657018201, 0.9997165831535946, 0.9999923848732045, 0.9999994263241222, 0.9999997216014402, 0.9999998634622246, 0.9999999329018833]"
sampleJointGoalAndSignal_afterNewGoal,session_1_player1,1.0,2,1,equal_to_both,9,"[0.5, 0.9955021312500496, 0.9999302748483352, 0.999973901590675, 0.9999874672520078, 0.9999963018609659, 0.9999999826923378, 0.99999999995027, 0.9999999999998153]"
sampleJointGoalAndSignal_afterNewGoal,session_1_player2,1.0,2,2,equal_to_both,9,"[0.5, 0.9965056012375519, 0.9999783600172111, 0.9999997717864941, 0.9999999961116818, 0.9999999998955968, 0.9999999999214219, 0.9999999999967287, 0.9999999999983537]"
sampleJointGoalAndSignal_afterNewGoal,session_1_player1,1.0,3,1,closer_to_player2,9,"[0.5, 0.504506287995656, 0.5021916247636797, 0.5093428528801354, 0.5288666341163876, 0.5372371564924774, 0.5428110503481135, 0.5463517267439009, 0.5484845476621207]"
sampleJointGoalAndSignal_afterNewGoal,session_1_player2,1.0,3,2,closer_to_player2,6,"[0.5, 0.5046272932088524, 0.507050781893334, 0.5134157144388152, 0.4672581867950108, 0.5767542026562514]"
sampleJointGoalAndSignal_afterNewGoal,session_1_player1,1.0,5,1,closer_to_player2,9,"[0.5, 0.5034548848745715, 0.5057049513541321, 0.5065819337960908, 0.5069480871195834, 0.5094204487166487, 0.5153325961026142, 0.4726472970554297, 0.5737827737305868]"
sampleJointGoalAndSignal_afterNewGoal,session_1_player2,1.0,5,2,closer_to_player2,6,"[0.5, 0.4967206486310032, 0.3902718187673609, 0.5614760089489476, 0.7192156107930024, 0.8376104696804888]"
sampleJointGoalAndSignal_afterNewGoal,session_1_player1,1.0,6,1,closer_to_player1,9,"[0.5, 0.41636511777451446, 0.5238116114005235, 0.35480003411627986, 0.999932604710906, 0.999999996108255, 0.9999999999992903, 0.9999999999996453, 0.9999999999998239]"
sampleJointGoalAndSignal_afterNewGoal,session_1_player2,1.0,6,2,closer_to_player1,9,"[0.5, 0.5045359656632611, 0.5077370829188783, 0.5144363296766351, 0.5101140651474878, 0.5390735255068541, 0.5405871935147162, 0.5412129430274093, 0.541434138944311]"
sampleJointGoalAndSignal_afterNewGoal,session_1_player1,1.0,7,1,closer_to_player2,9,"[0.5, 0.931827631754204, 0.9970731862136647, 0.9998700377522518, 0.9999821910266663, 0.9999908254614323, 0.9999951239266451, 0.9999973306968336, 0.9999984997068387]"
sampleJointGoalAndSignal_afterNewGoal,session_1_player2,1.0,7,2,closer_to_player2,11,"[0.5, 0.000623908598069253, 9.216600729699548e-07, 0.20728131131516683, 0.9999385603026456, 0.9999999975121209, 0.9999999999992678, 0.9999999999999998, 1.0, 1.0, 1.0]"
sampleJointGoalAndSignal_afterNewGoal,session_1_player1,1.0,8,1,closer_to_player1,9,"[0.5, 0.9995411870758539, 0.9999994961910343, 0.9999997213067815, 0.9999999995798445, 0.9999999999973793, 0.9999999999999833, 0.9999999999999999, 1.0]"
sampleJointGoalAndSignal_afterNewGoal,session_1_player2,1.0,8,2,closer_to_player1,11,"[0.5, 0.9832205212169374, 0.9836235339353743, 0.9997168532775502, 0.9999926378252286, 0.9999929625399925, 0.9999998170403316, 0.9999999916814921, 0.9999561617512205, 0.9999697003298044, 0.9999738505695903]"
sampleJointGoalAndSignal_afterNewGoal,session_1_player1,1.0,9,1,equal_to_both,11,"[0.5, 0.9893255836952863, 0.9895375102323772, 0.9896202093203481, 0.9999352905226203, 0.9999361099258101, 0.999999596792023, 0.9999999955852926, 0.9999999999211939, 0.9999999999974263, 0.9999999999988379]"
sampleJointGoalAndSignal_afterNewGoal,session_1_player2,1.0,9,2,equal_to_both,11,"[0.5, 0.5000000287228106, 0.9938488287511715, 0.9938934619021076, 0.9939293529160652, 0.9999792345355103, 0.9999998689571837, 0.9999998760408096, 0.9999999991669142, 0.9999999999895369, 0.9999999999997558]"
sampleJointGoalAndSignal_afterNewGoal,session_1_player1,1.0,10,1,equal_to_both,9,"[0.5, 0.4995305989984082, 0.9982950928292676, 0.9982987179381659, 0.998274579941943, 0.9999989814118753, 0.999998596744584, 0.9999999994301123, 0.999999999999501]"
sampleJointGoalAndSignal_afterNewGoal,session_1_player2,1.0,10,2,equal_to_both,9,"[0.5, 0.996634045967894, 0.9999784852287374, 0.9999996069587709, 0.9999998068106862, 0.9999999046875339, 0.9999999548024948, 0.9999999873203271, 0.9999999999472686]"
sampleJointGoalAndSignal_afterNewGoal,session_2_player1,2.0,0,1,closer_to_player1,9,"[0.5, 0.999655719783886, 0.9999997199502725, 0.9999999995197218, 0.9999999999983513, 0.9999999999999925, 0.9999999999999999, 1.0, 1.0]"
sampleJointGoalAndSignal_afterNewGoal,session_2_player2,2.0,0,2,closer_to_player1,9,"[0.5, 0.9822449122045728, 0.9995279915465427, 0.9999821439504875, 0.9999990582604091, 0.9999999309996709, 0.9999999884742833, 0.999999994753817, 0.999999997537978]"
sampleJointGoalAndSignal_afterNewGoal,session_2_player1,2.0,2,1,closer_to_player1,12,"[0.5, 0.0033492019000135194, 0.9621076375330463, 0.9999865863479228, 0.9999999892989639, 0.9999999999817262, 0.9999999999999373, 0.999999999999954, 0.9999999999999657, 0.9999999999999999, 0.9999999999999999, 1.0]"
sampleJointGoalAndSignal_afterNewGoal,session_2_player2,2.0,2,2,closer_to_player1,13,"[0.5, 0.9830038046340729, 0.09497034377176992, 0.0003620627125980288, 0.032716462387247396, 0.661729321973252, 0.9861936118042011, 0.9987631137768382, 0.9993815491376572, 0.9996860291985692, 0.9998397074744753, 0.9999184060921854, 0.9999590782519554]"
sampleJointGoalAndSignal_afterNewGoal,session_2_player1,2.0,3,1,equal_to_both,12,"[0.5, 0.9827981835512246, 0.9832194171875298, 0.9997076455762064, 0.9999923628908444, 0.9999997100522542, 0.9999999842616983, 0.9999999896513768, 0.9999999990318411, 0.9999999995652089, 0.9999999998039915, 0.9999999999141265]"
sampleJointGoalAndSignal_afterNewGoal,session_2_player2,2.0,3,2,equal_to_both,14,"[0.5, 0.017198935343319253, 0.6154190717602357, 0.6154568337894546, 0.6154621977732777, 0.9961477679414683, 0.9999591004841853, 0.9999993030920626, 0.9999999818604832, 0.9999999992995074, 0.9999999995126374, 0.999999999971487, 0.9999999999871461, 0.9999999999943685]"
sampleJointGoalAndSignal_afterNewGoal,session_2_player1,2.0,5,1,closer_to_player2,9,"[0.5, 0.5035047978043886, 0.5062692358793691, 0.5029340185108891, 0.49839090179585754, 0.5046641551599457, 0.5538961406938008, 0.5545186936509392, 0.5547387521602904]"
sampleJointGoalAndSignal_afterNewGoal,session_2_player2,2.0,5,2,closer_to_player2,9,"[0.5, 0.6234398256501874, 0.9996814930974813, 0.9999998405666644, 0.9999998832132071, 0.9999999123038724, 0.9999999999840108, 0.9999999999920076, 0.9999999999960311]"
sampleJointGoalAndSignal_afterNewGoal,session_2_player1,2.0,7,1,equal_to_both,12,"[0.5, 0.499960111781873, 0.9894474403144549, 0.9998172886242565, 0.9999952276040645, 0.9999998188409045, 0.999999990220362, 0.999999998863506, 0.999999999485148, 0.9999999997608562, 0.9999999998874705, 0.9999999999491876]"
sampleJointGoalAndSignal_afterNewGoal,session_2_player2,2.0,7,2,equal_to_both,12,"[0.5, 0.9828001928530941, 0.9995349111461068, 0.9999820803771797, 0.9999990430926131, 0.9999999299274673, 0.9999999566952228, 0.9999999949674432, 0.9999999977202223, 0.9999999989410747, 0.999999999501722, 0.9999999997750044]"
sampleJointGoalAndSignal_afterNewGoal,session_2_player1,2.0,8,1,equal_to_both,12,"[0.5, 0.006145823354161346, 0.6455815736529441, 0.996613577839193, 0.9999640655023666, 0.9999993872592166, 0.9999994157904782, 0.9999994338250864, 0.9999994452587376, 0.9999994735949778, 0.9999996445899589, 0.9999999994107699]"
sampleJointGoalAndSignal_afterNewGoal,session_2_player2,2.0,8,2,equal_to_both,10,"[0.5, 0.9937637496240529, 0.993860338043516, 0.9999618719477631, 0.9999995968228608, 0.9999996098524666, 0.999999995846781, 0.9999999967795391, 0.9999999973835405, 0.9999999985119251]"
sampleJointGoalAndSignal_afterNewGoal,session_2_player1,2.0,9,1,closer_to_player2,9,"[0.5, 0.35285522308000045, 0.22426419114978832, 0.9079491079145453, 0.8759437704770181, 0.9986490732897939, 0.9999840100899252, 0.9999994581201876, 0.9999996953411919]"
sampleJointGoalAndSignal_afterNewGoal,session_2_player2,2.0,9,2,closer_to_player2,9,"[0.5, 0.5036213234720205, 0.9998316234050384, 0.9999999210243197, 0.9999999673889228, 0.9999999999633378, 0.9999999999999659, 1.0, 1.0]"
sampleJointGoalAndSignal_afterNewGoal,session_2_player1,2.0,10,1,closer_to_player1,6,"[0.5, 0.377377291211164, 0.9985959874188022, 0.9999976371277935, 0.9999999927232047, 0.999999999961572]"
sampleJointGoalAndSignal_afterNewGoal,session_2_player2,2.0,10,2,closer_to_player1,12,"[0.5, 0.996592914469215, 0.9999787248585539, 0.9999788937510401, 0.9999790404654629, 0.999999926953612, 0.9999999995205968, 0.9999999999912554, 0.9999999999959384, 0.9999999999988369, 0.999999999999983, 0.9999999999999999]"
sampleJointGoalAndSignal_afterNewGoal,session_2_player1,2.0,11,1,closer_to_player2,9,"[0.5, 0.5028106902597158, 0.9899826927871582, 0.999831824372753, 0.999995693729515, 0.9999998381780623, 0.9999999913291194, 0.999999993109781, 0.9999999995485941]"
sampleJointGoalAndSignal_afterNewGoal,session_2_player2,2.0,11,2,closer_to_player2,9,"[0.5, 0.999511074522676, 0.9999996020381408, 0.9999999993022526, 0.9999999999975566, 0.999999999999985, 0.9999999999999999, 1.0, 1.0]"
sampleJointGoalAndSignal_afterNewGoal,session_3_player1,3.0,0,1,closer_to_player1,9,"[0.5, 0.5036213050698426, 0.6102769762158773, 0.99995755149714, 0.9999999779956548, 0.9999999999893165, 0.999999999999991, 1.0, 1.0]"
sampleJointGoalAndSignal_afterNewGoal,session_3_player2,3.0,0,2,closer_to_player1,9,"[0.5, 0.9319890082205401, 0.9970864461162661, 0.9998709336533673, 0.9999823704651414, 0.9999909446599107, 0.9999951864310614, 0.9999973641876074, 0.9999985180632116]"
sampleJointGoalAndSignal_afterNewGoal,session_3_player1,3.0,1,1,closer_to_player2,9,"[0.5, 0.5034548848747543, 0.5057049513543231, 0.5065819337962849, 0.5077296374625891, 0.5024775756048597, 0.5083926487468562, 0.5816652291421706, 0.5818819890986727]"
sampleJointGoalAndSignal_afterNewGoal,session_3_player2,3.0,1,2,closer_to_player2,9,"[0.5, 0.6234398256502138, 0.4528788806551016, 0.29268693997592987, 0.999910439349284, 0.9999999948282038, 0.9999999999990571, 0.9999999999995287, 0.999999999999766]"
sampleJointGoalAndSignal_afterNewGoal,session_3_player1,3.0,2,1,closer_to_player1,6,"[0.5, 0.5832718612731614, 0.6542383718729325, 0.7073651087085692, 0.740758899227453, 0.8161581382592272]"
sampleJointGoalAndSignal_afterNewGoal,session_3_player2,3.0,2,2,closer_to_player1,9,"[0.5, 0.5034052049882719, 0.5055965908783784, 0.5070579007048707, 0.508239096549671, 0.5024250991329129, 0.5087835822354281, 0.5917773396091335, 0.5938553538861756]"
sampleJointGoalAndSignal_afterNewGoal,session_3_player1,3.0,4,1,closer_to_player2,9,"[0.5, 0.5045062884870275, 0.5120929989602572, 0.5187365469932022, 0.5308236763636126, 0.5391897245890448, 0.5447600290392086, 0.5482981720747101, 0.5504293719932101]"
sampleJointGoalAndSignal_afterNewGoal,session_3_player2,3.0,4,2,closer_to_player2,9,"[0.5, 0.6226181213586941, 0.9996817536784379, 0.9995660782671028, 0.9999999211973052, 0.9999999999582201, 0.9999999999791144, 0.9999999999895604, 0.9999999999948191]"
sampleJointGoalAndSignal_afterNewGoal,session_3_player1,3.0,5,1,equal_to_both,9,"[0.5, 0.9966409877281207, 0.9966559128838659, 0.9999887253343948, 0.9999999306207976, 0.9999999992635412, 0.999999999426616, 0.9999999999927941, 0.9999999999964727]"
sampleJointGoalAndSignal_afterNewGoal,session_3_player2,3.0,5,2,equal_to_both,9,"[0.5, 0.9966363029878051, 0.9999791485125541, 0.999979825547703, 0.9999998737360871, 0.999999997998341, 0.9999999990200271, 0.9999999995395182, 0.999999999869575]"
sampleJointGoalAndSignal_afterNewGoal,session_3_player1,3.0,6,1,equal_to_both,11,"[0.5, 0.49999947259015876, 0.5000007684093891, 0.9966410605210024, 0.9999792330387124, 0.9999997808432843, 0.9999999962160024, 0.9999999998521462, 0.9999999999290058, 0.9999999999656132, 0.9999999999840274]"
sampleJointGoalAndSignal_afterNewGoal,session_3_player2,3.0,6,2,equal_to_both,13,"[0.5, 0.988364413868797, 0.9997811070429634, 0.999993820444615, 0.9999997430522884, 0.9999999772338976, 0.9999999919994873, 0.9999999963433186, 0.9999994837279192, 0.9999996985125338, 0.9999994719628735, 0.9999997442777121, 0.9999998812193913]"
sampleJointGoalAndSignal_afterNewGoal,session_3_player1,3.0,8,1,equal_to_both,9,"[0.5, 0.4999996791265957, 0.9982983469140994, 0.9983048852601502, 0.9983362441130456, 0.9985254309872668, 0.9999995587401346, 0.9999999996723196, 0.9999999999994568]"
sampleJointGoalAndSignal_afterNewGoal,session_3_player2,3.0,8,2,equal_to_both,9,"[0.5, 0.9966405531521774, 0.9966574261180925, 0.9966703225699084, 0.9999942360120829, 0.9999999801040305, 0.9999999998726303, 0.9999999999983229, 0.9999999999992215]"
sampleJointGoalAndSignal_afterNewGoal,session_3_player1,3.0,9,1,closer_to_player2,8,"[0.5, 0.5023289782687906, 0.5035931099262868, 0.9967437567878951, 0.9999799985272074, 0.999999787793958, 0.9999999950337098, 0.9999999976386965]"
sampleJointGoalAndSignal_afterNewGoal,session_3_player2,3.0,9,2,closer_to_player2,8,"[0.5, 0.9998346266836458, 0.9999999260422844, 0.9999999565937524, 0.9999999999807835, 0.9999999999999776, 0.9999999999999998, 1.0]"
sampleJointGoalAndSignal_afterNewGoal,session_3_player1,3.0,10,1,closer_to_player1,9,"[0.5, 0.6234319518202386, 0.45287046002628845, 0.29267986611585584, 0.17138777349919446, 0.09314672336903475, 1.0, 1.0, 1.0]"
sampleJointGoalAndSignal_afterNewGoal,session_3_player2,3.0,10,2,closer_to_player1,9,"[0.5, 0.5035280601032653, 0.5057102676755418, 0.5071770356300224, 0.5083250481185291, 0.5145952610675834, 0.5636937124380071, 0.5643133545416591, 0.5645323743542043]"
sampleJointGoalAndSignal_afterNewGoal,session_4_player1,4.0,1,1,closer_to_player1,4,"[0.5, 0.5059223192433693, 0.5792621028353628, 0.5794793316800876]"
sampleJointGoalAndSignal_afterNewGoal,session_4_player2,4.0,1,2,closer_to_player1,14,"[0.5, 0.49613503732741704, 0.49416525675605766, 0.498953325634851, 0.41534820626704144, 0.5227671457090887, 0.35384215248944945, 0.21490434264577177, 0.9999743448198918, 0.9999999995981473, 0.9999999999999784, 0.9999999969227781, 0.9999999999998346, 0.9999999999999178]"
sampleJointGoalAndSignal_afterNewGoal,session_4_player1,4.0,2,1,equal_to_both,12,"[0.5, 0.5000284385312168, 0.989450313293574, 0.9895712872256011, 0.9998885497046351, 0.9998902868813139, 0.9999988397836711, 0.9999988638483372, 0.9999999875598753, 0.9999999997774444, 0.9999999999922048, 0.9999999999965847]"
sampleJointGoalAndSignal_afterNewGoal,session_4_player2,4.0,2,2,equal_to_both,12,"[0.5, 0.500026772433551, 0.9894502513928599, 0.9895712179375785, 0.9896469152375296, 0.9897075593419025, 0.9999646442592608, 0.9999659279934056, 0.9999998816158198, 0.9999999074852238, 0.999999999689175, 0.9999999999980584]"
sampleJointGoalAndSignal_afterNewGoal,session_4_player1,4.0,3,1,closer_to_player1,7,"[0.5, 0.27093047594124453, 0.995435027740169, 0.9999856723594754, 0.9999999232184508, 0.9999999993358928, 0.9999999999912287]"
sampleJointGoalAndSignal_afterNewGoal,session_4_player2,4.0,3,2,closer_to_player1,12,"[0.5, 0.9965753468723807, 0.9999774353484638, 0.9999995777186262, 0.9999997891443534, 0.9999998999940283, 0.9999999715797933, 0.9999999997672171, 0.9999999999988864, 0.9999999999999938, 1.0, 1.0]"
sampleJointGoalAndSignal_afterNewGoal,session_4_player1,4.0,4,1,closer_to_player2,9,"[0.5, 0.5034962426223775, 0.5049740211056378, 0.5069840987191001, 0.5170084506533236, 0.4351797605628696, 0.5600226896551935, 0.9970663610997447, 0.9976008932498053]"
sampleJointGoalAndSignal_afterNewGoal,session_4_player2,4.0,4,2,closer_to_player2,9,"[0.5, 0.4167685471685518, 0.9997491018758792, 0.999750962847995, 0.9999999667507375, 0.9999999753710285, 0.9999999808289199, 0.9999999878419465, 0.9999999999991325]"
sampleJointGoalAndSignal_afterNewGoal,session_4_player1,4.0,7,1,closer_to_player2,9,"[0.5, 0.5035101256895487, 0.5063342604618164, 0.5024019067288144, 0.5094583621446328, 0.5463255984547042, 0.5518813334696159, 0.5554092994042527, 0.55753402324872]"
sampleJointGoalAndSignal_afterNewGoal,session_4_player2,4.0,7,2,closer_to_player2,6,"[0.5, 0.5832718612731154, 0.6542383718728702, 0.7073651087085072, 0.7407588992273951, 0.816158138259184]"
sampleJointGoalAndSignal_afterNewGoal,session_4_player1,4.0,8,1,closer_to_player1,6,"[0.5, 0.5046667614538028, 0.502965895960697, 0.42180119321753695, 0.5933993181813856, 0.7461185573472537]"
sampleJointGoalAndSignal_afterNewGoal,session_4_player2,4.0,8,2,closer_to_player1,9,"[0.5, 0.5033991647608922, 0.5058729101449262, 0.5070904639792768, 0.5117532522219227, 0.5142246340572851, 0.5201334278580874, 0.5930568141252621, 0.5932717989466094]"
sampleJointGoalAndSignal_afterNewGoal,session_4_player1,4.0,10,1,equal_to_both,8,"[0.5, 0.9982962874551162, 0.9999942652876249, 0.999999964713039, 0.9999999996253454, 0.9999999999912491, 0.9999999999957367, 0.9999999999979051]"
sampleJointGoalAndSignal_afterNewGoal,session_4_player2,4.0,10,2,equal_to_both,8,"[0.5, 0.9982473289361501, 0.9983187936662685, 0.9983992089483432, 0.9990806900628835, 0.9999986084880407, 0.9999999980221812, 0.9999999999982667]"
sampleJointGoalAndSignal_afterNewGoal,session_4_player1,4.0,11,1,closer_to_player2,9,"[0.5, 0.9320155493839875, 0.9111966798267519, 0.9975025791579418, 0.9999316823822016, 0.9999334255376968, 0.9999986308536194, 0.9999984241216565, 0.9999999785839674]"
sampleJointGoalAndSignal_afterNewGoal,session_4_player2,4.0,11,2,closer_to_player2,9,"[0.5, 0.9993998759469555, 0.9999978009779746, 0.9999999946603616, 0.9999999999585527, 0.9999999999998017, 0.9999999999999989, 1.0, 1.0]"
sampleJointGoalAndSignal_afterNewGoal,session_5_player1,5.0,0,1,closer_to_player1,9,"[0.5, 0.9996601045919494, 0.9999997285021747, 0.9999999995478352, 0.9999999999985036, 0.9999999999999907, 1.0, 1.0, 1.0]"
sampleJointGoalAndSignal_afterNewGoal,session_5_player2,5.0,0,2,closer_to_player1,9,"[0.5, 0.9831802844028213, 0.9835626577392266, 0.983433687894185, 0.9998727323902301, 0.9999983961228134, 0.9999999672943297, 0.9999999624001911, 0.9999999995028999]"
sampleJointGoalAndSignal_afterNewGoal,session_5_player1,5.0,1,1,closer_to_player2,9,"[0.5, 0.5033920252474733, 0.9897012513566806, 0.9998230140447085, 0.9999953986293547, 0.9999998246885561, 0.9999998684440358, 0.9999998905006172, 0.9999999971371648]"
sampleJointGoalAndSignal_afterNewGoal,session_5_player2,5.0,1,2,closer_to_player2,9,"[0.5, 0.6228982547814136, 0.9998707625878386, 0.9999999226709696, 0.9999999998833994, 0.9999999999992728, 0.9999999999999953, 1.0, 1.0]"
sampleJointGoalAndSignal_afterNewGoal,session_5_player1,5.0,2,1,closer_to_player1,7,"[0.5, 0.5073177704167237, 0.5119414739260872, 0.5143619519625932, 0.5207200917334467, 0.6032742754828109, 0.6053328781870149]"
sampleJointGoalAndSignal_afterNewGoal,session_5_player2,5.0,2,2,closer_to_player1,9,"[0.5, 0.5035101256899762, 0.5063342604622784, 0.51348363182259, 0.5329937110965223, 0.5413544978583872, 0.5469206232069407, 0.5504558312143687, 0.5525851580465496]"
sampleJointGoalAndSignal_afterNewGoal,session_5_player1,5.0,3,1,equal_to_both,11,"[0.5, 0.9894491334828933, 0.9998173181614746, 0.9999952283530315, 0.9999954145075007, 0.9999998806458574, 0.9999998869722814, 0.9999998912445288, 0.9999998990087596, 0.9999999308084855, 0.9999999995677942]"
sampleJointGoalAndSignal_afterNewGoal,session_5_player2,5.0,3,2,equal_to_both,11,"[0.5, 0.9894491866830019, 0.9998173200297834, 0.9998217068366724, 0.9999969615728533, 0.9999999209141551, 0.9999999251060169, 0.9999999279368463, 0.999999933081546, 0.9999999991579194, 0.9999999995097079]"
sampleJointGoalAndSignal_afterNewGoal,session_5_player1,5.0,4,1,closer_to_player2,9,"[0.5, 0.5034561414917134, 0.5057101107677237, 0.5075748242785336, 0.5024367492950864, 0.5093190148085103, 0.4819807866212305, 0.5656369346964046, 0.5677508197545889]"
sampleJointGoalAndSignal_afterNewGoal,session_5_player2,5.0,4,2,closer_to_player2,9,"[0.5, 0.4167281387274481, 0.5231733700978715, 0.9998601505761386, 0.9999999746100047, 0.9999999999865387, 0.9999999999932707, 0.9999999999966365, 0.9999999999983308]"
sampleJointGoalAndSignal_afterNewGoal,session_5_player1,5.0,5,1,closer_to_player1,7,"[0.5, 0.5027317210784717, 0.5028503117389501, 0.5011205578325767, 0.5626590867045689, 0.603853939507865, 0.5326653846395975]"
sampleJointGoalAndSignal_afterNewGoal,session_5_player2,5.0,5,2,closer_to_player1,9,"[0.5, 0.5035047978070132, 0.5062692358822845, 0.5029340185139144, 0.4983909017989216, 0.5046641551629825, 0.5538961406967909, 0.5545186936539288, 0.5547387521632797]"
sampleJointGoalAndSignal_afterNewGoal,session_5_player1,5.0,6,1,closer_to_player2,12,"[0.5, 0.4965168790174686, 0.4948125622174165, 0.4939354637510898, 0.4935693025431981, 0.4910968587348087, 0.49650328321324705, 0.5456530171200128, 0.9999941524038094, 0.9999999999084074, 0.9999999999999951, 0.9999999999999976]"
sampleJointGoalAndSignal_afterNewGoal,session_5_player2,5.0,6,2,closer_to_player2,8,"[0.5, 0.5255281937235621, 0.5481274411377367, 0.5672781750363076, 0.5820628040262088, 0.635349894597993, 0.6389576875883572, 0.6391673727400149]"
sampleJointGoalAndSignal_afterNewGoal,session_5_player1,5.0,11,1,equal_to_both,9,"[0.5, 0.5000021609542379, 0.5000072331523623, 0.9992298188160529, 0.9999986913495456, 0.9999999954531389, 0.9999999964467682, 0.9999999999880621, 0.9999999999999254]"
sampleJointGoalAndSignal_afterNewGoal,session_5_player2,5.0,11,2,equal_to_both,9,"[0.5, 0.9966417707760706, 0.9966615743658679, 0.9967224081264867, 0.9999944169673703, 0.9999999806021456, 0.9999999848409642, 0.9999999999490696, 0.9999999999996818]"
sampleJointGoalAndSignal_afterNewGoal,session_6_player1,6.0,0,1,closer_to_player1,9,"[0.5, 0.9994008835174024, 0.9999991081436145, 0.9999999925963667, 0.9999999999615888, 0.9999999999997556, 0.9999999999999973, 1.0, 1.0]"
sampleJointGoalAndSignal_afterNewGoal,session_6_player2,6.0,0,2,closer_to_player1,9,"[0.5, 0.5030257046919664, 0.9899921756699651, 0.9899149852553248, 0.9835869249824407, 0.9999486457137415, 0.9999997292858883, 0.9999999976973876, 0.9999999999698957]"
sampleJointGoalAndSignal_afterNewGoal,session_6_player1,6.0,1,1,closer_to_player1,2,"[0.5, 0.5002228442515239]"
sampleJointGoalAndSignal_afterNewGoal,session_6_player2,6.0,1,2,closer_to_player1,5,"[0.5, 0.6666829238962458, 0.8000400740999464, 0.8889405281532115, 0.941582453979551]"
sampleJointGoalAndSignal_afterNewGoal,session_6_player1,6.0,2,1,equal_to_both,14,"[0.5, 0.017199815846359375, 0.6154418075154364, 0.9891816553372355, 0.9997092722630478, 0.9999887991448612, 0.999989636934145, 0.9999996065585804, 0.999999978644085, 0.9999999859575468, 0.9999999902300579, 0.9999999927175498, 0.9999999997449235, 0.9999999998882482]"
sampleJointGoalAndSignal_afterNewGoal,session_6_player2,6.0,2,2,equal_to_both,12,"[0.5, 0.9827981835506038, 0.983219417187592, 0.999707645576207, 0.9999923628908444, 0.9999997100522542, 0.9999999842616983, 0.9999999978351841, 0.9999999990383556, 0.9999999995681345, 0.9999999998053103, 0.9999999999147043]"
sampleJointGoalAndSignal_afterNewGoal,session_6_player1,6.0,4,1,closer_to_player2,9,"[0.5, 0.5177326780066777, 0.6516590318190867, 0.49227106625303824, 0.9832731581052921, 0.9766000102460628, 0.9998673937633413, 0.9999981579802033, 0.9999988941879476]"
sampleJointGoalAndSignal_afterNewGoal,session_6_player2,6.0,4,2,closer_to_player2,9,"[0.5, 0.9996594493152745, 0.9999997196445217, 0.999999803100091, 0.9999999997352677, 0.9999999998720438, 0.9999999999631348, 0.9999999999999719, 1.0]"
sampleJointGoalAndSignal_afterNewGoal,session_6_player1,6.0,7,1,closer_to_player2,9,"[0.5, 0.5045001650974681, 0.5120813812094832, 0.5187142098301093, 0.5308008334785644, 0.5391668415946825, 0.5447371761389099, 0.5482753479718852, 0.550406567116576]"
sampleJointGoalAndSignal_afterNewGoal,session_6_player2,6.0,7,2,closer_to_player2,11,"[0.5, 0.4898169742474643, 0.49458085815623654, 0.6175113175454533, 0.44663902139180633, 0.9998099027426727, 0.9997472565095288, 0.9999999854282597, 0.9999999885002466, 0.999999990113711, 0.9999999999998476]"
sampleJointGoalAndSignal_afterNewGoal,session_6_player1,6.0,9,1,closer_to_player1,9,"[0.5, 0.6228294977103244, 0.9996820496287713, 0.9999998410435765, 0.9999999999073647, 0.9999999999998798, 0.9999999999999997, 1.0, 1.0]"
sampleJointGoalAndSignal_afterNewGoal,session_6_player2,6.0,9,2,closer_to_player1,9,"[0.5, 0.9832243444267756, 0.999556074469738, 0.9999831742618596, 0.9999990837511643, 0.9999993739000598, 0.9999999429740946, 0.9999999734046529, 0.999999987414004]"
sampleJointGoalAndSignal_afterNewGoal,session_6_player1,6.0,11,1,closer_to_player2,8,"[0.5, 0.5100833297056827, 0.5047957849146648, 0.3815136861596097, 0.5528167098340978, 0.7170459826785122, 0.8932960887524961, 0.9999671052972566]"
sampleJointGoalAndSignal_afterNewGoal,session_6_player2,6.0,11,2,closer_to_player2,8,"[0.5, 0.498080375317604, 0.4979902404027353, 0.9999844684556508, 0.9999888249285908, 0.9999999995759457, 0.9999999999999792, 1.0]"
sampleJointGoalAndSignal_afterNewGoal,session_7_player1,7.0,0,1,equal_to_both,11,"[0.5, 0.9894463934555864, 0.9998172323759327, 0.9999952171464317, 0.9999955450734471, 0.9999998805029681, 0.9999999911529808, 0.9999999958761229, 0.999999998082451, 0.9999999991341882, 0.9999999997503068]"
sampleJointGoalAndSignal_afterNewGoal,session_7_player2,7.0,0,2,equal_to_both,11,"[0.5, 0.9893767698092447, 0.9998143639717493, 0.9998207852958964, 0.9999969421243413, 0.9999970245141581, 0.9999999493619042, 0.9999999510514139, 0.9999999991618538, 0.9999999993043494, 0.9999999999866145]"
sampleJointGoalAndSignal_afterNewGoal,session_7_player1,7.0,2,1,equal_to_both,12,"[0.5, 0.9828001841536407, 0.999534910681417, 0.9999820803535088, 0.9999990430916949, 0.9999991627464961, 0.9999999548010624, 0.9999999699517337, 0.9999999975714773, 0.9999999988719842, 0.9999999994692115, 0.9999999997603243]"
sampleJointGoalAndSignal_afterNewGoal,session_7_player2,7.0,2,2,equal_to_both,12,"[0.5, 0.9828001928526363, 0.9995349111460828, 0.9999820803771788, 0.9999990430926131, 0.9999999299274673, 0.999999956695223, 0.9999999949674432, 0.9999999977202223, 0.9999999989410747, 0.999999999501722, 0.9999999997750044]"
sampleJointGoalAndSignal_afterNewGoal,session_7_player1,7.0,3,1,closer_to_player2,9,"[0.5, 0.49004366167093477, 0.4720417738615625, 0.332157958824243, 0.9964867530273773, 0.9999891223529305, 0.9999999426542573, 0.9999999995116163, 0.999999999993493]"
sampleJointGoalAndSignal_afterNewGoal,session_7_player2,7.0,3,2,closer_to_player2,9,"[0.5, 0.9996548464439106, 0.999999718368466, 0.9999999995149342, 0.9999999999983922, 0.9999999999999899, 0.9999999999999999, 1.0, 1.0]"
sampleJointGoalAndSignal_afterNewGoal,session_7_player1,7.0,5,1,closer_to_player1,8,"[0.5, 0.9994727843246871, 0.9999997360393307, 0.9999999996426572, 0.9999999998213417, 0.9999999999106867, 0.9999999999553556, 0.9999999999778297]"
sampleJointGoalAndSignal_afterNewGoal,session_7_player2,7.0,5,2,closer_to_player1,8,"[0.5, 0.5125450484041263, 0.5145266934772629, 0.5206133611625496, 0.5238199060942162, 0.5253389151137887, 0.5259672141866484, 0.5261893254503898]"
sampleJointGoalAndSignal_afterNewGoal,session_7_player1,7.0,7,1,closer_to_player2,9,"[0.5, 0.5035101256895487, 0.5051564962013014, 0.507021494425762, 0.5140758012363282, 0.5509019217733544, 0.5564471143705805, 0.5599677952421556, 0.5620879103903637]"
sampleJointGoalAndSignal_afterNewGoal,session_7_player2,7.0,7,2,closer_to_player2,9,"[0.5, 0.41672813872688463, 0.5231733700947864, 0.3542077471645206, 0.9999328645635794, 0.9999149319057759, 0.9999010499975534, 0.9998814202167333, 1.0]"
sampleJointGoalAndSignal_afterNewGoal,session_7_player1,7.0,8,1,equal_to_both,9,"[0.5, 0.9966410501401075, 0.999979232973666, 0.9999794458051721, 0.9999998732535271, 0.9999998758131171, 0.9999998821565983, 0.9999999995265927, 0.9999999999959528]"
sampleJointGoalAndSignal_afterNewGoal,session_7_player2,7.0,8,2,equal_to_both,9,"[0.5, 0.9966371843345189, 0.999979174328701, 0.9999794079541543, 0.9999998730010263, 0.9999999986480642, 0.9999999989516912, 0.9999999999862741, 0.9999999999936244]"
sampleJointGoalAndSignal_afterNewGoal,session_7_player1,7.0,9,1,closer_to_player1,6,"[0.5, 0.5833231973820651, 0.654333604401663, 0.7074759487220917, 0.7408676331264836, 0.8162437769692813]"
sampleJointGoalAndSignal_afterNewGoal,session_7_player2,7.0,9,2,closer_to_player1,12,"[0.5, 0.49656125657574124, 0.4940976101750774, 0.49287243888940396, 0.48830400762375153, 0.4899341170392229, 0.429187932486452, 0.38877593119520587, 0.46284878116838385, 1.0, 1.0, 1.0]"
sampleJointGoalAndSignal_afterNewGoal,session_7_player1,7.0,10,1,closer_to_player2,8,"[0.5, 0.0003496950745940929, 0.0003532288963528968, 0.05430236007121432, 0.05518842671726278, 0.9046927533568755, 0.9986656708909147, 0.9993424297435742]"
sampleJointGoalAndSignal_afterNewGoal,session_7_player2,7.0,10,2,closer_to_player2,8,"[0.5, 0.9999965965043525, 0.9999999999454543, 0.9999999999999982, 1.0, 1.0, 1.0, 1.0]"
sampleJointGoalAndSignal_afterNewGoal,session_7_player1,7.0,11,1,closer_to_player1,9,"[0.5, 0.9985510434997787, 0.9999984397879349, 0.9999999960554392, 0.9999999999865296, 0.9999999999999146, 0.9999999999999991, 1.0, 1.0]"
sampleJointGoalAndSignal_afterNewGoal,session_7_player2,7.0,11,2,closer_to_player1,9,"[0.5, 0.5030281823528939, 0.9900002804155997, 0.9998322445515139, 0.9998339963072402, 0.9999979094521146, 0.9999999574364582, 0.9999999510718333, 0.999999999360682]"
sampleJointGoalAndSignal_afterNewGoal,session_8_player1,8.0,0,1,equal_to_both,8,"[0.5, 0.5083633055754118, 0.9989412294474768, 0.9999974420623006, 0.999999979389741, 0.9999999939942646, 0.9999999999464977, 0.9999999999997279]"
sampleJointGoalAndSignal_afterNewGoal,session_8_player2,8.0,0,2,equal_to_both,10,"[0.5, 0.4916560944900284, 0.00105875587881844, 0.8147191922537064, 0.9998724707814182, 0.9999998442197329, 0.9999999996122645, 0.9999999994677495, 0.9999999999991047, 0.9999999999999972]"
sampleJointGoalAndSignal_afterNewGoal,session_8_player1,8.0,1,1,closer_to_player1,9,"[0.5, 0.0005797442432088589, 0.9425920332699949, 0.9999965769162434, 0.9999999990798152, 0.9999999999997791, 0.9999999999999999, 1.0, 1.0]"
sampleJointGoalAndSignal_afterNewGoal,session_8_player2,8.0,1,2,closer_to_player1,9,"[0.5, 0.9742999068161294, 0.9992682373785136, 0.9999713640405213, 0.9999974796576355, 0.9999988202718099, 0.9999994363793038, 0.9999997261764582, 0.9999998652576835]"
sampleJointGoalAndSignal_afterNewGoal,session_8_player1,8.0,2,1,closer_to_player2,16,"[0.5, 0.5096214339157221, 0.49402058414795946, 0.35562785128813323, 0.5197642629040992, 0.683397652825552, 0.8558277393714112, 0.9999968936059687, 0.9895603424101468, 0.9998766762031281, 0.9999999867014263, 0.9999999999982991, 0.9999999999999996, 1.0, 1.0, 1.0]"
sampleJointGoalAndSignal_afterNewGoal,session_8_player2,8.0,2,2,closer_to_player2,6,"[0.5, 0.5003403811205973, 0.9983120083574168, 0.9999943165658907, 0.9999951125888403, 0.9999951035189089]"
sampleJointGoalAndSignal_afterNewGoal,session_8_player1,8.0,3,1,closer_to_player2,9,"[0.5, 0.5045062884878141, 0.5120929989611493, 0.5123965947474158, 0.531910527733838, 0.5402739802297644, 0.5458422177347384, 0.5493789073137189, 0.5515091790411465]"
sampleJointGoalAndSignal_afterNewGoal,session_8_player2,8.0,3,2,closer_to_player2,9,"[0.5, 0.41672813872694203, 0.34576162812718586, 0.4218791714729569, 0.9999495391205225, 0.9999999970913036, 0.9999999999994715, 0.9999999999997359, 0.9999999999998689]"
sampleJointGoalAndSignal_afterNewGoal,session_8_player1,8.0,5,1,equal_to_both,10,"[0.5, 0.9938430392514872, 0.9999344031696833, 0.999998879790762, 0.9999989333563261, 0.9999999815811762, 0.9999999992803713, 0.9999999996544943, 0.9999999998326513, 0.9999999999222673]"
sampleJointGoalAndSignal_afterNewGoal,session_8_player2,8.0,5,2,equal_to_both,10,"[0.5, 0.9938430428582631, 0.9938900090721148, 0.9999621173012087, 0.9999996001673055, 0.9999996125387273, 0.9999996203647588, 0.9999999975688466, 0.9999999999681685, 0.9999999999852143]"
sampleJointGoalAndSignal_afterNewGoal,session_8_player1,8.0,6,1,closer_to_player2,16,"[0.5, 0.49660597771294385, 0.9982578671696043, 0.9999940846157687, 0.9999999619524209, 0.999999999288884, 0.9999999996503635, 0.999999759706928, 0.9999998395475369, 0.999999998754557, 0.9999999996480492, 0.9999999999971165, 0.9999999999999862, 0.9999999967462117, 0.9999999999844358, 0.9999999999999134]"
sampleJointGoalAndSignal_afterNewGoal,session_8_player2,8.0,6,2,closer_to_player2,6,"[0.5, 0.9975827530104282, 0.9999888376117082, 0.999999906498062, 0.9999999986109389, 0.9999999986755992]"
sampleJointGoalAndSignal_afterNewGoal,session_8_player1,8.0,8,1,closer_to_player1,6,"[0.5, 0.4967799421273604, 0.5721346004975519, 0.6313561923965286, 0.6698762252033812, 0.7529572767965754]"
sampleJointGoalAndSignal_afterNewGoal,session_8_player2,8.0,8,2,closer_to_player1,9,"[0.5, 0.5034002007864115, 0.5053679100177072, 0.5126826006857205, 0.5173428125937748, 0.5156446737111442, 0.5769029958453964, 0.6176672505350604, 0.7081633351696061]"
sampleJointGoalAndSignal_afterNewGoal,session_8_player1,8.0,9,1,closer_to_player1,8,"[0.5, 0.9998208404092237, 0.9999999367518787, 0.9999999999167215, 0.9999999999584054, 0.9999999999792232, 0.9999999999897649, 0.9999999999965754]"
sampleJointGoalAndSignal_afterNewGoal,session_8_player2,8.0,9,2,closer_to_player1,8,"[0.5, 0.4941167871773999, 0.5825593824614129, 0.4582443853034208, 0.6287378778511047, 0.7722291525241717, 0.8731332892482215, 0.9536365264071082]"
sampleJointGoalAndSignal_afterNewGoal,session_8_player1,8.0,10,1,equal_to_both,12,"[0.5, 0.006148410138330278, 0.6455134651559565, 0.6455690608248702, 0.9981528592314179, 0.9999885856648573, 0.9999889455393004, 0.9999999308234148, 0.9999999487208623, 0.9999999995534667, 0.9999999997901761, 0.9999999999405703]"
sampleJointGoalAndSignal_afterNewGoal,session_8_player2,8.0,10,2,equal_to_both,10,"[0.5, 0.9937986547148673, 0.9999331911485537, 0.99999884398183, 0.9999999687968713, 0.9999999980908408, 0.9999999991208303, 0.9999999995781397, 0.9999999997948009, 0.9999999998995546]"
sampleJointGoalAndSignal_afterNewGoal,session_9_player1,9.0,0,1,equal_to_both,11,"[0.5, 0.49991155437506585, 0.9938468449848166, 0.9938908010025637, 0.9999621611472846, 0.9999996009820689, 0.9999999932111862, 0.9999999934350339, 0.9999999998879513, 0.9999999999066319, 0.9999999999983333]"
sampleJointGoalAndSignal_afterNewGoal,session_9_player2,9.0,0,2,equal_to_both,11,"[0.5, 0.9892773335504165, 0.9998109968133504, 0.9998194690612272, 0.9999969140363396, 0.9999999175848822, 0.9999999948310518, 0.9999999975598303, 0.9999999988329829, 0.9999999994650226, 0.9999999998440213]"
sampleJointGoalAndSignal_afterNewGoal,session_9_player1,9.0,2,1,closer_to_player2,9,"[0.5, 0.9822384764411735, 0.999527533906768, 0.9999821165480592, 0.9999990563928115, 0.9999999308639637, 0.999999951003558, 0.9999999944770787, 0.9999999974110976]"
sampleJointGoalAndSignal_afterNewGoal,session_9_player2,9.0,2,2,closer_to_player2,10,"[0.5, 0.9996548464437782, 0.9999997183684657, 0.9999999994913557, 0.9999999999966539, 0.9999999999999875, 0.9999999999999875, 0.9999999999999999, 1.0, 1.0]"
sampleJointGoalAndSignal_afterNewGoal,session_9_player1,9.0,5,1,closer_to_player1,9,"[0.5, 0.5031069611482879, 0.6083640718655978, 0.9999582473276738, 0.9999999912365009, 0.9999999999866509, 0.9999999999999886, 1.0, 1.0]"
sampleJointGoalAndSignal_afterNewGoal,session_9_player2,9.0,5,2,closer_to_player1,9,"[0.5, 0.5034763275052716, 0.9896954496373741, 0.9998227597685063, 0.9998297727791915, 0.9999970836058719, 0.9999998960897283, 0.9999999500648488, 0.9999999757102482]"
sampleJointGoalAndSignal_afterNewGoal,session_9_player1,9.0,6,1,closer_to_player1,9,"[0.5, 0.5031068455576283, 0.9998316460513865, 0.9999999229510798, 0.999999955472912, 0.9999999999735892, 0.9999999999999607, 0.9999999999999998, 1.0]"
sampleJointGoalAndSignal_afterNewGoal,session_9_player2,9.0,6,2,closer_to_player1,9,"[0.5, 0.9830771097613494, 0.999546914426746, 0.9999822806158758, 0.9999880078215673, 0.9999993129123055, 0.9999996753766203, 0.9999998440030614, 0.9999999241192045]"
sampleJointGoalAndSignal_afterNewGoal,session_9_player1,9.0,7,1,closer_to_player2,10,"[0.5, 0.9984811754367909, 0.9999981906266636, 0.999999996702862, 0.9999999976819242, 0.999999999993456, 0.9999999999967368, 0.9999999999983709, 0.9999999999991864, 0.9999999999995998]"
sampleJointGoalAndSignal_afterNewGoal,session_9_player2,9.0,7,2,closer_to_player2,4,"[0.5, 6.9066994558203596e-06, 0.042116451018916076, 0.08204518976719752]"
sampleJointGoalAndSignal_afterNewGoal,session_9_player1,9.0,10,1,closer_to_player1,8,"[0.5, 0.5809988160925486, 0.9999732698675994, 0.9999999984676653, 0.9999999999997972, 0.9999999999999999, 1.0, 1.0]"
sampleJointGoalAndSignal_afterNewGoal,session_9_player2,9.0,10,2,closer_to_player1,8,"[0.5, 0.5041130168214599, 0.5066981792825085, 0.507589310543005, 0.5061457350333622, 0.5679503742264145, 0.611012490129499, 0.5326142306308119]"
sampleJointGoalAndSignal_afterNewGoal,session_9_player1,9.0,11,1,closer_to_player2,9,"[0.5, 0.33335337702179607, 0.9989507519051966, 0.9999994750286592, 0.9999999992911704, 0.9999999996456247, 0.999999999822849, 0.9999999999114513, 0.999999999956056]"
sampleJointGoalAndSignal_afterNewGoal,session_9_player2,9.0,11,2,closer_to_player2,5,"[0.5, 0.6667335861287571, 1.3930536536527487e-05, 1.6203994106813568e-05, 1.9418876524788077e-05]"
sampleJointGoalAndSignal_afterNewGoal,session_10_player1,10.0,2,1,equal_to_both,12,"[0.5, 0.9938491068237939, 0.9938930504872436, 0.9999621757913817, 0.9999996011405632, 0.9999996078688153, 0.9999999958833897, 0.9999999959703255, 0.9999999954783828, 0.9999938351993072, 0.9999999414193389, 0.9999999988728077]"
sampleJointGoalAndSignal_afterNewGoal,session_10_player2,10.0,2,2,equal_to_both,10,"[0.5, 0.5001140175466793, 0.9966374094920992, 0.9999791636321601, 0.9999997794311222, 0.9999999961613386, 0.9999999972606832, 0.9999999999267203, 0.9999999999669131, 0.999999999990458]"
sampleJointGoalAndSignal_afterNewGoal,session_10_player1,10.0,3,1,closer_to_player1,6,"[0.5, 0.9966452453511341, 0.999979121808131, 0.9999836299564525, 0.9999859227270461, 0.9999999523405262]"
sampleJointGoalAndSignal_afterNewGoal,session_10_player2,10.0,3,2,closer_to_player1,12,"[0.5, 0.4822680337688141, 0.565730468680624, 0.42408651225549365, 0.59084739224087, 0.7422701996198593, 0.8878963874718259, 0.9999976718076868, 0.9999999999333429, 0.9999999999999957, 1.0, 1.0]"
sampleJointGoalAndSignal_afterNewGoal,session_10_player1,10.0,4,1,closer_to_player1,9,"[0.5, 0.9996442520184717, 0.9996682650785502, 0.9998044378116975, 0.9999999574868043, 0.999999999955844, 0.999999999999903, 0.9999999999999999, 1.0]"
sampleJointGoalAndSignal_afterNewGoal,session_10_player2,10.0,4,2,closer_to_player1,9,"[0.5, 0.5024421363975159, 0.9896166910015829, 0.9998208939590026, 0.9999951023537718, 0.9999965073652669, 0.9999998217159878, 0.9999999078951388, 0.9999999517354168]"
sampleJointGoalAndSignal_afterNewGoal,session_10_player1,10.0,6,1,closer_to_player2,9,"[0.5, 0.5038647373636216, 0.5063350821907313, 0.5075537598118782, 0.5122163095121599, 0.5146875433648508, 0.5092833957064207, 0.5514976815801589, 0.47901820439263226]"
sampleJointGoalAndSignal_afterNewGoal,session_10_player2,10.0,6,2,closer_to_player2,4,"[0.5, 0.506167756424919, 0.5796267862592834, 0.5798482712903112]"
sampleJointGoalAndSignal_afterNewGoal,session_10_player1,10.0,7,1,equal_to_both,13,"[0.5, 0.9827974264286369, 0.9995347619489585, 0.9999820719876505, 0.9999990424350222, 0.9999999295880806, 0.9999999871286391, 0.9999999945012599, 0.9999999975573362, 0.9999999989030185, 0.9999999995054685, 0.9999999995054685, 0.9999999997833403]"
sampleJointGoalAndSignal_afterNewGoal,session_10_player2,10.0,7,2,equal_to_both,12,"[0.5, 0.5000267724274141, 0.9894502513923201, 0.9998173377202015, 0.9999952288639959, 0.9999998188612619, 0.999999990167829, 0.9999999935349166, 0.9999999955019621, 0.9999999997368431, 0.999999999881366, 0.9999999999480251]"
sampleJointGoalAndSignal_afterNewGoal,session_10_player1,10.0,9,1,closer_to_player2,9,"[0.5, 0.9832177956934748, 0.999555601511791, 0.9999831562199734, 0.9999843066253667, 0.9999850099841041, 0.9999854015163787, 0.999999784989326, 0.9999999933313912]"
sampleJointGoalAndSignal_afterNewGoal,session_10_player2,10.0,9,2,closer_to_player2,13,"[0.5, 0.002402197057563652, 0.9335458813251556, 0.9586387107179309, 0.99999079836724, 0.9999999945000523, 0.9999999999918282, 0.9999999999999726, 0.9999999999999997, 0.9999999999999998, 1.0, 1.0, 1.0]"
sampleJointGoalAndSignal_afterNewGoal,session_10_player1,10.0,10,1,closer_to_player2,9,"[0.5, 0.9832232080673016, 0.9995556410200375, 0.9999827804532754, 0.9999881053105084, 0.9999993178629734, 0.9999996772984985, 0.9999998449223296, 0.9999999245661869]"
sampleJointGoalAndSignal_afterNewGoal,session_10_player2,10.0,10,2,closer_to_player2,9,"[0.5, 0.5031054715418531, 0.9998316327670751, 0.9999999229360301, 0.9999999999156108, 0.9999999999997987, 0.9999999999999103, 0.9999999999999996, 1.0]"
sampleJointGoalAndSignal_afterNewGoal,session_10_player1,10.0,11,1,closer_to_player1,9,"[0.5, 0.9993947259943338, 0.9999990911020004, 0.9999999929886844, 0.9999999999678201, 0.9999999999997041, 0.9999999999999968, 1.0, 1.0]"
sampleJointGoalAndSignal_afterNewGoal,session_10_player2,10.0,11,2,closer_to_player1,9,"[0.5, 0.5030281823528939, 0.49714470022525986, 0.9956415432780213, 0.9999669543975674, 0.9999995838987478, 0.9999994401700348, 0.9999999952417156, 0.9999999999378261]"
sampleJointGoalAndSignal_afterNewGoal,session_11_player1,11.0,0,1,closer_to_player1,6,"[0.5, 0.9975978039772837, 0.999989024431614, 0.99998500026945, 0.9999999537646727, 0.9999999997556447]"
sampleJointGoalAndSignal_afterNewGoal,session_11_player2,11.0,0,2,closer_to_player1,12,"[0.5, 0.9965894637384026, 0.9999786840569513, 0.999999772908332, 0.9999999959575837, 0.9999999998136703, 0.9999999999102367, 0.9999999999564321, 0.9999999999797573, 0.999999999994195, 0.9999999999999152, 0.9999999999999993]"
sampleJointGoalAndSignal_afterNewGoal,session_11_player1,11.0,1,1,closer_to_player2,7,"[0.5, 0.5014399102814456, 0.9966702651818309, 0.9967123849126954, 0.9999889059694157, 0.9999999186483046, 0.9999999598599572]"
sampleJointGoalAndSignal_afterNewGoal,session_11_player2,11.0,1,2,closer_to_player2,7,"[0.5, 0.9999457762602142, 0.9999999909015455, 0.9999999999958684, 0.9999999999999956, 0.9999999999999977, 1.0]"
sampleJointGoalAndSignal_afterNewGoal,session_11_player1,11.0,2,1,closer_to_player1,9,"[0.5, 0.9996442658747439, 0.99966826418258, 0.9999998434196211, 0.9999999996725971, 0.9999999999012118, 0.999999999999783, 0.9999999999999997, 1.0]"
sampleJointGoalAndSignal_afterNewGoal,session_11_player2,11.0,2,2,closer_to_player1,9,"[0.5, 0.9831482118392936, 0.9995520707108128, 0.9995788141843569, 0.9999884799755666, 0.9999990449902189, 0.9999995163036357, 0.9999997501131961, 0.9999998690547718]"
sampleJointGoalAndSignal_afterNewGoal,session_11_player1,11.0,6,1,closer_to_player1,9,"[0.5, 0.5032200578718719, 0.4278653995034393, 0.5091694147902203, 0.3414727822433646, 0.20477406626505756, 1.0, 1.0, 1.0]"
sampleJointGoalAndSignal_afterNewGoal,session_11_player2,11.0,6,2,closer_to_player1,12,"[0.5, 0.5215495690420135, 0.5199139365482469, 0.5266019756848864, 0.5400047842385004, 0.07338281830885401, 0.07338281830885401, 0.0775447545288863, 0.0784820084662443, 0.07892382827868731, 0.07910720357490682, 0.07917212704157889]"
sampleJointGoalAndSignal_afterNewGoal,session_11_player1,11.0,7,1,closer_to_player2,9,"[0.5, 0.9822040930407727, 0.9995235613987813, 0.9995516424312655, 0.9999876072562932, 0.9999989282124435, 0.999999447364837, 0.999999708244163, 0.9999998430205995]"
sampleJointGoalAndSignal_afterNewGoal,session_11_player2,11.0,7,2,closer_to_player2,9,"[0.5, 0.5613129627436371, 0.9998574535414243, 0.999999863223964, 0.9999999582262651, 0.9999999999619552, 0.9999999999999726, 1.0, 1.0]"
sampleJointGoalAndSignal_afterNewGoal,session_11_player1,11.0,8,1,closer_to_player2,9,"[0.5, 0.5034829762907747, 0.5062369490316005, 0.5029047290133983, 0.5092938325370904, 0.5382513993094183, 0.5397648050230585, 0.5403907152105668, 0.5406119712193455]"
sampleJointGoalAndSignal_afterNewGoal,session_11_player2,11.0,8,2,closer_to_player2,11,"[0.5, 0.4163057903059809, 0.5239076001506741, 0.9294871896847687, 0.8682565912914124, 0.7671542903087339, 0.9999887509016243, 0.9999999993504705, 0.9999999999998815, 0.9999999999999408, 0.9999999999999706]"
sampleJointGoalAndSignal_afterNewGoal,session_12_player1,12.0,0,1,closer_to_player2,8,"[0.5, 0.9895465309330207, 0.9898760799450866, 0.9998897010434125, 0.9999965789906002, 0.9999965789906002, 0.9999982583481092, 0.9999991148165568]"
sampleJointGoalAndSignal_afterNewGoal,session_12_player2,12.0,0,2,closer_to_player2,7,"[0.5, 0.9999891507787065, 0.9999999995683958, 0.9999999999999455, 1.0, 1.0, 1.0]"
sampleJointGoalAndSignal_afterNewGoal,session_12_player1,12.0,1,1,closer_to_player1,6,"[0.5, 0.5047347714913045, 0.5072408822831758, 0.5018262649272394, 0.5441087124634977, 0.6419224698167744]"
sampleJointGoalAndSignal_afterNewGoal,session_12_player2,12.0,1,2,closer_to_player1,11,"[0.5, 0.5044483641156204, 0.5113487239338083, 0.5133773147628139, 0.5265652366060606, 0.5297679289776143, 0.045350125732529396, 0.050651580940549064, 0.05094526407107518, 0.05106723539288678, 0.05111042359184033]"
sampleJointGoalAndSignal_afterNewGoal,session_12_player1,12.0,3,1,closer_to_player1,10,"[0.5, 0.0017203021973773945, 0.0017249361128141903, 0.3394937739526183, 0.9881677281552327, 0.9882889521899447, 0.9883048020011184, 0.9999677443456871, 0.9999998223563461, 0.9999999980414727]"
sampleJointGoalAndSignal_afterNewGoal,session_12_player2,12.0,3,2,closer_to_player1,12,"[0.5, 0.9965922152747114, 0.9965773144138484, 0.9999883914284019, 0.9999999283399192, 0.9999999290540247, 0.9999999995621297, 0.9999999999952979, 0.9999999999998765, 0.9999999999999402, 0.9999999999999722, 0.999999999999992]"
sampleJointGoalAndSignal_afterNewGoal,session_12_player1,12.0,5,1,closer_to_player2,9,"[0.5, 0.505051214362951, 0.9897422755535864, 0.99981937867437, 0.9999923950425519, 0.9999963391607873, 0.9999982161196583, 0.9999991233824574, 0.9999995674647053]"
sampleJointGoalAndSignal_afterNewGoal,session_12_player2,12.0,5,2,closer_to_player2,9,"[0.5, 0.9996595337438655, 0.9999997282988972, 0.9999999995361146, 0.9999999999984157, 0.9999999999999853, 0.9999999999999928, 0.9999999999999966, 0.999999999999999]"
sampleJointGoalAndSignal_afterNewGoal,session_12_player1,12.0,6,1,equal_to_both,10,"[0.5, 0.993848665532102, 0.9938929888855237, 0.9999621390759368, 0.9999996004414898, 0.9999996127758957, 0.9999999958785732, 0.9999999999043351, 0.9999999999536637, 0.999999999978477]"
sampleJointGoalAndSignal_afterNewGoal,session_12_player2,12.0,6,2,equal_to_both,10,"[0.5, 0.993763735484777, 0.9938603369001769, 0.9999618719050013, 0.9999622996505907, 0.9999997674835893, 0.9999999975248036, 0.9999999999425392, 0.9999999999721724, 0.9999999999870743]"
sampleJointGoalAndSignal_afterNewGoal,session_12_player1,12.0,8,1,closer_to_player2,9,"[0.5, 0.9832244774216712, 0.9995561045208193, 0.9999831947447185, 0.9999991022066589, 0.9999999041874784, 0.9999999566231977, 0.9999999799045686, 0.9999999905058791]"
sampleJointGoalAndSignal_afterNewGoal,session_12_player2,12.0,8,2,closer_to_player2,9,"[0.5, 0.9995403278022226, 0.9997343945282537, 0.999999841183375, 0.999999999764011, 0.9999999999992121, 0.9999999999999928, 0.9999999999999999, 1.0]"
sampleJointGoalAndSignal_afterNewGoal,session_12_player1,12.0,10,1,closer_to_player1,2,"[0.5, 0.4204493335658244]"
sampleJointGoalAndSignal_afterNewGoal,session_12_player2,12.0,10,2,closer_to_player1,10,"[0.5, 0.4156773040606494, 0.5226980956473639, 0.3534732302638603, 0.21448789822381492, 0.11856094291300381, 1.0, 1.0, 1.0, 1.0]"
sampleJointGoalAndSignal_afterNewGoal,session_13_player1,13.0,0,1,closer_to_player1,8,"[0.5, 0.5909933069004288, 0.6736711204953217, 0.7428906024340418, 0.7961728352806248, 0.833055678607396, 0.8550455348626047, 0.9016195433492161]"
sampleJointGoalAndSignal_afterNewGoal,session_13_player2,13.0,0,2,closer_to_player1,9,"[0.5, 0.5034030953139028, 0.5058695773168929, 0.5073316817975351, 0.5076659479855459, 0.510071473629167, 0.5042482874026116, 0.5459421612529537, 0.651333006273599]"
sampleJointGoalAndSignal_afterNewGoal,session_13_player1,13.0,4,1,closer_to_player1,9,"[0.5, 0.9984830255539302, 0.9999981394813843, 0.9999986504316815, 0.9999999981777776, 0.9999999990889902, 0.9999999995445894, 0.9999999997723633, 0.9999999998870313]"
sampleJointGoalAndSignal_afterNewGoal,session_13_player2,13.0,4,2,closer_to_player1,9,"[0.5, 0.5028347459105197, 0.505658950246443, 0.5128086905649097, 0.5065236592407735, 0.5434137899172616, 0.5489757450393292, 0.5525080377823496, 0.5546355087490461]"
sampleJointGoalAndSignal_afterNewGoal,session_13_player1,13.0,5,1,equal_to_both,8,"[0.5, 0.9982997650157527, 0.999994282377958, 0.9999999648448681, 0.9999999996270141, 0.999999999991242, 0.9999999999957362, 0.9999999999979131]"
sampleJointGoalAndSignal_afterNewGoal,session_13_player2,13.0,5,2,equal_to_both,8,"[0.5, 0.500249980191302, 0.9991889525511373, 0.9999985780441865, 0.9999999950217966, 0.9999999963004647, 0.9999999982153847, 0.9999999999851567]"
sampleJointGoalAndSignal_afterNewGoal,session_13_player1,13.0,6,1,closer_to_player2,9,"[0.5, 0.5034831209825313, 0.5062372331712867, 0.5029048670309013, 0.5092940036717946, 0.5382516109624291, 0.5397650162648328, 0.5403909265902488, 0.540612182657649]"
sampleJointGoalAndSignal_afterNewGoal,session_13_player2,13.0,6,2,closer_to_player2,9,"[0.5, 0.5046596592486963, 0.6111862020477483, 0.44003587293438384, 0.2820260975826834, 0.9999821220889551, 0.9999999997199731, 0.9999999999999849, 0.9999999999999926]"
sampleJointGoalAndSignal_afterNewGoal,session_13_player1,13.0,7,1,closer_to_player2,9,"[0.5, 0.9830616035683231, 0.9840623767234279, 0.999708873358826, 0.999796805356393, 0.999852017395287, 0.9998853087737256, 0.9999988769377398, 0.9999994096151691]"
sampleJointGoalAndSignal_afterNewGoal,session_13_player2,13.0,7,2,closer_to_player2,9,"[0.5, 0.9996592340786179, 0.9996594674505666, 0.9996646868253313, 0.999999942828487, 0.9999999999735588, 0.9999999999999543, 0.9999999999999863, 1.0]"
sampleJointGoalAndSignal_afterNewGoal,session_13_player1,13.0,9,1,closer_to_player2,9,"[0.5, 0.9822449117242688, 0.9825708311836827, 0.9997041369991015, 0.9997071486181192, 0.9999963103851802, 0.999999924746161, 0.9999999974824901, 0.9999999998212508]"
sampleJointGoalAndSignal_afterNewGoal,session_13_player2,13.0,9,2,closer_to_player2,11,"[0.5, 0.003349033774760159, 0.9622028474961438, 0.9999864715543488, 0.9999999889991124, 0.9999999999802025, 0.9999999999999507, 0.9999999999999994, 1.0, 1.0, 1.0]"
sampleJointGoalAndSignal_afterNewGoal,session_13_player1,13.0,11,1,closer_to_player1,12,"[0.5, 0.9979273960869047, 0.9999917864087428, 0.9999929995043499, 0.9999999748486309, 0.9999999768089538, 0.9999999998908821, 0.9999999999990523, 0.9999999999995779, 0.9999999999999932, 0.9999999999999931, 0.9999999999999999]"
sampleJointGoalAndSignal_afterNewGoal,session_13_player2,13.0,11,2,closer_to_player1,9,"[0.5, 0.9832244572246376, 0.9995560912658099, 0.9995727057787039, 0.9995836707987514, 0.9999929639372398, 0.9999998159928416, 0.9999998486285964, 0.9999998536424743]"
sampleJointGoalAndSignal_afterNewGoal,session_14_player1,14.0,0,1,closer_to_player2,9,"[0.5, 0.9832243416064, 0.9995560743648227, 0.9999831742615217, 0.9999990837520686, 0.9999993739005116, 0.999999942974174, 0.9999999734046842, 0.9999999874140182]"
sampleJointGoalAndSignal_afterNewGoal,session_14_player2,14.0,0,2,closer_to_player2,11,"[0.5, 0.0024043841026779845, 0.0036715059463354248, 0.9822748140660444, 0.9999961510847355, 0.9999999976990986, 0.9999999999913196, 0.9999999999999795, 0.9999999999999999, 1.0, 1.0]"
sampleJointGoalAndSignal_afterNewGoal,session_14_player1,14.0,3,1,closer_to_player2,9,"[0.5, 0.9832133207086142, 0.9995548400728606, 0.9999823672389225, 0.9999979880617942, 0.9999990386862744, 0.9999995333272573, 0.9999997711221246, 0.9999998875235722]"
sampleJointGoalAndSignal_afterNewGoal,session_14_player2,14.0,3,2,closer_to_player2,9,"[0.5, 0.9996549593572474, 0.9999997188925761, 0.9999999995066143, 0.999999999534753, 0.999999999998887, 0.999999999999992, 0.9999999999999977, 1.0]"
sampleJointGoalAndSignal_afterNewGoal,session_14_player1,14.0,4,1,closer_to_player2,10,"[0.5, 0.9832133212010756, 0.9836377525771414, 0.999716612505862, 0.9997281757131309, 0.9999952806358156, 0.9999997850767239, 0.9999998945917083, 0.9999998945917082, 0.9999999481996792]"
sampleJointGoalAndSignal_afterNewGoal,session_14_player2,14.0,4,2,closer_to_player2,9,"[0.5, 0.9996549593566237, 0.999999718892575, 0.9999999995066143, 0.9999999999982502, 0.9999999999987759, 0.9999999999999912, 0.9999999999999974, 1.0]"
sampleJointGoalAndSignal_afterNewGoal,session_14_player1,14.0,6,1,equal_to_both,10,"[0.5, 0.9938484357228492, 0.9999345461063608, 0.999998883910502, 0.999999970289733, 0.9999999791559905, 0.9999999991814483, 0.9999999996065574, 0.9999999998086095, 0.9999999999063136]"
sampleJointGoalAndSignal_afterNewGoal,session_14_player2,14.0,6,2,equal_to_both,10,"[0.5, 0.9928571067820136, 0.9999120870733732, 0.999998249762385, 0.9999999187880434, 0.999999970928265, 0.9999999862646286, 0.9999999932898966, 0.99999999684744, 0.9999999991070924]"
sampleJointGoalAndSignal_afterNewGoal,session_14_player1,14.0,7,1,equal_to_both,8,"[0.5, 0.9983472327131011, 0.999994556137976, 0.9999999669372707, 0.9999999671558144, 0.9999999998351259, 0.9999999998149883, 0.9999999999992066]"
sampleJointGoalAndSignal_afterNewGoal,session_14_player2,14.0,7,2,equal_to_both,8,"[0.5, 0.5078608218939558, 0.6353398933090624, 0.9997542330016767, 0.9999985735126906, 0.99999999831041, 0.9999999999960385, 0.999999999999983]"
sampleJointGoalAndSignal_afterNewGoal,session_14_player1,14.0,8,1,equal_to_both,9,"[0.5, 0.9966444404398354, 0.9999792727359402, 0.9999794855434554, 0.9999796551722332, 0.9999999297738786, 0.999999999550433, 0.9999999999940806, 0.9999999999972523]"
sampleJointGoalAndSignal_afterNewGoal,session_14_player2,14.0,8,2,equal_to_both,13,"[0.5, 0.0033628156654812954, 2.0825671298960187e-05, 0.02525783239439821, 0.9379818961323828, 0.9997771752052554, 0.9997783003833624, 0.9997791590094859, 0.9997832506597382, 0.999999824194606, 0.9999999996737219, 0.9999999997812632, 0.9999999999996374]"
sampleJointGoalAndSignal_afterNewGoal,session_14_player1,14.0,9,1,closer_to_player1,6,"[0.5, 0.37717050228978943, 0.9985930423273582, 0.9999976295082932, 0.9999999926921453, 0.9999999999613706]"
sampleJointGoalAndSignal_afterNewGoal,session_14_player2,14.0,9,2,closer_to_player1,12,"[0.5, 0.996594388671102, 0.9999787524576393, 0.9999997740966701, 0.9999997855813607, 0.9999999976549263, 0.9999999999307199, 0.9999999999663675, 0.9999999999843733, 0.9999999999955186, 0.9999999999999345, 0.9999999999999994]"
sampleJointGoalAndSignal_afterNewGoal,session_14_player1,14.0,10,1,closer_to_player1,9,"[0.5, 0.9995411870758575, 0.9999994961910343, 0.9999997213067815, 0.9999999989633593, 0.9999999999975278, 0.9999999999999842, 0.9999999999999999, 1.0]"
sampleJointGoalAndSignal_afterNewGoal,session_14_player2,14.0,10,2,closer_to_player1,9,"[0.5, 0.9832206689740866, 0.9995558153604335, 0.9999831750132891, 0.9999991011620861, 0.9999993728503318, 0.9999999544463687, 0.9999999788754185, 0.9999999900090277]"
sampleJointGoalAndSignal_afterNewGoal,session_14_player1,14.0,11,1,closer_to_player1,6,"[0.5, 0.6662646772345107, 1.0, 1.0, 1.0, 1.0]"
sampleJointGoalAndSignal_afterNewGoal,session_14_player2,14.0,11,2,closer_to_player1,6,"[0.5, 0.984088710159, 0.9908447817402322, 0.9947670491827147, 0.9970550972323794, 0.9983899468615751]"
sampleJointGoalAndSignal_afterNewGoal,session_15_player1,15.0,0,1,equal_to_both,10,"[0.5, 0.9938480064755545, 0.9999345285889012, 0.9999988830784693, 0.999999970040275, 0.9999999795144019, 0.9999999990655974, 0.9999999995655151, 0.9999999998038214, 0.9999999999434237]"
sampleJointGoalAndSignal_afterNewGoal,session_15_player2,15.0,0,2,equal_to_both,10,"[0.5, 0.4998881789354837, 0.9966448170149497, 0.9999792746823626, 0.999979471833589, 0.9999793234018652, 0.9999999467119507, 0.9999999997324761, 0.9999999996998168, 0.9999999999987103]"
sampleJointGoalAndSignal_afterNewGoal,session_15_player1,15.0,2,1,closer_to_player1,9,"[0.5, 0.9996595310137523, 0.9999997282986854, 0.9999999995360369, 0.9999999999984058, 0.9999999999999817, 0.9999999999999999, 1.0, 1.0]"
sampleJointGoalAndSignal_afterNewGoal,session_15_player2,15.0,2,2,closer_to_player1,9,"[0.5, 0.9822384817251854, 0.9995275346359935, 0.9999821166570725, 0.9999990564120061, 0.999999930867775, 0.9999999884722344, 0.9999999947579931, 0.9999999975428199]"
sampleJointGoalAndSignal_afterNewGoal,session_15_player1,15.0,4,1,closer_to_player1,6,"[0.5, 0.516709446488902, 0.5621147694081794, 0.5721498429806, 0.5756492909754028, 0.5777509075387525]"
sampleJointGoalAndSignal_afterNewGoal,session_15_player2,15.0,4,2,closer_to_player1,9,"[0.5, 0.5034379190792883, 0.5059016477656314, 0.5073629344809909, 0.5085441078354614, 0.5027301882486876, 0.49690581096498077, 0.44875414322132295, 0.6212679575034956]"
sampleJointGoalAndSignal_afterNewGoal,session_15_player1,15.0,5,1,equal_to_both,14,"[0.5, 0.4999375626263139, 0.4998460323753076, 0.49978359500994296, 0.9966380886204766, 0.999979214950359, 0.9999997806609905, 0.9999997873999115, 0.9999999977432543, 0.9999999999475905, 0.9999999999745054, 0.9999999599489681, 0.9999999455292109, 0.9999999733363338]"
sampleJointGoalAndSignal_afterNewGoal,session_15_player2,15.0,5,2,equal_to_both,10,"[0.5, 0.9937365025154851, 0.9938604802683586, 0.9999618356093509, 0.9999630747632076, 0.9999997688957091, 0.9999999963363085, 0.9999999982063288, 0.9999999991571676, 0.9999999997612796]"
sampleJointGoalAndSignal_afterNewGoal,session_15_player1,15.0,6,1,closer_to_player2,11,"[0.5, 0.003402164611344743, 0.003416802427178592, 0.0034260566315007846, 0.0034282207733120594, 0.6738685100651437, 0.9984015192719516, 0.9999902227480028, 0.9999998969489797, 0.9999999123815559, 0.9999999131383175]"
sampleJointGoalAndSignal_afterNewGoal,session_15_player2,15.0,6,2,closer_to_player2,11,"[0.5, 0.9978805345326193, 0.9980483025177257, 0.9999965700832192, 0.9999966337740955, 0.9999999940784355, 0.999999999979032, 0.9999999999997982, 0.9999999999999054, 0.9999999999999732, 0.9999999999999998]"
sampleJointGoalAndSignal_afterNewGoal,session_15_player1,15.0,9,1,closer_to_player2,9,"[0.5, 0.5045056491710727, 0.5077605776938129, 0.5036960704624749, 0.5107585693557349, 0.5476217107486867, 0.5531750704669172, 0.5567010382866794, 0.5588244924969208]"
sampleJointGoalAndSignal_afterNewGoal,session_15_player2,15.0,9,2,closer_to_player2,9,"[0.5, 0.4167302166697316, 0.3457649406821858, 0.4218812142367489, 0.9999495395242705, 0.9999360606281328, 0.9999999990009126, 0.9999999991410888, 0.9999999999999867]"
sampleJointGoalAndSignal_afterNewGoal,session_15_player1,15.0,10,1,closer_to_player1,7,"[0.5, 0.9999444515753539, 0.9999999905302344, 0.9999999999956352, 0.9999999999999933, 1.0, 1.0]"
sampleJointGoalAndSignal_afterNewGoal,session_15_player2,15.0,10,2,closer_to_player1,9,"[0.5, 0.5181577683137178, 0.6523768477213157, 0.4928221239474519, 0.983666695586783, 0.9998422798305757, 0.9999982368734701, 0.9999999624310703, 0.9999999814279034]"
sampleJointGoalAndSignal_afterNewGoal,session_15_player1,15.0,11,1,equal_to_both,9,"[0.5, 0.4994792201139484, 0.9983437427557709, 0.9999945441912195, 0.9999999668604843, 0.9999999996520439, 0.9999999999940412, 0.999999999995055, 0.9999999999954146]"
sampleJointGoalAndSignal_afterNewGoal,session_15_player2,15.0,11,2,equal_to_both,9,"[0.5, 0.9966362509040259, 0.9966593065123545, 0.9999883374143419, 0.9999999252672669, 0.9999999991678741, 0.9999999993969788, 0.9999999999885684, 0.9999999999967032]"
sampleJointGoalAndSignal_afterNewGoal,session_16_player1,16.0,0,1,closer_to_player2,10,"[0.5, 0.503441457660686, 0.9897033427779183, 0.9998230206980746, 0.9999953972839143, 0.9999998237853829, 0.9999999852463616, 0.9999999933915167, 0.9999999970251815, 0.9999999970251815]"
sampleJointGoalAndSignal_afterNewGoal,session_16_player2,16.0,0,2,closer_to_player2,11,"[0.5, 0.9982779169655872, 0.9999941517052502, 0.9999999637468617, 0.9999999642417806, 0.9999999660435875, 0.99999998060684, 0.9999999997524237, 0.9999999999994195, 0.9999999999999976, 1.0]"
sampleJointGoalAndSignal_afterNewGoal,session_16_player1,16.0,1,1,closer_to_player2,9,"[0.5, 0.5033920252474733, 0.9897012513566806, 0.9998230140447085, 0.9998275501834958, 0.9999970881995307, 0.9999999242994251, 0.9999999369913312, 0.9999999383147116]"
sampleJointGoalAndSignal_afterNewGoal,session_16_player2,16.0,1,2,closer_to_player2,9,"[0.5, 0.9995402078401103, 0.9997345866167532, 0.9999995985512752, 0.9999999995604858, 0.999999999998952, 0.9999999999999958, 1.0, 1.0]"
sampleJointGoalAndSignal_afterNewGoal,session_16_player1,16.0,7,1,closer_to_player1,12,"[0.5, 0.7267354497226441, 0.9999148844082955, 0.999786583781065, 0.9999994197020301, 0.9999998924004454, 0.999999999776144, 0.9999999999996692, 0.9999999999999993, 0.9999999999999993, 1.0, 1.0]"
sampleJointGoalAndSignal_afterNewGoal,session_16_player2,16.0,7,2,closer_to_player1,9,"[0.5, 0.9822160894271327, 0.9995266198281427, 0.9999820129290008, 0.999983211551167, 0.99999933599484, 0.9999999319324643, 0.999999966531414, 0.9999999831044944]"
sampleJointGoalAndSignal_afterNewGoal,session_16_player1,16.0,8,1,closer_to_player1,6,"[0.5, 0.5046667614543485, 0.507140463128025, 0.5017334272036497, 0.5440157003161707, 0.6418359523812739]"
sampleJointGoalAndSignal_afterNewGoal,session_16_player2,16.0,8,2,closer_to_player1,9,"[0.5, 0.5045321576447945, 0.5061122598945772, 0.5079387888017298, 0.5033921662335548, 0.4981394818820825, 0.5040552244751161, 0.5774369559076232, 0.5776543159388803]"
sampleJointGoalAndSignal_afterNewGoal,session_16_player1,16.0,9,1,closer_to_player1,7,"[0.5, 0.9999844886945185, 0.9999844840461964, 0.9999868058679908, 0.9999999999578881, 0.9999999999999964, 1.0]"
sampleJointGoalAndSignal_afterNewGoal,session_16_player2,16.0,9,2,closer_to_player1,7,"[0.5, 0.5893420909948849, 0.6682642417172838, 0.7320495501633792, 0.6580180224220714, 0.7975379263208577, 0.9261861420560256]"
sampleJointGoalAndSignal_afterNewGoal,session_16_player1,16.0,10,1,equal_to_both,11,"[0.5, 0.0033556100168188317, 0.6626104436962604, 0.9982866635697464, 0.999989413913922, 0.999989747675358, 0.9999899769640296, 0.999990464697557, 0.9999999774206999, 0.9999999998742826, 0.9999999999643923]"
sampleJointGoalAndSignal_afterNewGoal,session_16_player2,16.0,10,2,equal_to_both,9,"[0.5, 0.9966393578381771, 0.9999792026793007, 0.9999997802536846, 0.9999999962005067, 0.9999999998509339, 0.9999999999284722, 0.9999999999652078, 0.9999999999829692]"
sampleJointGoalAndSignal_afterNewGoal,session_16_player1,16.0,11,1,closer_to_player2,6,"[0.5, 0.6673793712250389, 0.805806744743602, 0.9348987329810705, 0.9999471766598933, 0.9999999671076185]"
sampleJointGoalAndSignal_afterNewGoal,session_16_player2,16.0,11,2,closer_to_player2,6,"[0.5, 0.9999631282891612, 0.9999999979654257, 0.9999999999996241, 0.9999999999999998, 1.0]"
sampleJointGoalAndSignal_afterNewGoal,session_17_player1,17.0,0,1,closer_to_player2,9,"[0.5, 0.5028455307683121, 0.5056600245929965, 0.5017300975846132, 0.4965913588116196, 0.4907775301283028, 0.4849564819727486, 0.436956936853431, 0.609953845717484]"
sampleJointGoalAndSignal_afterNewGoal,session_17_player2,17.0,0,2,closer_to_player2,9,"[0.5, 0.6228061352775393, 0.99968202950878, 0.999566472701617, 0.999999921271313, 0.9999999999582595, 0.999999999979134, 0.9999999999895702, 0.999999999994824]"
sampleJointGoalAndSignal_afterNewGoal,session_17_player1,17.0,1,1,closer_to_player2,14,"[0.5, 0.01677862183481638, 0.9071182851213968, 0.9059687590394055, 0.9998213408587184, 0.9999993943088297, 0.9999999961042535, 0.9999999973131398, 0.9999999999702274, 0.9999999999859996, 0.9999999999960436, 0.9999999999999676, 0.9999999999999999, 1.0]"
sampleJointGoalAndSignal_afterNewGoal,session_17_player2,17.0,1,2,closer_to_player2,8,"[0.5, 0.997599599996537, 0.06661280912524535, 0.967384026004946, 0.9998463757743844, 0.9999987303929363, 0.9999999814228405, 0.9999999819304412]"
sampleJointGoalAndSignal_afterNewGoal,session_17_player1,17.0,4,1,equal_to_both,10,"[0.5, 0.9924135511805837, 0.9942372520248275, 0.9999617646655864, 0.9999742984284631, 0.9999826519651442, 0.9999928038006697, 0.999999963672207, 0.9999999996763788, 0.9999999999983535]"
sampleJointGoalAndSignal_afterNewGoal,session_17_player2,17.0,4,2,equal_to_both,10,"[0.5, 0.4993774535145501, 0.996632510883637, 0.996644006098203, 0.9999889431922104, 0.9999888360660669, 0.9999999722127768, 0.9999999618560488, 0.9999999999358328, 0.9999999999998014]"
sampleJointGoalAndSignal_afterNewGoal,session_17_player1,17.0,5,1,closer_to_player1,15,"[0.5, 0.4990812030295781, 0.4916588212087764, 0.49493772299899413, 0.4197732270891896, 0.5008882965609895, 0.9999630692072914, 0.9999530983754716, 0.9999452675203627, 0.9999999998333945, 0.9999999992653363, 0.9999999993704535, 0.9999999972239524, 0.9999999976211552, 0.9999999999999634]"
sampleJointGoalAndSignal_afterNewGoal,session_17_player2,17.0,5,2,closer_to_player1,9,"[0.5, 0.5035047968893136, 0.5052051992955697, 0.5070203484334406, 0.5134079080506022, 0.5423410453305938, 0.5438524215142047, 0.5444774638010902, 0.5446984098017074]"
sampleJointGoalAndSignal_afterNewGoal,session_17_player1,17.0,6,1,closer_to_player1,6,"[0.5, 0.5046666752853441, 0.507140322195839, 0.5130538737708413, 0.470373961803084, 0.5715502193561193]"
sampleJointGoalAndSignal_afterNewGoal,session_17_player2,17.0,6,2,closer_to_player1,9,"[0.5, 0.5030078822861714, 0.5052831548148717, 0.5071105788998138, 0.5135047443903731, 0.5424435531887828, 0.5439555166234612, 0.5445805433302834, 0.5448014812049641]"
sampleJointGoalAndSignal_afterNewGoal,session_17_player1,17.0,7,1,equal_to_both,15,"[0.5, 0.5121177356180145, 0.989778046711766, 0.9998198859417302, 0.9999952080756149, 0.9999998087851022, 0.9999999794198499, 0.9999897902577097, 0.9999934727752735, 0.999999517706528, 0.9999997754511237, 0.9999998956007998, 0.9999999528621377, 0.9999999528621377, 0.999999986405836]"
sampleJointGoalAndSignal_afterNewGoal,session_17_player2,17.0,7,2,equal_to_both,12,"[0.5, 0.9828669630025672, 0.9995382617209184, 0.9999822557956807, 0.9999834840013114, 0.9999993731667969, 0.9999999657849149, 0.9999999774633421, 0.9999999843104619, 0.9999999990371057, 0.9999999995543398, 0.9999999997936263]"
sampleJointGoalAndSignal_afterNewGoal,session_17_player1,17.0,9,1,closer_to_player2,9,"[0.5, 0.5184680593585761, 0.6508615393097724, 0.9828682907825094, 0.9827241523731682, 0.9995127367883472, 0.9996909370632869, 0.9998015032578643, 0.9998717737711285]"
sampleJointGoalAndSignal_afterNewGoal,session_17_player2,17.0,9,2,closer_to_player2,11,"[0.5, 0.9996537453808185, 0.9996639685117669, 0.9999998830257472, 0.9999999162460765, 0.9999999999556853, 0.9999999999783822, 0.9999999999934562, 0.9999999998007402, 0.9999999999997252, 0.9999999999996055]"
sampleJointGoalAndSignal_afterNewGoal,session_17_player1,17.0,10,1,equal_to_both,11,"[0.5, 0.9894522360352315, 0.999817435889124, 0.9999952263448925, 0.9999998134502913, 0.999999983600737, 0.9999999923980514, 0.9999999964053896, 0.9999999982739937, 0.9999999991639892, 0.9999999996116765]"
sampleJointGoalAndSignal_afterNewGoal,session_17_player2,17.0,10,2,equal_to_both,11,"[0.5, 0.9883644188101147, 0.9997811072211956, 0.9999938204518092, 0.99999974305267, 0.9999998621200249, 0.9999999915482612, 0.9999999961370821, 0.9999999981500063, 0.9999999991040697, 0.9999999995838488]"
sampleJointGoalAndSignal_afterNewGoal,session_17_player1,17.0,11,1,closer_to_player1,7,"[0.5, 0.9998466952787575, 0.9999999721867986, 0.9999999999852552, 0.9999999999926291, 0.9999999999963156, 0.9999999999981716]"
sampleJointGoalAndSignal_afterNewGoal,session_17_player2,17.0,11,2,closer_to_player1,11,"[0.5, 0.5034887604924111, 0.506303113315551, 0.5134491606816979, 0.5329677927604591, 0.5329677927604591, 0.5329677927604591, 0.5413276355626772, 0.546893814957446, 0.5504290635035882, 0.5525584129285934]"
sampleJointGoalAndSignal_afterNewGoal,session_18_player1,18.0,0,1,closer_to_player2,9,"[0.5, 0.5034386874930658, 0.5054187419316745, 0.5007333976760799, 0.5839825471966246, 0.6548982046202954, 0.7079682129383847, 0.741318322992178, 0.8165956476688307]"
sampleJointGoalAndSignal_afterNewGoal,session_18_player2,18.0,0,2,closer_to_player2,6,"[0.5, 0.5833231973825662, 0.6543336044024713, 0.5781611980771985, 0.7327608310263113, 0.8467471162559643]"
sampleJointGoalAndSignal_afterNewGoal,session_18_player1,18.0,2,1,closer_to_player1,5,"[0.5, 0.394357193731475, 0.999388732095459, 0.9999994784819716, 0.9999999991228157]"
sampleJointGoalAndSignal_afterNewGoal,session_18_player2,18.0,2,2,closer_to_player1,12,"[0.5, 0.9965910629455166, 0.996587658935053, 0.9965864035318415, 0.9999941297318315, 0.9999943294480051, 0.9999999898107748, 0.9999999999413316, 0.9999999999721564, 0.9999999999921715, 0.9999999999999675, 0.9999999999999999]"
sampleJointGoalAndSignal_afterNewGoal,session_18_player1,18.0,3,1,closer_to_player1,10,"[0.5, 0.9991810736947232, 0.9999985550405665, 0.9999986173012875, 0.9999999967203405, 0.9999999999843306, 0.9999999999997715, 0.9999999999999338, 0.999999999999999, 1.0]"
sampleJointGoalAndSignal_afterNewGoal,session_18_player2,18.0,3,2,closer_to_player1,10,"[0.5, 0.9832240838733329, 0.9995560668667939, 0.9999831743324079, 0.9999990837684031, 0.99999937392185, 0.9999999429761555, 0.999999973405644, 0.999999973405644, 0.999999987414485]"
sampleJointGoalAndSignal_afterNewGoal,session_18_player1,18.0,7,1,closer_to_player2,9,"[0.5, 0.9831531115884671, 0.9995539907005002, 0.9999830703427474, 0.9999990655795705, 0.999999863342021, 0.9999999356535213, 0.9999999689030034, 0.9999999846272337]"
sampleJointGoalAndSignal_afterNewGoal,session_18_player2,18.0,7,2,closer_to_player2,9,"[0.5, 0.9995263805431328, 0.9999994445828801, 0.9999999973255495, 0.9999999992400938, 0.9999999999964457, 0.9999999999999897, 1.0, 1.0]"
sampleJointGoalAndSignal_afterNewGoal,session_18_player1,18.0,9,1,closer_to_player2,12,"[0.5, 0.0017205645348014208, 5.8347256016340205e-06, 0.0017246743542639748, 0.0017264930717739572, 0.3465463875503441, 0.9887889604690226, 0.9998822811662135, 0.9999980108663695, 0.9999980628222347, 0.9999977252322336, 0.999999987934927]"
sampleJointGoalAndSignal_afterNewGoal,session_18_player2,18.0,9,2,closer_to_player2,8,"[0.5, 0.9998346266896058, 0.9999999260422918, 0.9999999999202472, 0.9999999999998124, 0.9999999999999991, 1.0, 1.0]"
sampleJointGoalAndSignal_afterNewGoal,session_18_player1,18.0,10,1,equal_to_both,10,"[0.5, 0.9938486648524517, 0.9999345463921252, 0.9999988838786847, 0.999998935849004, 0.9999999816261697, 0.9999999992820711, 0.9999999996552756, 0.9999999998330288, 0.9999999999224426]"
sampleJointGoalAndSignal_afterNewGoal,session_18_player2,18.0,10,2,equal_to_both,10,"[0.5, 0.993763736579861, 0.9999324793198162, 0.999934623927291, 0.9999993086750787, 0.9999993310173262, 0.999999992878506, 0.9999999998346769, 0.9999999999199359, 0.999999999962811]"
sampleJointGoalAndSignal_afterNewGoal,session_18_player1,18.0,11,1,equal_to_both,9,"[0.5, 0.49947922011329504, 0.9983437427557932, 0.9983105387591674, 0.9972998421013002, 0.9999985173664253, 0.9999999982439187, 0.9999999999958824, 0.9999999999999823]"
sampleJointGoalAndSignal_afterNewGoal,session_18_player2,18.0,11,2,equal_to_both,9,"[0.5, 0.9966362507281062, 0.9999791595556152, 0.9999997794239812, 0.9999999961617284, 0.999999997260551, 0.9999999980147889, 0.9999999990238023, 0.999999999986901]"
sampleJointGoalAndSignal_afterNewGoal,session_19_player1,19.0,1,1,equal_to_both,12,"[0.5, 0.006151636138829992, 0.6456908262109964, 0.6456893579526941, 0.9981539409791748, 0.9999886028027406, 0.9999887200869798, 0.9999888127394129, 0.9999892056277547, 0.9999915345299887, 0.9999999937133, 0.9999999999895773]"
sampleJointGoalAndSignal_afterNewGoal,session_19_player2,19.0,1,2,equal_to_both,10,"[0.5, 0.993843042858069, 0.9999344032327128, 0.9999355242380923, 0.999999319473089, 0.9999999882486422, 0.9999999995408693, 0.9999999997795638, 0.9999999998932299, 0.9999999999504058]"
sampleJointGoalAndSignal_afterNewGoal,session_19_player1,19.0,2,1,closer_to_player1,6,"[0.5, 0.5016195744921302, 0.5087679328685718, 0.5672943240768391, 0.5708036947433235, 0.5729115046052226]"
sampleJointGoalAndSignal_afterNewGoal,session_19_player2,19.0,2,2,closer_to_player1,9,"[0.5, 0.5185036283267974, 0.5288254559376383, 0.5548073411892877, 0.5667451834016896, 0.5749835572057092, 0.5804578492681489, 0.5839304505764086, 0.5860204658412581]"
sampleJointGoalAndSignal_afterNewGoal,session_19_player1,19.0,3,1,closer_to_player2,12,"[0.5, 0.4965947949694748, 0.49440340904532937, 0.49317823080621853, 0.48860969482185634, 0.4902398359229798, 0.570430091046023, 0.3989499574704749, 0.9999895093897728, 0.9999999998360872, 0.9999999999999912, 0.9999999999999957]"
sampleJointGoalAndSignal_afterNewGoal,session_19_player2,19.0,3,2,closer_to_player2,6,"[0.5, 0.5167346820833564, 0.5621982461978015, 0.5722274796748829, 0.5757262979555913, 0.5778277614444712]"
sampleJointGoalAndSignal_afterNewGoal,session_19_player1,19.0,4,1,closer_to_player2,9,"[0.5, 0.983215621863266, 0.9995544964066826, 0.9999822117132355, 0.9999879740150956, 0.9999914507956231, 0.9999995871238885, 0.9999997918995527, 0.9999998942110216]"
sampleJointGoalAndSignal_afterNewGoal,session_19_player2,19.0,4,2,closer_to_player2,9,"[0.5, 0.5031819560879485, 0.9998315136681116, 0.9999999228088781, 0.9999999999138591, 0.9999999999640679, 0.9999999999999178, 0.9999999999999997, 1.0]"
sampleJointGoalAndSignal_afterNewGoal,session_19_player1,19.0,5,1,closer_to_player1,6,"[0.5, 0.5007648726617309, 0.4996319843623808, 0.9993629359113192, 0.9999990401717137, 0.9999999966639037]"
sampleJointGoalAndSignal_afterNewGoal,session_19_player2,19.0,5,2,closer_to_player1,14,"[0.5, 0.9965626773082352, 0.9999782671146606, 0.9999997655137685, 0.9999999957717344, 0.9999999998028247, 0.9999999999068689, 0.9999999983975714, 0.9999999973298647, 0.9999999986991613, 0.9999999993604056, 0.9999999996845607, 0.9999999998504379, 0.9999999999580436]"
sampleJointGoalAndSignal_afterNewGoal,session_19_player1,19.0,6,1,equal_to_both,9,"[0.5, 0.9966310381732107, 0.9999784911647126, 0.9999996224416889, 0.9999998142630391, 0.9999999082791219, 0.9999999564441221, 0.9999999877365686, 0.9999999999489987]"
sampleJointGoalAndSignal_afterNewGoal,session_19_player2,19.0,6,2,equal_to_both,9,"[0.5, 0.9966356156276083, 0.9999791902450736, 0.9999997802403557, 0.9999999962018239, 0.9999999972216624, 0.9999999999351076, 0.9999999999683852, 0.999999999984465]"
sampleJointGoalAndSignal_afterNewGoal,session_19_player1,19.0,10,1,closer_to_player1,9,"[0.5, 0.623269768422442, 0.9996832424317349, 0.9999998548990021, 0.9999999998306693, 0.9999999999997012, 0.9999999999999987, 1.0, 1.0]"
sampleJointGoalAndSignal_afterNewGoal,session_19_player2,19.0,10,2,closer_to_player1,9,"[0.5, 0.9831558944713211, 0.9835543277425451, 0.983806926644431, 0.9837153596762471, 0.9999246968424941, 0.9999993795444923, 0.9999992675462188, 0.9999999961381176]"
sampleJointGoalAndSignal_afterNewGoal,session_19_player1,19.0,11,1,closer_to_player2,12,"[0.5, 0.4801925071239455, 0.3456585274009177, 0.5054558850700709, 0.6671765164743105, 0.7999204702920273, 0.9166317524308526, 0.9999983228755566, 0.9999999999519834, 0.9999999999999969, 1.0, 1.0]"
sampleJointGoalAndSignal_afterNewGoal,session_19_player2,19.0,11,2,closer_to_player2,6,"[0.5, 0.500345596556444, 0.49872210870181055, 0.9993730174696751, 0.9999990809366116, 0.9999999969127176]"
sampleJointGoalAndSignal_afterNewGoal,session_20_player1,20.0,0,1,equal_to_both,11,"[0.5, 0.5000003248515852, 0.500000404179332, 0.9966416152045311, 0.9999792127013942, 0.9999794742884612, 0.9999802188542508, 0.9999999312759638, 0.9999999995381301, 0.9999999999941992, 0.9999999999998646]"
sampleJointGoalAndSignal_afterNewGoal,session_20_player2,20.0,0,2,equal_to_both,11,"[0.5, 0.9893255836952873, 0.9998126878075615, 0.9999950372145753, 0.9999953448470502, 0.9999954745568291, 0.9999955689321206, 0.9999999514842295, 0.9999999991339538, 0.9999999999717161, 0.9999999999872289]"
sampleJointGoalAndSignal_afterNewGoal,session_20_player1,20.0,1,1,equal_to_both,6,"[0.5, 0.999651170790126, 0.9999997895172005, 0.9999999997193928, 0.9999999996641303, 0.9999999999997138]"
sampleJointGoalAndSignal_afterNewGoal,session_20_player2,20.0,1,2,equal_to_both,6,"[0.5, 0.9992679303185004, 0.9997881691524676, 0.999999839282512, 0.9999999999045559, 0.9999999999999155]"
sampleJointGoalAndSignal_afterNewGoal,session_20_player1,20.0,2,1,closer_to_player1,8,"[0.5, 0.49076312486932333, 0.9955234251787669, 0.9926831924834085, 0.9999773133872952, 0.9999998803956418, 0.9999999989826975, 0.9999999999867776]"
sampleJointGoalAndSignal_afterNewGoal,session_20_player2,20.0,2,2,closer_to_player1,14,"[0.5, 0.4969688685129357, 0.010007608483493894, 0.9243741117216228, 0.9260023671894458, 0.9999120009850313, 0.9999997908535735, 0.9999998823273512, 0.9999999996093774, 0.999999999993707, 0.9999999999999456, 0.9999999999999993, 1.0, 1.0]"
sampleJointGoalAndSignal_afterNewGoal,session_20_player1,20.0,3,1,closer_to_player2,11,"[0.5, 0.9832483077424574, 0.9836333568658483, 0.9997234918876134, 0.9999929191439922, 0.9999997339118054, 0.9999999857421762, 0.999999988669979, 0.999999999257715, 0.9999999992577149, 0.9999999992577149]"
sampleJointGoalAndSignal_afterNewGoal,session_20_player2,20.0,3,2,closer_to_player2,12,"[0.5, 0.004320456112768581, 0.007192142240212812, 0.9711962543184902, 0.9999821816938741, 0.9999999734048688, 0.9999999997855368, 0.9999999999989069, 0.999999999999993, 0.9999999999999999, 1.0, 1.0]"
sampleJointGoalAndSignal_afterNewGoal,session_20_player1,20.0,5,1,equal_to_both,14,"[0.5, 0.006197939644919782, 6.673899495612027e-05, 0.0367435680262835, 0.9172104116278483, 0.9994313995866069, 0.9999938542194589, 0.9999942221819244, 0.9999999375245956, 0.9999999552916489, 0.9999999992912415, 0.9999999996530057, 0.9999999998369501, 0.9999999999538184]"
sampleJointGoalAndSignal_afterNewGoal,session_20_player2,20.0,5,2,equal_to_both,10,"[0.5, 0.9938462114469641, 0.9999344726584697, 0.9999988815740839, 0.9999989344451601, 0.9999999815998721, 0.9999999992774506, 0.9999999996527109, 0.9999999998310612, 0.9999999999173038]"
sampleJointGoalAndSignal_afterNewGoal,session_20_player1,20.0,7,1,closer_to_player1,6,"[0.5, 0.5832724357761451, 0.47682683873584625, 0.6457925499753693, 0.7848309213862412, 0.8802377643137093]"
sampleJointGoalAndSignal_afterNewGoal,session_20_player2,20.0,7,2,closer_to_player1,9,"[0.5, 0.5035101254771449, 0.5051564962730712, 0.5070214941328445, 0.5140757999600217, 0.5509019247942795, 0.5564471172461699, 0.5599677980299601, 0.5620879131283558]"
sampleJointGoalAndSignal_afterNewGoal,session_20_player1,20.0,8,1,closer_to_player1,8,"[0.5, 0.3329968801275571, 0.9999257616733194, 0.9999050000313261, 0.9999999985220736, 0.9999999999999338, 0.9999999999999437, 1.0]"
sampleJointGoalAndSignal_afterNewGoal,session_20_player2,20.0,8,2,closer_to_player1,8,"[0.5, 0.5041129963085376, 0.5066981397951019, 0.5087272331696129, 0.5171280595395544, 0.5700262341297755, 0.5715677303416098, 0.5721971793673479]"
sampleJointGoalAndSignal_afterNewGoal,session_20_player1,20.0,9,1,closer_to_player2,12,"[0.5, 0.491896403364851, 0.9991693879220191, 0.9991651797800826, 0.999999333449221, 0.9999999988624607, 0.9999999999961715, 0.9999999999999764, 0.9999999999999998, 1.0, 1.0, 1.0]"
sampleJointGoalAndSignal_afterNewGoal,session_20_player2,20.0,9,2,closer_to_player2,6,"[0.5, 0.9938712519194732, 0.9939965898128217, 0.9999613141591267, 0.9999994903471358, 0.9999997633464026]"
sampleJointGoalAndSignal_afterNewGoal,session_20_player1,20.0,11,1,closer_to_player2,7,"[0.5, 0.5882566586675706, 0.6666281652422338, 0.7299700589465188, 0.7754537946247954, 0.7400133687129133, 0.8515332227195757]"
sampleJointGoalAndSignal_afterNewGoal,session_20_player2,20.0,11,2,closer_to_player2,7,"[0.5, 0.9998465593622538, 0.9997959905993967, 0.999999988238555, 0.9999999999978628, 0.9999999999989317, 0.9999999999994699]"
sampleJointGoalAndSignal_afterNewGoal,session_21_player1,21.0,0,1,closer_to_player1,6,"[0.5, 0.37699660162257215, 0.9985919295997671, 0.9999976312215525, 0.9999999927094324, 0.9999999999609802]"
sampleJointGoalAndSignal_afterNewGoal,session_21_player2,21.0,0,2,closer_to_player1,16,"[0.5, 0.36873088724338265, 0.027273525860270237, 0.036963075323540526, 0.051609809595849966, 0.9944970922603259, 0.9982979821952132, 0.9999995489736931, 0.9999999998895618, 0.9999999999406073, 0.9999999998941074, 0.9999999999999567, 1.0, 1.0, 1.0, 1.0]"
sampleJointGoalAndSignal_afterNewGoal,session_21_player1,21.0,3,1,closer_to_player2,9,"[0.5, 0.5035101254771449, 0.5063342598546101, 0.5024019067777873, 0.5094583612095982, 0.49449377372647724, 0.46719361535487985, 0.5510132317238354, 0.5531420616126331]"
sampleJointGoalAndSignal_afterNewGoal,session_21_player2,21.0,3,2,closer_to_player2,6,"[0.5, 0.5832724357761451, 0.6542393530834425, 0.5781215697290304, 0.7327295483576948, 0.8467266605917563]"
sampleJointGoalAndSignal_afterNewGoal,session_21_player1,21.0,4,1,equal_to_both,4,"[0.5, 0.9999722484547672, 0.999999997635602, 0.9999999999994573]"
sampleJointGoalAndSignal_afterNewGoal,session_21_player2,21.0,4,2,equal_to_both,6,"[0.5, 5.2018345848207185e-05, 0.8709519684956255, 0.9999958879857038, 0.9999999996496697, 0.9999999999999196]"
sampleJointGoalAndSignal_afterNewGoal,session_21_player1,21.0,5,1,closer_to_player1,9,"[0.5, 0.41636254656799676, 0.5238141261524424, 0.35480238348139814, 0.9999326054534934, 0.9999999961083006, 0.9999999999992906, 0.9999999999996453, 0.9999999999998239]"
sampleJointGoalAndSignal_afterNewGoal,session_21_player2,21.0,5,2,closer_to_player1,11,"[0.5, 0.5034548841791626, 0.5057049502989643, 0.5065819325714191, 0.5077296362759174, 0.5139999863222544, 0.5631073654953839, 0.02858812771225931, 0.04217500326940426, 0.0422769125058727, 0.04231299810539289]"
sampleJointGoalAndSignal_afterNewGoal,session_21_player1,21.0,6,1,equal_to_both,8,"[0.5, 0.49950918798794586, 0.49327843317288705, 0.999750474599471, 0.9999998530105668, 0.9999999998040732, 0.9999999999994352, 0.9999999999999964]"
sampleJointGoalAndSignal_afterNewGoal,session_21_player2,21.0,6,2,equal_to_both,8,"[0.5, 0.5028864297263966, 0.9991944311417919, 0.9992329952046798, 0.9999991538840887, 0.9999996212248616, 0.9999999993317891, 0.9999999999972211]"
sampleJointGoalAndSignal_afterNewGoal,session_21_player1,21.0,7,1,closer_to_player2,9,"[0.5, 0.5034561414917134, 0.5056478121929917, 0.5071090636119663, 0.5074436048233343, 0.5098491529842293, 0.5162041170082954, 0.47004820326717245, 0.579486209246877]"
sampleJointGoalAndSignal_afterNewGoal,session_21_player2,21.0,7,2,closer_to_player2,11,"[0.5, 0.6364555628838916, 0.4669538312067006, 0.998268685113201, 0.9999978761448283, 0.9999999935255922, 0.9999999967625043, 0.9999999983814324, 0.9999999991908838, 0.9999999995955637, 0.9999999997992913]"
sampleJointGoalAndSignal_afterNewGoal,session_21_player1,21.0,8,1,equal_to_both,9,"[0.5, 0.5000003208885595, 0.49999239143854657, 0.9992062232266973, 0.9992203075180575, 0.9999993683985026, 0.9999995046685645, 0.9999999996321556, 0.9999999999993902]"
sampleJointGoalAndSignal_afterNewGoal,session_21_player2,21.0,8,2,equal_to_both,9,"[0.5, 0.9966371843345189, 0.999979174328701, 0.9999997797870508, 0.9999999961897555, 0.9999999998511477, 0.9999999999287129, 0.9999999999654765, 0.9999999999839642]"
sampleJointGoalAndSignal_afterNewGoal,session_21_player1,21.0,11,1,closer_to_player2,11,"[0.5, 0.9831891739065659, 0.09305763053189925, 0.09368297683712891, 0.09143568398690942, 0.9586331365430873, 0.9339780066347412, 0.9997824874787155, 0.9999988532715243, 0.9999999902406871, 0.9999999998709718]"
sampleJointGoalAndSignal_afterNewGoal,session_21_player2,21.0,11,2,closer_to_player2,11,"[0.5, 0.003298550079439409, 0.9615761356389874, 0.9999861814333553, 0.999999988987159, 0.9999999999812136, 0.9999999999999368, 0.9999999999999996, 1.0, 1.0, 1.0]"
sampleJointGoalAndSignal_afterNewGoal,session_22_player1,22.0,3,1,equal_to_both,12,"[0.5, 0.9811855241947887, 0.9994521570018309, 0.9999774300978321, 0.9999832617490659, 0.999984799492304, 0.9999995922944057, 0.9999999698741819, 0.9999999859739523, 0.9999999934789, 0.9999999970556231, 0.9999999991508666]"
sampleJointGoalAndSignal_afterNewGoal,session_22_player2,22.0,3,2,equal_to_both,12,"[0.5, 0.9828662095789774, 0.9995382202496971, 0.9999822534330635, 0.999983482554972, 0.9999993731078382, 0.999999420984439, 0.9999999775406164, 0.9999999978050016, 0.9999999989930998, 0.999999999533972, 0.9999999997841945]"
sampleJointGoalAndSignal_afterNewGoal,session_22_player1,22.0,5,1,equal_to_both,11,"[0.5, 0.499947750112285, 0.9938417602402353, 0.999934389459442, 0.9999988795566146, 0.999998933133375, 0.9999999815773263, 0.9999999992802209, 0.9999999996544221, 0.9999999998326163, 0.9999999999222511]"
sampleJointGoalAndSignal_afterNewGoal,session_22_player2,22.0,5,2,equal_to_both,11,"[0.5, 0.9893313168289986, 0.9998127766909037, 0.9998200158561521, 0.9999969260308166, 0.9999999180844499, 0.9999999950271599, 0.9999999976540035, 0.9999999988736484, 0.999999999454442, 0.9999999997465907]"
sampleJointGoalAndSignal_afterNewGoal,session_22_player1,22.0,6,1,closer_to_player2,11,"[0.5, 0.5034526405547213, 0.5057020757059149, 0.5075169041476957, 0.502974398102978, 0.4977217928886258, 0.49231507486024234, 0.041691210784656964, 0.052779642559145065, 0.06192997642440445, 0.09021616993924161]"
sampleJointGoalAndSignal_afterNewGoal,session_22_player2,22.0,6,2,closer_to_player2,4,"[0.5, 0.5615946233081277, 0.6028402831556982, 0.6951145707493785]"
sampleJointGoalAndSignal_afterNewGoal,session_22_player1,22.0,7,1,closer_to_player1,9,"[0.5, 0.6226302298537256, 0.9996817568576242, 0.999999840889508, 0.999999999785169, 0.9999999999998167, 0.9999999999999997, 1.0, 1.0]"
sampleJointGoalAndSignal_afterNewGoal,session_22_player2,22.0,7,2,closer_to_player1,9,"[0.5, 0.983224083170941, 0.9836256419781099, 0.9997168800807565, 0.9999926329729107, 0.999999715148604, 0.9999999740554567, 0.9999999879001787, 0.9999999942738805]"
sampleJointGoalAndSignal_afterNewGoal,session_22_player1,22.0,8,1,closer_to_player2,9,"[0.5, 0.41636523919931734, 0.34498476593158905, 0.42216035768192334, 0.9999492710410102, 0.999935575016304, 0.9999248185669702, 0.999910471423557, 1.0]"
sampleJointGoalAndSignal_afterNewGoal,session_22_player2,22.0,8,2,closer_to_player2,3,"[0.5, 0.5423184982164647, 0.6402641056930091]"
sampleJointGoalAndSignal_afterNewGoal,session_22_player1,22.0,9,1,closer_to_player2,9,"[0.5, 0.9832481779606782, 0.9836331422023499, 0.9997234819908773, 0.9999929187497792, 0.9999931369996181, 0.9999998601249049, 0.9999999953845088, 0.9999999996976202]"
sampleJointGoalAndSignal_afterNewGoal,session_22_player2,22.0,9,2,closer_to_player2,9,"[0.5, 0.9995110982640768, 0.9999995999725712, 0.9999999993331989, 0.9999999999977207, 0.9999999999999785, 0.9999999999999999, 1.0, 1.0]"
sampleJointGoalAndSignal_afterNewGoal,session_22_player1,22.0,11,1,closer_to_player1,9,"[0.5, 0.9995197591310941, 0.9999995956446478, 0.9999997154708561, 0.9999999996254081, 0.9999999998129049, 0.9999999999065449, 0.999999999953962, 0.9999999999845942]"
sampleJointGoalAndSignal_afterNewGoal,session_22_player2,22.0,11,2,closer_to_player1,9,"[0.5, 0.5038550974443224, 0.5058054531839957, 0.5011031677568671, 0.5843533218352964, 0.6554475270141478, 0.7130309384610015, 0.8215062302184089, 0.9997631088423022]"
sampleJointGoalAndSignal_afterNewGoal,session_23_player1,23.0,0,1,equal_to_both,12,"[0.5, 0.982978771507495, 0.999544933678285, 0.9999826638749529, 0.9999835779009236, 0.9999841888517491, 0.9999995885558275, 0.9999996100889086, 0.9999996247151546, 0.9999996514619199, 0.999999995622585, 0.9999999998978304]"
sampleJointGoalAndSignal_afterNewGoal,session_23_player2,23.0,0,2,equal_to_both,12,"[0.5, 0.49986312469269134, 0.9893198002738459, 0.9998125852450495, 0.999820188780818, 0.9999969295070718, 0.9999999199222095, 0.9999999969176288, 0.9999999978434114, 0.9999999983829184, 0.9999999987250442, 0.9999999999702422]"
sampleJointGoalAndSignal_afterNewGoal,session_23_player1,23.0,1,1,closer_to_player1,3,"[0.5, 0.9991488924378124, 0.9999985694462638]"
sampleJointGoalAndSignal_afterNewGoal,session_23_player2,23.0,1,2,closer_to_player1,13,"[0.5, 0.9996390636607722, 0.9999994915642587, 0.9999997413629874, 0.9999998726440733, 0.999999961492807, 0.9999492662291394, 0.9999999945011204, 0.9999999999992961, 0.9999999999999999, 1.0, 1.0, 1.0]"
sampleJointGoalAndSignal_afterNewGoal,session_23_player1,23.0,2,1,closer_to_player1,9,"[0.5, 0.5031672337653672, 0.42828941233522494, 0.5084553162839782, 0.9999644007417602, 0.9999999979479965, 0.9999999999996272, 0.9999999999998136, 0.9999999999999075]"
sampleJointGoalAndSignal_afterNewGoal,session_23_player2,23.0,2,2,closer_to_player1,9,"[0.5, 0.5028347455546692, 0.5056589502855002, 0.5128086913971509, 0.5065236626301602, 0.5434137889844294, 0.5489757442469368, 0.5525080370743969, 0.5546355080887965]"
sampleJointGoalAndSignal_afterNewGoal,session_23_player1,23.0,4,1,closer_to_player2,13,"[0.5, 0.9984747330395359, 0.9978219920856416, 0.7183956910384968, 0.5585810875354592, 0.9998830113593417, 0.9999999797013017, 0.9999999999931605, 0.9999999999999946, 0.9999999999999947, 1.0, 1.0, 1.0]"
sampleJointGoalAndSignal_afterNewGoal,session_23_player2,23.0,4,2,closer_to_player2,5,"[0.5, 1.541440481458286e-05, 1.1181322063069525e-05, 0.06100833144978326, 0.993750784916459]"
sampleJointGoalAndSignal_afterNewGoal,session_23_player1,23.0,6,1,closer_to_player1,7,"[0.5, 0.9999541515002255, 0.9999999956081589, 0.99999999999888, 0.9999999999999993, 1.0, 1.0]"
sampleJointGoalAndSignal_afterNewGoal,session_23_player2,23.0,6,2,closer_to_player1,9,"[0.5, 0.4213965319271098, 0.5596636926923148, 0.9774702477202891, 0.9996220727468369, 0.9999930936476555, 0.9999946380265815, 0.9999998857459511, 0.9999999435188263]"
sampleJointGoalAndSignal_afterNewGoal,session_23_player1,23.0,7,1,equal_to_both,12,"[0.5, 0.9828010646566808, 0.9995349575784265, 0.9999820829692293, 0.9999990432703005, 0.9999999299430878, 0.9999999567022668, 0.9999999712149543, 0.9999999976735867, 0.9999999989194035, 0.9999999994915234, 0.9999999997703991]"
sampleJointGoalAndSignal_afterNewGoal,session_23_player2,23.0,7,2,equal_to_both,12,"[0.5, 0.499973227572586, 0.9894477611847405, 0.9895686115672256, 0.9998885164989826, 0.9999981001878991, 0.9999999505554821, 0.9999999981005503, 0.9999999998464848, 0.9999999999286943, 0.9999999999664471, 0.9999999999848493]"
sampleJointGoalAndSignal_afterNewGoal,session_23_player1,23.0,11,1,closer_to_player2,9,"[0.5, 0.5025862878978467, 0.5051494018297619, 0.5066591274628657, 0.5078549226586128, 0.5147415269619033, 0.5729794535977959, 0.5764690198552453, 0.578569467640303]"
sampleJointGoalAndSignal_afterNewGoal,session_23_player2,23.0,11,2,closer_to_player2,9,"[0.5, 0.41673033194576825, 0.5231716509044436, 0.9998601494551093, 0.9999999746097757, 0.9999999809043341, 0.9999999849300458, 0.9999999999991924, 0.9999999999995992]"
sampleJointGoalAndSignal_afterNewGoal,session_24_player1,24.0,0,1,closer_to_player2,14,"[0.5, 0.4955104031644159, 0.4802363553265151, 0.34441915175829135, 0.5033975829970844, 0.66579565449382, 0.7986135248850003, 0.9043854602671292, 0.9999996290170448, 0.999999999997101, 0.9999999241395802, 0.9999999999990902, 1.0, 1.0]"
sampleJointGoalAndSignal_afterNewGoal,session_24_player2,24.0,0,2,closer_to_player2,6,"[0.5, 0.9965901324401047, 0.9999675760391455, 0.9999838161782076, 0.9999919045573724, 0.9999959496786376]"
sampleJointGoalAndSignal_afterNewGoal,session_24_player1,24.0,1,1,equal_to_both,9,"[0.5, 0.9966442571600499, 0.9999792698088624, 0.9999794835502872, 0.9999998735930975, 0.9999998761989056, 0.9999999992074611, 0.9999999999895649, 0.9999999999951561]"
sampleJointGoalAndSignal_afterNewGoal,session_24_player2,24.0,1,2,equal_to_both,9,"[0.5, 0.9966442577206723, 0.996659442867426, 0.9999887319373145, 0.9999888251342891, 0.9999999614270193, 0.9999999634221066, 0.9999999998525577, 0.9999999999987357]"
sampleJointGoalAndSignal_afterNewGoal,session_24_player1,24.0,3,1,closer_to_player2,9,"[0.5, 0.9832156218015479, 0.9995544964125817, 0.9995813197175295, 0.9999886545853988, 0.9999919346110658, 0.9999938553176052, 0.9999998357337321, 0.9999999164943871]"
sampleJointGoalAndSignal_afterNewGoal,session_24_player2,24.0,3,2,closer_to_player2,11,"[0.5, 0.0032999061312393653, 0.9615524675738158, 0.9999861775684049, 0.9999865161413997, 0.9999918521891709, 0.9999999982628389, 0.9999999999989512, 0.9999999999999969, 1.0, 1.0]"
sampleJointGoalAndSignal_afterNewGoal,session_24_player1,24.0,4,1,closer_to_player1,7,"[0.5, 0.9999444851137768, 0.9999999905375535, 0.9999999999954098, 0.9999999999999961, 1.0, 1.0]"
sampleJointGoalAndSignal_afterNewGoal,session_24_player2,24.0,4,2,closer_to_player1,7,"[0.5, 0.5995135458739581, 0.7878753798172877, 0.9983467674929593, 0.9999932385751797, 0.9999999603190594, 0.9999999599245477]"
sampleJointGoalAndSignal_afterNewGoal,session_24_player1,24.0,6,1,closer_to_player1,11,"[0.5, 0.5059892155378041, 0.41726856290694225, 0.5424338001446452, 0.37213328065890994, 0.9997397720749597, 0.9996534789004182, 0.999999979984531, 0.9999999842397943, 0.9999999864947983, 0.999999988659197]"
sampleJointGoalAndSignal_afterNewGoal,session_24_player2,24.0,6,2,closer_to_player1,9,"[0.5, 0.5033991647714974, 0.5058729101574809, 0.507090463992065, 0.5038730799322736, 0.5790654970375342, 0.6379348214792476, 0.6761200640993678, 0.7581969606270985]"
sampleJointGoalAndSignal_afterNewGoal,session_24_player1,24.0,7,1,closer_to_player1,11,"[0.5, 0.48981476042897276, 0.48250009255157456, 0.47787996421722445, 0.4795233797431679, 0.4190065497823631, 0.37891649340418015, 0.4525017278919255, 1.0, 1.0, 1.0]"
sampleJointGoalAndSignal_afterNewGoal,session_24_player2,24.0,7,2,closer_to_player1,9,"[0.5, 0.5028347459105197, 0.505658950246443, 0.5017265115325629, 0.5087831791971102, 0.49381845923296236, 0.5523774806130864, 0.5559046835804561, 0.5580289238400503]"
sampleJointGoalAndSignal_afterNewGoal,session_24_player1,24.0,9,1,closer_to_player2,10,"[0.5, 0.5053843589489241, 0.4963036922665403, 0.487549410357034, 0.497577698084456, 0.4161741633478738, 0.5407850971291688, 0.996829925808076, 0.9968299258080758, 0.9974074273274658]"
sampleJointGoalAndSignal_afterNewGoal,session_24_player2,24.0,9,2,closer_to_player2,9,"[0.5, 0.4167572022147276, 0.3455665987410255, 0.29208556201073477, 0.9999620401039995, 0.9999999982877581, 0.9999999986671986, 0.9999999999999126, 0.9999999999999708]"
sampleJointGoalAndSignal_afterNewGoal,session_25_player1,25.0,0,1,closer_to_player1,9,"[0.5, 0.4167302166697656, 0.34576494068222263, 0.29263850880897607, 0.33419439692071623, 0.9999861274797996, 0.9999838634904246, 0.9999806619968485, 1.0]"
sampleJointGoalAndSignal_afterNewGoal,session_25_player2,25.0,0,2,closer_to_player1,9,"[0.5, 0.5035278621744455, 0.5058066748074604, 0.5076840803175087, 0.5147445015591504, 0.49977921348028986, 0.5582656674292719, 0.5617832871495969, 0.5639014674049174]"
sampleJointGoalAndSignal_afterNewGoal,session_25_player1,25.0,1,1,closer_to_player1,11,"[0.5, 0.9982791714329688, 0.9999941702071535, 0.9999999639801592, 0.9999999996188613, 0.9999999999933536, 0.999999999999722, 0.9999999999998666, 0.999999999999935, 0.9999999999999682, 0.999999999999985]"
sampleJointGoalAndSignal_afterNewGoal,session_25_player2,25.0,1,2,closer_to_player1,9,"[0.5, 0.9829434469324401, 0.9840728787750069, 0.9846777621272044, 0.985047070424913, 0.9852684809834814, 0.9999480090605338, 0.9999996043661197, 0.9999998141028934]"
sampleJointGoalAndSignal_afterNewGoal,session_25_player1,25.0,2,1,equal_to_both,12,"[0.5, 0.9828669665797526, 0.9831940153512386, 0.9997073467357536, 0.9997142114970834, 0.9997186020570767, 0.9997212671185294, 0.9999983067109597, 0.9999983179059075, 0.9999999915553128, 0.9999999905243849, 0.9999999999592863]"
sampleJointGoalAndSignal_afterNewGoal,session_25_player2,25.0,2,2,equal_to_both,12,"[0.5, 0.5120843531296537, 0.9897771539895811, 0.9998198780315511, 0.9999952080522793, 0.9999998087880644, 0.9999998777522584, 0.9999999909669813, 0.9999999957943865, 0.9999999980446932, 0.999999999117149, 0.9999999997453932]"
sampleJointGoalAndSignal_afterNewGoal,session_25_player1,25.0,3,1,equal_to_both,12,"[0.5, 0.9828001928526259, 0.9832178883974249, 0.999707612239441, 0.9999923618904202, 0.9999997100521096, 0.99999998434722, 0.9999999981809512, 0.9999999991759602, 0.9999999996172448, 0.9999999998198944, 0.9999999999186739]"
sampleJointGoalAndSignal_afterNewGoal,session_25_player2,25.0,3,2,equal_to_both,12,"[0.5, 0.4999762496688699, 0.9894478528020743, 0.9895687362100506, 0.9998885177667477, 0.9999981002084117, 0.999998149571309, 0.9999981879342194, 0.9999982858873475, 0.9999999884800367, 0.9999999998553167, 0.999999999996623]"
sampleJointGoalAndSignal_afterNewGoal,session_25_player1,25.0,5,1,closer_to_player2,11,"[0.5, 0.5035047978043886, 0.5062692358793691, 0.5127263458284572, 0.5259156182013126, 0.529118775346574, 0.5306360271600755, 0.5312635707773146, 0.015565196757195128, 0.020816137567041454, 0.020834303738786454]"
sampleJointGoalAndSignal_afterNewGoal,session_25_player2,25.0,5,2,closer_to_player2,6,"[0.5, 0.5015793832253759, 0.49612786560724287, 0.5020503729273573, 0.4594149707641362, 0.5607296888021265]"
sampleJointGoalAndSignal_afterNewGoal,session_25_player1,25.0,6,1,closer_to_player1,6,"[0.5, 0.5046667614536975, 0.5071404631300677, 0.5130540375285373, 0.586197452555731, 0.5864135369882315]"
sampleJointGoalAndSignal_afterNewGoal,session_25_player2,25.0,6,2,closer_to_player1,9,"[0.5, 0.5045359656632611, 0.5077370829188783, 0.5144363296766351, 0.5278747696573916, 0.5311210993520206, 0.5326382414497071, 0.5332654700970512, 0.5334871948831041]"
sampleJointGoalAndSignal_afterNewGoal,session_25_player1,25.0,10,1,equal_to_both,10,"[0.5, 0.99384866485348, 0.9999345463921885, 0.9999988838786901, 0.9999999703010488, 0.9999999791658167, 0.999999984752264, 0.9999999996460761, 0.9999999998285729, 0.9999999999203729]"
sampleJointGoalAndSignal_afterNewGoal,session_25_player2,25.0,10,2,equal_to_both,10,"[0.5, 0.49996512858030445, 0.9966367123027031, 0.9999791713705782, 0.9999997797556176, 0.9999999961892171, 0.9999999998511282, 0.9999999999287036, 0.999999999965472, 0.999999999983962]"
sampleJointGoalAndSignal_afterNewGoal,session_25_player1,25.0,11,1,closer_to_player2,9,"[0.5, 0.5278601478296177, 0.5335425229727747, 0.9946251306243546, 0.9999427057282275, 0.9999990093171804, 0.9999999596413646, 0.9999999813263203, 0.9999999915826215]"
sampleJointGoalAndSignal_afterNewGoal,session_25_player2,25.0,11,2,closer_to_player2,10,"[0.5, 0.9992012728325065, 0.9999986345852705, 0.9999999954035306, 0.9999999999716546, 0.9999999999720355, 0.999999999999822, 0.999999999999998, 0.9999999999999984, 1.0]"
sampleJointGoalAndSignal_afterNewGoal,session_26_player1,26.0,0,1,closer_to_player1,9,"[0.5, 0.4992370556432752, 0.5003780717516214, 0.999945837187324, 0.9999642300530686, 0.9999999982406402, 0.9999999999997061, 0.9999999999999998, 1.0]"
sampleJointGoalAndSignal_afterNewGoal,session_26_player2,26.0,0,2,closer_to_player1,9,"[0.5, 0.5227159761087219, 0.526511674415407, 0.9944848586380546, 0.9946277454563416, 0.9999661848834719, 0.9999993708303392, 0.999999679761646, 0.999999839397715]"
sampleJointGoalAndSignal_afterNewGoal,session_26_player1,26.0,1,1,closer_to_player1,4,"[0.5, 0.9993769347007988, 0.9999990803431759, 0.9999999960963852]"
sampleJointGoalAndSignal_afterNewGoal,session_26_player2,26.0,1,2,closer_to_player1,12,"[0.5, 0.4819289369208826, 0.3480286747143432, 0.5076341450343811, 0.6726037933756011, 0.8626956777592846, 0.9999876825303577, 0.9999999988964332, 0.9999999999998099, 0.9999999999999999, 1.0, 1.0]"
sampleJointGoalAndSignal_afterNewGoal,session_26_player1,26.0,3,1,closer_to_player2,9,"[0.5, 0.5034962388086708, 0.5064766947739242, 0.5184670236240911, 0.43940383211807826, 0.36068545545473474, 0.48241029641189287, 0.9959979250798743, 0.9967264956570934]"
sampleJointGoalAndSignal_afterNewGoal,session_26_player2,26.0,3,2,closer_to_player2,9,"[0.5, 0.4167679144265388, 0.9997491009628359, 0.9997509618175625, 0.9997528485883465, 0.9999999888495141, 0.9999999999979794, 0.9999999999990047, 0.9999999999996669]"
sampleJointGoalAndSignal_afterNewGoal,session_26_player1,26.0,6,1,equal_to_both,9,"[0.5, 0.996641049553926, 0.9966561908998427, 0.9999887101903356, 0.999999930382562, 0.9999999992590257, 0.9999999999828009, 0.9999999999916693, 0.9999999999961305]"
sampleJointGoalAndSignal_afterNewGoal,session_26_player2,26.0,6,2,equal_to_both,9,"[0.5, 0.9966371813001651, 0.9999791742903914, 0.9999997797864357, 0.9999999961897412, 0.9999999972172082, 0.9999999999353983, 0.9999999999687141, 0.999999999985468]"
sampleJointGoalAndSignal_afterNewGoal,session_26_player1,26.0,7,1,closer_to_player2,9,"[0.5, 0.503438272230645, 0.5059019252740409, 0.5073631573654553, 0.5085442951322466, 0.5154235576314917, 0.5736411215827587, 0.5771290394694132, 0.5792286008224465]"
sampleJointGoalAndSignal_afterNewGoal,session_26_player2,26.0,7,2,closer_to_player2,9,"[0.5, 0.4167281387274481, 0.34576162812717076, 0.4218791714695916, 0.9999495391205261, 0.9999999970913036, 0.9999999999994715, 0.9999999999997359, 0.9999999999998689]"
sampleJointGoalAndSignal_afterNewGoal,session_26_player1,26.0,8,1,equal_to_both,9,"[0.5, 0.0008319979119920308, 0.637682443451391, 0.6265115640752166, 0.4987144798543678, 0.9999338507877795, 0.9999999887702691, 0.9999999999955284, 0.9999999999999962]"
sampleJointGoalAndSignal_afterNewGoal,session_26_player2,26.0,8,2,equal_to_both,7,"[0.5, 0.9991415880223571, 0.9999975132855085, 0.9999988383248312, 0.9999996718755163, 0.9999999993794698, 0.9999999999991933]"
sampleJointGoalAndSignal_afterNewGoal,session_26_player1,26.0,10,1,equal_to_both,10,"[0.5, 0.9938418946920429, 0.9999342879371006, 0.9999372175879739, 0.9999993223398578, 0.9999995143587687, 0.9999999923018938, 0.9999999962308098, 0.9999999982288745, 0.9999999994983534]"
sampleJointGoalAndSignal_afterNewGoal,session_26_player2,26.0,10,2,equal_to_both,10,"[0.5, 0.9937986767199836, 0.9938594695325637, 0.9999618937307236, 0.9999622980123242, 0.9999625197748799, 0.9999998748309349, 0.9999999992285206, 0.9999999999903045, 0.999999999995254]"
sampleJointGoalAndSignal_afterNewGoal,session_26_player1,26.0,11,1,closer_to_player1,6,"[0.5, 0.5837159019270735, 0.6552842506385776, 0.7089873223675341, 0.6669116340385826, 0.8013603956340962]"
sampleJointGoalAndSignal_afterNewGoal,session_26_player2,26.0,11,2,closer_to_player1,12,"[0.5, 0.4969674940397763, 0.48692522197321286, 0.479711855935369, 0.4751511206322383, 0.4767785355331167, 0.41633187228206314, 0.4639355719540668, 0.9999919542981346, 0.9999999998742889, 0.9999999998919038, 0.9999999999999982]"
sampleJointGoalAndSignal_afterNewGoal,session_27_player1,27.0,1,1,closer_to_player2,9,"[0.5, 0.504100598761537, 0.5065311805600388, 0.5079531078385685, 0.9967555551114912, 0.9967963795431424, 0.9999892039633144, 0.9999999205179554, 0.9999999606482239]"
sampleJointGoalAndSignal_afterNewGoal,session_27_player2,27.0,1,2,closer_to_player2,9,"[0.5, 0.9996592388402534, 0.9996594405440845, 0.9999998826657733, 0.9999999999031601, 0.9999999999997453, 0.999999999999878, 0.9999999999999655, 0.9999999999999999]"
sampleJointGoalAndSignal_afterNewGoal,session_27_player1,27.0,3,1,closer_to_player1,7,"[0.5, 0.9999551049635672, 0.9999999940051226, 0.999999999996828, 0.9999999999984526, 0.9999999999995316, 0.9999999999999999]"
sampleJointGoalAndSignal_afterNewGoal,session_27_player2,27.0,3,2,closer_to_player1,10,"[0.5, 0.502986328371102, 0.5130593557978161, 0.5208780842409693, 0.5353456657952477, 0.6716001854832305, 0.9980318927344626, 0.9999882201385859, 0.9999882201385859, 0.9999923908266272]"
sampleJointGoalAndSignal_afterNewGoal,session_27_player1,27.0,4,1,closer_to_player2,9,"[0.5, 0.42159982209667946, 0.9780005137980915, 0.9995938024792779, 0.9996023235392536, 0.9999932261772152, 0.9999998158586123, 0.9999999877216965, 0.9999999936964097]"
sampleJointGoalAndSignal_afterNewGoal,session_27_player2,27.0,4,2,closer_to_player2,9,"[0.5, 0.999822285894171, 0.999999938641124, 0.9999999998983125, 0.9999999999998858, 0.9999999999999998, 1.0, 1.0, 1.0]"
sampleJointGoalAndSignal_afterNewGoal,session_27_player1,27.0,8,1,equal_to_both,9,"[0.5, 0.5000003208734043, 0.4999923913010309, 0.9992062232288298, 0.9992203075183604, 0.9993042337302678, 0.9999997919658047, 0.9999999998455091, 0.9999999999997439]"
sampleJointGoalAndSignal_afterNewGoal,session_27_player2,27.0,8,2,equal_to_both,9,"[0.5, 0.9966371498134415, 0.9966540741772418, 0.9999887017460702, 0.9999999303199154, 0.9999999992582377, 0.9999999999827802, 0.9999999999916607, 0.9999999999961265]"
sampleJointGoalAndSignal_afterNewGoal,session_27_player1,27.0,9,1,closer_to_player1,6,"[0.5, 0.9945490661956907, 0.9999827788882714, 0.9999999072515359, 0.9999999991943798, 0.9999999999893222]"
sampleJointGoalAndSignal_afterNewGoal,session_27_player2,27.0,9,2,closer_to_player1,14,"[0.5, 0.4970176537268651, 0.9982104371352463, 0.9999937104412148, 0.9999942401126489, 0.9999999720428776, 0.9999999995837588, 0.9999999998804388, 0.999999999998251, 0.9999999999999857, 0.9999999999930956, 0.9999999999998506, 0.999999999999995, 0.9999999999999998]"
sampleJointGoalAndSignal_afterNewGoal,session_27_player1,27.0,10,1,closer_to_player1,6,"[0.5, 0.5046667614508336, 0.5071404631258877, 0.5130540375257889, 0.5861974525633142, 0.5864135369957667]"
sampleJointGoalAndSignal_afterNewGoal,session_27_player2,27.0,10,2,closer_to_player1,12,"[0.5, 0.4964719398967346, 0.49419659273853234, 0.49332770593131614, 0.49296181226381003, 0.494661558038298, 0.43319481614056293, 0.4820779480137491, 0.9999924551139244, 0.999999999881822, 0.9999999998987312, 0.9999999999999984]"
sampleJointGoalAndSignal_afterNewGoal,session_27_player1,27.0,11,1,closer_to_player2,9,"[0.5, 0.9320155493839875, 0.9971103045235137, 0.9970580158152239, 0.9999194863311268, 0.9999215406500672, 0.9999983864145228, 0.9999999449902699, 0.9999999958043426]"
sampleJointGoalAndSignal_afterNewGoal,session_27_player2,27.0,11,2,closer_to_player2,9,"[0.5, 0.9996549744358021, 0.9999997189292318, 0.9999999995047544, 0.99999999999833, 0.9999999999999893, 0.9999999999999998, 1.0, 1.0]"
sampleJointGoalAndSignal_afterNewGoal,session_28_player1,28.0,1,1,closer_to_player1,5,"[0.5, 0.9999929311390139, 0.9999999999136355, 0.999999999999994, 1.0]"
sampleJointGoalAndSignal_afterNewGoal,session_28_player2,28.0,1,2,closer_to_player1,11,"[0.5, 0.5029771416801061, 0.5131453931430889, 0.5210635372033373, 0.5083146350943311, 0.3938701642429775, 0.5712160102059011, 3.5380633569335745e-05, 6.963092637967719e-05, 0.34605768059499126, 0.9996528945486625]"
sampleJointGoalAndSignal_afterNewGoal,session_28_player1,28.0,2,1,equal_to_both,12,"[0.5, 0.9938491074009879, 0.9999345546024196, 0.9999355602562516, 0.9999993204595939, 0.9999999884365431, 0.9999999996953657, 0.9999999997718495, 0.999999999991973, 0.9999999246140284, 0.9999999651088075, 0.9999999838427953]"
sampleJointGoalAndSignal_afterNewGoal,session_28_player2,28.0,2,2,equal_to_both,10,"[0.5, 0.9938385532450135, 0.9999343042082582, 0.9999354839787101, 0.9999993170190907, 0.9999999881137642, 0.9999999994578896, 0.9999999997479578, 0.9999999998861991, 0.9999999999671807]"
sampleJointGoalAndSignal_afterNewGoal,session_28_player1,28.0,4,1,closer_to_player1,9,"[0.5, 0.9996595064515346, 0.9999997280205232, 0.999999999524515, 0.9999999999988531, 0.9999999999999891, 0.9999999999999999, 1.0, 1.0]"
sampleJointGoalAndSignal_afterNewGoal,session_28_player2,28.0,4,2,closer_to_player1,13,"[0.5, 0.003609212821490423, 0.002566711118869454, 0.2179321720127056, 0.96266240565956, 0.9993528703341921, 0.9993594694638611, 0.9990315755627939, 0.9999948897067277, 0.999999956478087, 0.9998385830226912, 0.9999945989041679, 0.9999996175075133]"
sampleJointGoalAndSignal_afterNewGoal,session_28_player1,28.0,5,1,closer_to_player2,9,"[0.5, 0.9318686127994594, 0.9970954733222449, 0.9998788352106108, 0.9999891689077873, 0.9999949134591866, 0.9999975609785373, 0.9999988102113789, 0.9999994119057763]"
sampleJointGoalAndSignal_afterNewGoal,session_28_player2,28.0,5,2,closer_to_player2,7,"[0.5, 0.9999560908244083, 0.9999999943082644, 0.9999999999980228, 0.9999999999999988, 1.0, 1.0]"
sampleJointGoalAndSignal_afterNewGoal,session_28_player1,28.0,7,1,closer_to_player2,9,"[0.5, 0.5030324700935828, 0.5130748151516293, 0.5202882262330831, 0.5248489669749532, 0.5232218646476222, 0.5836682785884496, 0.6236677456889652, 0.7202618314442285]"
sampleJointGoalAndSignal_afterNewGoal,session_28_player2,28.0,7,2,closer_to_player2,6,"[0.5, 0.5832718612731154, 0.6542383718728702, 0.7073651087085072, 0.7407588992273951, 0.816158138259184]"
sampleJointGoalAndSignal_afterNewGoal,session_28_player1,28.0,9,1,equal_to_both,9,"[0.5, 0.5000008724596936, 0.9983014168020115, 0.9983324225935667, 0.9984399080512681, 0.9999988389560178, 0.9999999980748839, 0.9999999999935321, 0.9999999999999596]"
sampleJointGoalAndSignal_afterNewGoal,session_28_player2,28.0,9,2,equal_to_both,11,"[0.5, 0.9966417702347485, 0.9999792145438318, 0.9999997802151839, 0.9999999962474406, 0.9999992544045969, 0.9999992938072527, 0.9999999813810644, 0.9999999989106957, 0.9999999995089262, 0.9999999997848551]"
sampleJointGoalAndSignal_afterNewGoal,session_28_player1,28.0,10,1,closer_to_player2,9,"[0.5, 0.5040237862392681, 0.5023464399593331, 0.49901394598267623, 0.5054038791065736, 0.5343811334395375, 0.5358962873564431, 0.5365229413821117, 0.5367444632432656]"
sampleJointGoalAndSignal_afterNewGoal,session_28_player2,28.0,10,2,closer_to_player2,6,"[0.5, 0.3763589854916609, 0.5469051677255189, 0.7071312104602355, 0.8284822545343627, 0.9067758088726363]"
sampleJointGoalAndSignal_afterNewGoal,session_28_player1,28.0,11,1,closer_to_player1,9,"[0.5, 0.41628409807292666, 0.3447157493614223, 0.29101267763246585, 0.2574650367324833, 0.3199549075785434, 1.0, 1.0, 1.0]"
sampleJointGoalAndSignal_afterNewGoal,session_28_player2,28.0,11,2,closer_to_player1,9,"[0.5, 0.5038572027450624, 0.5063207471835932, 0.5077819642217357, 0.5081161054676779, 0.5105218277106961, 0.5046957246003119, 0.5463889761620564, 0.651769394062905]"
sampleJointGoalAndSignal_afterNewGoal,session_29_player1,29.0,0,1,closer_to_player2,9,"[0.5, 0.5024307092413233, 0.9896355268806757, 0.99982193802926, 0.9998264998499776, 0.9999970667931306, 0.9999971426617836, 0.9999966435846229, 0.9999999820429626]"
sampleJointGoalAndSignal_afterNewGoal,session_29_player2,29.0,0,2,closer_to_player2,9,"[0.5, 0.9994442516954406, 0.999999268512457, 0.999999996136969, 0.9999999993117159, 0.9999999999970018, 0.9999999999999917, 1.0, 1.0]"
sampleJointGoalAndSignal_afterNewGoal,session_29_player1,29.0,1,1,closer_to_player1,9,"[0.5, 0.9995402027642057, 0.9999994938564862, 0.9999999987691935, 0.9999999999907577, 0.9999999999973908, 0.9999999999999787, 0.9999999999999999, 1.0]"
sampleJointGoalAndSignal_afterNewGoal,session_29_player2,29.0,1,2,closer_to_player1,9,"[0.5, 0.5033920318636479, 0.9897012515226647, 0.98986225391282, 0.9898057616845332, 0.999953151867778, 0.9999356742108864, 0.9999998021282377, 0.9999999989569536]"
sampleJointGoalAndSignal_afterNewGoal,session_29_player1,29.0,3,1,closer_to_player2,9,"[0.5, 0.5034379190182381, 0.5059016476516383, 0.5073629342665338, 0.508544107266163, 0.5154233878809271, 0.5736409682574373, 0.5771288879049025, 0.5792284495727426]"
sampleJointGoalAndSignal_afterNewGoal,session_29_player2,29.0,3,2,closer_to_player2,6,"[0.5, 0.3773814719077305, 0.5479970732150353, 0.7080507844551214, 0.8291173398222105, 0.9072090705141105]"
sampleJointGoalAndSignal_afterNewGoal,session_29_player1,29.0,4,1,equal_to_both,14,"[0.5, 0.017199982574313485, 0.016782089588146115, 0.7315981134111799, 0.9961031852620104, 0.9999329723253683, 0.999998249444285, 0.999999933539759, 0.9999999963925982, 0.9999999995038025, 0.999999999779579, 0.9999999999010107, 0.9999999999553746, 0.9999999999804491]"
sampleJointGoalAndSignal_afterNewGoal,session_29_player2,29.0,4,2,equal_to_both,12,"[0.5, 0.9827981835505919, 0.9995348038268135, 0.9999820743891086, 0.999999042599086, 0.9999999296011141, 0.9999999871297531, 0.9999999945018532, 0.9999999975576386, 0.9999999989031584, 0.9999999995055319, 0.9999999997833682]"
sampleJointGoalAndSignal_afterNewGoal,session_29_player1,29.0,6,1,closer_to_player2,9,"[0.5, 0.5040243304139812, 0.5106911780302044, 0.512403882133225, 0.5184157562214216, 0.521622261764176, 0.5231418837983991, 0.5237704551973626, 0.523992664537298]"
sampleJointGoalAndSignal_afterNewGoal,session_29_player2,29.0,6,2,closer_to_player2,6,"[0.5, 0.5062849490494752, 0.509794855152946, 0.5041533263299411, 0.546438573337878, 0.4739100779652598]"
sampleJointGoalAndSignal_afterNewGoal,session_29_player1,29.0,7,1,equal_to_both,12,"[0.5, 0.9827410956510704, 0.9832353409759877, 0.9997078674347508, 0.9997153589541621, 0.9999951438452944, 0.9999998705802237, 0.9999999107769463, 0.9999999964181178, 0.9999999982865152, 0.9999999992144999, 0.9999999997709783]"
sampleJointGoalAndSignal_afterNewGoal,session_29_player2,29.0,7,2,equal_to_both,12,"[0.5, 0.48791564687044126, 0.48644558343990774, 0.9935044345419224, 0.9999307892535053, 0.9999319044855786, 0.9999325520065969, 0.9999320639304132, 0.9999998249081195, 0.9999999991210586, 0.9999999999916684, 0.9999999999922625]"
sampleJointGoalAndSignal_afterNewGoal,session_29_player1,29.0,9,1,closer_to_player1,9,"[0.5, 0.4937900568794152, 0.49635788752566606, 0.5764812462214002, 0.9999729469838325, 0.9999657209934902, 0.9999601270994694, 0.9999999998799918, 0.9999999999999982]"
sampleJointGoalAndSignal_afterNewGoal,session_29_player2,29.0,9,2,closer_to_player1,9,"[0.5, 0.5034387434242588, 0.5059023898249226, 0.507127561110596, 0.5040091680331569, 0.39821064418838686, 0.5696511563670283, 0.7258914695793862, 0.8421770020713454]"
sampleJointGoalAndSignal_afterNewGoal,session_29_player1,29.0,10,1,closer_to_player1,9,"[0.5, 0.9995411870758575, 0.9999994961910343, 0.9999999987782012, 0.9999999999908517, 0.9999999999974072, 0.9999999999999788, 0.9999999999999999, 1.0]"
sampleJointGoalAndSignal_afterNewGoal,session_29_player2,29.0,10,2,closer_to_player1,9,"[0.5, 0.9832206689740866, 0.9836235460500733, 0.9997168539496069, 0.9999926378518736, 0.9999997195089189, 0.9999999796262617, 0.9999999905520882, 0.9999999955315648]"
sampleJointGoalAndSignal_afterNewGoal,session_29_player1,29.0,11,1,equal_to_both,10,"[0.5, 0.9937602761253196, 0.9999324353606759, 0.9999988259858906, 0.9999999688177077, 0.9999999987773245, 0.9999999991809396, 0.999999999952204, 0.9999999999785093, 0.9999999999905872]"
sampleJointGoalAndSignal_afterNewGoal,session_29_player2,29.0,11,2,equal_to_both,11,"[0.5, 0.9938491254826711, 0.9999345536599152, 0.9999988849578169, 0.9999999709806814, 0.9999999725140903, 0.9999999992753281, 0.9999999999576029, 0.9999999999808868, 0.9999999999808868, 0.9999999999916263]"
sampleJointGoal_fromStart,always_committed_session_0_player1,0.0,1,1,closer_to_player1,7,"[0.5, 0.4940776807566307, 0.5367359871856892, 0.6077610730591092, 1.0, 1.0, 1.0]"
sampleJointGoal_fromStart,always_committed_session_0_player2,0.0,1,2,closer_to_player1,11,"[0.5, 0.5038649626725829, 0.5058347432439424, 0.5010466743651489, 0.5846517937329585, 0.6559606885227923, 0.5788606174476209, 0.7333170248150067, 0.07697816452225847, 0.14298552164579162, 0.2514807832552419]"
sampleJointGoal_fromStart,always_committed_session_0_player1,0.0,3,1,equal_to_both,11,"[0.5, 0.989454536474718, 0.9998175069462129, 0.999821788151038, 0.9999969635298072, 0.9999970415537434, 0.9999999496572358, 0.9999999986737413, 0.999999999006722, 0.9999999991755872, 0.999999999235549]"
sampleJointGoal_fromStart,always_committed_session_0_player2,0.0,3,2,equal_to_both,11,"[0.5, 0.9892757183732372, 0.999810940497052, 0.9998194480785029, 0.9998226918670736, 0.9998250829236313, 0.9999988789525047, 0.9999999875173292, 0.9999999909542195, 0.999999995551878, 0.9999999998699873]"
sampleJointGoal_fromStart,always_committed_session_0_player1,0.0,4,1,closer_to_player2,9,"[0.5, 0.5035084577470065, 0.5051560200808407, 0.5070207862138031, 0.5018826035162072, 0.4960679892383729, 0.4902447040173357, 0.5320232979534613, 0.4562842150263677]"
sampleJointGoal_fromStart,always_committed_session_0_player2,0.0,4,2,closer_to_player2,11,"[0.5, 0.4090033856556325, 0.3263234884288284, 0.2571030839255557, 0.34703431282903857, 0.2099121350726172, 0.11723242990741048, 0.9999475689025497, 0.9999390125651538, 0.9999999998164384, 0.9999999998468284]"
sampleJointGoal_fromStart,always_committed_session_0_player1,0.0,5,1,closer_to_player1,4,"[0.5, 0.999378615677862, 0.9999990930287957, 0.9999999969308282]"
sampleJointGoal_fromStart,always_committed_session_0_player2,0.0,5,2,closer_to_player1,14,"[0.5, 0.5785269463652492, 0.6575313255661038, 0.7314706893487991, 0.6008242441088167, 0.012279533275778036, 0.9936201521266541, 0.996792117954574, 0.9988365558829665, 0.9999999783826541, 0.9999999999993802, 1.0, 1.0, 1.0]"
sampleJointGoal_fromStart,always_committed_session_0_player1,0.0,6,1,closer_to_player1,6,"[0.5, 0.5046667614536975, 0.5071404631300677, 0.5130540375285373, 0.586197452555731, 0.5864135369882315]"
sampleJointGoal_fromStart,always_committed_session_0_player2,0.0,6,2,closer_to_player1,13,"[0.5, 0.5030078822614841, 0.5052831548027784, 0.5071105789071924, 0.5025632506327696, 0.5088359334079885, 0.5580165707970443, 0.5586379628304398, 0.023188074125969314, 0.0006012063129041202, 0.0005450118768333168, 0.0007326434619724913, 0.0007332959631615181]"
sampleJointGoal_fromStart,always_committed_session_0_player1,0.0,7,1,closer_to_player2,9,"[0.5, 0.5020230625014932, 0.9899258664456337, 0.9998309494171156, 0.9998327130685263, 0.9997470581906637, 0.9999986675173181, 0.9999999886677736, 0.9999999998502339]"
sampleJointGoal_fromStart,always_committed_session_0_player2,0.0,7,2,closer_to_player2,9,"[0.5, 0.999520832032838, 0.9999996106065986, 0.9999999993162408, 0.9999999999977014, 0.9999999999999857, 0.9999999999999998, 1.0, 1.0]"
sampleJointGoal_fromStart,always_committed_session_0_player1,0.0,9,1,equal_to_both,14,"[0.5, 0.5000047316391514, 0.5000373140261113, 0.0002992355196438401, 2.2241686501938338e-07, 3.6879026634055854e-10, 4.07732449804626e-05, 0.5488065978514983, 0.9999120066824265, 0.9999999736631819, 0.9999999999804303, 0.9999999999999676, 0.9999999999999999, 1.0]"
sampleJointGoal_fromStart,always_committed_session_0_player2,0.0,9,2,equal_to_both,8,"[0.5, 0.500004692822398, 0.5000372714384239, 0.9997008557062095, 0.9999997776528973, 0.9999999996313287, 0.9999999999987613, 0.9999999999999922]"
sampleJointGoal_fromStart,always_committed_session_0_player1,0.0,10,1,closer_to_player2,11,"[0.5, 0.0034027969358669252, 0.003406978451544561, 0.3558893796080634, 0.9812486945577964, 0.9815540418611886, 0.9998019063759933, 0.9999966045695104, 0.9999998782745415, 0.9999999414098455, 0.9999999714565636]"
sampleJointGoal_fromStart,always_committed_session_0_player2,0.0,10,2,closer_to_player2,10,"[0.5, 0.9989567575399563, 0.9999976908859084, 0.9999982340097983, 0.9999983614510471, 0.9999999981746976, 0.9999999992265761, 0.9999999999976892, 0.9999999999999936, 1.0]"
sampleJointGoal_fromStart,always_committed_session_1_player1,1.0,0,1,closer_to_player1,11,"[0.5, 0.002405615355417397, 0.0036643808130721266, 0.9582901977751757, 0.9999862390839416, 0.9999999976224507, 0.9999999999990318, 0.9999999999999991, 1.0, 1.0, 1.0]"
sampleJointGoal_fromStart,always_committed_session_1_player2,1.0,0,2,closer_to_player1,9,"[0.5, 0.9832111864272776, 0.9995552527348353, 0.9999831389798226, 0.9999843008701148, 0.9999850058441272, 0.999999607870831, 0.999999677420585, 0.9999996881059745]"
sampleJointGoal_fromStart,always_committed_session_1_player1,1.0,2,1,equal_to_both,11,"[0.5, 0.4999140332050559, 0.4998929781485141, 0.9966450092797018, 0.9999792774388707, 0.9999794737486313, 0.9999998753359985, 0.9999998761601987, 0.9999999993782829, 0.9999999993023836, 0.9999999999970026]"
sampleJointGoal_fromStart,always_committed_session_1_player2,1.0,2,2,equal_to_both,11,"[0.5, 0.5014710272260865, 0.5015850437103744, 0.9966570713518417, 0.9966801548323373, 0.9999884103275384, 0.9999999257335955, 0.9999999991730568, 0.9999999994007415, 0.9999999999886396, 0.9999999999967237]"
sampleJointGoal_fromStart,always_committed_session_1_player1,1.0,3,1,closer_to_player2,9,"[0.5, 0.5020230628414107, 0.9899258665608728, 0.9898461533005256, 0.9999225568073352, 0.9999990247543736, 0.9999999801250066, 0.9999999771503434, 0.9999999996980201]"
sampleJointGoal_fromStart,always_committed_session_1_player2,1.0,3,2,closer_to_player2,9,"[0.5, 0.9995485568822671, 0.9999994775294276, 0.9999999990858438, 0.9999999999967691, 0.9999999999999647, 0.9999999999999998, 1.0, 1.0]"
sampleJointGoal_fromStart,always_committed_session_1_player1,1.0,5,1,closer_to_player2,7,"[0.5, 0.9828629483885556, 0.9992605927743361, 0.9996429297735363, 0.9998255579745063, 0.9999140794678918, 0.9999574586676442]"
sampleJointGoal_fromStart,always_committed_session_1_player2,1.0,5,2,closer_to_player2,7,"[0.5, 0.9999961115352888, 0.9999999998545046, 0.9999999999999941, 1.0, 1.0, 1.0]"
sampleJointGoal_fromStart,always_committed_session_1_player1,1.0,6,1,closer_to_player1,6,"[0.5, 0.5836348871288317, 0.6550154281177869, 0.7086079488440417, 0.7423500095290747, 0.6829838504530388]"
sampleJointGoal_fromStart,always_committed_session_1_player2,1.0,6,2,closer_to_player1,9,"[0.5, 0.5045359656323897, 0.5077370828545674, 0.5144363295517936, 0.5101140650591188, 0.5390735253093888, 0.5405871933127052, 0.541212942823524, 0.5414341387397444]"
sampleJointGoal_fromStart,always_committed_session_1_player1,1.0,7,1,closer_to_player2,9,"[0.5, 0.9832240838733329, 0.9995560668667939, 0.9995726966582201, 0.9999888796324868, 0.9999893775975456, 0.9999896550365555, 0.9999878522473942, 0.9999999355692657]"
sampleJointGoal_fromStart,always_committed_session_1_player2,1.0,7,2,closer_to_player2,9,"[0.5, 0.9995412114052793, 0.9997344742186421, 0.9999995980107254, 0.9999999995665133, 0.9999999999988678, 0.9999999999999944, 1.0, 1.0]"
sampleJointGoal_fromStart,always_committed_session_1_player1,1.0,8,1,closer_to_player1,6,"[0.5, 0.4967799421273604, 0.5721346004975519, 0.6313561923965286, 0.6698762252033812, 0.7529572767965754]"
sampleJointGoal_fromStart,always_committed_session_1_player2,1.0,8,2,closer_to_player1,12,"[0.5, 0.49546784235520547, 0.49227072842545316, 0.4957333236726399, 0.5002804578148575, 0.505532976964052, 0.5109387597143965, 0.5599283293386361, 0.38719699032374294, 1.0, 1.0, 1.0]"
sampleJointGoal_fromStart,always_committed_session_1_player1,1.0,9,1,equal_to_both,10,"[0.5, 0.4999988374069605, 0.49999796494726695, 0.4999932333080798, 0.499960650921758, 0.9997007620452376, 0.9999997775813244, 0.9999999996312068, 0.999999999998761, 0.9999999999999922]"
sampleJointGoal_fromStart,always_committed_session_1_player2,1.0,9,2,equal_to_both,10,"[0.5, 0.99384882825925, 0.9999345475032542, 0.999998884810861, 0.9999999709805113, 0.9999999988853698, 0.999999999217372, 0.9999999994129999, 0.9999999995371828, 0.9999999999891978]"
sampleJointGoal_fromStart,always_committed_session_1_player1,1.0,10,1,equal_to_both,8,"[0.5, 0.9982965158408116, 0.998302956298581, 0.9983330408698387, 0.9985123304285082, 0.9999995548339574, 0.9999999996694097, 0.9999999999994519]"
sampleJointGoal_fromStart,always_committed_session_1_player2,1.0,10,2,equal_to_both,8,"[0.5, 0.49999200987502607, 0.4998919929879181, 0.49903060888231576, 0.9998929738622996, 0.9999999680180091, 0.9999999999762494, 0.9999999999999606]"
sampleJointGoal_fromStart,always_committed_session_2_player1,2.0,0,1,closer_to_player1,6,"[0.5, 0.5832697833302344, 0.47682831595601144, 0.6457938270441, 0.78483181670927, 0.8802383012817481]"
sampleJointGoal_fromStart,always_committed_session_2_player2,2.0,0,2,closer_to_player1,9,"[0.5, 0.5035278621744455, 0.5057097432743656, 0.5071718599728962, 0.5075061292445431, 0.505875540833752, 0.5666999105636857, 0.5187588300447774, 0.6847547467038372]"
sampleJointGoal_fromStart,always_committed_session_2_player1,2.0,2,1,closer_to_player1,9,"[0.5, 0.999526381931046, 0.9999994446047249, 0.9999999973261052, 0.9999999992402923, 0.999999999996447, 0.9999999999999897, 1.0, 1.0]"
sampleJointGoal_fromStart,always_committed_session_2_player2,2.0,2,2,closer_to_player1,11,"[0.5, 0.5024425890292795, 0.9896285042425959, 0.9998216942870376, 0.9998262655591812, 0.9780299639994988, 0.9785812474243024, 0.9996299271284882, 0.9999901328426648, 0.9999918427687803, 0.9999997166004699]"
sampleJointGoal_fromStart,always_committed_session_2_player1,2.0,3,1,equal_to_both,12,"[0.5, 0.5000267724389522, 0.5000285381209846, 0.5000286871544958, 0.9966421397652647, 0.9966619469351463, 0.9967227742512182, 0.9969336921688383, 0.999997714562308, 0.9999999962105331, 0.9999999999872684, 0.9999999999999205]"
sampleJointGoal_fromStart,always_committed_session_2_player2,2.0,3,2,equal_to_both,12,"[0.5, 0.50002375033113, 0.5000245976913503, 0.5000245258949622, 0.9966420854318448, 0.9999792163655659, 0.9999794780417501, 0.9999802231844325, 0.9999828975816062, 0.9999999716421908, 0.9999999999047253, 0.9999999999994049]"
sampleJointGoal_fromStart,always_committed_session_2_player1,2.0,5,1,closer_to_player2,9,"[0.5, 0.5035047978043886, 0.5062692358793691, 0.5029340185108891, 0.49839090179585754, 0.4931386695438465, 0.49905408113093813, 0.5725482627804693, 0.5727662769411629]"
sampleJointGoal_fromStart,always_committed_session_2_player2,2.0,5,2,closer_to_player2,6,"[0.5, 0.5047328209583425, 0.5030031432963749, 0.5645112578279513, 0.5155894489811985, 0.6818657015390656]"
sampleJointGoal_fromStart,always_committed_session_2_player1,2.0,7,1,equal_to_both,8,"[0.5, 0.49940004401592736, 0.4932595072727762, 0.999750075447261, 0.999616038294799, 0.9999999339220496, 0.9999999999731392, 0.9999999999999765]"
sampleJointGoal_fromStart,always_committed_session_2_player2,2.0,7,2,equal_to_both,8,"[0.5, 0.5004828687754744, 0.50661226833572, 0.6295178473547804, 0.999689579861167, 0.9999997908874871, 0.9999999999149954, 0.9999999999999255]"
sampleJointGoal_fromStart,always_committed_session_2_player1,2.0,8,1,equal_to_both,10,"[0.5, 0.9938486648523678, 0.9938929886439222, 0.9999621390732447, 0.9999996004414468, 0.9999999931011518, 0.9999999949509988, 0.9999999960844181, 0.9999999968187657, 0.9999999981907163]"
sampleJointGoal_fromStart,always_committed_session_2_player2,2.0,8,2,equal_to_both,10,"[0.5, 0.9937635351582704, 0.9999324749619001, 0.9999988266159177, 0.999999968218536, 0.9999999980518488, 0.9999999991095821, 0.9999999995735688, 0.9999999997934843, 0.9999999999040754]"
sampleJointGoal_fromStart,always_committed_session_2_player1,2.0,9,1,closer_to_player2,9,"[0.5, 0.9832026593055815, 0.9836254385123657, 0.9838845661692333, 0.9998294623157673, 0.9999971088447245, 0.9999999243312974, 0.9999999380463827, 0.9999999433079496]"
sampleJointGoal_fromStart,always_committed_session_2_player2,2.0,9,2,closer_to_player2,13,"[0.5, 0.4979889953773738, 0.9991780878276483, 0.9992016554218639, 0.9999991509895206, 0.9999995081313114, 0.9999999969282903, 0.9999999999963601, 0.9999999999999915, 0.9999999998688294, 0.9999999999993093, 0.9999999999999759, 0.9999999999999998]"
sampleJointGoal_fromStart,always_committed_session_2_player1,2.0,10,1,closer_to_player1,6,"[0.5, 0.5046667614537703, 0.5071404631301468, 0.5130540375286186, 0.5861974525558127, 0.5864135369883133]"
sampleJointGoal_fromStart,always_committed_session_2_player2,2.0,10,2,closer_to_player1,9,"[0.5, 0.5035279324445763, 0.505803163279461, 0.5076305382918302, 0.5030833064476364, 0.4978305386947559, 0.5037463014658365, 0.46110764852375186, 0.5624072603163442]"
sampleJointGoal_fromStart,always_committed_session_2_player1,2.0,11,1,closer_to_player2,11,"[0.5, 0.9831891739189091, 0.09305763055906634, 0.09368297686944159, 0.9096499282238142, 0.908993115988225, 0.9992440579443227, 0.9988573560004245, 0.9999939704180449, 0.9999999486845766, 0.9999999993215568]"
sampleJointGoal_fromStart,always_committed_session_2_player2,2.0,11,2,closer_to_player2,11,"[0.5, 0.0032985496638658664, 0.9615413848788454, 0.9999864002135339, 0.9999999891400041, 0.9999999999810303, 0.9999999999998945, 0.9999999999999997, 1.0, 1.0, 1.0]"
sampleJointGoal_fromStart,always_committed_session_3_player1,3.0,0,1,closer_to_player1,9,"[0.5, 0.5031225241480214, 0.6086172277503625, 0.9999013164875318, 0.9999999834343011, 0.9999999999924741, 0.9999999999999918, 1.0, 1.0]"
sampleJointGoal_fromStart,always_committed_session_3_player2,3.0,0,2,closer_to_player1,9,"[0.5, 0.9831363607191352, 0.9995497066925877, 0.999982170207327, 0.9999881068584126, 0.9999990587740476, 0.9999995329280715, 0.9999997645848289, 0.9999998803254881]"
sampleJointGoal_fromStart,always_committed_session_3_player1,3.0,2,1,closer_to_player1,8,"[0.5, 0.4936342829643458, 0.53975622206751, 0.613711916434888, 1.0, 1.0, 1.0, 1.0]"
sampleJointGoal_fromStart,always_committed_session_3_player2,3.0,2,2,closer_to_player1,9,"[0.5, 0.5038575022324804, 0.5058374777635603, 0.5130563493805305, 0.509939219051995, 0.4039095971994928, 0.5754574547868151, 0.7305867253920872, 0.845304818514616]"
sampleJointGoal_fromStart,always_committed_session_3_player1,3.0,4,1,closer_to_player2,18,"[0.5, 0.4969677132742718, 0.5028481498161493, 0.6350218880467144, 0.999656127949593, 0.9999986989757885, 0.9999999965412038, 0.9999999999913766, 0.9999999999999143, 0.9999999999999996, 0.9999999999747948, 0.9999998378614572, 0.9999999992305355, 0.999999999988165, 0.999999999999899, 0.9999999751621587, 0.9999999997880351, 0.9999999999972341]"
sampleJointGoal_fromStart,always_committed_session_3_player2,3.0,4,2,closer_to_player2,6,"[0.5, 0.9983178166170085, 0.9999948031101085, 0.9999999725289651, 0.9999999997655634, 0.9999999999969409]"
sampleJointGoal_fromStart,always_committed_session_3_player1,3.0,5,1,equal_to_both,12,"[0.5, 0.9813695463270429, 0.9994619736421909, 0.9999779914040818, 0.9999831298900725, 0.9999993328746556, 0.999999558138305, 0.9999996905966736, 0.9999999879115211, 0.9999999941961188, 0.9999999971888403, 0.9999999986942287]"
sampleJointGoal_fromStart,always_committed_session_3_player2,3.0,5,2,equal_to_both,12,"[0.5, 0.4995048483748881, 0.4994511318335312, 0.49944972395170234, 0.4994499456017624, 0.4994420117195245, 0.4993419980896082, 0.49848061738259275, 0.9998927381741365, 0.9999999679475726, 0.9999999999761972, 0.9999999999999606]"
sampleJointGoal_fromStart,always_committed_session_3_player1,3.0,6,1,equal_to_both,7,"[0.5, 0.49979158115665184, 0.49582468526347717, 0.39074051129807064, 0.9999567293550881, 0.9999999963137047, 0.9999999999991568]"
sampleJointGoal_fromStart,always_committed_session_3_player2,3.0,6,2,equal_to_both,7,"[0.5, 0.9992023266307286, 0.9999986157337893, 0.99999999299532, 0.9999999965268976, 0.9999999983350053, 0.9999999995286367]"
sampleJointGoal_fromStart,always_committed_session_3_player1,3.0,8,1,equal_to_both,8,"[0.5, 0.9982979258070127, 0.9983015990864157, 0.9999971429540258, 0.9999999904589763, 0.9999999905373703, 0.9999999999718026, 0.9999999999731131]"
sampleJointGoal_fromStart,always_committed_session_3_player2,3.0,8,2,equal_to_both,8,"[0.5, 0.5003321765587181, 0.5062591977425781, 0.9995608457300598, 0.9997443195055253, 0.999999880556919, 0.9999999998480189, 0.9999999999987322]"
sampleJointGoal_fromStart,always_committed_session_3_player1,3.0,9,1,closer_to_player2,10,"[0.5, 0.9743789497530622, 0.9736256446782393, 0.9727026162487906, 0.9716631666165878, 0.9998122936065168, 0.9999979166542845, 0.9999999331488484, 0.9999999331488484, 0.9999999631875536]"
sampleJointGoal_fromStart,always_committed_session_3_player2,3.0,9,2,closer_to_player2,7,"[0.5, 0.9999444411005114, 0.9999999903830629, 0.9999999999932332, 0.999999999999996, 1.0, 1.0]"
sampleJointGoal_fromStart,always_committed_session_3_player1,3.0,10,1,closer_to_player1,9,"[0.5, 0.6234319518202386, 0.45287046002628845, 0.29267986611585584, 0.9999104362225586, 0.9999999948280196, 0.9999999959275759, 0.9999999965102672, 0.999999997069546]"
sampleJointGoal_fromStart,always_committed_session_3_player2,3.0,10,2,closer_to_player1,9,"[0.5, 0.5030064068535505, 0.5051886541186875, 0.5064062310367022, 0.5110692525518208, 0.5135408066804003, 0.5081360894999709, 0.458952106586331, 0.6307461636367094]"
sampleJointGoal_fromStart,always_committed_session_4_player1,4.0,1,1,closer_to_player1,6,"[0.5, 0.4967186219400593, 0.572077099323739, 0.49076902834390623, 0.6584718848582334, 0.7951858910443442]"
sampleJointGoal_fromStart,always_committed_session_4_player2,4.0,1,2,closer_to_player1,9,"[0.5, 0.5028816702504644, 0.5056461712774001, 0.5121035767320496, 0.5252940988396559, 0.5284976904081348, 0.5300151658548671, 0.5306428053242876, 0.530864679870242]"
sampleJointGoal_fromStart,always_committed_session_4_player1,4.0,2,1,equal_to_both,9,"[0.5, 0.5004127895795598, 0.9982520353769351, 0.9983240661850546, 0.9999960827881306, 0.9999999817577007, 0.999999989679157, 0.9999999997983436, 0.9999999999991336]"
sampleJointGoal_fromStart,always_committed_session_4_player2,4.0,2,2,equal_to_both,9,"[0.5, 0.9966464403806776, 0.9966583341311462, 0.9965914281904625, 0.9999957029198594, 0.9999936703121599, 0.9999999925028716, 0.9999999999824212, 0.9999999999999245]"
sampleJointGoal_fromStart,always_committed_session_4_player1,4.0,3,1,closer_to_player1,8,"[0.5, 0.5799573496819436, 0.9999733287027328, 0.9999659582270898, 0.9999601111046749, 0.9999999998907, 0.9999999998907004, 0.9999999999999998]"
sampleJointGoal_fromStart,always_committed_session_4_player2,4.0,3,2,closer_to_player1,8,"[0.5, 0.49575821827156835, 0.5852308884410476, 0.6644807430401238, 0.7283979814185755, 0.6602013416552712, 0.7955177063054749, 0.8877462023611385]"
sampleJointGoal_fromStart,always_committed_session_4_player1,4.0,4,1,closer_to_player2,9,"[0.5, 0.5034561414917134, 0.5057101107677237, 0.5075748242785336, 0.5024367492950864, 0.49662211574493986, 0.5029813954509774, 0.4568912311335071, 0.5665407296782905]"
sampleJointGoal_fromStart,always_committed_session_4_player2,4.0,4,2,closer_to_player2,9,"[0.5, 0.4167281387274481, 0.34576162812717076, 0.4218791714695916, 0.9999495391205261, 0.9999999970913036, 0.9999999977045094, 0.9999999980265767, 0.9999999999999697]"
sampleJointGoal_fromStart,always_committed_session_4_player1,4.0,7,1,closer_to_player2,11,"[0.5, 0.5035084577470065, 0.5063312860720821, 0.5134796203602534, 0.5071957425524352, 0.49223106517255477, 0.5508066687798966, 0.5543362615600939, 0.01684669299314947, 0.023420809188687282, 0.023618520200880216]"
sampleJointGoal_fromStart,always_committed_session_4_player2,4.0,7,2,closer_to_player2,6,"[0.5, 0.37738187863850836, 0.5479973544811078, 0.7080509237005955, 0.8291173869394014, 0.907209077047507]"
sampleJointGoal_fromStart,always_committed_session_4_player1,4.0,8,1,closer_to_player1,9,"[0.5, 0.49533323854619715, 0.4928595368698156, 0.49826657280688985, 0.547401111839407, 0.3752391025407114, 1.0, 1.0, 1.0]"
sampleJointGoal_fromStart,always_committed_session_4_player2,4.0,8,2,closer_to_player1,9,"[0.5, 0.5030078822557691, 0.5051902998819281, 0.5064078945489435, 0.5031904201600503, 0.5783997308083596, 0.6373038460429582, 0.5906303753219166, 0.7439408504072627]"
sampleJointGoal_fromStart,always_committed_session_4_player1,4.0,9,1,equal_to_both,9,"[0.5, 0.996544651501528, 0.9999779311221395, 0.9999792693113154, 0.9999998642820188, 0.9999999062700727, 0.999999958591975, 0.999999999638203, 0.9999999999944258]"
sampleJointGoal_fromStart,always_committed_session_4_player2,4.0,9,2,equal_to_both,9,"[0.5, 0.9966464292489838, 0.9999792874511593, 0.9999997816097428, 0.9999999962833056, 0.9999999964060561, 0.9999999964680976, 0.9999999958380527, 0.9999999999866344]"
sampleJointGoal_fromStart,always_committed_session_4_player1,4.0,10,1,equal_to_both,10,"[0.5, 0.5000013107434931, 0.500001631631811, 0.9982965269396723, 0.9999942579281509, 0.9999999645923061, 0.9999999653073491, 0.9999999670794543, 0.9999999998677497, 0.9999999999247844]"
sampleJointGoal_fromStart,always_committed_session_4_player2,4.0,10,2,equal_to_both,10,"[0.5, 0.49996512858030445, 0.9966367123027031, 0.9999791713705782, 0.9999794050497671, 0.9999998729830889, 0.9999999986478738, 0.9999999989515437, 0.9999999999862721, 0.9999999999936235]"
sampleJointGoal_fromStart,always_committed_session_4_player1,4.0,11,1,closer_to_player2,9,"[0.5, 0.35324784138337195, 0.9214430838712019, 0.9978146228121747, 0.9999402366042194, 0.9999977314325259, 0.999999874608548, 0.9999999849655065, 0.9999999927649389]"
sampleJointGoal_fromStart,always_committed_session_4_player2,4.0,11,2,closer_to_player2,9,"[0.5, 0.9993998759469555, 0.9999990772166362, 0.9999999947040552, 0.9999999999566225, 0.9999999999997925, 0.9999999999999989, 1.0, 1.0]"
sampleJointGoal_fromStart,always_committed_session_5_player1,5.0,0,1,closer_to_player1,6,"[0.5, 0.9944416574945439, 0.9972282470103505, 0.9986165604874815, 0.9993089487017811, 0.9996547726155393]"
sampleJointGoal_fromStart,always_committed_session_5_player2,5.0,0,2,closer_to_player1,9,"[0.5, 0.5035666750777738, 0.5050214822264476, 0.5070324721360631, 0.517057156782651, 0.43522741023010875, 0.5600704705217241, 0.42687398108148655, 0.2718978172319678]"
sampleJointGoal_fromStart,always_committed_session_5_player1,5.0,1,1,closer_to_player2,12,"[0.5, 0.4965943638405607, 0.49440221740085777, 0.49318352273147503, 0.4885207092387826, 0.49021992002321285, 0.571536246032244, 0.9999722152571274, 0.9999647136260379, 0.9999588219966342, 0.9999509635359379, 1.0]"
sampleJointGoal_fromStart,always_committed_session_5_player2,5.0,1,2,closer_to_player2,6,"[0.5, 0.37656017434978606, 0.5471211193448985, 0.7073130600240701, 0.828607364986152, 0.9068503812465083]"
sampleJointGoal_fromStart,always_committed_session_5_player1,5.0,2,1,closer_to_player1,9,"[0.5, 0.6226181334175034, 0.9996817537026415, 0.999566078298836, 0.9994231264883819, 0.999999966729996, 0.9999999999939546, 0.9999999999969782, 0.9999999999985004]"
sampleJointGoal_fromStart,always_committed_session_5_player2,5.0,2,2,closer_to_player1,10,"[0.5, 0.5035101249760182, 0.5063342600163842, 0.5134836336638283, 0.5071989409139638, 0.5440840307795946, 0.5440840307795947, 0.5496445876462321, 0.5531759056648577, 0.5553027570623149]"
sampleJointGoal_fromStart,always_committed_session_5_player1,5.0,3,1,equal_to_both,11,"[0.5, 0.5000859568895905, 0.500107010036357, 0.9966376067148198, 0.9966606563003657, 0.9999883419941431, 0.9999889375969905, 0.9999999484853539, 0.9999999995581865, 0.9999999997821679, 0.9999999999936305]"
sampleJointGoal_fromStart,always_committed_session_5_player2,5.0,3,2,equal_to_both,11,"[0.5, 0.4985163132518184, 0.9938089253729977, 0.9938542101456191, 0.9938759671425715, 0.9999797383338525, 0.9999795916869367, 0.9999999474040975, 0.9999999997359748, 0.9999999997037267, 0.9999999999987296]"
sampleJointGoal_fromStart,always_committed_session_5_player1,5.0,4,1,closer_to_player2,9,"[0.5, 0.983224035728164, 0.9836256359874975, 0.9838805915485554, 0.9998299067760347, 0.9998315862884656, 0.9997698636131213, 0.999999290398173, 0.99999999623637]"
sampleJointGoal_fromStart,always_committed_session_5_player2,5.0,4,2,closer_to_player2,9,"[0.5, 0.6226295045132978, 0.9998707548043324, 0.9999999227383886, 0.9999999997084621, 0.9999999999992386, 0.9999999999999979, 1.0, 1.0]"
sampleJointGoal_fromStart,always_committed_session_5_player1,5.0,5,1,closer_to_player1,8,"[0.5, 0.5001178413929187, 0.5026227357628618, 0.05301996610397068, 0.05434506585635149, 0.049477528682467214, 0.042031604852126175, 0.061828353069422484]"
sampleJointGoal_fromStart,always_committed_session_5_player2,5.0,5,2,closer_to_player1,14,"[0.5, 0.4964952031106864, 0.49479480070443027, 0.493917797765333, 0.49355163503810084, 0.49107919496714614, 0.4964856109624015, 0.5456354877430426, 0.37357043963551917, 1.0, 1.0, 1.0, 1.0, 1.0]"
sampleJointGoal_fromStart,always_committed_session_5_player1,5.0,6,1,closer_to_player2,9,"[0.5, 0.9831899412764123, 0.9995405680257246, 0.9999704562583426, 0.9999859432089441, 0.9999932126639731, 0.9999966847051616, 0.9999983672099801, 0.9999991916005925]"
sampleJointGoal_fromStart,always_committed_session_5_player2,5.0,6,2,closer_to_player2,9,"[0.5, 0.4987706834455551, 0.5001619764828104, 0.9999445218686085, 0.9999999905439629, 0.9999999999956442, 0.9999999999980065, 0.9999999999999986, 1.0]"
sampleJointGoal_fromStart,always_committed_session_5_player1,5.0,7,1,equal_to_both,12,"[0.5, 0.9827983842544424, 0.9832194077739325, 0.9834105550597767, 0.999821612358061, 0.999824392479741, 0.9998266031268185, 0.999832898158417, 0.9999994193228114, 0.9999995462127914, 0.9999999984753952, 0.9999999999904765]"
sampleJointGoal_fromStart,always_committed_session_5_player2,5.0,7,2,equal_to_both,12,"[0.5, 0.5000267724389522, 0.5000285381209846, 0.9938493569928373, 0.9938941930274454, 0.9939301109204348, 0.9999792374973144, 0.9999799913751383, 0.9999826971194603, 0.9999999713097955, 0.9999999999036085, 0.9999999999993979]"
sampleJointGoal_fromStart,always_committed_session_5_player1,5.0,11,1,equal_to_both,10,"[0.5, 0.5118415786426456, 0.4065191287998855, 0.9973658481298372, 0.997535007028626, 0.9986083777760907, 0.9999947062757185, 0.9999999810407358, 0.9999999999670254, 0.9999999999998941]"
sampleJointGoal_fromStart,always_committed_session_5_player2,5.0,11,2,equal_to_both,8,"[0.5, 0.49189730429675094, 0.9994210451795529, 0.9999992918857074, 0.9999989161744375, 0.9999999990500651, 0.9999999999983478, 0.9999999999999947]"
sampleJointGoal_fromStart,always_committed_session_6_player1,6.0,0,1,closer_to_player1,9,"[0.5, 0.9995420050829064, 0.9997346584539009, 0.9999998449853229, 0.9999999997731781, 0.9999999999981041, 0.999999999999993, 0.9999999999999999, 1.0]"
sampleJointGoal_fromStart,always_committed_session_6_player2,6.0,0,2,closer_to_player1,9,"[0.5, 0.5034728829585097, 0.9897048472172209, 0.9898665040903152, 0.9998936999225396, 0.9999982040447115, 0.999998251366605, 0.9999979546897295, 0.9999999886980214]"
sampleJointGoal_fromStart,always_committed_session_6_player1,6.0,1,1,closer_to_player1,9,"[0.5, 0.5031076665048516, 0.9998316459840111, 0.9999999229506019, 0.9999999999156395, 0.9999999999526358, 0.9999999999998213, 0.9999999999999994, 1.0]"
sampleJointGoal_fromStart,always_committed_session_6_player2,6.0,1,2,closer_to_player1,11,"[0.5, 0.9832137108896634, 0.9995550629212604, 0.9999827570862951, 0.9999881038354034, 0.9999913977752086, 0.9999996935034937, 0.9999998527099204, 0.999058418635223, 0.9995472919502154, 0.9997797398491061]"
sampleJointGoal_fromStart,always_committed_session_6_player1,6.0,2,1,equal_to_both,12,"[0.5, 0.4987328185157936, 0.9894015089389452, 0.999816579536235, 0.9998208826077617, 0.9998236346851369, 0.9998253051796269, 0.9998240418971884, 0.9997408311230032, 0.9999996929527629, 0.9999999992800529, 0.9999999999969067]"
sampleJointGoal_fromStart,always_committed_session_6_player2,6.0,2,2,equal_to_both,12,"[0.5, 0.5120843531224905, 0.5135544165497776, 0.994161896770497, 0.9999377718552608, 0.9999388893572301, 0.9999397134307683, 0.9999427942424278, 0.9999997335809268, 0.9999999977102308, 0.9999999999565918, 0.9999999999874815]"
sampleJointGoal_fromStart,always_committed_session_6_player1,6.0,4,1,closer_to_player2,9,"[0.5, 0.4216031505170439, 0.5595025910967943, 0.3967375490014144, 0.2482205174572364, 0.9817124249657598, 0.9999239449660828, 0.9999054917622257, 0.9999998261608775]"
sampleJointGoal_fromStart,always_committed_session_6_player2,6.0,4,2,closer_to_player2,9,"[0.5, 0.0010989355885867897, 0.9841106857387839, 0.9999975240426793, 0.999999999556895, 0.9999999999998421, 0.9999999999999998, 1.0, 1.0]"
sampleJointGoal_fromStart,always_committed_session_6_player1,6.0,6,1,equal_to_both,5,"[0.5, 0.5969174730721133, 0.6988451204841248, 0.7995884396467818, 0.8886178000549958]"
sampleJointGoal_fromStart,always_committed_session_6_player2,6.0,6,2,equal_to_both,5,"[0.5, 0.3947268909510749, 0.5054201005359589, 0.6372853043395741, 0.7784362051590354]"
sampleJointGoal_fromStart,always_committed_session_7_player1,7.0,0,1,equal_to_both,11,"[0.5, 0.4999996751484148, 0.4999995958206679, 0.9966417652287352, 0.9999792145156229, 0.9999794761439094, 0.9999998704833195, 0.9999999985818786, 0.99999999868312, 0.9999999990977739, 0.9999999999943643]"
sampleJointGoal_fromStart,always_committed_session_7_player2,7.0,0,2,equal_to_both,11,"[0.5, 0.9893247864004723, 0.9895382006136458, 0.9998880044535251, 0.9998898971787911, 0.9998912920775289, 0.99989523935242, 0.9999094050102401, 0.9999998497718869, 0.9999999994952735, 0.9999999999968473]"
sampleJointGoal_fromStart,always_committed_session_7_player1,7.0,3,1,closer_to_player2,10,"[0.5, 0.49475892315126474, 0.9998651402261657, 0.9999999540919813, 0.9999999999625173, 0.9999999999998941, 0.9999999999999474, 0.9999999999999746, 0.9999999999999927, 1.0]"
sampleJointGoal_fromStart,always_committed_session_7_player2,7.0,3,2,closer_to_player2,2,"[0.5, 0.999244725685088]"
sampleJointGoal_fromStart,always_committed_session_7_player1,7.0,5,1,closer_to_player1,9,"[0.5, 0.623439838899995, 0.4528788931032586, 0.9998136549960555, 0.9997518560521603, 0.9996848783967092, 0.9996322810879412, 0.9999999988803139, 0.9999999990597593]"
sampleJointGoal_fromStart,always_committed_session_7_player2,7.0,5,2,closer_to_player1,9,"[0.5, 0.5034056365623615, 0.5056557067205487, 0.5074708143912849, 0.5029281804607578, 0.49767557287456027, 0.5035913357832399, 0.5769840946764272, 0.5772015170990298]"
sampleJointGoal_fromStart,always_committed_session_7_player1,7.0,7,1,closer_to_player2,9,"[0.5, 0.931827631754204, 0.9111492001756585, 0.9974231186190801, 0.9973863666347887, 0.9999492175047181, 0.9999604872159596, 0.9999659228783102, 0.9999655839990202]"
sampleJointGoal_fromStart,always_committed_session_7_player2,7.0,7,2,closer_to_player2,9,"[0.5, 0.5035226982993866, 0.9998315940363698, 0.9999005458956747, 0.999999978464917, 0.9999999999802072, 0.9999999999999627, 1.0, 1.0]"
sampleJointGoal_fromStart,always_committed_session_7_player1,7.0,8,1,equal_to_both,8,"[0.5, 0.4997501228051823, 0.9992216576129207, 0.999998691877855, 0.9999986885003775, 0.9999999982032478, 0.9999999979337645, 0.999999999997553]"
sampleJointGoal_fromStart,always_committed_session_7_player2,7.0,8,2,equal_to_both,8,"[0.5, 0.5003300209796689, 0.5062566221373336, 0.6254864796908004, 0.9995157789368295, 0.9999998891802919, 0.9999999999393494, 0.9999999999999282]"
sampleJointGoal_fromStart,always_committed_session_7_player1,7.0,10,1,closer_to_player2,9,"[0.5, 0.9832203242481413, 0.9995555388559668, 0.9995813368419192, 0.9995978828208767, 0.9999931061141548, 0.9999997528548301, 0.9999998810415273, 0.9999999420468552]"
sampleJointGoal_fromStart,always_committed_session_7_player2,7.0,10,2,closer_to_player2,9,"[0.5, 0.5045543130625967, 0.9998321497540766, 0.9998986774980699, 0.9999999469030961, 0.9999999999758896, 0.9999999999999715, 1.0, 1.0]"
sampleJointGoal_fromStart,always_committed_session_7_player1,7.0,11,1,closer_to_player1,9,"[0.5, 0.9995428479889613, 0.9999994495884542, 0.9999999990344333, 0.9999999999966145, 0.999999999999979, 0.9999999999999997, 1.0, 1.0]"
sampleJointGoal_fromStart,always_committed_session_7_player2,7.0,11,2,closer_to_player1,9,"[0.5, 0.9832477026225747, 0.9836327834606218, 0.9997234719795028, 0.9997263639133316, 0.9999965510502862, 0.9999999297063447, 0.9999999191943973, 0.9999999989382402]"
sampleJointGoal_fromStart,always_committed_session_8_player1,8.0,1,1,closer_to_player1,10,"[0.5, 0.4254229160491643, 0.36709785237431325, 0.00023490143752929817, 0.0001173277278129074, 1.0, 1.0, 1.0, 1.0, 1.0]"
sampleJointGoal_fromStart,always_committed_session_8_player2,8.0,1,2,closer_to_player1,8,"[0.5, 0.5149827056888163, 0.6458318687053844, 0.9848043621397774, 0.9890179048090717, 0.9920117335508359, 0.9941920895429462, 0.9958150778548194]"
sampleJointGoal_fromStart,always_committed_session_8_player1,8.0,2,1,closer_to_player2,9,"[0.5, 0.5014646728982868, 0.5090526350082186, 0.5093563100352076, 0.5030699022082202, 0.48810624803988895, 0.4608372518389886, 0.4153814065027018, 0.5246931151091739]"
sampleJointGoal_fromStart,always_committed_session_8_player2,8.0,2,2,closer_to_player2,8,"[0.5, 0.5016446935659562, 0.581573720783355, 0.4099405245197751, 0.25638361545650085, 1.0, 1.0, 1.0]"
sampleJointGoal_fromStart,always_committed_session_8_player1,8.0,3,1,closer_to_player2,13,"[0.5, 0.4965620809207117, 0.49409835223436854, 0.4928731930628129, 0.48830476032124187, 0.4899348590405484, 0.4291886688126993, 0.47705779526211506, 0.31163800515296003, 1.0, 1.0, 1.0, 1.0]"
sampleJointGoal_fromStart,always_committed_session_8_player2,8.0,3,2,closer_to_player2,6,"[0.5, 0.5046253202432086, 0.5029807173773134, 0.4229352919900569, 0.5945272928677393, 0.7471278464059721]"
sampleJointGoal_fromStart,always_committed_session_8_player1,8.0,5,1,equal_to_both,10,"[0.5, 0.5012655290639721, 0.9966532306132454, 0.996673317782103, 0.9999887577672986, 0.9999890097629681, 0.9999999615089692, 0.9999999710748291, 0.9999999859310565, 0.9999999998826383]"
sampleJointGoal_fromStart,always_committed_session_8_player2,8.0,5,2,equal_to_both,10,"[0.5, 0.49993738482607647, 0.49992231039525187, 0.49967233022790064, 0.9992214155418304, 0.9999986914705852, 0.9999986880920922, 0.9999999982026885, 0.9999999999946443, 0.9999999999948932]"
sampleJointGoal_fromStart,always_committed_session_8_player1,8.0,6,1,closer_to_player2,9,"[0.5, 0.5034075792957244, 0.5056570181406009, 0.5065341347372302, 0.5069002945679095, 0.5093726635656111, 0.5039663709158835, 0.5462305153445359, 0.47371212886987446]"
sampleJointGoal_fromStart,always_committed_session_8_player2,8.0,6,2,closer_to_player2,9,"[0.5, 0.5046596592486855, 0.6111862020469535, 0.4400358729327354, 0.9999528383811283, 0.9999999972767653, 0.9999999999995034, 0.9999999999997519, 0.9999999999998768]"
sampleJointGoal_fromStart,always_committed_session_8_player1,8.0,8,1,closer_to_player1,6,"[0.5, 0.5046667614538028, 0.502965895960697, 0.42180119321753695, 0.5933993181813856, 0.7461185573472537]"
sampleJointGoal_fromStart,always_committed_session_8_player2,8.0,8,2,closer_to_player1,12,"[0.5, 0.49660083523910775, 0.4941270898550737, 0.49290953602072324, 0.48824674777807725, 0.4899459442507097, 0.5712677539056441, 0.3997770339771641, 0.24854725186045354, 1.0, 1.0, 1.0]"
sampleJointGoal_fromStart,always_committed_session_8_player1,8.0,9,1,closer_to_player1,6,"[0.5, 0.9975691163343132, 0.9999887271552121, 0.9999997560893454, 0.9999999975295487, 0.9999999999629003]"
sampleJointGoal_fromStart,always_committed_session_8_player2,8.0,9,2,closer_to_player1,12,"[0.5, 0.4979618368357042, 0.5046405894406677, 0.9989174807195397, 0.9994088629884929, 0.9999978339284082, 0.9999999945093565, 0.9999999999805983, 0.9999999999998089, 0.9999999999999989, 1.0, 1.0]"
sampleJointGoal_fromStart,always_committed_session_8_player1,8.0,10,1,equal_to_both,7,"[0.5, 0.493769162991464, 0.3700238780945372, 0.9998880521019798, 0.9999999807399484, 0.9999999999921709, 0.9999999999999931]"
sampleJointGoal_fromStart,always_committed_session_8_player2,8.0,10,2,equal_to_both,7,"[0.5, 0.5062657897909545, 0.6292097824514297, 0.9998753399823616, 0.9999998114583111, 0.999999999823197, 0.9999999999995822]"
sampleJointGoal_fromStart,always_committed_session_9_player1,9.0,0,1,equal_to_both,10,"[0.5, 0.49999992067225313, 0.5000003546189107, 0.9983014232283863, 0.9999942152499747, 0.999994425293726, 0.9999999806310714, 0.9999999848635841, 0.9999999999491457, 0.9999999999996824]"
sampleJointGoal_fromStart,always_committed_session_9_player2,9.0,0,2,equal_to_both,10,"[0.5, 0.500001162593603, 0.5000020350562093, 0.9983014246875556, 0.9983324303355936, 0.99843991529644, 0.9999988389614192, 0.9999999980748929, 0.9999999999935321, 0.9999999999999596]"
sampleJointGoal_fromStart,always_committed_session_9_player1,9.0,1,1,equal_to_both,8,"[0.5, 0.9982962867973368, 0.9999942652822097, 0.9999942985088784, 0.9999999809870712, 0.9999999998830466, 0.9999999999985274, 0.9999999999992764]"
sampleJointGoal_fromStart,always_committed_session_9_player2,9.0,1,2,equal_to_both,8,"[0.5, 0.5005766235759196, 0.5067069492640438, 0.9995547457730919, 0.9999995090517338, 0.9999997801955367, 0.9999999992826439, 0.9999999999983055]"
sampleJointGoal_fromStart,always_committed_session_9_player1,9.0,2,1,closer_to_player2,11,"[0.5, 0.9832133266755742, 0.9836377652571953, 0.9997166129618734, 0.9999923817564659, 0.999999425792958, 0.9999994257929579, 0.9999994257929579, 0.9999997212489656, 0.9999998632875761, 0.9999999328160248]"
sampleJointGoal_fromStart,always_committed_session_9_player2,9.0,2,2,closer_to_player2,9,"[0.5, 0.5031068594797956, 0.6083716270457991, 0.9998988445187451, 0.9999999700766565, 0.9999999999948501, 0.9999999999999979, 1.0, 1.0]"
sampleJointGoal_fromStart,always_committed_session_9_player1,9.0,5,1,closer_to_player1,6,"[0.5, 0.5001185943541027, 0.5026234115262646, 0.49720968913202296, 0.5395241416625213, 0.6376662202854775]"
sampleJointGoal_fromStart,always_committed_session_9_player2,9.0,5,2,closer_to_player1,9,"[0.5, 0.5019100410852287, 0.5001589342960756, 0.49682346478120154, 0.4922808794405891, 0.4870305185877359, 0.49294391832758266, 0.5665559521364112, 0.5667747100053004]"
sampleJointGoal_fromStart,always_committed_session_9_player1,9.0,6,1,closer_to_player1,9,"[0.5, 0.49533332471465585, 0.49703413592113416, 0.4355266221606515, 0.484448013903965, 0.999992526382602, 0.9999912785011773, 0.9999896140153096, 1.0]"
sampleJointGoal_fromStart,always_committed_session_9_player2,9.0,6,2,closer_to_player1,9,"[0.5, 0.4966836266678426, 0.4998851884516776, 0.4964191586688004, 0.5028160391504987, 0.4901975346786601, 0.5395556596521767, 0.540181619085389, 0.5404028899853677]"
sampleJointGoal_fromStart,always_committed_session_9_player1,9.0,7,1,closer_to_player2,10,"[0.5, 0.9832154423381405, 0.9995544887962823, 0.9999822114611076, 0.9999978857759787, 0.9999989712334436, 0.9999994893707251, 0.9999997426292703, 0.9999997426292702, 0.9999998691641967]"
sampleJointGoal_fromStart,always_committed_session_9_player2,9.0,7,2,closer_to_player2,7,"[0.5, 0.9998465514628623, 0.9999999721405832, 0.9999999999852297, 0.9999999999999941, 1.0, 1.0]"
sampleJointGoal_fromStart,always_committed_session_9_player1,9.0,9,1,equal_to_both,10,"[0.5, 0.5000011625930395, 0.5000020350527331, 0.5000067666919202, 0.500039349078242, 0.9997008581915134, 0.9999997776547451, 0.9999999996313318, 0.9999999999987613, 0.9999999999999922]"
sampleJointGoal_fromStart,always_committed_session_9_player2,9.0,9,2,equal_to_both,10,"[0.5, 0.9938491057502573, 0.9938937359641645, 0.9939296464233102, 0.9999792359073991, 0.9999998689672609, 0.9999998760544783, 0.9999999031391444, 0.9999999996745733, 0.9999999999979672]"
sampleJointGoal_fromStart,always_committed_session_9_player1,9.0,10,1,closer_to_player1,9,"[0.5, 0.9996595408483077, 0.9999997283176706, 0.9999997289299887, 0.9999999997795624, 0.999999999999611, 0.9999999999997048, 0.9999999999998558, 0.9999999999999994]"
sampleJointGoal_fromStart,always_committed_session_9_player2,9.0,10,2,closer_to_player1,11,"[0.5, 0.004077186567468874, 0.004027451209610696, 0.004033522392403872, 0.004039973903394152, 0.004041884952501926, 0.003981919616720534, 0.0026227128550933457, 0.9686166711691429, 0.9999925895192734, 0.9999999959441425]"
sampleJointGoal_fromStart,always_committed_session_9_player1,9.0,11,1,closer_to_player2,10,"[0.5, 0.6323948313986604, 0.999119069599355, 0.9999989536445102, 0.9999989468383885, 0.9999989389690849, 0.9999999996315162, 0.9999999997120739, 0.9999999999998826, 0.9999999999999414]"
sampleJointGoal_fromStart,always_committed_session_9_player2,9.0,11,2,closer_to_player2,6,"[0.5, 0.9988960118902126, 0.9994486165741379, 0.012655681686081789, 0.9691764280340677, 0.9843655988347667]"
sampleJointGoal_fromStart,always_committed_session_10_player1,10.0,2,1,equal_to_both,11,"[0.5, 0.9894579960049915, 0.9998176403898319, 0.9998218503599688, 0.999824582781896, 0.9998262232828627, 0.9999989466268173, 0.9999989502907235, 0.9999985624577437, 0.9999999974997517, 0.9999999999919708]"
sampleJointGoal_fromStart,always_committed_session_10_player2,10.0,2,2,equal_to_both,11,"[0.5, 0.5272473283758708, 0.530102867604455, 0.5306984354380698, 0.538773848188062, 0.9990635104877271, 0.9999977789873815, 0.9999999894833964, 0.9999999953529178, 0.9999999999347651, 0.9999999999993882]"
sampleJointGoal_fromStart,always_committed_session_10_player1,10.0,3,1,closer_to_player1,7,"[0.5, 0.5073177704176797, 0.5119414739271492, 0.5102975893425012, 0.5710399157427796, 0.6114450993756482, 0.7097162209244503]"
sampleJointGoal_fromStart,always_committed_session_10_player2,10.0,3,2,closer_to_player1,9,"[0.5, 0.5045062884870275, 0.5120929989602572, 0.5187365469932022, 0.5308236763636126, 0.5391897245890448, 0.5447600290392086, 0.5482981720747101, 0.5504293719932101]"
sampleJointGoal_fromStart,always_committed_session_10_player1,10.0,4,1,closer_to_player1,20,"[0.5, 0.00616104718884231, 6.621043338294846e-05, 6.399004798588033e-05, 6.328716470425709e-05, 7.514871367480735e-05, 0.9142453393317556, 0.9999984834598136, 0.9999999999521051, 0.9999999999999896, 1.0, 1.0, 1.0, 1.0, 0.9999999999999942, 1.0, 0.9999999999996377, 0.9999999999999999, 1.0, 1.0]"
sampleJointGoal_fromStart,always_committed_session_10_player2,10.0,4,2,closer_to_player1,9,"[0.5, 0.9832156217229857, 0.9995544964003484, 0.9999822117129582, 0.9999978857835068, 0.9999989712466016, 0.9999994893782458, 0.9999997426331588, 0.999999869166183]"
sampleJointGoal_fromStart,always_committed_session_10_player1,10.0,6,1,closer_to_player2,9,"[0.5, 0.5034831209825313, 0.5062372331712867, 0.5126881556830251, 0.5258711428156259, 0.5290731011650247, 0.5305903540678015, 0.5312179052538979, 0.5314397482980455]"
sampleJointGoal_fromStart,always_committed_session_10_player2,10.0,6,2,closer_to_player2,9,"[0.5, 0.6236410145034649, 0.4530948322706624, 0.2928687895372452, 0.9999105201772099, 0.9998863657908081, 0.9998673961510959, 0.9999999995963247, 0.9999999996610196]"
sampleJointGoal_fromStart,always_committed_session_10_player1,10.0,7,1,equal_to_both,13,"[0.5, 0.4999139772818981, 0.006149990520697851, 0.6457662115944901, 0.996616544989042, 0.996640783610483, 0.9999792512516269, 0.9999997812064102, 0.9999999962768822, 0.9999999999019161, 0.9999999999265419, 0.9999999999974155, 0.9999999999988032]"
sampleJointGoal_fromStart,always_committed_session_10_player2,10.0,7,2,equal_to_both,11,"[0.5, 0.5014710272261315, 0.9938744800915659, 0.9999346896103309, 0.9999358624601445, 0.9999993210260333, 0.9999993455229481, 0.9999993897709079, 0.9999999947553145, 0.9999999974210074, 0.9999999999246195]"
sampleJointGoal_fromStart,always_committed_session_10_player1,10.0,9,1,closer_to_player2,9,"[0.5, 0.974350759653507, 0.9992711541464887, 0.9992940490992843, 0.9999818151349031, 0.9999993146202022, 0.9999999624728074, 0.9999999956319405, 0.9999999979239217]"
sampleJointGoal_fromStart,always_committed_session_10_player2,10.0,9,2,closer_to_player2,13,"[0.5, 0.0055377630031388575, 1.7180710643746914e-05, 0.09984587266467873, 0.9983818877679835, 0.9999994405834307, 0.999999999543996, 0.9999999999992149, 0.9999999999999973, 1.0, 1.0, 1.0, 1.0]"
sampleJointGoal_fromStart,always_committed_session_10_player1,10.0,10,1,closer_to_player2,9,"[0.5, 0.5034390522462727, 0.9897044009200554, 0.9998230699189988, 0.9998276046028428, 0.9999970891680018, 0.9999999243547274, 0.9999999370394081, 0.9999999983621605]"
sampleJointGoal_fromStart,always_committed_session_10_player2,10.0,10,2,closer_to_player2,9,"[0.5, 0.999540327732719, 0.9997343945243485, 0.9999998411833664, 0.9999999994008336, 0.9999999999984346, 0.9999999999999925, 1.0, 1.0]"
sampleJointGoal_fromStart,always_committed_session_11_player1,11.0,0,1,closer_to_player1,9,"[0.5, 0.9996595078161689, 0.9999997285308916, 0.9999999995366796, 0.9999999999983975, 0.9999999999999796, 0.9999999999999999, 1.0, 1.0]"
sampleJointGoal_fromStart,always_committed_session_11_player2,11.0,0,2,closer_to_player1,9,"[0.5, 0.4211977833146154, 0.9786097079239747, 0.999614434723081, 0.9996166611709997, 0.9999951459092631, 0.999993467364601, 0.999999944298321, 0.9999999992509554]"
sampleJointGoal_fromStart,always_committed_session_11_player1,11.0,1,1,closer_to_player2,8,"[0.5, 0.34672117551791737, 0.21570454647934714, 0.9437439063994946, 0.9225743777218999, 0.892872135557242, 0.9997324043546637, 0.9997210544860978]"
sampleJointGoal_fromStart,always_committed_session_11_player2,11.0,1,2,closer_to_player2,8,"[0.5, 0.999868390780038, 0.9998734635054807, 0.9999193134607688, 0.9999999876556152, 0.9999999999978955, 0.9999999999999988, 1.0]"
sampleJointGoal_fromStart,always_committed_session_11_player1,11.0,2,1,closer_to_player1,8,"[0.5, 0.9999313063606108, 0.9999999745492039, 0.9999999999910985, 0.9999999999999946, 1.0, 1.0, 1.0]"
sampleJointGoal_fromStart,always_committed_session_11_player2,11.0,2,2,closer_to_player1,8,"[0.5, 0.4907949121623202, 0.988578696288512, 0.9998020134509445, 0.9998083165141158, 0.9998113980510147, 0.9999982281164294, 0.9999999550818789]"
sampleJointGoal_fromStart,always_committed_session_11_player1,11.0,6,1,closer_to_player1,9,"[0.5, 0.6226442967892356, 0.9996820835989795, 0.9999998544807692, 0.9999999998406743, 0.9999999999996201, 0.9999999999999976, 1.0, 1.0]"
sampleJointGoal_fromStart,always_committed_session_11_player2,11.0,6,2,closer_to_player1,9,"[0.5, 0.9832206755077302, 0.9836235460947512, 0.9997168539399232, 0.9999926378495528, 0.9999997195085198, 0.9999997895196379, 0.9999998248087284, 0.9999998284883033]"
sampleJointGoal_fromStart,always_committed_session_11_player1,11.0,7,1,closer_to_player2,10,"[0.5, 0.6310399086690265, 0.4758845943025529, 0.9684988997716769, 0.9994177126110526, 0.9995449465572374, 0.9996221312516619, 0.9999947497935963, 0.9999947497935964, 0.9999968481611906]"
sampleJointGoal_fromStart,always_committed_session_11_player2,11.0,7,2,closer_to_player2,9,"[0.5, 0.9996594493152262, 0.9996697797456152, 0.9996823813527453, 0.9997973638346078, 0.9999999864443848, 0.9999999999960084, 0.999999999999997, 1.0]"
sampleJointGoal_fromStart,always_committed_session_11_player1,11.0,8,1,closer_to_player2,9,"[0.5, 0.9832232080672063, 0.9836393895482811, 0.9839065305937816, 0.9998275833957416, 0.9999970460886951, 0.9999977208942389, 0.9999980622048668, 0.9999999795499459]"
sampleJointGoal_fromStart,always_committed_session_11_player2,11.0,8,2,closer_to_player2,9,"[0.5, 0.9996545214162678, 0.9999997180011858, 0.9999999995039344, 0.9999999995322495, 0.9999999999988842, 0.9999999999995031, 0.999999999999998, 1.0]"
sampleJointGoal_fromStart,always_committed_session_11_player1,11.0,10,1,equal_to_both,6,"[0.5, 0.6267014978779939, 0.999690097827787, 0.999999848818974, 0.9999999998519138, 0.9999999999998738]"
sampleJointGoal_fromStart,always_committed_session_11_player2,11.0,10,2,equal_to_both,6,"[0.5, 0.3722860961099568, 0.9998890422889724, 0.9999999811625429, 0.9999999999924989, 0.9999999999999936]"
sampleJointGoal_fromStart,always_committed_session_12_player1,12.0,0,1,closer_to_player2,8,"[0.5, 0.49575813292516885, 0.5852307472740585, 0.6644805788252146, 0.7283978330002416, 0.7743246376799278, 0.8036903464774353, 0.7449834608354412]"
sampleJointGoal_fromStart,always_committed_session_12_player2,12.0,0,2,closer_to_player2,4,"[0.5, 0.6669767675865891, 0.8003977210371029, 0.890721494403599]"
sampleJointGoal_fromStart,always_committed_session_12_player1,12.0,1,1,closer_to_player1,13,"[0.5, 0.9995402027642057, 0.9997345861776997, 0.6001097397488108, 0.001276172105603899, 0.8925663496420249, 0.9999784361424114, 0.9999999923772779, 0.9999999999956548, 0.9999999999999946, 1.0, 1.0, 1.0]"
sampleJointGoal_fromStart,always_committed_session_12_player2,12.0,1,2,closer_to_player1,11,"[0.5, 0.003402930724828798, 0.0034068135515668016, 0.35625750435734155, 0.9812965629937866, 0.9996758726388258, 0.9999915719644157, 0.999991943412088, 0.9999997905449401, 0.9999999904768375, 0.9999999954959738]"
sampleJointGoal_fromStart,always_committed_session_12_player1,12.0,3,1,closer_to_player1,8,"[0.5, 0.9998682449963089, 0.9999999552023996, 0.9999999559336419, 0.9999999999846427, 0.9999999999882921, 0.9999999999939253, 0.9999999999999986]"
sampleJointGoal_fromStart,always_committed_session_12_player2,12.0,3,2,closer_to_player1,9,"[0.5, 0.980280645317419, 0.9879976426356718, 0.9916812058130994, 0.9997809257747191, 0.9998795483965163, 0.9999338066746069, 0.9999639959000847, 0.9999808750013496]"
sampleJointGoal_fromStart,always_committed_session_12_player1,12.0,5,1,closer_to_player2,6,"[0.5, 0.5047653910912494, 0.5149261258379523, 0.9989701835194765, 0.9994962251119821, 0.9999980887294103]"
sampleJointGoal_fromStart,always_committed_session_12_player2,12.0,5,2,closer_to_player2,8,"[0.5, 0.48964014632451225, 0.999967122552692, 0.9999999969067253, 0.9999999999992131, 0.999999999998935, 0.9999999999999998, 1.0]"
sampleJointGoal_fromStart,always_committed_session_12_player1,12.0,6,1,equal_to_both,9,"[0.5, 0.4998999863604768, 0.9996725658850628, 0.9978373185850827, 0.9978756402448222, 0.9999982768137279, 0.9999999968097438, 0.9999999999871839, 0.999999999992711]"
sampleJointGoal_fromStart,always_committed_session_12_player2,12.0,6,2,equal_to_both,7,"[0.5, 0.9992062443343285, 0.9992203291825176, 0.9999993684158426, 0.9999995046822634, 0.9999999996321658, 0.9999999999993902]"
sampleJointGoal_fromStart,always_committed_session_12_player1,12.0,7,1,equal_to_both,12,"[0.5, 0.5012690946320403, 0.9894992314103185, 0.9998181571355181, 0.9998228208599569, 0.9999969775321332, 0.9999999194493502, 0.9999999949580106, 0.9999999976117974, 0.9999999988575423, 0.9999999994762716, 0.9999999998473009]"
sampleJointGoal_fromStart,always_committed_session_12_player2,12.0,7,2,equal_to_both,16,"[0.5, 0.48791564687044126, 0.010222846010426941, 0.009966280459186766, 0.009884462225710471, 0.009816653272862727, 0.00941526089348618, 0.9753142073482542, 0.9999855098515866, 0.9999999817946948, 0.9999999731815894, 0.9999999999682353, 0.9999999999999255, 0.9999999998984712, 0.9999999999990377, 0.9999999999991063]"
sampleJointGoal_fromStart,always_committed_session_12_player1,12.0,8,1,closer_to_player2,8,"[0.5, 0.4898251801700703, 0.47406136109274494, 0.997227786347789, 0.9957406386829857, 0.9999928022401435, 0.9999999778587235, 0.9999999998831919]"
sampleJointGoal_fromStart,always_committed_session_12_player2,12.0,8,2,closer_to_player2,8,"[0.5, 0.9998683371425235, 0.9999999545713917, 0.9999999999638061, 0.9999999999999379, 0.9999999999999997, 1.0, 1.0]"
sampleJointGoal_fromStart,always_committed_session_12_player1,12.0,10,1,closer_to_player1,9,"[0.5, 0.4988375308327687, 0.504095476333188, 0.5095019382851849, 0.5585111006006546, 0.3858336464457838, 1.0, 1.0, 1.0]"
sampleJointGoal_fromStart,always_committed_session_12_player2,12.0,10,2,closer_to_player1,9,"[0.5, 0.503007882252944, 0.5052831547922251, 0.5061521990751905, 0.5073002679636325, 0.5020479548725615, 0.5079631394414394, 0.5812470102102061, 0.5814638310084586]"
sampleJointGoal_fromStart,always_committed_session_13_player1,13.0,0,1,closer_to_player1,9,"[0.5, 0.999654328240588, 0.9999997244336104, 0.9999999995299391, 0.999999999998418, 0.9999999999999903, 1.0, 1.0, 1.0]"
sampleJointGoal_fromStart,always_committed_session_13_player2,13.0,0,2,closer_to_player1,9,"[0.5, 0.9831802844225871, 0.9995552293387742, 0.999983173191102, 0.9999991129852249, 0.9999991814127268, 0.9999999558703447, 0.9999999951881438, 0.9999999977771964]"
sampleJointGoal_fromStart,always_committed_session_13_player1,13.0,2,1,equal_to_both,12,"[0.5, 0.5001867495491541, 0.989336444913884, 0.9998128212121954, 0.9999950373357205, 0.9999998023406299, 0.9999998726780231, 0.999999912988254, 0.9999999958074469, 0.9999999979921963, 0.9999999990439512, 0.9999999995570248]"
sampleJointGoal_fromStart,always_committed_session_13_player2,13.0,2,2,equal_to_both,12,"[0.5, 0.9813341136738855, 0.9994596367949387, 0.9995463367089102, 0.9995639708498004, 0.9995714598401061, 0.9999954742588701, 0.9999999212094279, 0.9999999962035403, 0.9999999981818876, 0.9999999991342761, 0.999999999598876]"
sampleJointGoal_fromStart,always_committed_session_13_player1,13.0,3,1,equal_to_both,12,"[0.5, 0.4987311526176068, 0.49864519631906945, 0.49862414332850186, 0.996627995790922, 0.9966399547360704, 0.9999889140320452, 0.999999932671186, 0.9999999331163221, 0.999999912363592, 0.999999999794515, 0.9999999999991172]"
sampleJointGoal_fromStart,always_committed_session_13_player2,13.0,3,2,equal_to_both,12,"[0.5, 0.9811838368350151, 0.9833864465730139, 0.9838015493519972, 0.9998255405972848, 0.9998286749466639, 0.9999981861208651, 0.9999982515669507, 0.999999980531487, 0.9999999994791972, 0.9999999997648495, 0.9999999999321846]"
sampleJointGoal_fromStart,always_committed_session_13_player1,13.0,4,1,closer_to_player1,10,"[0.5, 0.9989182218720544, 0.9990858821735273, 0.9999992226771398, 0.9999999969359218, 0.9999999983695181, 0.9999999991620219, 0.9999999997384054, 0.9999999999997627, 0.9999999999999998]"
sampleJointGoal_fromStart,always_committed_session_13_player2,13.0,4,2,closer_to_player1,9,"[0.5, 0.5028451023061139, 0.5045016671127729, 0.9939575032899491, 0.9941067242761453, 0.9999621189737214, 0.999970507782809, 0.9999747191545043, 0.9999747487784827]"
sampleJointGoal_fromStart,always_committed_session_13_player1,13.0,5,1,equal_to_both,7,"[0.5, 0.9992058553626781, 0.9991936077635922, 0.9987605046551717, 0.9999997896300832, 0.9999999999163364, 0.9999999999999287]"
sampleJointGoal_fromStart,always_committed_session_13_player2,13.0,5,2,equal_to_both,7,"[0.5, 0.5120073769599262, 0.9995572751805551, 0.9999992542851797, 0.9999997897622468, 0.999999999602336, 0.9999999999994841]"
sampleJointGoal_fromStart,always_committed_session_13_player1,13.0,6,1,closer_to_player2,12,"[0.5, 0.9982717260115701, 0.9999941286425774, 0.9999941294123488, 0.9999999802045252, 0.9999999998777537, 0.9999999998821494, 0.9999999999992336, 0.999999999999987, 0.999999999999994, 0.9999999999999982, 1.0]"
sampleJointGoal_fromStart,always_committed_session_13_player2,13.0,6,2,closer_to_player2,6,"[0.5, 0.4976825507099672, 0.9974928352455862, 0.9999878661426844, 0.999999889792426, 0.9999998921308052]"
sampleJointGoal_fromStart,always_committed_session_13_player1,13.0,7,1,closer_to_player2,16,"[0.5, 0.49656172776935503, 0.8590813676579336, 0.8576064513150453, 0.86045475195775, 0.811885682247493, 0.8768525439800471, 0.7806910138536892, 0.6402256084286981, 0.9425581301865312, 0.9577294967045081, 0.9999983746749962, 0.9999999999063166, 0.9999999999260667, 0.999999999999996, 0.999999999999998]"
sampleJointGoal_fromStart,always_committed_session_13_player2,13.0,7,2,closer_to_player2,6,"[0.5, 0.37738187863850836, 0.5479973544811078, 0.7080509237005955, 0.8291173869394014, 0.907209077047507]"
sampleJointGoal_fromStart,always_committed_session_13_player1,13.0,9,1,closer_to_player2,9,"[0.5, 0.5039936111587905, 0.9897090588590215, 0.999822767175344, 0.9998301329913858, 0.9998342233887424, 0.9999982375672909, 0.9999985159072214, 0.9999985381751949]"
sampleJointGoal_fromStart,always_committed_session_13_player2,13.0,9,2,closer_to_player2,9,"[0.5, 0.5031064857292487, 0.60837118336189, 0.9999582323784458, 0.9999999777706772, 0.9999999999924657, 0.9999999999999877, 1.0, 1.0]"
sampleJointGoal_fromStart,always_committed_session_14_player1,14.0,3,1,closer_to_player2,10,"[0.5, 0.9832133207086142, 0.9995548400728606, 0.9999823672389225, 0.9999979880617942, 0.9999990386862744, 0.9999990386862743, 0.9999995333272573, 0.9999997711221246, 0.9999998875235722]"
sampleJointGoal_fromStart,always_committed_session_14_player2,14.0,3,2,closer_to_player2,9,"[0.5, 0.9996549593572474, 0.9996628807384369, 0.9997960880286588, 0.9999998914575665, 0.999999999918601, 0.9999999999999669, 1.0, 1.0]"
sampleJointGoal_fromStart,always_committed_session_14_player1,14.0,4,1,closer_to_player2,9,"[0.5, 0.42147351540792055, 0.9779508032762038, 0.9771701775462155, 0.9762895467414667, 0.9752136715493874, 0.9649089938563128, 0.9999679236212675, 0.9999999440803088]"
sampleJointGoal_fromStart,always_committed_session_14_player2,14.0,4,2,closer_to_player2,7,"[0.5, 0.9999434064032793, 0.9999999928800387, 0.9999999999981761, 0.9999999999999988, 1.0, 1.0]"
sampleJointGoal_fromStart,always_committed_session_14_player1,14.0,6,1,equal_to_both,9,"[0.5, 0.996641049553926, 0.9966561908998427, 0.9966688124167802, 0.9967277715524597, 0.9999973426593375, 0.9999999950802735, 0.9999999966783752, 0.9999999999944932]"
sampleJointGoal_fromStart,always_committed_session_14_player2,14.0,6,2,equal_to_both,11,"[0.5, 0.4999987608322056, 0.9982963897107148, 0.9983028717312621, 0.998332959788541, 0.9985122581859905, 0.9999995548123073, 0.999954676494996, 0.999999916085705, 0.9999999433440669, 0.9999999999060708]"
sampleJointGoal_fromStart,always_committed_session_14_player1,14.0,7,1,equal_to_both,14,"[0.5, 0.9828000174256866, 0.9995349014054772, 0.9999820798130157, 0.9999990430528701, 0.999999929924005, 0.9999999890133091, 0.9999999953204343, 0.9999999978801277, 0.9999999990153482, 0.9999744975764254, 0.9999808724123056, 0.9999849189074776, 0.9999996479995688]"
sampleJointGoal_fromStart,always_committed_session_14_player2,14.0,7,2,equal_to_both,12,"[0.5, 0.4999732275610478, 0.9894477611835619, 0.9895686115658531, 0.9998885164989608, 0.9998902540511817, 0.9999988393958371, 0.9999988634572954, 0.9999999875562255, 0.9999999884431074, 0.9999999920799959, 0.9999999999506172]"
sampleJointGoal_fromStart,always_committed_session_14_player1,14.0,8,1,equal_to_both,7,"[0.5, 0.9991867499172588, 0.9992249397609342, 0.9995550178639652, 0.9999993267688476, 0.9999999993686823, 0.9999999999985086]"
sampleJointGoal_fromStart,always_committed_session_14_player2,14.0,8,2,equal_to_both,7,"[0.5, 0.4937690815662816, 0.9997509637757316, 0.9999998532987854, 0.999999796962837, 0.9999999999174664, 0.9999999999999277]"
sampleJointGoal_fromStart,always_committed_session_14_player1,14.0,9,1,closer_to_player1,9,"[0.5, 0.6277365573076504, 0.9998731669122063, 0.9999999239487822, 0.9999999997186225, 0.9999999999993278, 0.9999999999999972, 1.0, 1.0]"
sampleJointGoal_fromStart,always_committed_session_14_player2,14.0,9,2,closer_to_player1,9,"[0.5, 0.9832215599984557, 0.9836228146356942, 0.9838777131830856, 0.999829875773021, 0.9999971239766872, 0.9999971988813373, 0.9999967101367375, 0.9999999825178985]"
sampleJointGoal_fromStart,always_committed_session_14_player1,14.0,11,1,closer_to_player1,9,"[0.5, 0.9995428479889611, 0.9999994983521214, 0.99999999880578, 0.9999999999942669, 0.9999999999999161, 0.9999999999999993, 1.0, 1.0]"
sampleJointGoal_fromStart,always_committed_session_14_player2,14.0,11,2,closer_to_player1,9,"[0.5, 0.9832477028240827, 0.9995571439407677, 0.9995733639160114, 0.999989072697981, 0.9999995893559511, 0.9999996110399031, 0.9999995528735356, 0.999999994124899]"
sampleJointGoal_fromStart,always_committed_session_15_player1,15.0,0,1,equal_to_both,7,"[0.5, 0.6280342730591956, 0.9997463920660618, 0.9999985280240002, 0.9999999982565428, 0.999999999995912, 0.9999999999999825]"
sampleJointGoal_fromStart,always_committed_session_15_player2,15.0,0,2,equal_to_both,9,"[0.5, 0.3719761034200497, 0.0014800464822537942, 0.9080580943238886, 0.9999566354900191, 0.9999999522763282, 0.9999999994529639, 0.9999999999987172, 0.9999999999999944]"
sampleJointGoal_fromStart,always_committed_session_15_player1,15.0,2,1,closer_to_player1,6,"[0.5, 0.504625320243147, 0.5070471440938504, 0.5012167019768746, 0.4530231139176817, 0.6253163989846671]"
sampleJointGoal_fromStart,always_committed_session_15_player2,15.0,2,2,closer_to_player1,12,"[0.5, 0.4965434554437197, 0.4943520736278852, 0.49312689856978237, 0.4962453258446494, 0.4215251881084604, 0.5015340625309285, 0.33463128430919237, 0.9999861546822062, 0.9999838951319076, 0.99998069991369, 1.0]"
sampleJointGoal_fromStart,always_committed_session_15_player1,15.0,4,1,closer_to_player1,6,"[0.5, 0.5016265109765048, 0.5087823315173751, 0.5673249900432146, 0.5708338331924288, 0.572941554232937]"
sampleJointGoal_fromStart,always_committed_session_15_player2,15.0,4,2,closer_to_player1,9,"[0.5, 0.5034565444312341, 0.5056479262811207, 0.506873101382717, 0.511441620231884, 0.5138463532881488, 0.5201982631112865, 0.4740351422701746, 0.3995039365854249]"
sampleJointGoal_fromStart,always_committed_session_15_player1,15.0,5,1,equal_to_both,12,"[0.5, 0.9813699798709308, 0.9994619990718442, 0.9999779928946682, 0.9999831305061846, 0.9999993328947149, 0.9999999412665216, 0.9999999735951735, 0.9999999875432083, 0.9999999940192887, 0.9999999971031914, 0.9999999986544452]"
sampleJointGoal_fromStart,always_committed_session_15_player2,15.0,5,2,equal_to_both,12,"[0.5, 0.9813699699426862, 0.982827779035265, 0.9831498634895027, 0.9998185456072088, 0.9998216461896503, 0.9998234813016272, 0.9998249309861987, 0.9999993954087618, 0.9999994262914519, 0.9999996126523006, 0.9999999993578207]"
sampleJointGoal_fromStart,always_committed_session_15_player1,15.0,6,1,closer_to_player2,9,"[0.5, 0.5034073596182743, 0.5056568332649709, 0.5074716978184711, 0.5138588778560276, 0.5427889367039912, 0.544300061189834, 0.5449250038133702, 0.5451459143866456]"
sampleJointGoal_fromStart,always_committed_session_15_player2,15.0,6,2,closer_to_player2,9,"[0.5, 0.4163067243839382, 0.5239089021085702, 0.35489091371999676, 0.9999326331742238, 0.9999999961099854, 0.9999999969370013, 0.9999999973752628, 0.9999999977959142]"
sampleJointGoal_fromStart,always_committed_session_15_player1,15.0,8,1,closer_to_player2,8,"[0.5, 0.4898251801341661, 0.47406136030157536, 0.3438453785011147, 0.9983213899291811, 0.9999971706906776, 0.9999999912967054, 0.9999999999540852]"
sampleJointGoal_fromStart,always_committed_session_15_player2,15.0,8,2,closer_to_player2,8,"[0.5, 0.9998683773891265, 0.9999999552593437, 0.9999999999649076, 0.9999999999999397, 0.9999999999999997, 1.0, 1.0]"
sampleJointGoal_fromStart,always_committed_session_15_player1,15.0,10,1,closer_to_player1,6,"[0.5, 0.49677994212824095, 0.5721346004966592, 0.4908305852098907, 0.6585272177567323, 0.7952259337350126]"
sampleJointGoal_fromStart,always_committed_session_15_player2,15.0,10,2,closer_to_player1,9,"[0.5, 0.5045359656516974, 0.5077370829054993, 0.5042715055658187, 0.5106669622704669, 0.5396232358303259, 0.5411366352330872, 0.5417622707433579, 0.5419834259472078]"
sampleJointGoal_fromStart,always_committed_session_15_player1,15.0,11,1,equal_to_both,10,"[0.5, 0.5000105288543513, 0.5000126898099363, 0.9983013128611343, 0.9983323975340186, 0.9999971639567988, 0.9999975474967903, 0.9999999959335192, 0.9999999999863377, 0.9999999999999146]"
sampleJointGoal_fromStart,always_committed_session_15_player2,15.0,11,2,equal_to_both,10,"[0.5, 0.9938491267479209, 0.9999345536875242, 0.9999988849585224, 0.9999999709807038, 0.9999999725141067, 0.9999999992753285, 0.9999999994598299, 0.99999999998108, 0.9999999999917109]"
sampleJointGoal_fromStart,always_committed_session_16_player1,16.0,0,1,closer_to_player2,9,"[0.5, 0.9832222727917264, 0.9995550112957227, 0.9999823636665324, 0.9999979871608564, 0.9999990379819139, 0.9999995329818134, 0.99999977095264, 0.999999887440278]"
sampleJointGoal_fromStart,always_committed_session_16_player2,16.0,0,2,closer_to_player2,9,"[0.5, 0.5031074470706074, 0.6083745969659647, 0.9999582328190098, 0.9999999912300214, 0.9999999999947958, 0.9999999999999922, 1.0, 1.0]"
sampleJointGoal_fromStart,always_committed_session_16_player1,16.0,1,1,closer_to_player2,9,"[0.5, 0.5033927551728044, 0.5053354394053065, 0.994150330607909, 0.9999389290357895, 0.9999989689348524, 0.999999973194565, 0.999999977688746, 0.9999999781573526]"
sampleJointGoal_fromStart,always_committed_session_16_player2,16.0,1,2,closer_to_player2,9,"[0.5, 0.6228982547810861, 0.999870762587839, 0.9999998045496489, 0.9999999997686112, 0.9999999999995974, 0.9999999999999987, 1.0, 1.0]"
sampleJointGoal_fromStart,always_committed_session_16_player1,16.0,8,1,closer_to_player1,7,"[0.5, 0.9999629356303105, 0.9999999978752218, 0.9999999999997188, 0.9999999999999999, 0.9999999999999999, 1.0]"
sampleJointGoal_fromStart,always_committed_session_16_player2,16.0,8,2,closer_to_player1,7,"[0.5, 0.5084224425718257, 0.5058966934765671, 0.3994370976248692, 0.5712249336056117, 0.7273316422712564, 0.8441153060047152]"
sampleJointGoal_fromStart,always_committed_session_16_player1,16.0,9,1,closer_to_player1,8,"[0.5, 0.5910461551346997, 0.6737665612668303, 0.7430154824890267, 0.6529836948707062, 0.7901002876880713, 0.8827750737758638, 0.9381741051460035]"
sampleJointGoal_fromStart,always_committed_session_16_player2,16.0,9,2,closer_to_player1,11,"[0.5, 0.1651820843013512, 0.16798993565937367, 0.1699301694358149, 0.17120563817598744, 0.17226677821023378, 0.1693555271361667, 0.17326415497981926, 0.20954726493062853, 0.21192175104154798, 0.21336306742259425]"
sampleJointGoal_fromStart,always_committed_session_16_player1,16.0,10,1,equal_to_both,8,"[0.5, 0.5002498771880074, 0.5062789483674954, 0.9995607082455844, 0.9999995223326076, 0.999999730702773, 0.9999999996561322, 0.99999999999714]"
sampleJointGoal_fromStart,always_committed_session_16_player2,16.0,10,2,equal_to_both,8,"[0.5, 0.49966987418368247, 0.49374326289693954, 0.3745134115774009, 0.9998576300717924, 0.9999999674275033, 0.999999999982175, 0.9999999999999789]"
sampleJointGoal_fromStart,always_committed_session_16_player1,16.0,11,1,closer_to_player2,8,"[0.5, 0.5053925962240596, 0.5078204497780029, 0.9941599152040576, 0.999938494315618, 0.9999395603729612, 0.9999994487104716, 0.999999989234088]"
sampleJointGoal_fromStart,always_committed_session_16_player2,16.0,11,2,closer_to_player2,8,"[0.5, 0.9999355623610028, 0.9999999865751453, 0.9999999999920977, 0.99999999999997, 0.9999999999999999, 1.0, 1.0]"
sampleJointGoal_fromStart,always_committed_session_17_player1,17.0,0,1,closer_to_player2,14,"[0.5, 0.49796183736734007, 0.5046405900368065, 0.6372525354877242, 0.9991387573995449, 0.9999989790501325, 0.999999998208484, 0.9999999999938202, 0.9999999533905518, 0.9999999998353013, 0.9999999999992117, 0.9999999999999885, 0.9999999999999999, 1.0]"
sampleJointGoal_fromStart,always_committed_session_17_player2,17.0,0,2,closer_to_player2,6,"[0.5, 0.9922020329549632, 0.999969352837345, 0.9999998015291279, 0.9999999979897861, 0.9999999999698119]"
sampleJointGoal_fromStart,always_committed_session_17_player1,17.0,1,1,closer_to_player2,9,"[0.5, 0.5034056361594393, 0.5055977825991422, 0.5070631934441139, 0.5074293368899211, 0.505729652146798, 0.42449994295752896, 0.5960641450225133, 0.7482071838718222]"
sampleJointGoal_fromStart,always_committed_session_17_player2,17.0,1,2,closer_to_player2,6,"[0.5, 0.5047328209583488, 0.5030031432963806, 0.564511257827957, 0.6056539219523742, 0.5345394992521527]"
sampleJointGoal_fromStart,always_committed_session_17_player1,17.0,4,1,equal_to_both,13,"[0.5, 0.9811838368350151, 0.9811838368350152, 0.9833864465730139, 0.9838015493519972, 0.9839338949634424, 0.9998991685148206, 0.9999005283620679, 0.9999993625318189, 0.9999994056299883, 0.9999996637265564, 0.9999999934296392, 0.9999999999717694]"
sampleJointGoal_fromStart,always_committed_session_17_player2,17.0,4,2,equal_to_both,12,"[0.5, 0.9828669630025672, 0.9995382617209184, 0.9995586035310654, 0.9995689558748334, 0.9995755770488872, 0.9995795961015715, 0.9999974457064768, 0.9999999731848563, 0.9999999737511475, 0.9999999997505734, 0.9999999999952006]"
sampleJointGoal_fromStart,always_committed_session_17_player1,17.0,5,1,closer_to_player1,13,"[0.5, 0.4980006831857101, 0.5026747509806507, 0.6247676834267913, 0.9996743931017306, 0.9999997243253826, 0.9999999998877445, 0.9999999999999015, 0.9999999999999998, 1.0, 0.9999999999999272, 0.9999999999999994, 1.0]"
sampleJointGoal_fromStart,always_committed_session_17_player2,17.0,5,2,closer_to_player1,9,"[0.5, 0.9832242119433193, 0.9836260871975777, 0.9997169095313434, 0.9999926397301364, 0.9999929642220243, 0.9999998171620345, 0.9999999917688662, 0.9999999961132343]"
sampleJointGoal_fromStart,always_committed_session_17_player1,17.0,6,1,closer_to_player1,9,"[0.5, 0.5031224077322323, 0.608617086787146, 0.9999013137692834, 0.9999999820768571, 0.9999999999904589, 0.9999999999999962, 1.0, 1.0]"
sampleJointGoal_fromStart,always_committed_session_17_player2,17.0,6,2,closer_to_player1,9,"[0.5, 0.5029881922778623, 0.9896715831368438, 0.9998222463290398, 0.9998293463788082, 0.9998333427818532, 0.9998350407515985, 0.99999913033661, 0.999999135127057]"
sampleJointGoal_fromStart,always_committed_session_17_player1,17.0,7,1,equal_to_both,11,"[0.5, 0.9892762229733918, 0.9895452054887943, 0.9998880484659609, 0.9999980862296362, 0.9999981833224132, 0.9999999683834881, 0.9999999985580268, 0.9999999993295863, 0.9999999996972978, 0.9999999999127033]"
sampleJointGoal_fromStart,always_committed_session_17_player2,17.0,7,2,equal_to_both,11,"[0.5, 0.9894545364746299, 0.9895707013187982, 0.989644891704576, 0.9999355906542913, 0.9999362007930818, 0.9999357393859993, 0.9999053454725381, 0.9999998878776056, 0.9999999997371017, 0.9999999999988705]"
sampleJointGoal_fromStart,always_committed_session_17_player1,17.0,9,1,closer_to_player2,15,"[0.5, 0.4965969046860799, 0.49461872872631, 0.49930418863268944, 0.4160539762575555, 0.5224772980275786, 0.9998597597346331, 0.9998135405515446, 0.9997637424749486, 0.9999188363826094, 0.9998971569695778, 0.9998803747670965, 0.9998566439887049, 0.9998566439887048, 1.0]"
sampleJointGoal_fromStart,always_committed_session_17_player2,17.0,9,2,closer_to_player2,6,"[0.5, 0.49687928458552805, 0.39139623702102455, 0.5626459072891019, 0.7201802083205642, 0.8383490201860346]"
sampleJointGoal_fromStart,always_committed_session_17_player1,17.0,10,1,equal_to_both,7,"[0.5, 0.9991874131819616, 0.9992143702985141, 0.9999991456727141, 0.999999517019235, 0.9999999993854481, 0.9999999999979681]"
sampleJointGoal_fromStart,always_committed_session_17_player2,17.0,10,2,equal_to_both,7,"[0.5, 0.49397074340954183, 0.9997478336336024, 0.9996201488231969, 0.999999913075642, 0.999999999952427, 0.9999999999999437]"
sampleJointGoal_fromStart,always_committed_session_17_player1,17.0,11,1,closer_to_player1,9,"[0.5, 0.9999447403244179, 0.9999999924836929, 0.9999999999981757, 0.9999999999999989, 1.0, 1.0, 1.0, 1.0]"
sampleJointGoal_fromStart,always_committed_session_17_player2,17.0,11,2,closer_to_player1,7,"[0.5, 0.5039414995477376, 0.9898800085135407, 0.9998271029093544, 0.9998315792131752, 0.9999974857599625, 0.999999912762605]"
sampleJointGoal_fromStart,always_committed_session_18_player1,18.0,0,1,closer_to_player2,12,"[0.5, 0.49696876912940924, 0.5028501308859825, 0.9989123570079987, 0.9999974124285776, 0.9999999878342676, 0.9999999998930322, 0.999999999956029, 0.9999999999991565, 0.9999999999999798, 0.9999999999999998, 1.0]"
sampleJointGoal_fromStart,always_committed_session_18_player2,18.0,0,2,closer_to_player2,7,"[0.5, 0.36169955569974716, 0.9970350686678883, 0.9999908312200793, 0.9999999515681887, 0.9999999995871924, 0.9999999999946231]"
sampleJointGoal_fromStart,always_committed_session_18_player1,18.0,1,1,closer_to_player1,6,"[0.5, 0.5047347714913045, 0.5072408822831758, 0.5131623425477679, 0.5863079631886071, 0.586524145214306]"
sampleJointGoal_fromStart,always_committed_session_18_player2,18.0,1,2,closer_to_player1,14,"[0.5, 0.4965650119450116, 0.49459520002369894, 0.4993833222277755, 0.41576593896064173, 0.5231962355863135, 0.9998594237374602, 0.999812800340751, 0.9997622683510319, 0.9999999962754759, 0.9999999999997997, 0.999999999996283, 0.9999999999954731, 0.9999999999977519]"
sampleJointGoal_fromStart,always_committed_session_18_player1,18.0,2,1,closer_to_player1,13,"[0.5, 0.003349201316302309, 0.0033054837587341963, 0.986635445381508, 0.9866954898584424, 0.9900917361493697, 0.9999993901076036, 0.9999999333723084, 0.9999998905003433, 0.9999999999969598, 0.9999999999999998, 1.0, 1.0]"
sampleJointGoal_fromStart,always_committed_session_18_player2,18.0,2,2,closer_to_player1,9,"[0.5, 0.983003804785716, 0.9995267127282061, 0.9999581147058925, 0.9999790696120723, 0.9999893773343308, 0.9999945775817254, 0.9999972400294967, 0.9999986158479348]"
sampleJointGoal_fromStart,always_committed_session_18_player1,18.0,3,1,closer_to_player1,9,"[0.5, 0.4167281387274481, 0.5231733700978715, 0.35420774717521125, 0.21516935558056563, 0.9999746021111362, 0.9999704572476757, 0.9999645960452712, 1.0]"
sampleJointGoal_fromStart,always_committed_session_18_player2,18.0,3,2,closer_to_player1,9,"[0.5, 0.5035084577470065, 0.5063312860720821, 0.5023999041450536, 0.497261314688663, 0.4914474173373513, 0.4856261024597324, 0.4376166931920597, 0.6105914475555673]"
sampleJointGoal_fromStart,always_committed_session_18_player1,18.0,7,1,closer_to_player2,9,"[0.5, 0.983215621863266, 0.9995544964066826, 0.9995813197053308, 0.999988654583785, 0.9999991019642568, 0.9999995542599833, 0.9999997753352742, 0.9999998857904809]"
sampleJointGoal_fromStart,always_committed_session_18_player2,18.0,7,2,closer_to_player2,9,"[0.5, 0.9996544268552906, 0.999662885336848, 0.9997962672423186, 0.9999999565544944, 0.9999999999347872, 0.9999999999999284, 0.9999999999999998, 1.0]"
sampleJointGoal_fromStart,always_committed_session_18_player1,18.0,8,1,equal_to_both,7,"[0.5, 0.493970890978568, 0.3738278941429528, 0.9998572448427455, 0.9999999673399517, 0.9999999999821255, 0.9999999999999788]"
sampleJointGoal_fromStart,always_committed_session_18_player2,18.0,8,2,equal_to_both,7,"[0.5, 0.9991873301009758, 0.9992143223626113, 0.9995425033915674, 0.9999990397976553, 0.99999999947449, 0.9999999999993776]"
sampleJointGoal_fromStart,always_committed_session_18_player1,18.0,9,1,closer_to_player2,9,"[0.5, 0.4214015641816159, 0.3421823760252807, 0.26365546103669973, 0.47096828616694597, 0.9931226578193287, 0.9999717096430527, 0.9999998340290647, 0.9999999970562826]"
sampleJointGoal_fromStart,always_committed_session_18_player2,18.0,9,2,closer_to_player2,9,"[0.5, 0.5036213234720205, 0.6102770592083634, 0.9999575515234592, 0.9999999779957225, 0.9999999999898604, 0.9999999999999906, 1.0, 1.0]"
sampleJointGoal_fromStart,always_committed_session_18_player1,18.0,10,1,equal_to_both,10,"[0.5, 0.5000013107434931, 0.996641067692321, 0.9999792330825634, 0.9999997808437399, 0.9999999962160102, 0.9999999998521465, 0.9999999999290059, 0.9999999999656133, 0.9999999999840274]"
sampleJointGoal_fromStart,always_committed_session_18_player2,18.0,10,2,equal_to_both,10,"[0.5, 0.9937637135349796, 0.9999324788588527, 0.9999346236952903, 0.9999353571285184, 0.9999996013053092, 0.9999999957557957, 0.9999999999014725, 0.9999999999522843, 0.9999999999778365]"
sampleJointGoal_fromStart,always_committed_session_18_player1,18.0,11,1,equal_to_both,8,"[0.5, 0.5118415786426456, 0.9989542354771385, 0.9994099747435597, 0.9999977573401141, 0.999999995837144, 0.9999999999831801, 0.9999999999998422]"
sampleJointGoal_fromStart,always_committed_session_18_player2,18.0,11,2,equal_to_both,8,"[0.5, 0.49189730429675094, 0.9994210451795529, 0.9990445212784759, 0.9999996110065187, 0.9999999996590612, 0.999999999999407, 0.9999999999999981]"
sampleJointGoal_fromStart,always_committed_session_19_player1,19.0,1,1,equal_to_both,10,"[0.5, 0.9937362452543553, 0.9999319111872229, 0.9999987805649168, 0.999999166283843, 0.9999994033821801, 0.9999995577771176, 0.9999999961491398, 0.9999999981905103, 0.9999999994874874]"
sampleJointGoal_fromStart,always_committed_session_19_player2,19.0,1,2,equal_to_both,10,"[0.5, 0.9938462114460599, 0.9999344726584156, 0.9999988815740793, 0.9999989344451543, 0.9999989671829743, 0.9999989848501073, 0.9999989931911742, 0.9999999969998443, 0.9999999971392707]"
sampleJointGoal_fromStart,always_committed_session_19_player1,19.0,2,1,closer_to_player1,6,"[0.5, 0.49683276623463285, 0.571710587664775, 0.4915446837160217, 0.6591758712978039, 0.7958024388722855]"
sampleJointGoal_fromStart,always_committed_session_19_player2,19.0,2,2,closer_to_player1,9,"[0.5, 0.503437919080845, 0.50590164776564, 0.5073629344807117, 0.5076974372997514, 0.5060668753175279, 0.5668878570465388, 0.5189499169863542, 0.6849199570955349]"
sampleJointGoal_fromStart,always_committed_session_19_player1,19.0,3,1,closer_to_player2,9,"[0.5, 0.5020230628414107, 0.9899258665608728, 0.9998309494208243, 0.999995673790811, 0.9999958070113394, 0.9999943586204442, 0.9999999520221434, 0.9999999993659273]"
sampleJointGoal_fromStart,always_committed_session_19_player2,19.0,3,2,closer_to_player2,9,"[0.5, 0.9996550936457391, 0.999999724846094, 0.9999999995199242, 0.9999999999973332, 0.9999999999999918, 1.0, 1.0, 1.0]"
sampleJointGoal_fromStart,always_committed_session_19_player1,19.0,4,1,closer_to_player2,12,"[0.5, 0.9965753468723807, 0.9967318483573189, 0.9999879732725178, 0.9999920168655687, 0.9999999335991749, 0.9999999811298756, 0.9999999998454394, 0.9999999999992606, 0.9999999999999959, 1.0, 1.0]"
sampleJointGoal_fromStart,always_committed_session_19_player2,19.0,4,2,closer_to_player2,6,"[0.5, 0.9946086209142525, 0.9999830645800453, 0.9999999092431756, 0.9999999992150164, 0.9999999999896322]"
sampleJointGoal_fromStart,always_committed_session_19_player1,19.0,5,1,closer_to_player1,9,"[0.5, 0.6234398256518722, 0.4528788806569135, 0.29268693997744777, 0.9999104393492846, 0.9998862607593032, 0.9999999982182772, 0.9999999984732099, 0.9999999987178997]"
sampleJointGoal_fromStart,always_committed_session_19_player2,19.0,5,2,closer_to_player1,9,"[0.5, 0.5035047978070132, 0.5052052002127713, 0.5070203493875851, 0.5134079085217351, 0.5007946099486743, 0.476265895491797, 0.4339194190969463, 0.5351778609054096]"
sampleJointGoal_fromStart,always_committed_session_19_player1,19.0,6,1,equal_to_both,10,"[0.5, 0.9938541763137712, 0.9938984039523459, 0.999962207003473, 0.9999996014710076, 0.9999999931187611, 0.999999999725059, 0.9999999998677485, 0.9999999999359129, 0.9999999999702512]"
sampleJointGoal_fromStart,always_committed_session_19_player2,19.0,6,2,equal_to_both,10,"[0.5, 0.5000359184794079, 0.9966409816522133, 0.9999792162607422, 0.9999997803976444, 0.9999999961998406, 0.9999999972638902, 0.9999999979011484, 0.9999999999723646, 0.999999999987172]"
sampleJointGoal_fromStart,always_committed_session_19_player1,19.0,7,1,equal_to_both,6,"[0.5, 0.9995049666248296, 0.9999997016559165, 0.9999999995901617, 0.9999999999982856, 0.9999999999999947]"
sampleJointGoal_fromStart,always_committed_session_19_player2,19.0,7,2,equal_to_both,6,"[0.5, 0.9998300002446019, 0.9999999322553952, 0.9999999999422303, 0.9999999999999029, 0.9999999999999997]"
sampleJointGoal_fromStart,always_committed_session_19_player1,19.0,10,1,closer_to_player1,6,"[0.5, 0.49689320133255677, 0.9987237877580873, 0.9982467963691736, 0.999998462114059, 0.9999999973273529]"
sampleJointGoal_fromStart,always_committed_session_19_player2,19.0,10,2,closer_to_player1,14,"[0.5, 0.9965413090791906, 0.9965465896752399, 0.9999882822678648, 0.9999883423450616, 0.9999999607140375, 0.9999999619291505, 0.9999999640971429, 0.9999999999143613, 0.9999999999623442, 0.9999999999998509, 0.9999999583049749, 0.9999999998348291, 0.9999999999986471]"
sampleJointGoal_fromStart,always_committed_session_19_player1,19.0,11,1,closer_to_player2,12,"[0.5, 0.9991600501274894, 0.9999974457322328, 0.9999987175357188, 0.9999993774923212, 0.9999995492818009, 0.9999998206208871, 0.9999999995149598, 0.9999999999990681, 0.9999999999999973, 0.999999999999997, 1.0]"
sampleJointGoal_fromStart,always_committed_session_19_player2,19.0,11,2,closer_to_player2,4,"[0.5, 0.9994084727686255, 0.9999994787898235, 0.9999999991231266]"
sampleJointGoal_fromStart,always_committed_session_20_player1,20.0,0,1,equal_to_both,10,"[0.5, 0.9938484192921143, 0.9999345396472941, 0.9999356174649159, 0.9999993186174371, 0.9999993428256181, 0.99999999270204, 0.9999999946883125, 0.9999999999072786, 0.9999999999729661]"
sampleJointGoal_fromStart,always_committed_session_20_player2,20.0,0,2,equal_to_both,10,"[0.5, 0.49845387222157145, 0.9966231439943427, 0.9966356720929137, 0.999988898654135, 0.9999999325677007, 0.9999999330186868, 0.9999999996637573, 0.9999999996226914, 0.9999999999983821]"
sampleJointGoal_fromStart,always_committed_session_20_player1,20.0,2,1,closer_to_player1,8,"[0.5, 0.666646434685117, 0.8000031922493953, 0.8889113037944347, 0.29478209684599316, 0.4553898855262795, 0.6258682933831979, 0.7712126684331905]"
sampleJointGoal_fromStart,always_committed_session_20_player2,20.0,2,2,closer_to_player1,12,"[0.5, 0.49659479501172815, 0.4944034091216215, 0.4929420992951293, 0.49260759045255753, 0.4942381792178733, 0.5743455709206782, 0.4027920637162593, 0.25077481998492923, 1.0, 1.0, 1.0]"
sampleJointGoal_fromStart,always_committed_session_20_player1,20.0,3,1,closer_to_player2,6,"[0.5, 0.6666466307648576, 0.8000033951830172, 0.8889114416498488, 0.9412057797638241, 0.9699317969508213]"
sampleJointGoal_fromStart,always_committed_session_20_player2,20.0,3,2,closer_to_player2,6,"[0.5, 0.9999631760640707, 0.9999533395836377, 0.9999457249243007, 0.9999999998366427, 0.9999999999999976]"
sampleJointGoal_fromStart,always_committed_session_20_player1,20.0,5,1,equal_to_both,11,"[0.5, 0.4999462295875077, 0.9938417268887421, 0.9938887028328913, 0.9939162951802294, 0.9999794028610958, 0.999979572044118, 0.9999802894526915, 0.9999845420035695, 0.9999999885203696, 0.999999999980968]"
sampleJointGoal_fromStart,always_committed_session_20_player2,20.0,5,2,equal_to_both,11,"[0.5, 0.4999462834028669, 0.9938417279406058, 0.9999343891375834, 0.9999988795507763, 0.9999999701421729, 0.9999999790927616, 0.9999999847005296, 0.9999999881350851, 0.9999999903602936, 0.9999999945175482]"
sampleJointGoal_fromStart,always_committed_session_20_player1,20.0,7,1,closer_to_player1,6,"[0.5, 0.9975977178310083, 0.9999890232813341, 0.9999849991217795, 0.9999999537608834, 0.9999999997556227]"
sampleJointGoal_fromStart,always_committed_session_20_player2,20.0,7,2,closer_to_player1,12,"[0.5, 0.49656208401773394, 0.9982557888912474, 0.9982539037140375, 0.9983067411638856, 0.999019401887996, 0.9999985144177517, 0.9999999983980085, 0.9999999999962319, 0.9999999999999823, 0.9999999999999998, 1.0]"
sampleJointGoal_fromStart,always_committed_session_20_player1,20.0,8,1,closer_to_player1,9,"[0.5, 0.9995412645952193, 0.9997344871514967, 0.9999998412633695, 0.9999999994010027, 0.9999999999985917, 0.9999999999999933, 0.9999999999999999, 1.0]"
sampleJointGoal_fromStart,always_committed_session_20_player2,20.0,8,2,closer_to_player1,9,"[0.5, 0.5034010849858276, 0.9897026586945008, 0.9998230317177222, 0.9999953990038654, 0.999999824794449, 0.9999998685385635, 0.9999999940557347, 0.9999999971916254]"
sampleJointGoal_fromStart,always_committed_session_20_player1,20.0,9,1,closer_to_player2,9,"[0.5, 0.9832177956282443, 0.9995556015021967, 0.9995725650663564, 0.9999888763805509, 0.9999995699091085, 0.9999999608274422, 0.99999998173127, 0.9999999913545095]"
sampleJointGoal_fromStart,always_committed_session_20_player2,20.0,9,2,closer_to_player2,9,"[0.5, 0.6226215891447447, 0.9998707511976996, 0.9999998043510271, 0.999999999764752, 0.9999999999996945, 0.9999999999999991, 1.0, 1.0]"
sampleJointGoal_fromStart,always_committed_session_20_player1,20.0,11,1,closer_to_player2,9,"[0.5, 0.5025862878760918, 0.5044972586666804, 0.49980773768059594, 0.5830828415169432, 0.4766364699786398, 0.6456178917867977, 0.7847019182604921, 0.8801572052891914]"
sampleJointGoal_fromStart,always_committed_session_20_player2,20.0,11,2,closer_to_player2,9,"[0.5, 0.3333533716719035, 0.19999660739674632, 0.9993865068500815, 0.9999998885659723, 0.9999999999409195, 0.9999999999704658, 0.9999999999852374, 0.9999999999926737]"
sampleJointGoal_fromStart,always_committed_session_21_player1,21.0,0,1,closer_to_player1,9,"[0.5, 0.9996555392244894, 0.9996631145543257, 0.9999998493133506, 0.999999911561057, 0.999999999960847, 0.9999999999999544, 0.9999999999999998, 1.0]"
sampleJointGoal_fromStart,always_committed_session_21_player2,21.0,0,2,closer_to_player1,11,"[0.5, 0.0034494601961518167, 0.0034604954675657236, 0.35986598329525504, 0.9815431238685265, 0.9818601285198902, 0.9998051792892387, 0.9999966372772044, 0.999997448250136, 0.9999978594798176, 0.9999999743253186]"
sampleJointGoal_fromStart,always_committed_session_21_player1,21.0,3,1,closer_to_player2,13,"[0.5, 0.0034089370523554307, 2.135780479562401e-05, 0.003262724643367809, 0.0032659831315455393, 0.3462271280433988, 0.34821478767907194, 0.3493285108224368, 0.9938733440051033, 0.9938668583503919, 0.9915763989361749, 0.9999927555614266, 0.9999999877547296]"
sampleJointGoal_fromStart,always_committed_session_21_player2,21.0,3,2,closer_to_player2,10,"[0.5, 0.9991800606716047, 0.9999985545366522, 0.9999999947964946, 0.9999999999327678, 0.9999999999665974, 0.9999999999836133, 0.9999999999951722, 0.9999999999999775, 0.9999999999999999]"
sampleJointGoal_fromStart,always_committed_session_21_player1,21.0,4,1,equal_to_both,12,"[0.5, 0.9827974264286369, 0.9832195137306833, 0.9834109536959066, 0.9835306710871049, 0.9836265587637806, 0.9999434087876005, 0.9999454635244495, 0.9999998105075597, 0.999999851915596, 0.9999999995024759, 0.9999999999968923]"
sampleJointGoal_fromStart,always_committed_session_21_player2,21.0,4,2,equal_to_both,12,"[0.5, 0.9827981835512246, 0.9995348038268466, 0.9995579054193543, 0.9999884495773794, 0.9999995614791486, 0.9999999761971787, 0.9999999843486015, 0.9999999985357433, 0.999999999342416, 0.999999999703554, 0.9999999998701238]"
sampleJointGoal_fromStart,always_committed_session_21_player1,21.0,5,1,closer_to_player1,10,"[0.5, 0.4996315641733734, 0.9996539215874746, 0.9999997172362061, 0.9999997327335228, 0.999999847760066, 0.9999999999084092, 0.9999999999997263, 0.9999999999999994, 1.0]"
sampleJointGoal_fromStart,always_committed_session_21_player2,21.0,5,2,closer_to_player1,9,"[0.5, 0.9832163564923067, 0.9995552576285162, 0.9995812599914481, 0.9999889367801691, 0.9999993616002515, 0.9999996975320933, 0.999999854412942, 0.9999999290741196]"
sampleJointGoal_fromStart,always_committed_session_21_player1,21.0,6,1,equal_to_both,7,"[0.5, 0.9994402129659709, 0.9999993161186075, 0.9999999982971298, 0.9999999999917804, 0.9999999999903141, 0.999999999999969]"
sampleJointGoal_fromStart,always_committed_session_21_player2,21.0,6,2,equal_to_both,7,"[0.5, 0.6342335979671849, 0.9991119938864906, 0.9999983806955278, 0.9999999985818546, 0.9999999999975354, 0.9999999999999921]"
sampleJointGoal_fromStart,always_committed_session_21_player1,21.0,7,1,closer_to_player2,9,"[0.5, 0.9831905732420465, 0.9995557732402549, 0.999572027773281, 0.9995764915631571, 0.9993597292189631, 0.9999966257905418, 0.9999999713036549, 0.9999999996207507]"
sampleJointGoal_fromStart,always_committed_session_21_player2,21.0,7,2,closer_to_player2,11,"[0.5, 0.0033016452880071695, 0.9616822753120412, 0.999986252835031, 0.9999999890583263, 0.9999999999813399, 0.9999999999999364, 0.9999999999999993, 1.0, 1.0, 1.0]"
sampleJointGoal_fromStart,always_committed_session_21_player1,21.0,8,1,equal_to_both,6,"[0.5, 0.9995358861085234, 0.9999992382761366, 0.9999997842998826, 0.9999999995919908, 0.9999999999994695]"
sampleJointGoal_fromStart,always_committed_session_21_player2,21.0,8,2,equal_to_both,6,"[0.5, 0.9997533654049753, 0.9996192602791034, 0.9999999353438043, 0.9999999999742539, 0.999999999999978]"
sampleJointGoal_fromStart,always_committed_session_21_player1,21.0,9,1,closer_to_player1,3,"[0.5, 0.9997013370507226, 0.9999997781468057]"
sampleJointGoal_fromStart,always_committed_session_21_player2,21.0,9,2,closer_to_player1,11,"[0.5, 0.9996600774838137, 0.9996595765888876, 0.9996564639131631, 0.9996303051505381, 0.9999999877180167, 0.999999999998691, 0.9999999999462524, 0.9999999999999539, 0.9999999999999688, 1.0]"
sampleJointGoal_fromStart,always_committed_session_21_player1,21.0,11,1,closer_to_player2,9,"[0.5, 0.5026013734742877, 0.5045134372730751, 0.4998239302632002, 0.37722294805360335, 0.998593500506409, 0.9999976305921014, 0.9999999926958325, 0.9999999999612598]"
sampleJointGoal_fromStart,always_committed_session_21_player2,21.0,11,2,closer_to_player2,9,"[0.5, 0.6226212730293342, 0.9998707510574516, 0.9999999227368161, 0.9999999998852037, 0.9999999999990542, 0.9999999999999956, 1.0, 1.0]"
sampleJointGoal_fromStart,always_committed_session_22_player1,22.0,0,1,closer_to_player1,7,"[0.5, 0.9999039520726517, 0.9999999914026884, 0.9999999999985175, 0.9999999999999994, 1.0, 1.0]"
sampleJointGoal_fromStart,always_committed_session_22_player2,22.0,0,2,closer_to_player1,11,"[0.5, 0.0008026575976932002, 0.0007731243670047995, 0.31007470435262074, 0.3070681387370136, 0.9971563859389643, 0.9999924855434504, 0.9999910753579742, 0.4408580135845618, 0.9974212017678362, 0.9999956002306466]"
sampleJointGoal_fromStart,always_committed_session_22_player1,22.0,5,1,equal_to_both,11,"[0.5, 0.5133483402176551, 0.5146128818767778, 0.5146867245727277, 0.5149315785895987, 0.5208466727853901, 0.6390648911567233, 0.9999109964672136, 0.9999998132663973, 0.9999999998978025, 0.999999999999879]"
sampleJointGoal_fromStart,always_committed_session_22_player2,22.0,5,2,equal_to_both,11,"[0.5, 0.4988124091430179, 0.49874979434096156, 0.9966242048352579, 0.9966392041316028, 0.9966464453810556, 0.9966009034395495, 0.9999979494988464, 0.999999997190815, 0.999999999991629, 0.999999999992018]"
sampleJointGoal_fromStart,always_committed_session_22_player1,22.0,6,1,closer_to_player2,9,"[0.5, 0.5034073596182743, 0.5056568332649709, 0.5074716978184711, 0.5138588778560276, 0.5012459870331147, 0.5505151095109477, 0.5511385576498703, 0.5513589352679411]"
sampleJointGoal_fromStart,always_committed_session_22_player2,22.0,6,2,closer_to_player2,9,"[0.5, 0.4163067243839382, 0.5239089021085702, 0.35489091371999676, 0.21567918149985954, 0.999974462428171, 0.9999999995999947, 0.9999999996572284, 0.9999999997121625]"
sampleJointGoal_fromStart,always_committed_session_22_player1,22.0,7,1,closer_to_player1,10,"[0.5, 0.49969445193828643, 0.5028616967811324, 0.6083605751873563, 0.9999012154585537, 0.9999999820661681, 0.9999999865121936, 0.9999999999975492, 0.9999999999987749, 0.999999999999392]"
sampleJointGoal_fromStart,always_committed_session_22_player2,22.0,7,2,closer_to_player1,9,"[0.5, 0.5034052049878841, 0.5055965908776696, 0.50682176907304, 0.503703335024547, 0.5784247338148315, 0.4984145959822721, 0.6653229883101947, 0.8002321569711172]"
sampleJointGoal_fromStart,always_committed_session_22_player1,22.0,8,1,closer_to_player2,9,"[0.5, 0.5034075792968904, 0.5056000393417481, 0.5070654130082097, 0.5082130758110642, 0.5144831541672338, 0.4899420075877388, 0.5636040293605905, 0.5638231303792369]"
sampleJointGoal_fromStart,always_committed_session_22_player2,22.0,8,2,closer_to_player2,8,"[0.5, 0.512565935207088, 0.5218901038028778, 0.5281595562883014, 0.5255178297624464, 0.5865681949809773, 0.5380597166813488, 0.7010940844653758]"
sampleJointGoal_fromStart,always_committed_session_22_player1,22.0,9,1,closer_to_player2,9,"[0.5, 0.4211977795062278, 0.9786097070589149, 0.9996144346799245, 0.9999900710258777, 0.9999996257667634, 0.9999996453467377, 0.9999999880291182, 0.9999999886251544]"
sampleJointGoal_fromStart,always_committed_session_22_player2,22.0,9,2,closer_to_player2,9,"[0.5, 0.9996543079865925, 0.9999997241135663, 0.9999999995291399, 0.9999999999984411, 0.9999999999999901, 1.0, 1.0, 1.0]"
sampleJointGoal_fromStart,always_committed_session_22_player1,22.0,11,1,closer_to_player1,4,"[0.5, 0.4181519436305276, 0.5897623112222049, 0.7433687069447656]"
sampleJointGoal_fromStart,always_committed_session_22_player2,22.0,11,2,closer_to_player1,14,"[0.5, 0.4969674980029722, 0.5028478787938456, 0.4145054504150297, 0.5387411887257121, 0.36865632031222284, 0.9997372531466047, 0.9999999522915012, 0.9999999640951953, 0.9993771758227563, 0.9999999640779842, 0.9999999999934739, 0.9999999999967377, 0.9999999999983809]"
sampleJointGoal_fromStart,always_committed_session_23_player1,23.0,1,1,closer_to_player1,4,"[0.5, 0.9993617740781414, 0.999999064676694, 0.9999999968588933]"
sampleJointGoal_fromStart,always_committed_session_23_player2,23.0,1,2,closer_to_player1,12,"[0.5, 0.9997677512374894, 0.9998852108229771, 0.9999627703944292, 0.9999999971297902, 0.9999999968098034, 0.9999999931427327, 0.9999999999993866, 0.9999999999942764, 0.9999999999919076, 0.9999999999999986, 1.0]"
sampleJointGoal_fromStart,always_committed_session_23_player1,23.0,2,1,closer_to_player1,9,"[0.5, 0.49924572450364946, 0.9998679499120554, 0.9999999545063044, 0.9999999563000089, 0.9999999737899057, 0.999999999994395, 0.9999999999999954, 1.0]"
sampleJointGoal_fromStart,always_committed_session_23_player2,23.0,2,2,closer_to_player1,9,"[0.5, 0.9830621547868059, 0.9995222564690363, 0.9996795374529885, 0.9999802606531483, 0.9999897309289376, 0.9999945965791478, 0.9999971442579118, 0.9999984987581898]"
sampleJointGoal_fromStart,always_committed_session_23_player1,23.0,5,1,equal_to_both,9,"[0.5, 0.5000002198240207, 0.9982965126163814, 0.9999942578518448, 0.9999999645915885, 0.9999999653067758, 0.9999999997778275, 0.999999999997091, 0.9999999999986489]"
sampleJointGoal_fromStart,always_committed_session_23_player2,23.0,5,2,equal_to_both,9,"[0.5, 0.5000002216504363, 0.4999922877582689, 0.49989227398135055, 0.4990308901905231, 0.9998929739838008, 0.9999999680180458, 0.9999999999762494, 0.9999999999999606]"
sampleJointGoal_fromStart,always_committed_session_23_player1,23.0,6,1,closer_to_player1,9,"[0.5, 0.6234319518219219, 0.45287046002693077, 0.2926798661161271, 0.9999104362225587, 0.9999999948280196, 0.999999999999057, 0.9999999999995287, 0.999999999999766]"
sampleJointGoal_fromStart,always_committed_session_23_player2,23.0,6,2,closer_to_player1,9,"[0.5, 0.5033991647714974, 0.5053666589416567, 0.5005783884721613, 0.3771116616965235, 0.5477030653572524, 0.7077991357590641, 0.8289407284356133, 0.9070486354308183]"
sampleJointGoal_fromStart,always_committed_session_23_player1,23.0,9,1,closer_to_player2,9,"[0.5, 0.5045056491710727, 0.5060243647532148, 0.5068465753350075, 0.5071808508503834, 0.5055502347332296, 0.5663803240267743, 0.6069221556967903, 0.7057867243702037]"
sampleJointGoal_fromStart,always_committed_session_23_player2,23.0,9,2,closer_to_player2,6,"[0.5, 0.5832697833302684, 0.6542350593178142, 0.5781187857632512, 0.7327272579125693, 0.8467251157025594]"
sampleJointGoal_fromStart,always_committed_session_23_player1,23.0,11,1,closer_to_player2,9,"[0.5, 0.5016600664306721, 0.5035142924655917, 0.49880681578524416, 0.3762548084149757, 0.5470461831339934, 0.7074182970180924, 0.8307409692931897, 0.9361780186101687]"
sampleJointGoal_fromStart,always_committed_session_23_player2,23.0,11,2,closer_to_player2,9,"[0.5, 0.999509888348118, 0.9999995865204099, 0.9999999987807711, 0.9999999993913118, 0.9999999996959817, 0.999999999848141, 0.9999999999251906, 0.9999999999749688]"
sampleJointGoal_fromStart,always_committed_session_24_player1,24.0,0,1,closer_to_player2,9,"[0.5, 0.5034387885400003, 0.989704009789926, 0.9998230524409505, 0.9999953961486189, 0.9999998219892791, 0.9999998686507363, 0.999999992703508, 0.9999999965470041]"
sampleJointGoal_fromStart,always_committed_session_24_player2,24.0,0,2,closer_to_player2,9,"[0.5, 0.9995403215823375, 0.9999994944794535, 0.9999997149053572, 0.9999999989244528, 0.9999999999974702, 0.9999999999999881, 0.9999999999999998, 1.0]"
sampleJointGoal_fromStart,always_committed_session_24_player1,24.0,1,1,equal_to_both,11,"[0.5, 0.4999455873095196, 0.4999439828267811, 0.9966401246366398, 0.9966553355151219, 0.9966679628745544, 0.9999942295598613, 0.9999944322145229, 0.999995633477634, 0.9999999967573089, 0.9999999999946241]"
sampleJointGoal_fromStart,always_committed_session_24_player2,24.0,1,2,equal_to_both,11,"[0.5, 0.989331316828633, 0.9895327191858129, 0.9998880000907464, 0.9999980872689467, 0.9999981787303195, 0.9999982350830502, 0.9999999812149132, 0.9999999854319496, 0.9999999998092576, 0.9999999999114011]"
sampleJointGoal_fromStart,always_committed_session_24_player1,24.0,3,1,closer_to_player2,9,"[0.5, 0.5035101256904665, 0.50515649620234, 0.5059869687692897, 0.5063214967875692, 0.5087272239982122, 0.5150829007156227, 0.4689300655384826, 0.39459933109130185]"
sampleJointGoal_fromStart,always_committed_session_24_player2,24.0,3,2,closer_to_player2,6,"[0.5, 0.5832718612730579, 0.6542383718728142, 0.578120828527043, 0.7327288864224384, 0.8467261888544928]"
sampleJointGoal_fromStart,always_committed_session_24_player1,24.0,4,1,closer_to_player1,9,"[0.5, 0.9995099135068792, 0.9995130812198105, 0.9999998280415351, 0.9999998767744477, 0.9999999999357478, 0.9999999999679057, 0.9999999999841895, 0.9999999999947099]"
sampleJointGoal_fromStart,always_committed_session_24_player2,24.0,4,2,closer_to_player1,9,"[0.5, 0.5033920309705613, 0.5058814720214566, 0.5065628564960788, 0.5115106883226493, 0.5212138978574465, 0.4387684778838952, 0.5915622308393377, 0.420682822352827]"
sampleJointGoal_fromStart,always_committed_session_24_player1,24.0,6,1,closer_to_player1,6,"[0.5, 1.0, 1.0, 1.0, 1.0, 1.0]"
sampleJointGoal_fromStart,always_committed_session_24_player2,24.0,6,2,closer_to_player1,4,"[0.5, 0.99543731341115, 0.9977303134361666, 0.9989106149987595]"
sampleJointGoal_fromStart,always_committed_session_24_player1,24.0,7,1,closer_to_player1,8,"[0.5, 0.5016463984282888, 0.5815756962944362, 0.4099424057172737, 0.9999899774045199, 0.9999883417151794, 0.9999999999649123, 0.9999999999707214]"
sampleJointGoal_fromStart,always_committed_session_24_player2,24.0,7,2,closer_to_player1,9,"[0.5, 0.5035101254771449, 0.5051564962730712, 0.5070214941328445, 0.5018831590196998, 0.5087656132620874, 0.5671112771021273, 0.5706126296606185, 0.5727205917548495]"
sampleJointGoal_fromStart,always_committed_session_24_player1,24.0,9,1,closer_to_player2,13,"[0.5, 0.6364687292186347, 0.997836872513529, 0.999994359673853, 0.9999999802021036, 0.999999999874829, 0.9999999999112066, 0.9999999999346103, 0.9999999999996965, 0.9999999999998492, 0.999999999927824, 0.9999999999142609, 0.9999999999572753]"
sampleJointGoal_fromStart,always_committed_session_24_player2,24.0,9,2,closer_to_player2,3,"[0.5, 0.999708158622295, 0.9999997674734913]"
sampleJointGoal_fromStart,always_committed_session_24_player1,24.0,10,1,equal_to_both,12,"[0.5, 0.006145823349374025, 0.6455815734932979, 0.996613577837461, 0.9999640655023775, 0.9999646497738348, 0.9999996269386068, 0.9999999935586567, 0.9999999997483145, 0.9999999998791493, 0.9999999999414647, 0.9999999999728105]"
sampleJointGoal_fromStart,always_committed_session_24_player2,24.0,10,2,equal_to_both,10,"[0.5, 0.9937637135349796, 0.9938603373479747, 0.9999618718975433, 0.9999622996545245, 0.9999997674836413, 0.999999997524806, 0.9999999980807023, 0.9999999984406691, 0.9999999991131522]"
sampleJointGoal_fromStart,always_committed_session_25_player1,25.0,0,1,closer_to_player1,6,"[0.5, 0.5003235739636286, 0.5027303184712343, 0.49690575615448596, 0.5386521787498537, 0.46290286218188453]"
sampleJointGoal_fromStart,always_committed_session_25_player2,25.0,0,2,closer_to_player1,9,"[0.5, 0.5030292860113901, 0.49714876219706156, 0.36497526482198395, 0.5347495489184202, 0.6968793094187118, 0.8213961836123878, 0.9019678907930853, 0.9488225658786777]"
sampleJointGoal_fromStart,always_committed_session_25_player1,25.0,1,1,closer_to_player1,9,"[0.5, 0.4992471142107006, 0.9998679513191345, 0.9999999545141778, 0.9999999999624589, 0.9999999999999013, 0.9999999999999527, 0.9999999999999866, 1.0]"
sampleJointGoal_fromStart,always_committed_session_25_player2,25.0,1,2,closer_to_player1,11,"[0.5, 0.9830741697983418, 0.9840365745838501, 0.9997172280754069, 0.999987996184619, 0.9778714419111191, 0.9990405554492162, 0.9995366186035175, 0.9997736087805994, 0.9998884892217446, 0.9999447876052359]"
sampleJointGoal_fromStart,always_committed_session_25_player1,25.0,2,1,equal_to_both,15,"[0.5, 0.01806951578439727, 0.017563673790099838, 0.7378063193639786, 0.9961625462956349, 0.9999328114106598, 0.9999982127245236, 0.9999983769288213, 0.9999999564673087, 0.9999999703073204, 0.9999999986457839, 0.9999999993703862, 0.9999999997157195, 0.9999999997157196, 0.9999999999180159]"
sampleJointGoal_fromStart,always_committed_session_25_player2,25.0,2,2,equal_to_both,12,"[0.5, 0.982866963004557, 0.9831940160295802, 0.9833779858739554, 0.9834954943413102, 0.999896703195801, 0.9999989106559536, 0.9999989290317917, 0.9999989361123567, 0.9999999946589239, 0.999999994006885, 0.9999999999742496]"
sampleJointGoal_fromStart,always_committed_session_25_player1,25.0,3,1,equal_to_both,13,"[0.5, 0.4987311526176068, 0.9894014466731693, 0.9895181901391821, 0.9998879908005122, 0.9999980916506824, 0.9999999503344839, 0.9999999980735238, 0.9999999998117199, 0.9999999999136315, 0.9999999999600258, 0.9999999999600258, 0.999999999981489]"
sampleJointGoal_fromStart,always_committed_session_25_player2,25.0,3,2,equal_to_both,12,"[0.5, 0.5121177356180145, 0.5136004442807931, 0.9941628907070594, 0.9942110795578976, 0.99425096994999, 0.9944869701894045, 0.9999870646227124, 0.9999999397599195, 0.9999999659183098, 0.9999999993340867, 0.9999999999971388]"
sampleJointGoal_fromStart,always_committed_session_25_player1,25.0,5,1,closer_to_player2,9,"[0.5, 0.5034054122685274, 0.505655497834816, 0.5074706195435129, 0.5029279715739888, 0.49767536302807636, 0.5035911258405611, 0.46095341216635344, 0.3900254380951038]"
sampleJointGoal_fromStart,always_committed_session_25_player2,25.0,5,2,closer_to_player2,6,"[0.5, 0.5160525506182956, 0.5537116648191025, 0.560053774907285, 0.5606856096545673, 0.5609051593171959]"
sampleJointGoal_fromStart,always_committed_session_25_player1,25.0,6,1,closer_to_player1,8,"[0.5, 0.5017009053735297, 0.5827447172993513, 0.41111239971807195, 0.9999899405024929, 0.9999882608577463, 0.9999860204668961, 1.0]"
sampleJointGoal_fromStart,always_committed_session_25_player2,25.0,6,2,closer_to_player1,9,"[0.5, 0.5035279324432259, 0.5058031632675326, 0.5076305382607048, 0.5030833064648796, 0.509355833654194, 0.558529578873617, 0.5591508194640794, 0.5593704080878447]"
sampleJointGoal_fromStart,always_committed_session_25_player1,25.0,9,1,closer_to_player2,9,"[0.5, 0.5045056491710727, 0.5060243647532148, 0.5079017478501142, 0.5149620298464787, 0.5517863872287381, 0.5573299487994292, 0.5608491583761871, 0.5629683413017746]"
sampleJointGoal_fromStart,always_committed_session_25_player2,25.0,9,2,closer_to_player2,9,"[0.5, 0.4954279819884214, 0.4970592834060205, 0.4361851204587367, 0.4841726971992887, 0.9999925815372981, 0.9999913708382624, 0.9999896587917823, 1.0]"
sampleJointGoal_fromStart,always_committed_session_25_player1,25.0,10,1,equal_to_both,10,"[0.5, 0.4999837091927315, 0.4999707914564391, 0.49972091427657933, 0.49369184771657726, 0.3735666167194848, 0.99985708541286, 0.9999999673034716, 0.9999999999821055, 0.9999999999999788]"
sampleJointGoal_fromStart,always_committed_session_25_player2,25.0,10,2,equal_to_both,10,"[0.5, 0.9928569843962844, 0.999912084182293, 0.9999312861607795, 0.9999992401494355, 0.9999994683633259, 0.9999999915539179, 0.9999999958738574, 0.9999999980614438, 0.9999999994509379]"
sampleJointGoal_fromStart,always_committed_session_25_player1,25.0,11,1,closer_to_player2,7,"[0.5, 0.3574361094446191, 0.536979563186938, 0.8039972880298614, 0.999540175223305, 0.9999994013205136, 0.9999999988988523]"
sampleJointGoal_fromStart,always_committed_session_25_player2,25.0,11,2,closer_to_player2,7,"[0.5, 0.9999335469272584, 0.9999999856112449, 0.9999999999867754, 0.999999999999975, 1.0, 1.0]"
sampleJointGoal_fromStart,always_committed_session_26_player1,26.0,1,1,closer_to_player1,8,"[0.5, 0.9998295405019224, 0.9998968989098199, 0.9999999451030803, 0.9999999999586634, 0.9999999999999832, 1.0, 1.0]"
sampleJointGoal_fromStart,always_committed_session_26_player2,26.0,1,2,closer_to_player1,10,"[0.5, 0.0017170687219956388, 0.2179415601640472, 0.9634980097613693, 0.9993553893055287, 0.999380883694736, 0.9993953717669067, 0.9994016009712536, 0.9992876022828067, 0.9999987601261745]"
sampleJointGoal_fromStart,always_committed_session_26_player1,26.0,2,1,closer_to_player2,12,"[0.5, 0.49659349145752074, 0.4944013015505513, 0.49317562367550455, 0.49629378544234787, 0.9998268216536513, 0.9999999206758996, 0.9999999999117926, 0.9999999999630629, 0.9999999999999243, 0.9999999999999997, 1.0]"
sampleJointGoal_fromStart,always_committed_session_26_player2,26.0,2,2,closer_to_player2,5,"[0.5, 0.394357193726104, 0.9993887320954742, 0.9999994784819716, 0.9999999991228157]"
sampleJointGoal_fromStart,always_committed_session_26_player1,26.0,3,1,closer_to_player2,9,"[0.5, 0.9822042860142358, 0.9995235700101033, 0.9999806107576611, 0.9999975187226745, 0.9999987539117389, 0.999999357492722, 0.9999996607975353, 0.9999998174919178]"
sampleJointGoal_fromStart,always_committed_session_26_player2,26.0,3,2,closer_to_player2,9,"[0.5, 0.5613129627514853, 0.6737429641287008, 0.9999668416234712, 0.9999999876025707, 0.9999999999955321, 0.9999999999999938, 1.0, 1.0]"
sampleJointGoal_fromStart,always_committed_session_26_player1,26.0,6,1,equal_to_both,7,"[0.5, 0.5061249774547737, 0.6290682349880072, 0.9996888549604015, 0.9999998887130521, 0.9999999998418225, 0.9999999999998613]"
sampleJointGoal_fromStart,always_committed_session_26_player2,26.0,6,2,equal_to_both,7,"[0.5, 0.4937689776512083, 0.9997509636827872, 0.9996158631394277, 0.9999999338932581, 0.9999999999731279, 0.9999999999999765]"
sampleJointGoal_fromStart,always_committed_session_26_player1,26.0,7,1,closer_to_player2,11,"[0.5, 0.9970331937280943, 0.9984649904204942, 0.9992185390076357, 0.9996148906061009, 0.9998831201580114, 0.9999999693286922, 0.999999999992519, 0.999999999999997, 1.0, 1.0]"
sampleJointGoal_fromStart,always_committed_session_26_player2,26.0,7,2,closer_to_player2,5,"[0.5, 0.38596077521166705, 0.9993514722686145, 0.9999994465769874, 0.9999999990696306]"
sampleJointGoal_fromStart,always_committed_session_26_player1,26.0,10,1,equal_to_both,5,"[0.5, 0.9999106082953316, 0.9999999845917185, 0.9999999999938642, 0.9999999999999948]"
sampleJointGoal_fromStart,always_committed_session_26_player2,26.0,10,2,equal_to_both,5,"[0.5, 0.999822652829083, 0.9999999389973772, 0.9999999999409834, 0.9999999999999478]"
sampleJointGoal_fromStart,always_committed_session_26_player1,26.0,11,1,closer_to_player1,9,"[0.5, 0.9995428479889613, 0.9999994983521214, 0.99999999880578, 0.9999999999942669, 0.999999999999959, 0.9999999999999997, 1.0, 1.0]"
sampleJointGoal_fromStart,always_committed_session_26_player2,26.0,11,2,closer_to_player1,9,"[0.5, 0.5029865495621082, 0.9899892721686308, 0.9899120154465988, 0.9835820677636437, 0.9999486322585996, 0.9999997292366731, 0.9999999976966621, 0.9999999999697349]"
sampleJointGoal_fromStart,always_committed_session_27_player1,27.0,0,1,equal_to_both,10,"[0.5, 0.993847998701665, 0.9938932254048659, 0.9999620608289423, 0.9999625693334695, 0.9999644820210148, 0.9999998345890909, 0.9999999985783584, 0.9999999993009292, 0.9999999999906196]"
sampleJointGoal_fromStart,always_committed_session_27_player2,27.0,0,2,equal_to_both,10,"[0.5, 0.4998881789349829, 0.9966448170149732, 0.9966567501247309, 0.9965898140408488, 0.999995700876886, 0.9999999889204142, 0.9999999999443768, 0.9999999999375863, 0.9999999999997319]"
sampleJointGoal_fromStart,always_committed_session_27_player1,27.0,1,1,closer_to_player2,8,"[0.5, 0.5041586111073917, 0.5057057718454548, 0.5025988516629669, 0.5786306374714647, 0.49000528562842827, 0.663281947379896, 0.8668041263647412]"
sampleJointGoal_fromStart,always_committed_session_27_player2,27.0,1,2,closer_to_player2,10,"[0.5, 0.41628932557571235, 0.3451405576289482, 0.2920564191101596, 0.26164738276446625, 0.2587785437345865, 1.0, 1.0, 1.0, 1.0]"
sampleJointGoal_fromStart,always_committed_session_27_player1,27.0,3,1,closer_to_player1,4,"[0.5, 0.5063657170356571, 0.5894429780414129, 0.591524755603713]"
sampleJointGoal_fromStart,always_committed_session_27_player2,27.0,3,2,closer_to_player1,11,"[0.5, 0.5038575022397361, 0.5063211905705897, 0.5075463220888768, 0.5121146072937383, 0.5104845692570407, 0.4302803768297477, 0.07570493948968204, 0.09472234091972574, 0.11007287670943548, 0.16119255567793442]"
sampleJointGoal_fromStart,always_committed_session_27_player1,27.0,4,1,closer_to_player2,7,"[0.5, 0.5893434692503376, 0.6682529716238849, 0.5678201826153877, 0.7246467598638067, 0.8404995472650683, 0.9146172415240645]"
sampleJointGoal_fromStart,always_committed_session_27_player2,27.0,4,2,closer_to_player2,7,"[0.5, 0.9999631750304392, 0.9999999978919747, 0.9999999978919761, 0.9999999978919768, 0.9999999978919862, 0.9999999999999954]"
sampleJointGoal_fromStart,always_committed_session_27_player1,27.0,8,1,equal_to_both,8,"[0.5, 0.9982948141001319, 0.9999942474347864, 0.9999999640017968, 0.9999999994293773, 0.9999999997206085, 0.9999999998687152, 0.9999999999628154]"
sampleJointGoal_fromStart,always_committed_session_27_player2,27.0,8,2,equal_to_both,8,"[0.5, 0.9982978803314153, 0.998301563310851, 0.9999971428845255, 0.9999971355109725, 0.9999961582451934, 0.9999999978974365, 0.99999999999751]"
sampleJointGoal_fromStart,always_committed_session_27_player1,27.0,9,1,closer_to_player1,7,"[0.5, 0.9966392600646845, 0.9999784544948457, 0.9999995338131084, 0.9999995338131082, 0.9999997455779243, 0.9999998608207906]"
sampleJointGoal_fromStart,always_committed_session_27_player2,27.0,9,2,closer_to_player1,12,"[0.5, 0.3692462577517076, 0.5244270032230244, 0.6802862031658908, 0.8066844096906185, 0.8927323886479607, 0.958137504131116, 0.9999991943300847, 0.9999999999769335, 0.9999999999999984, 1.0, 1.0]"
sampleJointGoal_fromStart,always_committed_session_27_player1,27.0,10,1,closer_to_player1,9,"[0.5, 0.4953332385462297, 0.4928595368698531, 0.48694596247138155, 0.5296258887749449, 0.6009302911626817, 1.0, 1.0, 1.0]"
sampleJointGoal_fromStart,always_committed_session_27_player2,27.0,10,2,closer_to_player1,9,"[0.5, 0.5033991647586886, 0.5053666589267176, 0.5005783884568927, 0.37711166168207083, 0.5477030653420117, 0.7077991357463379, 0.8289407284268868, 0.9070486354256297]"
sampleJointGoal_fromStart,always_committed_session_28_player1,28.0,1,1,closer_to_player1,7,"[0.5, 0.5057870340776011, 0.9999847007028915, 0.9999999986886206, 0.9999999995736946, 0.9999999999999674, 1.0]"
sampleJointGoal_fromStart,always_committed_session_28_player2,28.0,1,2,closer_to_player1,9,"[0.5, 0.9902549868836332, 0.04928045918866291, 0.036040815201105254, 0.8760846647016659, 0.9004383415855584, 0.9994488417412757, 0.9997205182931678, 0.9998583966268688]"
sampleJointGoal_fromStart,always_committed_session_28_player1,28.0,2,1,equal_to_both,12,"[0.5, 0.500026598305112, 0.9894502455231221, 0.9998173376423282, 0.9999952288626045, 0.9999954149964677, 0.9999998806585879, 0.9999998869843336, 0.9999999970202991, 0.9999999977789507, 0.9999999999222051, 0.9999999999659172]"
sampleJointGoal_fromStart,always_committed_session_28_player2,28.0,2,2,equal_to_both,12,"[0.5, 0.500026772438557, 0.5000285381201766, 0.9938493569928637, 0.9938941930274012, 0.9999621045767952, 0.9999995992843239, 0.9999999931582011, 0.9999999998196134, 0.9999999999894466, 0.9999999999952424, 0.9999999999979156]"
sampleJointGoal_fromStart,always_committed_session_28_player1,28.0,4,1,closer_to_player1,11,"[0.5, 0.998279673695287, 0.9982750637583334, 0.9982738413161906, 0.9983117529463155, 0.9999992438362054, 0.9999999991845853, 0.9999999995358366, 0.9999999999994597, 0.9999999999999947, 1.0]"
sampleJointGoal_fromStart,always_committed_session_28_player2,28.0,4,2,closer_to_player1,9,"[0.5, 0.9832068000008578, 0.9995545484844123, 0.999581850229225, 0.9999888268753333, 0.9999920882832015, 0.9999996588527085, 0.9999998370544972, 0.999999922524623]"
sampleJointGoal_fromStart,always_committed_session_28_player1,28.0,5,1,closer_to_player2,9,"[0.5, 0.421599918829241, 0.34249007723489583, 0.9823785690816121, 0.999803370200466, 0.999804462413461, 0.9997306688713083, 0.9999991691932357, 0.9999999956125274]"
sampleJointGoal_fromStart,always_committed_session_28_player2,28.0,5,2,closer_to_player2,8,"[0.5, 0.9998682086529933, 0.9999999535630306, 0.9999999999395596, 0.9999999999999465, 0.9999999999999999, 1.0, 1.0]"
sampleJointGoal_fromStart,always_committed_session_28_player1,28.0,7,1,closer_to_player2,14,"[0.5, 0.49755743124104745, 0.49637557243281066, 0.501661671024532, 0.9995435307901342, 0.9999994827910977, 0.9999999978793579, 0.9999999994027895, 0.9999999962205625, 0.9999999877318578, 0.9999999999490664, 0.9999999999998679, 0.9999999999999996, 1.0]"
sampleJointGoal_fromStart,always_committed_session_28_player2,28.0,7,2,closer_to_player2,6,"[0.5, 0.9975960632155201, 0.9999889543196854, 0.9999999078770103, 0.9999999986364464, 0.9999999999640818]"
sampleJointGoal_fromStart,always_committed_session_28_player1,28.0,9,1,equal_to_both,9,"[0.5, 0.9966297924995017, 0.9999790684544194, 0.9999997778608329, 0.9999999961253022, 0.9999999972424389, 0.999999998002096, 0.9999999990175791, 0.9999999999712852]"
sampleJointGoal_fromStart,always_committed_session_28_player2,28.0,9,2,equal_to_both,17,"[0.5, 0.0033638119610631266, 2.084110655845769e-05, 0.025318977791589932, 0.9382304554961558, 0.9381359370814186, 0.9998908440418328, 0.9998886513183698, 0.9999998600885067, 0.9999999996394255, 0.9999932520361496, 0.999999982609292, 0.9999999999126928, 0.9999999999020344, 0.999992096821749, 0.999999954248533, 0.9999999993860894]"
sampleJointGoal_fromStart,always_committed_session_28_player1,28.0,10,1,closer_to_player2,8,"[0.5, 0.5011611098690771, 0.9940429737755047, 0.9999378439610971, 0.9999989513213371, 0.9999989781907824, 0.9999987937291642, 0.999999993644977]"
sampleJointGoal_fromStart,always_committed_session_28_player2,28.0,10,2,closer_to_player2,8,"[0.5, 0.9998317033263129, 0.9999999241450681, 0.9999999999172369, 0.9999999999997122, 0.9999999999999992, 1.0, 1.0]"
sampleJointGoal_fromStart,always_committed_session_28_player1,28.0,11,1,closer_to_player1,11,"[0.5, 0.9993947259943334, 0.9999978444432746, 0.9962317644950136, 0.9999959329911455, 0.9999999905566981, 0.9999999999524354, 0.9999999999996986, 0.9999999999999967, 1.0, 1.0]"
sampleJointGoal_fromStart,always_committed_session_28_player2,28.0,11,2,closer_to_player1,9,"[0.5, 0.9832628426392837, 0.9836474449028111, 0.9835219331200279, 0.9732904264974849, 0.9999156251259326, 0.9999995555658622, 0.9999999962225249, 0.9999999999506418]"
sampleJointGoal_fromStart,always_committed_session_29_player1,29.0,0,1,closer_to_player2,3,"[0.5, 0.9973127299681491, 0.9985707739423849]"
sampleJointGoal_fromStart,always_committed_session_29_player2,29.0,0,2,closer_to_player2,9,"[0.5, 0.6656611636358208, 1.0, 1.0, 1.0, 1.0, 1.0, 1.0, 1.0]"
sampleJointGoal_fromStart,always_committed_session_29_player1,29.0,1,1,closer_to_player1,8,"[0.5, 0.3333171793555624, 0.19996003122120135, 0.999851730475161, 0.9999999914374808, 0.9999999999984388, 0.9999999999992196, 0.9999999999996125]"
sampleJointGoal_fromStart,always_committed_session_29_player2,29.0,1,2,closer_to_player1,8,"[0.5, 0.5022502438889495, 0.5040655919880376, 0.5104544706395361, 0.5394056709049483, 0.540918535321686, 0.5415442088821432, 0.5417653802426186]"
sampleJointGoal_fromStart,always_committed_session_29_player1,29.0,3,1,closer_to_player2,9,"[0.5, 0.5024425693049666, 0.5036244282980248, 0.49833832965946295, 0.3754362376378674, 0.998582628864818, 0.9999976156748305, 0.9999999926618399, 0.9999999999607218]"
sampleJointGoal_fromStart,always_committed_session_29_player2,29.0,3,2,closer_to_player2,9,"[0.5, 0.9995263604505298, 0.999999444541461, 0.9999997889429812, 0.999999999433659, 0.9999999999976682, 0.9999999999999933, 1.0, 1.0]"
sampleJointGoal_fromStart,always_committed_session_29_player1,29.0,6,1,closer_to_player2,9,"[0.5, 0.5033940708700834, 0.5053366234881972, 0.994150525575503, 0.9999389326521356, 0.9999395130940507, 0.999999501655764, 0.999999411703032, 0.9999999968989742]"
sampleJointGoal_fromStart,always_committed_session_29_player2,29.0,6,2,closer_to_player2,9,"[0.5, 0.6276950086161421, 0.999689455707174, 0.9999998579746092, 0.9999999998446637, 0.99999999999963, 0.9999999999999976, 1.0, 1.0]"
sampleJointGoal_fromStart,always_committed_session_29_player1,29.0,7,1,equal_to_both,12,"[0.5, 0.9827983842544424, 0.9995348145322303, 0.9995579099404865, 0.9995685234336575, 0.9999926450543775, 0.9999928362921923, 0.9999998776864804, 0.9999998823096649, 0.9999999978945027, 0.9999999999262524, 0.9999999999676903]"
sampleJointGoal_fromStart,always_committed_session_29_player2,29.0,7,2,equal_to_both,12,"[0.5, 0.9827981835505919, 0.9832194171875938, 0.9834106304663559, 0.9835303001511788, 0.9836261800788765, 0.9839207179553269, 0.9999722548879294, 0.9999760068038009, 0.999999960216202, 0.999999999866337, 0.9999999999991651]"
sampleJointGoal_fromStart,always_committed_session_29_player1,29.0,9,1,closer_to_player1,11,"[0.5, 0.002404384102673391, 0.9335126633429849, 0.9586525708938655, 0.9999773480117632, 0.9999999886786852, 0.999999999984714, 0.999999999999987, 1.0, 1.0, 1.0]"
sampleJointGoal_fromStart,always_committed_session_29_player2,29.0,9,2,closer_to_player1,9,"[0.5, 0.9832243445582151, 0.9836256951995929, 0.9838806369407407, 0.9837977189677469, 0.9754416208235798, 0.9999576484414301, 0.9999998694379609, 0.9999999993075184]"
sampleJointGoal_fromStart,always_committed_session_29_player1,29.0,10,1,closer_to_player1,5,"[0.5, 0.9987406107896926, 0.998267015129486, 0.9999985214862416, 0.9999999975156716]"
sampleJointGoal_fromStart,always_committed_session_29_player2,29.0,10,2,closer_to_player1,14,"[0.5, 0.01686065131662407, 0.016369400925333198, 0.016100017365036294, 0.015938642692796032, 0.9919110430733751, 0.9920136501661743, 0.9999986257800167, 0.999999172419752, 0.9999999998235486, 0.9999999999997343, 0.9999999999999997, 1.0, 1.0]"
sampleJointGoal_fromStart,always_committed_session_29_player1,29.0,11,1,equal_to_both,10,"[0.5, 0.5000105288540404, 0.5000126898082771, 0.9983013128611691, 0.9983323975339901, 0.9999971639567989, 0.99999999014625, 0.9999999922995985, 0.9999999999741286, 0.9999999999998384]"
sampleJointGoal_fromStart,always_committed_session_29_player2,29.0,11,2,equal_to_both,10,"[0.5, 0.9938491254826711, 0.9938937473196544, 0.9999621020693278, 0.9999995992617403, 0.9999996075710673, 0.9999999957031637, 0.999999999923129, 0.9999999999973075, 0.9999999999988204]"
sampleJointGoalAndSignal_fromStart,session_0_player1,0.0,1,1,closer_to_player1,7,"[0.5, 0.9999431088427018, 0.9999999844721253, 0.9999999953001838, 0.9999999999987638, 0.9999999999999997, 1.0]"
sampleJointGoalAndSignal_fromStart,session_0_player2,0.0,1,2,closer_to_player1,9,"[0.5, 0.9821833265585111, 0.9830384967718809, 0.9996972709695073, 0.9999868891114593, 0.9999936264802909, 0.9999968633711739, 0.9999984429432379, 0.9999992229923362]"
sampleJointGoalAndSignal_fromStart,session_0_player1,0.0,3,1,equal_to_both,12,"[0.5, 0.981334113672516, 0.99945963679476, 0.9995463367086698, 0.9999879688578188, 0.9999890034744221, 0.9999895514637509, 0.9999898881616553, 0.9999998919282985, 0.9999999970658909, 0.999999998602876, 0.9999999993526574]"
sampleJointGoalAndSignal_fromStart,session_0_player2,0.0,3,2,equal_to_both,14,"[0.5, 0.9813341169186017, 0.9994596369751401, 0.9995463367059514, 0.9999879688595711, 0.9999995207880996, 0.9999719677291383, 0.9999854248453289, 0.99999835684869, 0.9999992368784855, 0.9999996359264474, 0.9999998256462972, 0.99999991697863, 0.9999999615329226]"
sampleJointGoalAndSignal_fromStart,session_0_player1,0.0,4,1,closer_to_player2,9,"[0.5, 0.6292540431623335, 0.9692346099512038, 0.9974291636819016, 0.9984324247891418, 0.9990225444451201, 0.9993798776820954, 0.9996016773765097, 0.9997426692340116]"
sampleJointGoalAndSignal_fromStart,session_0_player2,0.0,4,2,closer_to_player2,9,"[0.5, 0.9996537651309405, 0.9999997146022817, 0.999999999158357, 0.9999999995798425, 0.9999999997903493, 0.999999999897727, 0.9999999999690415, 0.9999999999999915]"
sampleJointGoalAndSignal_fromStart,session_0_player1,0.0,6,1,closer_to_player1,9,"[0.5, 0.5035760945593286, 0.9998316265883138, 0.9999999211304945, 0.9999999998620642, 0.9999999999609197, 0.9999999999999261, 0.9999999999999999, 1.0]"
sampleJointGoalAndSignal_fromStart,session_0_player2,0.0,6,2,closer_to_player1,9,"[0.5, 0.9831463290877871, 0.9835824117303655, 0.9997157714342277, 0.9997270507531606, 0.9997334356137347, 0.9999971874724785, 0.999999942150343, 0.999999971750393]"
sampleJointGoalAndSignal_fromStart,session_0_player1,0.0,7,1,closer_to_player2,10,"[0.5, 0.503405204987075, 0.5056594996794954, 0.5075244503148808, 0.5145784505181183, 0.5513997192393074, 0.5569437085851063, 0.5604635612987163, 0.5604635612987163, 0.5625831536832485]"
sampleJointGoalAndSignal_fromStart,session_0_player2,0.0,7,2,closer_to_player2,6,"[0.5, 0.5000737090079882, 0.502495846877799, 0.508861000784274, 0.5918568019473261, 0.5939347717347522]"
sampleJointGoalAndSignal_fromStart,session_0_player1,0.0,10,1,closer_to_player2,9,"[0.5, 0.9832232083848409, 0.9995556410647533, 0.9999827804601242, 0.9999985304651625, 0.9999993179605627, 0.9999996773447618, 0.9999998449446105, 0.9999999245770491]"
sampleJointGoalAndSignal_fromStart,session_0_player2,0.0,10,2,closer_to_player2,9,"[0.5, 0.9996545212299142, 0.9999997180009125, 0.9999999995039338, 0.9999999995322492, 0.9999999999988842, 0.9999999999999929, 0.999999999999998, 1.0]"
sampleJointGoalAndSignal_fromStart,session_0_player1,0.0,11,1,equal_to_both,6,"[0.5, 0.41369449826639737, 0.999812386927584, 0.9999999492605057, 0.9999999999645064, 0.9999999999999107]"
sampleJointGoalAndSignal_fromStart,session_0_player2,0.0,11,2,equal_to_both,6,"[0.5, 0.5872972256128614, 0.7476737856293444, 0.9999642496024196, 0.9999999883897156, 0.9999999999963844]"
sampleJointGoalAndSignal_fromStart,session_1_player1,1.0,0,1,closer_to_player1,9,"[0.5, 0.6226115921119427, 0.9996817441453701, 0.9999998408831094, 0.9999999997851564, 0.9999999998925901, 0.9999999999463063, 0.9999999999731612, 0.9999999999866808]"
sampleJointGoalAndSignal_fromStart,session_1_player2,1.0,0,2,closer_to_player1,9,"[0.5, 0.504505649171184, 0.5077605776939478, 0.5151483192839416, 0.5348912769383088, 0.5432843703117907, 0.5488471096204188, 0.552379594310861, 0.5545071836584503]"
sampleJointGoalAndSignal_fromStart,session_1_player1,1.0,2,1,equal_to_both,11,"[0.5, 0.9877738450200705, 0.9899004734364198, 0.999889219846785, 0.9998968520027129, 0.9999988748139769, 0.9999999631935705, 0.9999999823825992, 0.999999991804702, 0.9999999976297859, 0.9999999999634807]"
sampleJointGoalAndSignal_fromStart,session_1_player2,1.0,2,2,equal_to_both,11,"[0.5, 0.9894580034863917, 0.9998176406031233, 0.9999952409280972, 0.9999954212241519, 0.9999955386999279, 0.9999999240746826, 0.9999999979897005, 0.9999999984928789, 0.9999999987437057, 0.9999999999754663]"
sampleJointGoalAndSignal_fromStart,session_1_player1,1.0,3,1,closer_to_player2,12,"[0.5, 0.9832133207100195, 0.09305420805180485, 0.8573362771132412, 0.9956781100109602, 0.999828170130196, 0.9999803911419824, 0.9999906307075244, 0.999995451628127, 0.9999977692636502, 0.9999977692636502, 0.9999989037581304]"
sampleJointGoalAndSignal_fromStart,session_1_player2,1.0,3,2,closer_to_player2,13,"[0.5, 0.010558231564245981, 0.9286089653286418, 0.9998652242609082, 0.9998657677543809, 0.9999997699027288, 0.9999999992221397, 0.9999999999950505, 0.9999999999998977, 0.9999999999999499, 0.999999999999976, 0.999999999999993, 0.9999999999999999]"
sampleJointGoalAndSignal_fromStart,session_1_player1,1.0,5,1,closer_to_player2,9,"[0.5, 0.5177423792782255, 0.5245618047484604, 0.5453709811879976, 0.5514078395276032, 0.5545846183251807, 0.5560886556772487, 0.5567105976190618, 0.556930438511829]"
sampleJointGoalAndSignal_fromStart,session_1_player2,1.0,5,2,closer_to_player2,6,"[0.5, 0.5047328209576611, 0.5072372980578163, 0.5018240200330365, 0.5441062033696197, 0.6419198533420878]"
sampleJointGoalAndSignal_fromStart,session_1_player1,1.0,7,1,closer_to_player2,9,"[0.5, 0.982238463690926, 0.9995275332931283, 0.9999821165183819, 0.9999990563912557, 0.9999999308639029, 0.9999999884710091, 0.9999999947573487, 0.9999999975424753]"
sampleJointGoalAndSignal_fromStart,session_1_player2,1.0,7,2,closer_to_player2,9,"[0.5, 0.9995386962930654, 0.9999994728945362, 0.9999999990316398, 0.9999999999936297, 0.9999999999999761, 0.9999999999999999, 1.0, 1.0]"
sampleJointGoalAndSignal_fromStart,session_1_player1,1.0,8,1,closer_to_player1,9,"[0.5, 0.9995411870758539, 0.9999994961910343, 0.9999997213067815, 0.9999999995798445, 0.9999999999979134, 0.9999999999999829, 0.9999999999999999, 1.0]"
sampleJointGoalAndSignal_fromStart,session_1_player2,1.0,8,2,closer_to_player1,9,"[0.5, 0.5033326519761957, 0.9896988393647663, 0.9998229689460543, 0.9999953974433623, 0.9999998246471552, 0.999999987263081, 0.999999994093508, 0.9999999972064961]"
sampleJointGoalAndSignal_fromStart,session_1_player1,1.0,10,1,equal_to_both,10,"[0.5, 0.4999392576942028, 0.49992356764670204, 0.9982992890098064, 0.9999942810940868, 0.9999999648400235, 0.9999999654547078, 0.9999999997872265, 0.9999999998195849, 0.999999999998845]"
sampleJointGoalAndSignal_fromStart,session_1_player2,1.0,10,2,equal_to_both,10,"[0.5, 0.9937401302774597, 0.9999319926006323, 0.9999987802146273, 0.999999944181094, 0.9999999738740288, 0.9999999872992722, 0.9999999937832845, 0.9999999970818162, 0.9999999991758611]"
sampleJointGoalAndSignal_fromStart,session_2_player1,2.0,0,1,closer_to_player1,6,"[0.5, 0.9975977831146331, 0.9963318507321168, 0.9999938153213747, 0.9999999809762288, 0.9999999998997376]"
sampleJointGoalAndSignal_fromStart,session_2_player2,2.0,0,2,closer_to_player1,12,"[0.5, 0.9965888482940243, 0.9999786129150711, 0.9999997618571962, 0.9999998363423914, 0.9999999969384613, 0.9999999984948725, 0.9999999992919828, 0.9999999997995764, 0.999999999998361, 0.9999999999999921, 1.0]"
sampleJointGoalAndSignal_fromStart,session_2_player1,2.0,2,1,closer_to_player1,12,"[0.5, 0.5116356719870014, 0.0008590655840267569, 0.0008613430308799801, 0.3357028458563326, 0.9932918186702342, 0.9999360880666452, 0.9956236569153686, 0.9933954983190689, 0.996721550386657, 0.9983720581588806, 0.9992198886214252]"
sampleJointGoalAndSignal_fromStart,session_2_player2,2.0,2,2,closer_to_player1,12,"[0.5, 0.9960210307570857, 0.9999711084557203, 0.999999643374853, 0.9999999928242198, 0.9999999996426081, 0.9999999998617676, 0.9999999999337281, 0.999999999967438, 0.9999999999838903, 0.9999999999920138, 0.9999999999961763]"
sampleJointGoalAndSignal_fromStart,session_2_player1,2.0,3,1,equal_to_both,14,"[0.5, 0.017258889730499702, 0.6173865437179848, 0.6161869184713594, 0.9934051709123318, 0.9998863201408366, 0.9998889871983615, 0.9999981086285974, 0.9999999507763414, 0.9999999980906629, 0.9999999998133949, 0.9999999999144, 0.9999999999603815, 0.9999999999816537]"
sampleJointGoalAndSignal_fromStart,session_2_player2,2.0,3,2,equal_to_both,13,"[0.5, 0.9811855633287875, 0.9833855458592647, 0.9997053924239641, 0.999992161429956, 0.9999996872191533, 0.9999999663337843, 0.9999999663337844, 0.9999999848046736, 0.9999999929253159, 0.9999999967107812, 0.999999998514867, 0.9999999995717002]"
sampleJointGoalAndSignal_fromStart,session_2_player1,2.0,5,1,closer_to_player2,9,"[0.5, 0.9831514662819373, 0.9995535091903498, 0.9999826734957475, 0.9999985017421562, 0.9999993025339683, 0.9999996688418344, 0.9999998402341325, 0.99999992198181]"
sampleJointGoalAndSignal_fromStart,session_2_player2,2.0,5,2,closer_to_player2,8,"[0.5, 0.6060205280642113, 0.9999567944554708, 0.9999999906517217, 0.9999999999916279, 0.9999999999999841, 1.0, 1.0]"
sampleJointGoalAndSignal_fromStart,session_2_player1,2.0,8,1,equal_to_both,10,"[0.5, 0.9938486648523678, 0.9999345463921233, 0.9999988838786847, 0.999999970301048, 0.9999999981945907, 0.9999999991463053, 0.9999999995900857, 0.9999999998014534, 0.9999999999077759]"
sampleJointGoalAndSignal_fromStart,session_2_player2,2.0,8,2,equal_to_both,10,"[0.5, 0.9937635351582704, 0.9999324749619001, 0.9999988266159177, 0.999999968218536, 0.9999999980518488, 0.9999999991095821, 0.9999999995735688, 0.9999999997934843, 0.9999999999040754]"
sampleJointGoalAndSignal_fromStart,session_2_player1,2.0,9,1,closer_to_player2,9,"[0.5, 0.5181464003730569, 0.6523523355534189, 0.9846206275509339, 0.9997423730161574, 0.9999950070936294, 0.9999997055407553, 0.9999998387616801, 0.9999999093476726]"
sampleJointGoalAndSignal_fromStart,session_2_player2,2.0,9,2,closer_to_player2,7,"[0.5, 0.9999444508907612, 0.9999999900471878, 0.9999999999964577, 0.9999999999999938, 1.0, 1.0]"
sampleJointGoalAndSignal_fromStart,session_2_player1,2.0,10,1,closer_to_player1,6,"[0.5, 0.5011624691624154, 0.5074417654174711, 0.5566459696305728, 0.5572680586254092, 0.5574878459244327]"
sampleJointGoalAndSignal_fromStart,session_2_player2,2.0,10,2,closer_to_player1,11,"[0.5, 0.5035280601032653, 0.5058034072614678, 0.5076308897625699, 0.5140248822407364, 0.5014086975639355, 0.47687849776379443, 0.5506970174233251, 0.01382917194205888, 0.024827354946228994, 0.024848932865058203]"
sampleJointGoalAndSignal_fromStart,session_2_player1,2.0,11,1,closer_to_player2,9,"[0.5, 0.519807492919891, 0.6543414735499287, 0.9846832459019638, 0.9997219333948266, 0.9997828052952435, 0.9999940549939702, 0.9999964957911636, 0.9999978967039949]"
sampleJointGoalAndSignal_fromStart,session_2_player2,2.0,11,2,closer_to_player2,7,"[0.5, 0.5799715324793355, 0.9999732964044967, 0.9999999984238266, 0.999999999999834, 1.0, 1.0]"
sampleJointGoalAndSignal_fromStart,session_3_player1,3.0,0,1,closer_to_player1,5,"[0.5, 0.999997370285339, 0.9999999999149264, 0.999999999999997, 1.0]"
sampleJointGoalAndSignal_fromStart,session_3_player2,3.0,0,2,closer_to_player1,9,"[0.5, 0.504550452874624, 0.5197685147449518, 0.655237583552435, 0.9906417259114615, 0.9997381016090764, 0.999833895923385, 0.9998933245467789, 0.9999310913362442]"
sampleJointGoalAndSignal_fromStart,session_3_player1,3.0,1,1,closer_to_player2,9,"[0.5, 0.983153331626689, 0.9995540721441109, 0.9999831161450825, 0.9999990969222534, 0.9999999025377198, 0.9999999557861554, 0.9999999794682678, 0.999999990274576]"
sampleJointGoalAndSignal_fromStart,session_3_player2,3.0,1,2,closer_to_player2,9,"[0.5, 0.6287246808964323, 0.9998735804903232, 0.9999998134465259, 0.9999999997929485, 0.9999999999992664, 0.9999999999999981, 1.0, 1.0]"
sampleJointGoalAndSignal_fromStart,session_3_player1,3.0,2,1,closer_to_player1,7,"[0.5, 0.5, 0.5167094464887709, 0.5621147694080958, 0.5721498429805068, 0.5756492909753091, 0.5777509075386589]"
sampleJointGoalAndSignal_fromStart,session_3_player2,3.0,2,2,closer_to_player1,9,"[0.5, 0.5035101256899762, 0.5063342604622784, 0.51348363182259, 0.5329937110965223, 0.5413544978583872, 0.5469206232069407, 0.5504558312143687, 0.5525851580465496]"
sampleJointGoalAndSignal_fromStart,session_3_player1,3.0,4,1,closer_to_player2,9,"[0.5, 0.5014862313814444, 0.5090686877481541, 0.5157037385507396, 0.5277971412245427, 0.5361699065906498, 0.5417456774851306, 0.5452876915274262, 0.5474213709451198]"
sampleJointGoalAndSignal_fromStart,session_3_player2,3.0,4,2,closer_to_player2,9,"[0.5, 0.503167233764571, 0.608651733691669, 0.43740368041275096, 0.27986041431881176, 0.9999820823707486, 0.9999791582390073, 0.9999999999372725, 0.9999999999999991]"
sampleJointGoalAndSignal_fromStart,session_3_player1,3.0,5,1,equal_to_both,12,"[0.5, 0.9813699798709308, 0.9828277692831022, 0.9996966879670375, 0.9999919602139712, 0.9999996820688085, 0.999999972008618, 0.9999999874159067, 0.999999994063304, 0.9999999971496943, 0.99999999861943, 0.9999999993587314]"
sampleJointGoalAndSignal_fromStart,session_3_player2,3.0,5,2,equal_to_both,12,"[0.5, 0.9813699699426862, 0.9994619985188024, 0.9999779928623456, 0.9999987358352292, 0.9999998496574126, 0.9999999466002878, 0.9999999759930833, 0.9999999886744515, 0.9999999945624174, 0.9999999973662604, 0.9999999987766397]"
sampleJointGoalAndSignal_fromStart,session_3_player1,3.0,8,1,equal_to_both,10,"[0.5, 0.500001310744603, 0.9966410676918094, 0.9999792330825444, 0.9999997808437389, 0.9999999962160101, 0.9999999998521465, 0.9999999999290059, 0.9999999999656133, 0.9999999999840274]"
sampleJointGoalAndSignal_fromStart,session_3_player2,3.0,8,2,equal_to_both,10,"[0.5, 0.4999635730835617, 0.9966366959588965, 0.9999791712940833, 0.9999997797549618, 0.9999999961892003, 0.9999999998511261, 0.9999999999287026, 0.9999999999654714, 0.9999999999839618]"
sampleJointGoalAndSignal_fromStart,session_3_player1,3.0,9,1,closer_to_player2,12,"[0.5, 0.9965657222606078, 0.9965347783661288, 0.9965238709435996, 0.999994041195014, 0.9999940552507042, 0.9999941097008876, 0.9999999953783435, 0.9999999999918894, 0.999999999993701, 0.9999999999999896, 1.0]"
sampleJointGoalAndSignal_fromStart,session_3_player2,3.0,9,2,closer_to_player2,10,"[0.5, 0.0017187553186616485, 0.21810785804025945, 0.21964888318268622, 0.9785605455908044, 0.9997683955624551, 0.9999960176142777, 0.9999998564373513, 0.9999999313317334, 0.9999999685220414]"
sampleJointGoalAndSignal_fromStart,session_3_player1,3.0,10,1,closer_to_player1,6,"[0.5, 0.5011624691672314, 0.5074417654223845, 0.5566459696219697, 0.557268058616984, 0.557487845916056]"
sampleJointGoalAndSignal_fromStart,session_3_player2,3.0,10,2,closer_to_player1,11,"[0.5, 0.503007882252944, 0.5052831547922251, 0.507110578896368, 0.5135047444411698, 0.5008882384517628, 0.4763591802734766, 0.5501818570172677, 0.02242526189937716, 0.02248056971827569, 0.022500155063118657]"
sampleJointGoalAndSignal_fromStart,session_4_player1,4.0,1,1,closer_to_player1,6,"[0.5, 0.583637988822734, 0.6550206583659772, 0.7086140591075072, 0.6663111987976885, 0.800836276706832]"
sampleJointGoalAndSignal_fromStart,session_4_player2,4.0,1,2,closer_to_player1,11,"[0.5, 0.5035047977025063, 0.5062692356726101, 0.5127263454111284, 0.5259156175296696, 0.5291187746220963, 0.530636026412896, 0.02785157984996437, 0.03373668509179016, 0.03381892439169867, 0.03384804579491185]"
sampleJointGoalAndSignal_fromStart,session_4_player1,4.0,2,1,equal_to_both,12,"[0.5, 0.9813460865362676, 0.9994603903720635, 0.9999778796116237, 0.9999987260076619, 0.9999993333079173, 0.9999999387101154, 0.9999999723834333, 0.9999999869450694, 0.9999999937215228, 0.9999999969574733, 0.999999998587226]"
sampleJointGoalAndSignal_fromStart,session_4_player2,4.0,2,2,equal_to_both,12,"[0.5, 0.49982154872423573, 0.9893224718077731, 0.9895250613392982, 0.9998879157366503, 0.9999980857029525, 0.9999999489171276, 0.9999999967984321, 0.9999999984865545, 0.9999999992721423, 0.9999999996472829, 0.9999999998362186]"
sampleJointGoalAndSignal_fromStart,session_4_player1,4.0,3,1,closer_to_player1,6,"[0.5, 0.49135827948858457, 0.49850667488752465, 0.4710062684053904, 0.5548023873127668, 0.5569277821625072]"
sampleJointGoalAndSignal_fromStart,session_4_player2,4.0,3,2,closer_to_player1,9,"[0.5, 0.5045001650974681, 0.5120813812094832, 0.5123891235283119, 0.5319013248150091, 0.5402647058399997, 0.545832948291756, 0.5493696489268228, 0.5514999285314243]"
sampleJointGoalAndSignal_fromStart,session_4_player1,4.0,4,1,closer_to_player2,9,"[0.5, 0.9741273178112183, 0.9741477014975881, 0.9738116592889001, 0.9996769493148081, 0.9999858002594569, 0.9999919853363076, 0.9999953863255883, 0.999997306195857]"
sampleJointGoalAndSignal_fromStart,session_4_player2,4.0,4,2,closer_to_player2,7,"[0.5, 0.9998796165123728, 0.999957084654979, 0.9999999957545467, 0.9999999999994881, 0.9999999999999999, 1.0]"
sampleJointGoalAndSignal_fromStart,session_4_player1,4.0,7,1,closer_to_player2,9,"[0.5, 0.9830610174014245, 0.9840013949005508, 0.9997045162900504, 0.9999808534203871, 0.9999898208868825, 0.9999945006792542, 0.9999969977939954, 0.9999983570367852]"
sampleJointGoalAndSignal_fromStart,session_4_player2,4.0,7,2,closer_to_player2,7,"[0.5, 0.9999444317453969, 0.9999999903366356, 0.9999999999920626, 0.9999999999975222, 0.9999999999999978, 1.0]"
sampleJointGoalAndSignal_fromStart,session_4_player1,4.0,8,1,closer_to_player1,9,"[0.5, 0.9995412645952193, 0.9999994968110735, 0.9999999988068221, 0.9999999999943208, 0.999999999999927, 0.9999999999999791, 0.9999999999999997, 1.0]"
sampleJointGoalAndSignal_fromStart,session_4_player2,4.0,8,2,closer_to_player1,9,"[0.5, 0.5034010849858276, 0.9897026586945008, 0.9898637813808326, 0.9898073376701431, 0.9844396065266275, 0.9999734106161298, 0.9999999180407663, 0.9999999995668035]"
sampleJointGoalAndSignal_fromStart,session_4_player1,4.0,10,1,equal_to_both,9,"[0.5, 0.9966444404424297, 0.9999792727359754, 0.9999997814336813, 0.9999999962261044, 0.9999999998492134, 0.9999999999274689, 0.9999999999648526, 0.9999999999836848]"
sampleJointGoalAndSignal_fromStart,session_4_player2,4.0,10,2,equal_to_both,11,"[0.5, 0.9966405038097833, 0.99997921331628, 0.9999997803667885, 0.9999999961993115, 0.9999999972635062, 0.9999999999355171, 0.9999999999687588, 0.9999999205805734, 0.9999999023863297, 0.9999999546890176]"
sampleJointGoalAndSignal_fromStart,session_4_player1,4.0,11,1,closer_to_player2,10,"[0.5, 0.6601331581913638, 0.9772256790380641, 0.9993561297386296, 0.9999527181023574, 0.9999755823513256, 0.9999755823513257, 0.999985963263281, 0.9999917261934881, 0.9999950338859174]"
sampleJointGoalAndSignal_fromStart,session_4_player2,4.0,11,2,closer_to_player2,9,"[0.5, 0.9996589666497178, 0.9999997188937235, 0.9999998025665058, 0.9999999997343045, 0.9999999998715273, 0.9999999999628779, 0.9999999999999718, 1.0]"
sampleJointGoalAndSignal_fromStart,session_5_player1,5.0,0,1,closer_to_player1,9,"[0.5, 0.41673021262484583, 0.345764933469502, 0.42188119154358333, 0.9999495395197328, 0.9999360606207837, 0.9999999990009124, 0.9999999999999464, 0.9999999999999735]"
sampleJointGoalAndSignal_fromStart,session_5_player2,5.0,0,2,closer_to_player1,9,"[0.5, 0.5045056491100135, 0.5077605775217329, 0.5036960705039123, 0.4985527778186123, 0.5054361034101628, 0.5638383656815287, 0.5673460005162636, 0.5694578992811514]"
sampleJointGoalAndSignal_fromStart,session_5_player1,5.0,1,1,closer_to_player2,8,"[0.5, 0.5022502438883482, 0.5040655919873611, 0.5104544706388513, 0.49783949487993784, 0.5471411110049978, 0.5477653941605327, 0.547986069339494]"
sampleJointGoalAndSignal_fromStart,session_5_player2,5.0,1,2,closer_to_player2,10,"[0.5, 0.6330772190784897, 0.9991171110358052, 0.9999989167017876, 0.9999999966902685, 0.9999999983449062, 0.9999999991725136, 0.9999999995863301, 0.9999999997932214, 0.9999999998973149]"
sampleJointGoalAndSignal_fromStart,session_5_player1,5.0,2,1,closer_to_player1,9,"[0.5, 0.9996442658747439, 0.99966826418258, 0.9999998434196211, 0.9999999996725971, 0.9999999999012118, 0.999999999999783, 0.9999999999999997, 1.0]"
sampleJointGoalAndSignal_fromStart,session_5_player2,5.0,2,2,closer_to_player1,9,"[0.5, 0.9831482118392936, 0.9835636497932944, 0.9997147679495902, 0.9999921995341887, 0.9999993533437556, 0.9999996724795567, 0.9999998307966803, 0.9999999113343877]"
sampleJointGoalAndSignal_fromStart,session_5_player1,5.0,3,1,equal_to_both,12,"[0.5, 0.981334113672516, 0.99945963679476, 0.9999778264102548, 0.9999830724590126, 0.9999993257564833, 0.9999999239890877, 0.999999964698624, 0.999999983158264, 0.9999999919345461, 0.9999999961595024, 0.999999998220546]"
sampleJointGoalAndSignal_fromStart,session_5_player2,5.0,3,2,equal_to_both,12,"[0.5, 0.9813341169186017, 0.9828477217175132, 0.9996969720260068, 0.9999919648837037, 0.9999996799548141, 0.9999999639196957, 0.9999999832433979, 0.9999999920056856, 0.9999999961715482, 0.9999999981770202, 0.9999999991553415]"
sampleJointGoalAndSignal_fromStart,session_5_player1,5.0,4,1,closer_to_player2,9,"[0.5, 0.5185036283260329, 0.5288254559367973, 0.5548073411883696, 0.5667451834007663, 0.574983557204789, 0.5804578492672318, 0.5839304505754936, 0.5860204658403445]"
sampleJointGoalAndSignal_fromStart,session_5_player2,5.0,4,2,closer_to_player2,8,"[0.5, 0.5239282016574173, 0.5446014737963625, 0.5611286917577133, 0.5459858078580766, 0.6035334262673224, 0.6069525212960567, 0.6090044079412259]"
sampleJointGoalAndSignal_fromStart,session_5_player1,5.0,5,1,closer_to_player1,9,"[0.5, 0.9995013479261002, 0.9999990998593518, 0.9999996519512746, 0.9999998322651276, 0.9999999492317417, 0.9999999999866463, 0.9999999999999968, 1.0]"
sampleJointGoalAndSignal_fromStart,session_5_player2,5.0,5,2,closer_to_player1,9,"[0.5, 0.9821833265582025, 0.999509239417807, 0.9999679574207364, 0.9999847473078322, 0.9999925852896359, 0.9999963509634197, 0.9999981885779723, 0.999999096058017]"
sampleJointGoalAndSignal_fromStart,session_5_player1,5.0,6,1,closer_to_player2,9,"[0.5, 0.9832232087748202, 0.9995556410586807, 0.9999827804554847, 0.999988105311502, 0.9999993178630341, 0.9999996772985237, 0.9999998449223414, 0.9999999245661926]"
sampleJointGoalAndSignal_fromStart,session_5_player2,5.0,6,2,closer_to_player2,11,"[0.5, 0.0032987857481150454, 0.9615549509036497, 0.9620115336032478, 0.9749072820447331, 0.9999983305684195, 0.9999999996496137, 0.9999999999997922, 0.9999999999999998, 1.0, 1.0]"
sampleJointGoalAndSignal_fromStart,session_5_player1,5.0,7,1,equal_to_both,3,"[0.5, 0.5970976188552408, 0.7299216444757513]"
sampleJointGoalAndSignal_fromStart,session_5_player2,5.0,7,2,equal_to_both,3,"[0.5, 0.631483102678402, 0.7737964827271575]"
sampleJointGoalAndSignal_fromStart,session_6_player1,6.0,0,1,closer_to_player1,11,"[0.5, 0.4090066938218382, 0.3263288829761068, 0.2571094037606156, 0.347038341831135, 0.2099150634513296, 0.11723425100369564, 0.061831010708360855, 1.0, 1.0, 1.0]"
sampleJointGoalAndSignal_fromStart,session_6_player2,6.0,0,2,closer_to_player1,9,"[0.5, 0.5030302977427022, 0.5052122167983548, 0.5066743695364688, 0.5078559217247484, 0.5020416548381894, 0.49621729156475947, 0.5379677128605187, 0.6440025394466843]"
sampleJointGoalAndSignal_fromStart,session_6_player1,6.0,1,1,closer_to_player1,11,"[0.5, 0.4974118140040493, 0.9991910412771802, 0.9999986159531159, 0.9999999953426973, 0.9999999999713144, 0.9999999999720163, 0.9999999999724369, 0.9999999999999041, 0.9999999999999992, 0.9999999999999997]"
sampleJointGoalAndSignal_fromStart,session_6_player2,6.0,1,2,closer_to_player1,9,"[0.5, 0.9829434469324401, 0.999527665314926, 0.9999699991190966, 0.999986160798051, 0.9999933551234795, 0.9999967671733009, 0.9999984174412586, 0.9999992564001954]"
sampleJointGoalAndSignal_fromStart,session_6_player1,6.0,2,1,equal_to_both,12,"[0.5, 0.9828668831593222, 0.9995382576209213, 0.9999822556093314, 0.9999990541844533, 0.9999999305070632, 0.9999999572899388, 0.9999999939031198, 0.9999999972442452, 0.9999999987358676, 0.9999999994149161, 0.999999999729063]"
sampleJointGoalAndSignal_fromStart,session_6_player2,6.0,2,2,equal_to_both,12,"[0.5, 0.9811855241940339, 0.9994521570018001, 0.9999774300978335, 0.9999986907778006, 0.9999993360524695, 0.9999995755176075, 0.9999999686345254, 0.9999999853967904, 0.9999999932105613, 0.9999999969344642, 0.9999999991159253]"
sampleJointGoalAndSignal_fromStart,session_6_player1,6.0,4,1,closer_to_player2,10,"[0.5, 0.5185036283260329, 0.5185036283260329, 0.5288254559367973, 0.5548073411883696, 0.5667451834007663, 0.574983557204789, 0.5804578492672318, 0.5839304505754936, 0.5860204658403445]"
sampleJointGoalAndSignal_fromStart,session_6_player2,6.0,4,2,closer_to_player2,8,"[0.5, 0.5167094464889799, 0.5621147694082471, 0.562114769408247, 0.5721498429806744, 0.5756492909754776, 0.5756492909754776, 0.5777509075388272]"
sampleJointGoalAndSignal_fromStart,session_6_player1,6.0,7,1,closer_to_player2,9,"[0.5, 0.5035101256895487, 0.5063342604618164, 0.5134836318221352, 0.5329937110960771, 0.5413544978579419, 0.5469206232064963, 0.5504558312139247, 0.5525851580461061]"
sampleJointGoalAndSignal_fromStart,session_6_player2,6.0,7,2,closer_to_player2,6,"[0.5, 0.37738187864130596, 0.5479973545053379, 0.7080509237279214, 0.82911738696098, 0.9072090770685106]"
sampleJointGoalAndSignal_fromStart,session_6_player1,6.0,8,1,equal_to_both,10,"[0.5, 0.9938486648523678, 0.9938929886439222, 0.9999621390732447, 0.9999996004414468, 0.9999999931011518, 0.9999999949509988, 0.9999999998828046, 0.9999999999432352, 0.999999999973633]"
sampleJointGoalAndSignal_fromStart,session_6_player2,6.0,8,2,equal_to_both,10,"[0.5, 0.4999727703421932, 0.9966367847483895, 0.9999791716526556, 0.9999997797571291, 0.9999997868760685, 0.9999999977312408, 0.9999999999473317, 0.9999999999744934, 0.9999999999881524]"
sampleJointGoalAndSignal_fromStart,session_6_player1,6.0,9,1,closer_to_player1,9,"[0.5, 0.99939169041864, 0.9999978437885328, 0.9999999945540312, 0.9999999999811151, 0.9999999999998783, 0.999999999999998, 1.0, 1.0]"
sampleJointGoalAndSignal_fromStart,session_6_player2,6.0,9,2,closer_to_player1,9,"[0.5, 0.5029823458713671, 0.9899972305289462, 0.9998321917212308, 0.9999957058388006, 0.9999998387187891, 0.9999999913616502, 0.9999999931351807, 0.9999999995502821]"
sampleJointGoalAndSignal_fromStart,session_6_player1,6.0,11,1,closer_to_player2,14,"[0.5, 0.646752158616628, 0.7810277116514888, 0.9225395403117914, 0.9999352646021696, 0.9999999613039954, 0.999999999965771, 0.9999999999999423, 0.9999999999999998, 0.9999999999999878, 0.9999999999999816, 0.9999999999999999, 1.0, 1.0]"
sampleJointGoalAndSignal_fromStart,session_6_player2,6.0,11,2,closer_to_player2,6,"[0.5, 0.9967014204928598, 0.999979777759871, 0.9999997850511448, 0.9999999946454455, 0.9999999999215182]"
sampleJointGoalAndSignal_fromStart,session_7_player1,7.0,0,1,equal_to_both,8,"[0.5, 0.9982491347978142, 0.9999938972377783, 0.9999999608967601, 0.9999999995657565, 0.9999999999892929, 0.9999999999950917, 0.9999999999985689]"
sampleJointGoalAndSignal_fromStart,session_7_player2,7.0,0,2,equal_to_both,8,"[0.5, 0.49213033825665414, 0.999409535834942, 0.9990556282609357, 0.9999994823600798, 0.9999999993868863, 0.9999999999985625, 0.9999999999999938]"
sampleJointGoalAndSignal_fromStart,session_7_player1,7.0,3,1,closer_to_player2,9,"[0.5, 0.49037290301869857, 0.9885587359807225, 0.999802383200875, 0.9999948474219768, 0.9999997962146056, 0.9999999791114116, 0.9999999897293737, 0.9999999948153294]"
sampleJointGoalAndSignal_fromStart,session_7_player2,7.0,3,2,closer_to_player2,9,"[0.5, 0.9994048810873235, 0.9999983808098087, 0.9999996997875477, 0.9999999993754588, 0.999999999999077, 0.999999999999998, 1.0, 1.0]"
sampleJointGoalAndSignal_fromStart,session_7_player1,7.0,5,1,closer_to_player1,6,"[0.5, 0.51605731233259, 0.55372369678932, 0.5600652926348306, 0.5606971133082237, 0.5609166613681225]"
sampleJointGoalAndSignal_fromStart,session_7_player2,7.0,5,2,closer_to_player1,11,"[0.5, 0.5044483630184137, 0.5113487228672179, 0.5133306134678784, 0.5194182704848285, 0.5226254793292198, 0.5241448372389911, 0.024533235377698775, 0.03626491548964936, 0.03635308594234435, 0.036384307331024435]"
sampleJointGoalAndSignal_fromStart,session_7_player1,7.0,7,1,closer_to_player2,9,"[0.5, 0.5035101256895487, 0.5051564962013014, 0.507021494425762, 0.5140758012363282, 0.4991135855031997, 0.4717964197382343, 0.555580738630774, 0.5577052956130994]"
sampleJointGoalAndSignal_fromStart,session_7_player2,7.0,7,2,closer_to_player2,6,"[0.5, 0.5046253202432532, 0.5070471440939759, 0.5134104547509158, 0.5962474562903042, 0.5983182432938522]"
sampleJointGoalAndSignal_fromStart,session_7_player1,7.0,8,1,equal_to_both,9,"[0.5, 0.9966410501401075, 0.999979232973666, 0.9999997808425899, 0.9999999962159903, 0.999999997230629, 0.9999999999357185, 0.9999999999688645, 0.9999999999855377]"
sampleJointGoalAndSignal_fromStart,session_7_player2,7.0,8,2,equal_to_both,11,"[0.5, 0.4999986184691912, 0.998296389187001, 0.9999942568264969, 0.9999999645801888, 0.9999999996229473, 0.9999999999912469, 0.9999999963989391, 0.9999999977735862, 0.9999999985102137, 0.9999999992164847]"
sampleJointGoalAndSignal_fromStart,session_7_player1,7.0,9,1,closer_to_player1,6,"[0.5, 0.5833231973821893, 0.654333604401826, 0.7074759487222627, 0.74086763312662, 0.6784926200755864]"
sampleJointGoalAndSignal_fromStart,session_7_player2,7.0,9,2,closer_to_player1,9,"[0.5, 0.5034544985064826, 0.5057081971370334, 0.5065387618224877, 0.5068732734686825, 0.5092789277838452, 0.515634365835055, 0.5983850461263642, 0.6004521343041782]"
sampleJointGoalAndSignal_fromStart,session_7_player1,7.0,10,1,closer_to_player2,9,"[0.5, 0.9831522328004965, 0.9995535628995814, 0.9995794605657601, 0.9999888805374268, 0.9999993533828545, 0.9999996929809243, 0.9999998518789366, 0.999999927667842]"
sampleJointGoalAndSignal_fromStart,session_7_player2,7.0,10,2,closer_to_player2,11,"[0.5, 0.003474140304585981, 0.949322654699518, 0.999974365200669, 0.9999999708741784, 0.9999999998921829, 0.99999999996437, 0.9999999999903212, 0.9999999999999818, 1.0, 1.0]"
sampleJointGoalAndSignal_fromStart,session_7_player1,7.0,11,1,closer_to_player1,9,"[0.5, 0.9995306445817581, 0.9997359180227795, 0.999999601308667, 0.9999999995212797, 0.9999999999987033, 0.9999999999999978, 1.0, 1.0]"
sampleJointGoalAndSignal_fromStart,session_7_player2,7.0,11,2,closer_to_player1,9,"[0.5, 0.9832247221342736, 0.9995560935240022, 0.9999831752726267, 0.9999843051383283, 0.9999993931502682, 0.9999995522212267, 0.9999996312628768, 0.9999996419387225]"
sampleJointGoalAndSignal_fromStart,session_8_player1,8.0,1,1,closer_to_player1,9,"[0.5, 0.9995265023777856, 0.9999994482296951, 0.9999997850729632, 0.9999999994111696, 0.9999999999988542, 0.9999999999999946, 1.0, 1.0]"
sampleJointGoalAndSignal_fromStart,session_8_player2,8.0,1,2,closer_to_player1,9,"[0.5, 0.9831533770829821, 0.9835521813076719, 0.9997155565092705, 0.999992603848421, 0.9999929297740358, 0.9999931110420053, 0.9999998995524958, 0.9999999973576477]"
sampleJointGoalAndSignal_fromStart,session_8_player1,8.0,2,1,closer_to_player2,9,"[0.5, 0.9820991431369249, 0.9829838345350482, 0.9835629817359843, 0.9839080714747815, 0.99989396401192, 0.9999975462993209, 0.9999986220874838, 0.9999992193154124]"
sampleJointGoalAndSignal_fromStart,session_8_player2,8.0,2,2,closer_to_player2,9,"[0.5, 0.5329283752592312, 0.5434967478134339, 0.9999518958433619, 0.9999776827925531, 0.9999999974674852, 0.9999999999992938, 0.9999999999999998, 1.0]"
sampleJointGoalAndSignal_fromStart,session_8_player1,8.0,3,1,closer_to_player2,12,"[0.5, 0.9963907871805818, 0.9974332888827065, 0.9999841813452431, 0.9999923463859532, 0.9999978268616608, 0.9999999909425603, 0.9999999999764694, 0.9999999999999241, 0.9999999999999996, 1.0, 1.0]"
sampleJointGoalAndSignal_fromStart,session_8_player2,8.0,3,2,closer_to_player2,6,"[0.5, 0.9967003871739517, 0.9999790885400924, 0.9999995793876255, 0.999999995774635, 0.9999999999369116]"
sampleJointGoalAndSignal_fromStart,session_8_player1,8.0,5,1,equal_to_both,11,"[0.5, 0.9879008872300221, 0.9895166730198233, 0.9998855668505633, 0.9999979505408354, 0.9999999101256741, 0.9999999579563909, 0.9999999795713101, 0.9999999899985134, 0.9999999953003781, 0.9999999986688981]"
sampleJointGoalAndSignal_fromStart,session_8_player2,8.0,5,2,equal_to_both,13,"[0.5, 0.5203843210787119, 0.9829951028020978, 0.9836406550886566, 0.9997124582306066, 0.9999924041988905, 0.9999997004203832, 0.9999999736567281, 0.9999999880650965, 0.9999999943576013, 0.999999997288014, 0.9999999986807552, 0.9999999993542246]"
sampleJointGoalAndSignal_fromStart,session_8_player1,8.0,6,1,closer_to_player2,9,"[0.5, 0.5034829801066542, 0.5062369556389288, 0.5126877414796002, 0.525870538576777, 0.5290725095496666, 0.5305897637402421, 0.53121731509696, 0.531439158178793]"
sampleJointGoalAndSignal_fromStart,session_8_player2,8.0,6,2,closer_to_player2,10,"[0.5, 0.490665560913489, 0.48438427634181, 0.4870314717211659, 0.4256743312965573, 0.3848057210700361, 0.4555045739326975, 1.0, 1.0, 1.0]"
sampleJointGoalAndSignal_fromStart,session_8_player1,8.0,8,1,closer_to_player1,6,"[0.5, 0.9967048617912464, 0.9999798220460803, 0.9999997874718997, 0.999999820410613, 0.9999999981032206]"
sampleJointGoalAndSignal_fromStart,session_8_player2,8.0,8,2,closer_to_player1,12,"[0.5, 0.9965414493844769, 0.9965466100081398, 0.9999882825209696, 0.9999883424697361, 0.9999999607146531, 0.9999999997519005, 0.9999999999956614, 0.9999999999978754, 0.9999999999990025, 0.9999999999997183, 0.9999999999999977]"
sampleJointGoalAndSignal_fromStart,session_8_player1,8.0,9,1,closer_to_player1,9,"[0.5, 0.9995403215823373, 0.9999994944794535, 0.9999997149053572, 0.9999999995763341, 0.9999999999985812, 0.9999999999999856, 0.9999999999999998, 1.0]"
sampleJointGoalAndSignal_fromStart,session_8_player2,8.0,9,2,closer_to_player1,9,"[0.5, 0.9832243445582151, 0.9995560745050086, 0.999983174268025, 0.9999990837522954, 0.9999998744916799, 0.9999999426047351, 0.9999999732323892, 0.9999999873324815]"
sampleJointGoalAndSignal_fromStart,session_8_player1,8.0,10,1,equal_to_both,11,"[0.5, 0.9894522360352315, 0.999817435889124, 0.9998219995723828, 0.9999969643834756, 0.9999999192249118, 0.9999999433352708, 0.9999999977859135, 0.999999998936873, 0.9999999994850622, 0.9999999997608137]"
sampleJointGoalAndSignal_fromStart,session_8_player2,8.0,10,2,equal_to_both,13,"[0.5, 0.011642867226409285, 0.6243767020147646, 0.992967466170732, 0.9935121249813375, 0.9999297374973759, 0.9999987790805598, 0.999999966931739, 0.9999999979729887, 0.9999999990735423, 0.9999999995563092, 0.9999999997851257, 0.9999999999001928]"
sampleJointGoalAndSignal_fromStart,session_9_player1,9.0,0,1,equal_to_both,10,"[0.5, 0.4999665311037915, 0.9966459817700046, 0.9966576529415301, 0.9965851899809622, 0.9999958115018328, 0.9999999895599725, 0.9999999999495555, 0.9999999999405569, 0.9999999999998092]"
sampleJointGoalAndSignal_fromStart,session_9_player2,9.0,0,2,equal_to_both,10,"[0.5, 0.5300177547388648, 0.9969348417511847, 0.999980430831605, 0.9999997810032912, 0.999999992966739, 0.9999999967357144, 0.99999999848526, 0.9999999995620401, 0.9999999999932524]"
sampleJointGoalAndSignal_fromStart,session_9_player1,9.0,1,1,equal_to_both,13,"[0.5, 0.9893308795421855, 0.9998127612201416, 0.9999950372928267, 0.999999803745858, 0.9999999827210503, 0.9999975599363933, 0.9999991333235717, 0.999999610366267, 0.999999816185317, 0.9999999117474822, 0.9999999572541335, 0.9999999801447331]"
sampleJointGoalAndSignal_fromStart,session_9_player2,9.0,1,2,equal_to_both,11,"[0.5, 0.4999462834015237, 0.993841727940562, 0.9999343891375826, 0.9999355103838229, 0.9999993193268509, 0.9999993403878905, 0.9999999929793539, 0.9999999945554086, 0.9999999999287128, 0.9999999999668874]"
sampleJointGoalAndSignal_fromStart,session_9_player1,9.0,2,1,closer_to_player2,10,"[0.5, 0.5177326625456726, 0.43426962472688074, 0.575913688577181, 0.9880004179043348, 0.9998745767702504, 0.9999965675253332, 0.9999965675253332, 0.9999979763380502, 0.9999987851433703]"
sampleJointGoalAndSignal_fromStart,session_9_player2,9.0,2,2,closer_to_player2,6,"[0.5, 0.9999888260870836, 0.9999999989046017, 0.9999999999998922, 1.0, 1.0]"
sampleJointGoalAndSignal_fromStart,session_9_player1,9.0,5,1,closer_to_player1,9,"[0.5, 0.6234398256518722, 0.9996814930974876, 0.9995652367046705, 0.9999999209330704, 0.999999999957953, 0.9999999999789803, 0.999999999989493, 0.9999999999947823]"
sampleJointGoalAndSignal_fromStart,session_9_player2,9.0,5,2,closer_to_player1,9,"[0.5, 0.5028816701610909, 0.5045821068430265, 0.5063973085136233, 0.5018544931812836, 0.5081271800403058, 0.4835872293180757, 0.5573378199081052, 0.5575575969548106]"
sampleJointGoalAndSignal_fromStart,session_9_player1,9.0,6,1,closer_to_player1,9,"[0.5, 0.9996595131893663, 0.9999997280339049, 0.9999999995251563, 0.9999999999974429, 0.9999999999987299, 0.9999999999993909, 0.9999999999998276, 0.9999999999999997]"
sampleJointGoalAndSignal_fromStart,session_9_player2,9.0,6,2,closer_to_player1,11,"[0.5, 0.9816980112499243, 0.9842068640565832, 0.9997175702223511, 0.9999881148174328, 0.9999943513262202, 0.9999972416236489, 0.9999986415050285, 0.839422472325747, 0.9985936513148908, 0.9993032183453161]"
sampleJointGoalAndSignal_fromStart,session_9_player1,9.0,7,1,closer_to_player2,9,"[0.5, 0.5045062884870275, 0.5120929989602572, 0.5187365469932022, 0.5308236763636126, 0.5391897245890448, 0.5447600290392086, 0.5482981720747101, 0.5504293719932101]"
sampleJointGoalAndSignal_fromStart,session_9_player2,9.0,7,2,closer_to_player2,6,"[0.5, 0.5016195744922924, 0.5087679328687554, 0.5672943240769915, 0.5708036947434767, 0.5729115046053758]"
sampleJointGoalAndSignal_fromStart,session_9_player1,9.0,9,1,equal_to_both,11,"[0.5, 0.9893247864005246, 0.9998126603687681, 0.9998202852329882, 0.999996931231514, 0.9999999199616147, 0.9999999969081098, 0.9999999997114989, 0.9999999998706556, 0.9999999999416997, 0.9999999999744584]"
sampleJointGoalAndSignal_fromStart,session_9_player2,9.0,9,2,equal_to_both,11,"[0.5, 0.5000000137565004, 0.500000001635048, 0.9966417702566382, 0.9999792145439677, 0.9999997802151853, 0.9999997847724903, 0.9999997964135809, 0.9999998409014316, 0.999999999465471, 0.9999999999966611]"
sampleJointGoalAndSignal_fromStart,session_9_player1,9.0,10,1,closer_to_player1,9,"[0.5, 0.9996538899267818, 0.999999708764287, 0.9999999991516632, 0.9999999995928557, 0.9999999998846469, 0.9999999999997817, 0.9999999999999997, 1.0]"
sampleJointGoalAndSignal_fromStart,session_9_player2,9.0,10,2,closer_to_player1,9,"[0.5, 0.9831462895346638, 0.9995514082552608, 0.9995799002796784, 0.999988892535039, 0.9999993542952538, 0.9999996934929837, 0.9999998521280744, 0.9999999277899908]"
sampleJointGoalAndSignal_fromStart,session_9_player1,9.0,11,1,closer_to_player2,9,"[0.5, 0.5040008458386512, 0.5065638270657108, 0.5080734397429258, 0.5092691271663266, 0.5161547959097051, 0.5743633616080416, 0.5778499508789762, 0.5799485403965485]"
sampleJointGoalAndSignal_fromStart,session_9_player2,9.0,11,2,closer_to_player2,9,"[0.5, 0.41673033194576825, 0.5231716509044436, 0.3542061404498724, 0.2151681582588065, 0.1197616825730331, 1.0, 1.0, 1.0]"
sampleJointGoalAndSignal_fromStart,session_10_player1,10.0,3,1,closer_to_player1,6,"[0.5, 0.5046253202425177, 0.5070471440875903, 0.5134104547230974, 0.4672542247597607, 0.5767497028003307]"
sampleJointGoalAndSignal_fromStart,session_10_player2,10.0,3,2,closer_to_player1,9,"[0.5, 0.5028403657032497, 0.5056632632198619, 0.5128119632219273, 0.5323226880169706, 0.5406850416762619, 0.5462524688561807, 0.5497885971804477, 0.5519185116356615]"
sampleJointGoalAndSignal_fromStart,session_10_player1,10.0,4,1,closer_to_player1,9,"[0.5, 0.999541211414988, 0.9999994966740471, 0.999999998806149, 0.9999999999942961, 0.9999999999999168, 0.9999999999999759, 0.9999999999999997, 1.0]"
sampleJointGoalAndSignal_fromStart,session_10_player2,10.0,4,2,closer_to_player1,9,"[0.5, 0.5034379159780853, 0.9897039654107169, 0.9998230515392269, 0.9999953961229804, 0.9999998219882491, 0.9999999837865126, 0.9999999924384746, 0.9999999964215833]"
sampleJointGoalAndSignal_fromStart,session_10_player1,10.0,5,1,equal_to_both,11,"[0.5, 0.49881239787258, 0.9938170900726154, 0.9938621165534587, 0.9999619471417923, 0.9999995984315444, 0.9999999930656726, 0.9999999949241305, 0.9999999998821204, 0.9999999999426575, 0.9999999999719307]"
sampleJointGoalAndSignal_fromStart,session_10_player2,10.0,5,2,equal_to_both,11,"[0.5, 0.513348397173874, 0.5146129496560473, 0.9968267278792567, 0.9999803326869644, 0.9999997873344859, 0.9999998478132971, 0.9999998871966629, 0.9999999152307489, 0.9999999995280198, 0.9999999998663183]"
sampleJointGoalAndSignal_fromStart,session_10_player1,10.0,6,1,closer_to_player2,8,"[0.5, 0.5027542148536315, 0.5092063887366116, 0.50494150241676, 0.4923258436074815, 0.46782321411330174, 0.425617370923089, 0.3565303929315495]"
sampleJointGoalAndSignal_fromStart,session_10_player2,10.0,6,2,closer_to_player2,12,"[0.5, 0.41139966617714074, 0.3326695796053845, 0.4347557309649317, 0.27772165583557473, 0.9999036193053569, 0.9999999944344535, 0.9999999999989853, 0.9999999999994927, 0.9999999277736156, 0.9999999381079486, 0.9999999999990482]"
sampleJointGoalAndSignal_fromStart,session_10_player1,10.0,7,1,equal_to_both,12,"[0.5, 0.987772817628172, 0.9997560041046036, 0.9998160794236645, 0.999996671230532, 0.999999822521585, 0.9999999164706159, 0.9999999600186861, 0.999999960018686, 0.9999999814014129, 0.9999999946209834, 0.9999999999171224]"
sampleJointGoalAndSignal_fromStart,session_10_player2,10.0,7,2,equal_to_both,11,"[0.5, 0.9894580034773808, 0.9998176406022461, 0.9998218504552158, 0.9999969646912338, 0.9999970425670075, 0.9999970919119853, 0.9999999695526063, 0.9999999994783833, 0.9999999995651948, 0.9999999999915088]"
sampleJointGoalAndSignal_fromStart,session_10_player1,10.0,9,1,closer_to_player2,9,"[0.5, 0.5030292860211588, 0.5130718783946691, 0.5083884034257672, 0.5914026921619479, 0.48520524082563005, 0.6534316792785484, 0.790444420042774, 0.8837309345236388]"
sampleJointGoalAndSignal_fromStart,session_10_player2,10.0,9,2,closer_to_player2,6,"[0.5, 0.5045720180115786, 0.506978533846239, 0.5133354097763226, 0.5961706520930996, 0.5982414875922137]"
sampleJointGoalAndSignal_fromStart,session_10_player1,10.0,10,1,closer_to_player2,7,"[0.5, 0.6246748679229668, 0.9525808758970951, 0.9666637963425481, 0.9761660407220043, 0.9827504242588302, 0.9874374421464008]"
sampleJointGoalAndSignal_fromStart,session_10_player2,10.0,10,2,closer_to_player2,11,"[0.5, 0.9994968405359126, 0.9994820482884545, 0.9999998206391404, 0.9999998205821272, 0.9999999999390233, 0.9999999999999507, 0.9999999999999998, 0.9999999999999999, 1.0, 1.0]"
sampleJointGoalAndSignal_fromStart,session_11_player1,11.0,0,1,closer_to_player1,9,"[0.5, 0.9996537963504922, 0.999999706577721, 0.9999998015857504, 0.999999999585868, 0.999999999874781, 0.9999999999997249, 0.9999999999999996, 1.0]"
sampleJointGoalAndSignal_fromStart,session_11_player2,11.0,0,2,closer_to_player1,9,"[0.5, 0.9831429984565564, 0.9995509943211386, 0.9995801160990414, 0.9999885168333702, 0.9999918120874716, 0.9999995820430553, 0.9999997840769954, 0.999999886852831]"
sampleJointGoalAndSignal_fromStart,session_11_player1,11.0,1,1,closer_to_player2,9,"[0.5, 0.0014039104668121369, 0.079039465440291, 0.05711902369669898, 0.9210936743380208, 0.9994411862281973, 0.999991589241977, 0.9999958039288671, 0.9999978951346501]"
sampleJointGoalAndSignal_fromStart,session_11_player2,11.0,1,2,closer_to_player2,9,"[0.5, 0.9999430850457832, 0.8639639391018475, 0.9999910379853562, 0.9999999974636047, 0.9999999992335316, 0.9999999999997993, 1.0, 1.0]"
sampleJointGoalAndSignal_fromStart,session_11_player1,11.0,2,1,closer_to_player1,9,"[0.5, 0.999526381931046, 0.9999994446047249, 0.9999999973261052, 0.9999999992402923, 0.999999999996447, 0.9999999999999897, 1.0, 1.0]"
sampleJointGoalAndSignal_fromStart,session_11_player2,11.0,2,2,closer_to_player1,9,"[0.5, 0.5024425890292795, 0.9896285042425959, 0.9897890790439174, 0.9897349973338285, 0.999952726969352, 0.999999609082461, 0.9999999941647527, 0.9999999943115911]"
sampleJointGoalAndSignal_fromStart,session_11_player1,11.0,5,1,equal_to_both,11,"[0.5, 0.9893813416442755, 0.9998144240439015, 0.9999950982494282, 0.9999998066746755, 0.999999983000108, 0.9999999922981438, 0.9999999963588357, 0.9999999982498956, 0.9999999991486622, 0.9999999995832668]"
sampleJointGoalAndSignal_fromStart,session_11_player2,11.0,5,2,equal_to_both,11,"[0.5, 0.513348397173874, 0.9940603022910929, 0.9999354571572326, 0.999998844111489, 0.9999992097140151, 0.9999999784521674, 0.9999999895300702, 0.9999999948741282, 0.9999999975913921, 0.9999999993177957]"
sampleJointGoalAndSignal_fromStart,session_11_player1,11.0,6,1,closer_to_player1,6,"[0.5, 0.5836348871288317, 0.47618842068408535, 0.6452000011224944, 0.7843884175212066, 0.8798919027861536]"
sampleJointGoalAndSignal_fromStart,session_11_player2,11.0,6,2,closer_to_player1,9,"[0.5, 0.5045359656323897, 0.5077370828545674, 0.5144363295517936, 0.5278747694426353, 0.5311210991274457, 0.532638241220567, 0.5332654698660285, 0.5334871946513972]"
sampleJointGoalAndSignal_fromStart,session_11_player1,11.0,7,1,closer_to_player2,14,"[0.5, 0.37024160924090377, 0.519047591467296, 0.6718862775750658, 0.7993331931678493, 0.8874435893932908, 0.9493756231318523, 0.9999998126587657, 0.9999999999985354, 0.9999999908773408, 0.9999999999998966, 1.0, 1.0, 1.0]"
sampleJointGoalAndSignal_fromStart,session_11_player2,11.0,7,2,closer_to_player2,6,"[0.5, 0.9937859121698644, 0.9998990392906585, 0.9999500942556506, 0.9999752088613862, 0.9999876545547114]"
sampleJointGoalAndSignal_fromStart,session_11_player1,11.0,8,1,closer_to_player2,9,"[0.5, 0.5034829762907747, 0.5062369490316005, 0.5126877312163131, 0.5084238909067154, 0.49580836437923537, 0.5451271692045809, 0.5457519239850303, 0.5459727675248512]"
sampleJointGoalAndSignal_fromStart,session_11_player2,11.0,8,2,closer_to_player2,6,"[0.5, 0.5836942096940192, 0.6551273884570351, 0.7087444204332825, 0.7424943793820039, 0.8124188440830062]"
sampleJointGoalAndSignal_fromStart,session_12_player1,12.0,0,1,closer_to_player2,10,"[0.5, 0.9831793925262429, 0.9995551877418726, 0.9999831710714243, 0.9999991128444051, 0.9999999354455014, 0.9999999895284976, 0.9999999952957165, 0.9999999952957166, 0.9999999978269899]"
sampleJointGoalAndSignal_fromStart,session_12_player2,12.0,0,2,closer_to_player2,9,"[0.5, 0.9996600861021679, 0.9999997290064597, 0.9999999995377002, 0.999999999998444, 0.9999999999999902, 1.0, 1.0, 1.0]"
sampleJointGoalAndSignal_fromStart,session_12_player1,12.0,1,1,closer_to_player1,3,"[0.5, 0.5444269037729152, 0.6567620151935077]"
sampleJointGoalAndSignal_fromStart,session_12_player2,12.0,1,2,closer_to_player1,7,"[0.5, 0.508422306065975, 0.5058966120503345, 0.3994370201990001, 0.5712248531836615, 0.7273315762293922, 0.8441152635598557]"
sampleJointGoalAndSignal_fromStart,session_12_player1,12.0,3,1,closer_to_player1,6,"[0.5, 0.999965296775259, 0.999999996566969, 0.999999999999586, 0.9999999999999999, 1.0]"
sampleJointGoalAndSignal_fromStart,session_12_player2,12.0,3,2,closer_to_player1,11,"[0.5, 0.005796382245372495, 0.0030580008287948617, 0.09460818795800693, 0.06960610242255921, 0.8860074163486591, 0.8835247734699262, 0.9990942130484113, 0.9999776415558155, 0.9999871291893819, 0.9999924850434841]"
sampleJointGoalAndSignal_fromStart,session_12_player1,12.0,5,1,closer_to_player2,9,"[0.5, 0.5034056361590526, 0.5056557066770898, 0.507470814385001, 0.5138581331711678, 0.5427883380476437, 0.5442994783052225, 0.5449244206109437, 0.5451453309307871]"
sampleJointGoalAndSignal_fromStart,session_12_player2,12.0,5,2,closer_to_player2,9,"[0.5, 0.6234398256501874, 0.45287888065509824, 0.999813654983537, 0.9999999661193382, 0.9999999999819826, 0.9999999999909929, 0.9999999999954976, 0.9999999999977642]"
sampleJointGoalAndSignal_fromStart,session_12_player1,12.0,6,1,equal_to_both,10,"[0.5, 0.9938541874382134, 0.9999346580424295, 0.9999988865185394, 0.9999999703525578, 0.9999999795518227, 0.9999999852459684, 0.9999999886807404, 0.9999999908634863, 0.9999999999216577]"
sampleJointGoalAndSignal_fromStart,session_12_player2,12.0,6,2,equal_to_both,12,"[0.5, 0.006236264515220276, 0.006139663099822466, 0.7828775427121676, 0.7828783852474194, 0.7828838262273791, 0.9997798618829334, 0.9997839405094644, 0.9999998247542642, 0.9999999996747606, 0.999999999998689, 0.9999999999999887]"
sampleJointGoalAndSignal_fromStart,session_12_player1,12.0,7,1,equal_to_both,12,"[0.5, 0.50002375033113, 0.5000245976913503, 0.5000245258949622, 0.9966420854318448, 0.9966618921520732, 0.9999886129473431, 0.999999928142129, 0.9999999320287509, 0.9999999995431185, 0.9999999996869796, 0.9999999999980447]"
sampleJointGoalAndSignal_fromStart,session_12_player2,12.0,7,2,equal_to_both,12,"[0.5, 0.9827981835505919, 0.9995348038268135, 0.9999820743891086, 0.999999042599086, 0.9999999296011141, 0.9999999871297531, 0.9999999945018532, 0.9999999975576386, 0.9999999989031584, 0.9999999995055319, 0.9999999997833682]"
sampleJointGoalAndSignal_fromStart,session_12_player1,12.0,8,1,closer_to_player2,9,"[0.5, 0.9822151637594966, 0.999526166046444, 0.9999815919358699, 0.999998394554102, 0.9999992505305887, 0.9999996430962113, 0.9999998272438685, 0.9999999153372793]"
sampleJointGoalAndSignal_fromStart,session_12_player2,12.0,8,2,closer_to_player2,7,"[0.5, 0.999930387217681, 0.9999999757889969, 0.9999999999826077, 0.9999999999999899, 1.0, 1.0]"
sampleJointGoalAndSignal_fromStart,session_12_player1,12.0,9,1,equal_to_both,10,"[0.5, 0.49988817893576465, 0.9966448170150429, 0.9999792746823659, 0.9999997814297911, 0.9999999962802885, 0.9999999964043944, 0.9999999999384325, 0.9999999999488997, 0.9999999999526165]"
sampleJointGoalAndSignal_fromStart,session_12_player2,12.0,9,2,equal_to_both,10,"[0.5, 0.9938480037715429, 0.9938932261067864, 0.9999620608387658, 0.9999625693391088, 0.999999760141653, 0.99999999732925, 0.9999999999285554, 0.9999999999677412, 0.9999999999906968]"
sampleJointGoalAndSignal_fromStart,session_12_player1,12.0,10,1,closer_to_player1,7,"[0.5, 0.9999541515002255, 0.9999999903546312, 0.9999999999983218, 0.9999999999999993, 1.0, 1.0]"
sampleJointGoalAndSignal_fromStart,session_12_player2,12.0,10,2,closer_to_player1,9,"[0.5, 0.4213965318961849, 0.3421677932645764, 0.4851778037179148, 0.9831678347703845, 0.9998373809763178, 0.9999981821011076, 0.9999999612639653, 0.9999999808509489]"
sampleJointGoalAndSignal_fromStart,session_13_player1,13.0,0,1,closer_to_player1,7,"[0.5, 0.5045720180115911, 0.5069785338462474, 0.5133354097763354, 0.5961706520931108, 0.598241487592225, 0.598241487592225]"
sampleJointGoalAndSignal_fromStart,session_13_player2,13.0,0,2,closer_to_player1,9,"[0.5, 0.504505649171184, 0.5077605776939478, 0.5151483192839416, 0.5348912769383088, 0.5432843703117907, 0.5488471096204188, 0.552379594310861, 0.5545071836584503]"
sampleJointGoalAndSignal_fromStart,session_13_player1,13.0,2,1,equal_to_both,13,"[0.5, 0.9811851344955599, 0.9994521351105997, 0.9999774290814618, 0.9999986907954874, 0.9999993360683834, 0.9999999285469706, 0.9999999677487788, 0.999999984984288, 0.9999999849842881, 0.999999993018766, 0.9999999968478646, 0.9999999990909507]"
sampleJointGoalAndSignal_fromStart,session_13_player2,13.0,2,2,equal_to_both,14,"[0.5, 0.982866963004557, 0.999538261721243, 0.9999822557957401, 0.9999990541864754, 0.9999991683570424, 0.9999999546055666, 0.9999999935197037, 0.9999999935197037, 0.9999999935197037, 0.9999999970709812, 0.9999999986563912, 0.9999999993781322, 0.9999999997120292]"
sampleJointGoalAndSignal_fromStart,session_13_player1,13.0,3,1,equal_to_both,10,"[0.5, 0.49996134529186337, 0.9966459124196705, 0.9999792842258747, 0.9999997815753836, 0.9999999962827225, 0.9999999964054972, 0.9999999964675487, 0.999999995837406, 0.9999999999866324]"
sampleJointGoalAndSignal_fromStart,session_13_player2,13.0,3,2,equal_to_both,10,"[0.5, 0.9936994596531213, 0.9938655892241892, 0.9999617513787246, 0.9999632106319922, 0.9999997597825555, 0.9999999955226805, 0.9999999979172316, 0.9999999993976292, 0.999999999990719]"
sampleJointGoalAndSignal_fromStart,session_13_player1,13.0,4,1,closer_to_player1,6,"[0.5, 0.5016265109765048, 0.4955826608222132, 0.489751531054857, 0.531532383661173, 0.6380510638932541]"
sampleJointGoalAndSignal_fromStart,session_13_player2,13.0,4,2,closer_to_player1,9,"[0.5, 0.5034052050305252, 0.5056594995811695, 0.5064899529887974, 0.5076711880111308, 0.5145510235381956, 0.5727865406317396, 0.576276287023451, 0.578376989309732]"
sampleJointGoalAndSignal_fromStart,session_13_player1,13.0,6,1,closer_to_player2,9,"[0.5, 0.5034073596182743, 0.5056568332649709, 0.5074716978184711, 0.5138588778560276, 0.5427889367039912, 0.544300061189834, 0.5449250038133702, 0.5451459143866456]"
sampleJointGoalAndSignal_fromStart,session_13_player2,13.0,6,2,closer_to_player2,6,"[0.5, 0.5194020231916858, 0.5344800753635465, 0.5067891497749143, 0.5802324015922018, 0.5804537984987774]"
sampleJointGoalAndSignal_fromStart,session_13_player1,13.0,7,1,closer_to_player2,9,"[0.5, 0.5185036283260329, 0.5288254559367973, 0.5548073411883696, 0.5667451834007663, 0.574983557204789, 0.5804578492672318, 0.5839304505754936, 0.5860204658403445]"
sampleJointGoalAndSignal_fromStart,session_13_player2,13.0,7,2,closer_to_player2,9,"[0.5, 0.41672813872688463, 0.5231733700947864, 0.3542077471645206, 0.9999328645635794, 0.9999999961300742, 0.9999999999992969, 0.9999999999996485, 0.9999999999998256]"
sampleJointGoalAndSignal_fromStart,session_13_player1,13.0,9,1,closer_to_player2,9,"[0.5, 0.9830061098678293, 0.999543304666807, 0.9999819788084284, 0.9999980628309948, 0.9999991067488845, 0.9999995757491458, 0.9999997973665398, 0.9999999036546137]"
sampleJointGoalAndSignal_fromStart,session_13_player2,13.0,9,2,closer_to_player2,11,"[0.5, 0.4977733591944566, 0.4965140633876073, 0.9996507041349139, 0.9996583857481339, 0.9997884112700907, 0.9999999676683812, 0.9999999999856864, 0.9999999999999833, 1.0, 1.0]"
sampleJointGoalAndSignal_fromStart,session_13_player1,13.0,11,1,closer_to_player1,9,"[0.5, 0.4162840980728895, 0.34471574936135657, 0.4226304250187641, 0.26789441382483037, 0.9999809706819227, 0.9999778698036121, 0.9999999999333893, 0.9999999999999989]"
sampleJointGoalAndSignal_fromStart,session_13_player2,13.0,11,2,closer_to_player1,9,"[0.5, 0.5034887969342521, 0.5063031862102975, 0.5134492749243524, 0.5329679990778927, 0.5413278328862609, 0.546894010902008, 0.550429259071769, 0.5525586083135455]"
sampleJointGoalAndSignal_fromStart,session_14_player1,14.0,0,1,closer_to_player2,9,"[0.5, 0.9832243416064, 0.9836256946515272, 0.9838806368256285, 0.9998299074193288, 0.999997125742793, 0.9999999244540824, 0.9999999377895151, 0.9999999980705224]"
sampleJointGoalAndSignal_fromStart,session_14_player2,14.0,0,2,closer_to_player2,11,"[0.5, 0.9978540271922046, 0.9999911192433993, 0.9999929541022299, 0.9999999745724111, 0.9999999998266937, 0.9999999999963964, 0.9999999999983841, 0.9999999999995337, 0.9999999999999928, 0.9999999999999999]"
sampleJointGoalAndSignal_fromStart,session_14_player1,14.0,3,1,closer_to_player2,9,"[0.5, 0.9830621540817275, 0.9995222564109952, 0.9996795374073366, 0.9997763267258124, 0.9998371021309497, 0.999873748522213, 0.9999987637247809, 0.9999993501000177]"
sampleJointGoalAndSignal_fromStart,session_14_player2,14.0,3,2,closer_to_player2,9,"[0.5, 0.9996592301088275, 0.9996594669216998, 0.9996646869583757, 0.9999999428284928, 0.9999999999735588, 0.9999999999999543, 0.9999999999999863, 1.0]"
sampleJointGoalAndSignal_fromStart,session_14_player1,14.0,4,1,closer_to_player2,9,"[0.5, 0.9832154423381405, 0.9995544887962823, 0.9995813158952274, 0.9999886544944487, 0.999999101960749, 0.9999995542573789, 0.999999775333876, 0.9999998857897618]"
sampleJointGoalAndSignal_fromStart,session_14_player2,14.0,4,2,closer_to_player2,12,"[0.5, 0.0032999736030418494, 0.0033031570691981807, 0.9834759649477544, 0.999997132412595, 0.9999999986864475, 0.9999999999985342, 0.9999999999993886, 0.9999999999999982, 1.0, 1.0, 1.0]"
sampleJointGoalAndSignal_fromStart,session_14_player1,14.0,6,1,equal_to_both,10,"[0.5, 0.9938484357228492, 0.9999345461063608, 0.999998883910502, 0.9999989358367348, 0.9999999816237921, 0.9999999992783598, 0.9999999996531386, 0.9999999998312689, 0.9999999999174054]"
sampleJointGoalAndSignal_fromStart,session_14_player2,14.0,6,2,equal_to_both,10,"[0.5, 0.5149197339459091, 0.5162746486393144, 0.9983994880421837, 0.9999945896618577, 0.9999999660602923, 0.9999999748836617, 0.9999999811275693, 0.9999999908206938, 0.9999999999696515]"
sampleJointGoalAndSignal_fromStart,session_14_player1,14.0,7,1,equal_to_both,12,"[0.5, 0.9811838368350151, 0.9833864465730139, 0.9997053949981429, 0.9999921611767488, 0.99999968720204, 0.9999999663340579, 0.9999999848046824, 0.9999999929252814, 0.9999999967107612, 0.9999999985148577, 0.9999999995716974]"
sampleJointGoalAndSignal_fromStart,session_14_player2,14.0,7,2,equal_to_both,12,"[0.5, 0.9828669630025672, 0.9995382617209184, 0.9995586035310654, 0.9999884734454223, 0.9999889155647974, 0.9999892003838237, 0.999989382557757, 0.9999894527528983, 0.9999861801881521, 0.9999999675956421, 0.999999999860769]"
sampleJointGoalAndSignal_fromStart,session_14_player1,14.0,8,1,equal_to_both,9,"[0.5, 0.996641050140291, 0.996656191002235, 0.9999887101909418, 0.9999999303825661, 0.9999999992590257, 0.9999999999828009, 0.9999999999916693, 0.9999999999961305]"
sampleJointGoalAndSignal_fromStart,session_14_player2,14.0,8,2,equal_to_both,13,"[0.5, 0.003359446847822528, 0.6627572113193577, 0.998285988883429, 0.9999894025796261, 0.9999998879420138, 0.9999999980611034, 0.9999999985839463, 0.9999999999671269, 0.99999999998408, 0.9999999753574307, 0.9999999835106264, 0.9999999913278311]"
sampleJointGoalAndSignal_fromStart,session_14_player1,14.0,9,1,closer_to_player1,6,"[0.5, 0.9965901324401306, 0.9999675760391459, 0.9999838161782079, 0.9999919045573726, 0.9999959496786376]"
sampleJointGoalAndSignal_fromStart,session_14_player2,14.0,9,2,closer_to_player1,16,"[0.5, 0.5095246991012193, 0.49424185795759545, 0.3571856990932652, 0.5174061653994002, 0.9644017051315146, 0.9812284531455205, 0.9903595732296703, 0.9951336061867057, 0.9979539648337137, 0.9999999928057366, 0.9999999999999438, 0.9999999968357176, 0.9999999999999752, 1.0, 1.0]"
sampleJointGoalAndSignal_fromStart,session_14_player1,14.0,10,1,closer_to_player1,6,"[0.5, 0.9967048617908383, 0.9999798220460758, 0.9999997874718997, 0.9999999956839908, 0.9999999978986102]"
sampleJointGoalAndSignal_fromStart,session_14_player2,14.0,10,2,closer_to_player1,14,"[0.5, 0.9965413090791906, 0.9999780091840053, 0.9999784136978098, 0.9999998664262153, 0.9999998718361094, 0.9999999991905998, 0.9999999999858454, 0.9999999999930687, 0.9999999999967459, 0.999999999999081, 0.999999743113523, 0.9999999989823685, 0.9999999999916642]"
sampleJointGoalAndSignal_fromStart,session_14_player1,14.0,11,1,closer_to_player1,12,"[0.5, 0.4779234922873029, 0.47245089288132835, 0.47403438682900373, 0.9998174655974833, 0.9999999189180627, 0.9999999999132346, 0.9999999999997974, 0.9999999999999991, 1.0, 1.0, 1.0]"
sampleJointGoalAndSignal_fromStart,session_14_player2,14.0,11,2,closer_to_player1,8,"[0.5, 0.9832511261368901, 0.9836733994886241, 0.9997176467309659, 0.9999925594589151, 0.9999995433561554, 0.9999997886494212, 0.999999902129001]"
sampleJointGoalAndSignal_fromStart,session_15_player1,15.0,0,1,equal_to_both,11,"[0.5, 0.9894602822129178, 0.999817763617137, 0.999995247321899, 0.9999954243103168, 0.9999998809152828, 0.9999999954007296, 0.9999999995696659, 0.9999999998067313, 0.9999999999128717, 0.9999999999618281]"
sampleJointGoalAndSignal_fromStart,session_15_player2,15.0,0,2,equal_to_both,11,"[0.5, 0.9893247864004959, 0.9998126603687647, 0.9998202852329828, 0.9998233222111735, 0.99999813118399, 0.9999999680859555, 0.9999999692978849, 0.999999999450727, 0.9999999999807608, 0.9999999999915713]"
sampleJointGoalAndSignal_fromStart,session_15_player1,15.0,2,1,closer_to_player1,6,"[0.5, 0.5167094464887709, 0.5013957852781827, 0.5600409675978322, 0.563563907902931, 0.5656802192720871]"
sampleJointGoalAndSignal_fromStart,session_15_player2,15.0,2,2,closer_to_player1,10,"[0.5, 0.503437919080845, 0.50590164776564, 0.5073629344807117, 0.508544107835127, 0.5154233896139689, 0.48808340689101515, 0.571629931801532, 0.573736630554567, 0.573736630554567]"
sampleJointGoalAndSignal_fromStart,session_15_player1,15.0,4,1,closer_to_player1,9,"[0.5, 0.9995263805434365, 0.9999994445828809, 0.9999997889508755, 0.9999999994336756, 0.9999999999976683, 0.9999999999999933, 1.0, 1.0]"
sampleJointGoalAndSignal_fromStart,session_15_player2,15.0,4,2,closer_to_player1,9,"[0.5, 0.983153111549341, 0.9835519095553209, 0.9997155081680883, 0.9997228006631695, 0.9997255316837236, 0.9999977297850655, 0.9999999661110607, 0.9999999988225572]"
sampleJointGoalAndSignal_fromStart,session_15_player1,15.0,5,1,equal_to_both,11,"[0.5, 0.9893313189785609, 0.9998127767646549, 0.9999950379000938, 0.9999998037756644, 0.9999999827239671, 0.9999999922332092, 0.9999999963359238, 0.9999999982408166, 0.9999999991479246, 0.9999999996042147]"
sampleJointGoalAndSignal_fromStart,session_15_player2,15.0,5,2,equal_to_both,11,"[0.5, 0.989331316828677, 0.999812776690879, 0.9998200158561193, 0.9998230913202858, 0.9999981325616139, 0.9999981903428687, 0.9999999807387153, 0.9999999995529129, 0.9999999997834494, 0.9999999998994132]"
sampleJointGoalAndSignal_fromStart,session_15_player1,15.0,6,1,closer_to_player2,9,"[0.5, 0.9743078214064504, 0.9992682296489105, 0.9999713489284109, 0.9999974776820671, 0.9999988193828262, 0.999999436043449, 0.9999997260603507, 0.9999998652250727]"
sampleJointGoalAndSignal_fromStart,session_15_player2,15.0,6,2,closer_to_player2,7,"[0.5, 0.9999430744936998, 0.9999999844555756, 0.9999999999961638, 0.9999999999999984, 1.0, 1.0]"
sampleJointGoalAndSignal_fromStart,session_15_player1,15.0,8,1,closer_to_player2,9,"[0.5, 0.503436029006748, 0.5059064135178662, 0.5071251185730677, 0.5117878228282455, 0.5142591680726512, 0.5201679280113857, 0.5930901573460939, 0.5933051367852153]"
sampleJointGoalAndSignal_fromStart,session_15_player2,15.0,8,2,closer_to_player2,6,"[0.5, 0.4953407866559952, 0.5707863196601923, 0.6301124508600766, 0.5830813765938484, 0.737964536089756]"
sampleJointGoalAndSignal_fromStart,session_15_player1,15.0,9,1,closer_to_player2,9,"[0.5, 0.5038630870619373, 0.5058412293728544, 0.5130602213836891, 0.5099430479111177, 0.5844999435467164, 0.5046554128569629, 0.670858508139889, 0.8041929967568688]"
sampleJointGoalAndSignal_fromStart,session_15_player2,15.0,9,2,closer_to_player2,9,"[0.5, 0.4167302166697316, 0.5231716840439723, 0.3542061729558873, 0.9999328640764878, 0.9999149312487553, 0.9999010492146079, 0.9999999997021642, 0.999999999751473]"
sampleJointGoalAndSignal_fromStart,session_15_player1,15.0,10,1,closer_to_player1,9,"[0.5, 0.5031067986674432, 0.99983164602548, 0.9999999229510697, 0.9999999999156407, 0.9999999999997988, 0.9999999999999105, 0.9999999999999994, 1.0]"
sampleJointGoalAndSignal_fromStart,session_15_player2,15.0,10,2,closer_to_player1,9,"[0.5, 0.5039491475772088, 0.5061893640036482, 0.9940327103332389, 0.9999367103222618, 0.9999381943753057, 0.9999993485412468, 0.9999999867795669, 0.9999999935692526]"
sampleJointGoalAndSignal_fromStart,session_15_player1,15.0,11,1,equal_to_both,11,"[0.5, 0.988651041283758, 0.9997940527263803, 0.999820414319302, 0.9999968791465936, 0.9999970419964458, 0.9999999493530417, 0.9999999986615434, 0.9999999999218949, 0.9999999999648814, 0.9999999999846182]"
sampleJointGoalAndSignal_fromStart,session_15_player2,15.0,11,2,equal_to_both,11,"[0.5, 0.49999981874973665, 0.49999976998192985, 0.9966417678430067, 0.999979214535821, 0.9999997802151946, 0.999999784772437, 0.9999999976434015, 0.9999999999578402, 0.9999999999985233, 0.999999999999353]"
sampleJointGoalAndSignal_fromStart,session_16_player1,16.0,0,1,closer_to_player2,10,"[0.5, 0.9832182361944457, 0.9995545476917683, 0.9999822086848976, 0.9999978850158334, 0.9999989706325649, 0.9999989706325649, 0.9999994890682316, 0.9999997424755017, 0.9999998690851858]"
sampleJointGoalAndSignal_fromStart,session_16_player2,16.0,0,2,closer_to_player2,9,"[0.5, 0.5045978697049416, 0.6101694577993908, 0.9999575733528635, 0.9999999909529649, 0.9999999999945371, 0.9999999999999839, 1.0, 1.0]"
sampleJointGoalAndSignal_fromStart,session_16_player1,16.0,1,1,closer_to_player2,9,"[0.5, 0.5034548848747543, 0.5057049513543231, 0.5065819337962849, 0.5077296374625891, 0.5024775756048597, 0.49707032476895563, 0.5393850087736304, 0.6375367841926695]"
sampleJointGoalAndSignal_fromStart,session_16_player2,16.0,1,2,closer_to_player2,4,"[0.5, 0.505922319243374, 0.5792621028353607, 0.5794793316800856]"
sampleJointGoalAndSignal_fromStart,session_16_player1,16.0,5,1,equal_to_both,11,"[0.5, 0.9879008872300221, 0.9997607268598068, 0.9999928098447846, 0.9999995154202906, 0.9999998232204501, 0.9999999173017369, 0.9999999598175029, 0.9999999803274359, 0.999999990756013, 0.9999999973817705]"
sampleJointGoalAndSignal_fromStart,session_16_player2,16.0,5,2,equal_to_both,11,"[0.5, 0.4988124091434163, 0.9938170902901923, 0.9999341606592226, 0.999998876248511, 0.9999999700659475, 0.9999999981718022, 0.9999999991356929, 0.9999999995845759, 0.9999999997979171, 0.9999999999010797]"
sampleJointGoalAndSignal_fromStart,session_16_player1,16.0,7,1,closer_to_player1,6,"[0.5, 0.5046272932088524, 0.507050781893334, 0.5134157144388152, 0.5962559036740384, 0.5983266259074745]"
sampleJointGoalAndSignal_fromStart,session_16_player2,16.0,7,2,closer_to_player1,10,"[0.5, 0.5185036273908145, 0.5288254644132533, 0.554807349125192, 0.5667451910013706, 0.5749835645581273, 0.5804578564587372, 0.5804578564587373, 0.5839304576682932, 0.586020472876565]"
sampleJointGoalAndSignal_fromStart,session_16_player1,16.0,8,1,closer_to_player1,9,"[0.5, 0.622644118143352, 0.9996820833113944, 0.9999998544806411, 0.9999999998406742, 0.9999999999995894, 0.9999999999999987, 1.0, 1.0]"
sampleJointGoalAndSignal_fromStart,session_16_player2,16.0,8,2,closer_to_player1,9,"[0.5, 0.5033326519761957, 0.9896988393647663, 0.9998229689460543, 0.9998275088491323, 0.9999970874989652, 0.9999999242811921, 0.9999999965573427, 0.9999999983717787]"
sampleJointGoalAndSignal_fromStart,session_16_player1,16.0,9,1,closer_to_player1,9,"[0.5, 0.9984831846120575, 0.9999981397991947, 0.999999994329361, 0.9999999971644257, 0.999999998582371, 0.9999999992913323, 0.9999999996457728, 0.9999999998242085]"
sampleJointGoalAndSignal_fromStart,session_16_player2,16.0,9,2,closer_to_player1,9,"[0.5, 0.5034544985064826, 0.5057081971370334, 0.5075728835666591, 0.5146267858493974, 0.5514479420621442, 0.5569918013945352, 0.5605115734791408, 0.5626311149781976]"
sampleJointGoalAndSignal_fromStart,session_16_player1,16.0,10,1,equal_to_both,9,"[0.5, 0.49958282118827635, 0.9982934469257484, 0.9982970401753632, 0.999997137649747, 0.9999971255773592, 0.9999999961685802, 0.9999999954217692, 0.9999999999959878]"
sampleJointGoalAndSignal_fromStart,session_16_player2,16.0,10,2,equal_to_both,9,"[0.5, 0.9958362489444786, 0.9999677282501073, 0.9999822917991346, 0.9999874634495286, 0.9999999344742947, 0.9999999689455892, 0.9999999912579373, 0.9999999999636439]"
sampleJointGoalAndSignal_fromStart,session_16_player1,16.0,11,1,closer_to_player2,9,"[0.5, 0.9824136426161736, 0.9995103622483131, 0.9996068847623918, 0.999628618803922, 0.9999935548497415, 0.9999997067065086, 0.999999856213641, 0.9999999293410842]"
sampleJointGoalAndSignal_fromStart,session_16_player2,16.0,11,2,closer_to_player2,9,"[0.5, 0.99965498210339, 0.9999997189408057, 0.9999997282676736, 0.9999998429681313, 0.9999999997608868, 0.9999999999996091, 0.9999999999999997, 1.0]"
sampleJointGoalAndSignal_fromStart,session_17_player1,17.0,0,1,closer_to_player2,10,"[0.5, 0.5034387474073287, 0.5059023935820441, 0.5073636584373674, 0.5085448348316526, 0.5154242120648538, 0.5736424013412319, 0.5771303179372865, 0.5792298776939483, 0.5792298776939482]"
sampleJointGoalAndSignal_fromStart,session_17_player2,17.0,0,2,closer_to_player2,6,"[0.5, 0.5833231973821922, 0.6543336044018285, 0.7074759487222654, 0.7408676331266215, 0.8162437769692321]"
sampleJointGoalAndSignal_fromStart,session_17_player1,17.0,1,1,closer_to_player2,9,"[0.5, 0.9830111889443955, 0.999531118981836, 0.9999702710986988, 0.999986173016188, 0.999993343999457, 0.9999967566095009, 0.9999984061625564, 0.9999992135781326]"
sampleJointGoalAndSignal_fromStart,session_17_player2,17.0,1,2,closer_to_player2,9,"[0.5, 0.9996595337438703, 0.9999997282988972, 0.9999999995361146, 0.9999999999984157, 0.9999999999999853, 0.9999999999999928, 0.9999999999999966, 0.999999999999999]"
sampleJointGoalAndSignal_fromStart,session_17_player1,17.0,4,1,equal_to_both,12,"[0.5, 0.9827983842544424, 0.9832194077739325, 0.9834105550597767, 0.999821612358061, 0.9999969599624903, 0.9999999208722395, 0.999999925066323, 0.9999999980243464, 0.9999999998844147, 0.9999999999478929, 0.9999999999771713]"
sampleJointGoalAndSignal_fromStart,session_17_player2,17.0,4,2,equal_to_both,15,"[0.5, 0.017199807147374166, 0.01678211160257518, 0.01659110945920018, 0.832500724305967, 0.9987562378008361, 0.9999868290190691, 0.9999997755794897, 0.9999999941586637, 0.9999999944682866, 0.9999999998541543, 0.9999999999914674, 0.9999999999961533, 0.9999999999961533, 0.9999999999983148]"
sampleJointGoalAndSignal_fromStart,session_17_player1,17.0,5,1,closer_to_player1,9,"[0.5, 0.9996543179445402, 0.9999997241299425, 0.9999999995294073, 0.999999999998395, 0.9999999999988011, 0.9999999999999944, 0.9999999999999972, 0.9999999999999987]"
sampleJointGoalAndSignal_fromStart,session_17_player2,17.0,5,2,closer_to_player1,9,"[0.5, 0.9803234757873984, 0.9990484014385733, 0.9996306142025213, 0.9998222084185249, 0.9999124132944062, 0.9999566234323052, 0.9999784707959969, 0.9999896786646545]"
sampleJointGoalAndSignal_fromStart,session_17_player1,17.0,6,1,closer_to_player1,11,"[0.5, 0.003295170985255748, 0.003298691556028576, 0.983454763715648, 0.9999971289216261, 0.9999999986851644, 0.9999999992509911, 0.9999999999995494, 0.9999999999999986, 1.0, 1.0]"
sampleJointGoalAndSignal_fromStart,session_17_player2,17.0,6,2,closer_to_player1,9,"[0.5, 0.9831393486649636, 0.9995500240015871, 0.9995802732329202, 0.9995970345661476, 0.9996064691556793, 0.9996104777032726, 0.9999979459837263, 0.9999999782818152]"
sampleJointGoalAndSignal_fromStart,session_17_player1,17.0,7,1,equal_to_both,10,"[0.5, 0.4999789319329331, 0.49957131175695846, 0.9983444308546177, 0.9999945469917767, 0.9999999668822317, 0.9999999671011855, 0.9999999998348369, 0.9999999999984306, 0.9999999999985447]"
sampleJointGoalAndSignal_fromStart,session_17_player2,17.0,7,2,equal_to_both,10,"[0.5, 0.9938385532450081, 0.9938893284687189, 0.9939314073056662, 0.9941804462376166, 0.9999863412178353, 0.999992265242647, 0.9999999798996595, 0.9999999998836403, 0.9999999999984387]"
sampleJointGoalAndSignal_fromStart,session_17_player1,17.0,9,1,closer_to_player2,9,"[0.5, 0.9832177956282443, 0.9995556015021967, 0.9999831562183467, 0.9999990836729774, 0.9999998745679911, 0.9999999426625795, 0.9999999732598043, 0.9999999873454744]"
sampleJointGoalAndSignal_fromStart,session_17_player2,17.0,9,2,closer_to_player2,9,"[0.5, 0.6226215891447447, 0.9998707511976996, 0.9999999227368689, 0.9999999998852038, 0.9999999999996156, 0.9999999999999961, 0.9999999999999999, 1.0]"
sampleJointGoalAndSignal_fromStart,session_17_player1,17.0,10,1,equal_to_both,11,"[0.5, 0.9894522360352315, 0.999817435889124, 0.9998219995723828, 0.9999969643834756, 0.9999999192249118, 0.9999999950896553, 0.9999999976781248, 0.9999999988851166, 0.9999999994599935, 0.9999999997491692]"
sampleJointGoalAndSignal_fromStart,session_17_player2,17.0,10,2,equal_to_both,11,"[0.5, 0.9883644188101147, 0.989261721185122, 0.9998832121737998, 0.9999979705384591, 0.9999999450325594, 0.999999962490349, 0.999999972605128, 0.9999999993640372, 0.9999999996920107, 0.9999999998569419]"
sampleJointGoalAndSignal_fromStart,session_18_player1,18.0,0,1,closer_to_player2,9,"[0.5, 0.504092967828089, 0.5018438198894073, 0.5089891538245446, 0.5285075073538528, 0.5368778058343429, 0.5424523289181962, 0.5459934598446948, 0.5481265720494355]"
sampleJointGoalAndSignal_fromStart,session_18_player2,18.0,0,2,closer_to_player2,10,"[0.5, 0.6326395479419318, 0.462700977837102, 0.9993905135564694, 0.9991691021038066, 0.9999998490486949, 0.9999998864716372, 0.999999999979371, 0.9999999999896886, 0.9999999999948829]"
sampleJointGoalAndSignal_fromStart,session_18_player1,18.0,1,1,closer_to_player1,6,"[0.5, 0.5047328209581698, 0.5072372980587554, 0.5131573615204078, 0.5863013760133322, 0.5865175647227756]"
sampleJointGoalAndSignal_fromStart,session_18_player2,18.0,1,2,closer_to_player1,9,"[0.5, 0.5044483642994605, 0.5113487243719352, 0.5133773151466187, 0.5091119634326867, 0.5380707111485346, 0.5395842176695875, 0.540210163977009, 0.5404314327585295]"
sampleJointGoalAndSignal_fromStart,session_18_player1,18.0,2,1,closer_to_player1,9,"[0.5, 0.4953745913681261, 0.49701927288276526, 0.5770647065255212, 0.9999730111806628, 0.9999658017855523, 0.9999999994656503, 0.9999999999999714, 0.9999999999999858]"
sampleJointGoalAndSignal_fromStart,session_18_player2,18.0,2,2,closer_to_player1,9,"[0.5, 0.50450628794847, 0.5021916221711278, 0.509342853369632, 0.5288666374587493, 0.5372371596236085, 0.5428110533893773, 0.546351729761309, 0.5484845506810179]"
sampleJointGoalAndSignal_fromStart,session_18_player1,18.0,3,1,closer_to_player1,6,"[0.5, 0.5016195744922924, 0.5087679328687554, 0.5672943240769915, 0.5708036947434767, 0.5729115046053758]"
sampleJointGoalAndSignal_fromStart,session_18_player2,18.0,3,2,closer_to_player1,9,"[0.5, 0.5045062884870275, 0.5021916247777639, 0.49825897169603617, 0.4931206101128733, 0.48730817867870335, 0.4936651585174357, 0.5770900434420735, 0.5791896573944447]"
sampleJointGoalAndSignal_fromStart,session_18_player1,18.0,7,1,closer_to_player2,10,"[0.5, 0.9828673600604239, 0.9995206501076318, 0.9999617497767294, 0.9999820409135685, 0.9999820409135685, 0.9999913662360447, 0.9999958783128452, 0.9999980874566377, 0.9999994476645955]"
sampleJointGoalAndSignal_fromStart,session_18_player2,18.0,7,2,closer_to_player2,11,"[0.5, 0.4974951374584209, 0.9991931933241319, 0.99999862190519, 0.9999986228948247, 0.9999985919257466, 0.9999999991794101, 0.9999999999989343, 0.999999999999997, 1.0, 1.0]"
sampleJointGoalAndSignal_fromStart,session_18_player1,18.0,8,1,equal_to_both,10,"[0.5, 0.9938486648523519, 0.9999345463921231, 0.9999356105941061, 0.9999362704624147, 0.9999996069979491, 0.9999996149344524, 0.9999999975340728, 0.999999999967713, 0.9999999999850029]"
sampleJointGoalAndSignal_fromStart,session_18_player2,18.0,8,2,equal_to_both,12,"[0.5, 0.00623245842014184, 0.6466102460801545, 0.6465769503752296, 0.9981590568448689, 0.9999886164488933, 0.9999998796301974, 0.9999999979172962, 0.9999999999186363, 0.9999999999610341, 0.9999999999811292, 0.9999999999912347]"
sampleJointGoalAndSignal_fromStart,session_18_player1,18.0,9,1,closer_to_player2,9,"[0.5, 0.5035278621739877, 0.5057097432739877, 0.5071718599724442, 0.5083533768205218, 0.5152329827139744, 0.5734546708792789, 0.5769429964689479, 0.5790428079923934]"
sampleJointGoalAndSignal_fromStart,session_18_player2,18.0,9,2,closer_to_player2,9,"[0.5, 0.6226115921120726, 0.45199567038102806, 0.9998139730198627, 0.9999999662247677, 0.9999999745980765, 0.9999999999953844, 0.9999999999976928, 0.999999999998855]"
sampleJointGoalAndSignal_fromStart,session_18_player1,18.0,11,1,equal_to_both,11,"[0.5, 0.9886510412837684, 0.9997940527263807, 0.9998204143193021, 0.9999968791465936, 0.9999999171087071, 0.9999999967497849, 0.9999999997061633, 0.9999999998728775, 0.9999999999428415, 0.9999999999749649]"
sampleJointGoalAndSignal_fromStart,session_18_player2,18.0,11,2,equal_to_both,11,"[0.5, 0.9894609058699039, 0.9895748655233835, 0.9896501722880896, 0.9999354909655095, 0.9999993178540765, 0.9999999883531835, 0.9999999996929292, 0.9999999999820347, 0.999999999991901, 0.9999999999964517]"
sampleJointGoalAndSignal_fromStart,session_19_player1,19.0,1,1,equal_to_both,10,"[0.5, 0.9938429682397641, 0.9999344017120637, 0.9999988797558842, 0.9999989333305936, 0.999999981580706, 0.9999999992803521, 0.999999999654485, 0.9999999998326468, 0.9999999999222652]"
sampleJointGoalAndSignal_fromStart,session_19_player2,19.0,1,2,equal_to_both,12,"[0.5, 0.006151631638861746, 0.006104642682444825, 0.7818040150799719, 0.9990602157517284, 0.999994203189517, 0.9999942628440508, 0.9999943099692308, 0.9999999803531077, 0.9999999998741829, 0.9999999999983527, 0.9999999999992348]"
sampleJointGoalAndSignal_fromStart,session_19_player1,19.0,2,1,closer_to_player1,7,"[0.5, 0.4152161424723076, 0.999983647405904, 0.9999904842791284, 0.9999952412206718, 1.0, 1.0]"
sampleJointGoalAndSignal_fromStart,session_19_player2,19.0,2,2,closer_to_player1,7,"[0.5, 0.6315610273740194, 0.7355084959533346, 0.8187580698397658, 0.8811739161173392, 0.9255706793034045, 0.9558145285474386]"
sampleJointGoalAndSignal_fromStart,session_19_player1,19.0,3,1,closer_to_player2,10,"[0.5, 0.5045062884878141, 0.5021916247786731, 0.5093428536885886, 0.503056441660057, 0.4880927946120006, 0.5467061722336345, 0.5502416775049748, 0.5502416775049748, 0.5523711938245632]"
sampleJointGoalAndSignal_fromStart,session_19_player2,19.0,3,2,closer_to_player2,6,"[0.5, 0.5000737090079739, 0.5024958468777737, 0.49666501065844326, 0.5384129822115215, 0.6444132135418191]"
sampleJointGoalAndSignal_fromStart,session_19_player1,19.0,4,1,closer_to_player2,8,"[0.5, 0.9832060914804537, 0.9995401191744153, 0.9999642738719204, 0.9999829553014405, 0.9999918372754173, 0.999996113168793, 0.9999981990740161]"
sampleJointGoalAndSignal_fromStart,session_19_player2,19.0,4,2,closer_to_player2,13,"[0.5, 0.9982680409610841, 0.9999941071161411, 0.999999963492098, 0.999999999613405, 0.9999999999933967, 0.9999999999998221, 0.9999999999999862, 0.9999999999999933, 0.9999999999999934, 0.9999999999999969, 0.9999999999999986, 0.9999999999999993]"
sampleJointGoalAndSignal_fromStart,session_19_player1,19.0,5,1,closer_to_player1,8,"[0.5, 0.5235125664470172, 0.5436693061400972, 0.5357590906535484, 0.5422407045208757, 0.5175920426180718, 0.590601425933821, 0.5908169354577598]"
sampleJointGoalAndSignal_fromStart,session_19_player2,19.0,5,2,closer_to_player1,9,"[0.5, 0.5028816712174506, 0.5045821078997763, 0.5054591341516275, 0.5066069058505625, 0.5013546293009528, 0.4959474164962489, 0.4468713526621619, 0.6193195998737729]"
sampleJointGoalAndSignal_fromStart,session_19_player1,19.0,7,1,equal_to_both,12,"[0.5, 0.9827983842544424, 0.9995348145322303, 0.9999820749880586, 0.9999990426405208, 0.9999999296048533, 0.9999999570443457, 0.9999999940914561, 0.999999997375305, 0.9999999988212709, 0.9999999994686158, 0.9999999997671948]"
sampleJointGoalAndSignal_fromStart,session_19_player2,19.0,7,2,equal_to_both,14,"[0.5, 0.017199807147374166, 0.6154415282297502, 0.9891816358807606, 0.989448231469579, 0.9895692209311221, 0.9998885273961334, 0.9999981004333447, 0.9999981498273175, 0.9999981882027077, 0.9999982861985064, 0.9999999884803421, 0.9999999998550403, 0.9999999999963686]"
sampleJointGoalAndSignal_fromStart,session_19_player1,19.0,10,1,closer_to_player1,12,"[0.5, 0.49471829601225137, 0.0033032341438401264, 0.9829642340705971, 0.9999977163568624, 0.9999977109491262, 0.9999999997059996, 0.9999999999999005, 0.9999999999999021, 1.0, 1.0, 1.0]"
sampleJointGoalAndSignal_fromStart,session_19_player2,19.0,10,2,closer_to_player1,6,"[0.5, 0.5052156339918215, 0.9966931794981677, 0.9974010175794941, 0.9978459279471484, 0.9999949005902747]"
sampleJointGoalAndSignal_fromStart,session_20_player1,20.0,0,1,equal_to_both,11,"[0.5, 0.9894597787898323, 0.9998177361017739, 0.9999952387284856, 0.9999998137697694, 0.999999983050306, 0.9999999921085361, 0.9999999962611965, 0.9999999982114196, 0.9999999991800737, 0.999999999760941]"
sampleJointGoalAndSignal_fromStart,session_20_player2,20.0,0,2,equal_to_both,11,"[0.5, 0.48672712307286137, 0.9934593102553887, 0.999929508280148, 0.9999987803708915, 0.9999988359331506, 0.9999988572142892, 0.999998864857215, 0.9999985125546321, 0.9999999965124909, 0.9999999999850453]"
sampleJointGoalAndSignal_fromStart,session_20_player1,20.0,2,1,closer_to_player1,7,"[0.5, 0.665755430728261, 0.9999825772994424, 0.9999999982765267, 0.9999999999997922, 1.0, 1.0]"
sampleJointGoalAndSignal_fromStart,session_20_player2,20.0,2,2,closer_to_player1,9,"[0.5, 0.9741274224400677, 0.9991886228437618, 0.9994419236679531, 0.9999602685061869, 0.9999780937780423, 0.9999876356315557, 0.9999928824205847, 0.9999958442482867]"
sampleJointGoalAndSignal_fromStart,session_20_player1,20.0,3,1,closer_to_player2,10,"[0.5, 0.5035101254771449, 0.5051564962730712, 0.5070214941328445, 0.5140757999600217, 0.5509019247942795, 0.5564471172461699, 0.5564471172461699, 0.5599677980299601, 0.5620879131283558]"
sampleJointGoalAndSignal_fromStart,session_20_player2,20.0,3,2,closer_to_player2,7,"[0.5, 0.5058321858820503, 0.5539543998042025, 0.38131315107439123, 1.0, 1.0, 1.0]"
sampleJointGoalAndSignal_fromStart,session_20_player1,20.0,5,1,equal_to_both,12,"[0.5, 0.49950455244258546, 0.49945078208861865, 0.9938295857589098, 0.9999342589817671, 0.9999353824492949, 0.999999317976451, 0.9999999882227982, 0.9999999995398596, 0.9999999997790789, 0.999999999892995, 0.9999999999502966]"
sampleJointGoalAndSignal_fromStart,session_20_player2,20.0,5,2,equal_to_both,12,"[0.5, 0.4995048483807359, 0.9893103915196614, 0.9998124055772282, 0.9999950280596064, 0.9999998033864937, 0.9999999826897014, 0.9999999922178066, 0.9999999963286578, 0.999999998237328, 0.9999999991462348, 0.9999999996034298]"
sampleJointGoalAndSignal_fromStart,session_20_player1,20.0,7,1,closer_to_player1,6,"[0.5, 0.5000664271116183, 0.5024902305089168, 0.5088570104820255, 0.5918563356729003, 0.5939342553959327]"
sampleJointGoalAndSignal_fromStart,session_20_player2,20.0,7,2,closer_to_player1,10,"[0.5, 0.5034052050305252, 0.5055965909546706, 0.5070579006809705, 0.5073924098475594, 0.5097979705997688, 0.5161529685167754, 0.4699971833901977, 0.5794362946540224, 0.5794362946540224]"
sampleJointGoalAndSignal_fromStart,session_20_player1,20.0,8,1,closer_to_player1,6,"[0.5, 0.5046667614538028, 0.5071404631301845, 0.5130540375286584, 0.4703741112250975, 0.571550355174903]"
sampleJointGoalAndSignal_fromStart,session_20_player2,20.0,8,2,closer_to_player1,9,"[0.5, 0.5033991647608922, 0.5058729101449262, 0.5073396519166491, 0.508487640960333, 0.5147577489483266, 0.5638536797809912, 0.5644732704130871, 0.5646922718534444]"
sampleJointGoalAndSignal_fromStart,session_20_player1,20.0,9,1,closer_to_player2,12,"[0.5, 0.4965969046860799, 0.49461872872631, 0.48739949174376257, 0.4905167945239824, 0.4159470033876247, 0.49580456714221294, 0.3295479192754123, 0.9999858337100774, 0.9999999997786551, 0.9999999998097105, 0.9999999999999971]"
sampleJointGoalAndSignal_fromStart,session_20_player2,20.0,9,2,closer_to_player2,6,"[0.5, 0.5832697833302684, 0.6542350593178142, 0.7073614911910596, 0.6658056030793207, 0.800578538172022]"
sampleJointGoalAndSignal_fromStart,session_20_player1,20.0,11,1,closer_to_player2,9,"[0.5, 0.50520760468903, 0.5086849075372201, 0.5093200097785162, 0.5105155863446372, 0.5174003391886021, 0.4900556513482167, 0.5735616544809715, 0.5756659074817219]"
sampleJointGoalAndSignal_fromStart,session_20_player2,20.0,11,2,closer_to_player2,9,"[0.5, 0.6226112895361919, 0.45199534696046695, 0.9998139727687176, 0.9997526672407391, 0.9999999857402813, 0.999999999997409, 0.9999999999987048, 0.9999999999993573]"
sampleJointGoalAndSignal_fromStart,session_21_player1,21.0,0,1,closer_to_player1,9,"[0.5, 0.9996595094760972, 0.9999997279495337, 0.9999999995207333, 0.9999999999965984, 0.9999999999982282, 0.999999999999113, 0.9999999999997337, 0.9999999999999994]"
sampleJointGoalAndSignal_fromStart,session_21_player2,21.0,0,2,closer_to_player1,9,"[0.5, 0.9816502042451478, 0.9994526578654546, 0.9999567492182615, 0.9999809902974145, 0.999990151178285, 0.9999948185850984, 0.9999972616009188, 0.9999985604446572]"
sampleJointGoalAndSignal_fromStart,session_21_player1,21.0,3,1,closer_to_player2,12,"[0.5, 0.9965873196424502, 0.9965384200598512, 0.9999882567751254, 0.9999999274615679, 0.9999999992331923, 0.9999999999869246, 0.9999999999874699, 0.9999999999877712, 0.9999999999879391, 0.9999999999999336, 0.9999999999999992]"
sampleJointGoalAndSignal_fromStart,session_21_player2,21.0,3,2,closer_to_player2,8,"[0.5, 0.5025037693994666, 0.5045568833129622, 0.9965951777514386, 0.9999779582942874, 0.999999664304701, 0.9999998441166555, 0.9999999553049406]"
sampleJointGoalAndSignal_fromStart,session_21_player1,21.0,4,1,equal_to_both,12,"[0.5, 0.9828662095789774, 0.9995382202496971, 0.9995585852670836, 0.9995689433383039, 0.9999926535801832, 0.9999998088054765, 0.9999998188738306, 0.9999999952283121, 0.999999999707154, 0.9999999998644609, 0.9999999999372353]"
sampleJointGoalAndSignal_fromStart,session_21_player2,21.0,4,2,equal_to_both,12,"[0.5, 0.5120843531047984, 0.9897771539889424, 0.9998198780315458, 0.9999952080522794, 0.9999998087880645, 0.999999979418741, 0.9999999907106254, 0.9999999956750317, 0.9999999979892019, 0.9999999990920937, 0.9999999997381674]"
sampleJointGoalAndSignal_fromStart,session_21_player1,21.0,5,1,closer_to_player1,6,"[0.5, 0.5015800643257172, 0.5081007440067562, 0.557500537593456, 0.5581331356310557, 0.5583529557612436]"
sampleJointGoalAndSignal_fromStart,session_21_player2,21.0,5,2,closer_to_player1,11,"[0.5, 0.5019100436266206, 0.5088113325400575, 0.5107936687715923, 0.5168831936103192, 0.520091689341921, 0.5216117298553533, 0.522240475758987, 0.5224627478081131, 6.42700029101329e-30, 9.6535894554165e-30]"
sampleJointGoalAndSignal_fromStart,session_21_player1,21.0,6,1,equal_to_both,10,"[0.5, 0.49998394665749835, 0.49997107580259714, 0.9982977291489421, 0.9983014028960066, 0.999997142623418, 0.9999999904578722, 0.9999999999411875, 0.9999999999992609, 0.9999999999996382]"
sampleJointGoalAndSignal_fromStart,session_21_player2,21.0,6,2,equal_to_both,10,"[0.5, 0.9928571067820182, 0.9938491063621003, 0.9939585476721853, 0.9999794866610413, 0.999979969006326, 0.9999999298325499, 0.9999999993888764, 0.9999999997128801, 0.9999999999186783]"
sampleJointGoalAndSignal_fromStart,session_21_player1,21.0,7,1,closer_to_player2,9,"[0.5, 0.5185036283260329, 0.5288254559367973, 0.5548073411883696, 0.5667451834007663, 0.574983557204789, 0.5804578492672318, 0.5839304505754936, 0.5860204658403445]"
sampleJointGoalAndSignal_fromStart,session_21_player2,21.0,7,2,closer_to_player2,6,"[0.5, 0.5016195744922924, 0.5087679328687554, 0.5672943240769915, 0.5708036947434767, 0.5729115046053758]"
sampleJointGoalAndSignal_fromStart,session_21_player1,21.0,8,1,equal_to_both,7,"[0.5, 0.9992062473677207, 0.9992203312292797, 0.9993042548907175, 0.9999997919721361, 0.9999999998455138, 0.9999999999997439]"
sampleJointGoalAndSignal_fromStart,session_21_player2,21.0,8,2,equal_to_both,7,"[0.5, 0.9992062440256426, 0.9999986288458581, 0.9999999952655696, 0.9999999955074276, 0.9999999999819521, 0.9999999999998458]"
sampleJointGoalAndSignal_fromStart,session_21_player1,21.0,11,1,closer_to_player2,9,"[0.5, 0.49207219264476854, 0.9891547339873751, 0.9998114101042926, 0.9999949338070476, 0.9999996042756044, 0.9999998045483266, 0.9999999015101901, 0.9999999499324895]"
sampleJointGoalAndSignal_fromStart,session_21_player2,21.0,11,2,closer_to_player2,9,"[0.5, 0.999654961480975, 0.9996632112359534, 0.9999998456941153, 0.9999999998278247, 0.9999999999992902, 0.9999999999997908, 0.999999999999999, 1.0]"
sampleJointGoalAndSignal_fromStart,session_22_player1,22.0,0,1,closer_to_player1,9,"[0.5, 0.5031206082373991, 0.608603630901354, 0.9999013160737061, 0.9999999820844184, 0.9999999865259186, 0.9999999999975517, 0.9999999999987761, 0.9999999999993927]"
sampleJointGoalAndSignal_fromStart,session_22_player2,22.0,0,2,closer_to_player1,9,"[0.5, 0.5045056491100135, 0.5060243647921909, 0.5079017477926893, 0.5027590136583674, 0.49694417793009676, 0.5033034621139144, 0.45721093334727464, 0.5668570534680318]"
sampleJointGoalAndSignal_fromStart,session_22_player1,22.0,2,1,equal_to_both,10,"[0.5, 0.49996134475040344, 0.9966459124135955, 0.9999792842258455, 0.9999997815753834, 0.9999999962827225, 0.9999999964054972, 0.9999999999384199, 0.9999999999977112, 0.9999999999989083]"
sampleJointGoalAndSignal_fromStart,session_22_player2,22.0,2,2,equal_to_both,10,"[0.5, 0.9936997396436426, 0.9999311546496674, 0.9999358976648696, 0.9999993007635543, 0.9999999771262414, 0.9999999890515113, 0.9999999949069632, 0.9999999985270104, 0.9999999999773048]"
sampleJointGoalAndSignal_fromStart,session_22_player1,22.0,3,1,equal_to_both,12,"[0.5, 0.5012688473823932, 0.9894992235622707, 0.9896220099207976, 0.9998890865430681, 0.9999981080700999, 0.9999999495789454, 0.9999999968439429, 0.9999999985050932, 0.9999999992848732, 0.9999999996721697, 0.9999999999044172]"
sampleJointGoalAndSignal_fromStart,session_22_player2,22.0,3,2,equal_to_both,12,"[0.5, 0.9819310967590626, 0.9994982001710893, 0.9995498697287338, 0.999988113131166, 0.9999995439121863, 0.999999975161611, 0.9999999970924512, 0.9999999987261363, 0.9999999994097638, 0.9999999997205886, 0.9999999998663599]"
sampleJointGoalAndSignal_fromStart,session_22_player1,22.0,5,1,equal_to_both,12,"[0.5, 0.9813695463270429, 0.9828279621217301, 0.9831501268661721, 0.9832772971654301, 0.9833519982255033, 0.9834140156326783, 0.9999708898570846, 0.9999719121664922, 0.9999999479976451, 0.9999999997910931, 0.999999999881187]"
sampleJointGoalAndSignal_fromStart,session_22_player2,22.0,5,2,equal_to_both,12,"[0.5, 0.981369969943322, 0.9994619985188621, 0.9999779928623539, 0.9999831304984496, 0.9999993328943066, 0.999999558151055, 0.9999999731767054, 0.9999999873457918, 0.999999993924506, 0.9999999970572826, 0.9999999986331207]"
sampleJointGoalAndSignal_fromStart,session_22_player1,22.0,6,1,closer_to_player2,9,"[0.5, 0.9832232087748202, 0.9995556410586807, 0.9995814437405862, 0.9995979877270054, 0.9996073968416618, 0.9999958604434352, 0.9999999159931562, 0.9999999591368872]"
sampleJointGoalAndSignal_fromStart,session_22_player2,22.0,6,2,closer_to_player2,9,"[0.5, 0.5031054732972722, 0.9998316327680601, 0.9999999229360305, 0.9999999999156108, 0.9999999999997987, 0.9999999999999987, 0.9999999999999997, 1.0]"
sampleJointGoalAndSignal_fromStart,session_22_player1,22.0,7,1,closer_to_player1,9,"[0.5, 0.9996520663088584, 0.9999997043010271, 0.9999999988342564, 0.9999999993796749, 0.9999999996811872, 0.9999999999004752, 0.9999999999999097, 0.9999999999999999]"
sampleJointGoalAndSignal_fromStart,session_22_player2,22.0,7,2,closer_to_player1,9,"[0.5, 0.5028451018123337, 0.9895919159335769, 0.9998088358487701, 0.9999876142536895, 0.9999934152740817, 0.999996442575056, 0.9999980579216861, 0.9999989371943123]"
sampleJointGoalAndSignal_fromStart,session_22_player1,22.0,8,1,closer_to_player2,9,"[0.5, 0.5034526370703698, 0.5057020701975299, 0.5075168968536521, 0.5029743931907165, 0.49772179087703844, 0.5036375516494425, 0.5770292028114721, 0.5772466192632854]"
sampleJointGoalAndSignal_fromStart,session_22_player2,22.0,8,2,closer_to_player2,7,"[0.5, 0.5811732570329637, 0.40954979086700116, 0.9999898754167905, 0.999999999841417, 0.9999999998641075, 0.9999999998858861]"
sampleJointGoalAndSignal_fromStart,session_22_player1,22.0,9,1,closer_to_player2,9,"[0.5, 0.48951493615139263, 0.9885021280254763, 0.9998003822788211, 0.9998083174374429, 0.9998127417545842, 0.9999979526338698, 0.9999999378630575, 0.9999999665685793]"
sampleJointGoalAndSignal_fromStart,session_22_player2,22.0,9,2,closer_to_player2,7,"[0.5, 0.9999440635080511, 0.9999999925301457, 0.9999999999980923, 0.9999999999999988, 1.0, 1.0]"
sampleJointGoalAndSignal_fromStart,session_22_player1,22.0,11,1,closer_to_player1,9,"[0.5, 0.4162840980728895, 0.5256052885021915, 0.3564972941268199, 0.2168791179115311, 0.12083827133229659, 1.0, 1.0, 1.0]"
sampleJointGoalAndSignal_fromStart,session_22_player2,22.0,11,2,closer_to_player1,9,"[0.5, 0.5034386489902214, 0.5054186508369988, 0.5126377013199866, 0.5172036782950369, 0.519606975910264, 0.5259562676800437, 0.6083070267425417, 0.6103562992861324]"
sampleJointGoalAndSignal_fromStart,session_23_player1,23.0,0,1,equal_to_both,12,"[0.5, 0.5000002973652893, 0.9894603264425085, 0.9998177649350319, 0.9998219194522446, 0.9999969655994833, 0.9999999210282983, 0.9999999969499664, 0.9999999997146204, 0.9999999998718322, 0.9999999999422201, 0.999999999974686]"
sampleJointGoalAndSignal_fromStart,session_23_player2,23.0,0,2,equal_to_both,13,"[0.5, 0.5001368753073085, 0.5001549094894345, 0.9938448120322725, 0.9999343900326315, 0.9999988797847817, 0.999998911026483, 0.9999999814034541, 0.9999999995096226, 0.9999999999713148, 0.9999999999870705, 0.9999999999870706, 0.9999999999943355]"
sampleJointGoalAndSignal_fromStart,session_23_player1,23.0,1,1,closer_to_player1,8,"[0.5, 0.5042592742544021, 0.5069973515235382, 0.5071089600229475, 0.5096147292672498, 0.5155349086587857, 0.5886098329862095, 0.5888256557038937]"
sampleJointGoalAndSignal_fromStart,session_23_player2,23.0,1,2,closer_to_player1,9,"[0.5, 0.503405636156003, 0.5056557066216236, 0.5074708142542065, 0.5029281810383269, 0.5092005698641789, 0.5583762330920111, 0.5589975117497107, 0.5592171164678518]"
sampleJointGoalAndSignal_fromStart,session_23_player1,23.0,2,1,closer_to_player1,8,"[0.5, 0.5000737090079626, 0.5024958468777542, 0.5088610007842262, 0.5918568019472853, 0.5939347717347114, 1.3850075149154028e-29, 2.1518352380700753e-29]"
sampleJointGoalAndSignal_fromStart,session_23_player2,23.0,2,2,closer_to_player1,10,"[0.5, 0.5014646728992698, 0.509052635009358, 0.5156984297710174, 0.5277924033182816, 0.5361652727661689, 0.5417410647300358, 0.5452830860374467, 0.5474167692891307, 0.5474167692891307]"
sampleJointGoalAndSignal_fromStart,session_23_player1,23.0,4,1,closer_to_player2,9,"[0.5, 0.5028347455539365, 0.5044811516102752, 0.5063462077922802, 0.5134009038226093, 0.5502334227585775, 0.5557802137858077, 0.5593019957810982, 0.5614228063385174]"
sampleJointGoalAndSignal_fromStart,session_23_player2,23.0,4,2,closer_to_player2,6,"[0.5, 0.5046253202432532, 0.5070471440939759, 0.5134104547509158, 0.5962474562903042, 0.5983182432938522]"
sampleJointGoalAndSignal_fromStart,session_23_player1,23.0,6,1,closer_to_player1,11,"[0.5, 0.4977584994906451, 0.9991921128099975, 0.999191587485457, 0.9999993411457101, 0.9999999988439187, 0.9999999999959184, 0.9999999999999608, 0.9999999999999816, 0.9999999999999948, 1.0]"
sampleJointGoalAndSignal_fromStart,session_23_player2,23.0,6,2,closer_to_player1,9,"[0.5, 0.5039491608389177, 0.9897074114211094, 0.9998227992731545, 0.999995318945574, 0.9999997318024623, 0.9999998732866668, 0.9999999391082366, 0.9999999703807314]"
sampleJointGoalAndSignal_fromStart,session_23_player1,23.0,7,1,equal_to_both,12,"[0.5, 0.9811855633287875, 0.9833855458592647, 0.9997053924239641, 0.9997186347737552, 0.999995189363634, 0.9999954334246608, 0.9999999205254831, 0.9999999963753076, 0.999999998314779, 0.9999999992390968, 0.999999999780562]"
sampleJointGoalAndSignal_fromStart,session_23_player2,23.0,7,2,equal_to_both,14,"[0.5, 0.9828669630019589, 0.9995382617208854, 0.9995586035310492, 0.9995689558748189, 0.9957097799439656, 0.9998875441951255, 0.9999957315606129, 0.999999767010556, 0.9999998465354174, 0.9999999850014586, 0.9999999931198214, 0.9999999968156194, 0.9999999985253961]"
sampleJointGoalAndSignal_fromStart,session_23_player1,23.0,9,1,closer_to_player2,10,"[0.5, 0.5030302977427964, 0.5053091504573176, 0.5071866045196433, 0.5142473339606762, 0.5510786498656239, 0.5566239312270098, 0.5601443238749734, 0.5622642534232363, 0.5622642534232364]"
sampleJointGoalAndSignal_fromStart,session_23_player2,23.0,9,2,closer_to_player2,11,"[0.5, 0.4090066938213179, 0.32632888297550205, 0.2571094037600634, 0.20382717245578932, 0.16694432990778252, 0.14495447542907036, 0.1867670543904255, 1.0, 1.0, 1.0]"
sampleJointGoalAndSignal_fromStart,session_23_player1,23.0,11,1,closer_to_player2,9,"[0.5, 0.5167249669834872, 0.9900684956056, 0.9998260471659112, 0.9998367119689087, 0.9999971835083988, 0.9999998787328097, 0.9999999421164317, 0.9999999724808115]"
sampleJointGoalAndSignal_fromStart,session_23_player2,23.0,11,2,closer_to_player2,12,"[0.5, 0.9982810397683287, 0.9999941801978793, 0.999994197055799, 0.9999999804462187, 0.9999999806064821, 0.9999999999325193, 0.9999999999995633, 0.9999999999999928, 0.9999999999999928, 0.9999999999999967, 0.999999999999999]"
sampleJointGoalAndSignal_fromStart,session_24_player1,24.0,0,1,closer_to_player2,9,"[0.5, 0.5034544985065978, 0.5057081971371656, 0.5065387618226223, 0.5068732734688163, 0.5092789277839784, 0.5156343658351898, 0.5983850461264942, 0.600452134304308]"
sampleJointGoalAndSignal_fromStart,session_24_player2,24.0,0,2,closer_to_player2,6,"[0.5, 0.5062099431207638, 0.5096400693666477, 0.5162498252400369, 0.5990882353592571, 0.6011570592262585]"
sampleJointGoalAndSignal_fromStart,session_24_player1,24.0,3,1,closer_to_player2,11,"[0.5, 0.9831482121616506, 0.0927572334018114, 0.856421254771449, 0.9956360443744983, 0.9958956330179498, 0.9960606506125439, 0.9999301628263636, 0.9999964348875839, 0.9999981581931119, 0.9999990348596722]"
sampleJointGoalAndSignal_fromStart,session_24_player2,24.0,3,2,closer_to_player2,11,"[0.5, 0.0033027315578629873, 0.9607280172626703, 0.9615826566934186, 0.9999931616441371, 0.9999959692351875, 0.9999999991239212, 0.9999999999990902, 0.999999999999998, 1.0, 1.0]"
sampleJointGoalAndSignal_fromStart,session_24_player1,24.0,4,1,closer_to_player1,10,"[0.5, 0.9991563624121916, 0.9999984610250258, 0.999999994243364, 0.9999999962940095, 0.9999999999676594, 0.999999999990572, 0.9999999999999158, 0.9999999999999996, 1.0]"
sampleJointGoalAndSignal_fromStart,session_24_player2,24.0,4,2,closer_to_player1,9,"[0.5, 0.9832211983096085, 0.9836225327910206, 0.9997168137491641, 0.9997240784817065, 0.9997268010102757, 0.9999977415343155, 0.9999999665460236, 0.9999999989041476]"
sampleJointGoalAndSignal_fromStart,session_24_player1,24.0,6,1,closer_to_player1,8,"[0.5, 0.9998293221099257, 0.9999999186174793, 0.9999999999345526, 0.9999999999998891, 0.9999999999999996, 1.0, 1.0]"
sampleJointGoalAndSignal_fromStart,session_24_player2,24.0,6,2,closer_to_player1,9,"[0.5, 0.9822149288800461, 0.9825577308163577, 0.9996968060353957, 0.9999921134763522, 0.9999924608514058, 0.9999998037384823, 0.9999998366027634, 0.9999999956677982]"
sampleJointGoalAndSignal_fromStart,session_24_player1,24.0,7,1,closer_to_player1,10,"[0.5, 0.49832375764783937, 0.999656938357917, 0.9996571767628607, 0.9999998818659425, 0.9999999999019323, 0.9999999999996877, 0.9999999999998437, 0.9999999999999531, 0.9999999999999999]"
sampleJointGoalAndSignal_fromStart,session_24_player2,24.0,7,2,closer_to_player1,9,"[0.5, 0.5041362073957536, 0.9896902254823071, 0.999812726670649, 0.9999884660731738, 0.9999939996873501, 0.9999968427377537, 0.9999983313686197, 0.9999991228136662]"
sampleJointGoalAndSignal_fromStart,session_24_player1,24.0,9,1,closer_to_player2,9,"[0.5, 0.983220440303627, 0.9836233664522062, 0.9997168277622065, 0.9999926276435955, 0.9999997131691862, 0.9999997880345661, 0.9999999876766655, 0.9999999940421987]"
sampleJointGoalAndSignal_fromStart,session_24_player2,24.0,9,2,closer_to_player2,9,"[0.5, 0.6226440233629463, 0.9996820831689235, 0.9999998544760592, 0.9999999998277102, 0.9999999999996944, 0.9999999999999991, 1.0, 1.0]"
sampleJointGoalAndSignal_fromStart,session_24_player1,24.0,10,1,equal_to_both,10,"[0.5, 0.9938418946929255, 0.9999342879371456, 0.9999988442026799, 0.9999999498599947, 0.9999999758850089, 0.9999999882602625, 0.9999999942519234, 0.9999999972990049, 0.9999999992349806]"
sampleJointGoalAndSignal_fromStart,session_24_player2,24.0,10,2,equal_to_both,10,"[0.5, 0.9937986547148673, 0.9999331911485537, 0.9999349148078648, 0.9999993122740122, 0.9999999881089637, 0.9999999995334771, 0.999999999776144, 0.9999999998911131, 0.9999999999466996]"
sampleJointGoalAndSignal_fromStart,session_24_player1,24.0,11,1,equal_to_both,11,"[0.5, 0.988651041283758, 0.9997940527263803, 0.999994458600632, 0.9999997836743768, 0.9999998407877738, 0.9999999937571968, 0.9999999994356176, 0.9999999997558311, 0.9999999998902136, 0.9999999999519142]"
sampleJointGoalAndSignal_fromStart,session_24_player2,24.0,11,2,equal_to_both,13,"[0.5, 0.9894609154160721, 0.999817790093705, 0.9998219327402192, 0.9999969658433453, 0.9999970443809153, 0.9999999495362681, 0.9999999986695128, 0.9999999990082549, 0.999999999965263, 0.9999999999652629, 0.9999999999652629, 0.9999999999847813]"
sampleJointGoalAndSignal_fromStart,session_25_player1,25.0,0,1,closer_to_player1,6,"[0.5, 0.49687939176260093, 0.5717547667396133, 0.630394688786046, 0.5843317819176056, 0.7390854975721668]"
sampleJointGoalAndSignal_fromStart,session_25_player2,25.0,0,2,closer_to_player1,9,"[0.5, 0.5214879320426735, 0.5390874104665014, 0.5574443130494539, 0.5772105373727641, 0.5854318441338479, 0.5908678226211557, 0.5943144859899759, 0.5963883937438763]"
sampleJointGoalAndSignal_fromStart,session_25_player1,25.0,1,1,closer_to_player1,9,"[0.5, 0.9999413113307802, 0.9999999871745608, 0.9999999935853988, 0.9999999968152269, 0.9999999988471585, 0.9996739450321797, 0.9999999980387595, 0.999999999999969]"
sampleJointGoalAndSignal_fromStart,session_25_player2,25.0,1,2,closer_to_player1,7,"[0.5, 0.4954817021676215, 0.4851046873647732, 0.9956594428185616, 0.9976989176035551, 0.9987914318692955, 0.9993722630555619]"
sampleJointGoalAndSignal_fromStart,session_25_player1,25.0,5,1,closer_to_player2,11,"[0.5, 0.5177348577233508, 0.5302529824448879, 0.5322283365328669, 0.53829222157307, 0.5414846618053787, 0.5429964830473668, 0.543621713994663, 0.013445087769401504, 0.024145292631159443, 0.024166292441144037]"
sampleJointGoalAndSignal_fromStart,session_25_player2,25.0,5,2,closer_to_player2,6,"[0.5, 0.5015793832253759, 0.49612786560724287, 0.4907150802487424, 0.5330628112636373, 0.6316417845773808]"
sampleJointGoalAndSignal_fromStart,session_25_player1,25.0,6,1,closer_to_player1,6,"[0.5, 0.5836348871288317, 0.47618842068408535, 0.6452000011224944, 0.7843884175212066, 0.8798919027861536]"
sampleJointGoalAndSignal_fromStart,session_25_player2,25.0,6,2,closer_to_player1,9,"[0.5, 0.5045359656323897, 0.5077370828545674, 0.5144363295517936, 0.5278747694426353, 0.5311210991274457, 0.532638241220567, 0.5332654698660285, 0.5334871946513972]"
sampleJointGoalAndSignal_fromStart,session_25_player1,25.0,9,1,closer_to_player2,12,"[0.5, 0.9830742498038991, 0.9995466738774171, 0.9771532388870915, 0.9986830095548939, 0.9998269611626993, 0.9998269611626994, 0.9999320210132546, 0.9999678187810301, 0.9999843825566888, 0.9999923405222905, 0.9999962359246458]"
sampleJointGoalAndSignal_fromStart,session_25_player2,25.0,9,2,closer_to_player2,10,"[0.5, 0.9996549812501878, 0.9999997189389674, 0.9999997282662932, 0.9999999997024545, 0.9999999998330431, 0.9999999999997514, 0.9999999999999989, 1.0, 1.0]"
sampleJointGoalAndSignal_fromStart,session_25_player1,25.0,10,1,equal_to_both,10,"[0.5, 0.500060742311184, 0.500076432358563, 0.9982953344573838, 0.9999942491932357, 0.9999999640128008, 0.9999999994295519, 0.9999999997206939, 0.9999999998687554, 0.9999999999628267]"
sampleJointGoalAndSignal_fromStart,session_25_player2,25.0,10,2,equal_to_both,10,"[0.5, 0.9937986767199836, 0.99993319158081, 0.999998843990301, 0.9999999687968826, 0.9999999980907721, 0.9999999991208035, 0.9999999995781274, 0.999999999794795, 0.9999999998995517]"
sampleJointGoalAndSignal_fromStart,session_25_player1,25.0,11,1,closer_to_player2,9,"[0.5, 0.524635739206889, 0.5459278879481586, 0.5403837275105063, 0.5350936741041079, 0.5292972439568583, 0.5356299343940973, 0.6174980104635025, 0.619529276129231]"
sampleJointGoalAndSignal_fromStart,session_25_player2,25.0,11,2,closer_to_player2,6,"[0.5, 0.5832696680542317, 0.6542348971655758, 0.7073613223802371, 0.7407552796738035, 0.8161552818430229]"
sampleJointGoalAndSignal_fromStart,session_26_player1,26.0,0,1,closer_to_player1,7,"[0.5, 0.9999444508186839, 0.9999999905295653, 0.9999999999954019, 0.9999999999999962, 1.0, 1.0]"
sampleJointGoalAndSignal_fromStart,session_26_player2,26.0,0,2,closer_to_player1,9,"[0.5, 0.48996118577422143, 0.4718783217608036, 0.5722911794474184, 0.7688807135458351, 0.9981502943758178, 0.9999924291875725, 0.9999905885599341, 0.9999999826975278]"
sampleJointGoalAndSignal_fromStart,session_26_player1,26.0,1,1,closer_to_player1,7,"[0.5, 0.9999961115352888, 0.9999999999320934, 0.9999999999999956, 1.0, 1.0, 1.0]"
sampleJointGoalAndSignal_fromStart,session_26_player2,26.0,1,2,closer_to_player1,7,"[0.5, 0.9828629048064357, 0.9992605846980646, 0.9996429264368977, 0.9998255563922692, 0.9999140786923119, 0.9999574582838878]"
sampleJointGoalAndSignal_fromStart,session_26_player1,26.0,2,1,closer_to_player2,9,"[0.5, 0.5034565591135833, 0.5056479181384025, 0.5071092259390425, 0.5074437319195676, 0.5098492846413111, 0.5162042501119976, 0.5989325696533732, 0.6009987188708292]"
sampleJointGoalAndSignal_fromStart,session_26_player2,26.0,2,2,closer_to_player2,4,"[0.5, 0.5586648477904671, 0.5621901930752501, 0.5643080158725433]"
sampleJointGoalAndSignal_fromStart,session_26_player1,26.0,3,1,closer_to_player2,10,"[0.5, 0.974127317812202, 0.9991886113240495, 0.9999141126854091, 0.9999539499669944, 0.9999746098341576, 0.9999856691302487, 0.9999917503532498, 0.9999917503532497, 0.9999951832391637]"
sampleJointGoalAndSignal_fromStart,session_26_player2,26.0,3,2,closer_to_player2,7,"[0.5, 0.9998796165123728, 0.999957084654979, 0.9999999957545467, 0.9999999999994881, 0.9999999999999999, 1.0]"
sampleJointGoalAndSignal_fromStart,session_26_player1,26.0,6,1,equal_to_both,11,"[0.5, 0.9894522400248654, 0.9998174360293361, 0.9999952263504015, 0.9999998134505795, 0.9999999836007741, 0.9999999923980653, 0.9999999964053956, 0.9999999982739964, 0.9999999991639905, 0.9999999996116771]"
sampleJointGoalAndSignal_fromStart,session_26_player2,26.0,6,2,equal_to_both,11,"[0.5, 0.49961444382355197, 0.993754170458507, 0.9999323750911958, 0.9999988249156869, 0.9999989038131297, 0.9999989392397407, 0.9999989607520706, 0.9999990138417416, 0.9999999960383411, 0.9999999977468617]"
sampleJointGoalAndSignal_fromStart,session_26_player1,26.0,7,1,closer_to_player2,9,"[0.5, 0.5028403657032497, 0.5056632632198619, 0.5128119632219273, 0.5323226880169706, 0.5406850416762619, 0.5462524688561807, 0.5497885971804477, 0.5519185116356615]"
sampleJointGoalAndSignal_fromStart,session_26_player2,26.0,7,2,closer_to_player2,6,"[0.5, 0.5000737090152877, 0.5024958468794472, 0.49666501068047525, 0.5384129822110336, 0.6444132134905379]"
sampleJointGoalAndSignal_fromStart,session_26_player1,26.0,8,1,equal_to_both,9,"[0.5, 0.9966410501401075, 0.999979232973666, 0.9999794458051721, 0.9999998732535271, 0.999999998650972, 0.9999999999686868, 0.9999999999848331, 0.9999999999929551]"
sampleJointGoalAndSignal_fromStart,session_26_player2,26.0,8,2,equal_to_both,9,"[0.5, 0.9966371843345189, 0.999979174328701, 0.9999997797870508, 0.9999999961897555, 0.9999999998511477, 0.9999999999287129, 0.9999999999654765, 0.9999999999839642]"
sampleJointGoalAndSignal_fromStart,session_26_player1,26.0,10,1,equal_to_both,11,"[0.5, 0.9894522360352315, 0.999817435889124, 0.9999952263448925, 0.9999955374415913, 0.9999957452324841, 0.9999958765771298, 0.9999959598475335, 0.9999999741271105, 0.9999999996612413, 0.999999999842648]"
sampleJointGoalAndSignal_fromStart,session_26_player2,26.0,10,2,equal_to_both,11,"[0.5, 0.9883644188101147, 0.9997811072211956, 0.9998149549480783, 0.9999967841938576, 0.9999999129006224, 0.9999999946610003, 0.9999999975597781, 0.999999998831351, 0.999999999434037, 0.9999999997371155]"
sampleJointGoalAndSignal_fromStart,session_27_player1,27.0,0,1,equal_to_both,13,"[0.5, 0.9829791595151947, 0.9995449532180384, 0.999982664850539, 0.9999990826745878, 0.9999999326244183, 0.9999999873182904, 0.9999999944424686, 0.9999999975295055, 0.999999998890468, 0.9999999994998072, 0.9999999994998072, 0.99999999978086]"
sampleJointGoalAndSignal_fromStart,session_27_player2,27.0,0,2,equal_to_both,13,"[0.5, 0.9817784801898114, 0.9994907453467956, 0.9999800593914273, 0.999998918268403, 0.9999999200062695, 0.9999999868585105, 0.9999999955230362, 0.9999999980719406, 0.9999999991355887, 0.9999999996103784, 0.9999999998293051, 0.9999999998293051]"
sampleJointGoalAndSignal_fromStart,session_27_player1,27.0,1,1,closer_to_player2,9,"[0.5, 0.9830118346636718, 0.9840491113536637, 0.9846479139124176, 0.9998331468064534, 0.9999957039692673, 0.9999979065982225, 0.9999989712802085, 0.9999994924152998]"
sampleJointGoalAndSignal_fromStart,session_27_player2,27.0,1,2,closer_to_player2,11,"[0.5, 0.998262336876401, 0.9999940217099657, 0.9999999623456254, 0.9999999995819803, 0.9999999999879794, 0.9999999999942695, 0.9999999999971857, 0.9999999999986111, 0.9999999999993406, 0.9999999999998144]"
sampleJointGoalAndSignal_fromStart,session_27_player1,27.0,3,1,closer_to_player1,6,"[0.5, 0.49135827946818467, 0.48532470362184366, 0.49168731441357844, 0.5751623145444876, 0.5772645717645454]"
sampleJointGoalAndSignal_fromStart,session_27_player2,27.0,3,2,closer_to_player1,9,"[0.5, 0.5035101256895487, 0.5051564962013014, 0.507021494425762, 0.5140758012363282, 0.5509019217733544, 0.5564471143705805, 0.5599677952421556, 0.5620879103903637]"
sampleJointGoalAndSignal_fromStart,session_27_player1,27.0,5,1,equal_to_both,11,"[0.5, 0.4988138756754197, 0.9938171227589286, 0.9938621525304924, 0.999961947365886, 0.999999598433979, 0.9999999930657211, 0.9999999949241657, 0.9999999998821213, 0.999999999942658, 0.9999999999719309]"
sampleJointGoalAndSignal_fromStart,session_27_player2,27.0,5,2,equal_to_both,12,"[0.5, 0.5, 0.5133483971692481, 0.5146129496494798, 0.9968267278792353, 0.9968457770502126, 0.9999893424162477, 0.9999999332990318, 0.9999999989425912, 0.9999999994823134, 0.999999999756743, 0.9999999999311009]"
sampleJointGoalAndSignal_fromStart,session_27_player1,27.0,9,1,closer_to_player1,9,"[0.5, 0.9995403215823373, 0.9999994944794535, 0.9999997149053572, 0.9999999989244528, 0.9999999999971911, 0.9999999999999923, 1.0, 1.0]"
sampleJointGoalAndSignal_fromStart,session_27_player2,27.0,9,2,closer_to_player1,9,"[0.5, 0.9832243445582151, 0.9836256951995929, 0.9997168812328443, 0.9999926330064022, 0.9999929628942129, 0.9999998150385532, 0.9999998476881097, 0.9999998520981288]"
sampleJointGoalAndSignal_fromStart,session_27_player1,27.0,10,1,closer_to_player1,6,"[0.5, 0.5011624691672314, 0.49590452366681204, 0.5018204801749848, 0.4591938129582089, 0.5605102925956096]"
sampleJointGoalAndSignal_fromStart,session_27_player2,27.0,10,2,closer_to_player1,9,"[0.5, 0.5045359656516974, 0.5077370829054993, 0.514436329662989, 0.5278747696437314, 0.5311210993383626, 0.5326382414360536, 0.5332654700833999, 0.5334871948694537]"
sampleJointGoalAndSignal_fromStart,session_27_player1,27.0,11,1,closer_to_player2,12,"[0.5, 0.49741371212390817, 0.49550274133331956, 0.4882786354619958, 0.4913980922782155, 0.5973782423339904, 0.42585051869940194, 0.27046794392618256, 0.9999812183590995, 0.99999999970654, 0.9999999999999842, 0.9999999999999922]"
sampleJointGoalAndSignal_fromStart,session_27_player2,27.0,11,2,closer_to_player2,6,"[0.5, 0.5045700034701845, 0.5069759654818607, 0.5133326274922674, 0.5961678278702847, 0.5982386659776584]"
sampleJointGoalAndSignal_fromStart,session_28_player1,28.0,1,1,closer_to_player1,7,"[0.5, 0.43844381734321086, 0.3972181464629616, 0.46845004575035815, 1.0, 1.0, 1.0]"
sampleJointGoalAndSignal_fromStart,session_28_player2,28.0,1,2,closer_to_player1,9,"[0.5, 0.5034548848019244, 0.5057049512290742, 0.5075200541502316, 0.513907345831101, 0.5428372272239058, 0.5443483415185708, 0.544973272824739, 0.545194179219608]"
sampleJointGoalAndSignal_fromStart,session_28_player1,28.0,2,1,equal_to_both,12,"[0.5, 0.9828668831593222, 0.9995382576209213, 0.9999822556093314, 0.9999990541844533, 0.9999999305070632, 0.9999999868434256, 0.9999999942502902, 0.999999997401164, 0.9999999988078502, 0.9999999994482323, 0.9999999997444906]"
sampleJointGoalAndSignal_fromStart,session_28_player2,28.0,2,2,equal_to_both,12,"[0.5, 0.9811855241940339, 0.9994521570018001, 0.9999774300978335, 0.9999986907778006, 0.9999993360524695, 0.999999928535414, 0.9999999677443776, 0.9999999849823532, 0.9999999930178781, 0.9999999968474647, 0.9999999990908354]"
sampleJointGoalAndSignal_fromStart,session_28_player1,28.0,3,1,equal_to_both,13,"[0.5, 0.5000267724389522, 0.5000285381209846, 0.9938493569928373, 0.9999345488131873, 0.9999988847190875, 0.9999999709708506, 0.9999999988789798, 0.9999999998951237, 0.9999999998951237, 0.999999999952901, 0.9999999999787673, 0.9999999999906977]"
sampleJointGoalAndSignal_fromStart,session_28_player2,28.0,3,2,equal_to_both,12,"[0.5, 0.50002375033113, 0.9894501784026131, 0.9895711039625728, 0.9896467914145232, 0.9999354692344279, 0.9999993176179296, 0.9999999883490472, 0.9999999996928184, 0.9999999997710288, 0.9999999998201378, 0.9999999998952772]"
sampleJointGoalAndSignal_fromStart,session_28_player1,28.0,4,1,closer_to_player1,9,"[0.5, 0.9996592301088275, 0.9996594669216998, 0.9996646869583757, 0.9999999428284928, 0.9999999999735588, 0.9999999999999543, 0.9999999999999863, 1.0]"
sampleJointGoalAndSignal_fromStart,session_28_player2,28.0,4,2,closer_to_player1,11,"[0.5, 0.9830621540817275, 0.9995222564109952, 0.9999555095110951, 0.9999773004284241, 0.9999881909033953, 0.9999937862375399, 0.9999937862375399, 0.9999967159858244, 0.9999967159858245, 0.9999982736183701]"
sampleJointGoalAndSignal_fromStart,session_28_player1,28.0,5,1,closer_to_player2,11,"[0.5, 0.9805375733744587, 0.9990646237065134, 0.9996214411981786, 0.9998160149420922, 0.9999090029898308, 0.9957922626097799, 0.991703820022156, 0.9958605189718516, 0.9979341151394334, 0.9989693415628396]"
sampleJointGoalAndSignal_fromStart,session_28_player2,28.0,5,2,closer_to_player2,9,"[0.5, 0.4954245692820262, 0.4932671741826117, 0.9999539151286078, 0.9999999939403936, 0.999999999997901, 0.9999999999999978, 0.9999999999999989, 0.9999999999999997]"
sampleJointGoalAndSignal_fromStart,session_28_player1,28.0,7,1,closer_to_player2,9,"[0.5, 0.9832133212010756, 0.9995548400992, 0.9999823672403616, 0.9999881055181159, 0.9999991034725466, 0.9999995647779665, 0.9999997865470086, 0.9999998951037544]"
sampleJointGoalAndSignal_fromStart,session_28_player2,28.0,7,2,closer_to_player2,14,"[0.5, 0.010558800895280687, 0.01028862063604098, 0.9680343979130968, 0.9678795697714196, 0.9999885455250626, 0.9999999906710565, 0.9999999999836263, 0.9999999999999419, 0.9999999999999993, 0.9999999999999997, 0.9999999999999999, 0.9999999999999999, 1.0]"
sampleJointGoalAndSignal_fromStart,session_28_player1,28.0,9,1,equal_to_both,9,"[0.5, 0.9965446515015336, 0.9999779311221396, 0.9999997530286692, 0.9999999920683106, 0.9999999963187348, 0.9999999982917672, 0.9999999995060951, 0.9999999999923903]"
sampleJointGoalAndSignal_fromStart,session_28_player2,28.0,9,2,equal_to_both,10,"[0.5, 0.4995793742854546, 0.9983458544756508, 0.9999945594613011, 0.999999967026893, 0.9999999996547758, 0.9999999999940857, 0.9999999999997802, 0.9999999999997802, 0.9999999999998952]"
sampleJointGoalAndSignal_fromStart,session_28_player1,28.0,10,1,closer_to_player2,9,"[0.5, 0.5024581376997214, 0.9896192838485246, 0.9998213947466861, 0.9999952786820776, 0.9999997254581353, 0.9999998696469221, 0.999999937112118, 0.9999999692903079]"
sampleJointGoalAndSignal_fromStart,session_28_player2,28.0,10,2,closer_to_player2,9,"[0.5, 0.9995200018381438, 0.9999994543840681, 0.9999999979803704, 0.9999999993325867, 0.999999999818701, 0.9999999999996584, 0.9999999999999996, 1.0]"
sampleJointGoalAndSignal_fromStart,session_28_player1,28.0,11,1,closer_to_player1,10,"[0.5, 0.9994736463209011, 0.9999993558162457, 0.9999999982894244, 0.999999999586899, 0.9999999999976472, 0.9999999999999807, 0.9999999999999808, 0.9999999999999999, 1.0]"
sampleJointGoalAndSignal_fromStart,session_28_player2,28.0,11,2,closer_to_player1,9,"[0.5, 0.9832329444110488, 0.9836336611625295, 0.9838881995404769, 0.9838051184017202, 0.9999250441390792, 0.9999993809753808, 0.9999999908350847, 0.9999999996991973]"
sampleJointGoalAndSignal_fromStart,session_29_player1,29.0,0,1,closer_to_player2,11,"[0.5, 0.5040935453755778, 0.5114516229892678, 0.517835250566827, 0.5298589889531582, 0.5382262235368157, 0.5437983035596432, 0.03541972395639162, 0.03619441797837257, 0.036695747544018754, 0.037001275460792314]"
sampleJointGoalAndSignal_fromStart,session_29_player2,29.0,0,2,closer_to_player2,6,"[0.5, 0.5062099431203824, 0.5036421124744117, 0.564533601102839, 0.6051352055383257, 0.7042311858440635]"
sampleJointGoalAndSignal_fromStart,session_29_player1,29.0,1,1,closer_to_player1,11,"[0.5, 0.9982791714329688, 0.9999941702071535, 0.9999941877074859, 0.9999941975564008, 0.9999999901020384, 0.9999999999666938, 0.9999999999671945, 0.9999999999998859, 0.9999999999999064, 0.9999999999999996]"
sampleJointGoalAndSignal_fromStart,session_29_player2,29.0,1,2,closer_to_player1,9,"[0.5, 0.9829434469324401, 0.9840728787750069, 0.9997178473496099, 0.9997998629195838, 0.9999948763955457, 0.9999975072956909, 0.9999987797522506, 0.9999994266400418]"
sampleJointGoalAndSignal_fromStart,session_29_player1,29.0,3,1,closer_to_player2,9,"[0.5, 0.9799909477392734, 0.988904359912068, 0.9995652768509509, 0.9997786452455536, 0.9998865562369019, 0.9999428709974895, 0.9999721292010764, 0.9999918211503678]"
sampleJointGoalAndSignal_fromStart,session_29_player2,29.0,3,2,closer_to_player2,15,"[0.5, 0.44880548621688837, 0.43326984941985175, 0.9976776663870522, 0.9976668039266835, 0.9976606069011017, 0.9999981311537609, 0.9999981320975585, 0.9999999985344512, 0.9999999999975177, 0.9999999999999916, 0.9999999999999999, 0.9999999999997852, 0.9999999999998905, 0.999999999999945]"
sampleJointGoalAndSignal_fromStart,session_29_player1,29.0,4,1,equal_to_both,12,"[0.5, 0.499960111781873, 0.9894474403144549, 0.9998172886242565, 0.9998216711711589, 0.9998244494785975, 0.9999981433711103, 0.9999999683019691, 0.9999999694912765, 0.9999999716656562, 0.9999999805823108, 0.9999999998789266]"
sampleJointGoalAndSignal_fromStart,session_29_player2,29.0,4,2,equal_to_both,12,"[0.5, 0.9828001928530941, 0.9832178883987333, 0.9997076122394842, 0.999714630162038, 0.9999951361254498, 0.9999998734124145, 0.9999999951370391, 0.9999999996069713, 0.9999999998174436, 0.9999999999140979, 0.9999999999612113]"
sampleJointGoalAndSignal_fromStart,session_29_player1,29.0,6,1,closer_to_player2,9,"[0.5, 0.9831224616760396, 0.9839901584932033, 0.9845811332566314, 0.9998321415303041, 0.9999956027279913, 0.9999978448615294, 0.9999989348906557, 0.9999994708995366]"
sampleJointGoalAndSignal_fromStart,session_29_player2,29.0,6,2,closer_to_player2,9,"[0.5, 0.999531519780684, 0.9999994790176086, 0.9999999981121621, 0.9999999993049616, 0.9999999996705098, 0.9999999999047695, 0.9999999999999278, 1.0]"
sampleJointGoalAndSignal_fromStart,session_29_player1,29.0,9,1,closer_to_player1,9,"[0.5, 0.9993916904186404, 0.9999990824565244, 0.9999999930955701, 0.9999999999677287, 0.9999999999995405, 0.9999999999999962, 1.0, 1.0]"
sampleJointGoalAndSignal_fromStart,session_29_player2,29.0,9,2,closer_to_player1,9,"[0.5, 0.502982346273135, 0.49706866514884, 0.36486818940755106, 0.9970826285540821, 0.9999910037972168, 0.9999999526213774, 0.9999999995972507, 0.999999999994711]"
sampleJointGoalAndSignal_fromStart,session_29_player1,29.0,10,1,closer_to_player1,6,"[0.5, 0.5046667614537703, 0.5071404631301468, 0.5130540375286186, 0.47037411122505524, 0.5715503551748604]"
sampleJointGoalAndSignal_fromStart,session_29_player2,29.0,10,2,closer_to_player1,9,"[0.5, 0.4966836265415041, 0.49988518835696844, 0.4964191585212133, 0.491872028138782, 0.49814490088105323, 0.4736227035108764, 0.5474646744002336, 0.5476853752186149]"
sampleJointGoalAndSignal_fromStart,session_29_player1,29.0,11,1,equal_to_both,11,"[0.5, 0.9886510412837684, 0.9997940527263807, 0.999994458600632, 0.9999997836743768, 0.9999999879926549, 0.9999999985151763, 0.999999999508283, 0.9999999997872684, 0.9999999999043488, 0.9999999999581053]"
sampleJointGoalAndSignal_fromStart,session_29_player2,29.0,11,2,equal_to_both,11,"[0.5, 0.9894609058699039, 0.9998177897591819, 0.9999952484673973, 0.999999819868811, 0.9999998333134023, 0.999999993562218, 0.9999999993976391, 0.9999999997294715, 0.9999999998780419, 0.9999999999465687]"
sampleJointGoalAndRSASignal_fromStart,session_0_player1,0.0,1,1,closer_to_player1,11,"[0.5, 0.6287246800173948, 0.9996911260396741, 0.6487675267871771, 0.9999076748005722, 0.999999957750394, 0.9999999999507606, 0.999999999999914, 0.9999999999999998, 1.0, 1.0]"
sampleJointGoalAndRSASignal_fromStart,session_0_player2,0.0,1,2,closer_to_player1,11,"[0.5, 0.5024426719760828, 0.0017409992424893426, 0.21237325411866106, 0.21315972507759332, 0.9782413796427974, 0.9781190381432678, 0.966798095601359, 0.9999423156586454, 0.9999998225721455, 0.9999999990645312]"
sampleJointGoalAndRSASignal_fromStart,session_0_player1,0.0,5,1,closer_to_player1,9,"[0.5, 0.4984199356742828, 0.5038720915774794, 0.5092849413801909, 0.5582980006457758, 0.9999944439058297, 0.9999935161966464, 0.9999999999802643, 0.9999999999999997]"
sampleJointGoalAndRSASignal_fromStart,session_0_player2,0.0,5,2,closer_to_player1,9,"[0.5, 0.5034056365623615, 0.5056557067205487, 0.5074708143912849, 0.5029281804607578, 0.49767557287456027, 0.4922688674759439, 0.5346092981465518, 0.6330864732906903]"
sampleJointGoalAndRSASignal_fromStart,session_0_player1,0.0,6,1,closer_to_player1,6,"[0.5, 0.5011624691671328, 0.5074417654222689, 0.4828971817336095, 0.5566560757077113, 0.5568759252353654]"
sampleJointGoalAndRSASignal_fromStart,session_0_player2,0.0,6,2,closer_to_player1,12,"[0.5, 0.503316373456001, 0.5017399385401129, 0.5008707865234818, 0.49972251023659386, 0.5049751664540009, 0.4990594852761191, 0.5416799844194125, 0.612494043872167, 1.0, 1.0, 1.0]"
sampleJointGoalAndRSASignal_fromStart,session_0_player1,0.0,7,1,closer_to_player2,9,"[0.5, 0.5045001650974681, 0.5120813812094832, 0.5123891235283119, 0.5319013248150091, 0.5402647058399997, 0.545832948291756, 0.5493696489268228, 0.5514999285314243]"
sampleJointGoalAndRSASignal_fromStart,session_0_player2,0.0,7,2,closer_to_player2,9,"[0.5, 0.503167233764571, 0.608651733691669, 0.9999013361066273, 0.9999999820880734, 0.9999999999905034, 0.9999999999952527, 0.999999999997627, 0.9999999999988224]"
sampleJointGoalAndRSASignal_fromStart,session_0_player1,0.0,9,1,equal_to_both,11,"[0.5, 0.500018034183156, 0.500019196776194, 0.5000200692358862, 0.9983015470047706, 0.9999942156178078, 0.9999944256743601, 0.999999980632379, 0.9999999998698167, 0.9999999999983619, 0.9999999999990461]"
sampleJointGoalAndRSASignal_fromStart,session_0_player2,0.0,9,2,equal_to_both,11,"[0.5, 0.5000000137565004, 0.500000001635048, 0.9966417702566382, 0.9966615740256543, 0.99998861186198, 0.9999890253621955, 0.9999999618691802, 0.9999999997436966, 0.9999999999967748, 0.9999999999999193]"
sampleJointGoalAndRSASignal_fromStart,session_0_player1,0.0,10,1,closer_to_player2,9,"[0.5, 0.5029068885381188, 0.505660922100878, 0.512111980712752, 0.5078479400299182, 0.495232306715122, 0.5445557039883057, 0.5451805890553005, 0.5454014790674023]"
sampleJointGoalAndRSASignal_fromStart,session_0_player2,0.0,10,2,closer_to_player2,8,"[0.5, 0.5255281936506287, 0.5094587145463495, 0.5157399207962752, 0.519246437219246, 0.5136099022076567, 0.5557992487790532, 0.6527065177520034]"
sampleJointGoalAndRSASignal_fromStart,session_0_player1,0.0,11,1,equal_to_both,11,"[0.5, 0.9886510412837684, 0.9893737723384219, 0.9895492014803853, 0.9896179972458349, 0.9999643272658821, 0.9999656258978172, 0.9999998805644227, 0.9999999066647798, 0.9999999996864183, 0.9999999999980412]"
sampleJointGoalAndRSASignal_fromStart,session_0_player2,0.0,11,2,equal_to_both,11,"[0.5, 0.9894609058699039, 0.9895748655233835, 0.9896501722880896, 0.9999354909655095, 0.9999363029065158, 0.999938615612161, 0.9999469162226271, 0.9999999119776594, 0.9999999997042681, 0.9999999999981527]"
sampleJointGoalAndRSASignal_fromStart,session_1_player1,1.0,3,1,closer_to_player2,9,"[0.5, 0.9831482118400012, 0.9995520707108363, 0.999981952136683, 0.9999977705714704, 0.9999988969151943, 0.9999994413060895, 0.9999997113680172, 0.9999998487515909]"
sampleJointGoalAndRSASignal_fromStart,session_1_player2,1.0,3,2,closer_to_player2,13,"[0.5, 0.003302926299342169, 2.0411755266339688e-05, 0.3070613530900107, 0.9996944305293641, 0.9997013302653516, 0.9999999488634724, 0.9999999698581766, 0.9999999999934488, 0.9999999999999932, 1.0, 1.0, 1.0]"
sampleJointGoalAndRSASignal_fromStart,session_1_player1,1.0,5,1,closer_to_player2,9,"[0.5, 0.5034054122685274, 0.505655497834816, 0.5065324642393467, 0.5076801726192531, 0.5024280988728574, 0.5083431847993525, 0.581617070615692, 0.5818338375856358]"
sampleJointGoalAndRSASignal_fromStart,session_1_player2,1.0,5,2,closer_to_player2,11,"[0.5, 0.4897174587558111, 0.4823003617752025, 0.4775750548980666, 0.4793016193315052, 0.4181628789334423, 0.46674761379981394, 0.9999919766462877, 0.9999906369790248, 0.9999888500627669, 1.0]"
sampleJointGoalAndRSASignal_fromStart,session_1_player1,1.0,6,1,closer_to_player1,6,"[0.5, 0.9976002826286166, 0.9999890462197935, 0.999985028203524, 0.9999999539896257, 0.9999999997577071]"
sampleJointGoalAndRSASignal_fromStart,session_1_player2,1.0,6,2,closer_to_player1,12,"[0.5, 0.996592296553827, 0.9965904667488213, 0.9965949413052614, 0.9967044598469843, 0.9980976582724397, 0.999997107570624, 0.9999999968333487, 0.9999999999918406, 0.9999999999999717, 0.9999999999999998, 1.0]"
sampleJointGoalAndRSASignal_fromStart,session_1_player1,1.0,7,1,closer_to_player2,10,"[0.5, 0.6292540431623335, 0.4819176307519322, 0.33072239548540827, 0.9649389862389641, 0.9989933606525015, 0.9993613559318771, 0.9993613559318771, 0.9995897775976863, 0.9997349804314211]"
sampleJointGoalAndRSASignal_fromStart,session_1_player2,1.0,7,2,closer_to_player2,7,"[0.5, 0.9999551049635672, 0.9999560865281947, 0.9999999975463277, 0.9999999999994229, 0.9999999999998254, 1.0]"
sampleJointGoalAndRSASignal_fromStart,session_1_player1,1.0,8,1,closer_to_player1,9,"[0.5, 0.9995412645952465, 0.9999994968110736, 0.9999997155146105, 0.9999999989264861, 0.9999999999974758, 0.9999999999999869, 1.0, 1.0]"
sampleJointGoalAndRSASignal_fromStart,session_1_player2,1.0,8,2,closer_to_player1,9,"[0.5, 0.9832178793194111, 0.9836249792971559, 0.983879678727787, 0.9837904632958565, 0.9999250506749693, 0.999999382417815, 0.9999999910000663, 0.9999999997658785]"
sampleJointGoalAndRSASignal_fromStart,session_2_player1,2.0,0,1,closer_to_player1,6,"[0.5, 0.5045720180115911, 0.502940716594, 0.5638148795412813, 0.6044290532393729, 0.5300573676771704]"
sampleJointGoalAndRSASignal_fromStart,session_2_player2,2.0,0,2,closer_to_player1,9,"[0.5, 0.504505649171184, 0.5060243647533053, 0.5079017478502232, 0.5027590134627614, 0.49694417743607827, 0.5033034619793039, 0.45721093308110217, 0.5668570540456129]"
sampleJointGoalAndRSASignal_fromStart,session_2_player1,2.0,2,1,closer_to_player1,13,"[0.5, 0.010449456532461638, 0.9287571328428266, 0.9281557633837364, 0.9276603020420305, 0.9999740944847537, 0.9999999795535555, 0.9999999797410415, 0.9999999999841043, 0.999999999999972, 0.9999999999999784, 1.0, 1.0]"
sampleJointGoalAndRSASignal_fromStart,session_2_player2,2.0,2,2,closer_to_player1,9,"[0.5, 0.9831979879676457, 0.9995541356366092, 0.9995817411342677, 0.9999888803908721, 0.9999992374185835, 0.999999646125927, 0.9999998358896782, 0.9999999260098348]"
sampleJointGoalAndRSASignal_fromStart,session_2_player1,2.0,3,1,equal_to_both,12,"[0.5, 0.9819300456400918, 0.9994981444439882, 0.9999804379085596, 0.999983900353174, 0.999984800645509, 0.9999852097724679, 0.9999997483245664, 0.9999999934102419, 0.9999999950333333, 0.9999999958614102, 0.9999999999261268]"
sampleJointGoalAndRSASignal_fromStart,session_2_player2,2.0,3,2,equal_to_both,12,"[0.5, 0.5012557318698769, 0.9894989042492033, 0.9998181554251316, 0.9998228158009882, 0.9998257446376015, 0.9999981555809669, 0.9999999680192863, 0.9999999770340364, 0.9999999994337359, 0.9999999997404116, 0.999999999924314]"
sampleJointGoalAndRSASignal_fromStart,session_2_player1,2.0,5,1,closer_to_player2,9,"[0.5, 0.5034054122685274, 0.505655497834816, 0.5065324642393467, 0.5076801726192531, 0.5024280988728574, 0.49702084845893046, 0.4479329584668735, 0.6203314318526458]"
sampleJointGoalAndRSASignal_fromStart,session_2_player2,2.0,5,2,closer_to_player2,9,"[0.5, 0.5032793513683604, 0.6097281812318193, 0.43852399105033063, 0.9999525468505249, 0.9999999972598715, 0.9999999999995004, 0.9999999999997503, 0.999999999999876]"
sampleJointGoalAndRSASignal_fromStart,session_2_player1,2.0,9,1,closer_to_player2,9,"[0.5, 0.9831363609231004, 0.99954970672073, 0.9999821702104996, 0.9999979076598625, 0.9999989866679331, 0.9999994971462987, 0.9999997465499898, 0.9999998711573928]"
sampleJointGoalAndRSASignal_fromStart,session_2_player2,2.0,9,2,closer_to_player2,9,"[0.5, 0.5031223458684163, 0.9998314871333996, 0.9999999228053686, 0.9999999560811375, 0.9999999999734849, 0.9999999999999217, 0.9999999999999998, 1.0]"
sampleJointGoalAndRSASignal_fromStart,session_2_player1,2.0,10,1,closer_to_player1,13,"[0.5, 0.002399706858713154, 0.9334818762587399, 0.032654943818005364, 0.9949479393297971, 0.9999976696093977, 0.9999986514455611, 0.9999999991939807, 0.9999999999969584, 0.9999999999999929, 1.0, 1.0, 1.0]"
sampleJointGoalAndRSASignal_fromStart,session_2_player2,2.0,10,2,closer_to_player1,11,"[0.5, 0.9832180270933489, 0.09295115423208844, 0.8572216941857974, 0.9956803641934433, 0.9998357234013354, 0.9999912216402114, 0.9999938786098058, 0.9999954069491073, 0.9999997923162625, 0.9999999018795662]"
sampleJointGoalAndRSASignal_fromStart,session_3_player1,3.0,0,1,closer_to_player1,7,"[0.5, 0.9999441184052658, 0.9999999924850068, 0.9999999999948924, 0.9999999999999972, 1.0, 1.0]"
sampleJointGoalAndRSASignal_fromStart,session_3_player2,3.0,0,2,closer_to_player1,10,"[0.5, 0.9743789508307014, 0.9736256461474161, 0.9995080531027969, 0.9999861912039876, 0.9999900741523694, 0.9999994415272724, 0.9999996994644822, 0.9999996994644822, 0.9999998345064397]"
sampleJointGoalAndRSASignal_fromStart,session_3_player1,3.0,1,1,closer_to_player2,9,"[0.5, 0.50350479780463, 0.5052052002096462, 0.5060822033182641, 0.5064483661804418, 0.5047486002002904, 0.4235414396784376, 0.5951188476890023, 0.7474670884228024]"
sampleJointGoalAndRSASignal_fromStart,session_3_player2,3.0,1,2,closer_to_player2,13,"[0.5, 0.489717458752892, 0.4823003617706446, 0.4855763643561085, 0.5927490731230843, 0.4211674645323304, 0.999949064121239, 0.9999353123437025, 0.999924512096308, 0.9999999997702103, 0.9999999989867191, 0.9999999999999455, 0.9999999999999729]"
sampleJointGoalAndRSASignal_fromStart,session_3_player1,3.0,2,1,closer_to_player1,11,"[0.5, 0.5059832510586701, 0.6379343429258586, 0.46838066383665644, 0.305783925145856, 0.18045635008851232, 0.09914981153918875, 0.05179160472285835, 1.0, 1.0, 1.0]"
sampleJointGoalAndRSASignal_fromStart,session_3_player2,3.0,2,2,closer_to_player1,9,"[0.5, 0.5034052051526385, 0.5055965908431064, 0.5070579006222227, 0.508239096793248, 0.5151185784866293, 0.48777848692927517, 0.5713310728021479, 0.5734381445105342]"
sampleJointGoalAndRSASignal_fromStart,session_3_player1,3.0,4,1,closer_to_player2,12,"[0.5, 0.6462016826281927, 0.7750048367229616, 0.8693258638462832, 0.9298286011932632, 0.9758227214366795, 0.9999980925336871, 0.9999999998292781, 0.9999999999999706, 1.0, 1.0, 1.0]"
sampleJointGoalAndRSASignal_fromStart,session_3_player2,3.0,4,2,closer_to_player2,4,"[0.5, 0.9989010644114131, 0.999999062283712, 0.9999999984044877]"
sampleJointGoalAndRSASignal_fromStart,session_3_player1,3.0,8,1,equal_to_both,10,"[0.5, 0.9938486648523519, 0.9999345463921231, 0.9999988838786847, 0.999999970301048, 0.9999999981945907, 0.9999999991463053, 0.9999999995900857, 0.9999999998014534, 0.9999999999077759]"
sampleJointGoalAndRSASignal_fromStart,session_3_player2,3.0,8,2,equal_to_both,10,"[0.5, 0.4999635730835617, 0.49996219155276045, 0.49995415796010645, 0.4998541337503492, 0.49899274817421135, 0.9998929576546065, 0.9999999680131653, 0.9999999999762459, 0.9999999999999606]"
sampleJointGoalAndRSASignal_fromStart,session_3_player2,3.0,9,2,closer_to_player2,6,"[0.5, 0.49687928458552805, 0.5717546580333452, 0.630394582184323, 0.6684548510508297, 0.5981169868537662]"
sampleJointGoalAndRSASignal_fromStart,session_4_player1,4.0,1,1,closer_to_player1,11,"[0.5, 0.49616287205965953, 0.9991865715367326, 0.9991852714992414, 0.9991848651879415, 0.9991966627495211, 0.9994691192129826, 0.999999973926506, 0.9999999999810459, 0.9999999999999957, 1.0]"
sampleJointGoalAndRSASignal_fromStart,session_4_player2,4.0,1,2,closer_to_player1,9,"[0.5, 0.9830118337451046, 0.9995311498429131, 0.9996810215666873, 0.9999865678152843, 0.9999935340575639, 0.9999968492240392, 0.9999984516745126, 0.9999992360343981]"
sampleJointGoalAndRSASignal_fromStart,session_4_player1,4.0,3,1,closer_to_player1,9,"[0.5, 0.4992350289066827, 0.99986807723724, 0.999869991317378, 0.999999978175154, 0.9999999867207507, 0.9999999999977819, 0.9999999999999989, 1.0]"
sampleJointGoalAndRSASignal_fromStart,session_4_player2,4.0,3,2,closer_to_player1,9,"[0.5, 0.9830032146857317, 0.9840858301137855, 0.9997121221351116, 0.9999832252663027, 0.9999914863966973, 0.9999956541675351, 0.9999977880042705, 0.9999988906628422]"
sampleJointGoalAndRSASignal_fromStart,session_4_player1,4.0,4,1,closer_to_player2,9,"[0.5, 0.9832240838733329, 0.9836256421545038, 0.9997168800866082, 0.9999926329730673, 0.9999929628664047, 0.9999931466649571, 0.9999998990628494, 0.9999999968694077]"
sampleJointGoalAndRSASignal_fromStart,session_4_player2,4.0,4,2,closer_to_player2,9,"[0.5, 0.6226295045162841, 0.9996817556804325, 0.9999998408889009, 0.9999999999072743, 0.9999999999998795, 0.9999999999999993, 1.0, 1.0]"
sampleJointGoalAndRSASignal_fromStart,session_4_player1,4.0,8,1,closer_to_player1,9,"[0.5, 0.6234319518218252, 0.9996814815298626, 0.9999998405605653, 0.9999999997841551, 0.9999999998920854, 0.9999999999460523, 0.9999999999730336, 0.9999999999866086]"
sampleJointGoalAndRSASignal_fromStart,session_4_player2,4.0,8,2,closer_to_player1,9,"[0.5, 0.5045359656535688, 0.5061122621247469, 0.5069812710561983, 0.5081292855621229, 0.5143995993132459, 0.4898582738973281, 0.44733549839421816, 0.5486901190049601]"
sampleJointGoalAndRSASignal_fromStart,session_4_player1,4.0,9,1,equal_to_both,11,"[0.5, 0.9893247864005246, 0.989538200613697, 0.9998880044535283, 0.9999980877168314, 0.9999981410484882, 0.9999999682544133, 0.999999999162892, 0.9999999999510324, 0.9999999999779284, 0.9999999999903304]"
sampleJointGoalAndRSASignal_fromStart,session_4_player2,4.0,9,2,equal_to_both,11,"[0.5, 0.5000000137565004, 0.9938491060866346, 0.9938937362981161, 0.9999621019897974, 0.9999625790096021, 0.9999997638492505, 0.9999999974143063, 0.9999999999537416, 0.9999999999983797, 0.9999999999992902]"
sampleJointGoalAndRSASignal_fromStart,session_4_player1,4.0,11,1,closer_to_player2,9,"[0.5, 0.48813017566032696, 0.477862425348176, 0.4622322163108752, 0.33398377123049244, 0.5091020979626409, 0.782094910430256, 0.9997886802715142, 0.9999998683932322]"
sampleJointGoalAndRSASignal_fromStart,session_4_player2,4.0,11,2,closer_to_player2,9,"[0.5, 0.9996589666541962, 0.9996693029051776, 0.9999998833369206, 0.9999999998430011, 0.9999999999240857, 0.9999999999780647, 0.9999999999999833, 1.0]"
sampleJointGoalAndRSASignal_fromStart,session_5_player1,5.0,0,1,closer_to_player1,4,"[0.5, 0.5063592180388258, 0.5894322264195243, 0.5915139376151938]"
sampleJointGoalAndRSASignal_fromStart,session_5_player2,5.0,0,2,closer_to_player1,13,"[0.5, 0.5035278621503326, 0.5058066747485257, 0.5066288944770526, 0.5078104496858457, 0.5019961726760889, 0.5083547758750248, 0.03196051138864995, 0.0018109815899886746, 0.0017992272398998338, 0.001303694061247441, 0.0026047755857245766, 0.005234887349335111]"
sampleJointGoalAndRSASignal_fromStart,session_5_player1,5.0,1,1,closer_to_player2,9,"[0.5, 0.5034349880984555, 0.5059054733621643, 0.5073708608143019, 0.5085185097800732, 0.5032666302051253, 0.5091814856756993, 0.5824330612062205, 0.5826497087733418]"
sampleJointGoalAndRSASignal_fromStart,session_5_player2,5.0,1,2,closer_to_player2,9,"[0.5, 0.6234398256502138, 0.9996814930974813, 0.9999998405666644, 0.9999999997841634, 0.9999999998920897, 0.9999999999460544, 0.9999999999730346, 0.9999999999866092]"
sampleJointGoalAndRSASignal_fromStart,session_5_player1,5.0,2,1,closer_to_player1,9,"[0.5, 0.4953746797568531, 0.497019282622753, 0.5770647080100145, 0.4054727071323324, 0.9999897901619903, 0.9999999998404744, 0.9999999999999916, 0.9999999999999958]"
sampleJointGoalAndRSASignal_fromStart,session_5_player2,5.0,2,2,closer_to_player1,9,"[0.5, 0.5028347455546692, 0.5056589502855002, 0.5128086913971509, 0.5065236626301602, 0.4915588980667348, 0.46427195728687043, 0.5481066264480597, 0.5502379887805449]"
sampleJointGoalAndRSASignal_fromStart,session_5_player1,5.0,3,1,equal_to_both,14,"[0.5, 0.017199807147374166, 0.6154415282297502, 0.6154668731973506, 0.9933817993233436, 0.9934579836345416, 0.9999303569363569, 0.9999314425034475, 0.9999992750339023, 0.9999999876219621, 0.9999999880898301, 0.9999999889401167, 0.9999999924226096, 0.9999999999526678]"
sampleJointGoalAndRSASignal_fromStart,session_5_player2,5.0,3,2,equal_to_both,12,"[0.5, 0.9827983842544424, 0.9832194077739325, 0.9997076469096655, 0.9997146666132816, 0.999719112986343, 0.9999970291177763, 0.9999970907373146, 0.9999999681454051, 0.9999999994301166, 0.9999999995523434, 0.9999999997393567]"
sampleJointGoalAndRSASignal_fromStart,session_5_player1,5.0,5,1,closer_to_player1,9,"[0.5, 0.5032794556949749, 0.6097282907863248, 0.9999012618146765, 0.9999999820493083, 0.9999999865206838, 0.9999999999975424, 0.9999999999987714, 0.9999999999993899]"
sampleJointGoalAndRSASignal_fromStart,session_5_player2,5.0,5,2,closer_to_player1,9,"[0.5, 0.5035047968893136, 0.5052051992955697, 0.506082202234667, 0.5064483649618992, 0.5047485989073015, 0.5662257192660478, 0.6073184743908733, 0.5362746892907536]"
sampleJointGoalAndRSASignal_fromStart,session_5_player2,5.0,6,2,closer_to_player2,4,"[0.5, 0.4722831213908066, 0.42972402923833036, 0.5309228943445495]"
sampleJointGoalAndRSASignal_fromStart,session_5_player1,5.0,7,1,equal_to_both,13,"[0.5, 0.9828669790901431, 0.9831940151643521, 0.9997073468325806, 0.9997142115113933, 0.9999951300662163, 0.9999998732577808, 0.9999998799318779, 0.9999998839248333, 0.999999998012456, 0.999999999930072, 0.9999999999676182, 0.9999999999676182]"
sampleJointGoalAndRSASignal_fromStart,session_5_player2,5.0,7,2,equal_to_both,14,"[0.5, 0.9811855241934875, 0.983385585546358, 0.9837999365245358, 0.9497678280195264, 0.9990783318786997, 0.9991197371668105, 0.9991355323531255, 0.9991471804107321, 0.9991907290898846, 0.9995415641901163, 0.9999988081255009, 0.9999999931002951, 0.999999999798331]"
sampleJointGoalAndRSASignal_fromStart,session_5_player1,5.0,11,1,equal_to_both,11,"[0.5, 0.5000968628731559, 0.5001073917270691, 0.5001095526825536, 0.5001146248893191, 0.9992301493346735, 0.999998691911577, 0.9999988688146951, 0.999999998124391, 0.9999999999936984, 0.9999999999999606]"
sampleJointGoalAndRSASignal_fromStart,session_5_player2,5.0,11,2,equal_to_both,13,"[0.5, 0.9894609154160721, 0.9895748679605897, 0.9998886008665554, 0.9998903290392295, 0.9985457020428756, 0.9999751885255652, 0.9999993542588713, 0.9999999750601235, 0.9999999976664599, 0.9999999989519752, 0.9999999995275355, 0.999999999793008]"
sampleJointGoalAndRSASignal_fromStart,session_6_player1,6.0,0,1,closer_to_player1,9,"[0.5, 0.9995412618680007, 0.9997344848186135, 0.9999998412571032, 0.9999999997641427, 0.9999999999980567, 0.9999999999999909, 1.0, 1.0]"
sampleJointGoalAndRSASignal_fromStart,session_6_player2,6.0,0,2,closer_to_player1,9,"[0.5, 0.5034031553258641, 0.9897023419459712, 0.9898637638012187, 0.9998936812349344, 0.9999982035171959, 0.99999825044106, 0.9999979455471343, 0.999999989103451]"
sampleJointGoalAndRSASignal_fromStart,session_6_player1,6.0,1,1,closer_to_player1,9,"[0.5, 0.5031835067600295, 0.9998315154014126, 0.9999999228191808, 0.9999999999142348, 0.9999999999635726, 0.9999999999998911, 0.9999999999999998, 1.0]"
sampleJointGoalAndRSASignal_fromStart,session_6_player2,6.0,1,2,closer_to_player1,11,"[0.5, 0.9832163562164088, 0.9995552575887142, 0.9999827585878799, 0.9999880982801649, 0.9999913927690006, 0.9999996914300506, 0.9999998514758072, 0.9990479950442476, 0.9995415444779494, 0.9997766009282679]"
sampleJointGoalAndRSASignal_fromStart,session_6_player1,6.0,4,1,closer_to_player2,9,"[0.5, 0.5185036283260329, 0.5288254559367973, 0.5548073411883696, 0.5667451834007663, 0.574983557204789, 0.5804578492672318, 0.5839304505754936, 0.5860204658403445]"
sampleJointGoalAndRSASignal_fromStart,session_6_player2,6.0,4,2,closer_to_player2,11,"[0.5, 0.5125069041847504, 0.5122015426336879, 0.5153664010521909, 0.6202157870267663, 0.9999060363602572, 0.9999999829414606, 0.9999999871704899, 0.9999999999976689, 0.9999999999988348, 0.9999999999994217]"
sampleJointGoalAndRSASignal_fromStart,session_6_player1,6.0,6,1,equal_to_both,11,"[0.5, 0.9894522400248654, 0.9895708877471299, 0.9896457134374256, 0.9896920603219785, 0.9897306974511176, 0.9999820911319192, 0.9999999381624177, 0.999999941321089, 0.9999999997642716, 0.9999999999979847]"
sampleJointGoalAndRSASignal_fromStart,session_6_player2,6.0,6,2,equal_to_both,11,"[0.5, 0.988364413868797, 0.9997811070429634, 0.999993820444615, 0.9999997430522884, 0.9999999772338976, 0.9999999919994873, 0.9999999963433186, 0.9999999982487753, 0.9999999991519023, 0.9999999996060666]"
sampleJointGoalAndRSASignal_fromStart,session_6_player1,6.0,7,1,closer_to_player2,9,"[0.5, 0.9832131398896073, 0.9836377374194273, 0.9997166119664532, 0.9997281755886128, 0.9997347133243883, 0.9999971793598411, 0.9999999297148707, 0.9999999654600938]"
sampleJointGoalAndRSASignal_fromStart,session_6_player2,6.0,7,2,closer_to_player2,9,"[0.5, 0.9996549593566282, 0.999999718892575, 0.9999997282324038, 0.9999998429482249, 0.9999999999068063, 0.9999999999998612, 0.9999999999999993, 1.0]"
sampleJointGoalAndRSASignal_fromStart,session_6_player1,6.0,9,1,closer_to_player1,9,"[0.5, 0.4937900568794152, 0.49635788752566606, 0.43546639889720107, 0.4834595850629349, 0.31716671982470046, 1.0, 1.0, 1.0]"
sampleJointGoalAndRSASignal_fromStart,session_6_player2,6.0,9,2,closer_to_player1,9,"[0.5, 0.5034892976283176, 0.5051389375711925, 0.5070036796662828, 0.5140579313047369, 0.5508845845466481, 0.556429805789988, 0.5599505153373568, 0.5620706485955012]"
sampleJointGoalAndRSASignal_fromStart,session_6_player1,6.0,11,1,closer_to_player2,9,"[0.5, 0.5052076047086594, 0.5066935525938203, 0.5082031537087528, 0.5085261483346146, 0.5109320739921906, 0.5051089798915899, 0.5467955318415039, 0.47107035148625825]"
sampleJointGoalAndRSASignal_fromStart,session_6_player2,6.0,11,2,closer_to_player2,9,"[0.5, 0.9984830189157607, 0.9979098853314919, 0.9971520056806191, 0.9962167647812924, 0.9952109702044409, 0.9999999248135226, 0.9999999353625038, 0.9999999999990031]"
sampleJointGoalAndRSASignal_fromStart,session_7_player1,7.0,0,1,equal_to_both,12,"[0.5, 0.9829793381277376, 0.983251285346578, 0.9834317455789875, 0.9998218628363065, 0.999996964634608, 0.9999970432189045, 0.9999999495164147, 0.9999999986689893, 0.9999999990078648, 0.9999999992206544, 0.9999999999804765]"
sampleJointGoalAndRSASignal_fromStart,session_7_player2,7.0,0,2,equal_to_both,13,"[0.5, 0.5, 0.9817784801897437, 0.9830004300015509, 0.9996997886038689, 0.9997120061107261, 0.9997168723665976, 0.9997204587134217, 0.999730607418302, 0.9997670292985332, 0.9999996136240555, 0.9999999987018792, 0.9999999999918913]"
sampleJointGoalAndRSASignal_fromStart,session_7_player1,7.0,3,1,closer_to_player2,10,"[0.5, 0.5035101254771449, 0.5063342598546101, 0.5134836304221181, 0.5329937163079963, 0.5413545028423418, 0.5469206280424141, 0.5469206280424141, 0.5504558359597609, 0.5525851627406422]"
sampleJointGoalAndRSASignal_fromStart,session_7_player2,7.0,3,2,closer_to_player2,4,"[0.5, 0.4200277390845525, 0.591649636894462, 0.7448684942996389]"
sampleJointGoalAndRSASignal_fromStart,session_7_player1,7.0,5,1,closer_to_player1,8,"[0.5, 0.5235125664470172, 0.5436693061400972, 0.5595595630257745, 0.5964875343578614, 0.6026575121934024, 0.6032714934264968, 0.6034848111585278]"
sampleJointGoalAndRSASignal_fromStart,session_7_player2,7.0,5,2,closer_to_player1,13,"[0.5, 0.5177348547555183, 0.5302529798697709, 0.5322748743099949, 0.5280228791190035, 0.5154308597898378, 0.5645161534476008, 0.5651355214621613, 0.5653544462390423, 7.640922876962121e-30, 1.1476945569433415e-29, 4.891591398801567e-59, 3.393370012786382e-59]"
sampleJointGoalAndRSASignal_fromStart,session_7_player2,7.0,7,2,closer_to_player2,4,"[0.5, 0.5609205897595458, 0.6016139652028838, 0.7011562769821703]"
sampleJointGoalAndRSASignal_fromStart,session_7_player1,7.0,8,1,equal_to_both,10,"[0.5, 0.9938486648523519, 0.9999345463921231, 0.9999988838786847, 0.999999970301048, 0.9999999981945907, 0.9999999991463053, 0.9999999995900857, 0.9999999998014534, 0.9999999999077759]"
sampleJointGoalAndRSASignal_fromStart,session_7_player2,7.0,8,2,equal_to_both,10,"[0.5, 0.4999635730835617, 0.9966366959588965, 0.9999791712940833, 0.9999794049535786, 0.9999795751511206, 0.9999999294741339, 0.9999999995483532, 0.9999999996330599, 0.999999999996863]"
sampleJointGoalAndRSASignal_fromStart,session_7_player1,7.0,9,1,closer_to_player1,12,"[0.5, 0.4063323877222901, 0.3220056174474618, 0.25201751179146825, 0.3434965411378497, 0.9997069228607997, 0.9999999475929622, 0.9999999475950917, 0.9999999999930566, 0.9999999999999968, 0.9999999999999983, 0.9999999999999992]"
sampleJointGoalAndRSASignal_fromStart,session_7_player2,7.0,9,2,closer_to_player1,8,"[0.5, 0.5041034631214361, 0.5064211337112051, 0.5117012250241223, 0.5103111320068068, 0.4301917181140051, 0.601867414136134, 0.7544847924770313]"
sampleJointGoalAndRSASignal_fromStart,session_8_player1,8.0,0,1,equal_to_both,12,"[0.5, 0.9829793381277376, 0.999544962715322, 0.9995600222950703, 0.9995700501921498, 0.9995767192437771, 0.9995820449895534, 0.9995972148701951, 0.9996516650120253, 0.9999994222287805, 0.9999999980588413, 0.9999999999878745]"
sampleJointGoalAndRSASignal_fromStart,session_8_player2,8.0,0,2,equal_to_both,12,"[0.5, 0.5001368753073085, 0.9893305671510015, 0.9895438670193472, 0.9998880657475817, 0.9999980887635199, 0.9999999501519551, 0.9999999529152132, 0.9999999547032484, 0.9999999991896232, 0.9999999993634409, 0.9999999999840535]"
sampleJointGoalAndRSASignal_fromStart,session_8_player1,8.0,1,1,closer_to_player1,7,"[0.5, 0.9999586503203478, 0.9999999960301127, 0.9999999999989863, 0.999999999999999, 1.0, 1.0]"
sampleJointGoalAndRSASignal_fromStart,session_8_player2,8.0,1,2,closer_to_player1,9,"[0.5, 0.9318686159695636, 0.9111953743667343, 0.9974410202090987, 0.9974053670256884, 0.9999524667714883, 0.9999982210084195, 0.9999991321860969, 0.999999571054405]"
sampleJointGoalAndRSASignal_fromStart,session_8_player1,8.0,3,1,closer_to_player2,9,"[0.5, 0.5034379190182381, 0.5059016476516383, 0.5071268068669457, 0.5116952396126847, 0.5100651411945332, 0.570811331403329, 0.5229422061495416, 0.6883619947158608]"
sampleJointGoalAndRSASignal_fromStart,session_8_player2,8.0,3,2,closer_to_player2,9,"[0.5, 0.4999335728883817, 0.49750976949108305, 0.4911429895179745, 0.5372804163911963, 0.6113477360297059, 1.0, 1.0, 1.0]"
sampleJointGoalAndRSASignal_fromStart,session_8_player1,8.0,5,1,equal_to_both,12,"[0.5, 0.9813695463270429, 0.9994619736421909, 0.9995466727764215, 0.9995641984807627, 0.9995716435141218, 0.9995760498703469, 0.9995795307669406, 0.9999985475773204, 0.9999986217674186, 0.9999999944632763, 0.9999999968510638]"
sampleJointGoalAndRSASignal_fromStart,session_8_player2,8.0,5,2,equal_to_both,12,"[0.5, 0.4995048483748881, 0.9893103915197361, 0.989512184715231, 0.9895918414007676, 0.9896386317964312, 0.9999647691852438, 0.999965058563805, 0.9999662856535467, 0.9999735594444182, 0.9999999803641348, 0.9999999999674459]"
sampleJointGoalAndRSASignal_fromStart,session_8_player1,8.0,6,1,closer_to_player2,11,"[0.5, 0.003408909808667834, 0.24322991113451395, 0.24603908376705352, 0.9686280591646896, 0.9697746547966659, 0.9996663239575071, 0.999753416800157, 0.9998066967489396, 0.9999985766143594, 0.9999992952774265]"
sampleJointGoalAndRSASignal_fromStart,session_8_player2,8.0,6,2,closer_to_player2,9,"[0.5, 0.9996535477712728, 0.9999997167070234, 0.9999997263146901, 0.9999999997736772, 0.9999999998357533, 0.999999999924834, 0.9999999999999016, 0.9999999999999999]"
sampleJointGoalAndRSASignal_fromStart,session_8_player1,8.0,8,1,closer_to_player1,2,"[0.5, 0.33415394624247796]"
sampleJointGoalAndRSASignal_fromStart,session_8_player1,8.0,9,1,closer_to_player1,9,"[0.5, 0.4854438854909478, 0.3461903367106205, 0.9999574621040705, 0.9999999971992337, 0.9999999999995179, 0.9999999999999998, 1.0, 1.0]"
sampleJointGoalAndRSASignal_fromStart,session_8_player2,8.0,9,2,closer_to_player1,5,"[0.5, 0.9976134111207164, 0.9999827522718996, 0.9999949873072116, 0.9999999554095579]"
sampleJointGoalAndRSASignal_fromStart,session_8_player1,8.0,10,1,equal_to_both,11,"[0.5, 0.9894522360352315, 0.9895708868575824, 0.9998885538801833, 0.9999980995239557, 0.9999999494300584, 0.9999999645245572, 0.9999999740368902, 0.9999999798651892, 0.9999999836413722, 0.9999999998601464]"
sampleJointGoalAndRSASignal_fromStart,session_8_player2,8.0,10,2,equal_to_both,17,"[0.5, 0.4996142031126655, 0.4995782391409555, 0.9966315225489232, 0.9999791391292471, 0.9997163624229221, 0.9999950703256113, 0.9999954013114066, 0.9999999204305675, 0.9999999968915103, 0.9999999985113103, 0.9999999992790449, 0.999998884037792, 0.9999983966542542, 0.9975243278382633, 0.9964469466732221, 0.9983464941015064]"
sampleJointGoalAndRSASignal_fromStart,session_9_player1,9.0,0,1,equal_to_both,12,"[0.5, 0.5000002973652893, 0.4999999725137041, 0.4999998931859572, 0.5000003271326149, 0.9983014230419532, 0.9999942152493386, 0.999994425293113, 0.9999999806310694, 0.9999999848635825, 0.9999999999491457, 0.9999999999996824]"
sampleJointGoalAndRSASignal_fromStart,session_9_player2,9.0,0,2,equal_to_both,12,"[0.5, 0.9817784801897437, 0.9994907453467917, 0.9995591589048518, 0.9995770971055526, 0.9999927768794687, 0.9999929783240049, 0.9999931248339926, 0.9999934967431158, 0.9999949178357197, 0.9999999829251944, 0.9999999998933419]"
sampleJointGoalAndRSASignal_fromStart,session_9_player1,9.0,1,1,equal_to_both,11,"[0.5, 0.4999577656075646, 0.9938419344037912, 0.9938889791580613, 0.9999621107910598, 0.9999996000979415, 0.9999996124720181, 0.9999999958753091, 0.9999999999042589, 0.9999999999536271, 0.99999999997846]"
sampleJointGoalAndRSASignal_fromStart,session_9_player2,9.0,1,2,equal_to_both,11,"[0.5, 0.4999462834015237, 0.993841727940562, 0.993888704123069, 0.9939162965115939, 0.9939392021512361, 0.9999894751108529, 0.9999999636588327, 0.9999999655151507, 0.9999999767170548, 0.9999999999613995]"
sampleJointGoalAndRSASignal_fromStart,session_9_player1,9.0,2,1,closer_to_player2,11,"[0.5, 0.9830621540668594, 0.9840622612036098, 0.9997088712730839, 0.9999820680025885, 0.9999906711804447, 0.9999906711804447, 0.9999906711804447, 0.9999950913263618, 0.9999974057353855, 0.9999986362149713]"
sampleJointGoalAndRSASignal_fromStart,session_9_player2,9.0,2,2,closer_to_player2,10,"[0.5, 0.4983116319703402, 0.4975572052194648, 0.4989405623399408, 0.5787501943074568, 0.9999872842120223, 0.9999999980366406, 0.9999999999995154, 0.9999999999999999, 1.0]"
sampleJointGoalAndRSASignal_fromStart,session_9_player1,9.0,5,1,closer_to_player1,6,"[0.5, 0.5001185943541027, 0.5026234115262646, 0.49720968913202296, 0.5395241416625213, 0.6376662202854775]"
sampleJointGoalAndRSASignal_fromStart,session_9_player1,9.0,6,1,closer_to_player1,9,"[0.5, 0.999539486732469, 0.9999994779399157, 0.9999997886552427, 0.9999999994187189, 0.9999999999988671, 0.9999999999999968, 1.0, 1.0]"
sampleJointGoalAndRSASignal_fromStart,session_9_player2,9.0,6,2,closer_to_player1,9,"[0.5, 0.9831559009436918, 0.9835543277281273, 0.9997155877809017, 0.9997228752972547, 0.9999953200946331, 0.9999954400826984, 0.9999946169770014, 0.9999999716177362]"
sampleJointGoalAndRSASignal_fromStart,session_9_player1,9.0,7,1,closer_to_player2,12,"[0.5, 0.6180666589879764, 0.9168512397737438, 0.9392428514233856, 0.06895534538600824, 0.4435075641788103, 0.4435075641788103, 0.5076381468405178, 0.5657197549234135, 0.6178489505635064, 0.6648609901060671, 0.7082119352168363]"
sampleJointGoalAndRSASignal_fromStart,session_9_player2,9.0,7,2,closer_to_player2,5,"[0.5, 0.6438948924345667, 1.0, 1.0, 1.0]"
sampleJointGoalAndRSASignal_fromStart,session_9_player1,9.0,9,1,equal_to_both,11,"[0.5, 0.9893247864005246, 0.989538200613697, 0.9896209886213304, 0.999935297964285, 0.999936117714705, 0.9999384374337102, 0.9999997860930545, 0.9999999985621828, 0.9999999999819068, 0.9999999999894654]"
sampleJointGoalAndRSASignal_fromStart,session_9_player2,9.0,9,2,equal_to_both,11,"[0.5, 0.9894602920158292, 0.9895745780541831, 0.9998885971375446, 0.9998903257184323, 0.9999988402052944, 0.999998864253968, 0.9999989256834338, 0.9999999927787724, 0.9999999950525638, 0.9999999999690957]"
sampleJointGoalAndRSASignal_fromStart,session_9_player1,9.0,10,1,closer_to_player1,6,"[0.5, 0.5046667614508336, 0.5071404631258877, 0.5130540375257889, 0.4703741112173593, 0.57155035517368]"
sampleJointGoalAndRSASignal_fromStart,session_9_player2,9.0,10,2,closer_to_player1,40,"[0.5, 0.5215556146335062, 0.5384497709220457, 0.5519378475436306, 0.5666417080827422, 0.5698385944683441, 0.05658622199643494, 0.00390759918021859, 0.0038408269869215097, 0.0002683479602735173, 0.00027530122503140094, 0.00030919874486873267, 0.0003110879568983408, 7.885802967232727e-06, 4.0278718686494815e-07, 2.9205390742734675e-08, 2.777394305940756e-09, 3.907138492990696e-10, 7.082428354593679e-11, 1.565684355731072e-11, 1.5438429051617125e-11, 1.572116422375598e-11, 1.582053793418057e-11, 2.056167941995692e-12, 2.0826766962065435e-12, 2.6500918690189337e-13, 2.684257674524073e-13, 2.7572080576898667e-13, 2.9097816802187224e-13, 1.941918847928105e-14, 1.9419188479281047e-14, 2.1761096524290285e-14, 2.204650574320341e-14, 2.2181252360260206e-14, 2.2237216462803616e-14, 3.1021784551936416e-16, 4.1709504532979106e-16, 4.174667878444356e-16, 2.4523484225955746e-45, 1.8337184307755516e-45]"
sampleJointGoalAndRSASignal_fromStart,session_9_player1,9.0,11,1,closer_to_player2,9,"[0.5, 0.5016403759536016, 0.5034941269247817, 0.4987869526353116, 0.9975861400633527, 0.9999889713777186, 0.9999999088528461, 0.9999999986498662, 0.9999999999557736]"
sampleJointGoalAndRSASignal_fromStart,session_9_player2,9.0,11,2,closer_to_player2,9,"[0.5, 0.622634291977797, 0.9996820690506494, 0.9999998544693895, 0.9999999998406456, 0.9999999999996187, 0.9999999999999984, 1.0, 1.0]"
sampleJointGoalAndRSASignal_fromStart,session_10_player1,10.0,3,1,closer_to_player1,5,"[0.5, 0.49835530643404224, 0.5592996624830858, 0.600036145359589, 0.6997759593460521]"
sampleJointGoalAndRSASignal_fromStart,session_10_player2,10.0,3,2,closer_to_player1,15,"[0.5, 0.5045062884870275, 0.5120929989602572, 0.5123965947464908, 0.5061113698359656, 0.4911466627774359, 0.4638617283986964, 0.028244447628362902, 0.035461621115430664, 0.0009206488652884484, 4.4398899803139425e-05, 4.3378191451691235e-05, 4.449572723353573e-05, 3.6988634479692485e-05, 5.746669703766072e-05]"
sampleJointGoalAndRSASignal_fromStart,session_10_player1,10.0,4,1,closer_to_player1,9,"[0.5, 0.7705252308145726, 0.9999927150208915, 0.999999999706323, 0.9999983976490545, 0.9999999998429202, 0.9999999999999845, 1.0, 1.0]"
sampleJointGoalAndRSASignal_fromStart,session_10_player2,10.0,4,2,closer_to_player1,10,"[0.5, 0.9312336681787687, 0.9127963119050015, 0.997231393578914, 0.9997830942551156, 0.9998781915210317, 0.9999298018357672, 0.9999298018357672, 0.9999586125900699, 0.9999751536763266]"
sampleJointGoalAndRSASignal_fromStart,session_10_player1,10.0,6,1,closer_to_player2,9,"[0.5, 0.9832244781979722, 0.9836258226035494, 0.9838803329210758, 0.9998299716247104, 0.9998315884494748, 0.9997687972630064, 0.9999992871946582, 0.9999999962324598]"
sampleJointGoalAndRSASignal_fromStart,session_10_player2,10.0,6,2,closer_to_player2,9,"[0.5, 0.9995403277262406, 0.9999994944907202, 0.9999999987978694, 0.9999999999942606, 0.9999999999975693, 0.9999999999999779, 0.9999999999999997, 1.0]"
sampleJointGoalAndRSASignal_fromStart,session_10_player1,10.0,9,1,closer_to_player2,9,"[0.5, 0.5035278621739877, 0.5058066748069104, 0.50768408031694, 0.5147445015585769, 0.5515709926598438, 0.557115080007228, 0.5606346511417156, 0.5627540621962445]"
sampleJointGoalAndRSASignal_fromStart,session_10_player2,10.0,9,2,closer_to_player2,6,"[0.5, 0.5045720180115786, 0.5029407165939795, 0.5638148795412633, 0.6044290532393561, 0.7036144587689118]"
sampleJointGoalAndRSASignal_fromStart,session_10_player1,10.0,10,1,closer_to_player2,9,"[0.5, 0.5034074911846652, 0.9896916910506878, 0.989860972541979, 0.9998920196232243, 0.9998945470011749, 0.9998956214403525, 0.9999994497510679, 0.999999452782031]"
sampleJointGoalAndRSASignal_fromStart,session_10_player2,10.0,10,2,closer_to_player2,9,"[0.5, 0.9996457617520103, 0.9996588067933936, 0.9997940251106089, 0.9999998920499067, 0.9999999999469745, 0.9999999999999399, 1.0, 1.0]"
sampleJointGoalAndRSASignal_fromStart,session_10_player1,10.0,11,1,closer_to_player1,9,"[0.5, 0.9980549965154838, 0.9999976547267623, 0.9999999958857659, 0.9999999999856717, 0.9999999999999081, 0.9999999999999991, 1.0, 1.0]"
sampleJointGoalAndRSASignal_fromStart,session_10_player2,10.0,11,2,closer_to_player1,9,"[0.5, 0.5029865495621082, 0.497075941767926, 0.36487698132221014, 0.997079718252539, 0.9999909864498284, 0.9999999524908835, 0.9999999995958481, 0.9999999999946896]"
sampleJointGoalAndRSASignal_fromStart,session_11_player1,11.0,1,1,closer_to_player2,9,"[0.5, 0.9830111889443955, 0.9840490526603091, 0.9997175330698052, 0.9999881057865786, 0.9999942743976047, 0.999997209982867, 0.9999986289554864, 0.9999993235073819]"
sampleJointGoalAndRSASignal_fromStart,session_11_player2,11.0,1,2,closer_to_player2,9,"[0.5, 0.49923510928764775, 0.9998680820433488, 0.9998699925406181, 0.9999141049450687, 0.9999999957832576, 0.9999999999992976, 0.9999999999999987, 1.0]"
sampleJointGoalAndRSASignal_fromStart,session_11_player1,11.0,2,1,closer_to_player1,9,"[0.5, 0.49542603756244025, 0.9998658124950549, 0.9998658074680066, 0.9998667304540151, 0.9999028203354343, 0.9999999986491669, 0.9999999999997526, 1.0]"
sampleJointGoalAndRSASignal_fromStart,session_11_player2,11.0,2,2,closer_to_player1,9,"[0.5, 0.5283662487830963, 0.9899994649032652, 0.9995519483580212, 0.9997559317865482, 0.9998658046685517, 0.9999262534503782, 0.9999598873867984, 0.9999786925616105]"
sampleJointGoalAndRSASignal_fromStart,session_11_player1,11.0,6,1,closer_to_player1,9,"[0.5, 0.4996397172908428, 0.501249829898707, 0.999944720519471, 0.9999645652254023, 0.9999999976314914, 0.999999999999017, 0.9999999999999997, 1.0]"
sampleJointGoalAndRSASignal_fromStart,session_11_player2,11.0,6,2,closer_to_player1,9,"[0.5, 0.4961214477576118, 0.9893091048272173, 0.9998104465924964, 0.9998661024127012, 0.9999010438430772, 0.9999985498582643, 0.9999992833168153, 0.9999996439829267]"
sampleJointGoalAndRSASignal_fromStart,session_11_player1,11.0,7,1,closer_to_player2,9,"[0.5, 0.5028403657032497, 0.5044879632462047, 0.5063527867345602, 0.5012144909507893, 0.5080971109120181, 0.4807602087871248, 0.43492443547799003, 0.5445882954130364]"
sampleJointGoalAndRSASignal_fromStart,session_11_player2,11.0,7,2,closer_to_player2,13,"[0.5, 0.4898169742474643, 0.4825044187073725, 0.9009638332483931, 0.9026515977113475, 0.9386424314853596, 0.8843677314692331, 0.7926713867865849, 0.9999903681862294, 0.9999999994448198, 0.9999999995618619, 0.9999999996233345, 0.9999999999999942]"
sampleJointGoalAndRSASignal_fromStart,session_11_player1,11.0,8,1,closer_to_player2,9,"[0.5, 0.5034829801078556, 0.5062369556402857, 0.5029047339978412, 0.5092938409300458, 0.49667853796575656, 0.545990172070744, 0.5466147276285971, 0.5468355000828606]"
sampleJointGoalAndRSASignal_fromStart,session_11_player2,11.0,8,2,closer_to_player2,11,"[0.5, 0.5078362129916068, 0.4190109593008322, 0.5444316510918394, 0.9995588337028489, 0.9993978611236534, 0.9999998904791768, 0.999999999941758, 0.9999999999708842, 0.9999999999854461, 0.9999999999927726]"
sampleJointGoalAndRSASignal_fromStart,session_11_player1,11.0,9,1,equal_to_both,11,"[0.5, 0.9893247864004746, 0.9998126603687639, 0.9999950361668053, 0.9999953444428424, 0.9999998785754431, 0.9999999953093579, 0.999999996746774, 0.9999999998096984, 0.9999999999142242, 0.9999999999624213]"
sampleJointGoalAndRSASignal_fromStart,session_11_player2,11.0,9,2,equal_to_both,11,"[0.5, 0.4999999712771894, 0.4999999543886775, 0.500000400601193, 0.5000050934235909, 0.5000376720396147, 0.9997008561854159, 0.9999997776532535, 0.9999999996313292, 0.9999999999987613, 0.9999999999999922]"
sampleJointGoalAndRSASignal_fromStart,session_11_player1,11.0,10,1,equal_to_both,11,"[0.5, 0.9894522360352315, 0.999817435889124, 0.9999952263448925, 0.9999998134502913, 0.9999998733449463, 0.9999999923005966, 0.9999999963593077, 0.9999999982518667, 0.9999999991532718, 0.9999999996066982]"
sampleJointGoalAndRSASignal_fromStart,session_11_player2,11.0,10,2,equal_to_both,11,"[0.5, 0.9883644188101147, 0.989261721185122, 0.9894273160824765, 0.9894800527559118, 0.9999642204689623, 0.9999997793306346, 0.9999997838058344, 0.9999997948500573, 0.9999999991758589, 0.9999999995312813]"
sampleJointGoalAndRSASignal_fromStart,session_12_player1,12.0,0,1,closer_to_player2,12,"[0.5, 0.9965754872318937, 0.9967309157611035, 0.9999879743116489, 0.9999998629913163, 0.9999999350198738, 0.999999981533815, 0.9999999998487488, 0.9999999999992765, 0.999999999999996, 1.0, 1.0]"
sampleJointGoalAndRSASignal_fromStart,session_12_player2,12.0,0,2,closer_to_player2,7,"[0.5, 0.9922020329549632, 0.999969352837345, 0.9999998015291279, 0.9999999979897861, 0.9999999999698119, 0.9999999999698119]"
sampleJointGoalAndRSASignal_fromStart,session_12_player1,12.0,1,1,closer_to_player1,9,"[0.5, 0.6234398256506297, 0.9996814930974821, 0.9999998405666644, 0.9999999997841634, 0.9999999998920897, 0.9999999999460544, 0.9999999999730346, 0.9999999999866092]"
sampleJointGoalAndRSASignal_fromStart,session_12_player2,12.0,1,2,closer_to_player1,9,"[0.5, 0.5034548848790169, 0.5057049513591866, 0.5075200543557399, 0.5029774303153656, 0.5092498043028417, 0.5584248128625185, 0.5590460771572018, 0.5592656767619795]"
sampleJointGoalAndRSASignal_fromStart,session_12_player1,12.0,3,1,closer_to_player1,8,"[0.5, 0.999868026398336, 0.9999999534128714, 0.9999999999135403, 0.9999999999523912, 0.9999999999750788, 0.9999999999917881, 0.9999999999999973]"
sampleJointGoalAndRSASignal_fromStart,session_12_player2,12.0,3,2,closer_to_player1,9,"[0.5, 0.514936462061359, 0.9892949101289744, 0.9925235261945766, 0.9946462246231581, 0.999919391655513, 0.9999541393498296, 0.9999739590168988, 0.9999854000992684]"
sampleJointGoalAndRSASignal_fromStart,session_12_player1,12.0,6,1,equal_to_both,11,"[0.5, 0.5000005878142516, 0.5000021360365476, 0.9966410781567686, 0.9999792331447943, 0.9999794459767334, 0.9999796147646314, 0.999999929611588, 0.9999999332070371, 0.9999999549037618, 0.9999999999252355]"
sampleJointGoalAndRSASignal_fromStart,session_12_player2,12.0,6,2,equal_to_both,11,"[0.5, 0.4996144438233121, 0.9937541704585038, 0.9938509191219376, 0.9999618130597804, 0.9999622414655085, 0.99999976712472, 0.9999999975209833, 0.9999999999424504, 0.9999999999721294, 0.9999999999870545]"
sampleJointGoalAndRSASignal_fromStart,session_12_player1,12.0,7,1,equal_to_both,12,"[0.5, 0.5002118526466498, 0.9893370726278337, 0.9998128245949438, 0.9999950372135565, 0.9999954641764048, 0.9999956902473458, 0.9999999249698178, 0.9999999963847614, 0.9999999982686706, 0.9999999991755989, 0.9999999996180224]"
sampleJointGoalAndRSASignal_fromStart,session_12_player2,12.0,7,2,equal_to_both,12,"[0.5, 0.9813341136738213, 0.9994596367948393, 0.9995463367086967, 0.9995639708494855, 0.9999925490963237, 0.9999929203980976, 0.9999998767478575, 0.9999999940611951, 0.9999999971559252, 0.9999999986457474, 0.9999999993725213]"
sampleJointGoalAndRSASignal_fromStart,session_12_player1,12.0,8,1,closer_to_player2,9,"[0.5, 0.9832232080672063, 0.999555641020037, 0.9999827804532768, 0.9999881053105099, 0.9999913984794878, 0.9999996935282324, 0.9999998527217037, 0.9999999283600056]"
sampleJointGoalAndRSASignal_fromStart,session_12_player2,12.0,8,2,closer_to_player2,13,"[0.5, 0.0032987858798228004, 0.003300444964734774, 0.983489817668208, 0.9999971377584741, 0.9999999986901299, 0.9999999992430737, 0.9999999999988469, 0.9999999999999981, 1.0, 0.9999999999995683, 0.9999999999999997, 1.0]"
sampleJointGoalAndRSASignal_fromStart,session_12_player1,12.0,9,1,equal_to_both,11,"[0.5, 0.9893247864004746, 0.9895382006136423, 0.98962098862126, 0.9896821846775847, 0.9999645558709924, 0.9999658429676062, 0.9999998813202997, 0.9999999992022713, 0.9999999994534574, 0.9999999999965861]"
sampleJointGoalAndRSASignal_fromStart,session_12_player2,12.0,9,2,equal_to_both,11,"[0.5, 0.9894602933839759, 0.9998177639763551, 0.9998219188055939, 0.9998246818162849, 0.999998145907045, 0.9999999683435562, 0.9999999991653709, 0.9999999993778677, 0.999999999978209, 0.9999999999904531]"
sampleJointGoalAndRSASignal_fromStart,session_12_player1,12.0,10,1,closer_to_player1,7,"[0.5, 0.9999561653684277, 0.9999999941507682, 0.9999999999985085, 0.9999999999999991, 1.0, 1.0]"
sampleJointGoalAndRSASignal_fromStart,session_12_player2,12.0,10,2,closer_to_player1,9,"[0.5, 0.9320397559852196, 0.9112746501515457, 0.9974427080951715, 0.9974063075533137, 0.9999524987570387, 0.999963120514134, 0.999999214140102, 0.9999996115121844]"
sampleJointGoalAndRSASignal_fromStart,session_13_player1,13.0,4,1,closer_to_player1,7,"[0.5, 0.9999444091628643, 0.9999645372040159, 0.999999994562794, 0.9999999999990717, 0.9999999999999997, 1.0]"
sampleJointGoalAndRSASignal_fromStart,session_13_player2,13.0,4,2,closer_to_player1,9,"[0.5, 0.4934015396772258, 0.5846550369502341, 0.44941576836007047, 0.6208976110455212, 0.7721324110132318, 0.9216378166463436, 0.9999352779453693, 0.9999999596686756]"
sampleJointGoalAndRSASignal_fromStart,session_13_player1,13.0,5,1,equal_to_both,12,"[0.5, 0.49951376275031273, 0.49946151291732066, 0.9938298450936017, 0.9999342617344663, 0.999935385185529, 0.9999993180054307, 0.9999999882233089, 0.9999999995398814, 0.9999999997790893, 0.9999999998929999, 0.999999999950299]"
sampleJointGoalAndRSASignal_fromStart,session_13_player2,13.0,5,2,equal_to_both,12,"[0.5, 0.4995048483748881, 0.4994511318335312, 0.9938295940719692, 0.9999342590680265, 0.9999988773294107, 0.9999989310123741, 0.9999989640884293, 0.9999999889741698, 0.9999999997440718, 0.9999999998760389, 0.9999999999424206]"
sampleJointGoalAndRSASignal_fromStart,session_13_player1,13.0,6,1,closer_to_player2,9,"[0.5, 0.9832232087748202, 0.9995556410586807, 0.9995814437405862, 0.9995979877270054, 0.9996073968416618, 0.9996114424809173, 0.999997947007234, 0.9999979647389219]"
sampleJointGoalAndRSASignal_fromStart,session_13_player2,13.0,6,2,closer_to_player2,11,"[0.5, 0.9978805345326179, 0.9980483025177261, 0.9999965700832192, 0.9999999880973035, 0.9999999999226272, 0.9999999999457835, 0.9999999999994781, 0.9999999999997553, 0.9999999999999307, 0.9999999999999994]"
sampleJointGoalAndRSASignal_fromStart,session_13_player1,13.0,7,1,closer_to_player2,10,"[0.5, 0.9830038048518446, 0.9840857421506833, 0.999712120056292, 0.9997997678020627, 0.9998546817565571, 0.9999972958671074, 0.9999972958671074, 0.9999986236183086, 0.999999309731645]"
sampleJointGoalAndRSASignal_fromStart,session_13_player2,13.0,7,2,closer_to_player2,7,"[0.5, 0.5739951155169691, 0.9999547708844467, 0.9999999987441767, 0.999999999999893, 1.0, 1.0]"
sampleJointGoalAndRSASignal_fromStart,session_13_player1,13.0,9,1,closer_to_player2,11,"[0.5, 0.4973930194156421, 0.9998666955166841, 0.999999954058857, 0.9999999999626236, 0.9999999999999345, 0.9999999999999998, 1.0, 1.0, 1.0, 1.0]"
sampleJointGoalAndRSASignal_fromStart,session_13_player2,13.0,9,2,closer_to_player2,5,"[0.5, 0.9939153340425424, 0.9999352927808846, 0.9999986803367417, 0.9999993605125848]"
sampleJointGoalAndRSASignal_fromStart,session_13_player1,13.0,11,1,closer_to_player1,6,"[0.5, 0.5250863396609812, 0.5456094545247143, 0.5604922401018405, 0.6434334927331127, 0.6472012744821092]"
sampleJointGoalAndRSASignal_fromStart,session_13_player2,13.0,11,2,closer_to_player1,12,"[0.5, 0.49614279725493765, 0.4936792528164068, 0.49245417461580465, 0.4955725520065375, 0.6013883257474854, 0.9998982912441567, 0.9998647637232689, 0.9998286407507587, 0.9999999973221367, 0.9999999999998566, 0.9999999999999288]"
sampleJointGoalAndRSASignal_fromStart,session_14_player1,14.0,0,1,closer_to_player2,9,"[0.5, 0.5034569209122965, 0.5056799576451506, 0.9940202911319175, 0.9940816993376516, 0.9999635502841603, 0.9999996132813267, 0.9999999909495354, 0.9999999956967932]"
sampleJointGoalAndRSASignal_fromStart,session_14_player2,14.0,0,2,closer_to_player2,11,"[0.5, 0.4959445629939578, 0.49458376091930545, 0.9996479797928862, 0.9999997134837882, 0.9999997227741383, 0.9999999997010494, 0.9999999998298275, 0.9999999999991133, 0.999999999999999, 1.0]"
sampleJointGoalAndRSASignal_fromStart,session_14_player1,14.0,3,1,closer_to_player2,12,"[0.5, 0.9962547754988366, 0.9999747736469012, 0.9999997163780459, 0.9999999949251738, 0.9999999954718034, 0.9999999955888761, 0.9999999999534325, 0.9999999999545804, 0.9999999999550646, 0.9999999999997617, 0.9999999999997651]"
sampleJointGoalAndRSASignal_fromStart,session_14_player2,14.0,3,2,closer_to_player2,8,"[0.5, 0.5100860139083407, 0.993966544027963, 0.9998937950666973, 0.9999479804612428, 0.999975568711179, 0.9999930879748162, 0.9999999434872034]"
sampleJointGoalAndRSASignal_fromStart,session_14_player1,14.0,4,1,closer_to_player2,9,"[0.5, 0.4934530395772546, 0.3575221332563884, 0.5265393792494638, 0.6898278063168252, 0.8164641467562751, 0.8989786400828478, 0.9468174327869279, 0.9728806761665897]"
sampleJointGoalAndRSASignal_fromStart,session_14_player2,14.0,4,2,closer_to_player2,5,"[0.5, 0.9999930367804011, 0.999999999891202, 0.9999999999999941, 0.9999999999999971]"
sampleJointGoalAndRSASignal_fromStart,session_14_player1,14.0,8,1,equal_to_both,10,"[0.5, 0.9938486648523678, 0.9999345463921233, 0.9999988838786847, 0.999999970301048, 0.9999999981945907, 0.9999999991463053, 0.9999999995900857, 0.9999999998014534, 0.9999999999077759]"
sampleJointGoalAndRSASignal_fromStart,session_14_player2,14.0,8,2,equal_to_both,10,"[0.5, 0.9937635351582704, 0.9999324749619001, 0.999934621808197, 0.9999993086482017, 0.9999999880377964, 0.9999999912635251, 0.9999999932256265, 0.9999999999113008, 0.9999999999588001]"
sampleJointGoalAndRSASignal_fromStart,session_14_player1,14.0,9,1,closer_to_player1,9,"[0.5, 0.49607240295483135, 0.9998662943215906, 0.9999999535297839, 0.9999999999388164, 0.9999999999694714, 0.9999999999851131, 0.9999999999955085, 0.9999999999999988]"
sampleJointGoalAndRSASignal_fromStart,session_14_player2,14.0,9,2,closer_to_player1,9,"[0.5, 0.5044896234396143, 0.5197636895057535, 0.43347381905876475, 0.5757090397459966, 0.40843067011785006, 0.9941747635903416, 0.9927612077550229, 0.9999834594851343]"
sampleJointGoalAndRSASignal_fromStart,session_14_player1,14.0,10,1,closer_to_player1,8,"[0.5, 0.000458812924142441, 0.00026529920351319966, 0.3997907168945818, 0.9987233430329363, 0.9999978548678501, 0.9999999934077972, 0.9999999999652851]"
sampleJointGoalAndRSASignal_fromStart,session_14_player2,14.0,10,2,closer_to_player1,12,"[0.5, 0.9965922997768656, 0.9999786538538092, 0.9999997625025433, 0.999999992804429, 0.9999999964690189, 0.9999999982641502, 0.9999999991837353, 0.9999999997693313, 0.9999999999981102, 0.999999999999991, 1.0]"
sampleJointGoalAndRSASignal_fromStart,session_14_player1,14.0,11,1,closer_to_player1,13,"[0.5, 0.9982533557958392, 0.7807901827384266, 0.9995090061685518, 0.9999983052544035, 0.9999999892783065, 0.9999999998835731, 0.9999999999979573, 0.9999999999999444, 0.9999999999999963, 0.9999999999999984, 0.9999999999999993, 0.9999999999999998]"
sampleJointGoalAndRSASignal_fromStart,session_14_player2,14.0,11,2,closer_to_player1,9,"[0.5, 0.9832247710206028, 0.9995561130218836, 0.9999831900401804, 0.9999843192195924, 0.999999399655913, 0.9999995577265979, 0.9999999776953197, 0.9999999899595144]"
sampleJointGoalAndRSASignal_fromStart,session_15_player1,15.0,0,1,equal_to_both,12,"[0.5, 0.5000002973652893, 0.4999999725137041, 0.9938491083227514, 0.9999345531761848, 0.9999355687015593, 0.9999363796676838, 0.9999995985039501, 0.9999996202198047, 0.9999999974472353, 0.9999999982510398, 0.9999999999890751]"
sampleJointGoalAndRSASignal_fromStart,session_15_player2,15.0,0,2,equal_to_both,12,"[0.5, 0.5001368753073085, 0.5001549094894345, 0.5001560720829251, 0.9966435422578858, 0.9999792225972483, 0.9999794858505319, 0.9999802307996412, 0.9999999313122665, 0.9999999995383021, 0.9999999999941901, 0.9999999999966172]"
sampleJointGoalAndRSASignal_fromStart,session_15_player1,15.0,2,1,closer_to_player1,6,"[0.5, 0.49681788003499533, 0.3913211942029042, 0.9993809065644187, 0.9999994718013088, 0.999999999111579]"
sampleJointGoalAndRSASignal_fromStart,session_15_player2,15.0,2,2,closer_to_player1,12,"[0.5, 0.9965910629652169, 0.9999786421953372, 0.99997966258159, 0.9999804813350202, 0.9999999320599724, 0.9999999525657195, 0.9999999674391972, 0.9999999863651108, 0.9999999999720266, 0.999999999999884, 0.9999999999999997]"
sampleJointGoalAndRSASignal_fromStart,session_15_player1,15.0,4,1,closer_to_player1,10,"[0.5, 0.48867337737110306, 0.4948867536705534, 0.49918717512934846, 0.5019680668693044, 0.5035945318202395, 0.49755064251639564, 0.503918228674952, 0.457811191629429, 0.5674514416978648]"
sampleJointGoalAndRSASignal_fromStart,session_15_player2,15.0,4,2,closer_to_player1,10,"[0.5, 0.5028347459105197, 0.50448115225101, 0.5063462080682691, 0.5012077587156326, 0.49539316826056995, 0.5017523971999556, 0.5849650477613579, 0.5849650477613579, 0.587053541209582]"
sampleJointGoalAndRSASignal_fromStart,session_15_player1,15.0,5,1,equal_to_both,12,"[0.5, 0.49950455244258546, 0.9893103811551124, 0.9998124054291263, 0.9999950280565476, 0.999995442356276, 0.9999998785471175, 0.9999999926269703, 0.9999999965216853, 0.9999999983300037, 0.999999999191123, 0.9999999996242802]"
sampleJointGoalAndRSASignal_fromStart,session_15_player2,15.0,5,2,equal_to_both,12,"[0.5, 0.9813699699426862, 0.9994619985188024, 0.9995466790835952, 0.9995642026782365, 0.9999925550968197, 0.9999929110890944, 0.9999931304291801, 0.9999932691814611, 0.9999999568961123, 0.9999999649800416, 0.9999999800828749]"
sampleJointGoalAndRSASignal_fromStart,session_15_player1,15.0,6,1,closer_to_player2,9,"[0.5, 0.5034829801066542, 0.5062369556389288, 0.5029047339964625, 0.5092938409286666, 0.4966785379643763, 0.47216075453409634, 0.5460112191449449, 0.5462320415159609]"
sampleJointGoalAndRSASignal_fromStart,session_15_player2,15.0,6,2,closer_to_player2,7,"[0.5, 0.5811732627368938, 0.9999732912085653, 0.9999660808020032, 0.9999604179401647, 0.9999528643076454, 1.0]"
sampleJointGoalAndRSASignal_fromStart,session_15_player1,15.0,8,1,closer_to_player2,9,"[0.5, 0.5029734066890011, 0.5131404148470681, 0.5077439190957386, 0.5915590513964362, 0.6696655870595989, 0.818234398092194, 0.6524909097079935, 0.9998595487970139]"
sampleJointGoalAndRSASignal_fromStart,session_15_player2,15.0,8,2,closer_to_player2,5,"[0.5, 0.9999928775242255, 0.999999999912869, 0.999999999999994, 1.0]"
sampleJointGoalAndRSASignal_fromStart,session_15_player1,15.0,9,1,closer_to_player2,9,"[0.5, 0.5039936110960929, 0.989709058828068, 0.9998227671726064, 0.9998301329879283, 0.9999970511461046, 0.9999977587491605, 0.9999999441522331, 0.9999999725549957]"
sampleJointGoalAndRSASignal_fromStart,session_15_player2,15.0,9,2,closer_to_player2,9,"[0.5, 0.999654981252703, 0.9999997189389659, 0.9999997282662898, 0.9999999997024545, 0.9999999999992881, 0.9999999999996874, 0.9999999999999987, 1.0]"
sampleJointGoalAndRSASignal_fromStart,session_15_player1,15.0,10,1,closer_to_player1,13,"[0.5, 0.9982793191794632, 0.9999941658939966, 0.9999941951561099, 0.9999999804198592, 0.9999999809972813, 0.9999999999329088, 0.9999999999993561, 0.9999999999996974, 0.9999999999999143, 0.9999999999497243, 0.9999999998607031, 0.9999999999988589]"
sampleJointGoalAndRSASignal_fromStart,session_15_player2,15.0,10,2,closer_to_player1,9,"[0.5, 0.9830771105888516, 0.9836432324470432, 0.9839168261221347, 0.9840782829811409, 0.9999012044515871, 0.9999022229535715, 0.9999994835319651, 0.9999994879927792]"
sampleJointGoalAndRSASignal_fromStart,session_15_player1,15.0,11,1,equal_to_both,11,"[0.5, 0.5000968628731559, 0.9937626781710156, 0.9999324615318581, 0.9999347489998403, 0.999999308228713, 0.999999324071823, 0.9999999925971056, 0.99999999986753, 0.9999999998959723, 0.9999999999394327]"
sampleJointGoalAndRSASignal_fromStart,session_15_player2,15.0,11,2,equal_to_both,11,"[0.5, 0.9894609154160721, 0.9895748679605897, 0.9896501733221725, 0.9897107806825778, 0.9898969898467914, 0.9905430349905253, 0.9999929059128647, 0.9999999882372824, 0.9999999999604804, 0.9999999999997532]"
sampleJointGoalAndRSASignal_fromStart,session_16_player1,16.0,0,1,closer_to_player2,9,"[0.5, 0.9832222727917264, 0.9995550112957227, 0.9999823636665324, 0.9999979871608564, 0.9999990379819139, 0.9999995329818134, 0.99999977095264, 0.999999887440278]"
sampleJointGoalAndRSASignal_fromStart,session_16_player2,16.0,0,2,closer_to_player2,9,"[0.5, 0.5031074470706074, 0.6083745969659647, 0.9999582328190098, 0.9999999912300214, 0.9999999999947958, 0.9999999999999922, 1.0, 1.0]"
sampleJointGoalAndRSASignal_fromStart,session_16_player1,16.0,3,1,equal_to_both,12,"[0.5, 0.9828669630019589, 0.9831940160261533, 0.9833779858695801, 0.9998212790818899, 0.9999969548544867, 0.9999970331013398, 0.9999999495134041, 0.9999999986699523, 0.999999999003884, 0.9999999999649536, 0.9999999999837709]"
sampleJointGoalAndRSASignal_fromStart,session_16_player2,16.0,3,2,equal_to_both,12,"[0.5, 0.5120831378596536, 0.9897771269038093, 0.9998198779244899, 0.9999952080589567, 0.9999998087887224, 0.9999999794189464, 0.9999999907106926, 0.9999999956750574, 0.999999997989213, 0.9999999990920987, 0.9999999997381689]"
sampleJointGoalAndRSASignal_fromStart,session_16_player1,16.0,5,1,equal_to_both,3,"[0.5, 0.9999381423064854, 0.9999603501373368]"
sampleJointGoalAndRSASignal_fromStart,session_16_player2,16.0,5,2,equal_to_both,3,"[0.5, 0.6314831143624883, 0.7737964918300506]"
sampleJointGoalAndRSASignal_fromStart,session_16_player1,16.0,7,1,closer_to_player1,6,"[0.5, 0.9975977031663789, 0.9999890231410107, 0.9999999093109411, 0.9999998935072489, 0.9999999994371764]"
sampleJointGoalAndRSASignal_fromStart,session_16_player2,16.0,7,2,closer_to_player1,14,"[0.5, 0.016775916834243565, 0.9070069344015426, 0.9996497397186367, 0.9999978211835614, 0.9999978363639698, 0.999997851211059, 0.9999999925062312, 0.9999999999507895, 0.9999999999991018, 0.9999999999995828, 0.9999999999998803, 0.9999999999999982, 1.0]"
sampleJointGoalAndRSASignal_fromStart,session_16_player1,16.0,8,1,closer_to_player1,11,"[0.5, 0.9982810039398686, 0.9999941797797005, 0.9999999640723337, 0.9999999644284587, 0.9999999647186224, 0.9999999662032747, 0.999999980754679, 0.9999999998992559, 0.9999999999998807, 0.9999999999999997]"
sampleJointGoalAndRSASignal_fromStart,session_16_player2,16.0,8,2,closer_to_player1,9,"[0.5, 0.5052498850784484, 0.989754712136137, 0.9998235266792533, 0.9999953363181775, 0.999996634129608, 0.9999998806858703, 0.9999999427268184, 0.9999999722606596]"
sampleJointGoalAndRSASignal_fromStart,session_16_player1,16.0,9,1,closer_to_player1,7,"[0.5, 0.43905121009033765, 0.4870985887073312, 0.3203302644438516, 1.0, 1.0, 1.0]"
sampleJointGoalAndRSASignal_fromStart,session_16_player2,16.0,9,2,closer_to_player1,9,"[0.5, 0.5034387434242588, 0.5059023898249226, 0.507127561110596, 0.5116959923762484, 0.5141006731838398, 0.5204524656053202, 0.47428876508683604, 0.5836276260602516]"
sampleJointGoalAndRSASignal_fromStart,session_17_player1,17.0,0,1,closer_to_player2,11,"[0.5, 0.5034387474073287, 0.5054188142774283, 0.5007334724958132, 0.37807831853751894, 0.5487312887648543, 0.7086631746846753, 0.8295368848097919, 0.206096836388939, 0.2348149330691841, 0.18468825880535794]"
sampleJointGoalAndRSASignal_fromStart,session_17_player2,17.0,0,2,closer_to_player2,9,"[0.5, 0.5045815053416955, 0.4296238209359135, 0.5098806147389847, 0.9999646036903679, 0.9999551492662876, 0.9999999992992022, 0.9999999993975274, 0.9999999999999907]"
sampleJointGoalAndRSASignal_fromStart,session_17_player1,17.0,4,1,equal_to_both,12,"[0.5, 0.9827974264286369, 0.9995347619489585, 0.9995578870435131, 0.9995685083087684, 0.9995752328913523, 0.999580579100132, 0.9999973521748928, 0.9999999710079854, 0.9999999730777738, 0.9999999815549392, 0.9999999998847827]"
sampleJointGoalAndRSASignal_fromStart,session_17_player2,17.0,4,2,equal_to_both,14,"[0.5, 0.5000267724274141, 0.4999880970612217, 0.5000148694886547, 0.9894497543877459, 0.9895707265710445, 0.9998885436545153, 0.9999981007104286, 0.9999981500971965, 0.9999981884669886, 0.9999999801648727, 0.999999981580935, 0.9999999997682203, 0.9999999998650488]"
sampleJointGoalAndRSASignal_fromStart,session_17_player1,17.0,5,1,closer_to_player1,7,"[0.5, 0.9940607140957121, 0.9999385493224631, 0.9999989601411141, 0.9999990926618287, 0.9999989409556148, 0.9999999944156112]"
sampleJointGoalAndRSASignal_fromStart,session_17_player2,17.0,5,2,closer_to_player1,14,"[0.5, 0.49755732274266934, 0.9982590007582166, 0.9999938213464283, 0.9999999323067632, 0.9999999662851395, 0.9999999839426997, 0.999999995487331, 0.9999999999812212, 0.9999999999999513, 0.9999999999999999, 0.9999999999997632, 0.9999999999997207, 0.9999999999999986]"
sampleJointGoalAndRSASignal_fromStart,session_17_player1,17.0,6,1,closer_to_player1,9,"[0.5, 0.9996549832662317, 0.999999718942417, 0.9999999995068328, 0.9999999999982588, 0.9999999999999832, 0.9999999999999921, 0.9999999999999978, 1.0]"
sampleJointGoalAndRSASignal_fromStart,session_17_player2,17.0,6,2,closer_to_player1,11,"[0.5, 0.00345869079812668, 0.24563127176094546, 0.24857014417289214, 0.969049769115364, 0.9994559909073802, 0.9999856239524663, 0.9999991763275023, 0.9999996108453527, 0.9999998129927189, 0.9999999090350001]"
sampleJointGoalAndRSASignal_fromStart,session_17_player1,17.0,7,1,equal_to_both,13,"[0.5, 0.9828662095789774, 0.9995382202496971, 0.9995585852670836, 0.9995689433383039, 0.9999926535801832, 0.9999998088054765, 0.9999999925837753, 0.9999999992751981, 0.9999999996675154, 0.9999999998461148, 0.9999999998461147, 0.9999999999287397]"
sampleJointGoalAndRSASignal_fromStart,session_17_player2,17.0,7,2,equal_to_both,12,"[0.5, 0.9811855241947887, 0.9833855855459729, 0.9997053925260663, 0.9999921614170911, 0.9999928815535816, 0.9999932427030086, 0.9999998823989031, 0.9999999946364198, 0.9999999975063222, 0.9999999988740661, 0.9999999996752902]"
sampleJointGoalAndRSASignal_fromStart,session_17_player1,17.0,9,1,closer_to_player2,9,"[0.5, 0.5045056491710727, 0.5060243647532148, 0.5068465753350075, 0.5071808508503834, 0.5055502347332296, 0.4254475066128123, 0.5970043037047157, 0.7490661062444444]"
sampleJointGoalAndRSASignal_fromStart,session_17_player2,17.0,9,2,closer_to_player2,9,"[0.5, 0.503120715414472, 0.6086037629789754, 0.9999013161301689, 0.9999999820844293, 0.9999999865259268, 0.9999999999975517, 0.9999999999987761, 0.9999999999993927]"
sampleJointGoalAndRSASignal_fromStart,session_17_player1,17.0,10,1,equal_to_both,11,"[0.5, 0.4999995384191024, 0.993848653564949, 0.9999345462712845, 0.9999988838766242, 0.9999999703009933, 0.9999999791657777, 0.9999999847522355, 0.9999999996460753, 0.9999999998285726, 0.9999999999203727]"
sampleJointGoalAndRSASignal_fromStart,session_17_player2,17.0,10,2,equal_to_both,11,"[0.5, 0.9883644188101147, 0.9997811072211956, 0.9999938204518092, 0.99999974305267, 0.9999998621200249, 0.9999999915482612, 0.9999999961370821, 0.9999999981500063, 0.9999999991040697, 0.9999999995838488]"
sampleJointGoalAndRSASignal_fromStart,session_18_player1,18.0,0,1,closer_to_player2,9,"[0.5, 0.9831734798026679, 0.9995317866106733, 0.9999600597539074, 0.9999803903270076, 0.9999903136314949, 0.9999952201604223, 0.9999976679920215, 0.999998891098322]"
sampleJointGoalAndRSASignal_fromStart,session_18_player2,18.0,0,2,closer_to_player2,11,"[0.5, 0.9982698065798633, 0.9982579646504196, 0.9982546530710981, 0.9982520736498174, 0.9999994112109739, 0.9999999995284132, 0.999999999999179, 0.9999999999999971, 1.0, 1.0]"
sampleJointGoalAndRSASignal_fromStart,session_18_player1,18.0,1,1,closer_to_player1,6,"[0.5, 0.501586040983246, 0.5081123284202934, 0.5575197661988678, 0.558152287781594, 0.5583721005148496]"
sampleJointGoalAndRSASignal_fromStart,session_18_player1,18.0,2,1,closer_to_player1,9,"[0.5, 0.999509913615982, 0.9995130813277335, 0.9999998280416108, 0.999999876774502, 0.9999999999357478, 0.9999999999679057, 0.9999999999841895, 0.9999999999947099]"
sampleJointGoalAndRSASignal_fromStart,session_18_player2,18.0,2,2,closer_to_player1,9,"[0.5, 0.5025127406497142, 0.5054933047101527, 0.5174847736438661, 0.43843497815259136, 0.3597787692242719, 0.28753366969014416, 0.4278071176701145, 0.9985488892053767]"
sampleJointGoalAndRSASignal_fromStart,session_18_player1,18.0,3,1,closer_to_player1,12,"[0.5, 0.48981697424501336, 0.49458085815522107, 0.41146879995756624, 0.34087449986946927, 0.2881679269364332, 0.32938488869550353, 0.9999858232518802, 0.999983509616577, 0.999980237917784, 0.999980237917784, 1.0]"
sampleJointGoalAndRSASignal_fromStart,session_18_player2,18.0,3,2,closer_to_player1,11,"[0.5, 0.5045062884870275, 0.5021916247777639, 0.50934285368767, 0.5288666283078806, 0.5372371509116524, 0.5428110449161286, 0.5463517214023236, 0.01632052392052905, 0.013604367519072525, 0.010078250906103954]"
sampleJointGoalAndRSASignal_fromStart,session_18_player1,18.0,7,1,closer_to_player2,9,"[0.5, 0.9831482118657626, 0.9835636497921076, 0.9838292518866191, 0.9839894688378854, 0.9999004649763625, 0.9999989239876679, 0.9999990887444415, 0.9999999867984274]"
sampleJointGoalAndRSASignal_fromStart,session_18_player2,18.0,7,2,closer_to_player2,9,"[0.5, 0.999644265874675, 0.9996682641825828, 0.9999998434196211, 0.9999999355460732, 0.9999999999330549, 0.9999999999998529, 0.9999999999999998, 1.0]"
sampleJointGoalAndRSASignal_fromStart,session_18_player1,18.0,8,1,equal_to_both,10,"[0.5, 0.5000013107431016, 0.5000016316165059, 0.9982965269401318, 0.9983029673555266, 0.9999970658753037, 0.9999971689201698, 0.9999999947586167, 0.999999996461204, 0.9999999999941331]"
sampleJointGoalAndRSASignal_fromStart,session_18_player2,18.0,8,2,equal_to_both,10,"[0.5, 0.9937635351582704, 0.9938603441112864, 0.9938911577682416, 0.9939143091040394, 0.9940217370231516, 0.9999951319109208, 0.9999961822142878, 0.9999999971648162, 0.9999999999952996]"
sampleJointGoalAndRSASignal_fromStart,session_18_player1,18.0,9,1,closer_to_player2,9,"[0.5, 0.5020306687894481, 0.4953511274080774, 0.3627393614792491, 0.5331670246963524, 0.7025583996116265, 0.8910106429728848, 0.9999072035364469, 0.9999999422132384]"
sampleJointGoalAndRSASignal_fromStart,session_18_player2,18.0,9,2,closer_to_player2,9,"[0.5, 0.9996589819018735, 0.9999997189174544, 0.99999980258343, 0.9999999997343348, 0.9999999998715436, 0.999999999962886, 0.9999999999999718, 1.0]"
sampleJointGoalAndRSASignal_fromStart,session_18_player1,18.0,11,1,equal_to_both,11,"[0.5, 0.5000968628727275, 0.9937626781710107, 0.9938660997730047, 0.9999618488804143, 0.9999623846318301, 0.999999762569479, 0.9999997754465411, 0.9999998245183932, 0.9999999994104278, 0.9999999999963173]"
sampleJointGoalAndRSASignal_fromStart,session_18_player2,18.0,11,2,equal_to_both,11,"[0.5, 0.9894609058699039, 0.9895748655233835, 0.9896501722880896, 0.9999354909655095, 0.9999993178540765, 0.9999999883531835, 0.9999999887932991, 0.9999999895933571, 0.9999999998690462, 0.9999999999967194]"
sampleJointGoalAndRSASignal_fromStart,session_19_player1,19.0,1,1,equal_to_both,11,"[0.5, 0.9893313483100914, 0.9998127777789211, 0.9998200163689289, 0.9998230916536605, 0.9998249118522149, 0.999998920153936, 0.9999989419648272, 0.9999999932244243, 0.999999999911286, 0.9999999999587929]"
sampleJointGoalAndRSASignal_fromStart,session_19_player2,19.0,1,2,equal_to_both,11,"[0.5, 0.989331316828633, 0.9998127766908778, 0.9998200158561183, 0.999823091320285, 0.9998249115656773, 0.9998263495060479, 0.9999994003083902, 0.999999430940806, 0.999999997713941, 0.999999999980456]"
sampleJointGoalAndRSASignal_fromStart,session_19_player1,19.0,2,1,closer_to_player1,9,"[0.5, 0.49992844622402843, 0.9998680250937195, 0.9999999531030508, 0.9999999673744809, 0.9999999999732018, 0.9999999999916342, 0.9999999999999925, 1.0]"
sampleJointGoalAndRSASignal_fromStart,session_19_player2,19.0,2,2,closer_to_player1,9,"[0.5, 0.9830615830786553, 0.9840012964046481, 0.9846123746750469, 0.9998264170313805, 0.9998730229180077, 0.9999972503608655, 0.999998498910684, 0.9999991785264618]"
sampleJointGoalAndRSASignal_fromStart,session_19_player1,19.0,3,1,closer_to_player2,11,"[0.5, 0.9832068000004647, 0.9995545484843495, 0.9995818502291867, 0.9995989590840961, 0.999993076096773, 0.9999997014467691, 0.9999997014467691, 0.999999857399116, 0.9999998573991161, 0.9999999321978393]"
sampleJointGoalAndRSASignal_fromStart,session_19_player2,19.0,3,2,closer_to_player2,12,"[0.5, 0.0061168481816079355, 0.9472076817633006, 0.9999553437237801, 0.9999553118848493, 0.9999999636420108, 0.9999999648196131, 0.9999999999620629, 0.9999999999999107, 0.9999999999999498, 0.9999999999999998, 1.0]"
sampleJointGoalAndRSASignal_fromStart,session_19_player1,19.0,4,1,closer_to_player2,9,"[0.5, 0.9832131398896073, 0.9836377374194273, 0.9997166119664532, 0.9999923817228, 0.9999994257906083, 0.999999721247661, 0.9999998632869219, 0.9999999328157023]"
sampleJointGoalAndRSASignal_fromStart,session_19_player2,19.0,4,2,closer_to_player2,11,"[0.5, 0.9982498351884105, 0.9999939390194013, 0.9999940443055576, 0.9999999798664094, 0.9999999805224419, 0.9999999816332878, 0.9999999896942452, 0.9999999999846522, 0.9999999999998906, 0.9999999999999994]"
sampleJointGoalAndRSASignal_fromStart,session_19_player1,19.0,5,1,closer_to_player1,4,"[0.5, 0.5494920065261394, 0.550126814833714, 0.5503474091102397]"
sampleJointGoalAndRSASignal_fromStart,session_19_player2,19.0,5,2,closer_to_player1,28,"[0.5, 0.5028816712174506, 0.5056461719951265, 0.5121035781065516, 0.5078377637719492, 0.536803292844329, 0.04514833428481173, 0.04391162156107521, 0.0028487944529999552, 0.0028487944529999552, 0.0036174464158788377, 0.0001641446983087648, 1.07167067311776e-05, 1.0981155976519563e-05, 7.169709306305428e-07, 7.55873731221189e-07, 5.035870991442366e-08, 5.672330479809074e-09, 5.791588315537886e-09, 5.866350338624456e-10, 5.989687342900637e-10, 6.137492609053712e-10, 6.216878215281035e-10, 6.254859275737133e-10, 6.27064032984318e-10, 1.1760604279571742e-11, 1.1790276367206048e-11, 1.1800784633115448e-11]"
sampleJointGoalAndRSASignal_fromStart,session_19_player1,19.0,10,1,closer_to_player1,9,"[0.5, 0.4988375308327687, 0.504095476333188, 0.5095019382851849, 0.46715395552036376, 0.5396979281460282, 1.0, 1.0, 1.0]"
sampleJointGoalAndRSASignal_fromStart,session_19_player2,19.0,10,2,closer_to_player1,9,"[0.5, 0.5045359656516974, 0.5077370829054993, 0.5042715055658187, 0.4997238242859729, 0.505997116945909, 0.481459210152742, 0.43903805558925707, 0.36917277783553293]"
sampleJointGoalAndRSASignal_fromStart,session_19_player1,19.0,11,1,closer_to_player2,13,"[0.5, 0.4192745646831155, 0.5572664908975633, 0.39451089126645633, 0.9758597980448216, 0.9659154872482029, 0.9998559292504343, 0.9998209685173501, 0.9182182060585772, 0.02657450609266006, 0.025568545710702852, 0.02067813681129503, 0.919870624586286]"
sampleJointGoalAndRSASignal_fromStart,session_19_player2,19.0,11,2,closer_to_player2,7,"[0.5, 0.9999426611171496, 0.9999999925695678, 0.9999999999974584, 0.9999999999999979, 1.0, 1.0]"
sampleJointGoalAndRSASignal_fromStart,session_20_player1,20.0,0,1,equal_to_both,12,"[0.5, 0.5000002973652893, 0.9894603264425085, 0.9895745962519106, 0.9998885973982972, 0.9999981018816587, 0.9999981510231757, 0.9999981893620264, 0.9999999801746877, 0.9999999815900387, 0.9999999997683349, 0.9999999999941965]"
sampleJointGoalAndRSASignal_fromStart,session_20_player2,20.0,0,2,equal_to_both,12,"[0.5, 0.9817784801897437, 0.9830004300015509, 0.9833381486367847, 0.9998205192047409, 0.999996935227467, 0.9999999200658359, 0.9999999244968766, 0.9999999980090374, 0.9999999985162648, 0.9999999999480298, 0.9999999999772317]"
sampleJointGoalAndRSASignal_fromStart,session_20_player1,20.0,2,1,closer_to_player1,9,"[0.5, 0.6226181334175034, 0.9996817537026415, 0.9999998408881542, 0.9999999997851633, 0.9999999998925936, 0.999999999946308, 0.999999999973162, 0.9999999999866812]"
sampleJointGoalAndRSASignal_fromStart,session_20_player2,20.0,2,2,closer_to_player1,9,"[0.5, 0.5034052051526385, 0.5056594996208952, 0.507524450659847, 0.5145784526754893, 0.49961664638018743, 0.558105140206306, 0.5616230285036468, 0.5637413817421886]"
sampleJointGoalAndRSASignal_fromStart,session_20_player1,20.0,3,1,closer_to_player2,9,"[0.5, 0.5035101256904665, 0.50515649620234, 0.5070214944268172, 0.5018831584416167, 0.49606852412686026, 0.5024277918278173, 0.4563417773124391, 0.5659968316515986]"
sampleJointGoalAndRSASignal_fromStart,session_20_player2,20.0,3,2,closer_to_player2,13,"[0.5, 0.4914959471998333, 0.4896659246331354, 0.4956479621382402, 0.6283318341462277, 0.9991021290559661, 0.9987626159919095, 0.9983134182566206, 0.9999996933227476, 0.9999999998374047, 0.9999999999187191, 0.9999999999593718, 0.9999999999798375]"
sampleJointGoalAndRSASignal_fromStart,session_20_player1,20.0,5,1,equal_to_both,12,"[0.5, 0.9813699798709308, 0.9828277692831022, 0.9996966879670375, 0.9999919602139712, 0.9999996820688085, 0.9999997894222984, 0.9999999872164763, 0.9999999939692203, 0.9999999971045233, 0.9999999985975511, 0.9999999993485686]"
sampleJointGoalAndRSASignal_fromStart,session_20_player2,20.0,5,2,equal_to_both,12,"[0.5, 0.4995048483807359, 0.49945113184199774, 0.4994497239610239, 0.4994499456111918, 0.49944201172876485, 0.9992044750643321, 0.9992185903813318, 0.9993027013169596, 0.9999997915072968, 0.9999999998451686, 0.9999999999997433]"
sampleJointGoalAndRSASignal_fromStart,session_20_player1,20.0,7,1,closer_to_player1,2,"[0.5, 0.5021522003928645]"
sampleJointGoalAndRSASignal_fromStart,session_20_player1,20.0,8,1,closer_to_player1,9,"[0.5, 0.9996549832652749, 0.9996628973318215, 0.999999845695461, 0.999999999831055, 0.9999999999995971, 0.9999999999999974, 0.9999999999999992, 1.0]"
sampleJointGoalAndRSASignal_fromStart,session_20_player2,20.0,8,2,closer_to_player1,9,"[0.5, 0.9830765837200688, 0.9836432371603087, 0.9997166886203398, 0.9999925150649317, 0.9999945943736873, 0.999999807407269, 0.9999999074500044, 0.9999999549813744]"
sampleJointGoalAndRSASignal_fromStart,session_20_player1,20.0,9,1,closer_to_player2,10,"[0.5, 0.9832177956934748, 0.999555601511791, 0.9999831562199734, 0.9999843066253667, 0.999999393218576, 0.9999999447345341, 0.9999999447345341, 0.9999999742260965, 0.9999999878027646]"
sampleJointGoalAndRSASignal_fromStart,session_20_player2,20.0,9,2,closer_to_player2,9,"[0.5, 0.9995412619503834, 0.9999994968052502, 0.9999999988066797, 0.9999999993393036, 0.9999999999945564, 0.9999999999999718, 0.9999999999999998, 1.0]"
sampleJointGoalAndRSASignal_fromStart,session_20_player1,20.0,11,1,closer_to_player2,9,"[0.5, 0.46559266244756026, 0.48201830274249385, 0.3964512835098548, 0.5376142168662453, 0.9923263667466066, 0.9913287083754465, 0.9999477510906374, 0.9999662496883259]"
sampleJointGoalAndRSASignal_fromStart,session_20_player2,20.0,11,2,closer_to_player2,9,"[0.5, 0.4958431126315266, 0.9998659141142748, 0.9999999533334469, 0.9999999665866035, 0.9999999756290093, 0.9999999999942684, 0.9999999999982649, 0.9999999999999996]"
sampleJointGoalAndRSASignal_fromStart,session_21_player1,21.0,0,1,closer_to_player1,11,"[0.5, 0.9982793809994, 0.9982745051162102, 0.9999970452237744, 0.9999970502032451, 0.9999999949680237, 0.9999999999830649, 0.9999999999998944, 0.9999999999999981, 0.9999999999999991, 0.9999999999999996]"
sampleJointGoalAndRSASignal_fromStart,session_21_player2,21.0,0,2,closer_to_player1,10,"[0.5, 0.9813011396421103, 0.985191679112894, 0.9997315466473803, 0.9999854944181933, 0.9999929716464178, 0.9999965335368327, 0.9999965335368327, 0.9999983088819524, 0.9999991958541681]"
sampleJointGoalAndRSASignal_fromStart,session_21_player1,21.0,3,1,closer_to_player2,23,"[0.5, 0.5034379190792883, 0.5059016477656314, 0.5071268069371871, 0.5040084141048002, 0.09630303757855889, 0.0979057352896251, 0.008302862771465414, 0.008341865967610492, 0.008151645702054738, 0.0004529548371696054, 0.0004425457903214896, 2.4411332920135806e-05, 2.509278076136695e-05, 1.2090843973845282e-06, 9.025439305442424e-08, 9.037526270309853e-08, 8.978761949305389e-08, 6.451668765480127e-09, 6.409718351769512e-09, 8.188342144662896e-09, 9.679462330792328e-09, 1.5038622690582542e-08]"
sampleJointGoalAndRSASignal_fromStart,session_21_player2,21.0,3,2,closer_to_player2,4,"[0.5, 0.4941693579089299, 0.446047414460283, 0.6186885210093027]"
sampleJointGoalAndRSASignal_fromStart,session_21_player1,21.0,5,1,closer_to_player1,2,"[0.5, 0.9994970062274819]"
sampleJointGoalAndRSASignal_fromStart,session_21_player2,21.0,5,2,closer_to_player1,12,"[0.5, 0.4955114224257085, 0.5051516373316597, 0.5146548349049545, 0.5233984433716325, 0.5130926441565917, 0.37904400871859933, 0.5131965039405936, 0.6792822301635768, 1.0, 1.0, 1.0]"
sampleJointGoalAndRSASignal_fromStart,session_21_player1,21.0,6,1,equal_to_both,11,"[0.5, 0.5000005878142516, 0.5000021360365476, 0.9966410781567686, 0.996656219374183, 0.9999887102867959, 0.9999999303831568, 0.9999999317890395, 0.9999999995631829, 0.9999999999942807, 0.9999999999973435]"
sampleJointGoalAndRSASignal_fromStart,session_21_player2,21.0,6,2,equal_to_both,11,"[0.5, 0.9883644138688048, 0.9997811070429636, 0.9999938204446153, 0.9999997430522884, 0.9999999772338976, 0.9999999919994873, 0.9999999963433186, 0.9999999982487753, 0.9999999991519023, 0.9999999996060666]"
sampleJointGoalAndRSASignal_fromStart,session_21_player1,21.0,7,1,closer_to_player2,9,"[0.5, 0.9822042860179687, 0.9825646154156057, 0.999695492334934, 0.9999915844878052, 0.9999992721851, 0.9999996247246141, 0.9999998018787893, 0.999999893400775]"
sampleJointGoalAndRSASignal_fromStart,session_21_player2,21.0,7,2,closer_to_player2,7,"[0.5, 0.9999427862961267, 0.9999999924759796, 0.9999999999973781, 0.9999999999999964, 1.0, 1.0]"
sampleJointGoalAndRSASignal_fromStart,session_21_player1,21.0,8,1,equal_to_both,10,"[0.5, 0.9938486648523519, 0.9938929886439289, 0.9939204411541835, 0.9999794170835222, 0.9999998730764129, 0.9999998756395795, 0.9999999992036066, 0.9999999993529661, 0.9999999996320083]"
sampleJointGoalAndRSASignal_fromStart,session_21_player2,21.0,8,2,equal_to_both,10,"[0.5, 0.4999635730835617, 0.9966366959588965, 0.9966535917915831, 0.9966663030762452, 0.9999942266394165, 0.9999999800651985, 0.9999999998723377, 0.999999999896281, 0.9999999999410112]"
sampleJointGoalAndRSASignal_fromStart,session_21_player1,21.0,9,1,closer_to_player1,11,"[0.5, 0.9982578044806706, 0.9982555721429912, 0.9999970057483759, 0.9999970176928554, 0.9999971143945557, 0.99999830642287, 0.9999999992502318, 0.9999999999960932, 0.9999999999999953, 1.0]"
sampleJointGoalAndRSASignal_fromStart,session_21_player2,21.0,9,2,closer_to_player1,10,"[0.5, 0.9832225149409349, 0.999555264597602, 0.9999824832892049, 0.9999980751855346, 0.9999980751855346, 0.9999990958997682, 0.9999995703736859, 0.9999997947932339, 0.9999999024307281]"
sampleJointGoalAndRSASignal_fromStart,session_21_player1,21.0,11,1,closer_to_player2,9,"[0.5, 0.5246357392992913, 0.545927888135556, 0.5628477244454365, 0.5923159824615604, 0.6064654493755939, 0.611826546052507, 0.6152118465592663, 0.6172477275549204]"
sampleJointGoalAndRSASignal_fromStart,session_21_player2,21.0,11,2,closer_to_player2,9,"[0.5, 0.5031187934788421, 0.4282435194824241, 0.5084068530977243, 0.9999643938245946, 0.9999548825981103, 0.9999475197246417, 0.9999371080583204, 1.0]"
sampleJointGoalAndRSASignal_fromStart,session_22_player1,22.0,0,1,closer_to_player1,6,"[0.5, 0.4963786949301574, 0.9987220037005219, 0.999996639882492, 0.9999959895501408, 0.9999999932621909]"
sampleJointGoalAndRSASignal_fromStart,session_22_player2,22.0,0,2,closer_to_player1,12,"[0.5, 0.6471447402114031, 0.775735762045136, 0.8697973122799091, 0.9300973251118219, 0.975919416987325, 0.9999981003301869, 0.999999999829975, 0.9999999999999707, 1.0, 1.0, 1.0]"
sampleJointGoalAndRSASignal_fromStart,session_22_player1,22.0,5,1,equal_to_both,12,"[0.5, 0.49950455244258546, 0.49945078208861865, 0.4994493648355668, 0.49944958465932104, 0.499441650412007, 0.4993416367080372, 0.9996718340144094, 0.9997071721002807, 0.9999999124797048, 0.9999999999350054, 0.9999999999998922]"
sampleJointGoalAndRSASignal_fromStart,session_22_player2,22.0,5,2,equal_to_both,12,"[0.5, 0.4995048483807359, 0.49945113184199774, 0.9938295940720098, 0.9938766622431282, 0.9939043086670968, 0.9939272591665306, 0.9999894542447413, 0.9999999635867838, 0.9999999997668128, 0.999999999810546, 0.9999999998922506]"
sampleJointGoalAndRSASignal_fromStart,session_22_player1,22.0,6,1,closer_to_player2,9,"[0.5, 0.9832231972952006, 0.9995556406120405, 0.9999827804517414, 0.9999881053091338, 0.9999993178635607, 0.9999996772986979, 0.9999998449224188, 0.9999999245662298]"
sampleJointGoalAndRSASignal_fromStart,session_22_player2,22.0,6,2,closer_to_player2,11,"[0.5, 0.49804766181334004, 0.49637647070293345, 0.9996494791942137, 0.9996576894167941, 0.9997929496473718, 0.9999999565346137, 0.9999999999742187, 0.9999999999999618, 0.9999999999999999, 1.0]"
sampleJointGoalAndRSASignal_fromStart,session_22_player1,22.0,7,1,closer_to_player1,8,"[0.5, 0.5810856952669988, 0.9999872062263475, 0.9999999991443062, 0.9999999999996462, 0.9999999999999998, 1.0, 1.0]"
sampleJointGoalAndRSASignal_fromStart,session_22_player2,22.0,7,2,closer_to_player1,10,"[0.5, 0.3539372553059161, 0.918614009236775, 0.9974319584510652, 0.999798849675298, 0.999798849675298, 0.999887040806078, 0.9999349022864418, 0.9999616199965137, 0.9999769592717218]"
sampleJointGoalAndRSASignal_fromStart,session_22_player1,22.0,8,1,closer_to_player2,9,"[0.5, 0.5034360322735343, 0.505906418495749, 0.5073717688639988, 0.5085194097444038, 0.5147893113266617, 0.5638845870008733, 0.5645041608480005, 0.5647231589669233]"
sampleJointGoalAndRSASignal_fromStart,session_22_player2,22.0,8,2,closer_to_player2,9,"[0.5, 0.6236410145028279, 0.4530948322686132, 0.9998138260235097, 0.9999999661515865, 0.9999999999819997, 0.9999999999910015, 0.9999999999955019, 0.9999999999977663]"
sampleJointGoalAndRSASignal_fromStart,session_22_player1,22.0,9,1,closer_to_player2,9,"[0.5, 0.5034030953885139, 0.5058695773483205, 0.5070941469348019, 0.5039757053015362, 0.578690397736647, 0.4986869805832145, 0.6655655520968785, 0.800406273900645]"
sampleJointGoalAndRSASignal_fromStart,session_22_player2,22.0,9,2,closer_to_player2,9,"[0.5, 0.6226115937488359, 0.4519956718253727, 0.29194323077340206, 0.9999106946980121, 0.9999999948520074, 0.9999999959372975, 0.9999999965073119, 0.9999999970855514]"
sampleJointGoalAndRSASignal_fromStart,session_22_player1,22.0,11,1,closer_to_player1,9,"[0.5, 0.474913660339243, 0.4945307022691344, 0.5765157681982573, 0.9999729613563975, 0.9999999984421946, 0.9999999999997169, 0.9999999999998586, 0.9999999999999298]"
sampleJointGoalAndRSASignal_fromStart,session_22_player2,22.0,11,2,closer_to_player1,9,"[0.5, 0.5034386489902214, 0.5054186508369988, 0.5126377013199866, 0.5172036782950369, 0.5155742462753331, 0.57620514632393, 0.5284375480794302, 0.6930728049219003]"
sampleJointGoalAndRSASignal_fromStart,session_23_player1,23.0,1,1,closer_to_player1,7,"[0.5, 0.9999444854367419, 0.9999999905380964, 0.9999999999954202, 0.9999999999999962, 1.0, 1.0]"
sampleJointGoalAndRSASignal_fromStart,session_23_player2,23.0,1,2,closer_to_player1,9,"[0.5, 0.4216000979820025, 0.34249037348909395, 0.48510569981942747, 0.9831940529072043, 0.9761908914821611, 0.9999011029015074, 0.999999450730443, 0.9999994513168223]"
sampleJointGoalAndRSASignal_fromStart,session_23_player1,23.0,2,1,closer_to_player1,5,"[0.5, 0.9999950822491546, 0.9999999999425085, 0.999999999999998, 1.0]"
sampleJointGoalAndRSASignal_fromStart,session_23_player2,23.0,2,2,closer_to_player1,9,"[0.5, 0.49345040959958786, 0.5846745677003254, 0.6679411964121404, 0.7382272734799256, 0.7974712122652092, 0.8965960843431764, 0.9998409884306269, 0.9999996394728067]"
sampleJointGoalAndRSASignal_fromStart,session_23_player1,23.0,4,1,closer_to_player2,9,"[0.5, 0.5045001650974681, 0.5120813812094832, 0.5123891235283119, 0.5319013248150091, 0.5402647058399997, 0.545832948291756, 0.5493696489268228, 0.5514999285314243]"
sampleJointGoalAndRSASignal_fromStart,session_23_player2,23.0,4,2,closer_to_player2,11,"[0.5, 0.6364555628838916, 0.4669538312067006, 0.3046114363206721, 0.17965421522112612, 0.9992997359009135, 0.9990691215718585, 0.9988207451817596, 0.998628552397187, 0.9983568983470171, 1.0]"
sampleJointGoalAndRSASignal_fromStart,session_23_player1,23.0,5,1,equal_to_both,12,"[0.5, 0.9813699798709308, 0.9828277692831022, 0.9996966879670375, 0.9997084144317608, 0.999713396316767, 0.9997163449113065, 0.9999982503845766, 0.999999981377777, 0.9999999995677465, 0.9999999997906343, 0.9999999999027506]"
sampleJointGoalAndRSASignal_fromStart,session_23_player2,23.0,5,2,equal_to_both,12,"[0.5, 0.9813699699426862, 0.9994619985188024, 0.9995466790835952, 0.9999879822233204, 0.9999995247583412, 0.9999996852297705, 0.9999999808912665, 0.9999999909852277, 0.9999999956718592, 0.999999997903628, 0.9999999990262445]"
sampleJointGoalAndRSASignal_fromStart,session_23_player1,23.0,6,1,closer_to_player1,4,"[0.5, 0.4945927227488927, 0.5369216847101034, 0.6352434124965882]"
sampleJointGoalAndRSASignal_fromStart,session_23_player1,23.0,7,1,equal_to_both,12,"[0.5, 0.9811855633287875, 0.9833855458592647, 0.9837998635444875, 0.9839320170315998, 0.9840415593917576, 0.9846901993418008, 0.9911523610673124, 0.9999901765665203, 0.9999999744717566, 0.9999999995012104, 0.9999999999978569]"
sampleJointGoalAndRSASignal_fromStart,session_23_player2,23.0,7,2,equal_to_both,14,"[0.5, 0.9828669630019589, 0.9995382617208854, 0.9971238804718167, 0.9974491713530118, 0.9975613231776467, 0.9999361926277005, 0.9999386399381333, 0.9999984029886004, 0.9999984870854091, 0.9999999601428553, 0.9999999701496924, 0.9999999752244864, 0.9999999770264808]"
sampleJointGoalAndRSASignal_fromStart,session_23_player1,23.0,9,1,closer_to_player2,9,"[0.5, 0.9832177956934748, 0.9836248228020518, 0.9838799616552593, 0.9837970458010882, 0.9754406096862338, 0.9999576465979404, 0.999999869432102, 0.9999999993074864]"
sampleJointGoalAndRSASignal_fromStart,session_23_player2,23.0,9,2,closer_to_player2,9,"[0.5, 0.6226215921899056, 0.9998707511994205, 0.9999998043510302, 0.999999999764752, 0.9999999999993626, 0.9999999999999989, 1.0, 1.0]"
sampleJointGoalAndRSASignal_fromStart,session_23_player1,23.0,11,1,closer_to_player2,9,"[0.5, 0.5025862878760918, 0.5051494018172976, 0.5063380298116804, 0.5109087833824396, 0.5092780546951975, 0.570039596321864, 0.6104746017847268, 0.7088742674889814]"
sampleJointGoalAndRSASignal_fromStart,session_23_player2,23.0,11,2,closer_to_player2,9,"[0.5, 0.9984830189157607, 0.9979098853314919, 0.999998953160568, 0.9999992323181726, 0.9999999995929876, 0.9999999997965359, 0.9999999998982986, 0.9999999999495288]"
sampleJointGoalAndRSASignal_fromStart,session_24_player1,24.0,1,1,equal_to_both,13,"[0.5, 0.010663776879067088, 0.010458607993117625, 0.7567948682923351, 0.756796230180599, 0.7567969259693913, 0.9994519355855195, 0.9994540107795589, 0.9999990570840167, 0.9999990901989154, 0.9999999983156225, 0.9999999999932334, 0.9999999999961516]"
sampleJointGoalAndRSASignal_fromStart,session_24_player2,24.0,1,2,equal_to_both,11,"[0.5, 0.9893313168287053, 0.9998127766908802, 0.9998200158561198, 0.9998230913202858, 0.9998249115656771, 0.9999989201520465, 0.9999999885065278, 0.999999999733217, 0.9999999998707814, 0.9999999999399786]"
sampleJointGoalAndRSASignal_fromStart,session_24_player1,24.0,3,1,closer_to_player2,24,"[0.5, 0.49648987430953345, 0.4948435037976599, 0.4940130312307103, 0.4928317633883722, 0.48595162600779007, 0.9515026079391242, 0.9961940676846975, 0.999624257637355, 0.9996230077025856, 0.9996212225378328, 0.9996106527315023, 0.999650982008418, 0.9999888519195415, 0.9999993853097665, 0.9999999539250081, 0.9999999548624194, 0.999999953602362, 0.999999958409989, 0.9999999654271035, 0.9999999744792839, 1.0, 1.0, 1.0]"
sampleJointGoalAndRSASignal_fromStart,session_24_player2,24.0,3,2,closer_to_player2,4,"[0.5, 0.5063657170356548, 0.5894429780414135, 0.5915247556037138]"
sampleJointGoalAndRSASignal_fromStart,session_24_player1,24.0,4,1,closer_to_player1,6,"[0.5, 0.5832718612730579, 0.6542383718728142, 0.578120828527043, 0.7327288864224384, 0.8467261888544928]"
sampleJointGoalAndRSASignal_fromStart,session_24_player2,24.0,4,2,closer_to_player1,12,"[0.5, 0.4965947950121159, 0.4943405003195626, 0.49351004721499503, 0.4931755278206793, 0.49076987589325793, 0.4965933238296698, 0.454892518897709, 0.5306260402214779, 1.0, 1.0, 1.0]"
sampleJointGoalAndRSASignal_fromStart,session_24_player1,24.0,6,1,closer_to_player1,11,"[0.5, 0.6234319092551643, 0.4528704066644924, 0.2926798162930263, 0.17138773676193242, 0.8721188838999339, 0.9999945652884343, 0.9999999996861917, 0.9999999999999428, 0.9999999999999714, 0.9999999999999858]"
sampleJointGoalAndRSASignal_fromStart,session_24_player2,24.0,6,2,closer_to_player1,9,"[0.5, 0.5033991647734822, 0.5053666589406494, 0.5005783884634363, 0.5841968611597195, 0.6555378454747981, 0.7090852177576326, 0.6668197562114782, 0.8012009537521353]"
sampleJointGoalAndRSASignal_fromStart,session_24_player1,24.0,7,1,closer_to_player1,9,"[0.5, 0.9996544229769581, 0.9996628849599657, 0.9999998455263098, 0.9999999998276168, 0.9999999999992892, 0.9999999999997906, 0.999999999999999, 1.0]"
sampleJointGoalAndRSASignal_fromStart,session_24_player2,24.0,7,2,closer_to_player1,11,"[0.5, 0.0034089370523554307, 0.2432624799502505, 0.9495738986225811, 0.9507938756838247, 0.9515723397306957, 0.9994631362350512, 0.9994759738121107, 0.9999943864280176, 0.9999998499320251, 0.999999923712164]"
sampleJointGoalAndRSASignal_fromStart,session_24_player1,24.0,9,1,closer_to_player2,9,"[0.5, 0.9319889946285765, 0.9112187080277175, 0.997424402331535, 0.9973868278069118, 0.9973082129853706, 0.9971988442819586, 0.9965201853339936, 0.9999935802566083]"
sampleJointGoalAndRSASignal_fromStart,session_24_player2,24.0,9,2,closer_to_player2,9,"[0.5, 0.9996547768646832, 0.9999997097786729, 0.999999802554219, 0.9999999184695461, 0.9999999999083411, 0.9999999999999147, 0.9999999999999998, 1.0]"
sampleJointGoalAndRSASignal_fromStart,session_24_player1,24.0,10,1,equal_to_both,11,"[0.5, 0.9894522360374424, 0.9998174358893044, 0.9998219995726128, 0.9998248933387913, 0.9998266876506766, 0.9999989311153, 0.9999989527009424, 0.9999999932931808, 0.9999999945510113, 0.9999999999534155]"
sampleJointGoalAndRSASignal_fromStart,session_24_player2,24.0,10,2,equal_to_both,11,"[0.5, 0.988364216201295, 0.99978109957819, 0.9999938201458168, 0.9999952468731228, 0.9999955660166558, 0.9999999232805947, 0.9999999439685977, 0.9999999565525188, 0.9999999994311276, 0.9999999997357641]"
sampleJointGoalAndRSASignal_fromStart,session_24_player1,24.0,11,1,equal_to_both,11,"[0.5, 0.9886510412837684, 0.9893737723384219, 0.9895492014803853, 0.9896179972458349, 0.9999643272658821, 0.9999656258978172, 0.9999702744459276, 0.9999999507108959, 0.9999999998344016, 0.9999999999989656]"
sampleJointGoalAndRSASignal_fromStart,session_24_player2,24.0,11,2,equal_to_both,11,"[0.5, 0.9894609058699039, 0.9895748655233835, 0.9896501722880896, 0.9897107799166963, 0.999964655452407, 0.9999659387726317, 0.9999705447591237, 0.999999951159126, 0.9999999998359075, 0.999999999998975]"
sampleJointGoalAndRSASignal_fromStart,session_25_player1,25.0,0,1,closer_to_player1,6,"[0.5, 0.9967014503355608, 0.9999797824182416, 0.9999799970659188, 0.9999998939794665, 0.9999998954389772]"
sampleJointGoalAndRSASignal_fromStart,session_25_player2,25.0,0,2,closer_to_player1,12,"[0.5, 0.9965385597570912, 0.9965431438875225, 0.9965346682010906, 0.9999940497032042, 0.9999940752795293, 0.999999989603518, 0.9999999999632629, 0.999999999999638, 0.99999999999983, 0.9999999999999519, 0.9999999999999996]"
sampleJointGoalAndRSASignal_fromStart,session_25_player1,25.0,1,1,closer_to_player1,11,"[0.5, 0.5060919232985556, 0.4173654062186009, 0.3382009635320457, 0.4407128586113486, 0.9998042546738592, 0.9997393390460582, 0.9999999849452181, 0.9999999999972551, 0.9999999999986279, 0.9999999999993187]"
sampleJointGoalAndRSASignal_fromStart,session_25_player2,25.0,1,2,closer_to_player1,9,"[0.5, 0.5044483642994605, 0.5113487243719352, 0.5133773151466187, 0.5265652372442003, 0.529767929668596, 0.5312849426983614, 0.5319123840471, 0.5321341875955807]"
sampleJointGoalAndRSASignal_fromStart,session_25_player1,25.0,5,1,closer_to_player2,18,"[0.5, 0.9942095912658585, 0.9969461611137229, 0.9984200444426534, 0.9991948879547969, 0.9995937320505397, 0.9997991839923727, 0.9999348655022107, 0.9999999949783274, 0.9999999999995508, 0.9999999999958086, 0.9999999999940737, 0.9999999999447, 0.9999999999999647, 0.9999999999961506, 0.9999999999961569, 0.9999999999999944, 1.0]"
sampleJointGoalAndRSASignal_fromStart,session_25_player2,25.0,5,2,closer_to_player2,4,"[0.5, 0.33957647588823797, 0.9995355796131281, 0.9999998110024207]"
sampleJointGoalAndRSASignal_fromStart,session_25_player1,25.0,6,1,closer_to_player1,8,"[0.5, 0.49401078446219593, 0.5827314370930577, 0.4575661998553548, 0.6278667193410902, 0.7714294554853047, 0.8709989230759246, 0.9314897056315843]"
sampleJointGoalAndRSASignal_fromStart,session_25_player2,25.0,6,2,closer_to_player1,11,"[0.5, 0.5033991647714974, 0.5053666589416567, 0.5126813909810803, 0.5173416310000073, 0.5156434757129947, 0.576901824253726, 0.5282096823657226, 7.862537786392047e-06, 9.17535720071461e-06, 1.092646031323576e-05]"
sampleJointGoalAndRSASignal_fromStart,session_25_player1,25.0,11,1,closer_to_player2,9,"[0.5, 0.504000845850938, 0.5059117247524718, 0.5012223555353222, 0.5844577526413814, 0.4780481844352828, 0.6469114571048322, 0.7856563492188657, 0.880752781969504]"
sampleJointGoalAndRSASignal_fromStart,session_25_player2,25.0,11,2,closer_to_player2,7,"[0.5, 0.5799703663399036, 0.9999733308660795, 0.9999999984627574, 0.9999999999997208, 0.9999999999998603, 0.9999999999999307]"
sampleJointGoalAndRSASignal_fromStart,session_26_player1,26.0,2,1,closer_to_player2,9,"[0.5, 0.5034565445568359, 0.505710835028829, 0.5065412860525462, 0.5068758045286391, 0.5052451731718749, 0.42514922060784904, 0.5967106566651748, 0.7488366478496997]"
sampleJointGoalAndRSASignal_fromStart,session_26_player2,26.0,2,2,closer_to_player2,11,"[0.5, 0.5059831138468787, 0.4175496698409495, 0.33870741424120054, 0.4402665203627649, 0.9998049313639418, 0.999740647246128, 0.9999999850471087, 0.999999999997283, 0.9999999999986419, 0.999999999999326]"
sampleJointGoalAndRSASignal_fromStart,session_26_player1,26.0,3,1,closer_to_player2,9,"[0.5, 0.5045062884878141, 0.5120929989611493, 0.5123965947474158, 0.531910527733838, 0.5402739802297644, 0.5458422177347384, 0.5493789073137189, 0.5515091790411465]"
sampleJointGoalAndRSASignal_fromStart,session_26_player2,26.0,3,2,closer_to_player2,11,"[0.5, 0.49570648173347837, 0.49540095780526056, 0.4907764223794096, 0.49242065603202645, 0.4316263491480099, 0.3911420461031811, 0.4653224364415002, 1.0, 1.0, 1.0]"
sampleJointGoalAndRSASignal_fromStart,session_26_player1,26.0,7,1,closer_to_player2,9,"[0.5, 0.9832211984288032, 0.9995559646045864, 0.999983159809886, 0.9999842896586747, 0.9999993887596186, 0.9999995482939974, 0.9999996274334313, 0.9999996376660435]"
sampleJointGoalAndRSASignal_fromStart,session_26_player2,26.0,7,2,closer_to_player2,9,"[0.5, 0.999540202214554, 0.9999994937752053, 0.9999999987632366, 0.9999999995055924, 0.9999999999972103, 0.9999999999999751, 0.9999999999999999, 1.0]"
sampleJointGoalAndRSASignal_fromStart,session_26_player1,26.0,8,1,equal_to_both,10,"[0.5, 0.9938486648523519, 0.9999345463921231, 0.9999988838786847, 0.9999989358490038, 0.9999989686994397, 0.9999989895260873, 0.9999990411411757, 0.999999996148013, 0.9999999978092347]"
sampleJointGoalAndRSASignal_fromStart,session_26_player2,26.0,8,2,equal_to_both,10,"[0.5, 0.9937637496240529, 0.9999324795983008, 0.9999346240693913, 0.9999993086772132, 0.9999999880383509, 0.9999999995327021, 0.9999999997762058, 0.999999999891619, 0.999999999949658]"
sampleJointGoalAndRSASignal_fromStart,session_26_player1,26.0,11,1,closer_to_player1,9,"[0.5, 0.9985510434997787, 0.9999983173797601, 0.9999999969719334, 0.9999999999831533, 0.9999999999999483, 0.9999999999999998, 1.0, 1.0]"
sampleJointGoalAndRSASignal_fromStart,session_26_player2,26.0,11,2,closer_to_player1,11,"[0.5, 0.0034104131819494374, 0.24453916515743984, 0.9500405389589216, 0.951150628271183, 0.9991476139553407, 0.9999781738255232, 0.9999788460451978, 0.9999715392999131, 0.9999997580910992, 0.999999996839106]"
sampleJointGoalAndRSASignal_fromStart,session_27_player1,27.0,0,1,equal_to_both,12,"[0.5, 0.9829791595151947, 0.9995449532180384, 0.999982664850539, 0.9999835799913469, 0.999999377505652, 0.9999994240548218, 0.9999994544919836, 0.9999999856175569, 0.9999999991585525, 0.9999999996206635, 0.9999999998338084]"
sampleJointGoalAndRSASignal_fromStart,session_27_player2,27.0,0,2,equal_to_both,12,"[0.5, 0.9817784801898114, 0.9994907453467956, 0.9995591589048523, 0.9999883163967443, 0.9999890419957058, 0.9999893476007509, 0.9999998180858488, 0.9999999952030553, 0.9999999997193968, 0.999999999873522, 0.9999999999445894]"
sampleJointGoalAndRSASignal_fromStart,session_27_player1,27.0,3,1,closer_to_player1,11,"[0.5, 0.47257527894029794, 0.4648427725744531, 0.9996019537046774, 0.9996018334400752, 0.9999998645845837, 0.999999866795003, 0.9999998698163748, 0.9999999999777256, 0.9999999999884426, 0.999999999999994]"
sampleJointGoalAndRSASignal_fromStart,session_27_player2,27.0,3,2,closer_to_player1,9,"[0.5, 0.5283662476503621, 0.5388788401809496, 0.5460864551275668, 0.5506404616509277, 0.9985768754714548, 0.9999907069000592, 0.9999949453964797, 0.9999973150868072]"
sampleJointGoalAndRSASignal_fromStart,session_27_player1,27.0,4,1,closer_to_player2,11,"[0.5, 0.983224035728164, 0.9995560646032309, 0.9999831742350461, 0.9999990837655885, 0.9999998744960208, 0.9999999426071123, 0.9999999732335094, 0.9999999732335094, 0.9999999732335094, 0.999999987333022]"
sampleJointGoalAndRSASignal_fromStart,session_27_player2,27.0,4,2,closer_to_player2,13,"[0.5, 0.0024022968185601, 1.0976858866211386e-05, 1.5001004224422723e-05, 0.4573472949891236, 0.9998172381231422, 0.9999999697655674, 0.999999999986481, 0.9999999999999838, 1.0, 1.0, 1.0, 1.0]"
sampleJointGoalAndRSASignal_fromStart,session_27_player1,27.0,5,1,equal_to_both,12,"[0.5, 0.9813695463270429, 0.9828279621217301, 0.9831501268661721, 0.9832772971654301, 0.9833519982255033, 0.9834140156326783, 0.9999708898570846, 0.9999998994843419, 0.999999999356306, 0.9999999994770279, 0.9999999999955291]"
sampleJointGoalAndRSASignal_fromStart,session_27_player2,27.0,5,2,equal_to_both,12,"[0.5, 0.981369969943322, 0.9994619985188621, 0.9995466790836607, 0.9995642026783212, 0.9999925550968255, 0.9999998016063606, 0.999999861079531, 0.999999898340966, 0.9999999211622513, 0.9999999989677617, 0.9999999995205299]"
sampleJointGoalAndRSASignal_fromStart,session_27_player1,27.0,9,1,closer_to_player1,9,"[0.5, 0.6228294977103244, 0.9998708499183229, 0.9999998045281602, 0.999999999764982, 0.9999999999993633, 0.9999999999999989, 1.0, 1.0]"
sampleJointGoalAndRSASignal_fromStart,session_27_player2,27.0,9,2,closer_to_player1,9,"[0.5, 0.5034387383800385, 0.5054187907238114, 0.9941503967844022, 0.9999389055774199, 0.9999395088881329, 0.9999995001546504, 0.9999999926382381, 0.9999999997716726]"
sampleJointGoalAndRSASignal_fromStart,session_27_player1,27.0,11,1,closer_to_player2,9,"[0.5, 0.5246357392992913, 0.5169960649895237, 0.5192945562750596, 0.5139800835783491, 0.520861841494904, 0.49352129376677806, 0.5769497003903772, 0.5790495050615662]"
sampleJointGoalAndRSASignal_fromStart,session_27_player2,27.0,11,2,closer_to_player2,11,"[0.5, 0.5058803206430704, 0.6378285179141286, 0.46826637444147706, 0.9994039460961338, 0.999187374627988, 0.999999852366466, 0.9999998889666865, 0.9999999123745155, 0.999999924668742, 0.9999999371403718]"
sampleJointGoalAndRSASignal_fromStart,session_28_player1,28.0,1,1,closer_to_player1,10,"[0.5, 0.0003450393122090908, 2.8110519374930857e-07, 0.0003639218837500263, 0.17954331729220546, 0.1777194521258537, 0.12347907666325533, 0.9971250419378307, 0.9999974752922205, 0.9999999956123797]"
sampleJointGoalAndRSASignal_fromStart,session_28_player2,28.0,1,2,closer_to_player1,12,"[0.5, 0.9965951093560069, 0.9999787537182607, 0.9999997740021095, 0.9999999959830532, 0.9999999998151077, 0.9999999999108274, 0.9999999999565103, 0.9999999999787006, 0.9999999999900003, 0.9999999999971758, 0.9999999999999769]"
sampleJointGoalAndRSASignal_fromStart,session_28_player1,28.0,2,1,equal_to_both,12,"[0.5, 0.4987310957052024, 0.9894014447439444, 0.9998165785110095, 0.9999952113653165, 0.9999953950419782, 0.999999880153904, 0.999999886464871, 0.9999999970089655, 0.9999999977599173, 0.999999999921187, 0.9999999999635037]"
sampleJointGoalAndRSASignal_fromStart,session_28_player2,28.0,2,2,equal_to_both,14,"[0.5, 0.5, 0.5120843531296537, 0.9897771539895811, 0.9900337195408209, 0.9998933315428926, 0.9999981765495913, 0.9999999510923405, 0.99999999638616, 0.9999999963861601, 0.9999999983174601, 0.9999999992177404, 0.9999999996467978, 0.9999999998981395]"
sampleJointGoalAndRSASignal_fromStart,session_28_player1,28.0,3,1,equal_to_both,12,"[0.5, 0.9811855241947887, 0.9994521570018309, 0.9995555495929384, 0.9999881728400017, 0.9999995280604959, 0.999999949202378, 0.9999999770724356, 0.9999999893253319, 0.9999999950370496, 0.9999999977591516, 0.9999999993537582]"
sampleJointGoalAndRSASignal_fromStart,session_28_player2,28.0,3,2,equal_to_both,12,"[0.5, 0.9828662095789774, 0.9831941133609436, 0.9997073446855449, 0.999714213022545, 0.999995130080527, 0.9999952552249771, 0.9999999192598052, 0.999999921944901, 0.9999999986634703, 0.9999999999529768, 0.9999999999782248]"
sampleJointGoalAndRSASignal_fromStart,session_28_player1,28.0,4,1,closer_to_player1,9,"[0.5, 0.4992350288538267, 0.999868077237217, 0.999999954596224, 0.9999999999630722, 0.9999999999999346, 0.9999999999999997, 0.9999999999999998, 1.0]"
sampleJointGoalAndRSASignal_fromStart,session_28_player2,28.0,4,2,closer_to_player1,9,"[0.5, 0.5051064372203922, 0.5076157528978087, 0.9940577046945122, 0.994208673078307, 0.9942851696439633, 0.9999805670863285, 0.999983472496257, 0.9999999350926727]"
sampleJointGoalAndRSASignal_fromStart,session_28_player1,28.0,5,1,closer_to_player2,9,"[0.5, 0.5044492629484647, 0.502696881607604, 0.4993612480049207, 0.5057513207949708, 0.5347271599935782, 0.5362421788857338, 0.5368687689447442, 0.5370902678209276]"
sampleJointGoalAndRSASignal_fromStart,session_28_player2,28.0,5,2,closer_to_player2,11,"[0.5, 0.4990801912265496, 0.49165791856187946, 0.49493671587295807, 0.6017586836880753, 0.9998979114776158, 0.9999999814401515, 0.999999986063263, 0.9999999890261961, 0.9999999905963516, 0.9999999999998553]"
sampleJointGoalAndRSASignal_fromStart,session_28_player1,28.0,7,1,closer_to_player2,9,"[0.5, 0.5045062884870275, 0.5021916247777639, 0.49825897169603617, 0.4931206101128733, 0.5000035206533292, 0.47268361238218237, 0.426984650060949, 0.3548600070209981]"
sampleJointGoalAndRSASignal_fromStart,session_28_player2,28.0,7,2,closer_to_player2,6,"[0.5, 0.37738187864130596, 0.5479973545053379, 0.7080509237279214, 0.82911738696098, 0.9072090770685106]"
sampleJointGoalAndRSASignal_fromStart,session_28_player1,28.0,9,1,equal_to_both,11,"[0.5, 0.9893247864004746, 0.9895382006136423, 0.9998880044535253, 0.9999980877168311, 0.9999999501246557, 0.9999999980733109, 0.999999998663732, 0.999999999004166, 0.9999999999651195, 0.9999999999847187]"
sampleJointGoalAndRSASignal_fromStart,session_28_player2,28.0,9,2,equal_to_both,11,"[0.5, 0.4999999712771894, 0.4999999543886775, 0.500000400601193, 0.5000050934235909, 0.9992298179156969, 0.9999986913622854, 0.9999999954532488, 0.9999999964468083, 0.9999999999880622, 0.9999999999999254]"
sampleJointGoalAndRSASignal_fromStart,session_28_player1,28.0,10,1,closer_to_player2,14,"[0.5, 0.9965979105047903, 0.9965835011552986, 0.999988407413198, 0.9999999282412302, 0.9999999992158003, 0.999999999976852, 0.9999999999887629, 0.9999999999947805, 0.9999999987112981, 0.9999999994014215, 0.9999999998285891, 0.9999999999974901, 0.9999999999999795]"
sampleJointGoalAndRSASignal_fromStart,session_28_player2,28.0,10,2,closer_to_player2,8,"[0.5, 0.0004596724839876327, 0.2772421393247759, 0.9937623084767432, 0.9999713758794323, 0.9999997632901354, 0.9999997223992281, 0.9999999985337372]"
sampleJointGoalAndRSASignal_fromStart,session_28_player1,28.0,11,1,closer_to_player1,10,"[0.5, 0.998976896567138, 0.9991685935240395, 0.9995321365319286, 0.9999992935107347, 0.9999999991516977, 0.9999999999988984, 0.9999999999999947, 1.0, 1.0]"
sampleJointGoalAndRSASignal_fromStart,session_28_player2,28.0,11,2,closer_to_player1,9,"[0.5, 0.9832247221342736, 0.9836260485894699, 0.9997168938740829, 0.9999926334809847, 0.9999929633424053, 0.9999998150533075, 0.9999998476999977, 0.9999999952762799]"
sampleJointGoalAndRSASignal_fromStart,session_29_player1,29.0,1,1,closer_to_player1,7,"[0.5, 0.9999431088427018, 0.9999730487431508, 0.9999999973164934, 0.9999999999992941, 0.9999999999999998, 1.0]"
sampleJointGoalAndRSASignal_fromStart,session_29_player2,29.0,1,2,closer_to_player1,9,"[0.5, 0.9821833265585111, 0.9830384967718809, 0.9836024799430199, 0.9998205094359859, 0.9998672496827602, 0.9999980325853457, 0.9999990233544811, 0.9999995126312342]"
sampleJointGoalAndRSASignal_fromStart,session_29_player1,29.0,3,1,closer_to_player2,10,"[0.5, 0.97990564785161, 0.9988436897274283, 0.9995540769403117, 0.9997827271889743, 0.9997827271889743, 0.9998933938737511, 0.9999491007927934, 0.999985207014903, 0.9999998684077606]"
sampleJointGoalAndRSASignal_fromStart,session_29_player2,29.0,3,2,closer_to_player2,11,"[0.5, 0.9982235464212091, 0.9999939756110089, 0.9999939918830183, 0.9999939958795885, 0.9999938549123829, 0.9999999964918747, 0.9999999946179088, 0.9999999999978119, 0.9999999999999981, 1.0]"
sampleJointGoalAndRSASignal_fromStart,session_29_player1,29.0,4,1,equal_to_both,13,"[0.5, 0.9811855633287875, 0.9833855458592647, 0.9837998635444875, 0.9839320170315998, 0.9998991568035123, 0.9999989324135465, 0.9999999814202943, 0.9999999991526124, 0.9999999996060258, 0.9999999998221146, 0.9999999999486993, 0.9999999999486993]"
sampleJointGoalAndRSASignal_fromStart,session_29_player2,29.0,4,2,equal_to_both,14,"[0.5, 0.017258889730499702, 0.016764660809087093, 0.7314860947611048, 0.7314185567776491, 0.7314020132798115, 0.9987658294220572, 0.9999923930631177, 0.99999991978661, 0.9999999986350429, 0.9999999999640409, 0.9999999999730691, 0.9999999999776474, 0.9999999999995699]"
sampleJointGoalAndRSASignal_fromStart,session_29_player1,29.0,6,1,closer_to_player2,9,"[0.5, 0.5028370301413596, 0.9896236054587023, 0.9900087472119344, 0.9902478543621406, 0.9903690172866503, 0.9903973616578962, 0.9999858412175693, 0.9999858148304246]"
sampleJointGoalAndRSASignal_fromStart,session_29_player2,29.0,6,2,closer_to_player2,9,"[0.5, 0.9995315197806843, 0.9999994790176086, 0.9999997044008435, 0.9999997928668104, 0.9999999998576454, 0.9999999999588561, 0.9999999999999688, 1.0]"
sampleJointGoalAndRSASignal_fromStart,session_29_player1,29.0,7,1,equal_to_both,12,"[0.5, 0.9813324439374929, 0.9828486172561497, 0.9996969747653732, 0.999708768555732, 0.999995024083343, 0.9999998659672708, 0.9999999084028003, 0.9999999343481735, 0.9999999498624684, 0.9999999992793059, 0.999999999666074]"
sampleJointGoalAndRSASignal_fromStart,session_29_player2,29.0,7,2,equal_to_both,12,"[0.5, 0.5001784512560019, 0.500200505316443, 0.9938478341695351, 0.99389479629261, 0.9999621468144472, 0.9999996003933604, 0.9999996132705733, 0.9999999958668144, 0.9999999968435339, 0.999999997458403, 0.9999999999761612]"
sampleJointGoalAndRSASignal_fromStart,session_29_player1,29.0,9,1,closer_to_player1,12,"[0.5, 0.6401797861239465, 0.9978678827324673, 0.9999944208922836, 0.9999944217922622, 0.9999999898365559, 0.9999999928550096, 0.9999999948818417, 0.9999999999937298, 0.9999999999968697, 0.9999999999984367, 0.999999999999231]"
sampleJointGoalAndRSASignal_fromStart,session_29_player2,29.0,9,2,closer_to_player1,8,"[0.5, 0.5030858143898084, 0.5048185001230467, 0.5069014734259537, 0.49972281573563, 0.508445030408287, 0.6028546194939768, 0.6066187362219888]"
sampleJointGoalAndRSASignal_fromStart,session_29_player1,29.0,10,1,closer_to_player1,6,"[0.5, 0.9976002787358239, 0.9963356374501655, 0.9999938281401521, 0.9999999810331892, 0.9999999999001198]"
sampleJointGoalAndRSASignal_fromStart,session_29_player2,29.0,10,2,closer_to_player1,12,"[0.5, 0.9965922997768656, 0.9999786538538092, 0.9999796864621753, 0.9999998693235592, 0.9999999098813049, 0.9999999990013974, 0.999999999530418, 0.9999999998673005, 0.9999999999989128, 0.9999999999999948, 1.0]"
samplePosteriorOnlyGoalAndSignal_fromStart,session_0_player1,0.0,1,1,closer_to_player1,9,"[0.5, 0.9996521897698695, 0.9999997068772611, 0.9999999991482574, 0.9999999995817923, 0.9999999997976086, 0.9999999999414002, 0.9999999999999556, 1.0]"
samplePosteriorOnlyGoalAndSignal_fromStart,session_0_player2,0.0,1,2,closer_to_player1,9,"[0.5, 0.9830808315150754, 0.9839884185999379, 0.9997160273771357, 0.99998783056115, 0.9999941065179484, 0.9999971115682874, 0.999998572483854, 0.999999290871657]"
samplePosteriorOnlyGoalAndSignal_fromStart,session_0_player1,0.0,3,1,equal_to_both,12,"[0.5, 0.981334113672516, 0.99945963679476, 0.9995463367086698, 0.9999879688578188, 0.9999890034744221, 0.9999895514637509, 0.9999898881616553, 0.9999998919282985, 0.9999999970658909, 0.999999998602876, 0.9999999993526574]"
samplePosteriorOnlyGoalAndSignal_fromStart,session_0_player2,0.0,3,2,equal_to_both,12,"[0.5, 0.9813341169186017, 0.9994596369751401, 0.9995463367059514, 0.9999879688595711, 0.9999995207880996, 0.9999999459760234, 0.9999999749099042, 0.9999999880299054, 0.9999999942675596, 0.9999999972704049, 0.9999999987352709]"
samplePosteriorOnlyGoalAndSignal_fromStart,session_0_player1,0.0,4,1,closer_to_player2,9,"[0.5, 0.9830621541416056, 0.9995222564107381, 0.9999555095100593, 0.9999773004276364, 0.9999881909028736, 0.9999937862372034, 0.9999967159856096, 0.9999982736182345]"
samplePosteriorOnlyGoalAndSignal_fromStart,session_0_player2,0.0,4,2,closer_to_player2,9,"[0.5, 0.9996592340786165, 0.9999997274098993, 0.9999999995195972, 0.9999999999965914, 0.9999999999982253, 0.9999999999991117, 0.9999999999997332, 0.9999999999999994]"
samplePosteriorOnlyGoalAndSignal_fromStart,session_0_player1,0.0,5,1,closer_to_player1,6,"[0.5, 0.4920400643778575, 0.4985607791051956, 0.5480664807195472, 0.5487016479798256, 0.5489223680787408]"
samplePosteriorOnlyGoalAndSignal_fromStart,session_0_player2,0.0,5,2,closer_to_player1,9,"[0.5, 0.5034548841791626, 0.5057049502989643, 0.5065819325714191, 0.5077296362759174, 0.5139999863222544, 0.5631073654953839, 0.5637271886874654, 0.5639462754060355]"
samplePosteriorOnlyGoalAndSignal_fromStart,session_0_player1,0.0,6,1,closer_to_player1,2,"[0.5, 0.4278324302993386]"
samplePosteriorOnlyGoalAndSignal_fromStart,session_0_player2,0.0,6,2,closer_to_player1,9,"[0.5, 0.5045359656632611, 0.5077370829188783, 0.5144363296766351, 0.5278747696573916, 0.5311210993520206, 0.5326382414497071, 0.5332654700970512, 0.5334871948831041]"
samplePosteriorOnlyGoalAndSignal_fromStart,session_0_player1,0.0,7,1,closer_to_player2,9,"[0.5, 0.5034561414917134, 0.5057101107677237, 0.5075748242785336, 0.5024367492950864, 0.49662211574493986, 0.5029813954509774, 0.4568912311335071, 0.5665407296782905]"
samplePosteriorOnlyGoalAndSignal_fromStart,session_0_player2,0.0,7,2,closer_to_player2,7,"[0.5, 0.5882592873489851, 0.6666324769773341, 0.7299750846297495, 0.7754587273450513, 0.8032434526999492, 0.8638105089990552]"
samplePosteriorOnlyGoalAndSignal_fromStart,session_0_player1,0.0,9,1,equal_to_both,9,"[0.5, 0.9966297924995017, 0.9999790684544194, 0.9999997778608329, 0.9999999961253022, 0.999999999823597, 0.9999999999181625, 0.9999999999630564, 0.999999999989346]"
samplePosteriorOnlyGoalAndSignal_fromStart,session_0_player2,0.0,9,2,equal_to_both,9,"[0.5, 0.9966464451137753, 0.9966583378445834, 0.9999889748888493, 0.9999999330408108, 0.9999999334834941, 0.9999999996660649, 0.9999999999968269, 0.9999999999999389]"
samplePosteriorOnlyGoalAndSignal_fromStart,session_0_player1,0.0,10,1,closer_to_player2,12,"[0.5, 0.9965979104963145, 0.9999787941040351, 0.9999997747245072, 0.9999999960017051, 0.9999999998162743, 0.9999999999112397, 0.9999999999569119, 0.9999999999799863, 0.9999999999942688, 0.9999999999999161, 0.9999999999999993]"
samplePosteriorOnlyGoalAndSignal_fromStart,session_0_player2,0.0,10,2,closer_to_player2,6,"[0.5, 0.9975980509113365, 0.9999890198793671, 0.9999999092003415, 0.9999999986703556, 0.9999999999653861]"
samplePosteriorOnlyGoalAndSignal_fromStart,session_0_player1,0.0,11,1,equal_to_both,11,"[0.5, 0.5000968628731559, 0.9937626781710156, 0.9999324615318581, 0.9999988264406755, 0.9999988876785136, 0.999999980954858, 0.999999981728097, 0.999999983036324, 0.9999999883780044, 0.999999999927403]"
samplePosteriorOnlyGoalAndSignal_fromStart,session_0_player2,0.0,11,2,equal_to_both,13,"[0.5, 0.9894609154160721, 0.999817790093705, 0.9999952484803214, 0.9999998198694103, 0.999988353137413, 0.9999991429108582, 0.9999998383240885, 0.9999999291043898, 0.9999999684835877, 0.9999999858455493, 0.9999999936189721, 0.9999999972043998]"
samplePosteriorOnlyGoalAndSignal_fromStart,session_1_player1,1.0,0,1,closer_to_player1,4,"[0.5, 0.5063592180388258, 0.5894322264195243, 0.5915139376151938]"
samplePosteriorOnlyGoalAndSignal_fromStart,session_1_player2,1.0,0,2,closer_to_player1,9,"[0.5, 0.5035278621503326, 0.5058066747485257, 0.5076840801621629, 0.5147445011226448, 0.5515709929446216, 0.5571150802626972, 0.5606346513789812, 0.5627540624229693]"
samplePosteriorOnlyGoalAndSignal_fromStart,session_1_player1,1.0,2,1,equal_to_both,12,"[0.5, 0.981334115936914, 0.9828477222003565, 0.9996969720002078, 0.9999919648821173, 0.9999926558631701, 0.9999998021747276, 0.9999999846383355, 0.9999999926711893, 0.999999996490256, 0.9999999983287781, 0.999999999225657]"
samplePosteriorOnlyGoalAndSignal_fromStart,session_1_player2,1.0,2,2,equal_to_both,12,"[0.5, 0.9813341136724889, 0.9994596367947582, 0.9999778264102546, 0.9999987163106372, 0.9999998247713664, 0.999999933339418, 0.9999999690411523, 0.9999999852300165, 0.9999999929267018, 0.9999999966319336, 0.999999998439442]"
samplePosteriorOnlyGoalAndSignal_fromStart,session_1_player1,1.0,3,1,closer_to_player2,14,"[0.5, 0.9820991431378692, 0.9994800467834045, 0.9999472185817548, 0.9999721172821385, 0.9947560024596961, 0.9972229645939432, 0.22324570653335854, 0.8089559365913426, 0.886536978955762, 0.9339106804506724, 0.9617791034626781, 0.9617791034626781, 0.9779804019954319]"
samplePosteriorOnlyGoalAndSignal_fromStart,session_1_player2,1.0,3,2,closer_to_player2,9,"[0.5, 0.999496287460819, 0.9999988140017823, 0.9999994781544349, 0.9999997276017499, 0.9999999096912711, 0.9999999999705969, 0.9999999999999909, 1.0]"
samplePosteriorOnlyGoalAndSignal_fromStart,session_1_player1,1.0,5,1,closer_to_player2,12,"[0.5, 0.9965418891045328, 0.9999769613210612, 0.9999995644402894, 0.999999784366384, 0.9999998923091336, 0.9999999462478896, 0.9999999732110321, 0.9999999870518651, 0.9999999962701487, 0.9999999999971708, 0.9999999999999983]"
samplePosteriorOnlyGoalAndSignal_fromStart,session_1_player2,1.0,5,2,closer_to_player2,6,"[0.5, 0.9966249288484578, 0.9999787732786983, 0.9999996868791904, 0.9999998480800901, 0.9999999248838777]"
samplePosteriorOnlyGoalAndSignal_fromStart,session_1_player1,1.0,6,1,closer_to_player1,6,"[0.5, 0.5046666752853441, 0.507140322195839, 0.5017333126354675, 0.5440155911050679, 0.6418358615993499]"
samplePosteriorOnlyGoalAndSignal_fromStart,session_1_player2,1.0,6,2,closer_to_player1,9,"[0.5, 0.5045359656323897, 0.5077370828545674, 0.5144363295517936, 0.5278747694426353, 0.5311210991274457, 0.532638241220567, 0.5332654698660285, 0.5334871946513972]"
samplePosteriorOnlyGoalAndSignal_fromStart,session_1_player1,1.0,7,1,closer_to_player2,9,"[0.5, 0.6310399086690265, 0.9724042933627322, 0.9991759696557135, 0.9999355568352498, 0.9999638127703223, 0.9999791460661632, 0.9999877051929652, 0.999992619078929]"
samplePosteriorOnlyGoalAndSignal_fromStart,session_1_player2,1.0,7,2,closer_to_player2,7,"[0.5, 0.7705252308160514, 0.9999927150208915, 0.999999999706323, 0.9999999999999711, 1.0, 1.0]"
samplePosteriorOnlyGoalAndSignal_fromStart,session_1_player1,1.0,8,1,closer_to_player1,6,"[0.5, 0.993889334792448, 0.9939923989629073, 0.9999628426008144, 0.9999681908476451, 0.9999998034709996]"
samplePosteriorOnlyGoalAndSignal_fromStart,session_1_player2,1.0,8,2,closer_to_player1,12,"[0.5, 0.02847333336480476, 0.9922351341560646, 0.9959609062573647, 0.9979512864920381, 0.9992534321667433, 0.999999986096454, 0.9999999999996009, 1.0, 1.0, 1.0, 1.0]"
samplePosteriorOnlyGoalAndSignal_fromStart,session_2_player1,2.0,0,1,closer_to_player1,9,"[0.5, 0.0014903272985180517, 0.9749546959500175, 0.9999974860253227, 0.9999999996984642, 0.9999999999999261, 1.0, 1.0, 1.0]"
samplePosteriorOnlyGoalAndSignal_fromStart,session_2_player2,2.0,0,2,closer_to_player1,9,"[0.5, 0.6312184811509188, 0.47576220054649115, 0.9687140835527261, 0.9994674468995851, 0.9999896756976312, 0.9999993910755457, 0.9999996665629367, 0.999999812529707]"
samplePosteriorOnlyGoalAndSignal_fromStart,session_2_player1,2.0,2,1,closer_to_player1,13,"[0.5, 0.9982212925000913, 0.7785190362829897, 0.7703884159821073, 0.9997554540252636, 0.9999995812802694, 0.9999999985881605, 0.9999999999909169, 0.9999999999997793, 0.9999999999998826, 0.999999999999938, 0.9999999999999679, 0.999999999999984]"
samplePosteriorOnlyGoalAndSignal_fromStart,session_2_player2,2.0,2,2,closer_to_player1,9,"[0.5, 0.9801241526495018, 0.9988597341046007, 0.9994861715568212, 0.9997275848325029, 0.999855003661476, 0.9999234564707093, 0.9999604106115549, 0.9999802621809193]"
samplePosteriorOnlyGoalAndSignal_fromStart,session_2_player1,2.0,3,1,equal_to_both,16,"[0.5, 0.9828669630025672, 0.9995382617209184, 0.9333645683696475, 0.998111617979333, 0.999927331371356, 0.9999961263663554, 0.9999997153744663, 0.9999998250721449, 0.9999998847792018, 0.9999999887391356, 0.9999999948343805, 0.9999999976091756, 0.9999999988928714, 1.519396511619534e-24, 7.896366268001627e-23]"
samplePosteriorOnlyGoalAndSignal_fromStart,session_2_player2,2.0,3,2,equal_to_both,13,"[0.5, 0.9811838368350151, 0.9994520496680565, 0.9995555314308787, 0.9999881718945564, 0.999999528013159, 0.9999999492008069, 0.9999999770714906, 0.9999999893248197, 0.9999999893248197, 0.9999999950368037, 0.9999999977590398, 0.999999999353726]"
samplePosteriorOnlyGoalAndSignal_fromStart,session_2_player1,2.0,5,1,closer_to_player2,9,"[0.5, 0.5177423792782255, 0.5302529301459482, 0.5322300229794867, 0.5382936502324647, 0.5414860745885176, 0.5429978944669935, 0.5436231250836744, 0.5438441383066465]"
samplePosteriorOnlyGoalAndSignal_fromStart,session_2_player2,2.0,5,2,closer_to_player2,6,"[0.5, 0.5160525506182956, 0.5030469565242109, 0.5525063383466018, 0.5531403638679556, 0.5533606805255068]"
samplePosteriorOnlyGoalAndSignal_fromStart,session_2_player1,2.0,8,1,equal_to_both,10,"[0.5, 0.5000013107431016, 0.9966410676919727, 0.9966562084750659, 0.9999887102501333, 0.999999930382931, 0.9999999317888175, 0.9999999995631815, 0.9999999996451047, 0.9999999997981581]"
samplePosteriorOnlyGoalAndSignal_fromStart,session_2_player2,2.0,8,2,equal_to_both,12,"[0.5, 0.9937635351582704, 0.9999324749619001, 0.9999988266159177, 0.999999968218536, 0.9999356503052738, 0.9999399721651596, 0.9999419123405213, 0.9999993816064872, 0.9999995204897608, 0.9999999937216081, 0.999999997083746]"
samplePosteriorOnlyGoalAndSignal_fromStart,session_2_player1,2.0,9,1,closer_to_player2,9,"[0.5, 0.5045056491710727, 0.5060243647532148, 0.5079017478501142, 0.5027590134626571, 0.4969441774359787, 0.5033034619792008, 0.5864705514657798, 0.5885567977504566]"
samplePosteriorOnlyGoalAndSignal_fromStart,session_2_player2,2.0,9,2,closer_to_player2,6,"[0.5, 0.5045720180115786, 0.506978533846239, 0.5011543262088168, 0.5428725215923915, 0.6485171513980185]"
samplePosteriorOnlyGoalAndSignal_fromStart,session_2_player1,2.0,10,1,closer_to_player1,9,"[0.5, 0.9996549832652599, 0.9999997189424152, 0.9999999995068328, 0.9999999999982588, 0.9999999999999832, 0.9999999999999921, 0.9999999999999978, 1.0]"
samplePosteriorOnlyGoalAndSignal_fromStart,session_2_player2,2.0,10,2,closer_to_player1,9,"[0.5, 0.9830770653832782, 0.9836432386324361, 0.9997166905364991, 0.9999925151579939, 0.9999945944257483, 0.9999998074091878, 0.9999999074509325, 0.9999999549818263]"
samplePosteriorOnlyGoalAndSignal_fromStart,session_2_player1,2.0,11,1,closer_to_player2,9,"[0.5, 0.4794926173075226, 0.48375262138395403, 0.4962215144136124, 0.6195172805064106, 0.9846720443449931, 0.9876235421107984, 0.9898905940170677, 0.991721758971285]"
samplePosteriorOnlyGoalAndSignal_fromStart,session_2_player2,2.0,11,2,closer_to_player2,9,"[0.5, 0.999509888348118, 0.9995130541927291, 0.9999998280315482, 0.9999999997735688, 0.9999999998869056, 0.9999999999435086, 0.999999999972171, 0.9999999999906884]"
samplePosteriorOnlyGoalAndSignal_fromStart,session_3_player1,3.0,0,1,closer_to_player1,9,"[0.5, 0.9996555392407055, 0.9999997196658897, 0.9999997287452833, 0.9999998407988905, 0.9999999999295198, 0.9999999999999181, 0.9999999999999998, 1.0]"
samplePosteriorOnlyGoalAndSignal_fromStart,session_3_player2,3.0,0,2,closer_to_player1,9,"[0.5, 0.9830061098678012, 0.9995433046668057, 0.9999819788084283, 0.9999881736318836, 0.9999991493300256, 0.9999995959731268, 0.9999998070260514, 0.9999999082473866]"
samplePosteriorOnlyGoalAndSignal_fromStart,session_3_player1,3.0,1,1,closer_to_player2,9,"[0.5, 0.9318679268591491, 0.9111952494574946, 0.9974410114395259, 0.9999274717788578, 0.9999956355298573, 0.999997907214385, 0.9999989791101084, 0.9999994953898549]"
samplePosteriorOnlyGoalAndSignal_fromStart,session_3_player2,3.0,1,2,closer_to_player2,9,"[0.5, 0.0016961431351371022, 0.9823769110815174, 0.9999984551752368, 0.9999999998600734, 0.9999999999999756, 1.0, 1.0, 1.0]"
samplePosteriorOnlyGoalAndSignal_fromStart,session_3_player1,3.0,2,1,closer_to_player1,6,"[0.5, 0.501620158835099, 0.5087691255017303, 0.5672966344694286, 0.5708059670973056, 0.5729137723319926]"
samplePosteriorOnlyGoalAndSignal_fromStart,session_3_player2,3.0,2,2,closer_to_player1,9,"[0.5, 0.5035101249760182, 0.5063342600163842, 0.5134836336638283, 0.5071989409139638, 0.5440840307795946, 0.5496445876462321, 0.5531759056648577, 0.5553027570623149]"
samplePosteriorOnlyGoalAndSignal_fromStart,session_3_player1,3.0,4,1,closer_to_player2,9,"[0.5, 0.5185036283260329, 0.5288254559367973, 0.5548073411883696, 0.5667451834007663, 0.574983557204789, 0.5804578492672318, 0.5839304505754936, 0.5860204658403445]"
samplePosteriorOnlyGoalAndSignal_fromStart,session_3_player2,3.0,4,2,closer_to_player2,7,"[0.5, 0.5167094464889799, 0.5621147694082471, 0.5721498429806744, 0.5756492909754776, 0.5777509075388272, 0.5777509075388273]"
samplePosteriorOnlyGoalAndSignal_fromStart,session_3_player1,3.0,6,1,equal_to_both,10,"[0.5, 0.9938484357228492, 0.9999345461063608, 0.999998883910502, 0.999999970289733, 0.9999999981838502, 0.9999999991402962, 0.9999999995867773, 0.9999999997989875, 0.9999999999016036]"
samplePosteriorOnlyGoalAndSignal_fromStart,session_3_player2,3.0,6,2,equal_to_both,10,"[0.5, 0.9928571067820136, 0.9938491063621013, 0.9999609134747537, 0.9999628322732731, 0.9999637062112607, 0.9999998728628284, 0.9999999988926982, 0.9999999994797643, 0.9999999998526523]"
samplePosteriorOnlyGoalAndSignal_fromStart,session_3_player1,3.0,9,1,closer_to_player2,9,"[0.5, 0.9831363609231004, 0.99954970672073, 0.9999821702104996, 0.9999979076598625, 0.9999989866679331, 0.9999994971462987, 0.9999997465499898, 0.9999998711573928]"
samplePosteriorOnlyGoalAndSignal_fromStart,session_3_player2,3.0,9,2,closer_to_player2,13,"[0.5, 0.9996549378497698, 0.9999997185656813, 0.9996449669204209, 0.9996534632426181, 0.9999998412255423, 0.9999999998228377, 0.9999999999992697, 0.9999999999997847, 0.999999999999999, 0.999999999999999, 0.999999999999999, 1.0]"
samplePosteriorOnlyGoalAndSignal_fromStart,session_3_player1,3.0,10,1,closer_to_player1,9,"[0.5, 0.50400838097953, 0.5065782564152391, 0.5077590525590729, 0.5045394483524877, 0.5797151879185354, 0.6385504028918102, 0.6767036406489766, 0.7586854326899832]"
samplePosteriorOnlyGoalAndSignal_fromStart,session_3_player2,3.0,10,2,closer_to_player1,10,"[0.5, 0.5169436541380877, 0.52284087770898, 0.5362563968220522, 0.539495371218152, 0.05037220347710332, 0.050999190513126125, 0.0512949059842033, 0.05141767050644131, 0.051461139014805805]"
samplePosteriorOnlyGoalAndSignal_fromStart,session_4_player1,4.0,1,1,closer_to_player1,6,"[0.5, 0.9966521347166368, 0.999979184667197, 0.9999838670521558, 0.9999998815133118, 0.999999941389902]"
samplePosteriorOnlyGoalAndSignal_fromStart,session_4_player2,4.0,1,2,closer_to_player1,18,"[0.5, 0.9965550706859017, 0.755444818522628, 0.9988821915088942, 0.9988831320061531, 0.9999962126190955, 0.9999999756658728, 0.9999999995459197, 0.9999999997760253, 0.9999999960439604, 0.999999953446149, 0.9999999775017622, 0.9999999889027638, 0.9999999945008065, 0.9999999972723514, 0.9999999986942959, 0.9999999996319378, 0.9999999999993039]"
samplePosteriorOnlyGoalAndSignal_fromStart,session_4_player1,4.0,3,1,closer_to_player1,11,"[0.5, 0.9978830769348379, 0.999991112854074, 0.9999999304774198, 0.9999999589452108, 0.9999999993597939, 0.9999999996454448, 0.9999999998058017, 0.9999999998964193, 0.9999999999471033, 0.9999999999835542]"
samplePosteriorOnlyGoalAndSignal_fromStart,session_4_player2,4.0,3,2,closer_to_player1,9,"[0.5, 0.980280645317419, 0.9987541965517053, 0.9994067216157565, 0.9996768007041188, 0.9998222899170177, 0.9999023381635829, 0.9999468786775024, 0.9999717822865585]"
samplePosteriorOnlyGoalAndSignal_fromStart,session_4_player1,4.0,7,1,closer_to_player2,16,"[0.5, 0.4958637937220865, 0.9982496601942771, 0.9999940547103487, 0.9999999617669949, 0.9999999992859999, 0.9999999996478142, 0.9999999998254762, 0.9999999999134314, 0.9999994152412126, 0.9999939552193229, 0.9999956885040081, 0.9999999883753515, 0.9999999944331953, 0.9999999984268865, 0.999999999997033]"
samplePosteriorOnlyGoalAndSignal_fromStart,session_4_player2,4.0,7,2,closer_to_player2,6,"[0.5, 0.9966487034215133, 0.996692888528289, 0.9967039288889402, 0.9999951515351084, 0.999995175805013]"
samplePosteriorOnlyGoalAndSignal_fromStart,session_4_player1,4.0,8,1,closer_to_player1,9,"[0.5, 0.9996549410571367, 0.999999718622825, 0.999999733797931, 0.9999999997042337, 0.9999999999989505, 0.9999999999997045, 0.9999999999999988, 1.0]"
samplePosteriorOnlyGoalAndSignal_fromStart,session_4_player2,4.0,8,2,closer_to_player1,9,"[0.5, 0.50299656618297, 0.9896718414006449, 0.9998222497593587, 0.9998293505537552, 0.9999970750638013, 0.9999998951424439, 0.9999999495294096, 0.9999999754121603]"
samplePosteriorOnlyGoalAndSignal_fromStart,session_4_player1,4.0,9,1,equal_to_both,10,"[0.5, 0.9937275048642991, 0.9999317360072598, 0.9999988085067559, 0.9999999674571751, 0.9999999976583511, 0.999999998944264, 0.9999999995102183, 0.9999999997789002, 0.9999999999362381]"
samplePosteriorOnlyGoalAndSignal_fromStart,session_4_player2,4.0,9,2,equal_to_both,10,"[0.5, 0.4999831172414309, 0.9966462193966513, 0.9999792850046754, 0.9999997815632183, 0.9999999962829662, 0.9999999999020761, 0.9999999999266613, 0.9999999999974197, 0.9999999999988052]"
samplePosteriorOnlyGoalAndSignal_fromStart,session_4_player1,4.0,10,1,equal_to_both,11,"[0.5, 0.4999995384066619, 0.9938486535656733, 0.9999345462713445, 0.9999988838766294, 0.999999970300994, 0.9999999981945876, 0.9999999991463039, 0.999999999590085, 0.999999999801453, 0.9999999999077758]"
samplePosteriorOnlyGoalAndSignal_fromStart,session_4_player2,4.0,10,2,equal_to_both,11,"[0.5, 0.988364216201295, 0.99978109957819, 0.9998149530701959, 0.9999967841569525, 0.9999999129001025, 0.9999999946611399, 0.9999999975598279, 0.9999999988313734, 0.9999999994340476, 0.9999999997371204]"
samplePosteriorOnlyGoalAndSignal_fromStart,session_4_player1,4.0,11,1,closer_to_player2,14,"[0.5, 0.5052076047086594, 0.5086849075672405, 0.5109855394703015, 0.5182940062232649, 0.06896901119364116, 0.07087168924473265, 0.08132389733629108, 0.08132389733629107, 0.08302213621132372, 0.0022642771504017513, 0.002030085983643979, 0.002838987722505289, 0.002863463024838528]"
samplePosteriorOnlyGoalAndSignal_fromStart,session_4_player2,4.0,11,2,closer_to_player2,4,"[0.5, 0.5609198672381815, 0.6016131273855103, 0.701155500424005]"
samplePosteriorOnlyGoalAndSignal_fromStart,session_5_player1,5.0,0,1,closer_to_player1,9,"[0.5, 0.41673021262484583, 0.345764933469502, 0.42188119154358333, 0.9999495395197328, 0.9999360606207837, 0.9999999990009124, 0.9999999999999464, 0.9999999999999735]"
samplePosteriorOnlyGoalAndSignal_fromStart,session_5_player2,5.0,0,2,closer_to_player1,9,"[0.5, 0.5045056491100135, 0.5077605775217329, 0.5036960705039123, 0.4985527778186123, 0.5054361034101628, 0.5638383656815287, 0.5673460005162636, 0.5694578992811514]"
samplePosteriorOnlyGoalAndSignal_fromStart,session_5_player1,5.0,1,1,closer_to_player2,9,"[0.5, 0.50350479780463, 0.5062692358796224, 0.5127263458287122, 0.5259156182015714, 0.5291187753468326, 0.5306360271603338, 0.5312635707775728, 0.5314854109693988]"
samplePosteriorOnlyGoalAndSignal_fromStart,session_5_player2,5.0,1,2,closer_to_player2,8,"[0.5, 0.5102825412471079, 0.5054069063444694, 0.5888835657631721, 0.6598905594611971, 0.7130585231540667, 0.67110164332114, 0.8042627686249119]"
samplePosteriorOnlyGoalAndSignal_fromStart,session_5_player1,5.0,2,1,closer_to_player1,11,"[0.5, 0.997828071780691, 0.9999907237769909, 0.9999999266902175, 0.9999999981609758, 0.9999999992055792, 0.9999999995817469, 0.9999999997822373, 0.9999999998909892, 0.9999999999672705, 0.9999999999999284]"
samplePosteriorOnlyGoalAndSignal_fromStart,session_5_player2,5.0,2,2,closer_to_player1,9,"[0.5, 0.9830621540658216, 0.9995222564079393, 0.9999555095098839, 0.9999773004276286, 0.9999881909028789, 0.9999937862372072, 0.9999967159856117, 0.9999982736182357]"
samplePosteriorOnlyGoalAndSignal_fromStart,session_5_player1,5.0,3,1,equal_to_both,14,"[0.5, 0.9828669630019589, 0.9995382617208854, 0.9999822557956787, 0.9999990541864611, 0.9999999305040234, 0.9999999868413104, 0.9999999942496496, 0.9999999974009081, 0.9999999988077363, 0.9999999994481797, 0.9999999997444664, 6.582960041031773e-24, 3.4211914359671904e-22]"
samplePosteriorOnlyGoalAndSignal_fromStart,session_5_player2,5.0,3,2,equal_to_both,14,"[0.5, 0.9811855633287875, 0.9833855458592647, 0.9997053924239641, 0.9997186347737552, 0.999995189363634, 0.9999998709713311, 0.9997481473476211, 0.9999932432999462, 0.9999995007377429, 0.9999997675519725, 0.9999998919283902, 0.9999999512039995, 0.9999999859276438]"
samplePosteriorOnlyGoalAndSignal_fromStart,session_5_player1,5.0,5,1,closer_to_player1,7,"[0.5, 0.999905504252474, 0.9999697135302712, 0.9999999976684336, 0.9999999999997907, 1.0, 1.0]"
samplePosteriorOnlyGoalAndSignal_fromStart,session_5_player2,5.0,5,2,closer_to_player1,9,"[0.5, 0.42165866816359165, 0.977957129428487, 0.999581446534761, 0.9999815893392642, 0.9999910118546461, 0.999995556047029, 0.9999977829583577, 0.9999988878781196]"
samplePosteriorOnlyGoalAndSignal_fromStart,session_5_player1,5.0,6,1,closer_to_player2,9,"[0.5, 0.5034831209825313, 0.5062372331712867, 0.5126881556830251, 0.5258711428156259, 0.5290731011650247, 0.5305903540678015, 0.5312179052538979, 0.5314397482980455]"
samplePosteriorOnlyGoalAndSignal_fromStart,session_5_player2,5.0,6,2,closer_to_player2,4,"[0.5, 0.5615946233083663, 0.5125907997269274, 0.6792556450406665]"
samplePosteriorOnlyGoalAndSignal_fromStart,session_5_player1,5.0,11,1,equal_to_both,10,"[0.5, 0.5146134265100046, 0.9967564802401035, 0.9999793805105822, 0.9999997755405083, 0.9999997900272677, 0.99999999765503, 0.9999999999371116, 0.9999999999716942, 0.9999999999918402]"
samplePosteriorOnlyGoalAndSignal_fromStart,session_5_player2,5.0,11,2,equal_to_both,12,"[0.5, 0.9938492960131401, 0.9999345605456867, 0.999998885221035, 0.99999891379335, 0.9999989321129014, 0.9999989391729128, 0.9999999946742918, 0.9999999999493931, 0.9999851097170476, 0.9999998585048296, 0.999999868795998]"
samplePosteriorOnlyGoalAndSignal_fromStart,session_6_player1,6.0,0,1,closer_to_player1,8,"[0.5, 0.5100512850933265, 0.5172718969173526, 0.5218370172769525, 0.5202085078091334, 0.5807308489930441, 0.6208291975381415, 0.7178222003096661]"
samplePosteriorOnlyGoalAndSignal_fromStart,session_6_player2,6.0,0,2,closer_to_player1,10,"[0.5, 0.5030302977427022, 0.5052122167983548, 0.5066743695364688, 0.5078559217247484, 0.5147358437789492, 0.48739549395851106, 0.5709555852405559, 0.5730631235090982, 0.5730631235090983]"
samplePosteriorOnlyGoalAndSignal_fromStart,session_6_player1,6.0,1,1,closer_to_player1,8,"[0.5, 0.4939056674587017, 0.5826328833193614, 0.6617979684866999, 0.7260698974039078, 0.7724598737591529, 0.8008863140787826, 0.8579865162691476]"
samplePosteriorOnlyGoalAndSignal_fromStart,session_6_player2,6.0,1,2,closer_to_player1,9,"[0.5, 0.5035047977025063, 0.5062692356726101, 0.5029340184649507, 0.4983909019247508, 0.504664155078999, 0.48012819796347445, 0.5539170994926493, 0.5541372162292798]"
samplePosteriorOnlyGoalAndSignal_fromStart,session_6_player1,6.0,2,1,equal_to_both,13,"[0.5, 0.981185531299059, 0.9994521574040229, 0.9999774301216583, 0.9999986907795632, 0.9999998213209267, 0.9999998213209267, 0.9999999355064033, 0.999999970890735, 0.9999999864472408, 0.999999993698945, 0.9999999971549768, 0.9999999991795193]"
samplePosteriorOnlyGoalAndSignal_fromStart,session_6_player2,6.0,2,2,equal_to_both,12,"[0.5, 0.9828669630023759, 0.983194016026403, 0.9997073467349485, 0.9999923588082958, 0.999999709995631, 0.9999999841703966, 0.99999999774024, 0.9999999989786146, 0.9999999995314668, 0.9999999997831469, 0.999999999899581]"
samplePosteriorOnlyGoalAndSignal_fromStart,session_6_player1,6.0,4,1,closer_to_player2,9,"[0.5, 0.5184833226891199, 0.5299634260928949, 0.5365731578534765, 0.5486015783340734, 0.5569151363528765, 0.562445039801658, 0.5659552467017869, 0.5680687655807798]"
samplePosteriorOnlyGoalAndSignal_fromStart,session_6_player2,6.0,4,2,closer_to_player2,4,"[0.5, 0.4941693579292865, 0.5359309145386228, 0.6421222689866938]"
samplePosteriorOnlyGoalAndSignal_fromStart,session_6_player1,6.0,6,1,equal_to_both,11,"[0.5, 0.9894522400248654, 0.9998174360293361, 0.9999952263504015, 0.9999998134505795, 0.9999999836007741, 0.9999999923980653, 0.9999999964053956, 0.9999999982739964, 0.9999999991639905, 0.9999999996116771]"
samplePosteriorOnlyGoalAndSignal_fromStart,session_6_player2,6.0,6,2,equal_to_both,11,"[0.5, 0.988364413868797, 0.9997811070429634, 0.9998149549572616, 0.9999967841935175, 0.9999999129006009, 0.9999999946609982, 0.9999999975597778, 0.9999999988313509, 0.999999999434037, 0.9999999997371154]"
samplePosteriorOnlyGoalAndSignal_fromStart,session_6_player1,6.0,7,1,closer_to_player2,9,"[0.5, 0.5045001650974681, 0.5120813812094832, 0.5187142098301093, 0.5308008334785644, 0.5391668415946825, 0.5447371761389099, 0.5482753479718852, 0.550406567116576]"
samplePosteriorOnlyGoalAndSignal_fromStart,session_6_player2,6.0,7,2,closer_to_player2,9,"[0.5, 0.49537467975748234, 0.4970192826177846, 0.5770647080018061, 0.40547270712907424, 0.9999897901619897, 0.9999881239159336, 0.9999999999642568, 0.9999999999999996]"
samplePosteriorOnlyGoalAndSignal_fromStart,session_6_player1,6.0,9,1,closer_to_player1,6,"[0.5, 0.9944444671434607, 0.9972283166978393, 0.9986162004185332, 0.9993086850100698, 0.9996546129805857]"
samplePosteriorOnlyGoalAndSignal_fromStart,session_6_player2,6.0,9,2,closer_to_player1,12,"[0.5, 0.4956059354468424, 0.48164479066706334, 0.5563038452007166, 0.43145256078272737, 0.5244915514455507, 0.6309914440380135, 0.7450791113824642, 0.8535769163987241, 1.0, 1.0, 1.0]"
samplePosteriorOnlyGoalAndSignal_fromStart,session_6_player1,6.0,11,1,closer_to_player2,9,"[0.5, 0.9824136426162635, 0.9995103622483251, 0.9999800088065242, 0.9999980856481635, 0.9999992601764996, 0.9999996459261904, 0.9999998264162453, 0.9999999146981663]"
samplePosteriorOnlyGoalAndSignal_fromStart,session_6_player2,6.0,11,2,closer_to_player2,9,"[0.5, 0.5031064644549714, 0.6083711620222924, 0.9999582323746579, 0.9999999912299821, 0.9999999999866458, 0.9999999999999782, 1.0, 1.0]"
samplePosteriorOnlyGoalAndSignal_fromStart,session_7_player1,7.0,0,1,equal_to_both,11,"[0.5, 0.5004077518980705, 0.001655457567717077, 0.6706436492175627, 0.9991393886530907, 0.9999970029785087, 0.9999999807955291, 0.9999999820937743, 0.9999999898692898, 0.9999999999413538, 0.9999999999992131]"
samplePosteriorOnlyGoalAndSignal_fromStart,session_7_player2,7.0,0,2,equal_to_both,9,"[0.5, 0.49958791452477863, 0.9983445371455223, 0.9999945473178967, 0.9999999668839868, 0.9999999996523443, 0.9999999996596882, 0.9999999999967661, 0.9999999999970015]"
samplePosteriorOnlyGoalAndSignal_fromStart,session_7_player1,7.0,3,1,closer_to_player2,9,"[0.5, 0.49037290301869857, 0.48013250798058393, 0.9932149368071393, 0.9999288692243097, 0.9999987961213627, 0.9999999676195286, 0.9999999979269578, 0.9999999989535164]"
samplePosteriorOnlyGoalAndSignal_fromStart,session_7_player2,7.0,3,2,closer_to_player2,9,"[0.5, 0.9994048810873235, 0.9999983808098087, 0.9999996997875477, 0.9999999993754588, 0.999999999999077, 0.999999999999998, 1.0, 1.0]"
samplePosteriorOnlyGoalAndSignal_fromStart,session_7_player1,7.0,5,1,closer_to_player1,6,"[0.5, 0.5001185943541027, 0.5026234115262646, 0.5085451997134829, 0.5818174628132077, 0.5820343242846404]"
samplePosteriorOnlyGoalAndSignal_fromStart,session_7_player2,7.0,5,2,closer_to_player1,9,"[0.5, 0.5019100410852287, 0.508811330223618, 0.5107936639630676, 0.5168831890809067, 0.5200916849550685, 0.5216117255216314, 0.5222404714413011, 0.5224627434944142]"
samplePosteriorOnlyGoalAndSignal_fromStart,session_7_player1,7.0,7,1,closer_to_player2,11,"[0.5, 0.5028451015469632, 0.0017469035712290844, 0.21262007112163317, 0.9620984685756275, 0.9992843492180585, 0.9999536093995165, 0.9999753366291395, 0.9999866754028878, 0.9999927257703902, 0.9999960191557616]"
samplePosteriorOnlyGoalAndSignal_fromStart,session_7_player2,7.0,7,2,closer_to_player2,9,"[0.5, 0.49992844622843846, 0.9998680250937212, 0.9999999531030508, 0.9999999999222122, 0.9999999999600214, 0.9999999999875198, 0.9999999999999887, 1.0]"
samplePosteriorOnlyGoalAndSignal_fromStart,session_7_player1,7.0,9,1,closer_to_player1,8,"[0.5, 0.5062099431207638, 0.07403537171539883, 0.07575645135311691, 0.07672298306079789, 0.07861823004334924, 0.10672628875209066, 0.10755096910269088]"
samplePosteriorOnlyGoalAndSignal_fromStart,session_7_player2,7.0,9,2,closer_to_player1,11,"[0.5, 0.5034544985064826, 0.5057081971370334, 0.5065387618224877, 0.5068732734686825, 0.5092789277838452, 0.515634365835055, 0.5983850461263642, 0.6004521343041782, 1.4230351830807096e-29, 2.2109249124035464e-29]"
samplePosteriorOnlyGoalAndSignal_fromStart,session_7_player1,7.0,10,1,closer_to_player2,9,"[0.5, 0.9831876683064412, 0.9995409227247919, 0.9999707143176396, 0.9999860968412787, 0.9999933023924867, 0.9999967362809359, 0.9999983961710744, 0.9999992086481515]"
samplePosteriorOnlyGoalAndSignal_fromStart,session_7_player2,7.0,10,2,closer_to_player2,9,"[0.5, 0.4991690761122927, 0.9998680433134122, 0.9999999545830855, 0.9999999556858158, 0.9999999999798769, 0.999999999999978, 1.0, 1.0]"
samplePosteriorOnlyGoalAndSignal_fromStart,session_7_player1,7.0,11,1,closer_to_player1,11,"[0.5, 0.49605183453340607, 0.9991707121676773, 0.9999985401177189, 0.9999999949057092, 0.9999999999672572, 0.9999999999996376, 0.9999999999999934, 0.9999999999999953, 0.9999999999999977, 1.0]"
samplePosteriorOnlyGoalAndSignal_fromStart,session_7_player2,7.0,11,2,closer_to_player1,9,"[0.5, 0.983224772573904, 0.9836262504688456, 0.9997168588017485, 0.9997241975545076, 0.9997280452533843, 0.999997649403044, 0.9999999638475999, 0.9999999989433631]"
samplePosteriorOnlyGoalAndSignal_fromStart,session_8_player1,8.0,1,1,closer_to_player1,9,"[0.5, 0.5032813780599408, 0.427922900676261, 0.36869697439652765, 0.4156403005108021, 0.9999901265947816, 0.9999999998453494, 0.9999999998674771, 0.999999999999998]"
samplePosteriorOnlyGoalAndSignal_fromStart,session_8_player2,8.0,1,2,closer_to_player1,9,"[0.5, 0.5035047977025063, 0.5062692356726101, 0.5127263454111284, 0.5259156175296696, 0.5291187746220963, 0.530636026412896, 0.5312635700213123, 0.5314854102100784]"
samplePosteriorOnlyGoalAndSignal_fromStart,session_8_player1,8.0,2,1,closer_to_player2,9,"[0.5, 0.42170083815232956, 0.3430036870275961, 0.2692786526946086, 0.9860540036769228, 0.9999027451289518, 0.9999976012539528, 0.999998619155175, 0.9999991937618101]"
samplePosteriorOnlyGoalAndSignal_fromStart,session_8_player2,8.0,2,2,closer_to_player2,7,"[0.5, 0.6657542279355286, 0.9999825767436307, 0.9999999982764268, 0.9999999999997922, 1.0, 1.0]"
samplePosteriorOnlyGoalAndSignal_fromStart,session_8_player1,8.0,3,1,closer_to_player2,9,"[0.5, 0.9820991445268753, 0.9994800469912192, 0.9999472186546107, 0.9999721173296194, 0.9999848891613482, 0.9999916447434356, 0.9999953079698097, 0.9999973416314778]"
samplePosteriorOnlyGoalAndSignal_fromStart,session_8_player2,8.0,3,2,closer_to_player2,9,"[0.5, 0.9994962432526017, 0.9999988138312496, 0.9999994781052619, 0.9999997275768246, 0.9999999096829802, 0.9999999999705941, 0.9999999999999909, 1.0]"
samplePosteriorOnlyGoalAndSignal_fromStart,session_8_player1,8.0,6,1,closer_to_player2,9,"[0.5, 0.5040237862397705, 0.5106900486652056, 0.5124018982649651, 0.5184138892613244, 0.5216204079797077, 0.523140031593842, 0.523768603290553, 0.5239908127140356]"
samplePosteriorOnlyGoalAndSignal_fromStart,session_8_player2,8.0,6,2,closer_to_player2,4,"[0.5, 0.5557646450206327, 0.5596140615361533, 0.5598380836342336]"
samplePosteriorOnlyGoalAndSignal_fromStart,session_8_player1,8.0,8,1,closer_to_player1,11,"[0.5, 0.0032951382087535192, 0.9615379494901357, 0.9999861945669511, 0.9999999887575379, 0.999999999980273, 0.9999999999813728, 0.9999999999895417, 0.9999999999999845, 1.0, 1.0]"
samplePosteriorOnlyGoalAndSignal_fromStart,session_8_player2,8.0,8,2,closer_to_player1,9,"[0.5, 0.9830765837200688, 0.9836432371603087, 0.9997166886203398, 0.9999925150649317, 0.9999995711593397, 0.9999997973883492, 0.9999999026354349, 0.9999999526394476]"
samplePosteriorOnlyGoalAndSignal_fromStart,session_8_player1,8.0,9,1,closer_to_player1,9,"[0.5, 0.9999550787778988, 0.999999994090743, 0.9999999999979664, 0.9999999999999983, 0.9999999999999984, 0.9999999999999991, 1.0, 1.0]"
samplePosteriorOnlyGoalAndSignal_fromStart,session_8_player2,8.0,9,2,closer_to_player1,9,"[0.5, 0.9825005521905468, 0.02785137131364553, 0.028966350735085352, 0.7327320666961515, 0.9875162325847603, 0.9935883814544167, 0.9967262355815689, 0.9983554937099595]"
samplePosteriorOnlyGoalAndSignal_fromStart,session_8_player1,8.0,10,1,equal_to_both,11,"[0.5, 0.9894522360352315, 0.999817435889124, 0.9998219995723828, 0.9999969643834756, 0.9999999192249118, 0.9999999950896553, 0.9999999976781248, 0.9999999988851166, 0.9999999994599935, 0.9999999997491692]"
samplePosteriorOnlyGoalAndSignal_fromStart,session_8_player2,8.0,10,2,equal_to_both,13,"[0.5, 0.9883644188101147, 0.9997811072211956, 0.9998149549480783, 0.9999967841938576, 0.9999999129006224, 0.9998236750752683, 0.9998355119045395, 0.9999971534751827, 0.9999998887962844, 0.9999999467433187, 0.9999999742084098, 0.9999999880200493]"
samplePosteriorOnlyGoalAndSignal_fromStart,session_9_player1,9.0,0,1,equal_to_both,10,"[0.5, 0.9938488851405461, 0.9999345559993037, 0.9999988851238624, 0.9999989136918269, 0.99999998151255, 0.9999999995105011, 0.9999999999684552, 0.9999999999850497, 0.9999999999928697]"
samplePosteriorOnlyGoalAndSignal_fromStart,session_9_player2,9.0,0,2,equal_to_both,10,"[0.5, 0.5300177547388648, 0.9969348417511847, 0.999980430831605, 0.9999997810032912, 0.999999992966739, 0.9999999967357144, 0.99999999848526, 0.9999999995620401, 0.9999999999932524]"
samplePosteriorOnlyGoalAndSignal_fromStart,session_9_player1,9.0,1,1,equal_to_both,13,"[0.5, 0.9893308795421855, 0.9998127612201416, 0.9999950372928267, 0.999999803745858, 0.9999999827210503, 0.9999975599363933, 0.9999991333235717, 0.999999610366267, 0.999999816185317, 0.9999999117474822, 0.9999999572541335, 0.9999999801447331]"
samplePosteriorOnlyGoalAndSignal_fromStart,session_9_player2,9.0,1,2,equal_to_both,11,"[0.5, 0.9893313168287053, 0.9998127766908802, 0.9999950378972727, 0.9999954513781784, 0.9999998787875308, 0.9999999151238279, 0.999999996683851, 0.9999999984078621, 0.9999999992288344, 0.999999999641797]"
samplePosteriorOnlyGoalAndSignal_fromStart,session_9_player1,9.0,2,1,closer_to_player2,9,"[0.5, 0.9820991867309664, 0.9829839235370436, 0.9996805539627673, 0.9997750503781492, 0.9999906401986064, 0.9999948246816932, 0.9999970937184961, 0.9999983533855121]"
samplePosteriorOnlyGoalAndSignal_fromStart,session_9_player2,9.0,2,2,closer_to_player2,8,"[0.5, 0.9998598176790227, 0.9999998920021675, 0.9999999436262054, 0.9999999813102874, 0.9999999999939149, 0.9999999999999981, 1.0]"
samplePosteriorOnlyGoalAndSignal_fromStart,session_9_player1,9.0,5,1,closer_to_player1,8,"[0.5, 0.9999444696794589, 0.9999638579223894, 0.9999999943691175, 0.9999999999992906, 0.9999999999999996, 1.0, 1.0]"
samplePosteriorOnlyGoalAndSignal_fromStart,session_9_player2,9.0,5,2,closer_to_player1,8,"[0.5, 0.9832259292557614, 0.9995458810090395, 0.99997207180983, 0.9999867635774847, 0.9999936276531389, 0.9999968954052099, 0.9999984744447525]"
samplePosteriorOnlyGoalAndSignal_fromStart,session_9_player1,9.0,6,1,closer_to_player1,7,"[0.5, 0.9999964030493513, 0.9999999999597692, 0.9999999999999987, 1.0, 1.0, 1.0]"
samplePosteriorOnlyGoalAndSignal_fromStart,session_9_player2,9.0,6,2,closer_to_player1,7,"[0.5, 0.5100090131079462, 0.5161330927130297, 0.5192854051279996, 0.9968980249216882, 0.9999768815472744, 0.9999885156275141]"
samplePosteriorOnlyGoalAndSignal_fromStart,session_9_player1,9.0,7,1,closer_to_player2,9,"[0.5, 0.503405204987075, 0.5056594996794954, 0.5064899527840465, 0.5076711881612692, 0.5145510248528308, 0.5727865399708507, 0.5762762864462282, 0.578376988779726]"
samplePosteriorOnlyGoalAndSignal_fromStart,session_9_player2,9.0,7,2,closer_to_player2,6,"[0.5, 0.5016195744922924, 0.5087679328687554, 0.5672943240769915, 0.5708036947434767, 0.5729115046053758]"
samplePosteriorOnlyGoalAndSignal_fromStart,session_9_player1,9.0,9,1,equal_to_both,13,"[0.5, 0.010674416304703416, 0.6304384949773995, 0.9937144499029424, 0.9998901734520832, 0.9999970902071358, 0.9999998880228526, 0.9999998996646258, 0.9999999052265797, 0.9999999088255807, 0.9999999153356629, 0.9999999989346099, 0.9999999999733108]"
samplePosteriorOnlyGoalAndSignal_fromStart,session_9_player2,9.0,9,2,equal_to_both,11,"[0.5, 0.9894602920158292, 0.999817763940005, 0.9999952473337145, 0.9999998198251377, 0.9999999902012384, 0.9999999935377659, 0.9999999993953559, 0.9999999997284463, 0.9999999998775797, 0.9999999999463663]"
samplePosteriorOnlyGoalAndSignal_fromStart,session_9_player1,9.0,10,1,closer_to_player1,9,"[0.5, 0.9996549832652599, 0.9999997189424152, 0.9999999995068328, 0.9999999999982588, 0.9999999999999832, 0.9999999999999921, 0.9999999999999978, 1.0]"
samplePosteriorOnlyGoalAndSignal_fromStart,session_9_player2,9.0,10,2,closer_to_player1,13,"[0.5, 0.9830770653832782, 0.9995469131730516, 0.9995794856141083, 0.9999888888132532, 0.9999993633975279, 0.999999699228263, 0.9993720287458799, 0.9997032079817388, 0.9998573553077122, 0.048150582345813736, 0.7136909816650642, 0.8367238435801673]"
samplePosteriorOnlyGoalAndSignal_fromStart,session_9_player1,9.0,11,1,closer_to_player2,9,"[0.5, 0.9832193564038371, 0.999554095999131, 0.9999830012871843, 0.9999843649890414, 0.9999993920635039, 0.9999995508642953, 0.9999999738881568, 0.9999999873761438]"
samplePosteriorOnlyGoalAndSignal_fromStart,session_9_player2,9.0,11,2,closer_to_player2,12,"[0.5, 0.622634291977797, 0.9998706333254332, 0.9999999225973498, 0.9999999998828545, 0.9999999999993392, 0.9999999999999941, 1.0, 0.999999999993448, 0.9999999999999666, 0.9999999999999667, 0.9999999999999998]"
samplePosteriorOnlyGoalAndSignal_fromStart,session_10_player1,10.0,3,1,closer_to_player1,8,"[0.5, 0.999997370131781, 0.9999999999149176, 0.9999999999149176, 0.999999999999997, 0.9999999991781401, 0.9999999999999707, 1.0]"
samplePosteriorOnlyGoalAndSignal_fromStart,session_10_player2,10.0,3,2,closer_to_player1,9,"[0.5, 0.5175631142164938, 0.43503388537483056, 0.574841030892887, 0.4120118122946526, 0.9873304289934607, 0.9856927424383362, 0.9999133001911858, 0.9999439949793796]"
samplePosteriorOnlyGoalAndSignal_fromStart,session_10_player1,10.0,4,1,closer_to_player1,7,"[0.5, 0.5799722609154475, 0.4083503631055381, 0.999989911182388, 0.9999999998423652, 0.9999999998644821, 0.999999999999998]"
samplePosteriorOnlyGoalAndSignal_fromStart,session_10_player2,10.0,4,2,closer_to_player1,11,"[0.5, 0.504506287995656, 0.512092997823529, 0.518736554589014, 0.5308236836474745, 0.5391897316411217, 0.046778675416628786, 0.05383861213553826, 0.05499319662414189, 0.05573984980592695, 0.05619468877322275]"
samplePosteriorOnlyGoalAndSignal_fromStart,session_10_player1,10.0,5,1,equal_to_both,15,"[0.5, 0.5133483402176551, 0.9940603011779521, 0.9999354571474393, 0.9649642696759408, 0.9996079385590563, 0.9999929763688218, 0.9999996919846853, 0.9999998559095672, 0.9999999299875368, 0.999995618227916, 0.9999905019731765, 0.9999953499302409, 0.9999978149625379, 0.9999993811178401]"
samplePosteriorOnlyGoalAndSignal_fromStart,session_10_player2,10.0,5,2,equal_to_both,11,"[0.5, 0.9893813410863918, 0.9998144240248203, 0.9999950982487017, 0.9999998066746391, 0.9999999830001043, 0.9999999922981427, 0.9999999963588352, 0.9999999982498954, 0.9999999991486621, 0.9999999995832668]"
samplePosteriorOnlyGoalAndSignal_fromStart,session_10_player1,10.0,6,1,closer_to_player2,9,"[0.5, 0.5034526775804175, 0.5056450876191848, 0.5071104659335667, 0.5082581324542065, 0.5145281911544222, 0.48998706128855285, 0.5636483727332927, 0.5638674687118838]"
samplePosteriorOnlyGoalAndSignal_fromStart,session_10_player2,10.0,6,2,closer_to_player2,6,"[0.5, 0.5062849490494752, 0.509794855152946, 0.5159587551585032, 0.5891435375227991, 0.5893635606745348]"
samplePosteriorOnlyGoalAndSignal_fromStart,session_10_player1,10.0,7,1,equal_to_both,12,"[0.5, 0.5000398882181271, 0.9894506526142338, 0.9895717586838632, 0.9998885544757301, 0.9999981008905546, 0.9999999505688397, 0.9999999980911202, 0.9999999998214181, 0.9999999999198003, 0.9999999999638451, 0.9999999999841601]"
samplePosteriorOnlyGoalAndSignal_fromStart,session_10_player2,10.0,7,2,equal_to_both,16,"[0.5, 0.5000267724274141, 0.010552238815259391, 0.00018270975726627863, 0.00017832386839679228, 0.09331965978681632, 0.9680729530909661, 0.9997959147785674, 0.9999978410367297, 0.9999999632137957, 0.9999999990425094, 0.9999999990932616, 0.9999999999760936, 0.9999999999986013, 0.9999999999993695, 0.9999999999997238]"
samplePosteriorOnlyGoalAndSignal_fromStart,session_10_player1,10.0,9,1,closer_to_player2,9,"[0.5, 0.421197792652089, 0.9786097285697912, 0.9996144366346399, 0.999990071223919, 0.9999903736567353, 0.9999998032862446, 0.9999999933609395, 0.9999999936917449]"
samplePosteriorOnlyGoalAndSignal_fromStart,session_10_player2,10.0,9,2,closer_to_player2,9,"[0.5, 0.9996595100400552, 0.9999997279579648, 0.9999999995208531, 0.9999999999966057, 0.999999999999987, 0.9999999999999999, 1.0, 1.0]"
samplePosteriorOnlyGoalAndSignal_fromStart,session_10_player1,10.0,10,1,closer_to_player2,9,"[0.5, 0.9832232080673016, 0.9995556410200375, 0.9995814437199201, 0.9999889475940783, 0.9999993661667812, 0.9999997001497966, 0.9999998559037679, 0.9999999299078445]"
samplePosteriorOnlyGoalAndSignal_fromStart,session_10_player2,10.0,10,2,closer_to_player2,11,"[0.5, 0.9978805346797199, 0.9999913115631064, 0.9999999355982786, 0.99999999917593, 0.9999999999741201, 0.9999999999908542, 0.999999999995661, 0.9999999999979661, 0.999999999999424, 0.9999999999999953]"
samplePosteriorOnlyGoalAndSignal_fromStart,session_10_player1,10.0,11,1,closer_to_player1,9,"[0.5, 0.9994736463209016, 0.9999993558162457, 0.9999999982894244, 0.9999999999841088, 0.9999999999972092, 0.9999999999999771, 0.9999999999999999, 1.0]"
samplePosteriorOnlyGoalAndSignal_fromStart,session_10_player2,10.0,11,2,closer_to_player1,9,"[0.5, 0.9832329436873443, 0.9995565612780278, 0.9995731464322828, 0.9999888921370688, 0.999999567959886, 0.999999959075429, 0.9999999805626463, 0.9999999905930658]"
samplePosteriorOnlyGoalAndSignal_fromStart,session_11_player1,11.0,0,1,closer_to_player1,9,"[0.5, 0.9996537963504922, 0.999999706577721, 0.9999998015857504, 0.999999999585868, 0.999999999874781, 0.9999999999997249, 0.9999999999999996, 1.0]"
samplePosteriorOnlyGoalAndSignal_fromStart,session_11_player2,11.0,0,2,closer_to_player1,9,"[0.5, 0.9831429984565564, 0.9995509943211386, 0.9995801160990414, 0.9999885168333702, 0.9999990481679781, 0.9999995179975738, 0.9999997509901042, 0.9999998695147595]"
samplePosteriorOnlyGoalAndSignal_fromStart,session_11_player1,11.0,1,1,closer_to_player2,9,"[0.5, 0.9832137129149761, 0.9995550630304758, 0.9999827570925951, 0.9999985299158276, 0.9999993182829051, 0.9999996775040673, 0.999999845021227, 0.9999999246142978]"
samplePosteriorOnlyGoalAndSignal_fromStart,session_11_player2,11.0,1,2,closer_to_player2,9,"[0.5, 0.999654961639471, 0.9999997188962225, 0.99999972822477, 0.9999999997024365, 0.9999999999992903, 0.9999999999999954, 0.9999999999999987, 1.0]"
samplePosteriorOnlyGoalAndSignal_fromStart,session_11_player1,11.0,2,1,closer_to_player1,6,"[0.5, 0.9966970959114062, 0.9999795885233449, 0.9999997819286542, 0.9999999955056463, 0.9999999978492524]"
samplePosteriorOnlyGoalAndSignal_fromStart,session_11_player2,11.0,2,2,closer_to_player1,12,"[0.5, 0.49755784740487535, 0.9982584096524509, 0.9983286388792708, 0.998390063787793, 0.999998643560753, 0.9999999958847847, 0.999999998026102, 0.9999999994418733, 0.9999999999989472, 0.9999999999999987, 1.0]"
samplePosteriorOnlyGoalAndSignal_fromStart,session_11_player1,11.0,5,1,equal_to_both,12,"[0.5, 0.9812214337559164, 0.999454537364967, 0.9995559079397532, 0.9995757780149842, 0.9999927473519931, 0.9999998065911151, 0.9999999882910569, 0.9999999944844461, 0.9999999973647002, 0.9999999987919705, 0.9999999996476655]"
samplePosteriorOnlyGoalAndSignal_fromStart,session_11_player2,11.0,5,2,equal_to_both,12,"[0.5, 0.9828714758366774, 0.9831936376230356, 0.9997073515537761, 0.9999923591999531, 0.9999997101054262, 0.9999997316390018, 0.9999999897014961, 0.999999999184195, 0.9999999996222249, 0.9999999998216054, 0.9999999999147667]"
samplePosteriorOnlyGoalAndSignal_fromStart,session_11_player1,11.0,6,1,closer_to_player1,6,"[0.5, 0.5046667614536975, 0.5029658959605834, 0.5644734050251096, 0.6056165570799455, 0.6975683714139531]"
samplePosteriorOnlyGoalAndSignal_fromStart,session_11_player2,11.0,6,2,closer_to_player1,9,"[0.5, 0.496683626543999, 0.49988518836128093, 0.50658744982454, 0.502262917321266, 0.5312600211607252, 0.5327771091791037, 0.5334043147182765, 0.5336260312306088]"
samplePosteriorOnlyGoalAndSignal_fromStart,session_11_player1,11.0,7,1,closer_to_player2,10,"[0.5, 0.9830615830891004, 0.9840012963971488, 0.9997045148870353, 0.9999808533096559, 0.9999898208711652, 0.9999945006751815, 0.9999969977922073, 0.9999983570358485, 0.9999983570358485]"
samplePosteriorOnlyGoalAndSignal_fromStart,session_11_player2,11.0,7,2,closer_to_player2,11,"[0.5, 0.003377375842303317, 0.961987481684129, 0.9999862469549514, 0.99999998831558, 0.9999999999539362, 0.9999999999754882, 0.9999999999874023, 0.9999999999960673, 0.9999999999999964, 1.0]"
samplePosteriorOnlyGoalAndSignal_fromStart,session_11_player1,11.0,8,1,closer_to_player2,11,"[0.5, 0.5034829762907747, 0.5062369490316005, 0.5029047290133983, 0.49836173259138417, 0.5046349828124571, 0.5538672826909733, 0.5544898437961006, 0.5547099053382416, 7.31784507038429e-30, 1.0991670678140667e-29]"
samplePosteriorOnlyGoalAndSignal_fromStart,session_11_player2,11.0,8,2,closer_to_player2,6,"[0.5, 0.5062846637971784, 0.5097948645866236, 0.5159590094788579, 0.5891465550592866, 0.5893665576810206]"
samplePosteriorOnlyGoalAndSignal_fromStart,session_11_player1,11.0,9,1,equal_to_both,13,"[0.5, 0.9893247864005246, 0.36952605124876287, 0.36954285757394456, 0.9895379912368362, 0.9998880021886654, 0.9999980876781555, 0.9999999501236471, 0.999999998073272, 0.999999999820219, 0.9999999999193984, 0.99999999996367, 0.9999999999840837]"
samplePosteriorOnlyGoalAndSignal_fromStart,session_11_player2,11.0,9,2,equal_to_both,13,"[0.5, 0.010540117917767388, 0.6299491875878078, 0.9937816235251951, 0.9938493430086701, 0.9999345556508257, 0.9999355711630636, 0.9999993187019098, 0.9999999883676552, 0.9999999996933107, 0.9999999999820571, 0.9999999999919111, 0.9999999999964562]"
samplePosteriorOnlyGoalAndSignal_fromStart,session_11_player1,11.0,10,1,equal_to_both,12,"[0.5, 0.5000607423057971, 0.500076432353298, 0.0017007109901936157, 0.0016969974983013173, 0.8315994345563121, 0.9998353428239747, 0.999999711280433, 0.9999999989888387, 0.9999999992401309, 0.9999999999957693, 0.9999999999988017]"
samplePosteriorOnlyGoalAndSignal_fromStart,session_11_player2,11.0,10,2,equal_to_both,10,"[0.5, 0.9937986547148673, 0.9999331911485537, 0.99999884398183, 0.9999999687968713, 0.9999999980908408, 0.9999999991208303, 0.9999999995781397, 0.9999999997948009, 0.9999999998995546]"
samplePosteriorOnlyGoalAndSignal_fromStart,session_12_player1,12.0,0,1,closer_to_player2,14,"[0.5, 0.16445249077615248, 0.16728634815840368, 0.16980301781614235, 0.1785962588546115, 0.27661387262825504, 0.955062547328733, 0.9986962193599304, 0.9986962193599305, 0.9991725409030121, 0.7408478399369053, 0.8183964022237417, 0.8752428732864782, 0.9156684005797066]"
samplePosteriorOnlyGoalAndSignal_fromStart,session_12_player2,12.0,0,2,closer_to_player2,9,"[0.5, 0.49607240295738575, 0.999866294321593, 0.9998693439009495, 0.9999999825735332, 0.9999999999907893, 0.9999999999955085, 0.9999999999986449, 0.9999999999999997]"
samplePosteriorOnlyGoalAndSignal_fromStart,session_12_player1,12.0,1,1,closer_to_player1,6,"[0.5, 0.5015793832250707, 0.5080994125177507, 0.557498273175314, 0.5581308824048453, 0.5583507031252982]"
samplePosteriorOnlyGoalAndSignal_fromStart,session_12_player2,12.0,1,2,closer_to_player1,9,"[0.5, 0.5044483642994605, 0.5113487243719352, 0.5133306124804886, 0.5194182697739941, 0.5226254787591169, 0.5241448367210428, 0.5247732865810519, 0.5249954520528969]"
samplePosteriorOnlyGoalAndSignal_fromStart,session_12_player1,12.0,3,1,closer_to_player1,9,"[0.5, 0.49992844622843846, 0.9998680250937212, 0.9998731286734253, 0.9999999779354006, 0.999999990155732, 0.9999999999959609, 0.9999999999999983, 1.0]"
samplePosteriorOnlyGoalAndSignal_fromStart,session_12_player2,12.0,3,2,closer_to_player1,9,"[0.5, 0.5028451015469632, 0.9895919159241507, 0.9899916296580726, 0.9998877052988718, 0.9999955810913632, 0.9999976126690235, 0.9999986967030008, 0.9999992867686884]"
samplePosteriorOnlyGoalAndSignal_fromStart,session_12_player1,12.0,5,1,closer_to_player2,10,"[0.5, 0.5024706857374303, 0.5039362713628227, 0.505084116746571, 0.5113557331177863, 0.5605018381254544, 0.561122476831951, 0.5613418537549706, 1.1990505991997247e-29, 1.2001192715835859e-29]"
samplePosteriorOnlyGoalAndSignal_fromStart,session_12_player2,12.0,5,2,closer_to_player2,5,"[0.5, 0.5025048202894112, 0.4970910986283533, 0.5394062861511072, 0.6375566091683735]"
samplePosteriorOnlyGoalAndSignal_fromStart,session_12_player1,12.0,6,1,equal_to_both,10,"[0.5, 0.9938418950971215, 0.9999342879459187, 0.9999988442029143, 0.9999991927490467, 0.999999421488231, 0.9999999908297627, 0.9999999955100166, 0.9999999978901771, 0.999999999402422]"
samplePosteriorOnlyGoalAndSignal_fromStart,session_12_player2,12.0,6,2,equal_to_both,10,"[0.5, 0.9937986764087205, 0.9999331915742616, 0.9999988439901369, 0.9999989147456725, 0.9999999812354934, 0.9999999992637996, 0.9999999996467425, 0.9999999998281704, 0.9999999999158891]"
samplePosteriorOnlyGoalAndSignal_fromStart,session_12_player1,12.0,7,1,equal_to_both,11,"[0.5, 0.527283248381855, 0.9943477927750526, 0.9999382734744403, 0.9999988829487001, 0.9999999404428329, 0.9999999719697004, 0.999999986583306, 0.9999999937587957, 0.9999999981949413, 0.9999999999721884]"
samplePosteriorOnlyGoalAndSignal_fromStart,session_12_player2,12.0,7,2,equal_to_both,11,"[0.5, 0.9894580034773808, 0.9998176406022461, 0.9999952409279907, 0.9999998194235463, 0.9999999900844553, 0.9999999985347032, 0.9999999993271758, 0.9999999996853834, 0.9999999998508917, 0.9999999999288847]"
samplePosteriorOnlyGoalAndSignal_fromStart,session_12_player1,12.0,8,1,closer_to_player2,14,"[0.5, 0.996597282231181, 0.9965933271018442, 0.6437459343005567, 0.9990481376333158, 0.9999967705144627, 0.9999999792280985, 0.9999999996117696, 0.9999999998091175, 0.9999999999102388, 0.9999999999746343, 0.9999999999997923, 0.999999999999999, 1.0]"
samplePosteriorOnlyGoalAndSignal_fromStart,session_12_player2,12.0,8,2,closer_to_player2,8,"[0.5, 0.3723049964296156, 0.9985649713319603, 0.9999975848417587, 0.8808808151760629, 0.9997727895698908, 0.9999993003385015, 0.9999999963078487]"
samplePosteriorOnlyGoalAndSignal_fromStart,session_12_player1,12.0,10,1,closer_to_player1,13,"[0.5, 0.9982793990424221, 0.7815570815271684, 0.9995185001501738, 0.9999983717927939, 0.9999999899502875, 0.9999999998937978, 0.9999999999981505, 0.9999999999999225, 0.9999999999999628, 0.9999999999999819, 0.9999999999999911, 0.9999999999999958]"
samplePosteriorOnlyGoalAndSignal_fromStart,session_12_player2,12.0,10,2,closer_to_player1,9,"[0.5, 0.5338816242349008, 0.9906835651227753, 0.9911798068175688, 0.9999046026523927, 0.9999975596780658, 0.9999988150215507, 0.999999419974313, 0.9999997274642274]"
samplePosteriorOnlyGoalAndSignal_fromStart,session_13_player1,13.0,0,1,closer_to_player1,7,"[0.5, 0.9999444345170126, 0.9999999903376895, 0.999999995688918, 0.9999999999985534, 0.9999999999999987, 1.0]"
samplePosteriorOnlyGoalAndSignal_fromStart,session_13_player2,13.0,0,2,closer_to_player1,9,"[0.5, 0.981912612196252, 0.999464793605311, 0.9999540733788447, 0.9999788746805582, 0.9999888084228087, 0.9999939543842794, 0.9999966995678187, 0.9999981938319971]"
samplePosteriorOnlyGoalAndSignal_fromStart,session_13_player1,13.0,4,1,closer_to_player1,10,"[0.5, 0.9996544229769581, 0.9996628849599657, 0.999796267412156, 0.9999999565545231, 0.9999999999737704, 0.9999999999999402, 0.99999999999994, 0.9999999999999997, 1.0]"
samplePosteriorOnlyGoalAndSignal_fromStart,session_13_player2,13.0,4,2,closer_to_player1,9,"[0.5, 0.9832156218015479, 0.9995544964125817, 0.9999822117154799, 0.999997885784869, 0.9999989712474593, 0.9999994893787806, 0.9999997426334912, 0.9999998691663888]"
samplePosteriorOnlyGoalAndSignal_fromStart,session_13_player1,13.0,6,1,closer_to_player2,9,"[0.5, 0.5034526405547213, 0.5057020757059149, 0.5075169041476957, 0.5139040297540769, 0.5428337526924989, 0.544344854468929, 0.5449697870959292, 0.5451906940788106]"
samplePosteriorOnlyGoalAndSignal_fromStart,session_13_player2,13.0,6,2,closer_to_player2,6,"[0.5, 0.49534034075131445, 0.5707849822960546, 0.6301104919886429, 0.6687126581341306, 0.6014768861132372]"
samplePosteriorOnlyGoalAndSignal_fromStart,session_13_player1,13.0,7,1,closer_to_player2,9,"[0.5, 0.9831480305064731, 0.9835636343457012, 0.9997147673315101, 0.9999921995225345, 0.9999993533444994, 0.9999996724794076, 0.9999998307965516, 0.9999999113343154]"
samplePosteriorOnlyGoalAndSignal_fromStart,session_13_player2,13.0,7,2,closer_to_player2,9,"[0.5, 0.5057111662358658, 0.9998327308242728, 0.999999921061389, 0.9999999998349427, 0.9999999999501967, 0.9999999999998906, 0.9999999999999999, 1.0]"
samplePosteriorOnlyGoalAndSignal_fromStart,session_13_player1,13.0,9,1,closer_to_player2,9,"[0.5, 0.5039936110960929, 0.989709058828068, 0.9898826379105806, 0.9998921964452253, 0.9999981286681907, 0.9999999147791313, 0.9999999582042856, 0.9999999794605297]"
samplePosteriorOnlyGoalAndSignal_fromStart,session_13_player2,13.0,9,2,closer_to_player2,9,"[0.5, 0.999654981252703, 0.9999997189389659, 0.9999999995067633, 0.999999999998251, 0.9999999999987764, 0.9999999999999912, 0.9999999999999974, 1.0]"
samplePosteriorOnlyGoalAndSignal_fromStart,session_13_player1,13.0,11,1,closer_to_player1,11,"[0.5, 0.9982668594534149, 0.9999940559694472, 0.9999999626775401, 0.9999999995977138, 0.9999999996131739, 0.9999999999958985, 0.9999999999999291, 0.9999999999999971, 0.9999999999999987, 0.9999999999999994]"
samplePosteriorOnlyGoalAndSignal_fromStart,session_13_player2,13.0,11,2,closer_to_player1,9,"[0.5, 0.9832232802341072, 0.9995554560551959, 0.9999825863566796, 0.9999981626342811, 0.9999991533466988, 0.9999996070972254, 0.9999998177889814, 0.9999999178489754]"
samplePosteriorOnlyGoalAndSignal_fromStart,session_14_player1,14.0,0,1,closer_to_player2,9,"[0.5, 0.9832243416064, 0.9836256946515272, 0.9838806368256285, 0.9998299074193288, 0.999997125742793, 0.9999999244540824, 0.9999999377895151, 0.9999999980705224]"
samplePosteriorOnlyGoalAndSignal_fromStart,session_14_player2,14.0,0,2,closer_to_player2,11,"[0.5, 0.9978540271922046, 0.9999911192433993, 0.9999929541022299, 0.9999999745724111, 0.9999999998266937, 0.9999999999963964, 0.9999999999983841, 0.9999999999995337, 0.9999999999999928, 0.9999999999999999]"
samplePosteriorOnlyGoalAndSignal_fromStart,session_14_player1,14.0,3,1,closer_to_player2,9,"[0.5, 0.5034052050305252, 0.5055965909546706, 0.5070579006809705, 0.5082390961709629, 0.5151185754452875, 0.573342462579998, 0.5768310227864185, 0.5789309843609759]"
samplePosteriorOnlyGoalAndSignal_fromStart,session_14_player2,14.0,3,2,closer_to_player2,8,"[0.5, 0.5101852395710272, 0.5054190877674881, 0.5885317200217627, 0.6591264260924817, 0.7118332375515344, 0.7449012784238602, 0.8193898463765151]"
samplePosteriorOnlyGoalAndSignal_fromStart,session_14_player1,14.0,4,1,closer_to_player2,9,"[0.5, 0.5045001650974681, 0.5120813812094832, 0.5187142098301093, 0.5308008334785644, 0.5391668415946825, 0.5447371761389099, 0.5482753479718852, 0.550406567116576]"
samplePosteriorOnlyGoalAndSignal_fromStart,session_14_player2,14.0,4,2,closer_to_player2,8,"[0.5, 0.5239282016397216, 0.5446014737606661, 0.5360152792255221, 0.5431196364956482, 0.6007649019102241, 0.6041922144761577, 0.6062491628816523]"
samplePosteriorOnlyGoalAndSignal_fromStart,session_14_player1,14.0,6,1,equal_to_both,11,"[0.5, 0.9894522400248654, 0.9895708877471299, 0.9998885539031817, 0.999998099524594, 0.9999999494300847, 0.9999999969258384, 0.9999999985463708, 0.999999999302018, 0.9999999996619245, 0.9999999998429653]"
samplePosteriorOnlyGoalAndSignal_fromStart,session_14_player2,14.0,6,2,equal_to_both,12,"[0.5, 0.988364413868797, 0.9997811070429634, 0.999993820444615, 0.9999997430522884, 0.9999999772338976, 0.9999999772338976, 0.9999999919994873, 0.9999999963433186, 0.9999999982487753, 0.9999999991519023, 0.9999999996060666]"
samplePosteriorOnlyGoalAndSignal_fromStart,session_14_player1,14.0,9,1,closer_to_player1,9,"[0.5, 0.9996545167318432, 0.999999717994745, 0.9999999995038663, 0.9999999995327901, 0.999999999737873, 0.9999999999996095, 0.9999999999999982, 1.0]"
samplePosteriorOnlyGoalAndSignal_fromStart,session_14_player2,14.0,9,2,closer_to_player1,9,"[0.5, 0.983222275427347, 0.9995550117551888, 0.9999823637340499, 0.9999979871799327, 0.999999037989064, 0.999999532985079, 0.9999997709542207, 0.9999998874410526]"
samplePosteriorOnlyGoalAndSignal_fromStart,session_14_player1,14.0,10,1,closer_to_player1,9,"[0.5, 0.5031224079203194, 0.999831488241345, 0.9999999228157872, 0.9999999999142438, 0.9999999999635724, 0.9999999999998911, 0.9999999999999998, 1.0]"
samplePosteriorOnlyGoalAndSignal_fromStart,session_14_player2,14.0,10,2,closer_to_player1,9,"[0.5, 0.5029890933712005, 0.9896716182970762, 0.9898426171194127, 0.9899450361700094, 0.989930794647032, 0.9999732925174831, 0.9999998592178087, 0.9999999985114396]"
samplePosteriorOnlyGoalAndSignal_fromStart,session_14_player1,14.0,11,1,closer_to_player1,11,"[0.5, 0.9981940508034357, 0.9999935144448223, 0.9999999572036115, 0.9999999609648134, 0.9999999996641654, 0.9999999998085823, 0.9999999999943573, 0.9999999999999354, 0.999999999999998, 1.0]"
samplePosteriorOnlyGoalAndSignal_fromStart,session_14_player2,14.0,11,2,closer_to_player1,9,"[0.5, 0.9832628566736398, 0.9995578397950785, 0.9999832833786394, 0.9999991209302486, 0.9999999373610013, 0.9999999909578856, 0.9999999961505436, 0.9999999983351985]"
samplePosteriorOnlyGoalAndSignal_fromStart,session_15_player1,15.0,2,1,closer_to_player1,8,"[0.5, 0.5042935182612259, 0.5070670025585888, 0.5086861793787664, 0.5158310116789996, 0.5742201393979063, 0.5777151520130626, 0.5798140054576396]"
samplePosteriorOnlyGoalAndSignal_fromStart,session_15_player2,15.0,2,2,closer_to_player1,9,"[0.5, 0.5035101256899762, 0.5063342604622784, 0.51348363182259, 0.5329937110965223, 0.5413544978583872, 0.5469206232069407, 0.5504558312143687, 0.5525851580465496]"
samplePosteriorOnlyGoalAndSignal_fromStart,session_15_player1,15.0,4,1,closer_to_player1,7,"[0.5, 0.9999434061052922, 0.9999999928800776, 0.999999999995159, 0.9999999999999973, 1.0, 1.0]"
samplePosteriorOnlyGoalAndSignal_fromStart,session_15_player2,15.0,4,2,closer_to_player1,9,"[0.5, 0.9742874654269641, 0.9992636856416901, 0.9999695714919715, 0.9999959759957207, 0.999997951519196, 0.9999989264923929, 0.9999994220922638, 0.9999996816324548]"
samplePosteriorOnlyGoalAndSignal_fromStart,session_15_player1,15.0,5,1,equal_to_both,12,"[0.5, 0.9813695463270429, 0.9994619736421909, 0.9999779914040818, 0.9999987357477644, 0.9999998496561826, 0.9999999465989697, 0.9999999759922993, 0.9999999886740575, 0.9999999945622252, 0.9999999973661672, 0.9999999987765963]"
samplePosteriorOnlyGoalAndSignal_fromStart,session_15_player2,15.0,5,2,equal_to_both,12,"[0.5, 0.981369969943322, 0.9994619985188621, 0.9999779928623539, 0.9999831304984496, 0.9999993328943066, 0.9999999412664784, 0.9999999735951619, 0.9999999875432036, 0.9999999940192866, 0.9999999971031904, 0.9999999986544448]"
samplePosteriorOnlyGoalAndSignal_fromStart,session_15_player1,15.0,6,1,closer_to_player2,7,"[0.5, 0.9937404653286074, 0.9998933754176109, 0.9999475592365304, 0.9999741178469662, 0.9999877114920721, 0.999996540238668]"
samplePosteriorOnlyGoalAndSignal_fromStart,session_15_player2,15.0,6,2,closer_to_player2,13,"[0.5, 0.9982297282990618, 0.9982093325469612, 0.9999969300823235, 0.9999999896634358, 0.9999999897248241, 0.9999999897560151, 0.9999999999826588, 0.9999999999999416, 0.9999999962525802, 0.9999999999873956, 0.9999999999999075, 0.9999999999999544]"
samplePosteriorOnlyGoalAndSignal_fromStart,session_15_player1,15.0,8,1,closer_to_player2,11,"[0.5, 0.9832203230629989, 0.9995555386988679, 0.999581336659598, 0.9999889387519966, 0.9999993617086479, 0.9999996975798234, 0.9921298093885673, 0.9997156982415951, 0.9998631366422039, 0.9999333193703478]"
samplePosteriorOnlyGoalAndSignal_fromStart,session_15_player2,15.0,8,2,closer_to_player2,9,"[0.5, 0.99964575044552, 0.9999997019409634, 0.9999999994468293, 0.9999999999968213, 0.9999999999985371, 0.9999999999995893, 0.9999999999999983, 1.0]"
samplePosteriorOnlyGoalAndSignal_fromStart,session_15_player1,15.0,9,1,closer_to_player2,9,"[0.5, 0.5030292860686816, 0.4971487622717541, 0.5854913042016938, 0.6640884977751061, 0.7277157933190526, 0.773461380555389, 0.7378128210762457, 0.8500853669403324]"
samplePosteriorOnlyGoalAndSignal_fromStart,session_15_player2,15.0,9,2,closer_to_player2,11,"[0.5, 0.6364408028014178, 0.46693753431828056, 0.30459738782782736, 0.998802341556957, 0.9999994006853709, 0.9999999991907903, 0.9999999995954402, 0.9999999997977619, 0.9999999998989114, 0.999999999949833]"
samplePosteriorOnlyGoalAndSignal_fromStart,session_15_player1,15.0,10,1,closer_to_player1,6,"[0.5, 0.5046667614508336, 0.5071404631258877, 0.5130540375257889, 0.5861974525633142, 0.5864135369957667]"
samplePosteriorOnlyGoalAndSignal_fromStart,session_15_player2,15.0,10,2,closer_to_player1,9,"[0.5, 0.5215556146335062, 0.5384497709220457, 0.5519378475436306, 0.5666417080827422, 0.5698385944683441, 0.5713315658038455, 0.5719485977137105, 0.5721666892422813]"
samplePosteriorOnlyGoalAndSignal_fromStart,session_15_player1,15.0,11,1,equal_to_both,10,"[0.5, 0.9937950362376055, 0.9999331444887559, 0.9999349717637369, 0.9999993130006036, 0.9999999882854328, 0.9999999996914373, 0.9999999999811019, 0.999999999991264, 0.9999999999959551]"
samplePosteriorOnlyGoalAndSignal_fromStart,session_15_player2,15.0,11,2,equal_to_both,10,"[0.5, 0.9938485231702379, 0.9999345413624374, 0.9999356212640069, 0.9999993185837542, 0.9999993430816108, 0.9999999926854121, 0.9999999998043286, 0.9999999999116505, 0.9999999999745207]"
samplePosteriorOnlyGoalAndSignal_fromStart,session_16_player1,16.0,0,1,closer_to_player2,10,"[0.5, 0.9832182361944457, 0.9995545476917683, 0.9999822086848976, 0.9999978850158334, 0.9999989706325649, 0.9999989706325649, 0.9999994890682316, 0.9999997424755017, 0.9999998690851858]"
samplePosteriorOnlyGoalAndSignal_fromStart,session_16_player2,16.0,0,2,closer_to_player2,9,"[0.5, 0.5045978697049416, 0.6101694577993908, 0.9999575733528635, 0.9999999909529649, 0.9999999999945371, 0.9999999999999839, 1.0, 1.0]"
samplePosteriorOnlyGoalAndSignal_fromStart,session_16_player1,16.0,1,1,closer_to_player2,9,"[0.5, 0.5034548848747543, 0.5057049513543231, 0.5065819337962849, 0.5077296374625891, 0.5024775756048597, 0.49707032476895563, 0.5393850087736304, 0.6375367841926695]"
samplePosteriorOnlyGoalAndSignal_fromStart,session_16_player2,16.0,1,2,closer_to_player2,4,"[0.5, 0.5494910530333136, 0.5501258721419311, 0.5503464668604601]"
samplePosteriorOnlyGoalAndSignal_fromStart,session_16_player1,16.0,3,1,equal_to_both,12,"[0.5, 0.9828669630019589, 0.9995382617208854, 0.9999822557956787, 0.9999990541864611, 0.9999999305040234, 0.9999999868413104, 0.9999999942496496, 0.9999999974009081, 0.9999999988077363, 0.9999999994481797, 0.9999999997444664]"
samplePosteriorOnlyGoalAndSignal_fromStart,session_16_player2,16.0,3,2,equal_to_both,14,"[0.5, 0.9811855633287875, 0.9994521592154567, 0.999977430229591, 0.9999986907880072, 0.9999998213223341, 0.9999690905156444, 0.9999957814504277, 0.9999984773254469, 0.9999993127366594, 0.9999996800218288, 0.9999998512331637, 0.999999932829475, 0.9999999806285852]"
samplePosteriorOnlyGoalAndSignal_fromStart,session_16_player1,16.0,5,1,equal_to_both,12,"[0.5, 0.9813699798709308, 0.9994619990718442, 0.9999779928946682, 0.9999987358375951, 0.9999998496577482, 0.9999999466003581, 0.999999975993108, 0.9999999886744625, 0.9999999945624226, 0.999999997366263, 0.9999999987766408]"
samplePosteriorOnlyGoalAndSignal_fromStart,session_16_player2,16.0,5,2,equal_to_both,14,"[0.5, 0.018651352204745928, 0.6099797070033095, 0.988007414806317, 0.9996559357484126, 0.9997100997603706, 0.9999923158147059, 0.9999996961310013, 0.99999979873627, 0.9999999877818987, 0.9999999942359654, 0.9999999972325919, 0.9999999986595822, 0.9999999993773818]"
samplePosteriorOnlyGoalAndSignal_fromStart,session_16_player1,16.0,7,1,closer_to_player1,7,"[0.5, 0.9999315281158896, 0.9999999743984656, 0.9999999999907735, 0.9999999999999873, 1.0, 1.0]"
samplePosteriorOnlyGoalAndSignal_fromStart,session_16_player2,16.0,7,2,closer_to_player1,9,"[0.5, 0.9822042860142358, 0.9995235700101033, 0.999551646939078, 0.9995694528886846, 0.9999923099143392, 0.9999995870356957, 0.9999997819814662, 0.9999998826950084]"
samplePosteriorOnlyGoalAndSignal_fromStart,session_16_player1,16.0,8,1,closer_to_player1,7,"[0.5, 0.9999335490271765, 0.9999999656722148, 0.9999999999841888, 0.9999999999999765, 1.0, 1.0]"
samplePosteriorOnlyGoalAndSignal_fromStart,session_16_player2,16.0,8,2,closer_to_player1,9,"[0.5, 0.9831458103951376, 0.9995513823959642, 0.9995798859524395, 0.9999888921051133, 0.9999919686163906, 0.9999997098110996, 0.9999998600006057, 0.9999999316343676]"
samplePosteriorOnlyGoalAndSignal_fromStart,session_16_player1,16.0,9,1,closer_to_player1,9,"[0.5, 0.4937900568792361, 0.49035993063335104, 0.49642398953823197, 0.5446537545760367, 0.9999941785380729, 0.9999999999090426, 0.9999999999999951, 0.9999999999999976]"
samplePosteriorOnlyGoalAndSignal_fromStart,session_16_player2,16.0,9,2,closer_to_player1,9,"[0.5, 0.503438747407208, 0.5059023935819075, 0.5071275651519334, 0.5116959963940445, 0.514100677182566, 0.5204524695832737, 0.6030137440337012, 0.6050727319035448]"
samplePosteriorOnlyGoalAndSignal_fromStart,session_16_player1,16.0,10,1,equal_to_both,10,"[0.5, 0.9938486648524517, 0.9999345463921252, 0.9999988838786847, 0.999999970301048, 0.9999999981945907, 0.9999999991463053, 0.9999999995900857, 0.9999999998014534, 0.9999999999077759]"
samplePosteriorOnlyGoalAndSignal_fromStart,session_16_player2,16.0,10,2,equal_to_both,10,"[0.5, 0.993763736579861, 0.9999324793198162, 0.999934623927291, 0.9999993086750787, 0.9999999880383028, 0.9999999995326998, 0.9999999997762048, 0.9999999998916187, 0.9999999999496579]"
samplePosteriorOnlyGoalAndSignal_fromStart,session_16_player1,16.0,11,1,closer_to_player2,9,"[0.5, 0.9882243948308903, 0.9997664734260473, 0.9999880409632425, 0.9999880409632425, 0.9999955382116665, 0.9999978516949257, 0.9999989535337142, 0.9999995024490422]"
samplePosteriorOnlyGoalAndSignal_fromStart,session_16_player2,16.0,11,2,closer_to_player2,6,"[0.5, 0.9999911178544248, 0.9999999997050265, 0.9999999999999686, 1.0, 1.0]"
samplePosteriorOnlyGoalAndSignal_fromStart,session_17_player1,17.0,0,1,closer_to_player2,9,"[0.5, 0.5034387474073287, 0.5059023935820441, 0.5073636584373674, 0.5085448348316526, 0.5154242120648538, 0.5736424013412319, 0.5771303179372865, 0.5792298776939483]"
samplePosteriorOnlyGoalAndSignal_fromStart,session_17_player2,17.0,0,2,closer_to_player2,8,"[0.5, 0.5833231973821922, 0.6543336044018285, 0.7074759487222654, 0.09758516678529439, 0.12138971781499915, 0.140395492270975, 0.20239553365110677]"
samplePosteriorOnlyGoalAndSignal_fromStart,session_17_player1,17.0,1,1,closer_to_player2,11,"[0.5, 0.5175243686431555, 0.6431534467098463, 0.9717981002656555, 0.08392166474259681, 0.06205725955532122, 0.044255126144472766, 0.030182736561764404, 0.01935256424688283, 0.011297698666571949, 0.9542402510768273]"
samplePosteriorOnlyGoalAndSignal_fromStart,session_17_player2,17.0,1,2,closer_to_player2,2,"[0.5, 0.3341374942062603]"
samplePosteriorOnlyGoalAndSignal_fromStart,session_17_player1,17.0,4,1,equal_to_both,12,"[0.5, 0.9811855633287875, 0.9833855458592647, 0.9997053924239641, 0.999992161429956, 0.9999996872191533, 0.9999999663337843, 0.9999999848046736, 0.9999999929253159, 0.9999999967107812, 0.999999998514867, 0.9999999995717002]"
samplePosteriorOnlyGoalAndSignal_fromStart,session_17_player2,17.0,4,2,equal_to_both,17,"[0.5, 0.9828669630019589, 0.9995382617208854, 0.9999822557956787, 0.9950691444740536, 0.9998096932728477, 0.9999898544851108, 0.9999992545269797, 0.999999858848613, 0.9999360707152483, 0.9999878947068767, 0.9999878947068765, 0.9999947099480967, 0.999997608950769, 0.9999989031688664, 0.9999994923489564, 0.999999764919933]"
samplePosteriorOnlyGoalAndSignal_fromStart,session_17_player1,17.0,5,1,closer_to_player1,6,"[0.5, 0.5001178413929187, 0.5026227357628618, 0.5085445903349226, 0.5818169572299455, 0.5820338184236963]"
samplePosteriorOnlyGoalAndSignal_fromStart,session_17_player2,17.0,5,2,closer_to_player1,9,"[0.5, 0.5035047968893136, 0.5052051992955697, 0.5070203484334406, 0.5134079080506022, 0.5423410453305938, 0.5438524215142047, 0.5444774638010902, 0.5446984098017074]"
samplePosteriorOnlyGoalAndSignal_fromStart,session_17_player1,17.0,6,1,closer_to_player1,6,"[0.5, 0.5836348871288317, 0.6550154281177869, 0.5778397869047206, 0.73249757897692, 0.846487386596331]"
samplePosteriorOnlyGoalAndSignal_fromStart,session_17_player2,17.0,6,2,closer_to_player1,9,"[0.5, 0.5045359656323897, 0.5077370828545674, 0.5144363295517936, 0.5278747694426353, 0.5311210991274457, 0.532638241220567, 0.5332654698660285, 0.5334871946513972]"
samplePosteriorOnlyGoalAndSignal_fromStart,session_17_player1,17.0,7,1,equal_to_both,12,"[0.5, 0.9827974264286369, 0.9995347619489585, 0.9999820719876505, 0.9999990424350222, 0.999999163136406, 0.9999999545756394, 0.999999970131633, 0.9999999972057181, 0.9999999987451095, 0.9999999994342813, 0.9999999997521524]"
samplePosteriorOnlyGoalAndSignal_fromStart,session_17_player2,17.0,7,2,equal_to_both,15,"[0.5, 0.9827981835512246, 0.38450141112321834, 0.9727454939541879, 0.9734062341473485, 0.973706277437847, 0.9997144737256941, 0.9999951336113879, 0.9999998733344785, 0.9999999951085506, 0.9999999995423835, 0.9999999997944887, 0.9999999999073533, 0.9999999999073533, 0.9999999999594105]"
samplePosteriorOnlyGoalAndSignal_fromStart,session_17_player1,17.0,9,1,closer_to_player2,10,"[0.5, 0.5030324281969806, 0.9896730838368036, 0.9998220897819692, 0.9998293857825992, 0.9999970151518569, 0.9999998558508697, 0.9999998558508697, 0.9999999273454845, 0.9999999630657093]"
samplePosteriorOnlyGoalAndSignal_fromStart,session_17_player2,17.0,9,2,closer_to_player2,9,"[0.5, 0.9996549378497698, 0.9999997185656813, 0.9999999994920107, 0.9999999996531024, 0.9999999999985698, 0.9999999999995786, 0.999999999999998, 1.0]"
samplePosteriorOnlyGoalAndSignal_fromStart,session_17_player1,17.0,10,1,equal_to_both,12,"[0.5, 0.9938484355246483, 0.999934546101935, 0.9999356085506123, 0.9999993205046075, 0.9999999882663267, 0.9999999995392145, 0.9999999997785202, 0.999999999892261, 0.9999999999472613, 1.0851736975809608e-21, 2.216884318460838e-21]"
samplePosteriorOnlyGoalAndSignal_fromStart,session_17_player2,17.0,10,2,equal_to_both,14,"[0.5, 0.9928571072370516, 0.9999120870839753, 0.9999982497626847, 0.9999990452929102, 0.9999993320291365, 0.9999999893878967, 0.9999999948156981, 0.9998516760033788, 0.9999987079816811, 0.9992069406846438, 0.9996124116834771, 0.9998178647206755, 0.9999484066259318]"
samplePosteriorOnlyGoalAndSignal_fromStart,session_17_player1,17.0,11,1,closer_to_player1,11,"[0.5, 0.0024345185573316727, 0.9331957401252825, 0.9999663858191357, 0.9999999621721348, 0.9999999794326988, 0.9999999999693759, 0.9999999999998972, 0.9999999999999989, 1.0, 1.0]"
samplePosteriorOnlyGoalAndSignal_fromStart,session_17_player2,17.0,11,2,closer_to_player1,11,"[0.5, 0.5034386583622611, 0.989704265896541, 0.9998230609112997, 0.9999953964601257, 0.9999998220037211, 0.9999998686611475, 0.9999999927039778, 0.9992471971801107, 0.9999581512004319, 0.999980194686413]"
samplePosteriorOnlyGoalAndSignal_fromStart,session_18_player1,18.0,0,1,closer_to_player2,9,"[0.5, 0.504092967828089, 0.5018438198894073, 0.5089891538245446, 0.5285075073538528, 0.5368778058343429, 0.5424523289181962, 0.5459934598446948, 0.5481265720494355]"
samplePosteriorOnlyGoalAndSignal_fromStart,session_18_player2,18.0,0,2,closer_to_player2,14,"[0.5, 0.6326395479419318, 0.462700977837102, 0.9993905135564694, 0.9991691021038066, 0.38932622220510754, 0.24167926608709528, 0.9998844677216265, 0.6112856720221046, 0.9999765838149404, 0.9999999986502902, 0.9999999999997548, 0.9999999999998774, 0.9999999999999392]"
samplePosteriorOnlyGoalAndSignal_fromStart,session_18_player1,18.0,1,1,closer_to_player1,16,"[0.5, 0.11996912683249203, 0.16317993977774586, 0.21466494965378607, 0.15057681050304242, 2.7347612118074595e-05, 0.04891162863254432, 7.933870630485481e-06, 1.05656628869636e-05, 0.05477603302769304, 2.1478439446970833e-06, 2.727759380264238e-06, 4.272555002850798e-11, 2.7277583560511096e-06, 3.183217667073681e-06, 0.1714954611542702]"
samplePosteriorOnlyGoalAndSignal_fromStart,session_18_player2,18.0,1,2,closer_to_player1,9,"[0.5, 0.5035047978085626, 0.5052052002140732, 0.5070203493891094, 0.5024776345503089, 0.5087501556025157, 0.5579317690892355, 0.5585531786943073, 0.5587728300315525]"
samplePosteriorOnlyGoalAndSignal_fromStart,session_18_player1,18.0,2,1,closer_to_player1,9,"[0.5, 0.49992629099203745, 0.4975041531222459, 0.5033349893415769, 0.4615870177884978, 0.5373367707897387, 1.0, 1.0, 1.0]"
samplePosteriorOnlyGoalAndSignal_fromStart,session_18_player2,18.0,2,2,closer_to_player1,10,"[0.5, 0.5185036283267974, 0.5288254559376383, 0.5548073411892877, 0.5667451834016896, 0.5749835572057092, 0.5749835572057092, 0.5804578492681489, 0.5839304505764086, 0.5860204658412581]"
samplePosteriorOnlyGoalAndSignal_fromStart,session_18_player1,18.0,3,1,closer_to_player1,11,"[0.5, 0.4898228731994122, 0.9991460061909395, 0.999998537465793, 0.9999999950786941, 0.9999999999696713, 0.9999999999704462, 0.999999999999815, 0.9999999999999966, 0.9999999999999982, 0.9999999999999991]"
samplePosteriorOnlyGoalAndSignal_fromStart,session_18_player2,18.0,3,2,closer_to_player1,11,"[0.5, 0.9799888299746443, 0.9988489481855638, 0.9995195043459596, 0.9997553318198424, 0.7297661931628355, 0.9917608553913098, 0.9957608745453689, 0.9978608414675697, 0.99895528183788, 0.9996932008872629]"
samplePosteriorOnlyGoalAndSignal_fromStart,session_18_player1,18.0,7,1,closer_to_player2,10,"[0.5, 0.5035101256895487, 0.5051564962013014, 0.5059869687682346, 0.5071682366105708, 0.5140483739911583, 0.5722940662923683, 0.575784856224307, 0.575784856224307, 0.5778862103236463]"
samplePosteriorOnlyGoalAndSignal_fromStart,session_18_player2,18.0,7,2,closer_to_player2,4,"[0.5, 0.5609205897637957, 0.6016139652286131, 0.5271267388188677]"
samplePosteriorOnlyGoalAndSignal_fromStart,session_18_player1,18.0,8,1,equal_to_both,8,"[0.5, 0.9982962874551549, 0.999994265287625, 0.999999964713039, 0.9999999996253454, 0.9999999999912491, 0.9999999999957367, 0.9999999999979051]"
samplePosteriorOnlyGoalAndSignal_fromStart,session_18_player2,18.0,8,2,equal_to_both,8,"[0.5, 0.9982473290241706, 0.9999937761525383, 0.9999955938313486, 0.9999999769701428, 0.9999999890855255, 0.999999996927489, 0.9999999999872222]"
samplePosteriorOnlyGoalAndSignal_fromStart,session_18_player1,18.0,9,1,closer_to_player2,9,"[0.5, 0.4214016846510288, 0.5596532142591878, 0.9774581847773546, 0.9996196648311861, 0.9999926277606295, 0.9999995651886001, 0.9999997619044139, 0.9999998661341154]"
samplePosteriorOnlyGoalAndSignal_fromStart,session_18_player2,18.0,9,2,closer_to_player2,12,"[0.5, 0.999944450810528, 0.9999999900470764, 0.9999999999964575, 0.9999999359659878, 0.9999999999503039, 0.9999999999999722, 0.9999999994431641, 0.9999999999996454, 0.9999999999999988, 0.9999999999999989, 1.0]"
samplePosteriorOnlyGoalAndSignal_fromStart,session_18_player1,18.0,10,1,equal_to_both,12,"[0.5, 0.5000607423057971, 0.500076432353298, 0.9982953344575283, 0.9983031535225434, 0.9999970200911572, 0.9999999895636561, 0.9999999999091215, 0.999997399798886, 0.9999980459954666, 0.9999999891204319, 0.9999999969185135]"
samplePosteriorOnlyGoalAndSignal_fromStart,session_18_player2,18.0,10,2,equal_to_both,10,"[0.5, 0.49865139110208256, 0.9966212414593979, 0.9966367049663064, 0.9999886597416885, 0.9999999302113802, 0.9999999314081144, 0.999999999577234, 0.999999999994687, 0.9999999999973993]"
samplePosteriorOnlyGoalAndSignal_fromStart,session_18_player1,18.0,11,1,equal_to_both,12,"[0.5, 0.498478178903624, 0.4979574054922199, 0.9983336467185624, 0.9999945108789519, 0.9999999666581388, 0.9999999668814004, 0.9993805817281666, 0.9990878514884862, 0.9999989186368881, 0.9999999974644765, 0.9999999999891056]"
samplePosteriorOnlyGoalAndSignal_fromStart,session_18_player2,18.0,11,2,equal_to_both,10,"[0.5, 0.9938485215795737, 0.9938934868215482, 0.9999620627307325, 0.9999995984637744, 0.9999999930128154, 0.9999999996812947, 0.9999999998518053, 0.9999999999330872, 0.9999999999807029]"
samplePosteriorOnlyGoalAndSignal_fromStart,session_19_player1,19.0,2,1,closer_to_player1,6,"[0.5, 0.5167094464887709, 0.5621147694080958, 0.5721498429805068, 0.5756492909753091, 0.5777509075386589]"
samplePosteriorOnlyGoalAndSignal_fromStart,session_19_player2,19.0,2,2,closer_to_player1,9,"[0.5, 0.5034565445562803, 0.5057108350280931, 0.5075757805943011, 0.5024375523919361, 0.5093198368130512, 0.48198158787613293, 0.5656377201111922, 0.5677516044264396]"
samplePosteriorOnlyGoalAndSignal_fromStart,session_19_player1,19.0,3,1,closer_to_player2,9,"[0.5, 0.630881797432762, 0.9726417692821265, 0.9992553456584344, 0.9999776050592376, 0.9999979020394952, 0.9999988849820268, 0.9999993896080466, 0.999999656926924]"
samplePosteriorOnlyGoalAndSignal_fromStart,session_19_player2,19.0,3,2,closer_to_player2,7,"[0.5, 0.9998770413370017, 0.999999984934051, 0.9999999999963057, 0.9999999999999979, 1.0, 1.0]"
samplePosteriorOnlyGoalAndSignal_fromStart,session_19_player1,19.0,4,1,closer_to_player2,9,"[0.5, 0.9832154423381405, 0.9995544887962823, 0.9999822114611076, 0.9999978857759787, 0.9999989712334436, 0.9999994893707251, 0.9999997426292703, 0.9999998691641967]"
samplePosteriorOnlyGoalAndSignal_fromStart,session_19_player2,19.0,4,2,closer_to_player2,9,"[0.5, 0.999654426855292, 0.9999997175972941, 0.9999997336216676, 0.9999998484585869, 0.9999999999085093, 0.999999999999791, 0.999999999999999, 1.0]"
samplePosteriorOnlyGoalAndSignal_fromStart,session_19_player1,19.0,5,1,closer_to_player1,11,"[0.5, 0.5319399105479348, 0.9998776529994511, 0.9999143835775596, 0.9999594400270111, 0.9999999959614512, 0.9999999999989377, 0.9999999999999998, 0.9999999999999792, 0.99999999999997, 1.0]"
samplePosteriorOnlyGoalAndSignal_fromStart,session_19_player2,19.0,5,2,closer_to_player1,11,"[0.5, 0.0036436664101447045, 0.18172478240422793, 0.9244873057382089, 0.9977939886554246, 0.9998557351358063, 0.9999313240647177, 0.9999666140703399, 0.9999835694361823, 0.9999918436492005, 0.9999959297847691]"
samplePosteriorOnlyGoalAndSignal_fromStart,session_19_player1,19.0,6,1,equal_to_both,11,"[0.5, 0.9894521973177995, 0.9895708864100161, 0.9998885538002993, 0.999998099521931, 0.9999981880151967, 0.9999999687139142, 0.9999999987775461, 0.9999999994130201, 0.9999999997156896, 0.999999999867939]"
samplePosteriorOnlyGoalAndSignal_fromStart,session_19_player2,19.0,6,2,equal_to_both,13,"[0.5, 0.011642859908033522, 0.624376438002251, 0.9929674553093958, 0.9935121208331779, 0.9999297374404227, 0.9999987790793803, 0.9999999669317023, 0.9999999979729862, 0.9999999990735414, 0.9999999995563088, 0.9999999997851255, 0.9999999999001928]"
samplePosteriorOnlyGoalAndSignal_fromStart,session_19_player1,19.0,10,1,closer_to_player1,3,"[0.5, 0.5006302673560981, 0.5008529871503965]"
samplePosteriorOnlyGoalAndSignal_fromStart,session_19_player2,19.0,10,2,closer_to_player1,9,"[0.5, 0.5215495690295509, 0.5384370852750142, 0.5519148609510177, 0.5666209021391776, 0.569817926379604, 0.5713109203694337, 0.5719279599136776, 0.572146054096741]"
samplePosteriorOnlyGoalAndSignal_fromStart,session_19_player1,19.0,11,1,closer_to_player2,9,"[0.5, 0.983157407779058, 0.9995510145513644, 0.9999828417773589, 0.999999071653285, 0.9999998756354725, 0.999999943899915, 0.9999999738483719, 0.9999999876242598]"
samplePosteriorOnlyGoalAndSignal_fromStart,session_19_player2,19.0,11,2,closer_to_player2,11,"[0.5, 0.6226212610439492, 0.9998707510520053, 0.9999999227368134, 0.9995470384444756, 0.9999997291383709, 0.9999999989779246, 0.9999999999975957, 0.9999999999999887, 0.9999999999999999, 1.0]"
samplePosteriorOnlyGoalAndSignal_fromStart,session_20_player1,20.0,1,1,equal_to_both,10,"[0.5, 0.9938461369176106, 0.9999344711422846, 0.9999355619641127, 0.9999993199722528, 0.9999999882572, 0.9999999995388765, 0.9999999997783636, 0.999999999892185, 0.9999999999472241]"
samplePosteriorOnlyGoalAndSignal_fromStart,session_20_player2,20.0,1,2,equal_to_both,10,"[0.5, 0.993736502515381, 0.993860480268211, 0.9999618356093468, 0.9999995873153463, 0.9999999887477993, 0.9999999945326402, 0.9999999973232881, 0.9999999987422337, 0.9999999996437553]"
samplePosteriorOnlyGoalAndSignal_fromStart,session_20_player1,20.0,2,1,closer_to_player1,6,"[0.5, 0.501620158835099, 0.49558276362515186, 0.501948771151952, 0.5851605240346051, 0.5872488090040283]"
samplePosteriorOnlyGoalAndSignal_fromStart,session_20_player2,20.0,2,2,closer_to_player1,11,"[0.5, 0.5185036272103752, 0.5288254621924948, 0.5288254621924948, 0.5548073469969867, 0.5667451885904359, 0.5749835619583215, 0.5804578537853116, 0.5839304549815423, 0.5860204701976129, 0.5860204701976129]"
samplePosteriorOnlyGoalAndSignal_fromStart,session_20_player1,20.0,3,1,closer_to_player2,9,"[0.5, 0.9830615830786686, 0.9995161770037214, 0.9999528246881136, 0.9999754842838446, 0.9999869664544502, 0.9999929585531593, 0.9999961559096657, 0.999997896313161]"
samplePosteriorOnlyGoalAndSignal_fromStart,session_20_player2,20.0,3,2,closer_to_player2,10,"[0.5, 0.9989183331725804, 0.9999974539117821, 0.9999999774326662, 0.9999999900636424, 0.9999999947125825, 0.9999999972825598, 0.9999999991516876, 0.9999999999992306, 0.9999999999999994]"
samplePosteriorOnlyGoalAndSignal_fromStart,session_20_player1,20.0,7,1,closer_to_player1,7,"[0.5, 0.5016265109765048, 0.5087823315173751, 0.5673249900432146, 0.5708338331924288, 0.572941554232937, 0.572941554232937]"
samplePosteriorOnlyGoalAndSignal_fromStart,session_20_player2,20.0,7,2,closer_to_player1,9,"[0.5, 0.5034565444312341, 0.5057108347615349, 0.5065412860883461, 0.5077225176629233, 0.5146023217199506, 0.5728367936872262, 0.5763264332142943, 0.5784270687601957]"
samplePosteriorOnlyGoalAndSignal_fromStart,session_20_player1,20.0,8,1,closer_to_player1,10,"[0.5, 0.4940107844673903, 0.5827314370867326, 0.45756619983872876, 0.6278667192180296, 0.0002602279248125419, 0.3286203613185418, 0.4947234223413688, 0.6620207855022413, 0.7977504808393107]"
samplePosteriorOnlyGoalAndSignal_fromStart,session_20_player2,20.0,8,2,closer_to_player1,9,"[0.5, 0.5034002007864115, 0.5058737036939973, 0.5073402603598838, 0.5084881178279843, 0.5147581520694727, 0.5638540527802776, 0.5644736420107083, 0.5646926433276019]"
samplePosteriorOnlyGoalAndSignal_fromStart,session_20_player1,20.0,9,1,closer_to_player2,9,"[0.5, 0.5053843589489241, 0.5197621115922283, 0.6371522800956956, 0.9713277011519574, 0.9771922564533566, 0.9815419115814543, 0.9849056791716249, 0.9876284951790709]"
samplePosteriorOnlyGoalAndSignal_fromStart,session_20_player2,20.0,9,2,closer_to_player2,7,"[0.5, 0.9999426305187998, 0.999999992341987, 0.9999999999960069, 0.9999999999980055, 0.9999999999990175, 0.9999999999996713]"
samplePosteriorOnlyGoalAndSignal_fromStart,session_20_player1,20.0,11,1,closer_to_player2,9,"[0.5, 0.39709224317046965, 0.3190694492666977, 0.248359676343622, 0.9847672203143033, 0.9999004291684424, 0.9999988949491706, 0.999999964541729, 0.9999999804748922]"
samplePosteriorOnlyGoalAndSignal_fromStart,session_20_player2,20.0,11,2,closer_to_player2,7,"[0.5, 0.9999427963468913, 0.9999999807541784, 0.9999999999939552, 0.9999999999999967, 1.0, 1.0]"
samplePosteriorOnlyGoalAndSignal_fromStart,session_21_player1,21.0,0,1,closer_to_player1,10,"[0.5, 0.999658585375404, 0.9999997154039659, 0.9999999988748346, 0.9999999988748346, 0.9999999993929867, 0.9999999996877963, 0.999999999902533, 0.9999999999999116, 0.9999999999999999]"
samplePosteriorOnlyGoalAndSignal_fromStart,session_21_player2,21.0,0,2,closer_to_player1,9,"[0.5, 0.981912612196252, 0.999464793605311, 0.9999540733788447, 0.9999788746805582, 0.9999888084228087, 0.9999939543842794, 0.9999966995678187, 0.9999981938319971]"
samplePosteriorOnlyGoalAndSignal_fromStart,session_21_player1,21.0,3,1,closer_to_player2,9,"[0.5, 0.983153111549341, 0.9995539906985741, 0.9999830703426557, 0.9999842036609358, 0.9999849072333962, 0.999999597709859, 0.9999999754344178, 0.9999999878560313]"
samplePosteriorOnlyGoalAndSignal_fromStart,session_21_player2,21.0,3,2,closer_to_player2,11,"[0.5, 0.9995263805434365, 0.9997431668819675, 0.9999998417185394, 0.9999999995627351, 0.9999999999979547, 0.9999999999999941, 0.9999999998604967, 0.9999999999992382, 0.9999999999999972, 1.0]"
samplePosteriorOnlyGoalAndSignal_fromStart,session_21_player1,21.0,4,1,equal_to_both,12,"[0.5, 0.50002375033113, 0.9894501784026131, 0.9895711039625728, 0.9998885479190884, 0.9999981007865354, 0.9999999505662872, 0.9999999980910211, 0.9999999998214069, 0.9999999999197954, 0.9999999999638429, 0.9999999999841591]"
samplePosteriorOnlyGoalAndSignal_fromStart,session_21_player2,21.0,4,2,equal_to_both,12,"[0.5, 0.5000267724389522, 0.9894502513927013, 0.9998173377202073, 0.999995228863996, 0.9999954149985315, 0.9999998806586384, 0.9999999953913882, 0.9999999967935895, 0.9999999998124095, 0.9999999999154322, 0.9999999999629499]"
samplePosteriorOnlyGoalAndSignal_fromStart,session_21_player1,21.0,5,1,closer_to_player1,6,"[0.5, 0.51605731233259, 0.55372369678932, 0.5600652926348306, 0.5606971133082237, 0.5609166613681225]"
samplePosteriorOnlyGoalAndSignal_fromStart,session_21_player2,21.0,5,2,closer_to_player1,9,"[0.5, 0.5044483630184137, 0.5113487228672179, 0.5133306134678784, 0.5194182704848285, 0.5226254793292198, 0.5241448372389911, 0.5247732870833864, 0.524995452551396]"
samplePosteriorOnlyGoalAndSignal_fromStart,session_21_player1,21.0,6,1,equal_to_both,10,"[0.5, 0.5000607313576132, 0.9966414836100038, 0.9999792149001795, 0.9999997756593333, 0.9999999938790824, 0.9999999970201953, 0.9999999985410112, 0.9999999993144277, 0.9999999998058211]"
samplePosteriorOnlyGoalAndSignal_fromStart,session_21_player2,21.0,6,2,equal_to_both,10,"[0.5, 0.4986503440887222, 0.4985745019736516, 0.9982881672647254, 0.9999942376095253, 0.9999999645381002, 0.9999999651461999, 0.9999999997851785, 0.9999999999973003, 0.9999999999986785]"
samplePosteriorOnlyGoalAndSignal_fromStart,session_21_player1,21.0,7,1,closer_to_player2,9,"[0.5, 0.9830621541416056, 0.9840622611993105, 0.9997088712731022, 0.9999820680025839, 0.999990671180435, 0.9999950913263558, 0.9999974057353823, 0.9999986362149694]"
samplePosteriorOnlyGoalAndSignal_fromStart,session_21_player2,21.0,7,2,closer_to_player2,9,"[0.5, 0.9996592340786165, 0.9999997274098993, 0.9999999995195972, 0.9999999999965914, 0.9999999999982253, 0.9999999999991117, 0.9999999999997332, 0.9999999999999994]"
samplePosteriorOnlyGoalAndSignal_fromStart,session_21_player1,21.0,11,1,closer_to_player2,9,"[0.5, 0.983157407779058, 0.9995510145513644, 0.9999828417773589, 0.999999071653285, 0.9999998756354725, 0.999999943899915, 0.9999999738483719, 0.9999999876242598]"
samplePosteriorOnlyGoalAndSignal_fromStart,session_21_player2,21.0,11,2,closer_to_player2,9,"[0.5, 0.9995412644575277, 0.9999994968120064, 0.9999997155246124, 0.9999999989265541, 0.9999999999974749, 0.9999999999999881, 0.9999999999999998, 1.0]"
samplePosteriorOnlyGoalAndSignal_fromStart,session_22_player1,22.0,0,1,closer_to_player1,6,"[0.5, 0.5003235739636286, 0.5027303184712343, 0.5090889052786637, 0.5920726162922453, 0.5941501578263356]"
samplePosteriorOnlyGoalAndSignal_fromStart,session_22_player2,22.0,0,2,closer_to_player1,9,"[0.5, 0.5045056491100135, 0.5060243647921909, 0.5079017477926893, 0.514962029507845, 0.5517863876098201, 0.5573299491509671, 0.5608491587093597, 0.5629683416243049]"
samplePosteriorOnlyGoalAndSignal_fromStart,session_22_player1,22.0,2,1,equal_to_both,14,"[0.5, 0.9828669665797526, 0.9995382619093095, 0.9999822558060394, 0.9999990541871571, 0.9999999305040829, 0.9999480165110207, 0.9999542912190726, 0.9999975049240526, 0.9999996438138757, 0.9999998390079485, 0.9999999261492064, 0.9999999658193401, 0.9999999841718246]"
samplePosteriorOnlyGoalAndSignal_fromStart,session_22_player2,22.0,2,2,equal_to_both,12,"[0.5, 0.5120843531296537, 0.9897771539895811, 0.9998198780315511, 0.9998279756195264, 0.999997059129858, 0.9999999211213909, 0.9999999941715739, 0.999999997286388, 0.9999999987383662, 0.9999999994303529, 0.9999999998357186]"
samplePosteriorOnlyGoalAndSignal_fromStart,session_22_player1,22.0,3,1,equal_to_both,12,"[0.5, 0.9813341136738213, 0.9994596367948393, 0.9999778264102601, 0.9999987163106377, 0.9999998247713666, 0.9999999333394181, 0.9999999690411523, 0.9999999852300165, 0.9999999929267019, 0.9999999966319336, 0.999999998439442]"
samplePosteriorOnlyGoalAndSignal_fromStart,session_22_player2,22.0,3,2,equal_to_both,15,"[0.5, 0.9813324439374929, 0.3900346388439846, 0.9711103755810823, 0.9734343069510277, 0.973936041611398, 0.9741313529021537, 0.9998363766582143, 0.9999982724521091, 0.9999999699245145, 0.9999999985508492, 0.9999999993060049, 0.9999999996695428, 0.9999999996695428, 0.9999999998468861]"
samplePosteriorOnlyGoalAndSignal_fromStart,session_22_player1,22.0,5,1,equal_to_both,8,"[0.5, 0.49950907446203446, 0.9992208662782632, 0.9999986916336845, 0.9999986861154468, 0.9999981815604972, 0.9999999992608116, 0.9999999999993522]"
samplePosteriorOnlyGoalAndSignal_fromStart,session_22_player2,22.0,5,2,equal_to_both,8,"[0.5, 0.5005766235768093, 0.9991885387639526, 0.9999985549623561, 0.9999999924651437, 0.9999999964222552, 0.9999999989926714, 0.9999999999958108]"
samplePosteriorOnlyGoalAndSignal_fromStart,session_22_player1,22.0,6,1,closer_to_player2,9,"[0.5, 0.5034831209825313, 0.5062372331712867, 0.5126881556830251, 0.5258711428156259, 0.5290731011650247, 0.5305903540678015, 0.5312179052538979, 0.5314397482980455]"
samplePosteriorOnlyGoalAndSignal_fromStart,session_22_player2,22.0,6,2,closer_to_player2,6,"[0.5, 0.5194020231916858, 0.5094242161835855, 0.5155883482381852, 0.5887844997679633, 0.589004581060164]"
samplePosteriorOnlyGoalAndSignal_fromStart,session_22_player1,22.0,7,1,closer_to_player1,12,"[0.5, 0.40870438473196147, 0.5320335340339403, 0.9995346338722509, 0.9999997717123326, 0.9999999998075016, 0.9999999999994323, 0.9999999999997166, 0.9999999999998584, 0.9999999999999293, 0.9999999999999651, 0.9999999999999883]"
samplePosteriorOnlyGoalAndSignal_fromStart,session_22_player2,22.0,7,2,closer_to_player1,6,"[0.5, 0.5537957901105186, 0.6036325123491061, 3.549959037740348e-05, 0.00939038427013641, 0.011464704198082806]"
samplePosteriorOnlyGoalAndSignal_fromStart,session_22_player1,22.0,8,1,closer_to_player2,9,"[0.5, 0.5034526405558779, 0.5056450970231325, 0.50711046733226, 0.5082581269651337, 0.5145281796190906, 0.5636274801321839, 0.5642471369781021, 0.5644661646262793]"
samplePosteriorOnlyGoalAndSignal_fromStart,session_22_player2,22.0,8,2,closer_to_player2,4,"[0.5, 0.5061677564248909, 0.579626786259258, 0.5798482712902858]"
samplePosteriorOnlyGoalAndSignal_fromStart,session_22_player1,22.0,9,1,closer_to_player2,9,"[0.5, 0.5035278620529742, 0.5058066746118298, 0.5076840801322497, 0.5147445015565337, 0.4997792131617165, 0.5582656677001612, 0.5617832874077815, 0.5639014676576414]"
samplePosteriorOnlyGoalAndSignal_fromStart,session_22_player2,22.0,9,2,closer_to_player2,6,"[0.5, 0.5045720302526641, 0.5069785563799404, 0.5133354420612711, 0.467188082180627, 0.5766847907763865]"
samplePosteriorOnlyGoalAndSignal_fromStart,session_22_player1,22.0,11,1,closer_to_player1,9,"[0.5, 0.9995428479889611, 0.9999994983521214, 0.99999999880578, 0.9999999999942669, 0.9999999999999161, 0.9999999999999993, 1.0, 1.0]"
samplePosteriorOnlyGoalAndSignal_fromStart,session_22_player2,22.0,11,2,closer_to_player1,11,"[0.5, 0.9832477028240827, 0.9995571439407677, 0.9999832463277425, 0.9999991174078868, 0.9999999361503341, 0.9999999548744922, 0.9973765288917098, 0.9998590771169424, 0.999985110164873, 0.9999932192451711]"
samplePosteriorOnlyGoalAndSignal_fromStart,session_23_player1,23.0,0,1,equal_to_both,12,"[0.5, 0.5000002973652893, 0.9894603264425085, 0.9998177649350319, 0.9998219194522446, 0.9999969655994833, 0.9999999210282983, 0.9999999969499664, 0.9999999997146204, 0.9999999998718322, 0.9999999999422201, 0.999999999974686]"
samplePosteriorOnlyGoalAndSignal_fromStart,session_23_player2,23.0,0,2,equal_to_both,17,"[0.5, 0.5001368753073085, 0.5001549094894345, 0.9938448120322725, 0.9999343900326315, 0.9999988797847817, 0.999998911026483, 0.9999999814034541, 0.9999999995096226, 0.9999999999713148, 0.9999999999870705, 0.9999999999870706, 0.9999999999943355, 2.3001349925627535e-22, 3.071961989590582e-26, 8.770374462650525e-25, 2.0018913908077232e-24]"
samplePosteriorOnlyGoalAndSignal_fromStart,session_23_player1,23.0,1,1,closer_to_player1,11,"[0.5, 0.9996595328050655, 0.9996593629308534, 0.9999998827423933, 0.9999999999046443, 0.9999999999998318, 0.9999999969166731, 0.9999999999945586, 0.9999999999999742, 0.9999999999999878, 0.9999999999999966]"
samplePosteriorOnlyGoalAndSignal_fromStart,session_23_player2,23.0,1,2,closer_to_player1,11,"[0.5, 0.0034373226927830163, 0.24367187872632615, 0.9490903456042464, 0.9985461797168018, 0.999907737801187, 0.999957087385169, 0.9999793425458634, 0.9999899337978746, 0.9999950533416773, 0.9999975592449135]"
samplePosteriorOnlyGoalAndSignal_fromStart,session_23_player1,23.0,2,1,closer_to_player1,10,"[0.5, 0.9996504361041321, 0.9999997045601635, 0.9999999986941629, 0.9999999992588786, 0.9999999995919032, 0.9999999997863789, 0.9999999999296089, 0.9999999999296089, 0.9999999999999772]"
samplePosteriorOnlyGoalAndSignal_fromStart,session_23_player2,23.0,2,2,closer_to_player1,9,"[0.5, 0.9805271850618983, 0.9986518326208175, 0.9993248102747663, 0.9996232808253362, 0.999786914524429, 0.9998787620169649, 0.9999311553823436, 0.99996140147735]"
samplePosteriorOnlyGoalAndSignal_fromStart,session_23_player1,23.0,5,1,equal_to_both,9,"[0.5, 0.9965581364835897, 0.9999775192172691, 0.9999995975481026, 0.999999806645315, 0.9999999046719118, 0.9999999547357539, 0.9999999872556677, 0.9999999999469986]"
samplePosteriorOnlyGoalAndSignal_fromStart,session_23_player2,23.0,5,2,equal_to_both,9,"[0.5, 0.9966354645694061, 0.9999791979068509, 0.9999997804866886, 0.999999996207703, 0.9999999998501561, 0.9999999999278618, 0.9999999999648546, 0.99999999998273]"
samplePosteriorOnlyGoalAndSignal_fromStart,session_23_player1,23.0,6,1,closer_to_player1,9,"[0.5, 0.9996595131893663, 0.9999997280339049, 0.9999999995251563, 0.9999999999974429, 0.9999999999987299, 0.9999999999993909, 0.9999999999998276, 0.9999999999999997]"
samplePosteriorOnlyGoalAndSignal_fromStart,session_23_player2,23.0,6,2,closer_to_player1,9,"[0.5, 0.9816980112499243, 0.9994597476238282, 0.9999649192563493, 0.999986562426619, 0.9999936135158359, 0.9999968813328187, 0.9999984640622167, 0.9999992395526136]"
samplePosteriorOnlyGoalAndSignal_fromStart,session_23_player1,23.0,7,1,equal_to_both,11,"[0.5, 0.9877740905853203, 0.9997560589825047, 0.9999925879150021, 0.9999994159021991, 0.9999997844436505, 0.9999998985496809, 0.9999999514409601, 0.9999999774112215, 0.9999999934669557, 0.9999999998993416]"
samplePosteriorOnlyGoalAndSignal_fromStart,session_23_player2,23.0,7,2,equal_to_both,11,"[0.5, 0.9894580034772084, 0.9998176406022382, 0.99999524092799, 0.9999998194235462, 0.9999999900844553, 0.9999999934554555, 0.9999999993338616, 0.9999999996885097, 0.9999999998523734, 0.9999999999295913]"
samplePosteriorOnlyGoalAndSignal_fromStart,session_23_player1,23.0,9,1,closer_to_player2,16,"[0.5, 0.005736421358361939, 0.003028856557066609, 0.0971346460332116, 0.8711964015268082, 0.9973978126147167, 0.9999328440905281, 0.9999974686853698, 0.9999998613848133, 0.9999999838627495, 0.9996500064301994, 0.9996500064301995, 0.14606417052327936, 0.19411003593201132, 0.6741574631126097, 0.8131844241816552]"
samplePosteriorOnlyGoalAndSignal_fromStart,session_23_player2,23.0,9,2,closer_to_player2,9,"[0.5, 0.9996543079865925, 0.9999997241333956, 0.9999999995290194, 0.9999999999984387, 0.9999999999999906, 0.9999999999999999, 1.0, 1.0]"
samplePosteriorOnlyGoalAndSignal_fromStart,session_23_player1,23.0,11,1,closer_to_player2,9,"[0.5, 0.50520760468903, 0.506693552585756, 0.5082031536933933, 0.509398830274357, 0.5035792465397733, 0.5099375848169676, 0.5928925076574195, 0.5949687327402167]"
samplePosteriorOnlyGoalAndSignal_fromStart,session_23_player2,23.0,11,2,closer_to_player2,6,"[0.5, 0.5832696680542317, 0.6542348971655758, 0.7073613223802371, 0.7407552796738035, 0.8161552818430229]"
samplePosteriorOnlyGoalAndSignal_fromStart,session_24_player1,24.0,0,1,closer_to_player2,9,"[0.5, 0.5034892849316062, 0.5063035668874768, 0.5023738914703476, 0.4972351740562524, 0.5041184934419237, 0.5625421475974072, 0.566052177989494, 0.5681655851391262]"
samplePosteriorOnlyGoalAndSignal_fromStart,session_24_player2,24.0,0,2,closer_to_player2,6,"[0.5, 0.5062099431207638, 0.5096400693666477, 0.5162498252400369, 0.5990882353592571, 0.6011570592262585]"
samplePosteriorOnlyGoalAndSignal_fromStart,session_24_player1,24.0,3,1,closer_to_player2,9,"[0.5, 0.5185036273908145, 0.5288254644132533, 0.554807349125192, 0.5667451910013706, 0.5749835645581273, 0.5804578564587372, 0.5839304576682932, 0.586020472876565]"
samplePosteriorOnlyGoalAndSignal_fromStart,session_24_player2,24.0,3,2,closer_to_player2,5,"[0.5, 0.4939563235373597, 0.5003237150917818, 0.583585013609659, 0.5856755647108849]"
samplePosteriorOnlyGoalAndSignal_fromStart,session_24_player1,24.0,4,1,closer_to_player1,6,"[0.5, 0.5016265109765048, 0.5087823315173751, 0.481253141459887, 0.5649288830824146, 0.5670436087883787]"
samplePosteriorOnlyGoalAndSignal_fromStart,session_24_player2,24.0,4,2,closer_to_player1,9,"[0.5, 0.504506287995656, 0.5021916247636797, 0.498258972338222, 0.5053163293437367, 0.5422151445226986, 0.5477795499933864, 0.551313554170702, 0.5534421141216068]"
samplePosteriorOnlyGoalAndSignal_fromStart,session_24_player1,24.0,6,1,closer_to_player1,9,"[0.5, 0.9996538899282157, 0.9999997087642896, 0.9999999991516632, 0.9999999995928557, 0.9999999998846469, 0.9999999999997817, 0.9999999999999997, 1.0]"
samplePosteriorOnlyGoalAndSignal_fromStart,session_24_player2,24.0,6,2,closer_to_player1,9,"[0.5, 0.9831463290877871, 0.9995514089021459, 0.9999825332653351, 0.9999985048534874, 0.999999313879522, 0.9999996743088885, 0.9999998428729167, 0.9999999232704424]"
samplePosteriorOnlyGoalAndSignal_fromStart,session_24_player1,24.0,7,1,closer_to_player1,7,"[0.5, 0.6657622270322954, 0.9999825772182734, 0.999999998276479, 0.9999999999997922, 1.0, 1.0]"
samplePosteriorOnlyGoalAndSignal_fromStart,session_24_player2,24.0,7,2,closer_to_player1,11,"[0.5, 0.974127322505169, 0.9741477078207845, 0.9994765723250177, 0.5011685183780475, 0.9807366290584091, 0.9986042906313917, 0.999229995505319, 0.9995652488370496, 0.9997496886037803, 0.9998538349100033]"
samplePosteriorOnlyGoalAndSignal_fromStart,session_24_player1,24.0,9,1,closer_to_player2,9,"[0.5, 0.5030324281969806, 0.9896730838368036, 0.9998220897819692, 0.999995181404231, 0.9999965751967279, 0.9999998346037734, 0.9999999166364528, 0.9999999576217184]"
samplePosteriorOnlyGoalAndSignal_fromStart,session_24_player2,24.0,9,2,closer_to_player2,9,"[0.5, 0.5031223458684163, 0.9998314871333996, 0.9998981629829095, 0.9999999466301099, 0.9999999999757538, 0.9999999999999714, 1.0, 1.0]"
samplePosteriorOnlyGoalAndSignal_fromStart,session_25_player1,25.0,0,1,closer_to_player1,6,"[0.5, 0.5003235739636286, 0.5027303184712343, 0.5090889052786637, 0.4629601807693913, 0.5725307782717233]"
samplePosteriorOnlyGoalAndSignal_fromStart,session_25_player2,25.0,0,2,closer_to_player1,9,"[0.5, 0.5214879320426735, 0.5390874104665014, 0.5574443130494539, 0.5772105373727641, 0.5854318441338479, 0.5908678226211557, 0.5943144859899759, 0.5963883937438763]"
samplePosteriorOnlyGoalAndSignal_fromStart,session_25_player1,25.0,1,1,closer_to_player1,10,"[0.5, 0.41145115419632416, 0.3327672986105455, 0.26910821021271597, 0.3380730875786283, 0.20337816688118068, 0.11251608070775249, 1.0, 1.0, 1.0]"
samplePosteriorOnlyGoalAndSignal_fromStart,session_25_player2,25.0,1,2,closer_to_player1,8,"[0.5, 0.5069017535101535, 0.5088843550776725, 0.5149750790740539, 0.5181844346338872, 0.5197049374210311, 0.5203338848601423, 0.5205562295996666]"
samplePosteriorOnlyGoalAndSignal_fromStart,session_25_player1,25.0,2,1,equal_to_both,11,"[0.5, 0.9884862441592958, 0.9997849074935126, 0.9999939525610583, 0.999995194925385, 0.9999954952819646, 0.9999999220538798, 0.9999999968790535, 0.9999999985012719, 0.9999999992703624, 0.9999999996428629]"
samplePosteriorOnlyGoalAndSignal_fromStart,session_25_player2,25.0,2,2,equal_to_both,13,"[0.5, 0.010621353575555048, 0.6287619301209613, 0.9936514955835822, 0.9937985001779858, 0.9999338145505084, 0.999998833527144, 0.9999999474448771, 0.9999999747211501, 0.9999999876861015, 0.9999999939716239, 0.9999999971692146, 0.9999999991991664]"
samplePosteriorOnlyGoalAndSignal_fromStart,session_25_player1,25.0,5,1,closer_to_player2,9,"[0.5, 0.9801676195239724, 0.9990363879801739, 0.9996388230883098, 0.9998277859061675, 0.9999154154453399, 0.9999582552124399, 0.9999801800358405, 0.9999944197704151]"
samplePosteriorOnlyGoalAndSignal_fromStart,session_25_player2,25.0,5,2,closer_to_player2,11,"[0.5, 0.9982236293904977, 0.9999939750557558, 0.9999999627941074, 0.9999999631624028, 0.9999999997731295, 0.9999999999975717, 0.9999999999999375, 0.9999999999999696, 0.999999999999985, 0.9999999999999926]"
samplePosteriorOnlyGoalAndSignal_fromStart,session_25_player1,25.0,6,1,closer_to_player1,9,"[0.5, 0.4953332385463024, 0.4970341040394166, 0.4355265949748903, 0.48444798816160844, 0.3181668054875196, 1.0, 1.0, 1.0]"
samplePosteriorOnlyGoalAndSignal_fromStart,session_25_player2,25.0,6,2,closer_to_player1,9,"[0.5, 0.5035279324580101, 0.5057103105047068, 0.5071770647276493, 0.5075429614473638, 0.5100152498092496, 0.5159270458165056, 0.5889845344760822, 0.5892001804466889]"
samplePosteriorOnlyGoalAndSignal_fromStart,session_25_player1,25.0,9,1,closer_to_player2,9,"[0.5, 0.5034031554013848, 0.9897023419878501, 0.9998230182166041, 0.9999953953282796, 0.9999998219631185, 0.9999999837844618, 0.9999999924376335, 0.9999999964211876]"
samplePosteriorOnlyGoalAndSignal_fromStart,session_25_player2,25.0,9,2,closer_to_player2,9,"[0.5, 0.9995412619503834, 0.9999994968052502, 0.9999997155222358, 0.999999999577328, 0.9999999999985848, 0.9999999999999856, 0.9999999999999998, 1.0]"
samplePosteriorOnlyGoalAndSignal_fromStart,session_25_player1,25.0,10,1,equal_to_both,10,"[0.5, 0.500060742311184, 0.500076432358563, 0.9982953344573838, 0.9999942491932357, 0.9999999640128008, 0.9999999994295519, 0.9999999997206939, 0.9999999998687554, 0.9999999999628267]"
samplePosteriorOnlyGoalAndSignal_fromStart,session_25_player2,25.0,10,2,equal_to_both,10,"[0.5, 0.9937986767199836, 0.99993319158081, 0.999998843990301, 0.9999999687968826, 0.9999999980907721, 0.9999999991208035, 0.9999999995781274, 0.999999999794795, 0.9999999998995517]"
samplePosteriorOnlyGoalAndSignal_fromStart,session_25_player1,25.0,11,1,closer_to_player2,9,"[0.5, 0.524635739206889, 0.5459278879481586, 0.5403837275105063, 0.5350936741041079, 0.5292972439568583, 0.5356299343940973, 0.6174980104635025, 0.619529276129231]"
samplePosteriorOnlyGoalAndSignal_fromStart,session_25_player2,25.0,11,2,closer_to_player2,6,"[0.5, 0.5832696680542317, 0.6542348971655758, 0.7073613223802371, 0.7407552796738035, 0.8161552818430229]"
samplePosteriorOnlyGoalAndSignal_fromStart,session_26_player1,26.0,0,1,closer_to_player1,2,"[0.5, 0.9998293171270639]"
samplePosteriorOnlyGoalAndSignal_fromStart,session_26_player2,26.0,0,2,closer_to_player1,16,"[0.5, 0.49544954712537603, 0.4802314852550481, 0.34476241644756495, 0.5037990628068123, 0.6661578807384466, 0.7988771312895057, 0.9045276527091164, 0.999999629627868, 0.9973082509508227, 0.10616912219412922, 1.0, 1.0, 1.0, 1.0, 1.0]"
samplePosteriorOnlyGoalAndSignal_fromStart,session_26_player1,26.0,1,1,closer_to_player1,9,"[0.5, 0.49988337921797527, 0.9998680301403747, 0.9998728762730077, 0.9999999780100711, 0.9999999999849148, 0.9999999999956323, 0.9999999999999967, 1.0]"
samplePosteriorOnlyGoalAndSignal_fromStart,session_26_player2,26.0,1,2,closer_to_player1,9,"[0.5, 0.502808241157825, 0.5044540567433913, 0.9939709734361529, 0.9999349779061991, 0.9999982968353016, 0.9999991652703484, 0.9999995874616796, 0.9999997950689005]"
samplePosteriorOnlyGoalAndSignal_fromStart,session_26_player1,26.0,2,1,closer_to_player2,9,"[0.5, 0.9831482118395228, 0.9995520707108217, 0.9999819521366824, 0.9999877634139003, 0.9999989855866054, 0.9999994862166911, 0.9999997345697006, 0.9999998609096965]"
samplePosteriorOnlyGoalAndSignal_fromStart,session_26_player2,26.0,2,2,closer_to_player2,11,"[0.5, 0.9996442658746749, 0.9999996894845995, 0.9999999988847891, 0.9999999988847892, 0.9999999994487985, 0.9999999998336844, 0.9999999999996346, 0.9999999999996346, 0.9999999999999994, 1.0]"
samplePosteriorOnlyGoalAndSignal_fromStart,session_26_player1,26.0,3,1,closer_to_player2,11,"[0.5, 0.504506287995656, 0.512092997823529, 0.518736554589014, 0.5308236836474745, 0.5391897316411217, 0.5447600359392841, 0.5482981788821895, 0.5504293787477715, 1.1593423694974565e-29, 1.8012273590719084e-29]"
samplePosteriorOnlyGoalAndSignal_fromStart,session_26_player2,26.0,3,2,closer_to_player2,6,"[0.5, 0.49133171611010257, 0.49848757026774204, 0.5571893177601397, 0.5607167122041912, 0.5628360683018188]"
samplePosteriorOnlyGoalAndSignal_fromStart,session_26_player1,26.0,6,1,equal_to_both,11,"[0.5, 0.9894522400248654, 0.9998174360293361, 0.9999952263504015, 0.9999998134505795, 0.9999999836007741, 0.9999999923980653, 0.9999999964053956, 0.9999999982739964, 0.9999999991639905, 0.9999999996116771]"
samplePosteriorOnlyGoalAndSignal_fromStart,session_26_player2,26.0,6,2,equal_to_both,11,"[0.5, 0.988364413868797, 0.9997811070429634, 0.999993820444615, 0.9999997430522884, 0.9999999772338976, 0.9999999919994873, 0.9999999963433186, 0.9999999982487753, 0.9999999991519023, 0.9999999996060666]"
samplePosteriorOnlyGoalAndSignal_fromStart,session_26_player1,26.0,7,1,closer_to_player2,9,"[0.5, 0.5045001650974681, 0.5021904638671641, 0.5093406540094408, 0.5288626763420178, 0.5372331138500405, 0.5428070021290329, 0.5463476822209467, 0.548480506326996]"
samplePosteriorOnlyGoalAndSignal_fromStart,session_26_player2,26.0,7,2,closer_to_player2,7,"[0.5, 0.4886392727686381, 0.490258130269927, 0.497406172124292, 0.556105169220965, 0.5596348441355694, 0.5617553921560237]"
samplePosteriorOnlyGoalAndSignal_fromStart,session_26_player1,26.0,8,1,equal_to_both,10,"[0.5, 0.9938486648523678, 0.9938929886439222, 0.9999621390732447, 0.9999996004414468, 0.9999999931011518, 0.9999999949509988, 0.9999999960844181, 0.9999999999487326, 0.9999999999761864]"
samplePosteriorOnlyGoalAndSignal_fromStart,session_26_player2,26.0,8,2,equal_to_both,10,"[0.5, 0.4999727703421932, 0.9966367847483895, 0.9966537109432999, 0.9999887005154268, 0.9999999303123256, 0.9999999992581569, 0.9999999999827784, 0.9999999999916598, 0.9999999999961261]"
samplePosteriorOnlyGoalAndSignal_fromStart,session_26_player1,26.0,11,1,closer_to_player1,10,"[0.5, 0.9996518947782355, 0.9999997321831353, 0.9999999995566301, 0.999999999998542, 0.9999999999999912, 1.0, 1.0, 1.0, 1.0]"
samplePosteriorOnlyGoalAndSignal_fromStart,session_26_player2,26.0,11,2,closer_to_player1,10,"[0.5, 0.4957570304763804, 0.9925073408105495, 0.9999079809769658, 0.9999982280716782, 0.9999976449631551, 0.9999999693894531, 0.9999999994158675, 1.1353837622117948e-24, 5.949801239418075e-23]"
samplePosteriorOnlyGoalAndSignal_fromStart,session_27_player1,27.0,0,1,equal_to_both,13,"[0.5, 0.9829791595151947, 0.9995449532180384, 0.999982664850539, 0.9999990826745878, 0.9999999326244183, 0.9999999873182904, 0.9999999944424686, 0.9999999975295055, 0.999999998890468, 0.9999999994998072, 0.9999999994998072, 0.99999999978086]"
samplePosteriorOnlyGoalAndSignal_fromStart,session_27_player2,27.0,0,2,equal_to_both,13,"[0.5, 0.9817784801898114, 0.9994907453467956, 0.9999800593914273, 0.999998918268403, 0.9999999200062695, 0.9999999868585105, 0.9999999955230362, 0.9999999980719406, 0.9999999991355887, 0.9999999996103784, 0.9999999998293051, 0.9999999998293051]"
samplePosteriorOnlyGoalAndSignal_fromStart,session_27_player1,27.0,1,1,closer_to_player2,9,"[0.5, 0.9830118346636718, 0.9840491113536637, 0.9846479139124176, 0.9998331468064534, 0.9999957039692673, 0.9999979065982225, 0.9999989712802085, 0.9999994924152998]"
samplePosteriorOnlyGoalAndSignal_fromStart,session_27_player2,27.0,1,2,closer_to_player2,11,"[0.5, 0.998262336876401, 0.9999940217099657, 0.9999999623456254, 0.9999999995819803, 0.9999999999879794, 0.9999999999942695, 0.9999999999971857, 0.9999999999986111, 0.9999999999993406, 0.9999999999998144]"
samplePosteriorOnlyGoalAndSignal_fromStart,session_27_player1,27.0,3,1,closer_to_player1,4,"[0.5, 0.4724948299445473, 0.5562772900179416, 0.5584012481479111]"
samplePosteriorOnlyGoalAndSignal_fromStart,session_27_player2,27.0,3,2,closer_to_player1,9,"[0.5, 0.5185036283260329, 0.5299651838103295, 0.5302678596719195, 0.5239989973473197, 0.5607157060895379, 0.5662351335790701, 0.5697381962735442, 0.5718472301592344]"
samplePosteriorOnlyGoalAndSignal_fromStart,session_27_player1,27.0,4,1,closer_to_player2,9,"[0.5, 0.5014862313814444, 0.5090686877481541, 0.5157037385507396, 0.5277971412245427, 0.5361699065906498, 0.5417456774851306, 0.5452876915274262, 0.5474213709451198]"
samplePosteriorOnlyGoalAndSignal_fromStart,session_27_player2,27.0,4,2,closer_to_player2,8,"[0.5, 0.5008674507529252, 0.49610245062569824, 0.5794774915458919, 0.6507032044304694, 0.7041274754931438, 0.7377537535029467, 0.8138073350902472]"
samplePosteriorOnlyGoalAndSignal_fromStart,session_27_player1,27.0,5,1,equal_to_both,10,"[0.5, 0.4999375626263139, 0.996640151530699, 0.9966550803894644, 0.9999887225182329, 0.999999930603468, 0.9999999992633574, 0.9999999994264728, 0.9999999999927922, 0.9999999999964718]"
samplePosteriorOnlyGoalAndSignal_fromStart,session_27_player2,27.0,5,2,equal_to_both,12,"[0.5, 0.50126553990233, 0.003374312836870684, 0.003358844138475355, 0.8083445903441409, 0.8084964126755695, 0.9998074073120319, 0.999999662285091, 0.9999999988172359, 0.9999999999897006, 0.9999999999951603, 0.9999999999986292]"
samplePosteriorOnlyGoalAndSignal_fromStart,session_27_player1,27.0,9,1,closer_to_player1,13,"[0.5, 0.9982578044806671, 0.9999939934202693, 0.9999999620954877, 0.9999999631243609, 0.9999999997718253, 0.9999999999975343, 0.9999999999982253, 0.9999999679899005, 0.999999999792822, 0.9999999999965447, 0.999999999998397, 0.9999999999995369]"
samplePosteriorOnlyGoalAndSignal_fromStart,session_27_player2,27.0,9,2,closer_to_player1,9,"[0.5, 0.9832225119291415, 0.999555264069279, 0.9999824832089771, 0.9999881983991912, 0.9999991500669042, 0.9999995961140096, 0.9999998070878691, 0.9999999082764376]"
samplePosteriorOnlyGoalAndSignal_fromStart,session_27_player1,27.0,10,1,closer_to_player1,9,"[0.5, 0.4992373682347817, 0.9998680833637069, 0.9998699938237517, 0.9999999781840059, 0.9999999867212745, 0.999999999990347, 0.9999999999999978, 1.0]"
samplePosteriorOnlyGoalAndSignal_fromStart,session_27_player2,27.0,10,2,closer_to_player1,9,"[0.5, 0.9814928471705201, 0.9994492030628281, 0.9999640667909206, 0.9999866698235973, 0.9999937207109661, 0.9999969436264023, 0.9999984981362521, 0.9999992589609847]"
samplePosteriorOnlyGoalAndSignal_fromStart,session_27_player1,27.0,11,1,closer_to_player2,11,"[0.5, 0.9832449299644692, 0.09330353373352103, 0.8579306071558988, 0.9957091495844854, 0.9958702572353398, 0.9998938408326453, 0.9999960136431701, 0.9999997886466927, 0.999999979178207, 0.9999999908234545]"
samplePosteriorOnlyGoalAndSignal_fromStart,session_27_player2,27.0,11,2,closer_to_player2,11,"[0.5, 0.9982318907476001, 0.9999938014780385, 0.9999999601623684, 0.9999999995595789, 0.9999999999919178, 0.9999999999947224, 0.9999999999997945, 0.9999999999999405, 0.9999999999999979, 1.0]"
samplePosteriorOnlyGoalAndSignal_fromStart,session_28_player1,28.0,1,1,closer_to_player1,9,"[0.5, 0.999540207856295, 0.9999994938665606, 0.9999999987692249, 0.9999999999907578, 0.9999999999973908, 0.9999999999999787, 0.9999999999999999, 1.0]"
samplePosteriorOnlyGoalAndSignal_fromStart,session_28_player2,28.0,1,2,closer_to_player1,11,"[0.5, 0.9832213773863226, 0.9995560104918739, 0.9999831905370188, 0.9999991015078668, 0.999999903594204, 0.9999999563172783, 0.9999999797426885, 0.9972994863934352, 0.9998769000890484, 0.999941775512091]"
samplePosteriorOnlyGoalAndSignal_fromStart,session_28_player1,28.0,4,1,closer_to_player1,7,"[0.5, 0.516709446488902, 0.5621147694081794, 0.5621147694081793, 0.5721498429806, 0.5756492909754028, 0.5777509075387525]"
samplePosteriorOnlyGoalAndSignal_fromStart,session_28_player2,28.0,4,2,closer_to_player1,9,"[0.5, 0.5035101256904665, 0.50515649620234, 0.5059869687692897, 0.5071682366116278, 0.5013540002243778, 0.507712759511548, 0.5907419077657461, 0.5928215662014575]"
samplePosteriorOnlyGoalAndSignal_fromStart,session_28_player1,28.0,5,1,closer_to_player2,11,"[0.5, 0.5034549006645613, 0.505704982172778, 0.5065819464528076, 0.507729651592313, 0.5140000026035518, 0.5631073818528078, 0.5637272050326105, 0.017706729676725427, 0.023662754182048537, 0.023683344500587157]"
samplePosteriorOnlyGoalAndSignal_fromStart,session_28_player2,28.0,5,2,closer_to_player2,4,"[0.5, 0.5494910530338634, 0.5501258721424678, 0.5503464668609923]"
samplePosteriorOnlyGoalAndSignal_fromStart,session_28_player1,28.0,7,1,closer_to_player2,9,"[0.5, 0.9805130356658948, 0.9985376168867378, 0.9992360813551279, 0.9995646757223988, 0.9997475794399412, 0.9998519956680303, 0.9999128000759174, 0.9999488241805187]"
samplePosteriorOnlyGoalAndSignal_fromStart,session_28_player2,28.0,7,2,closer_to_player2,10,"[0.5, 0.9995077139850673, 0.9995077139850673, 0.9999988520133652, 0.9999994139531596, 0.9999996672170868, 0.9999998212414735, 0.9999999358640109, 0.9999999999936929, 0.9999999999999992]"
samplePosteriorOnlyGoalAndSignal_fromStart,session_28_player1,28.0,9,1,equal_to_both,10,"[0.5, 0.9938452295453285, 0.999934442900381, 0.9999988815479015, 0.9999989116829523, 0.9999999814785875, 0.999999999512099, 0.9999999999700594, 0.999999999986143, 0.9999999999935832]"
samplePosteriorOnlyGoalAndSignal_fromStart,session_28_player2,28.0,9,2,equal_to_both,10,"[0.5, 0.9938480037715429, 0.9999345285400117, 0.9999988830780253, 0.99999997004036, 0.9999999977819469, 0.9999999989660929, 0.9999999995192466, 0.9999999997829302, 0.9999999999373989]"
samplePosteriorOnlyGoalAndSignal_fromStart,session_28_player1,28.0,10,1,closer_to_player2,9,"[0.5, 0.5040237862392681, 0.5106900486645446, 0.5124018982642486, 0.518413889260614, 0.521620407978998, 0.5231400315931324, 0.5237686032898435, 0.523990812713326]"
samplePosteriorOnlyGoalAndSignal_fromStart,session_28_player2,28.0,10,2,closer_to_player2,6,"[0.5, 0.5062849490481464, 0.5097948551514718, 0.51595875515717, 0.47299151581511956, 0.5741216681126277]"
samplePosteriorOnlyGoalAndSignal_fromStart,session_28_player1,28.0,11,1,closer_to_player1,9,"[0.5, 0.5032056449026977, 0.6085302242055743, 0.9999582568388615, 0.9999999912340409, 0.9999999999866539, 0.9999999999999782, 1.0, 1.0]"
samplePosteriorOnlyGoalAndSignal_fromStart,session_28_player2,28.0,11,2,closer_to_player1,11,"[0.5, 0.9832223502361878, 0.9836397795050545, 0.9997166471957513, 0.9999923826063862, 0.9999994258491399, 0.9999997212743637, 0.9999997212743638, 0.9999998632999451, 0.9999998632999451, 0.9999999328220479]"
samplePosteriorOnlyGoalAndSignal_fromStart,session_29_player1,29.0,0,1,closer_to_player2,9,"[0.5, 0.9822090914366209, 0.9995239301552478, 0.9999806295570656, 0.9999975196524055, 0.9999987536600856, 0.9999993570284437, 0.9999996603461226, 0.9999998171173471]"
samplePosteriorOnlyGoalAndSignal_fromStart,session_29_player2,29.0,0,2,closer_to_player2,7,"[0.5, 0.9999299381603816, 0.999999970928906, 0.9999999999748727, 0.9999999999999822, 1.0, 1.0]"
samplePosteriorOnlyGoalAndSignal_fromStart,session_29_player1,29.0,1,1,closer_to_player1,9,"[0.5, 0.9996595328050655, 0.9999997282975296, 0.9999999995361115, 0.9999999999984157, 0.9999999999988194, 0.9999999999991045, 0.9999999999995622, 0.9999999999999993]"
samplePosteriorOnlyGoalAndSignal_fromStart,session_29_player2,29.0,1,2,closer_to_player1,9,"[0.5, 0.9830118337451046, 0.9995311498429131, 0.9999702733394107, 0.9999861741202738, 0.9999933445405504, 0.9999967568743635, 0.9999984062928052, 0.9999992136424064]"
samplePosteriorOnlyGoalAndSignal_fromStart,session_29_player1,29.0,3,1,closer_to_player2,9,"[0.5, 0.5035101254771449, 0.5063342598546101, 0.5134836304221181, 0.5329937163079963, 0.5413545028423418, 0.5469206280424141, 0.5504558359597609, 0.5525851627406422]"
samplePosteriorOnlyGoalAndSignal_fromStart,session_29_player2,29.0,3,2,closer_to_player2,7,"[0.5, 0.5207829036153778, 0.5374654644512225, 0.582554291241276, 0.5924552462123888, 0.5959054528260107, 0.5979767605667979]"
samplePosteriorOnlyGoalAndSignal_fromStart,session_29_player1,29.0,6,1,closer_to_player2,9,"[0.5, 0.5024581174307898, 0.9896192731354052, 0.9998213938742876, 0.9999952785967137, 0.9999997254433928, 0.999999869638317, 0.9999999371071348, 0.999999969287444]"
samplePosteriorOnlyGoalAndSignal_fromStart,session_29_player2,29.0,6,2,closer_to_player2,11,"[0.5, 0.5423461151144978, 0.6493434705710194, 0.0007364805201639521, 0.9764337351998286, 0.9999983932210774, 0.9999999991716768, 0.9999999999996189, 0.9999999999999997, 1.0, 1.0]"
samplePosteriorOnlyGoalAndSignal_fromStart,session_29_player1,29.0,7,1,equal_to_both,12,"[0.5, 0.9813341169186017, 0.9828477217175132, 0.9996969720260068, 0.9999919648837037, 0.9999996799548141, 0.9999999639196957, 0.9999999832433979, 0.9999999920056856, 0.9999999961715482, 0.9999999981770202, 0.9999999991553415]"
samplePosteriorOnlyGoalAndSignal_fromStart,session_29_player2,29.0,7,2,equal_to_both,12,"[0.5, 0.981334113672516, 0.9828477248697914, 0.9996969720348836, 0.9997087526040956, 0.999995023847869, 0.9999998659602333, 0.9999999083974238, 0.999999995586204, 0.9999999978862472, 0.999999998993502, 0.9999999995336498]"
samplePosteriorOnlyGoalAndSignal_fromStart,session_29_player1,29.0,9,1,closer_to_player1,9,"[0.5, 0.62280613527639, 0.9996820295087628, 0.9999998410333514, 0.9999999997853602, 0.9999999998926922, 0.9999999999463571, 0.9999999999731867, 0.9999999999866934]"
samplePosteriorOnlyGoalAndSignal_fromStart,session_29_player2,29.0,9,2,closer_to_player1,10,"[0.5, 0.5034892849314889, 0.5051389470779379, 0.5070036874878813, 0.5140579372459413, 0.49909559347241167, 0.5575916894788143, 0.5611104509562107, 0.5611104509562107, 0.5632293548362718]"
samplePosteriorOnlyGoalAndSignal_fromStart,session_29_player1,29.0,10,1,closer_to_player1,6,"[0.5, 0.5836348822227603, 0.6550154191454166, 0.7086079371454445, 0.7423499952548546, 0.8123024159247294]"
samplePosteriorOnlyGoalAndSignal_fromStart,session_29_player2,29.0,10,2,closer_to_player1,9,"[0.5, 0.5035280601032653, 0.5058034072614678, 0.5076308897625699, 0.5140248822407364, 0.5429604500710853, 0.5444721348817609, 0.5450970454890979, 0.5453179419951512]"
samplePosteriorOnlyGoalAndSignal_fromStart,session_29_player1,29.0,11,1,equal_to_both,12,"[0.5, 0.9886510412837684, 0.9997940527263807, 0.9997940527263808, 0.999994458600632, 0.9999997836743768, 0.9999999879926549, 0.9999999985151763, 0.999999999508283, 0.9999999997872684, 0.9999999999043488, 0.9999999999581053]"
samplePosteriorOnlyGoalAndSignal_fromStart,session_29_player2,29.0,11,2,equal_to_both,12,"[0.5, 0.9894609058699039, 0.9998177897591819, 0.9999952484673973, 0.999999819868811, 0.9999999902023354, 0.999999998648988, 0.9999999993994118, 0.9999999997302677, 0.9999999998784008, 0.9999999998784008, 0.9999999999467261]"
TwoStageSignalAgent_sigmoidThreshold,session_0_player1,0.0,1,1,closer_to_player1,9,"[0.5, 0.9996595337447106, 0.999659363069083, 0.9999998827424907, 0.9999998855870738, 0.9999999999480453, 0.9999999999999432, 0.9999999999999721, 1.0]"
TwoStageSignalAgent_sigmoidThreshold,session_0_player2,0.0,1,2,closer_to_player1,9,"[0.5, 0.5050512150355926, 0.9897422755758875, 0.9998193786746802, 0.9998718049740837, 0.9999966994396791, 0.9999983916792728, 0.9999992096543672, 0.9999996100324832]"
TwoStageSignalAgent_sigmoidThreshold,session_0_player1,0.0,3,1,equal_to_both,12,"[0.5, 0.5001784512560019, 0.9893361408216074, 0.999812816285293, 0.999995037179315, 0.9999954639592309, 0.999999877815314, 0.9999999905120311, 0.9999999954734381, 0.9999999978322439, 0.9999999989677876, 0.9999999995217352]"
TwoStageSignalAgent_sigmoidThreshold,session_0_player2,0.0,3,2,equal_to_both,18,"[0.5, 0.5002118526466498, 0.500246566103673, 0.5002511930215672, 0.9966442003535905, 0.9879775232525331, 0.9880689031427607, 0.9881224896384716, 0.9881672707363283, 0.9999793240393555, 0.9999999285763631, 0.9999999322515062, 0.9999999544896823, 0.9999461518016569, 0.999963826621766, 0.05263178026884871, 0.9868083951610404, 0.9999777879638]"
TwoStageSignalAgent_sigmoidThreshold,session_0_player1,0.0,4,1,closer_to_player2,9,"[0.5, 0.5028347455539365, 0.5044811516102752, 0.5063462077922802, 0.5134009038226093, 0.49843818222572445, 0.47112321300422944, 0.5549135773526245, 0.5570387808413547]"
TwoStageSignalAgent_sigmoidThreshold,session_0_player2,0.0,4,2,closer_to_player2,4,"[0.5, 0.6667126693622965, 0.8000812853100503, 0.8896765721805955]"
TwoStageSignalAgent_sigmoidThreshold,session_0_player1,0.0,5,1,closer_to_player1,6,"[0.5, 0.5007557728765012, 0.4993724470672376, 0.4196121201443549, 0.9997624109878605, 0.9999999034915079]"
TwoStageSignalAgent_sigmoidThreshold,session_0_player2,0.0,5,2,closer_to_player1,20,"[0.5, 0.996555070685758, 0.9965579624196833, 0.9999883006582585, 0.9999999248305056, 0.9999999985973198, 0.9999999993081292, 0.999999999657146, 0.9999999998299414, 0.9999999999185942, 0.9999999880889439, 0.9999993721950166, 0.9999996886030902, 0.999992939335615, 0.999988715570156, 0.9994055695552345, 0.9997050688966295, 0.9998587970641618, 0.9999601925542289, 0.9999999247041326]"
TwoStageSignalAgent_sigmoidThreshold,session_0_player1,0.0,6,1,closer_to_player1,6,"[0.5, 0.5046666752853441, 0.507140322195839, 0.5130538737708413, 0.470373961803084, 0.5715502193561193]"
TwoStageSignalAgent_sigmoidThreshold,session_0_player2,0.0,6,2,closer_to_player1,12,"[0.5, 0.49647206755677414, 0.4942896895046604, 0.4928229352874341, 0.49245703855420697, 0.489984750203485, 0.4953908507524188, 0.5445495604248297, 0.3725461773018734, 1.0, 1.0, 1.0]"
TwoStageSignalAgent_sigmoidThreshold,session_0_player1,0.0,7,1,closer_to_player2,14,"[0.5, 0.9965935753459731, 0.9999786786518255, 0.9999796898082272, 0.9999998692486011, 0.9999999975544669, 0.9999999987975607, 0.999999999434364, 0.9999999998398812, 0.9999999999986907, 0.9999999999999938, 0.9999999985226192, 0.9999999999929364, 0.9999999999999607]"
TwoStageSignalAgent_sigmoidThreshold,session_0_player2,0.0,7,2,closer_to_player2,8,"[0.5, 0.3771005029494562, 0.00031754499160466606, 0.3574859487206949, 0.995306807212489, 0.9999920784355962, 0.9999999756315052, 0.9999999998715544]"
TwoStageSignalAgent_sigmoidThreshold,session_0_player1,0.0,9,1,equal_to_both,11,"[0.5, 0.5000180341835289, 0.9938414618963045, 0.9938904068900292, 0.9999620758134978, 0.9999625563113589, 0.9999639160161488, 0.9999687955557122, 0.9999999482586527, 0.9999999998261628, 0.9999999999989141]"
TwoStageSignalAgent_sigmoidThreshold,session_0_player2,0.0,9,2,equal_to_both,11,"[0.5, 0.4999999712771894, 0.993849105139542, 0.9938937352631031, 0.9999621019832877, 0.9999995992606698, 0.9999996075701201, 0.9999999957031531, 0.9999999999231288, 0.9999999999973075, 0.9999999999988204]"
TwoStageSignalAgent_sigmoidThreshold,session_0_player1,0.0,10,1,closer_to_player2,9,"[0.5, 0.5034074911846652, 0.9896916910506878, 0.9998226927353978, 0.9998297017030787, 0.9998336874454544, 0.9998353818681909, 0.9999991321361377, 0.9999991369166331]"
TwoStageSignalAgent_sigmoidThreshold,session_0_player2,0.0,10,2,closer_to_player2,9,"[0.5, 0.5045534078301146, 0.9998321492070116, 0.9998986771362196, 0.9999999469029043, 0.9999999999739184, 0.9999999999999835, 1.0, 1.0]"
TwoStageSignalAgent_sigmoidThreshold,session_0_player1,0.0,11,1,equal_to_both,10,"[0.5, 0.9937950362376098, 0.9938583345310775, 0.9999619082778035, 0.9999995975856923, 0.999999993138119, 0.9999999933798978, 0.9999999998866296, 0.9999999999059175, 0.9999999999127613]"
TwoStageSignalAgent_sigmoidThreshold,session_0_player2,0.0,11,2,equal_to_both,10,"[0.5, 0.9938485215795737, 0.9999345413340167, 0.9999988834151112, 0.9999989378720086, 0.9999989760569883, 0.999999045276413, 0.9999999917945204, 0.9999999959650789, 0.9999999998820644]"
TwoStageSignalAgent_sigmoidThreshold,session_1_player1,1.0,0,1,closer_to_player1,11,"[0.5, 0.4090066938218382, 0.543479469193581, 0.9987254329420886, 0.9982437253797016, 0.9976066066101466, 0.9968201742609637, 0.9959741513128775, 0.9999999368436917, 0.9999999457047897, 0.9999999999991627]"
TwoStageSignalAgent_sigmoidThreshold,session_1_player2,1.0,0,2,closer_to_player1,9,"[0.5, 0.5034030953135519, 0.5058695773269145, 0.507094146917042, 0.5039757052909734, 0.5786903977272774, 0.6369835728565947, 0.5912093373251989, 0.7445220248349279]"
TwoStageSignalAgent_sigmoidThreshold,session_1_player1,1.0,2,1,equal_to_both,12,"[0.5, 0.9828669665797526, 0.9831940153512386, 0.9833779844921452, 0.983495492834574, 0.9998967031863258, 0.9998976816616215, 0.9998969417060766, 0.9998482000949893, 0.9999998201761618, 0.9999999995783592, 0.9999999999981883]"
TwoStageSignalAgent_sigmoidThreshold,session_1_player2,1.0,2,2,equal_to_both,12,"[0.5, 0.5120843531296537, 0.5135544165601422, 0.9941618967705926, 0.9942100229100449, 0.9999640352243367, 0.9999996192796644, 0.9999996330157969, 0.9999996578269137, 0.9999999970591541, 0.9999999999442493, 0.999999999983922]"
TwoStageSignalAgent_sigmoidThreshold,session_1_player1,1.0,3,1,closer_to_player2,11,"[0.5, 0.5034379190182381, 0.5054179253174262, 0.5007325808859232, 0.37807747876775255, 0.07061090769581158, 0.13189736864207324, 0.23307525772284796, 0.3780876884989317, 0.5487881145501549, 0.710212154891735]"
TwoStageSignalAgent_sigmoidThreshold,session_1_player2,1.0,3,2,closer_to_player2,9,"[0.5, 0.333353400978546, 0.9989507546450124, 0.9999994750308571, 0.9999999992911734, 0.9999999996456262, 0.9999999998228497, 0.9999999999114516, 0.9999999999560562]"
TwoStageSignalAgent_sigmoidThreshold,session_1_player1,1.0,5,1,closer_to_player2,11,"[0.5, 0.5099251088141249, 0.49682167828715545, 0.5851079726336483, 0.6701644344834788, 0.8001510361106313, 0.5473712569547456, 0.9999970755085786, 0.9999999999771003, 0.9999999999999994, 1.0]"
TwoStageSignalAgent_sigmoidThreshold,session_1_player2,1.0,5,2,closer_to_player2,5,"[0.5, 0.9982869962162536, 0.9986608315379878, 0.9988500618643154, 0.9999990843078895]"
TwoStageSignalAgent_sigmoidThreshold,session_1_player1,1.0,6,1,closer_to_player1,9,"[0.5, 0.6232697669664479, 0.9998708491080717, 0.9999998088715252, 0.9999999997876582, 0.9999999999992466, 0.999999999999998, 1.0, 1.0]"
TwoStageSignalAgent_sigmoidThreshold,session_1_player2,1.0,6,2,closer_to_player1,9,"[0.5, 0.5023663380930822, 0.9896256589218948, 0.9897859726855516, 0.9998928864059771, 0.9999981914362222, 0.9999999529556644, 0.9999999608397944, 0.9999999616593934]"
TwoStageSignalAgent_sigmoidThreshold,session_1_player1,1.0,7,1,closer_to_player2,9,"[0.5, 0.5035101256895487, 0.5063342604618164, 0.5024019067288144, 0.497263163843737, 0.491449246001062, 0.49780779411938364, 0.5811292669600251, 0.5832233101383414]"
TwoStageSignalAgent_sigmoidThreshold,session_1_player2,1.0,7,2,closer_to_player2,6,"[0.5, 0.5016195744922924, 0.5087679328687554, 0.4812446704107492, 0.43539269718244555, 0.5450607684866902]"
TwoStageSignalAgent_sigmoidThreshold,session_1_player1,1.0,8,1,closer_to_player1,7,"[0.5, 0.9999818133612166, 0.9999999980044972, 0.999999999999475, 0.9999999999999999, 1.0, 1.0]"
TwoStageSignalAgent_sigmoidThreshold,session_1_player2,1.0,8,2,closer_to_player1,7,"[0.5, 0.9889745865772848, 0.9892663960057562, 0.9894128369184283, 0.9999338700700471, 0.999943348092724, 0.9999433739682125]"
TwoStageSignalAgent_sigmoidThreshold,session_1_player1,1.0,9,1,equal_to_both,10,"[0.5, 0.5015461277784261, 0.996650501733112, 0.999979197504048, 0.9999997792304197, 0.9999999961491913, 0.9999999998246848, 0.999999999918667, 0.9999999999632841, 0.9999999999894117]"
TwoStageSignalAgent_sigmoidThreshold,session_1_player2,1.0,9,2,equal_to_both,10,"[0.5, 0.4999831128314735, 0.9966462193416336, 0.9999792850042984, 0.9999997815632112, 0.9999997852473109, 0.9999999977455178, 0.9999999999613968, 0.9999999999679596, 0.9999999999702901]"
TwoStageSignalAgent_sigmoidThreshold,session_1_player1,1.0,10,1,equal_to_both,8,"[0.5, 0.5002421530125583, 0.9991881992436977, 0.9992151303035725, 0.9995429726639078, 0.9999990407828093, 0.9999999994750292, 0.9999999999993783]"
TwoStageSignalAgent_sigmoidThreshold,session_1_player2,1.0,10,2,equal_to_both,8,"[0.5, 0.9982978837369317, 0.9999942703727878, 0.9999943040756007, 0.9999999809784782, 0.9999999811348086, 0.9999999999437843, 0.9999999999463969]"
TwoStageSignalAgent_sigmoidThreshold,session_2_player1,2.0,0,1,closer_to_player1,6,"[0.5, 0.5011955283188713, 0.495375360011059, 0.4895521201969622, 0.5313332202272665, 0.6378657257045456]"
TwoStageSignalAgent_sigmoidThreshold,session_2_player2,2.0,0,2,closer_to_player1,9,"[0.5, 0.5030302977930768, 0.5053091504728618, 0.5071866044387848, 0.5020437239584019, 0.4962289050688105, 0.5025881807438132, 0.5857764675413749, 0.5878637547129476]"
TwoStageSignalAgent_sigmoidThreshold,session_2_player1,2.0,2,1,closer_to_player1,6,"[0.5, 0.9967012908059761, 0.9999797798014208, 0.9999799953143638, 0.9999998939694301, 0.9999998954294597]"
TwoStageSignalAgent_sigmoidThreshold,session_2_player2,2.0,2,2,closer_to_player1,14,"[0.5, 0.9965916835211622, 0.9965776242621477, 0.9999883916190542, 0.9999999282236506, 0.9999999992170802, 0.9999999999769469, 0.9999999999887571, 0.9999999999944935, 0.999999999997414, 0.9999999999992684, 0.9999997954911574, 0.9999999991897841, 0.9999999999933756]"
TwoStageSignalAgent_sigmoidThreshold,session_2_player1,2.0,3,1,equal_to_both,12,"[0.5, 0.9811855241934875, 0.999452157001753, 0.9995555495929144, 0.9995755253214945, 0.9995831453868528, 0.9995887646746632, 0.9999973637649016, 0.9999975419954574, 0.99999860934715, 0.9999999919495751, 0.9999999998919764]"
TwoStageSignalAgent_sigmoidThreshold,session_2_player2,2.0,3,2,equal_to_both,12,"[0.5, 0.4987309053679597, 0.989401440310954, 0.9998165784962508, 0.9999952113665757, 0.9999998182586809, 0.9999998321371082, 0.9999999934887649, 0.9999999993636381, 0.999999999708086, 0.9999999998648922, 0.999999999937435]"
TwoStageSignalAgent_sigmoidThreshold,session_2_player1,2.0,5,1,closer_to_player2,17,"[0.5, 0.9958301929903876, 0.999987385715277, 0.997809261439195, 0.9999933857959042, 0.9999953232503064, 0.9999966411636335, 0.9999975839377268, 0.9999981871744767, 0.9999999974470962, 0.9999999987223481, 0.9999999993610389, 0.9999958332704846, 0.9999999991584395, 0.9999999995792926, 0.9999999997912294, 0.9999999999247787]"
TwoStageSignalAgent_sigmoidThreshold,session_2_player2,2.0,5,2,closer_to_player2,2,"[0.5, 0.5887398498935474]"
TwoStageSignalAgent_sigmoidThreshold,session_2_player1,2.0,7,1,equal_to_both,11,"[0.5, 0.4999179435163311, 0.4998978165501807, 0.996645071529876, 0.9966569721612437, 0.9965900394352895, 0.9945556909178113, 0.9999970023338223, 0.9999999964494595, 0.999999999991675, 0.9999999999999643]"
TwoStageSignalAgent_sigmoidThreshold,session_2_player2,2.0,7,2,equal_to_both,11,"[0.5, 0.9892761997720857, 0.9895452051060402, 0.9896309917982488, 0.9897020902394136, 0.9999637971260023, 0.9999656472360126, 0.9999805463857927, 0.9999999494452352, 0.9999999997073411, 0.9999999999960729]"
TwoStageSignalAgent_sigmoidThreshold,session_2_player1,2.0,8,1,equal_to_both,7,"[0.5, 0.9992231147593045, 0.9992128689439604, 0.9988198454171249, 0.9999997297146661, 0.9999999998520888, 0.9999999999998249]"
TwoStageSignalAgent_sigmoidThreshold,session_2_player2,2.0,8,2,equal_to_both,7,"[0.5, 0.506029153780156, 0.999560269213453, 0.9997448220073997, 0.9999998804773844, 0.9999999994597512, 0.9999999999993603]"
TwoStageSignalAgent_sigmoidThreshold,session_2_player1,2.0,9,1,closer_to_player2,9,"[0.5, 0.5030291541144596, 0.9899925524285955, 0.989915420260544, 0.9835895622393616, 0.9999485479500023, 0.9999997280218736, 0.9999999976788512, 0.9999999999696296]"
TwoStageSignalAgent_sigmoidThreshold,session_2_player2,2.0,9,2,closer_to_player2,9,"[0.5, 0.9994018548784614, 0.9999991104598508, 0.9999999926088731, 0.9999999999610547, 0.9999999999996132, 0.999999999999998, 1.0, 1.0]"
TwoStageSignalAgent_sigmoidThreshold,session_2_player1,2.0,10,1,closer_to_player1,4,"[0.5, 0.5619094223403344, 0.605155724855596, 0.7104770127027237]"
TwoStageSignalAgent_sigmoidThreshold,session_2_player2,2.0,10,2,closer_to_player1,12,"[0.5, 0.4958870036916475, 0.4935763052754359, 0.4961023155947198, 0.6024796875854513, 0.9998981694260572, 0.9998622579121798, 0.9999999921028989, 0.9999999921028987, 0.9999999921028985, 0.9999999999998955, 1.0]"
TwoStageSignalAgent_sigmoidThreshold,session_3_player1,3.0,0,1,closer_to_player1,11,"[0.5, 0.49808894029864026, 0.49086381549196256, 0.49398384478961666, 0.41932071912083957, 0.49927235788267044, 0.33261999983210183, 0.99998602885917, 0.9999837487752116, 0.9999999999510888, 0.9999999999999993]"
TwoStageSignalAgent_sigmoidThreshold,session_3_player2,3.0,0,2,closer_to_player1,9,"[0.5, 0.5030302977427022, 0.5053091504573158, 0.50718660451966, 0.5142473339606983, 0.4992816280865227, 0.5577747817834929, 0.5612932386649913, 0.5634119467964249]"
TwoStageSignalAgent_sigmoidThreshold,session_3_player1,3.0,1,1,closer_to_player2,9,"[0.5, 0.6308899490118947, 0.4754248176270624, 0.3193774579281428, 0.19060550529881204, 0.9746022256488436, 0.9998943327295198, 0.999999413125296, 0.999999413751822]"
TwoStageSignalAgent_sigmoidThreshold,session_3_player2,3.0,1,2,closer_to_player2,7,"[0.5, 0.9999560908244077, 0.9999999941336151, 0.9999999999969845, 0.9999999999999988, 1.0, 1.0]"
TwoStageSignalAgent_sigmoidThreshold,session_3_player1,3.0,2,1,closer_to_player1,11,"[0.5, 0.998223585388212, 0.9982152718404591, 0.9999969406621516, 0.9999999897055663, 0.9999999897650719, 0.9999999897963135, 0.9999999999827179, 0.9999999999828049, 0.999999999999974, 0.9999999999999751]"
TwoStageSignalAgent_sigmoidThreshold,session_3_player2,3.0,2,2,closer_to_player1,12,"[0.5, 0.9799909477392732, 0.9988492571440389, 0.9995196188175549, 0.9997553913498219, 0.9997553913498218, 0.9998746372514983, 0.9999368683569904, 0.99996920067461, 0.15776622425639264, 0.2785559663655856, 0.9957625104131413]"
TwoStageSignalAgent_sigmoidThreshold,session_3_player1,3.0,4,1,closer_to_player2,10,"[0.5, 0.6425595695387483, 0.4630202438807831, 0.9995753258785761, 0.9989751991894249, 0.9999999081844511, 0.9999999999841674, 0.9999999999999937, 1.0, 1.0]"
TwoStageSignalAgent_sigmoidThreshold,session_3_player2,3.0,4,2,closer_to_player2,4,"[0.5, 0.9991834554236584, 0.999997995373583, 0.9999999957745991]"
TwoStageSignalAgent_sigmoidThreshold,session_3_player1,3.0,5,1,equal_to_both,12,"[0.5, 0.9813486332362822, 0.9994605799973357, 0.999547339791508, 0.9999880038825706, 0.9999995248290887, 0.9999999563391909, 0.9999999803333262, 0.999999990703356, 0.9999999955289351, 0.9999999978334115, 0.9999999989942859]"
TwoStageSignalAgent_sigmoidThreshold,session_3_player2,3.0,5,2,equal_to_both,12,"[0.5, 0.9813486477952541, 0.9994605808846652, 0.9995473399432955, 0.9995650075310686, 0.9999925735471414, 0.9999998019472217, 0.9999998636621034, 0.9999999945517554, 0.9999999973797583, 0.9999999987302833, 0.9999999994106071]"
TwoStageSignalAgent_sigmoidThreshold,session_3_player1,3.0,6,1,equal_to_both,11,"[0.5, 0.5000005878142516, 0.9938486739464638, 0.9938930022849857, 0.999962139153466, 0.9999625271689343, 0.9999997689216683, 0.999999997540514, 0.9999999999429114, 0.9999999999723485, 0.999999999987156]"
TwoStageSignalAgent_sigmoidThreshold,session_3_player2,3.0,6,2,equal_to_both,11,"[0.5, 0.9883644138688048, 0.9997811070429636, 0.9999938204446153, 0.9999997430522884, 0.9999998621199279, 0.999999905910984, 0.9999999963242825, 0.9999999982396587, 0.9999999991474873, 0.9999999996040159]"
TwoStageSignalAgent_sigmoidThreshold,session_3_player1,3.0,8,1,equal_to_both,10,"[0.5, 0.4999986892568984, 0.9966444229061513, 0.9966595378295116, 0.9999887323152534, 0.9999888254857151, 0.9999999614282492, 0.9999999634232659, 0.9999999998525623, 0.9999999999987357]"
TwoStageSignalAgent_sigmoidThreshold,session_3_player2,3.0,8,2,equal_to_both,10,"[0.5, 0.9937677967512144, 0.9999325631268315, 0.9999347193021884, 0.999935453021676, 0.9999996022368861, 0.9999999957676543, 0.9999999967533822, 0.9999999973794614, 0.9999999999775298]"
TwoStageSignalAgent_sigmoidThreshold,session_3_player1,3.0,9,1,closer_to_player2,11,"[0.5, 0.00341148278921421, 0.24384637918261653, 0.9498196412012482, 0.9509344737832975, 0.999143031476939, 0.9999780417860007, 0.9999787185482034, 0.9999995662562204, 0.9999999856877021, 0.9999999990623492]"
TwoStageSignalAgent_sigmoidThreshold,session_3_player2,3.0,9,2,closer_to_player2,11,"[0.5, 0.9995110982722031, 0.7731323630411335, 0.9998983671825568, 0.999999916241925, 0.9999999997529866, 0.9999999999995843, 0.9999999999999987, 1.0, 1.0, 1.0]"
TwoStageSignalAgent_sigmoidThreshold,session_3_player1,3.0,10,1,closer_to_player1,6,"[0.5, 0.9976002931412868, 0.9963359631464116, 0.9999938196734895, 0.9999999809667481, 0.9999999998994872]"
TwoStageSignalAgent_sigmoidThreshold,session_3_player2,3.0,10,2,closer_to_player1,16,"[0.5, 0.016781972906651055, 0.9070488457679117, 0.9996497829954754, 0.9996484963766177, 0.9999988108105715, 0.999998819077066, 0.9999988687779889, 0.9999999973179435, 0.9999999985174659, 0.9999999999950492, 0.999999999999954, 0.9999999999844593, 0.9999999999994152, 0.9999999999999868, 0.9999999999999996]"
TwoStageSignalAgent_sigmoidThreshold,session_4_player1,4.0,1,1,closer_to_player1,10,"[0.5, 0.4114517848836211, 0.3327683792073957, 0.43471525159287955, 0.2776872630593583, 0.1611924565412069, 0.9999634564726961, 0.9999573549670686, 0.9999999998701902, 0.999999999999998]"
TwoStageSignalAgent_sigmoidThreshold,session_4_player2,4.0,1,2,closer_to_player1,8,"[0.5, 0.5027646810623244, 0.49942919722856643, 0.5058192471671609, 0.4932034154803594, 0.542541951630987, 0.5431672812544972, 0.5433883298118242]"
TwoStageSignalAgent_sigmoidThreshold,session_4_player1,4.0,3,1,closer_to_player1,9,"[0.5, 0.9996520663086502, 0.9999997043010268, 0.9999999988342564, 0.9999999993796749, 0.9999999996811872, 0.9999999999004752, 0.9999999999999097, 0.9999999999999999]"
TwoStageSignalAgent_sigmoidThreshold,session_4_player2,4.0,3,2,closer_to_player1,9,"[0.5, 0.9830615830891004, 0.999516177004051, 0.9999528246881256, 0.9999754842838344, 0.999986966454443, 0.9999929585531552, 0.9999961559096635, 0.9999978963131598]"
TwoStageSignalAgent_sigmoidThreshold,session_4_player1,4.0,4,1,closer_to_player2,9,"[0.5, 0.5034565445573281, 0.5057108350293907, 0.5065412860531192, 0.5077225179825732, 0.5146023232039857, 0.5728367931923112, 0.5763264328026908, 0.5784270683955874]"
TwoStageSignalAgent_sigmoidThreshold,session_4_player2,4.0,4,2,closer_to_player2,6,"[0.5, 0.4968327662347513, 0.3913482663100787, 0.5625963195975123, 0.7201395856936473, 0.8383216950377981]"
TwoStageSignalAgent_sigmoidThreshold,session_4_player1,4.0,7,1,closer_to_player2,9,"[0.5, 0.5035101256895487, 0.5063342604618164, 0.5134836318221352, 0.5071989427692117, 0.4922341279851043, 0.46494398056064073, 0.4193981550684729, 0.3477772309044647]"
TwoStageSignalAgent_sigmoidThreshold,session_4_player2,4.0,7,2,closer_to_player2,9,"[0.5, 0.5031672337652487, 0.6086517336899213, 0.9999013361066146, 0.9998688176320468, 0.9999999924376963, 0.999999999998626, 0.9999999999993132, 0.9999999999996592]"
TwoStageSignalAgent_sigmoidThreshold,session_4_player1,4.0,8,1,closer_to_player1,12,"[0.5, 0.002611046497610814, 4.393231958237125e-06, 0.10602523958762133, 0.9995307554043419, 0.9999999159757078, 0.9999999999710864, 0.9999999999999765, 1.0, 1.0, 1.0, 1.0]"
TwoStageSignalAgent_sigmoidThreshold,session_4_player2,4.0,8,2,closer_to_player1,8,"[0.5, 0.9895280072977496, 0.9998199710925942, 0.9999953192300775, 0.9999955255655901, 0.9999956402861366, 0.9999948533188214, 0.999999972863865]"
TwoStageSignalAgent_sigmoidThreshold,session_4_player1,4.0,9,1,equal_to_both,8,"[0.5, 0.9983486306149776, 0.9999945685984938, 0.9999999670821866, 0.9999999996553539, 0.9999999999940956, 0.9999999999997806, 0.9999999999998953]"
TwoStageSignalAgent_sigmoidThreshold,session_4_player2,4.0,9,2,equal_to_both,8,"[0.5, 0.5081044179357108, 0.6410496960167092, 0.9991407680511765, 0.9999984343269329, 0.9999999986277333, 0.9999999999976132, 0.9999999999999923]"
TwoStageSignalAgent_sigmoidThreshold,session_4_player1,4.0,11,1,closer_to_player2,16,"[0.5, 0.01674881393367037, 0.01636376990187678, 0.9526362419924179, 0.9999119277455494, 0.9999151528356603, 0.9999997983429004, 0.9999998865420285, 0.9999999990581372, 0.999999999995582, 0.9999999999999581, 0.9999999999999996, 1.0, 0.9999999999999616, 0.9999999999999987, 0.9999999999999988]"
TwoStageSignalAgent_sigmoidThreshold,session_4_player2,4.0,11,2,closer_to_player2,6,"[0.5, 0.9975943848783618, 0.9999889858023934, 0.9999999087592744, 0.9999999986611394, 0.9999999999650594]"
TwoStageSignalAgent_sigmoidThreshold,session_5_player1,5.0,0,1,closer_to_player1,9,"[0.5, 0.9995411831912121, 0.9997347224121983, 0.9999998412562893, 0.9999999997597459, 0.9999999999986446, 0.9999999999999879, 0.9999999999999999, 1.0]"
TwoStageSignalAgent_sigmoidThreshold,session_5_player2,5.0,0,2,closer_to_player1,9,"[0.5, 0.9832204403037926, 0.983623366452399, 0.9997168277622135, 0.9999926276435959, 0.9999929572570674, 0.9999998137466316, 0.9999999891715244, 0.9999999947648988]"
TwoStageSignalAgent_sigmoidThreshold,session_5_player1,5.0,1,1,closer_to_player2,12,"[0.5, 0.497181228624701, 0.9982556106312682, 0.9983259783291651, 0.9983859419820843, 0.9984348502125553, 0.9984945181070605, 0.9999997389735299, 0.9999998835713826, 0.9999999999519977, 0.9999999999999799, 1.0]"
TwoStageSignalAgent_sigmoidThreshold,session_5_player2,5.0,1,2,closer_to_player2,6,"[0.5, 0.9966249288484236, 0.9966748265836262, 0.9966859021974775, 0.9960492826897529, 0.9999984226389872]"
TwoStageSignalAgent_sigmoidThreshold,session_5_player1,5.0,2,1,closer_to_player1,10,"[0.5, 0.9991866037459625, 0.9999985772038497, 0.9999986369716984, 0.9999986725313562, 0.9999999988980157, 0.9999999992140504, 0.9999999996450376, 0.9999999999997157, 0.9999999999999993]"
TwoStageSignalAgent_sigmoidThreshold,session_5_player2,5.0,2,2,closer_to_player1,10,"[0.5, 0.5041362073748824, 0.9896902254694452, 0.9998127266693578, 0.9998692940937047, 0.9999951588115055, 0.9999951588115055, 0.999997452650502, 0.9999986537114112, 0.9999992922668239]"
TwoStageSignalAgent_sigmoidThreshold,session_5_player1,5.0,3,1,equal_to_both,10,"[0.5, 0.5005977774847729, 0.9982513951453618, 0.9999938985795939, 0.9999999601617718, 0.9999999992574674, 0.9999999992574674, 0.9999999996545874, 0.999999999900101, 0.9999999999984608]"
TwoStageSignalAgent_sigmoidThreshold,session_5_player2,5.0,3,2,equal_to_both,9,"[0.5, 0.49957914338747944, 0.9983458529533914, 0.9999945594560248, 0.9999999670268584, 0.9999999996547754, 0.9999999996607352, 0.9999999996002146, 0.9999999999987161]"
TwoStageSignalAgent_sigmoidThreshold,session_5_player1,5.0,4,1,closer_to_player2,20,"[0.5, 0.48193985737186695, 0.34805235142564134, 0.8931532234498161, 0.940350564910953, 0.9682005124660356, 0.983778083844219, 0.994615572684248, 0.2584536380855623, 0.9999261403379097, 0.9534265578535654, 0.9999987424238818, 0.9999999999493224, 0.999999999999989, 1.0, 1.0, 1.0, 1.0, 1.0, 1.0]"
TwoStageSignalAgent_sigmoidThreshold,session_5_player2,5.0,4,2,closer_to_player2,4,"[0.5, 0.9996018669491529, 0.9999996605130139, 0.9999999994223675]"
TwoStageSignalAgent_sigmoidThreshold,session_5_player1,5.0,5,1,closer_to_player1,8,"[0.5, 0.4967206486306806, 0.5720786207449953, 0.6313041264645854, 0.07133942602944778, 0.08957661087889776, 0.074749023774286, 0.13992081751889185]"
TwoStageSignalAgent_sigmoidThreshold,session_5_player2,5.0,5,2,closer_to_player1,9,"[0.5, 0.503434988107592, 0.5059054733669782, 0.5071241489529068, 0.5117868556705721, 0.5142582022924258, 0.5201669634974289, 0.47747572266455135, 0.5785109719184822]"
TwoStageSignalAgent_sigmoidThreshold,session_5_player1,5.0,6,1,closer_to_player2,8,"[0.5, 0.5045895073691407, 0.5013455414516869, 0.49619738899863486, 0.48978668201876324, 0.48281682298030265, 0.43213826989985676, 0.6070465246920819]"
TwoStageSignalAgent_sigmoidThreshold,session_5_player2,5.0,6,2,closer_to_player2,13,"[0.5, 0.4092946234962465, 0.3291385560007142, 0.9051597742021065, 0.9413234034192083, 0.8889146431255512, 0.9999807370414351, 0.9999999965531816, 0.9999999999987939, 0.9999999999991084, 0.9999999999993033, 0.9999999999999999, 1.0]"
TwoStageSignalAgent_sigmoidThreshold,session_5_player1,5.0,7,1,equal_to_both,13,"[0.5, 0.49874426813012307, 0.9894018498363687, 0.9998165832226388, 0.9999952114352045, 0.9999953951555336, 0.9999955134882661, 0.9999999236546017, 0.9999999979887149, 0.9999999998765643, 0.9999999998765642, 0.9999999999428698, 0.9999999999735444]"
TwoStageSignalAgent_sigmoidThreshold,session_5_player2,5.0,7,2,equal_to_both,12,"[0.5, 0.5120843531047984, 0.5135544165256065, 0.513668349576729, 0.9968143440298962, 0.9999802634931477, 0.9999997910742185, 0.9999997986121207, 0.9999998122275814, 0.9999999983861687, 0.9999999999694059, 0.999999999991177]"
TwoStageSignalAgent_sigmoidThreshold,session_6_player1,6.0,0,1,closer_to_player1,13,"[0.5, 0.003298659553590278, 0.9615736708970283, 0.07648399180589455, 0.9984043213756988, 0.9999994556615804, 0.9999999995657609, 0.9999999999992586, 0.9999999999999976, 1.0, 1.0, 1.0, 1.0]"
TwoStageSignalAgent_sigmoidThreshold,session_6_player2,6.0,0,2,closer_to_player1,11,"[0.5, 0.9743507319639018, 0.06599773243165005, 0.7285736361832205, 0.7225069012846671, 0.9932681423586238, 0.9933067699921876, 0.9898737458463853, 0.9999458905714566, 0.9999995386033305, 0.9999999937953014]"
TwoStageSignalAgent_sigmoidThreshold,session_6_player1,6.0,1,1,closer_to_player1,9,"[0.5, 0.5032813780599408, 0.427922900676261, 0.36869697439652765, 0.4156403005108021, 0.9999901265947816, 0.9999999998453494, 0.9999999999999918, 0.9999999999999959]"
TwoStageSignalAgent_sigmoidThreshold,session_6_player2,6.0,1,2,closer_to_player1,9,"[0.5, 0.503405636156003, 0.5056557066216236, 0.5065326912206942, 0.5068988455601549, 0.5093712151099388, 0.5152833910738815, 0.4725981937921685, 0.4012120531822744]"
TwoStageSignalAgent_sigmoidThreshold,session_6_player1,6.0,4,1,closer_to_player2,9,"[0.5, 0.5034379190782736, 0.5059016477645268, 0.507362934479881, 0.5076974372988674, 0.5060668753166055, 0.42595280793519114, 0.5975014667356506, 0.7494544052500172]"
TwoStageSignalAgent_sigmoidThreshold,session_6_player2,6.0,4,2,closer_to_player2,11,"[0.5, 0.5059831138469344, 0.6379342012092725, 0.9991384608335784, 0.9999989440433353, 0.9999999967810015, 0.9999999983903556, 0.9999999991952675, 0.999999999597717, 0.9999999997989191, 0.99999999990021]"
TwoStageSignalAgent_sigmoidThreshold,session_6_player1,6.0,6,1,equal_to_both,9,"[0.5, 0.49998708149694504, 0.9982978380033292, 0.9999942705402799, 0.9999999647437774, 0.9999999653468102, 0.9999999997864163, 0.9999999998177651, 0.9999999999988356]"
TwoStageSignalAgent_sigmoidThreshold,session_6_player2,6.0,6,2,equal_to_both,9,"[0.5, 0.996571541685273, 0.9999782726265256, 0.999979339263685, 0.9999998703907298, 0.9999999040854923, 0.9999999991646322, 0.9999999996075252, 0.9999999998888384]"
TwoStageSignalAgent_sigmoidThreshold,session_6_player1,6.0,7,1,closer_to_player2,9,"[0.5, 0.983215621863266, 0.9836357185881339, 0.9839034053571063, 0.9998273557164999, 0.9998314854827611, 0.9998332637708939, 0.9998020158812139, 0.9999996652837931]"
TwoStageSignalAgent_sigmoidThreshold,session_6_player2,6.0,7,2,closer_to_player2,11,"[0.5, 0.4996984799885625, 0.9996540099592163, 0.9999997172564884, 0.9999997333002002, 0.9999999997023784, 0.9999999999987729, 0.9999999999996384, 0.9999999999996385, 0.9999999999999983, 1.0]"
TwoStageSignalAgent_sigmoidThreshold,session_6_player1,6.0,8,1,equal_to_both,9,"[0.5, 0.5000003208885595, 0.49999239143854657, 0.49989237795029, 0.9996725559229799, 0.9999997348689543, 0.9999997920718496, 0.9999999998455879, 0.999999999999744]"
TwoStageSignalAgent_sigmoidThreshold,session_6_player2,6.0,8,2,equal_to_both,9,"[0.5, 0.9966371843345189, 0.999979174328701, 0.9999794079541543, 0.9999795781269001, 0.9999802953726102, 0.9999999635187614, 0.9999999998534455, 0.999999999998747]"
TwoStageSignalAgent_sigmoidThreshold,session_6_player1,6.0,9,1,closer_to_player1,8,"[0.5, 0.9998639166329444, 0.9999999674672891, 0.9999999999571122, 0.9999999999999635, 0.9999999999999999, 1.0, 1.0]"
TwoStageSignalAgent_sigmoidThreshold,session_6_player2,6.0,9,2,closer_to_player1,8,"[0.5, 0.5019507197680084, 0.49724855674989976, 0.9975713563861464, 0.9962917959793066, 0.9999937478224858, 0.9999999807651053, 0.9999999998977875]"
TwoStageSignalAgent_sigmoidThreshold,session_6_player1,6.0,11,1,closer_to_player2,14,"[0.5, 0.9963828521416159, 0.9974307942130669, 0.9982613614380618, 0.9999926622088829, 0.9999979165512876, 0.9999999913163801, 0.9999917988439264, 0.9999999850246182, 0.9999999999624218, 0.9999999999996435, 0.9999999999999981, 1.0, 1.0]"
TwoStageSignalAgent_sigmoidThreshold,session_6_player2,6.0,11,2,closer_to_player2,6,"[0.5, 0.996650985713761, 0.9999794729136056, 0.9999997836373136, 0.9999999968367254, 0.9999999999177078]"
TwoStageSignalAgent_sigmoidThreshold,session_7_player1,7.0,2,1,equal_to_both,13,"[0.5, 0.9828669665797526, 0.9995382619093095, 0.9999822558060394, 0.9999834840059681, 0.9999841174993617, 0.9999845256045519, 0.9999997366748098, 0.9999997454318926, 0.9999999956410539, 0.9999999998466387, 0.9999999998466388, 0.9999999999289825]"
TwoStageSignalAgent_sigmoidThreshold,session_7_player2,7.0,2,2,equal_to_both,12,"[0.5, 0.9811855241934716, 0.9994521570017519, 0.9999774300978272, 0.9999832617490635, 0.999984799492303, 0.9999855706735713, 0.9999997488763022, 0.999999820794969, 0.9999999952060683, 0.9999999978354662, 0.9999999993757667]"
TwoStageSignalAgent_sigmoidThreshold,session_7_player1,7.0,3,1,closer_to_player2,9,"[0.5, 0.9832133207086142, 0.9836377524945316, 0.983905791892463, 0.98406752638687, 0.9999010787938892, 0.9999021376157, 0.9999994791440492, 0.9999999935805534]"
TwoStageSignalAgent_sigmoidThreshold,session_7_player2,7.0,3,2,closer_to_player2,11,"[0.5, 0.003298709771688082, 0.003301936567945604, 0.0045327754707754474, 0.9917035408777628, 0.9999991713382644, 0.9999999999454419, 0.9999999999999906, 1.0, 1.0, 1.0]"
TwoStageSignalAgent_sigmoidThreshold,session_7_player1,7.0,5,1,closer_to_player1,4,"[0.5, 0.9983038568648478, 0.9999975067545546, 0.9999999947415005]"
TwoStageSignalAgent_sigmoidThreshold,session_7_player2,7.0,5,2,closer_to_player1,16,"[0.5, 0.36910941268542297, 0.5245750848174363, 0.6806225515851358, 0.8093945131825665, 0.9285056150491809, 0.999994040839347, 0.9999999994661004, 0.999999999999908, 1.0, 1.0, 0.9999999999999921, 0.9999999999996394, 0.9999999999995036, 0.9999999999999996, 1.0]"
TwoStageSignalAgent_sigmoidThreshold,session_7_player1,7.0,7,1,closer_to_player2,9,"[0.5, 0.5034958277930387, 0.5049739073481401, 0.5069839276703605, 0.5170082436296499, 0.43517959279461915, 0.5600225225768626, 0.9970663592278192, 0.9976008916906184]"
TwoStageSignalAgent_sigmoidThreshold,session_7_player2,7.0,7,2,closer_to_player2,9,"[0.5, 0.5719260309789213, 0.6616736490551087, 0.9861393973061834, 0.9904894270984648, 0.9947177382238921, 1.0, 1.0, 1.0]"
TwoStageSignalAgent_sigmoidThreshold,session_7_player1,7.0,8,1,equal_to_both,12,"[0.5, 0.006145823353046382, 0.006101596006190335, 0.006074187250497712, 0.8845425293368038, 0.8845392900021743, 0.8844984260362747, 0.8841459569045912, 0.9999860288070338, 0.999999995825459, 0.9999999999968999, 0.9999999999999949]"
TwoStageSignalAgent_sigmoidThreshold,session_7_player2,7.0,8,2,equal_to_both,10,"[0.5, 0.9937635351582704, 0.9938603441112864, 0.9999618716321222, 0.9999622996417636, 0.9999626112468584, 0.9999998708965008, 0.9999998774917368, 0.9999999172867996, 0.9999999998628708]"
TwoStageSignalAgent_sigmoidThreshold,session_7_player1,7.0,9,1,closer_to_player1,9,"[0.5, 0.9995486742135054, 0.9999995138769099, 0.9999999987721953, 0.9999999999957424, 0.9999999999999726, 0.9999999999999996, 1.0, 1.0]"
TwoStageSignalAgent_sigmoidThreshold,session_7_player2,7.0,9,2,closer_to_player1,9,"[0.5, 0.502982346273135, 0.989997230546011, 0.9899199060134324, 0.9999231347441858, 0.9999990320749078, 0.9999999802852187, 0.9999999773364755, 0.9999999997023744]"
TwoStageSignalAgent_sigmoidThreshold,session_7_player1,7.0,10,1,closer_to_player2,8,"[0.5, 0.989562293462643, 0.9897254419413347, 0.999892261138128, 0.999998180997764, 0.9999999527110423, 0.9999999978500019, 0.9999999989831508]"
TwoStageSignalAgent_sigmoidThreshold,session_7_player2,7.0,10,2,closer_to_player2,8,"[0.5, 0.9997861457399692, 0.9999996774626777, 0.9999999996186618, 0.9999999999993368, 0.9999999999999977, 1.0, 1.0]"
TwoStageSignalAgent_sigmoidThreshold,session_7_player1,7.0,11,1,closer_to_player1,9,"[0.5, 0.9995197591310941, 0.9999995956446478, 0.9999997154708561, 0.9999997961168307, 0.9999998489792604, 0.9999998824472186, 0.99999999999229, 0.99999999999742]"
TwoStageSignalAgent_sigmoidThreshold,session_7_player2,7.0,11,2,closer_to_player1,9,"[0.5, 0.5033937480816962, 0.5053441369330522, 0.5006417955558438, 0.5839050101185962, 0.47725464780797716, 0.6463633000824938, 0.7876983862762754, 0.9172706805482038]"
TwoStageSignalAgent_sigmoidThreshold,session_8_player1,8.0,0,1,equal_to_both,11,"[0.5, 0.5000003248515852, 0.9938488346004664, 0.9938934689089123, 0.9999620987162534, 0.9999995992121654, 0.9999996075187804, 0.9999996287346672, 0.9999999975048566, 0.9999999999686625, 0.9999999999817235]"
TwoStageSignalAgent_sigmoidThreshold,session_8_player2,8.0,0,2,equal_to_both,11,"[0.5, 0.4999819658163446, 0.49998080322274313, 0.4999799307601382, 0.49997519910170535, 0.49994261655484035, 0.9997007404646495, 0.9999997775652792, 0.9999999996311801, 0.9999999999987609, 0.9999999999999922]"
TwoStageSignalAgent_sigmoidThreshold,session_8_player1,8.0,1,1,closer_to_player1,9,"[0.5, 0.999540207856295, 0.9999994938665606, 0.9999999987692249, 0.9999999999907578, 0.9999999999973908, 0.9999999999999787, 0.9999999999999999, 1.0]"
TwoStageSignalAgent_sigmoidThreshold,session_8_player2,8.0,1,2,closer_to_player1,9,"[0.5, 0.5033920318505734, 0.5053345730827745, 0.994150311034342, 0.9999389288344979, 0.999998968931487, 0.9999999731944762, 0.9999999987812497, 0.9999999994235861]"
TwoStageSignalAgent_sigmoidThreshold,session_8_player1,8.0,2,1,closer_to_player2,12,"[0.5, 0.9965941820877694, 0.9965798367677419, 0.996576146401782, 0.9966795844671613, 0.998075764723585, 0.9999970820782073, 0.9999999968534267, 0.9999999999917815, 0.9999999999999776, 0.9999999999999998, 1.0]"
TwoStageSignalAgent_sigmoidThreshold,session_8_player2,8.0,2,2,closer_to_player2,8,"[0.5, 0.00045878859472070737, 0.00026552578135786867, 0.39968885442199403, 0.9987202513766313, 0.9999978443498698, 0.9999999933554374, 0.9999999999648829]"
TwoStageSignalAgent_sigmoidThreshold,session_8_player1,8.0,3,1,closer_to_player2,9,"[0.5, 0.9832156218015479, 0.9995544964125817, 0.9999822117154799, 0.999997885784869, 0.9999989712474593, 0.9999994893787806, 0.9999997426334912, 0.9999998691663888]"
TwoStageSignalAgent_sigmoidThreshold,session_8_player2,8.0,3,2,closer_to_player2,10,"[0.5, 0.9996544229769581, 0.9999997175922074, 0.9999997336191663, 0.999999848457399, 0.9999999997725306, 0.9999999999997503, 0.9999999999999992, 0.9999999999999992, 1.0]"
TwoStageSignalAgent_sigmoidThreshold,session_8_player1,8.0,5,1,equal_to_both,8,"[0.5, 0.49950907446203446, 0.4932783143625455, 0.9997504744712038, 0.9996151086432853, 0.999999933763366, 0.9999999999730751, 0.9999999999999764]"
TwoStageSignalAgent_sigmoidThreshold,session_8_player2,8.0,5,2,equal_to_both,8,"[0.5, 0.5005766235768093, 0.9991885387639526, 0.9999985549623561, 0.9999999924651437, 0.9999999964222552, 0.9999999989926714, 0.9999999999958108]"
TwoStageSignalAgent_sigmoidThreshold,session_8_player1,8.0,6,1,closer_to_player2,9,"[0.5, 0.5024581174307898, 0.9896192731354052, 0.9998213938742876, 0.9998284506374244, 0.9998324631457973, 0.9998341684502138, 0.9999991254311427, 0.9999991301159111]"
TwoStageSignalAgent_sigmoidThreshold,session_8_player2,8.0,6,2,closer_to_player2,9,"[0.5, 0.9995200096160395, 0.999643225757445, 0.9999998277979472, 0.9999999996899253, 0.9999999999157685, 0.9999999999998413, 0.9999999999999998, 1.0]"
TwoStageSignalAgent_sigmoidThreshold,session_8_player1,8.0,8,1,closer_to_player1,9,"[0.5, 0.6226227087919332, 0.9996817339798126, 0.9999998576995769, 0.9999999998466087, 0.9999999999995992, 0.999999999999998, 1.0, 1.0]"
TwoStageSignalAgent_sigmoidThreshold,session_8_player2,8.0,8,2,closer_to_player1,9,"[0.5, 0.9832180419810456, 0.9995556168225304, 0.9995725617700084, 0.9999888843266226, 0.9999893749062942, 0.9999896474720559, 0.9999998491326881, 0.9999998523358692]"
TwoStageSignalAgent_sigmoidThreshold,session_9_player1,9.0,0,1,equal_to_both,9,"[0.5, 0.9966463692216511, 0.996658006675817, 0.9999889893578138, 0.9999888833745585, 0.999982984370359, 0.9999999850858611, 0.9999999999740622, 0.999999999999917]"
TwoStageSignalAgent_sigmoidThreshold,session_9_player2,9.0,0,2,equal_to_both,9,"[0.5, 0.5004273815461707, 0.9982504259936443, 0.9999938967631283, 0.9999942961486428, 0.9999999730600176, 0.9999999996808469, 0.9999999999084888, 0.9999999999986621]"
TwoStageSignalAgent_sigmoidThreshold,session_9_player1,9.0,2,1,closer_to_player2,9,"[0.5, 0.503510125689062, 0.5051564962007458, 0.5059869687676678, 0.506321496785945, 0.5087272239965906, 0.5150829007140065, 0.4689300655368702, 0.5783918654384778]"
TwoStageSignalAgent_sigmoidThreshold,session_9_player2,9.0,2,2,closer_to_player2,9,"[0.5, 0.33335356531476695, 0.9989507550740353, 0.9999994750311066, 0.9999999992911738, 0.9999999996456264, 0.9999999998228498, 0.9999999999114517, 0.9999999999560563]"
TwoStageSignalAgent_sigmoidThreshold,session_9_player1,9.0,5,1,closer_to_player1,11,"[0.5, 0.49766971426358914, 0.496406720914371, 0.9996505687368782, 0.9999997156286913, 0.9999999995014237, 0.9999999999982654, 0.9999999999999888, 0.9999999999999999, 0.9999999999999999, 1.0]"
TwoStageSignalAgent_sigmoidThreshold,session_9_player2,9.0,5,2,closer_to_player1,9,"[0.5, 0.9832071001200399, 0.9836363762099516, 0.9997168295102741, 0.999992526751584, 0.9999995738113824, 0.9999997986036594, 0.999999903315973, 0.9999999531723811]"
TwoStageSignalAgent_sigmoidThreshold,session_9_player1,9.0,6,1,closer_to_player1,15,"[0.5, 0.0032999472168841696, 2.0215297904999943e-05, 2.0000076561152903e-05, 2.3750892972121056e-05, 0.7714188169497717, 0.999995357361817, 0.9999999997864571, 0.9999999999999534, 1.0, 1.0, 0.9999999999999998, 1.0, 1.0, 1.0]"
TwoStageSignalAgent_sigmoidThreshold,session_9_player2,9.0,6,2,closer_to_player1,9,"[0.5, 0.9831463290877871, 0.9995514089021459, 0.9999825332653351, 0.9999880600896678, 0.9999913670196436, 0.9999933376491077, 0.9999943335803296, 0.9999943639372125]"
TwoStageSignalAgent_sigmoidThreshold,session_9_player1,9.0,7,1,closer_to_player2,20,"[0.5, 0.5093972374190608, 0.011509909903964624, 0.933024644395045, 0.9354110417117518, 0.9376856430944498, 0.9999764409123457, 0.9999999667998253, 0.9999912053632785, 0.999993856873031, 0.9999957417931998, 0.9883502744066304, 0.9917276078806648, 0.9991081736467997, 0.999368712138981, 0.9999999770897017, 0.9999999999987194, 0.9999999999999997, 1.0, 1.0]"
TwoStageSignalAgent_sigmoidThreshold,session_9_player2,9.0,7,2,closer_to_player2,4,"[0.5, 0.33765864003003154, 0.9995220651377706, 0.9999998049903259]"
TwoStageSignalAgent_sigmoidThreshold,session_9_player1,9.0,9,1,equal_to_both,11,"[0.5, 0.9893247864004746, 0.9998126603687639, 0.9999950361668053, 0.9999953444428424, 0.999995474281309, 0.9999999227134378, 0.9999999256483791, 0.9999999986698201, 0.9999999999534084, 0.999999999979588]"
TwoStageSignalAgent_sigmoidThreshold,session_9_player2,9.0,9,2,equal_to_both,11,"[0.5, 0.9894602933839759, 0.9895745779544891, 0.9998885971366225, 0.9998903257161772, 0.9998917060813105, 0.9998956378370144, 0.9999996373652343, 0.9999999975624816, 0.9999999983299978, 0.9999999999895682]"
TwoStageSignalAgent_sigmoidThreshold,session_9_player1,9.0,10,1,closer_to_player1,9,"[0.5, 0.49533323854916655, 0.4970341040414214, 0.5781988067844972, 0.40660068182062514, 0.25388144265395474, 1.0, 1.0, 1.0]"
TwoStageSignalAgent_sigmoidThreshold,session_9_player2,9.0,10,2,closer_to_player1,9,"[0.5, 0.5035280601032653, 0.5058034072614678, 0.5076308897625699, 0.5140248822407364, 0.5429604500710853, 0.5444721348817609, 0.5450970454890979, 0.5453179419951512]"
TwoStageSignalAgent_sigmoidThreshold,session_9_player1,9.0,11,1,closer_to_player2,10,"[0.5, 0.9824136426162635, 0.9995103622483251, 0.9999800088065242, 0.9999980856481635, 0.9999992601764996, 0.9999996459261904, 0.9999998264162453, 0.9999998264162453, 0.9999999146981663]"
TwoStageSignalAgent_sigmoidThreshold,session_9_player2,9.0,11,2,closer_to_player2,9,"[0.5, 0.9996549820872364, 0.9996628959597165, 0.999999845690076, 0.9999999108255735, 0.9999999998642136, 0.999999999999778, 0.9999999999999998, 1.0]"
TwoStageSignalAgent_sigmoidThreshold,session_10_player1,10.0,3,1,closer_to_player1,10,"[0.5, 0.6228994970514786, 0.9998707624896094, 0.9999999226622661, 0.9999999997127518, 0.9999999999992606, 0.9999999999999973, 1.0, 1.0, 1.0]"
TwoStageSignalAgent_sigmoidThreshold,session_10_player2,10.0,3,2,closer_to_player1,11,"[0.5, 0.5033919412288168, 0.5053425350889935, 0.5006406054151624, 0.9976039308657452, 0.06661743986279904, 0.9673626348069827, 0.9998462472102443, 0.9997898713341361, 0.999999353386634, 0.9999999965638705]"
TwoStageSignalAgent_sigmoidThreshold,session_10_player1,10.0,4,1,closer_to_player1,9,"[0.5, 0.9995416460466946, 0.9999994571076236, 0.9999999990429161, 0.9999999999968282, 0.9999999999999803, 0.9999999999999997, 1.0, 1.0]"
TwoStageSignalAgent_sigmoidThreshold,session_10_player2,10.0,4,2,closer_to_player1,9,"[0.5, 0.9832483077235284, 0.9995571745318461, 0.9999832479625591, 0.9999991175139492, 0.9999999361577412, 0.9999999548794003, 0.9999999952325873, 0.9999999978288109]"
TwoStageSignalAgent_sigmoidThreshold,session_10_player1,10.0,5,1,equal_to_both,10,"[0.5, 0.49999876993816034, 0.9966408570390748, 0.9966560654938029, 0.999988709710858, 0.9999999303791226, 0.9999999317853416, 0.9999999995631591, 0.9999999999942805, 0.9999999999973432]"
TwoStageSignalAgent_sigmoidThreshold,session_10_player2,10.0,5,2,equal_to_both,10,"[0.5, 0.49999859211647024, 0.49999881376679867, 0.49999087987482066, 0.9992062183175532, 0.9992203027274571, 0.9993042294744873, 0.9999997919645348, 0.9999999998455082, 0.9999999999997439]"
TwoStageSignalAgent_sigmoidThreshold,session_10_player1,10.0,6,1,closer_to_player2,9,"[0.5, 0.9832244781979722, 0.9836258226035494, 0.9838803329210758, 0.9998299716247104, 0.9998315884494748, 0.9997687972630064, 0.9999992871946582, 0.9999999962324598]"
TwoStageSignalAgent_sigmoidThreshold,session_10_player2,10.0,6,2,closer_to_player2,9,"[0.5, 0.9995403277262406, 0.9999994944907202, 0.9999999987978694, 0.9999999999942606, 0.9999999999975693, 0.9999999999999685, 0.9999999999999998, 1.0]"
TwoStageSignalAgent_sigmoidThreshold,session_10_player1,10.0,7,1,equal_to_both,11,"[0.5, 0.9894545404635652, 0.9998175070863743, 0.9998217882293208, 0.9999969635315343, 0.999997041555135, 0.9999970914601469, 0.9999971106895224, 0.9999999854946566, 0.9999999837238436, 0.9999999999300666]"
TwoStageSignalAgent_sigmoidThreshold,session_10_player2,10.0,7,2,equal_to_both,11,"[0.5, 0.9892761997716958, 0.9998109574486338, 0.999994970686261, 0.999995432734265, 0.9999956644518765, 0.999995820874927, 0.9999961034167664, 0.9999999665102497, 0.9999999993651214, 0.9999999998169063]"
TwoStageSignalAgent_sigmoidThreshold,session_10_player1,10.0,9,1,closer_to_player2,14,"[0.5, 0.48700900629461197, 0.4928871535001053, 0.6257380750909407, 0.4553490104533522, 0.9993721665155055, 0.9999996860078232, 0.9999997697392421, 0.9999999998779195, 0.9999999999389725, 0.9999999988317452, 0.9999999994159935, 0.9999999997080847, 0.9999999998551318]"
TwoStageSignalAgent_sigmoidThreshold,session_10_player2,10.0,9,2,closer_to_player2,4,"[0.5, 0.5609198922146542, 0.5128889858065487, 0.6796593231133782]"
TwoStageSignalAgent_sigmoidThreshold,session_10_player1,10.0,10,1,closer_to_player2,9,"[0.5, 0.5038004869736982, 0.5062193350599509, 0.9940281407692387, 0.9999356642465937, 0.9999983308113448, 0.999999184682113, 0.9999995984547406, 0.9999998011938619]"
TwoStageSignalAgent_sigmoidThreshold,session_10_player2,10.0,10,2,closer_to_player2,9,"[0.5, 0.9996535466596148, 0.9996554118874095, 0.9999998811015606, 0.9999999999016775, 0.9999999999286455, 0.9999999999673453, 0.9999999999999574, 1.0]"
TwoStageSignalAgent_sigmoidThreshold,session_10_player1,10.0,11,1,closer_to_player1,6,"[0.5, 0.5837159019270735, 0.6552842506385776, 0.5773695749812582, 0.7321055861752459, 0.846303831791953]"
TwoStageSignalAgent_sigmoidThreshold,session_10_player2,10.0,11,2,closer_to_player1,9,"[0.5, 0.5034887604924111, 0.506303113315551, 0.5023708938122755, 0.5094302471969813, 0.49445862126818835, 0.46714993131526017, 0.421547604112335, 0.531037857321861]"
TwoStageSignalAgent_sigmoidThreshold,session_11_player1,11.0,0,1,closer_to_player1,5,"[0.5, 0.5068897955599817, 0.5652742042228266, 0.5687793487948537, 0.5708895449942656]"
TwoStageSignalAgent_sigmoidThreshold,session_11_player2,11.0,0,2,closer_to_player1,11,"[0.5, 0.5058803206425525, 0.6378285179135847, 0.46826637444090186, 0.3056864182961074, 0.18038840505559187, 0.09910877271864682, 0.051769039167879324, 1.0, 1.0, 1.0]"
TwoStageSignalAgent_sigmoidThreshold,session_11_player1,11.0,1,1,closer_to_player2,5,"[0.5, 0.6671201038348924, 0.8042505620697623, 0.9315189173246504, 0.9999806904066528]"
TwoStageSignalAgent_sigmoidThreshold,session_11_player2,11.0,1,2,closer_to_player2,5,"[0.5, 0.9999973621793183, 0.9999999999677724, 0.9999999999999984, 1.0]"
TwoStageSignalAgent_sigmoidThreshold,session_11_player1,11.0,2,1,closer_to_player1,6,"[0.5, 0.9966967418346309, 0.9967012504172423, 0.9956411158745258, 0.9999948153209524, 0.999999987844256]"
TwoStageSignalAgent_sigmoidThreshold,session_11_player2,11.0,2,2,closer_to_player1,12,"[0.5, 0.9965921455646564, 0.999978719403755, 0.9999788244413367, 0.9999998692804912, 0.9999999986182888, 0.9999999986726509, 0.9999999987102837, 0.9999999987850321, 0.9999999993168953, 0.9999999999932268, 0.9999999999999841]"
TwoStageSignalAgent_sigmoidThreshold,session_11_player1,11.0,5,1,equal_to_both,10,"[0.5, 0.49999876993816034, 0.9966408570390748, 0.9999792300281373, 0.9999794437679359, 0.9999796126150543, 0.999999929604138, 0.9999999995491908, 0.9999999996337379, 0.9999999997916934]"
TwoStageSignalAgent_sigmoidThreshold,session_11_player2,11.0,5,2,equal_to_both,10,"[0.5, 0.9938430428582631, 0.9938900090721148, 0.9999621173012087, 0.9999625071367896, 0.9999628150946538, 0.9999998716016147, 0.9999999991777474, 0.9999999999892342, 0.9999999999949992]"
TwoStageSignalAgent_sigmoidThreshold,session_11_player1,11.0,6,1,closer_to_player1,6,"[0.5, 0.49678002906198354, 0.5721346904012593, 0.631356281817639, 0.5844165127562846, 0.7390258530432219]"
TwoStageSignalAgent_sigmoidThreshold,session_11_player2,11.0,6,2,closer_to_player1,9,"[0.5, 0.5033991647734822, 0.5058729101541082, 0.5073396519203734, 0.508487640948547, 0.5147577488818992, 0.5638536795806742, 0.5644732702109378, 0.5646922716506289]"
TwoStageSignalAgent_sigmoidThreshold,session_11_player1,11.0,7,1,closer_to_player2,9,"[0.5, 0.5051064338518322, 0.9897398354129386, 0.9901461791168317, 0.9903955625280374, 0.9999392886987554, 0.9999531043619515, 0.9999995820604617, 0.9999997903994934]"
TwoStageSignalAgent_sigmoidThreshold,session_11_player2,11.0,7,2,closer_to_player2,10,"[0.5, 0.49850557111377325, 0.49774061035524897, 0.9998672863813824, 0.9999999543239996, 0.9999999999628507, 0.9999999999643526, 0.9999999999794067, 0.9999999999999628, 1.0]"
TwoStageSignalAgent_sigmoidThreshold,session_11_player1,11.0,8,1,closer_to_player2,11,"[0.5, 0.5030204853231032, 0.5131556598624561, 0.5083695861430021, 0.5917474583412398, 0.48454571310594424, 0.6528267169669807, 0.7899970053411176, 0.8833855452950112, 1.2063354741839016e-28, 1.8119599598043675e-28]"
TwoStageSignalAgent_sigmoidThreshold,session_11_player2,11.0,8,2,closer_to_player2,4,"[0.5, 0.5615953485688324, 0.6028415701217291, 0.6951165264312882]"
TwoStageSignalAgent_sigmoidThreshold,session_11_player1,11.0,9,1,equal_to_both,6,"[0.5, 0.998466540869206, 0.9999972038906155, 0.9999999975492893, 0.9999999999957376, 0.9999999999999863]"
TwoStageSignalAgent_sigmoidThreshold,session_11_player2,11.0,9,2,equal_to_both,6,"[0.5, 0.9998277244458105, 0.9999999299179743, 0.9999999999385752, 0.9999999999998932, 0.9999999999999997]"
TwoStageSignalAgent_sigmoidThreshold,session_11_player1,11.0,10,1,equal_to_both,2,"[0.5, 0.6660437998490255]"
TwoStageSignalAgent_sigmoidThreshold,session_11_player2,11.0,10,2,equal_to_both,2,"[0.5, 0.9999928786370782]"
TwoStageSignalAgent_sigmoidThreshold,session_12_player1,12.0,0,1,closer_to_player2,10,"[0.5, 0.9831686971230948, 0.9840865209403722, 0.9997120630474947, 0.9997996831588619, 0.9998546193263794, 0.999997294706021, 0.9999986230269845, 0.9999986230269846, 0.9999993094350614]"
TwoStageSignalAgent_sigmoidThreshold,session_12_player2,12.0,0,2,closer_to_player2,9,"[0.5, 0.999659323146927, 0.999659190243736, 0.999999882671464, 0.9999999999045648, 0.9999999999998309, 0.9999999999999991, 0.9999999999999996, 0.9999999999999999]"
TwoStageSignalAgent_sigmoidThreshold,session_12_player1,12.0,1,1,closer_to_player1,9,"[0.5, 0.4952671790418303, 0.49699685670381544, 0.5781649444972543, 0.9999729587369549, 0.9999656578573408, 0.9999999994620737, 0.9999999995390413, 0.9999999996129165]"
TwoStageSignalAgent_sigmoidThreshold,session_12_player2,12.0,1,2,closer_to_player1,9,"[0.5, 0.5034349881026393, 0.505905473366918, 0.5071241489520503, 0.5039068374858175, 0.5790984098914742, 0.6379660081519113, 0.5913231064265845, 0.7444863838346775]"
TwoStageSignalAgent_sigmoidThreshold,session_12_player1,12.0,3,1,closer_to_player1,7,"[0.5, 0.9999536316073743, 0.999999995594222, 0.9999999999965822, 0.9999999999999981, 1.0, 1.0]"
TwoStageSignalAgent_sigmoidThreshold,session_12_player2,12.0,3,2,closer_to_player1,9,"[0.5, 0.4924575727262725, 0.35584787485985747, 0.525925669725679, 0.6981441876245509, 0.8910630581401017, 0.999769380950702, 0.9999996998337181, 0.999999999447924]"
TwoStageSignalAgent_sigmoidThreshold,session_12_player1,12.0,5,1,closer_to_player2,9,"[0.5, 0.5034054122685274, 0.5055975349923184, 0.5068162273698631, 0.5114790411299107, 0.509779830155861, 0.5711630224802848, 0.5223572474977899, 0.6877174746588882]"
TwoStageSignalAgent_sigmoidThreshold,session_12_player2,12.0,5,2,closer_to_player2,9,"[0.5, 0.41636256094873736, 0.5238141301713726, 0.9998597716906754, 0.99981326390411, 0.9997628571883391, 0.9997232718064494, 0.9999999991574529, 0.999999999999987]"
TwoStageSignalAgent_sigmoidThreshold,session_12_player1,12.0,6,1,equal_to_both,10,"[0.5, 0.9938484357228492, 0.9999345461063608, 0.9999356085534288, 0.9999993205046439, 0.9999999882663275, 0.9999999995392145, 0.9999999997785202, 0.999999999892261, 0.9999999999472613]"
TwoStageSignalAgent_sigmoidThreshold,session_12_player2,12.0,6,2,equal_to_both,10,"[0.5, 0.9928571067820136, 0.9999120870733732, 0.999998249762385, 0.9999999187880434, 0.999999970928265, 0.9999999862646286, 0.9999999932898966, 0.99999999684744, 0.9999999991070924]"
TwoStageSignalAgent_sigmoidThreshold,session_12_player1,12.0,8,1,closer_to_player2,6,"[0.5, 0.9934633352883613, 0.9951093611966044, 0.9999571203905046, 0.9999784888964187, 0.9999891832852105]"
TwoStageSignalAgent_sigmoidThreshold,session_12_player2,12.0,8,2,closer_to_player2,14,"[0.5, 0.001756991742282056, 0.9911582425780608, 0.999999585913934, 0.999999710844135, 0.9999999999733434, 0.9999999999913317, 0.9999999999999993, 1.0, 0.9999999999999853, 1.0, 0.9999999999999999, 0.9999999999999999, 1.0]"
TwoStageSignalAgent_sigmoidThreshold,session_12_player1,12.0,9,1,equal_to_both,10,"[0.5, 0.4999988374069605, 0.49999796494726695, 0.4999932333080798, 0.499960650921758, 0.9997007620452376, 0.9999997775813244, 0.9999999996312068, 0.999999999998761, 0.9999999999999922]"
TwoStageSignalAgent_sigmoidThreshold,session_12_player2,12.0,9,2,equal_to_both,10,"[0.5, 0.5000000121214523, 0.4999995653903674, 0.998301377821224, 0.998332318776104, 0.9984394005918972, 0.9999988385676597, 0.9999999980742228, 0.9999999999935301, 0.9999999999999597]"
TwoStageSignalAgent_sigmoidThreshold,session_12_player1,12.0,10,1,closer_to_player1,4,"[0.5, 0.41922366801843536, 0.9994493713887647, 0.99999953075439]"
TwoStageSignalAgent_sigmoidThreshold,session_12_player2,12.0,10,2,closer_to_player1,14,"[0.5, 0.4816023039655629, 0.5650011482802367, 0.6516386547686427, 0.43698221496530276, 0.991471521595165, 0.9961180670399216, 0.9999995804563004, 0.9999990151132162, 0.9999999999717296, 0.9999999999999981, 1.0, 1.0, 1.0]"
TwoStageSignalAgent_sigmoidThreshold,session_13_player1,13.0,0,1,closer_to_player1,5,"[0.5, 0.9983091998720768, 0.9999943104717711, 0.9999999581681401, 0.9999999793034384]"
TwoStageSignalAgent_sigmoidThreshold,session_13_player2,13.0,0,2,closer_to_player1,12,"[0.5, 0.4979693313215999, 0.4871084446243782, 0.5027908051118867, 0.4097347148430537, 0.60423842311751, 0.9999293036468491, 0.999842065601932, 0.9999999954775838, 0.9999999999997025, 1.0, 1.0]"
TwoStageSignalAgent_sigmoidThreshold,session_13_player1,13.0,2,1,equal_to_both,12,"[0.5, 0.9828003118701857, 0.9832178800506817, 0.9834088641520278, 0.9998215867004487, 0.99999695942482, 0.9999999208659098, 0.9999999250202656, 0.9999999980290181, 0.9999999985217133, 0.9999999999517222, 0.9999999999782003]"
TwoStageSignalAgent_sigmoidThreshold,session_13_player2,13.0,2,2,equal_to_both,14,"[0.5, 0.4999732275664491, 0.9894477611843578, 0.9895686115668267, 0.9998885164989804, 0.9998902540512027, 0.9998916353496875, 0.9998955659394064, 0.999999637142557, 0.9999999975613629, 0.9999999999693723, 0.9999997705180267, 0.9999999925055889, 0.9999999966159258]"
TwoStageSignalAgent_sigmoidThreshold,session_13_player1,13.0,3,1,equal_to_both,11,"[0.5, 0.5000017656783798, 0.993848702338665, 0.9999345418041208, 0.9999355621434367, 0.9999993186001046, 0.9999993327333889, 0.9999999926938657, 0.9999999998692921, 0.999999999897326, 0.999999999997428]"
TwoStageSignalAgent_sigmoidThreshold,session_13_player2,13.0,3,2,equal_to_both,11,"[0.5, 0.9894489870619234, 0.9895701120504736, 0.9998885366948401, 0.9998902743422936, 0.999891655802444, 0.9998955894116058, 0.9999097077111566, 0.9999998502738878, 0.9999999994969601, 0.9999999999968577]"
TwoStageSignalAgent_sigmoidThreshold,session_13_player1,13.0,6,1,closer_to_player2,9,"[0.5, 0.5034075792957244, 0.5056000393404118, 0.5070654130068659, 0.5082130758097252, 0.5029611239225474, 0.5088760701177566, 0.5821358152017987, 0.5823525067012191]"
TwoStageSignalAgent_sigmoidThreshold,session_13_player2,13.0,6,2,closer_to_player2,11,"[0.5, 0.5046596592486855, 0.4292150177039455, 0.5106326549153016, 0.9522377383404597, 0.9999922622792434, 0.9999999985934509, 0.999999999999252, 0.9999999999996261, 0.9999999999998131, 0.9999999999999072]"
TwoStageSignalAgent_sigmoidThreshold,session_13_player1,13.0,7,1,closer_to_player2,12,"[0.5, 0.6462016826281927, 0.7750048367229616, 0.8693258638462832, 0.9298286011932632, 0.9758227214366795, 0.9999980925336871, 0.9999999998292781, 0.9999999999999706, 1.0, 1.0, 1.0]"
TwoStageSignalAgent_sigmoidThreshold,session_13_player2,13.0,7,2,closer_to_player2,4,"[0.5, 0.998268357525281, 0.9999973770970814, 0.9999999944713772]"
TwoStageSignalAgent_sigmoidThreshold,session_13_player1,13.0,9,1,closer_to_player2,9,"[0.5, 0.5035278621739877, 0.5058066748069104, 0.50768408031694, 0.5147445015585769, 0.4997792134797132, 0.4724598256285147, 0.4267649899642605, 0.5363241472023095]"
TwoStageSignalAgent_sigmoidThreshold,session_13_player2,13.0,9,2,closer_to_player2,9,"[0.5, 0.503120715414472, 0.4282453419666548, 0.5084087659923483, 0.9999643940975586, 0.9999548829447621, 0.999947520128209, 0.9999371085423638, 1.0]"
TwoStageSignalAgent_sigmoidThreshold,session_13_player1,13.0,11,1,closer_to_player1,9,"[0.5, 0.9995306445817583, 0.9999994715788277, 0.9999999987114967, 0.9999999993191065, 0.9999999999977156, 0.999999999999971, 0.9999999999999998, 1.0]"
TwoStageSignalAgent_sigmoidThreshold,session_13_player2,13.0,11,2,closer_to_player1,9,"[0.5, 0.983224721375633, 0.9836260484884333, 0.9838809785806595, 0.9998299154438733, 0.9998315947876082, 0.9999986083345619, 0.9999999795038292, 0.9999999993642931]"
TwoStageSignalAgent_sigmoidThreshold,session_14_player1,14.0,0,1,closer_to_player2,9,"[0.5, 0.503028306658512, 0.49714489033808484, 0.5855021817368659, 0.6641090821715147, 0.7279132684319782, 0.654698990267931, 0.7937646456142599, 0.9200177651823148]"
TwoStageSignalAgent_sigmoidThreshold,session_14_player2,14.0,0,2,closer_to_player2,9,"[0.5, 0.9995104242618179, 0.9999995870131752, 0.9999997093712166, 0.9999997917356935, 0.9999999998914073, 0.9999999999457574, 0.9999999999732788, 0.999999999991059]"
TwoStageSignalAgent_sigmoidThreshold,session_14_player1,14.0,3,1,closer_to_player2,9,"[0.5, 0.5041362073957536, 0.5065819238224267, 0.5080101318629336, 0.9967532908011865, 0.999979419276581, 0.9999995854811864, 0.9999997809246899, 0.9999998848339196]"
TwoStageSignalAgent_sigmoidThreshold,session_14_player2,14.0,3,2,closer_to_player2,9,"[0.5, 0.49924863896071053, 0.9998679511369541, 0.9998699757316413, 0.9999154466837245, 0.9999999869437534, 0.9999999999967776, 0.9999999999999994, 1.0]"
TwoStageSignalAgent_sigmoidThreshold,session_14_player1,14.0,4,1,closer_to_player2,16,"[0.5, 0.9965888979788432, 0.7561756970087465, 0.7539667003024542, 0.9994222540235392, 0.9994446610205968, 0.9999986773592539, 0.9999992780820993, 0.9999999975459903, 0.999999999971236, 0.9999999999996204, 0.9999999999999969, 0.9999999999984928, 0.9999999999999672, 0.9999999999999621, 0.9999999999999996]"
TwoStageSignalAgent_sigmoidThreshold,session_14_player2,14.0,4,2,closer_to_player2,8,"[0.5, 0.0006004423857474695, 0.41210592251320927, 0.997603423298431, 0.9999925983339188, 0.9999999609325124, 0.9999999996672737, 0.9999999999956697]"
TwoStageSignalAgent_sigmoidThreshold,session_14_player1,14.0,6,1,equal_to_both,9,"[0.5, 8.791656208795188e-05, 0.3677611441113682, 0.9996949147190971, 0.9999998950361839, 0.9931227527834936, 0.9999976124764067, 0.9999999983707807, 0.9999999999972059]"
TwoStageSignalAgent_sigmoidThreshold,session_14_player2,14.0,6,2,equal_to_both,11,"[0.5, 0.9999106114257869, 0.430047159564658, 0.00024734040704419525, 1.8768568540549648e-07, 0.007195721441507595, 0.987440729402877, 0.9999988629652967, 0.9999999998040224, 0.999999999999922, 0.9999999999999999]"
TwoStageSignalAgent_sigmoidThreshold,session_14_player1,14.0,7,1,equal_to_both,11,"[0.5, 0.9938385589655946, 0.9999343043322579, 0.9999354840512408, 0.9999363540289891, 0.9999995921367498, 0.9999999954585145, 0.9999999998785103, 0.9999999999451455, 0.9999999999451455, 0.9999999999841804]"
TwoStageSignalAgent_sigmoidThreshold,session_14_player2,14.0,7,2,equal_to_both,10,"[0.5, 0.4999789468586582, 0.9966461589036358, 0.9966580536489038, 0.9965911421117094, 0.9945574477040231, 0.9999970033064071, 0.9999999964506114, 0.9999999999916777, 0.9999999999999643]"
TwoStageSignalAgent_sigmoidThreshold,session_14_player1,14.0,8,1,equal_to_both,10,"[0.5, 0.500001310744603, 0.9966410676918094, 0.9999792330825444, 0.9999997808437389, 0.9999997876091178, 0.9999997918982587, 0.9999998025281205, 0.9999999992067042, 0.9999999995488239]"
TwoStageSignalAgent_sigmoidThreshold,session_14_player2,14.0,8,2,equal_to_both,10,"[0.5, 0.4999635730835617, 0.49996219155276045, 0.49995415796010645, 0.4998541337503492, 0.49899274817421135, 0.9998929576546065, 0.9999999680131653, 0.9999999999762459, 0.9999999999999606]"
TwoStageSignalAgent_sigmoidThreshold,session_14_player1,14.0,9,1,closer_to_player1,8,"[0.5, 0.31790716934030877, 0.9907237229391966, 0.9999285357906021, 0.9999990884504389, 0.9999999811923236, 0.9999999788565085, 0.9999999997245982]"
TwoStageSignalAgent_sigmoidThreshold,session_14_player2,14.0,9,2,closer_to_player1,12,"[0.5, 0.9965895460358993, 0.9999786776492027, 0.9999997726704177, 0.999999785076518, 0.9999998040496093, 0.9999999982770968, 0.9999999999583318, 0.9999999999878436, 0.9999999999997085, 0.9999999999999961, 1.0]"
TwoStageSignalAgent_sigmoidThreshold,session_14_player1,14.0,11,1,closer_to_player1,10,"[0.5, 0.504876948030712, 0.9995501095909582, 0.999739706213758, 0.9999998479135195, 0.9999999997774237, 0.9999999999981402, 0.9999999999999867, 1.0, 1.0]"
TwoStageSignalAgent_sigmoidThreshold,session_14_player2,14.0,11,2,closer_to_player1,9,"[0.5, 0.5034399481649879, 0.5054209351805908, 0.5007523217565233, 0.3784793958827808, 0.9985621479445568, 0.9999974954804821, 0.9999999919782224, 0.999999999955674]"
TwoStageSignalAgent_sigmoidThreshold,session_15_player1,15.0,2,1,closer_to_player1,9,"[0.5, 0.3333535628994591, 0.9989507550885907, 0.9985697581936184, 0.9980992013746259, 0.9975926550763305, 0.9972008713316484, 0.9999999915519786, 0.9999999929506099]"
TwoStageSignalAgent_sigmoidThreshold,session_15_player2,15.0,2,2,closer_to_player1,9,"[0.5, 0.5034052051526385, 0.5055965908431064, 0.5070579006222227, 0.508239096793248, 0.5024250981632584, 0.508783582057575, 0.46265665632283753, 0.3885927037311989]"
TwoStageSignalAgent_sigmoidThreshold,session_15_player1,15.0,5,1,equal_to_both,11,"[0.5, 0.9893813416442755, 0.9998144240439015, 0.9998205975256205, 0.9999969376014105, 0.9999999184248702, 0.999999942840895, 0.9999999977554352, 0.9999999989211631, 0.9999999994752, 0.9999999997431084]"
TwoStageSignalAgent_sigmoidThreshold,session_15_player2,15.0,5,2,equal_to_both,11,"[0.5, 0.9879011677504955, 0.9997607376196069, 0.9999928102307654, 0.9999960496029325, 0.9999972990940154, 0.9999980671888943, 0.9999985673673267, 0.9999999875246711, 0.9999999941379387, 0.9999999983396534]"
TwoStageSignalAgent_sigmoidThreshold,session_15_player1,15.0,6,1,closer_to_player2,11,"[0.5, 0.6323603620826307, 0.4540607404465748, 0.9998695479279247, 0.999999983271403, 0.9999999999957321, 0.9999999999941068, 0.999999999999999, 0.9999999998576993, 0.9999999999999578, 1.0]"
TwoStageSignalAgent_sigmoidThreshold,session_15_player2,15.0,6,2,closer_to_player2,3,"[0.5, 0.9998304878371191, 0.9999999318741913]"
TwoStageSignalAgent_sigmoidThreshold,session_15_player1,15.0,8,1,closer_to_player2,8,"[0.5, 0.5051439330162081, 0.5207417819942209, 0.4341146090620185, 0.3477868062335074, 0.546853232801348, 0.3354255138910842, 0.9984994180016951]"
TwoStageSignalAgent_sigmoidThreshold,session_15_player2,15.0,8,2,closer_to_player2,8,"[0.5, 0.9999550665759496, 0.9999553743596526, 0.9999999975225609, 0.9999999984010703, 0.9999999999997545, 1.0, 1.0]"
TwoStageSignalAgent_sigmoidThreshold,session_15_player1,15.0,9,1,closer_to_player2,11,"[0.5, 0.003410536260313486, 0.24397591938389046, 0.24649557156237334, 0.24796828989460692, 0.24448967902538582, 0.1639856148976687, 0.9956694854750502, 0.9999926833703805, 0.9999999774449386, 0.9999999998803711]"
TwoStageSignalAgent_sigmoidThreshold,session_15_player2,15.0,9,2,closer_to_player2,9,"[0.5, 0.9995412619503834, 0.9999994968052502, 0.9999999988066797, 0.9999999999942998, 0.9999999999976209, 0.9999999999999695, 0.9999999999999998, 1.0]"
TwoStageSignalAgent_sigmoidThreshold,session_15_player1,15.0,10,1,closer_to_player1,3,"[0.5, 0.9995950768849615, 0.9997977332518335]"
TwoStageSignalAgent_sigmoidThreshold,session_15_player2,15.0,10,2,closer_to_player1,12,"[0.5, 0.4964239184998405, 0.4950207247778552, 0.49296178778312744, 0.5017182137603512, 0.49139913318848943, 0.5782049972319597, 0.4155248133208704, 0.5881941089360373, 1.0, 1.0, 1.0]"
TwoStageSignalAgent_sigmoidThreshold,session_16_player1,16.0,0,1,closer_to_player2,9,"[0.5, 0.5034944124391454, 0.5049726998214683, 0.5069827659179271, 0.4988541693802651, 0.5085672857877714, 0.6309446710855725, 0.9978140506311862, 0.9982125653426189]"
TwoStageSignalAgent_sigmoidThreshold,session_16_player2,16.0,0,2,closer_to_player2,9,"[0.5, 0.999510424261849, 0.9999995870131754, 0.9999997093712168, 0.9999997917356938, 0.9999999998914073, 0.9999999999457574, 0.9999999999732788, 0.999999999991059]"
TwoStageSignalAgent_sigmoidThreshold,session_16_player1,16.0,1,1,closer_to_player2,9,"[0.5, 0.50350479780463, 0.5062692358796224, 0.5029340185111454, 0.5093232843669926, 0.5382808715986227, 0.5397942784730343, 0.5404201824369769, 0.5406414360918]"
TwoStageSignalAgent_sigmoidThreshold,session_16_player2,16.0,1,2,closer_to_player2,4,"[0.5, 0.49458643611780767, 0.44552497276111125, 0.6180341767697382]"
TwoStageSignalAgent_sigmoidThreshold,session_16_player1,16.0,3,1,equal_to_both,12,"[0.5, 0.9827981835505919, 0.9995348038268135, 0.9999820743891086, 0.999999042599086, 0.9999991632459906, 0.9999999545811479, 0.9999999701351135, 0.9999999792217071, 0.9999999845119981, 0.9999999994575143, 0.9999999997623311]"
TwoStageSignalAgent_sigmoidThreshold,session_16_player2,16.0,3,2,equal_to_both,14,"[0.5, 0.50002375033113, 0.5000245976913503, 0.9938492703452668, 0.9938941006898747, 0.9939300177280778, 0.9940403293630482, 0.9944229198132272, 0.9999958326991657, 0.9999999930902173, 0.9999999999767849, 0.9999887465681132, 0.9999999621910421, 0.9999999997638258]"
TwoStageSignalAgent_sigmoidThreshold,session_16_player1,16.0,7,1,closer_to_player1,12,"[0.5, 0.9982618920693554, 0.9982591878701781, 0.9999970158299732, 0.9999999899331863, 0.9999999999358304, 0.9999999999547835, 0.9999999999669326, 0.9999999999998194, 0.9999999999998195, 0.999999999999912, 0.9999999999999742]"
TwoStageSignalAgent_sigmoidThreshold,session_16_player2,16.0,7,2,closer_to_player1,9,"[0.5, 0.5051064372203922, 0.5076157528978087, 0.9940577046945122, 0.994208673078307, 0.9942851696439633, 0.9999805670863285, 0.999983472496257, 0.9999999350926727]"
TwoStageSignalAgent_sigmoidThreshold,session_16_player1,16.0,8,1,closer_to_player1,9,"[0.5, 0.6226441181441741, 0.9998706387134271, 0.9999999226085716, 0.9999999998833253, 0.9999999999994207, 0.9999999999999952, 1.0, 1.0]"
TwoStageSignalAgent_sigmoidThreshold,session_16_player2,16.0,8,2,closer_to_player1,9,"[0.5, 0.503330187598101, 0.9896987600276087, 0.9898598015382765, 0.9898032940437771, 0.9999531403661733, 0.999999613924182, 0.9999995442364488, 0.9999999975975191]"
TwoStageSignalAgent_sigmoidThreshold,session_16_player1,16.0,9,1,closer_to_player1,7,"[0.5, 0.9999551705963206, 0.9999561660193652, 0.9999999975493538, 0.9999999987544738, 0.9999999999998281, 1.0]"
TwoStageSignalAgent_sigmoidThreshold,session_16_player2,16.0,9,2,closer_to_player1,7,"[0.5, 0.3675898071224238, 0.5379653233823087, 0.7000153299147776, 0.8271486559950932, 0.94069016340932, 0.9999825543217565]"
TwoStageSignalAgent_sigmoidThreshold,session_16_player1,16.0,10,1,equal_to_both,10,"[0.5, 0.5000013107434931, 0.500001631631811, 0.9982965269396723, 0.9983029673555509, 0.9999970658752995, 0.9999971689201694, 0.9999977797337212, 0.999999998351177, 0.9999999999972664]"
TwoStageSignalAgent_sigmoidThreshold,session_16_player2,16.0,10,2,equal_to_both,10,"[0.5, 0.9937637135349796, 0.9938603373479747, 0.9999618718975433, 0.9999995968220498, 0.9999996098520577, 0.9999996177643096, 0.9999999975521656, 0.9999999999679497, 0.9999999999851129]"
TwoStageSignalAgent_sigmoidThreshold,session_16_player1,16.0,11,1,closer_to_player2,12,"[0.5, 0.49833993354468153, 0.4964857075046345, 0.5011931841851819, 0.6237451915785986, 0.4529538168825027, 0.9998148359646374, 0.9999999668969736, 0.9999999666442307, 0.9999999664215261, 0.9999999602242228, 0.9999999999996927]"
TwoStageSignalAgent_sigmoidThreshold,session_16_player2,16.0,11,2,closer_to_player2,6,"[0.5, 0.5832432511814415, 0.654434089746915, 0.9994167486947239, 0.9997087729447374, 0.9998545412871039]"
TwoStageSignalAgent_sigmoidThreshold,session_17_player1,17.0,0,1,closer_to_player2,9,"[0.5, 0.9832514871958407, 0.9836366158640824, 0.9997235487209982, 0.9999929208909494, 0.9999931391399127, 0.9999907718656682, 0.999999921243524, 0.9999999989695351]"
TwoStageSignalAgent_sigmoidThreshold,session_17_player2,17.0,0,2,closer_to_player2,11,"[0.5, 0.5077842923419287, 0.6398876218852925, 0.9996632445691966, 0.999998726028354, 0.9999999970506989, 0.9999999999844615, 0.9999999999999263, 0.9999999999999993, 1.0, 1.0]"
TwoStageSignalAgent_sigmoidThreshold,session_17_player1,17.0,1,1,closer_to_player2,9,"[0.5, 0.5034056361594393, 0.5055977825991422, 0.5068164772685249, 0.5035991233348305, 0.39684364778136544, 0.5682440316771817, 0.7247426347641199, 0.8413211635902891]"
TwoStageSignalAgent_sigmoidThreshold,session_17_player2,17.0,1,2,closer_to_player2,9,"[0.5, 0.4984206167746242, 0.5038721343927556, 0.5092849197512549, 0.4669371887363622, 0.5394818671496755, 1.0, 1.0, 1.0]"
TwoStageSignalAgent_sigmoidThreshold,session_17_player1,17.0,4,1,equal_to_both,14,"[0.5, 0.5012557318698769, 0.9894989042492033, 0.9998181554251316, 0.9999952423210892, 0.999999813626325, 0.9999998759783704, 0.9999999922370464, 0.9999999963229494, 0.9999990904757616, 0.999999366035911, 0.9999995514103845, 0.9999992859695835, 0.9999997918160103]"
TwoStageSignalAgent_sigmoidThreshold,session_17_player2,17.0,4,2,equal_to_both,12,"[0.5, 0.4879156468952016, 0.4864455834743935, 0.9935044345432447, 0.9935520320238312, 0.9999600464548781, 0.9999604263841838, 0.9999601400082663, 0.9999412829682627, 0.9999999304491652, 0.9999999998369294, 0.9999999999993008]"
TwoStageSignalAgent_sigmoidThreshold,session_17_player1,17.0,5,1,closer_to_player1,11,"[0.5, 0.48971733876388024, 0.48230013311115927, 0.48557623984388704, 0.5927489631910804, 0.42116735241748054, 0.2667054253504751, 0.9999806915703371, 0.9999999996975624, 0.9999999997408359, 0.999999999999996]"
TwoStageSignalAgent_sigmoidThreshold,session_17_player2,17.0,5,2,closer_to_player1,13,"[0.5, 0.5034349880979779, 0.5054047999173326, 0.5127193578956677, 0.5095032438940477, 0.4025110420515291, 0.05324192507749583, 2.9663367897858635e-05, 0.021442427871094332, 0.04198754656940553, 0.08060440369920012, 0.14921851365440117, 0.26100291111374374]"
TwoStageSignalAgent_sigmoidThreshold,session_17_player1,17.0,6,1,closer_to_player1,9,"[0.5, 0.9995411867617685, 0.9997347007715834, 0.9999995986682232, 0.999999999560591, 0.9999999999988681, 0.999999999999996, 1.0, 1.0]"
TwoStageSignalAgent_sigmoidThreshold,session_17_player2,17.0,6,2,closer_to_player1,9,"[0.5, 0.9832206755077302, 0.9995558155731603, 0.9995726063605535, 0.9999888856707415, 0.9999893758665771, 0.9999997237930989, 0.9999997701018839, 0.9999999939893659]"
TwoStageSignalAgent_sigmoidThreshold,session_17_player1,17.0,7,1,equal_to_both,12,"[0.5, 0.9811855633287875, 0.9833855458592647, 0.9997053924239641, 0.999992161429956, 0.9999928815491527, 0.9999932426931853, 0.9999998823987758, 0.9999999946364155, 0.9999999975063194, 0.9999999988740648, 0.9999999996752899]"
TwoStageSignalAgent_sigmoidThreshold,session_17_player2,17.0,7,2,equal_to_both,12,"[0.5, 0.9828669630019589, 0.9831940160261533, 0.9833779858695801, 0.9834954943360558, 0.9998967031956897, 0.9998976816710757, 0.999999378530003, 0.9999999934757791, 0.9999999936135597, 0.9999999999393137, 0.9999999999988323]"
TwoStageSignalAgent_sigmoidThreshold,session_17_player1,17.0,9,1,closer_to_player2,8,"[0.5, 0.5019478093350322, 0.49724526303695366, 0.37479033670722545, 0.545498320105838, 0.7061240616416264, 0.8298610512516178, 0.9358038736206843]"
TwoStageSignalAgent_sigmoidThreshold,session_17_player2,17.0,9,2,closer_to_player2,10,"[0.5, 0.4120189316370325, 0.3336494020246538, 0.9996419596591645, 0.9999998735717606, 0.9999999094014302, 0.9999999328902492, 0.9999999477620722, 0.9999999668713722, 0.9999999999976362]"
TwoStageSignalAgent_sigmoidThreshold,session_17_player1,17.0,10,1,equal_to_both,10,"[0.5, 0.5000013107434931, 0.500001631631811, 0.9982965269396723, 0.9983029673555509, 0.9983330517311219, 0.9985123401233483, 0.9999995548368628, 0.9999999996694118, 0.9999999999994519]"
TwoStageSignalAgent_sigmoidThreshold,session_17_player2,17.0,10,2,equal_to_both,10,"[0.5, 0.9937637135349796, 0.9938603373479747, 0.9938911012330015, 0.9939142428547268, 0.9999894314356801, 0.9999999635076924, 0.9999999653718928, 0.9999999766203401, 0.9999999999612391]"
TwoStageSignalAgent_sigmoidThreshold,session_17_player1,17.0,11,1,closer_to_player1,6,"[0.5, 0.9975536939216066, 0.9999632911370362, 0.9999997603124755, 0.9999999975584279, 0.999999999963188]"
TwoStageSignalAgent_sigmoidThreshold,session_17_player2,17.0,11,2,closer_to_player1,12,"[0.5, 0.4970134536855486, 0.5029240620874665, 0.9989126053335914, 0.9993841082553211, 0.9999976736432619, 0.9999999944834803, 0.9999999999737202, 0.9999999999996533, 0.9999999999999971, 1.0, 1.0]"
TwoStageSignalAgent_sigmoidThreshold,session_18_player1,18.0,0,1,closer_to_player2,9,"[0.5, 0.5034387885400003, 0.989704009789926, 0.989865289822819, 0.9998936976539704, 0.9998947473486713, 0.9998561695096044, 0.9999995565522781, 0.9999999976480186]"
TwoStageSignalAgent_sigmoidThreshold,session_18_player2,18.0,0,2,closer_to_player2,9,"[0.5, 0.622829497710094, 0.9998708499183235, 0.9999998045281602, 0.9999999997892233, 0.9999999999994496, 0.9999999999999974, 1.0, 1.0]"
TwoStageSignalAgent_sigmoidThreshold,session_18_player1,18.0,1,1,closer_to_player1,9,"[0.5, 0.5032793513692639, 0.4279213792550366, 0.509229101002219, 0.34152650280891006, 0.20481297711557162, 1.0, 1.0, 1.0]"
TwoStageSignalAgent_sigmoidThreshold,session_18_player2,18.0,1,2,closer_to_player1,9,"[0.5, 0.5034056361628682, 0.5056557066815143, 0.506532691237832, 0.5068988455337559, 0.5093712150793979, 0.5039649248603365, 0.5462290779700193, 0.4737106861028446]"
TwoStageSignalAgent_sigmoidThreshold,session_18_player1,18.0,2,1,closer_to_player1,13,"[0.5, 0.497401026071615, 0.9991900314368873, 0.9991898037165807, 0.99999933961945, 0.9999999988409332, 0.9999999999958892, 0.999999999999955, 0.9999999999999786, 0.9999999999999938, 0.999999999974571, 0.9999999999926098, 0.9999999999999343]"
TwoStageSignalAgent_sigmoidThreshold,session_18_player2,18.0,2,2,closer_to_player1,9,"[0.5, 0.9832133209650126, 0.9836377528282544, 0.9997166125237711, 0.9999923817245879, 0.9999994257872145, 0.9999997212467051, 0.9999998632865374, 0.9999999328155308]"
TwoStageSignalAgent_sigmoidThreshold,session_18_player1,18.0,3,1,closer_to_player1,9,"[0.5, 0.9995099135068803, 0.9995130812198122, 0.9995166919679601, 0.9995203529157679, 0.9995235328129118, 0.9999999927075277, 0.9999999953752076, 0.9999999999996699]"
TwoStageSignalAgent_sigmoidThreshold,session_18_player2,18.0,3,2,closer_to_player1,9,"[0.5, 0.5025127430925913, 0.503990565103119, 0.5060007295057233, 0.5160259889175614, 0.6397852999501157, 0.9940496886681887, 0.9951453324644915, 0.9960284969644723]"
TwoStageSignalAgent_sigmoidThreshold,session_18_player1,18.0,7,1,closer_to_player2,10,"[0.5, 0.5035101256895487, 0.5051564962013014, 0.507021494425762, 0.5140758012363282, 0.5509019217733544, 0.5509019217733543, 0.5564471143705805, 0.5599677952421556, 0.5620879103903637]"
TwoStageSignalAgent_sigmoidThreshold,session_18_player2,18.0,7,2,closer_to_player2,9,"[0.5, 0.6226181213586941, 0.45200264549466196, 0.9998139784583444, 0.9999999662257876, 0.9999999745988452, 0.9999999799538687, 0.9999999999989257, 0.9999999999994669]"
TwoStageSignalAgent_sigmoidThreshold,session_18_player1,18.0,8,1,equal_to_both,8,"[0.5, 0.9982979258070127, 0.9999942708363189, 0.9999943044101619, 0.9999942897046165, 0.9999923415536002, 0.9999999958085742, 0.9999999999950362]"
TwoStageSignalAgent_sigmoidThreshold,session_18_player2,18.0,8,2,equal_to_both,8,"[0.5, 0.5003321765587181, 0.999188406970306, 0.9999985757746207, 0.9999986451754144, 0.9999992340747553, 0.9999999990254246, 0.9999999999918702]"
TwoStageSignalAgent_sigmoidThreshold,session_18_player1,18.0,9,1,closer_to_player2,11,"[0.5, 0.974350759653507, 0.9992711541464887, 0.9992940490992843, 0.9999818151349031, 0.9999823690456668, 0.9999762724695335, 0.999999797687769, 0.9992497280532325, 0.9991371702629778, 0.9999883884569348]"
TwoStageSignalAgent_sigmoidThreshold,session_18_player2,18.0,9,2,closer_to_player2,9,"[0.5, 0.9995404889126599, 0.9999994793526829, 0.9999999990492504, 0.9999999999976141, 0.9999999999999775, 0.9999999999999999, 1.0, 1.0]"
TwoStageSignalAgent_sigmoidThreshold,session_18_player1,18.0,10,1,equal_to_both,9,"[0.5, 0.5000003208883179, 0.9982965180235982, 0.9999942578980455, 0.9999943050522914, 0.999999980336138, 0.9999999998740743, 0.9999999999983512, 0.9999999999992342]"
TwoStageSignalAgent_sigmoidThreshold,session_18_player2,18.0,10,2,equal_to_both,9,"[0.5, 0.49999888604822545, 0.9982963904922849, 0.9999942568292116, 0.999994304292655, 0.9999945043372099, 0.9999956900405461, 0.9999999967993141, 0.9999999999946937]"
TwoStageSignalAgent_sigmoidThreshold,session_18_player1,18.0,11,1,equal_to_both,10,"[0.5, 0.5000105288543513, 0.5000126898099363, 0.9983013128611343, 0.9983323975340186, 0.9999971639567988, 0.99999999014625, 0.9999999999337651, 0.9999999999546217, 0.9999999999997166]"
TwoStageSignalAgent_sigmoidThreshold,session_18_player2,18.0,11,2,equal_to_both,10,"[0.5, 0.49999995123219315, 0.5000003933877536, 0.5000050852951647, 0.5000376588411993, 0.9997008560434325, 0.9999997776530181, 0.9999999996313286, 0.9999999999987613, 0.9999999999999922]"
TwoStageSignalAgent_sigmoidThreshold,session_19_player1,19.0,2,1,closer_to_player1,9,"[0.5, 0.9996595314648318, 0.9999997282949468, 0.9999999995360187, 0.9999999999984056, 0.999999999998834, 0.9999999999991279, 0.9999999999999972, 0.9999999999999992]"
TwoStageSignalAgent_sigmoidThreshold,session_19_player2,19.0,2,2,closer_to_player1,9,"[0.5, 0.5051064374666547, 0.9897398356045717, 0.9901461793740847, 0.9998917273734026, 0.9999214232726428, 0.9999985379125441, 0.999999255809825, 0.9999996267817605]"
TwoStageSignalAgent_sigmoidThreshold,session_19_player1,19.0,3,1,closer_to_player2,9,"[0.5, 0.9831531117020069, 0.9835519097534707, 0.9838050199095776, 0.9837197609124562, 0.9999245686662123, 0.9999993762067263, 0.9999992672659603, 0.9999999960779644]"
TwoStageSignalAgent_sigmoidThreshold,session_19_player2,19.0,3,2,closer_to_player2,11,"[0.5, 0.002403794969472301, 0.003726727374734035, 0.9824753090903988, 0.9999906683135705, 0.9999999957294541, 0.9999999999950291, 0.9999999999999911, 1.0, 1.0, 1.0]"
TwoStageSignalAgent_sigmoidThreshold,session_19_player1,19.0,5,1,closer_to_player1,9,"[0.5, 0.4163625609478298, 0.3449802804579844, 0.42215806882110907, 0.9999492705993156, 0.9999355745635806, 0.9999999989908267, 0.9999999999999457, 0.999999999999973]"
TwoStageSignalAgent_sigmoidThreshold,session_19_player2,19.0,5,2,closer_to_player1,9,"[0.5, 0.503454884872576, 0.5056470274043536, 0.5071124345791675, 0.5074785769762117, 0.509950849899972, 0.5158626800409558, 0.588922139988062, 0.5891377957913682]"
TwoStageSignalAgent_sigmoidThreshold,session_19_player1,19.0,6,1,equal_to_both,7,"[0.5, 0.9991874870422787, 0.9999985532534285, 0.9999989738984213, 0.9999995466477587, 0.9999999985254985, 0.9999999999961743]"
TwoStageSignalAgent_sigmoidThreshold,session_19_player2,19.0,6,2,equal_to_both,7,"[0.5, 0.4937342861241105, 0.9997509088045892, 0.9996173223132456, 0.9999999342159092, 0.9999999999732838, 0.9999999999999766]"
TwoStageSignalAgent_sigmoidThreshold,session_19_player1,19.0,7,1,equal_to_both,14,"[0.5, 0.5121177356180145, 0.5136004442807931, 0.5107128310493865, 0.5121957424173659, 0.9941301720021544, 0.9941786293839383, 0.9942187420839813, 0.9944560579147541, 0.9999869916889739, 0.9999999394202624, 0.9999999994793406, 0.9999999999901297, 0.9999999999971535]"
TwoStageSignalAgent_sigmoidThreshold,session_19_player2,19.0,7,2,equal_to_both,14,"[0.5, 0.9828669630025672, 0.9831940160260952, 0.9997073467349388, 0.9999923588082955, 0.9998268477333985, 0.9998388311293082, 0.9999938822917935, 0.999994349461794, 0.9999997808200332, 0.999999847411595, 0.9999998857215943, 0.9999999051498473, 0.9999999981749199]"
TwoStageSignalAgent_sigmoidThreshold,session_19_player1,19.0,10,1,closer_to_player1,7,"[0.5, 0.9999640264023221, 0.9999999979709836, 0.999999999999466, 0.9999999999999999, 1.0, 1.0]"
TwoStageSignalAgent_sigmoidThreshold,session_19_player2,19.0,10,2,closer_to_player1,7,"[0.5, 0.9889745896896243, 0.9998060343203832, 0.9999921203414613, 0.9999961719595134, 0.9999981164706919, 0.999999065043847]"
TwoStageSignalAgent_sigmoidThreshold,session_19_player1,19.0,11,1,closer_to_player2,9,"[0.5, 0.5028106902597158, 0.9899826927871582, 0.9899052264933375, 0.9835710634699194, 0.9999485980960555, 0.9999997290605352, 0.9999999976951901, 0.9999999999697151]"
TwoStageSignalAgent_sigmoidThreshold,session_19_player2,19.0,11,2,closer_to_player2,9,"[0.5, 0.9996555392862605, 0.9999997196660061, 0.99999999950571, 0.9999999999983104, 0.9999999999999922, 1.0, 1.0, 1.0]"
TwoStageSignalAgent_sigmoidThreshold,session_20_player1,20.0,1,1,equal_to_both,9,"[0.5, 0.5000009450800522, 0.9982965166058325, 0.9999942578628923, 0.9999999645916468, 0.9999999653068405, 0.9999999997778278, 0.9999999998194952, 0.9999999999984568]"
TwoStageSignalAgent_sigmoidThreshold,session_20_player2,20.0,1,2,equal_to_both,9,"[0.5, 0.9966408737052458, 0.996656081905712, 0.9999887097664074, 0.9999999303794622, 0.9999999992589874, 0.9999999994253362, 0.9999999995331117, 0.9999999997344636]"
TwoStageSignalAgent_sigmoidThreshold,session_20_player1,20.0,2,1,closer_to_player1,13,"[0.5, 0.5062086763866996, 0.5070751312618086, 0.5023103918508922, 0.3795557729931804, 0.5502854306415433, 0.00018774831710575803, 0.000249620654821401, 0.00031628182465295895, 4.943322002506205e-09, 4.2497528738828705e-09, 0.0014100552290260038, 0.9891956170189267]"
TwoStageSignalAgent_sigmoidThreshold,session_20_player2,20.0,2,2,closer_to_player1,9,"[0.5, 0.5038575016803816, 0.5063211897279695, 0.507782442833707, 0.508116936539327, 0.5064864131252027, 0.5672999055484294, 0.6078152969882217, 0.5335889860072035]"
TwoStageSignalAgent_sigmoidThreshold,session_20_player1,20.0,3,1,closer_to_player2,12,"[0.5, 0.49656208098176186, 0.4945820746825738, 0.4873629790910652, 0.490480227572159, 0.5964944465839078, 0.4249526474696185, 0.9999501703563202, 0.9999999971276905, 0.9999999977332246, 0.9999999999998785, 0.9999999999999397]"
TwoStageSignalAgent_sigmoidThreshold,session_20_player2,20.0,3,2,closer_to_player2,6,"[0.5, 0.5046272932088524, 0.5029809856215485, 0.5638555726748066, 0.5158679986369111, 0.682250333878183]"
TwoStageSignalAgent_sigmoidThreshold,session_20_player1,20.0,5,1,equal_to_both,9,"[0.5, 0.0008333093303272044, 0.6427899690287624, 0.63197615102186, 0.9998564811245331, 0.9999999154076639, 0.9999998833440183, 0.9999999999536062, 0.9999999999999605]"
TwoStageSignalAgent_sigmoidThreshold,session_20_player2,20.0,5,2,equal_to_both,7,"[0.5, 0.999168002344025, 0.9994236740232795, 0.9999990291211197, 0.99999972628219, 0.9999999994822637, 0.9999999999993283]"
TwoStageSignalAgent_sigmoidThreshold,session_20_player1,20.0,7,1,closer_to_player1,6,"[0.5, 0.49683276623469225, 0.3913482663100059, 0.5625963195974336, 0.7201395856935846, 0.8383216950377541]"
TwoStageSignalAgent_sigmoidThreshold,session_20_player2,20.0,7,2,closer_to_player1,10,"[0.5, 0.5028347455545744, 0.5056589502855007, 0.5128086913971679, 0.5065236626301761, 0.49155889806675046, 0.5501411875895236, 0.5536717737717078, 0.553671773771708, 0.5557981602404254]"
TwoStageSignalAgent_sigmoidThreshold,session_20_player1,20.0,8,1,closer_to_player1,9,"[0.5, 0.6226227087919332, 0.9996817339798126, 0.9999998408130573, 0.9999999999073699, 0.99999999999988, 0.9999999999999993, 1.0, 1.0]"
TwoStageSignalAgent_sigmoidThreshold,session_20_player2,20.0,8,2,closer_to_player1,9,"[0.5, 0.9832180419810456, 0.9995556168225304, 0.9999831630518652, 0.9999842906009372, 0.9999994017809956, 0.9999999567898957, 0.999999979982459, 0.9999999905426911]"
TwoStageSignalAgent_sigmoidThreshold,session_20_player1,20.0,9,1,closer_to_player2,9,"[0.5, 0.5034030953139201, 0.5053812712736899, 0.5006958113673106, 0.3780428895759561, 0.548693942016549, 0.7086320250081765, 0.8295155452972348, 0.9074455965576552]"
TwoStageSignalAgent_sigmoidThreshold,session_20_player2,20.0,9,2,closer_to_player2,9,"[0.5, 0.9984830191704845, 0.997909885922123, 0.9999989531609308, 0.9999992323184898, 0.9999994226363778, 0.9999999998950881, 0.9999999999475598, 0.9999999999739756]"
TwoStageSignalAgent_sigmoidThreshold,session_20_player1,20.0,11,1,closer_to_player2,9,"[0.5, 0.9831574077791368, 0.9995510145513755, 0.9999828417773609, 0.9999843027316878, 0.9999850246202968, 0.9999996064047227, 0.9999996758908628, 0.9999999899476885]"
TwoStageSignalAgent_sigmoidThreshold,session_20_player2,20.0,11,2,closer_to_player2,9,"[0.5, 0.6226212730293342, 0.9996817436166096, 0.9999998576486608, 0.9999999998464947, 0.9999999999995991, 0.999999999999999, 1.0, 1.0]"
TwoStageSignalAgent_sigmoidThreshold,session_21_player1,21.0,0,1,closer_to_player1,9,"[0.5, 0.41673021262484583, 0.345764933469502, 0.29263849940287906, 0.33419438519536704, 0.19942145113533732, 1.0, 1.0, 1.0]"
TwoStageSignalAgent_sigmoidThreshold,session_21_player2,21.0,0,2,closer_to_player1,9,"[0.5, 0.5045056491100135, 0.5077605775217329, 0.5036960705039123, 0.5107585691157879, 0.5476217112283887, 0.5531750709168698, 0.5567010387181188, 0.5588244929176228]"
TwoStageSignalAgent_sigmoidThreshold,session_21_player1,21.0,5,1,closer_to_player1,9,"[0.5, 0.4998814056458974, 0.501611182973551, 0.5826599291133056, 0.9999734532592017, 0.9999999984671205, 0.9999999987930088, 0.9999999989657077, 0.9999999991314675]"
TwoStageSignalAgent_sigmoidThreshold,session_21_player2,21.0,5,2,closer_to_player1,9,"[0.5, 0.503454884872576, 0.5057049513515427, 0.5065819337937693, 0.5069480871174215, 0.5094204487143703, 0.5040141727515589, 0.45486020588657694, 0.6268972972809587]"
TwoStageSignalAgent_sigmoidThreshold,session_21_player1,21.0,6,1,equal_to_both,11,"[0.5, 0.5000005878142516, 0.5000021360365476, 0.9966410781567686, 0.9999792331447943, 0.9999794459767334, 0.9999998732545845, 0.9999998758141544, 0.9999998821575827, 0.9999999995265967, 0.9999999999959528]"
TwoStageSignalAgent_sigmoidThreshold,session_21_player2,21.0,6,2,equal_to_both,11,"[0.5, 0.9883644138688048, 0.9997811070429636, 0.9999938204446153, 0.999995246997182, 0.9999998712657894, 0.9999999921088755, 0.999999996393315, 0.9999999982727191, 0.999999999163498, 0.9999999996114527]"
TwoStageSignalAgent_sigmoidThreshold,session_21_player1,21.0,7,1,closer_to_player2,11,"[0.5, 0.5033919412288168, 0.0017440997411101026, 0.22047618108710432, 0.22182017614287622, 0.9793400217118561, 0.9792341611526665, 0.9685975552181355, 0.9999455412742378, 0.999999832444209, 0.9999999991096021]"
TwoStageSignalAgent_sigmoidThreshold,session_21_player2,21.0,7,2,closer_to_player2,9,"[0.5, 0.6228994970514786, 0.9998707624896094, 0.9999999226622661, 0.9999999997127518, 0.9999999999992606, 0.9999999999999974, 1.0, 1.0]"
TwoStageSignalAgent_sigmoidThreshold,session_21_player1,21.0,8,1,equal_to_both,12,"[0.5, 0.006145823353046382, 0.006101596006190335, 0.7817221431696153, 0.9990598145899492, 0.9999942012006539, 0.9999999388053444, 0.9999999406944307, 0.9999999993687803, 0.999999999510479, 0.9999999996022861, 0.9999999999965998]"
TwoStageSignalAgent_sigmoidThreshold,session_21_player2,21.0,8,2,equal_to_both,10,"[0.5, 0.9937635351582704, 0.9938603441112864, 0.9999618716321222, 0.9999622996417636, 0.9999626112468584, 0.9999998708965008, 0.9999999991732224, 0.9999999999891747, 0.9999999999949717]"
TwoStageSignalAgent_sigmoidThreshold,session_21_player1,21.0,9,1,closer_to_player1,4,"[0.5, 0.9972706305694086, 0.9999855053154143, 0.9999998424034997]"
TwoStageSignalAgent_sigmoidThreshold,session_21_player2,21.0,9,2,closer_to_player1,12,"[0.5, 0.49683143518996814, 0.495090643054582, 0.9998647977207965, 0.9998715202531783, 0.9999189406797159, 0.9999999878580105, 0.9999999999978633, 0.9999999999999993, 1.0, 1.0, 1.0]"
TwoStageSignalAgent_sigmoidThreshold,session_21_player1,21.0,11,1,closer_to_player2,14,"[0.5, 0.02564250875521517, 0.026433387567662663, 0.028023407536711942, 0.04724879786931187, 0.989935310898326, 0.9999952149149037, 0.9999999962122448, 0.9999999999933754, 0.9999999999999841, 1.0, 1.0, 1.0, 1.0]"
TwoStageSignalAgent_sigmoidThreshold,session_21_player2,21.0,11,2,closer_to_player2,8,"[0.5, 0.996597614362956, 0.9999675631836136, 0.9999998290072641, 0.9999999985459558, 0.9996444543927111, 0.9999969755368676, 0.9999999606532654]"
TwoStageSignalAgent_sigmoidThreshold,session_22_player1,22.0,0,1,closer_to_player1,9,"[0.5, 0.5036213167107125, 0.6102769955276652, 0.9999015642148102, 0.9999999823621933, 0.9999999999937222, 0.999999999999989, 1.0, 1.0]"
TwoStageSignalAgent_sigmoidThreshold,session_22_player2,22.0,0,2,closer_to_player1,9,"[0.5, 0.42140168461490535, 0.3421825823725359, 0.4850923746760491, 0.3211121171110225, 0.1344172133181427, 0.9879617092813121, 0.9999841340715282, 0.9999999708309145]"
TwoStageSignalAgent_sigmoidThreshold,session_22_player1,22.0,2,1,equal_to_both,12,"[0.5, 0.9828003118701857, 0.9832178800506817, 0.9997076125080954, 0.9997146300478307, 0.9999951361246879, 0.9999952625007513, 0.9999999191167575, 0.999999922151622, 0.9999999276999636, 0.999999999091958, 0.9999999994704146]"
TwoStageSignalAgent_sigmoidThreshold,session_22_player2,22.0,2,2,equal_to_both,12,"[0.5, 0.9828001928528994, 0.9995349111460908, 0.9995579176176252, 0.9995685269759029, 0.9999926448702642, 0.9999928359766314, 0.999992984499135, 0.9999999231882645, 0.9999999286627237, 0.9999999991040498, 0.9999999999790884]"
TwoStageSignalAgent_sigmoidThreshold,session_22_player1,22.0,3,1,equal_to_both,12,"[0.5, 0.5120843531295588, 0.5135544165600924, 0.9941618967705864, 0.9999377718552558, 0.9999388893572223, 0.9999397134307578, 0.9999427942424154, 0.9999676046512764, 0.999999628654097, 0.9999999991292888, 0.9999999999962589]"
TwoStageSignalAgent_sigmoidThreshold,session_22_player2,22.0,3,2,equal_to_both,12,"[0.5, 0.4987309053679597, 0.4986448832416155, 0.9938158834563829, 0.9999341989312126, 0.9999352100451643, 0.9999358237879737, 0.9999996102157037, 0.9999999959080272, 0.9999999959944429, 0.9999999999619378, 0.9999999999647059]"
TwoStageSignalAgent_sigmoidThreshold,session_22_player1,22.0,5,1,equal_to_both,9,"[0.5, 0.9966354643805558, 0.9999791979055712, 0.9999794086127238, 0.9999795279099893, 0.9999999317301226, 0.9999999995800543, 0.9999999996405613, 0.9999999999977868]"
TwoStageSignalAgent_sigmoidThreshold,session_22_player2,22.0,5,2,equal_to_both,9,"[0.5, 0.9965581465692096, 0.9967173522902467, 0.9968047533408142, 0.9999942963710318, 0.9999958950716054, 0.9999981621619921, 0.9999999940020041, 0.9999999999858313]"
TwoStageSignalAgent_sigmoidThreshold,session_22_player1,22.0,6,1,closer_to_player2,11,"[0.5, 0.5033940708700834, 0.5053366234881972, 0.994150525575503, 0.9999389326521356, 0.9999395130940507, 0.999999501655764, 0.9999999927369891, 0.9999463353205896, 0.9999975599694915, 0.9999988459718279]"
TwoStageSignalAgent_sigmoidThreshold,session_22_player2,22.0,6,2,closer_to_player2,9,"[0.5, 0.6276950086161421, 0.9998731455382743, 0.99999992394477, 0.9999999997182544, 0.999999999999329, 0.9999999999999958, 1.0, 1.0]"
TwoStageSignalAgent_sigmoidThreshold,session_22_player1,22.0,7,1,closer_to_player1,9,"[0.5, 0.4167275642238549, 0.3457606469165575, 0.2926336713921782, 0.3341897584059929, 0.9999861271942215, 0.9999999997832408, 0.9999999998136531, 0.9999999998445042]"
TwoStageSignalAgent_sigmoidThreshold,session_22_player2,22.0,7,2,closer_to_player1,9,"[0.5, 0.5028347459105197, 0.50448115225101, 0.5063462080682691, 0.5134009031148082, 0.5502334263435936, 0.5557802172241963, 0.5593019991308058, 0.5614228096378452]"
TwoStageSignalAgent_sigmoidThreshold,session_22_player1,22.0,8,1,closer_to_player2,12,"[0.5, 0.4965609477390843, 0.9982577621816595, 0.9982559398393963, 0.9983093958971728, 0.999023827713004, 0.9999994159381526, 0.999999999132294, 0.9999999999928326, 0.9999999999999628, 0.9999999999999998, 1.0]"
TwoStageSignalAgent_sigmoidThreshold,session_22_player2,22.0,8,2,closer_to_player2,6,"[0.5, 0.9975980885161798, 0.9963322568281654, 0.999993812690233, 0.9999999809423764, 0.99999999989934]"
TwoStageSignalAgent_sigmoidThreshold,session_22_player1,22.0,9,1,closer_to_player2,6,"[0.5, 0.5052507417142267, 0.9966165484062293, 0.9999579638782106, 0.999976961440282, 0.9999874874571953]"
TwoStageSignalAgent_sigmoidThreshold,session_22_player2,22.0,9,2,closer_to_player2,6,"[0.5, 0.9999964866316966, 0.999999999972533, 0.9999999999999993, 1.0, 1.0]"
TwoStageSignalAgent_sigmoidThreshold,session_22_player1,22.0,11,1,closer_to_player1,6,"[0.5, 0.5837159019270735, 0.6552842506385776, 0.7089873223675341, 0.7425349632675168, 0.8175432316646838]"
TwoStageSignalAgent_sigmoidThreshold,session_22_player2,22.0,11,2,closer_to_player1,12,"[0.5, 0.4969674940397763, 0.5028478740574749, 0.4145054459825452, 0.5387411840949949, 0.9995505172175414, 0.999387123696883, 0.9999998886774476, 0.9999999999409986, 0.9999999999704983, 0.999999999985252, 0.9999999999926805]"
TwoStageSignalAgent_sigmoidThreshold,session_23_player1,23.0,1,1,closer_to_player1,9,"[0.5, 0.9999335454658494, 0.9999999856052796, 0.9999999999839077, 0.9999999999999755, 0.9999999992212902, 0.9999999999985311, 0.9999999999999981, 1.0]"
TwoStageSignalAgent_sigmoidThreshold,session_23_player2,23.0,1,2,closer_to_player1,7,"[0.5, 0.4077683239532188, 0.631125919320166, 0.996426032247159, 0.9929427751810205, 0.999990782976778, 0.9999999838170741]"
TwoStageSignalAgent_sigmoidThreshold,session_23_player1,23.0,2,1,closer_to_player1,9,"[0.5, 0.5810858067095526, 0.9999732483218172, 0.9999999984187026, 0.9999999999998339, 1.0, 1.0, 1.288821753775498e-14, 2.2718914390166106e-11]"
TwoStageSignalAgent_sigmoidThreshold,session_23_player2,23.0,2,2,closer_to_player1,9,"[0.5, 0.5048991852450211, 0.5204901841049085, 0.6575689855412543, 0.49474758880876424, 0.32930226551941094, 0.9939706538075131, 0.9999856555862049, 0.9999848483244199]"
TwoStageSignalAgent_sigmoidThreshold,session_23_player1,23.0,4,1,closer_to_player2,9,"[0.5, 0.503032556300015, 0.5130748844288319, 0.5202882835779957, 0.5171738888001185, 0.5915119153940201, 0.5118895945775126, 0.6772179176996862, 0.8087108004857977]"
TwoStageSignalAgent_sigmoidThreshold,session_23_player2,23.0,4,2,closer_to_player2,9,"[0.5, 0.4167281387274481, 0.5231733700978715, 0.9998601505761386, 0.9999999746100047, 0.999999980904508, 0.9999999999965302, 0.9999999999982656, 0.9999999999991392]"
TwoStageSignalAgent_sigmoidThreshold,session_23_player1,23.0,6,1,closer_to_player1,5,"[0.5, 0.5721675713625137, 1.0, 1.0, 1.0]"
TwoStageSignalAgent_sigmoidThreshold,session_23_player2,23.0,6,2,closer_to_player1,5,"[0.5, 0.6666829217920189, 0.8000400718546122, 0.8889405266053918, 0.9415824530739285]"
TwoStageSignalAgent_sigmoidThreshold,session_23_player1,23.0,7,1,equal_to_both,12,"[0.5, 0.5121177356180145, 0.5136004442807931, 0.5137178647799739, 0.5141310833071635, 0.5219840222620871, 0.9990211375388972, 0.9999977136670343, 0.9999999893526552, 0.9999999939761121, 0.999999999965128, 0.9999999999989807]"
TwoStageSignalAgent_sigmoidThreshold,session_23_player2,23.0,7,2,equal_to_both,12,"[0.5, 0.9828669630025672, 0.9831940160260952, 0.9997073467349388, 0.9997142115099904, 0.9999951300655617, 0.999995255201246, 0.9999953352396272, 0.9999999510289324, 0.9999999991614732, 0.999999999970498, 0.9999999999863384]"
TwoStageSignalAgent_sigmoidThreshold,session_23_player1,23.0,9,1,closer_to_player2,9,"[0.5, 0.5034030953139201, 0.5053812712736899, 0.5126005082562375, 0.5094832054760176, 0.4034703337156183, 0.5750115936553436, 0.7302274072474938, 0.8450660527403643]"
TwoStageSignalAgent_sigmoidThreshold,session_23_player2,23.0,9,2,closer_to_player2,9,"[0.5, 0.6226115921120726, 0.9996817441453707, 0.9995660646028037, 0.9999999211947473, 0.9999999407315695, 0.999999953226427, 0.999999959788958, 0.9999999999993798]"
TwoStageSignalAgent_sigmoidThreshold,session_23_player1,23.0,11,1,closer_to_player2,8,"[0.5, 0.4941139122210463, 0.5825420888722087, 0.6613751768155125, 0.7253038780722565, 0.6566212445357791, 0.7927729170739664, 0.8851734489170658]"
TwoStageSignalAgent_sigmoidThreshold,session_23_player2,23.0,11,2,closer_to_player2,8,"[0.5, 0.9994750532048616, 0.9992842994299511, 0.9990486054313992, 0.9987947609492678, 0.9999999811459647, 0.9999999999989896, 0.9999999999994986]"
TwoStageSignalAgent_sigmoidThreshold,session_24_player1,24.0,0,1,closer_to_player2,6,"[0.5, 0.6686133649711017, 0.8022793212085534, 0.890606712987553, 0.9422851266704779, 0.9710253309426119]"
TwoStageSignalAgent_sigmoidThreshold,session_24_player2,24.0,0,2,closer_to_player2,6,"[0.5, 1.0, 1.0, 1.0, 1.0, 1.0]"
TwoStageSignalAgent_sigmoidThreshold,session_24_player1,24.0,3,1,closer_to_player2,9,"[0.5, 0.49004366172825675, 0.9888778154819465, 0.9998122560239168, 0.9999951905915372, 0.9999953386832082, 0.9999937285049986, 0.9999999465887904, 0.9999999992883944]"
TwoStageSignalAgent_sigmoidThreshold,session_24_player2,24.0,3,2,closer_to_player2,9,"[0.5, 0.9996595075027566, 0.9999997285316051, 0.9999999995372827, 0.9999999999984451, 0.9999999999999906, 0.9999999999999999, 1.0, 1.0]"
TwoStageSignalAgent_sigmoidThreshold,session_24_player1,24.0,4,1,closer_to_player1,6,"[0.5, 0.6666465990214541, 0.8000034058317429, 0.8889114812235809, 0.9412058173640313, 0.9699318224748206]"
TwoStageSignalAgent_sigmoidThreshold,session_24_player2,24.0,4,2,closer_to_player1,9,"[0.5, 0.5035101254771449, 0.5063342598546101, 0.5024019067777873, 0.49726316476481397, 0.5041463859014049, 0.5625689754624976, 0.566078956607133, 0.5681923328146852]"
TwoStageSignalAgent_sigmoidThreshold,session_24_player1,24.0,6,1,closer_to_player1,6,"[0.5, 0.49678002906198354, 0.5721346904012593, 0.631356281817639, 0.669876314151853, 0.6027472894497229]"
TwoStageSignalAgent_sigmoidThreshold,session_24_player2,24.0,6,2,closer_to_player1,11,"[0.5, 0.5045359656323897, 0.5061122621334596, 0.5069812710804755, 0.50734717197664, 0.5098194939520634, 0.515731409135128, 0.5887948907608583, 0.026152589779032422, 0.026216843838090698, 0.02623959689371436]"
TwoStageSignalAgent_sigmoidThreshold,session_24_player1,24.0,7,1,closer_to_player1,16,"[0.5, 0.4868182331315082, 0.47664553579088925, 0.4693466101422133, 0.46473932274470653, 0.466377913704468, 0.5468541063247239, 0.9999694859822595, 0.999961334948914, 0.9999999993958529, 0.9999999982411278, 0.9999694859950233, 0.9999613349650871, 0.9999999993958532, 0.9999999994806177, 0.9999999995666051]"
TwoStageSignalAgent_sigmoidThreshold,session_24_player2,24.0,7,2,closer_to_player1,9,"[0.5, 0.5034379190182381, 0.5059016476516383, 0.5071268068669457, 0.504008413999854, 0.5787222969426101, 0.49871969079943174, 0.6655946752014732, 0.8004271765162239]"
TwoStageSignalAgent_sigmoidThreshold,session_24_player1,24.0,10,1,equal_to_both,17,"[0.5, 0.01054776396255775, 0.00018256411069559933, 0.05025446313578797, 0.04971159605245472, 0.049368987992704116, 0.0003199056230242356, 0.0003166280310773323, 0.00031402867764190087, 0.0003030034710805706, 0.0002376449982412378, 0.9638702601089212, 0.9999987533876684, 0.9999999998670639, 0.9999999999999603, 1.0, 1.0]"
TwoStageSignalAgent_sigmoidThreshold,session_24_player2,24.0,10,2,equal_to_both,13,"[0.5, 0.9883573975289, 0.9997807837387512, 0.9482047738652182, 0.9521893352893533, 0.9529117334295034, 0.9996953604247235, 0.9996987869905919, 0.9997012929190444, 0.9997119967221552, 0.9999994653397434, 0.9999999978448281, 0.9999999999815201]"
TwoStageSignalAgent_sigmoidThreshold,session_24_player1,24.0,11,1,equal_to_both,11,"[0.5, 0.9886510412837684, 0.9893737723384219, 0.9998844330643354, 0.9998883470322556, 0.9999988162347946, 0.9999999797315989, 0.9999999994643632, 0.9999999996021613, 0.9999999996875808, 0.9999999998181022]"
TwoStageSignalAgent_sigmoidThreshold,session_24_player2,24.0,11,2,equal_to_both,11,"[0.5, 0.9894609058699039, 0.9998177897591819, 0.9998219325401534, 0.999824694805373, 0.9998269010374814, 0.999998907485886, 0.9999989665769964, 0.999999192400391, 0.9999999972866758, 0.9999999999830512]"
TwoStageSignalAgent_sigmoidThreshold,session_25_player1,25.0,0,1,closer_to_player1,8,"[0.5, 0.4941141042263818, 0.3621659051842214, 0.5317276201142145, 0.6943084684680986, 0.8196080366776771, 0.9008890800423405, 0.9482297809184391]"
TwoStageSignalAgent_sigmoidThreshold,session_25_player2,25.0,0,2,closer_to_player1,10,"[0.5, 0.5034030953139028, 0.5058695773168929, 0.5073316817975351, 0.5085131867026386, 0.5153926878165204, 0.5736110687232626, 0.5770990584997148, 0.5791986603776001, 0.5791986603776003]"
TwoStageSignalAgent_sigmoidThreshold,session_25_player1,25.0,1,1,closer_to_player1,8,"[0.5, 0.9998685402801037, 0.9999999553798193, 0.999999999965047, 0.99999999999994, 0.9999999999999997, 1.0, 1.0]"
TwoStageSignalAgent_sigmoidThreshold,session_25_player2,25.0,1,2,closer_to_player1,8,"[0.5, 0.4897437488970277, 0.4738936741260844, 0.9972275933198914, 0.9999873325644345, 0.999999895700216, 0.9999999984791721, 0.999999999959689]"
TwoStageSignalAgent_sigmoidThreshold,session_25_player1,25.0,2,1,equal_to_both,11,"[0.5, 0.5014709796104599, 0.9938744791748669, 0.9999346896030787, 0.9999988835928901, 0.999999970056318, 0.9999999795761018, 0.9999999990685018, 0.9999999995669206, 0.999999999804458, 0.9999999999436073]"
TwoStageSignalAgent_sigmoidThreshold,session_25_player2,25.0,2,2,equal_to_both,11,"[0.5, 0.4999140431128619, 0.4998929899720236, 0.49948537283083183, 0.998343862577709, 0.999994545116888, 0.9999945056638955, 0.9999919067339673, 0.9999999904140041, 0.9999999999775233, 0.9999999999999034]"
TwoStageSignalAgent_sigmoidThreshold,session_25_player1,25.0,3,1,equal_to_both,8,"[0.5, 0.5081140452276851, 0.9989411229927793, 0.9999974884217988, 0.9999999881075506, 0.9999999947449584, 0.9999999999262307, 0.9999999999992948]"
TwoStageSignalAgent_sigmoidThreshold,session_25_player2,25.0,3,2,equal_to_both,8,"[0.5, 0.4918972918616753, 0.3589602617349481, 0.99969238785706, 0.9999998748458403, 0.9999999998903062, 0.9999999999998093, 0.9999999999999993]"
TwoStageSignalAgent_sigmoidThreshold,session_25_player1,25.0,5,1,closer_to_player2,8,"[0.5, 0.503565455998599, 0.5120182702590954, 0.5179796531531435, 0.5074203164211059, 0.5768804905324337, 0.7330944491895096, 0.9994194244126737]"
TwoStageSignalAgent_sigmoidThreshold,session_25_player2,25.0,5,2,closer_to_player2,8,"[0.5, 0.9999427104403582, 0.9999999924546731, 0.9999999999973971, 0.9999999999980774, 0.9999999999999991, 0.9999999999999996, 0.9999999999999999]"
TwoStageSignalAgent_sigmoidThreshold,session_25_player1,25.0,9,1,closer_to_player2,11,"[0.5, 0.49037181091882215, 0.4802100156815091, 0.4645738688486607, 0.3360793785976761, 0.057722219895092096, 0.10945690968060603, 0.2026759027064814, 0.4680293482720567, 0.9991383911270713, 0.9999994630436749]"
TwoStageSignalAgent_sigmoidThreshold,session_25_player2,25.0,9,2,closer_to_player2,9,"[0.5, 0.49965461601366645, 0.9998680496144845, 0.9998730381912889, 0.999918690356779, 0.9999999875957333, 0.9999999999978827, 0.9999999999999988, 1.0]"
TwoStageSignalAgent_sigmoidThreshold,session_25_player1,25.0,10,1,equal_to_both,9,"[0.5, 0.996641050140634, 0.999979232973685, 0.9999997808425909, 0.9999997876080055, 0.9999997918971691, 0.9999998025270865, 0.9999999992067002, 0.9999999995488215]"
TwoStageSignalAgent_sigmoidThreshold,session_25_player2,25.0,10,2,equal_to_both,9,"[0.5, 0.49999888604822545, 0.49999089592325185, 0.4998908790361961, 0.999672553893382, 0.999999734867217, 0.9999999995091415, 0.9999999999980281, 0.9999999999999832]"
TwoStageSignalAgent_sigmoidThreshold,session_26_player1,26.0,0,1,closer_to_player1,11,"[0.5, 0.003401015489634877, 0.9499905964863442, 0.9999818331522776, 0.999999985158666, 0.9999999999746599, 0.9999999999999135, 0.9999999999999997, 1.0, 1.0, 1.0]"
TwoStageSignalAgent_sigmoidThreshold,session_26_player2,26.0,0,2,closer_to_player1,11,"[0.5, 0.9831802844028213, 0.09286572878176659, 0.09355216669708441, 0.909522619479455, 0.9088665472791513, 0.8589154294685745, 0.9994947295402786, 0.9999973355137945, 0.9999999773241809, 0.9999999997002071]"
TwoStageSignalAgent_sigmoidThreshold,session_26_player1,26.0,1,1,closer_to_player1,8,"[0.5, 0.9999551474324573, 0.9999554707176695, 0.9999679001317127, 0.9999999994342119, 0.9999999999999127, 1.0, 1.0]"
TwoStageSignalAgent_sigmoidThreshold,session_26_player2,26.0,1,2,closer_to_player1,8,"[0.5, 0.5051530520338894, 0.5208377721268646, 0.43404175869834766, 0.3475360872882168, 0.21147843923277293, 0.48213845156218527, 0.9991830316981467]"
TwoStageSignalAgent_sigmoidThreshold,session_26_player1,26.0,2,1,closer_to_player2,9,"[0.5, 0.35379844463055254, 0.9192806372723904, 0.8927727130878382, 0.9980232940158851, 0.9999616169576261, 0.9999701350472626, 0.9999742435184684, 0.9999739873814143]"
TwoStageSignalAgent_sigmoidThreshold,session_26_player2,26.0,2,2,closer_to_player2,9,"[0.5, 0.5035226983000921, 0.9998315940363703, 0.9999999210113958, 0.9999999998568817, 0.9999999999595324, 0.9999999999999236, 0.9999999999999999, 1.0]"
TwoStageSignalAgent_sigmoidThreshold,session_26_player1,26.0,3,1,closer_to_player2,9,"[0.5, 0.9832211982451685, 0.9836225327045731, 0.9997168137424287, 0.9999926272370362, 0.999992956791266, 0.9999931402314483, 0.9999919433347614, 0.9999999571862406]"
TwoStageSignalAgent_sigmoidThreshold,session_26_player2,26.0,3,2,closer_to_player2,9,"[0.5, 0.9995402022178727, 0.9997346081017116, 0.9999995985998489, 0.9999999995248042, 0.999999999999157, 0.999999999999996, 1.0, 1.0]"
TwoStageSignalAgent_sigmoidThreshold,session_26_player1,26.0,8,1,equal_to_both,8,"[0.5, 0.0002429242716870173, 0.5877494720317417, 0.9996791658683868, 0.9998158364770507, 0.9999997214442644, 0.9999999997387865, 0.999999999999383]"
TwoStageSignalAgent_sigmoidThreshold,session_26_player2,26.0,8,2,equal_to_both,6,"[0.5, 0.9997570927972078, 0.9999998569101246, 0.9999998019609885, 0.9999999999194981, 0.9999999999999295]"
TwoStageSignalAgent_sigmoidThreshold,session_26_player1,26.0,10,1,equal_to_both,11,"[0.5, 0.9894522360352315, 0.999817435889124, 0.9999952263448925, 0.9999955374415913, 0.9999998812550772, 0.9999999927814561, 0.999999996586684, 0.9999999983610448, 0.9999999992061535, 0.9999999996312616]"
TwoStageSignalAgent_sigmoidThreshold,session_26_player2,26.0,10,2,equal_to_both,11,"[0.5, 0.9883644188101147, 0.9997811072211956, 0.9999938204518092, 0.9999952469988161, 0.9999955661225579, 0.9999999232822472, 0.9999999439698054, 0.9999999986992777, 0.9999999993700753, 0.9999999997074059]"
TwoStageSignalAgent_sigmoidThreshold,session_26_player1,26.0,11,1,closer_to_player1,8,"[0.5, 0.9999444490184386, 0.9999999928562233, 0.9999999999976109, 0.999999999999998, 1.0, 1.0, 1.0]"
TwoStageSignalAgent_sigmoidThreshold,session_26_player2,26.0,11,2,closer_to_player1,8,"[0.5, 0.9831759564440311, 0.9835951990205457, 0.9997155735294924, 0.9999922906103537, 0.9999941797239782, 0.9999951132093569, 0.9999951792662984]"
TwoStageSignalAgent_sigmoidThreshold,session_27_player1,27.0,0,1,equal_to_both,11,"[0.5, 0.5000002781200866, 0.5000003253656434, 0.9966417744397991, 0.9966615783050408, 0.9999886118765552, 0.9999890253762926, 0.9999905094737613, 0.9999999842637168, 0.9999999999471303, 0.9999999999996697]"
TwoStageSignalAgent_sigmoidThreshold,session_27_player2,27.0,0,2,equal_to_both,11,"[0.5, 0.5000180341828482, 0.5000191967755536, 0.5000200692328922, 0.9983015470048512, 0.999994215617808, 0.9999999634974698, 0.999999965472071, 0.9999999997679138, 0.9999999999970794, 0.9999999999999268]"
TwoStageSignalAgent_sigmoidThreshold,session_27_player1,27.0,1,1,closer_to_player2,9,"[0.5, 0.983213531080979, 0.9995550544161701, 0.9995812185084603, 0.9995977854552835, 0.9996071998420546, 0.9996112475411485, 0.9995371693179774, 0.9999991946793176]"
TwoStageSignalAgent_sigmoidThreshold,session_27_player2,27.0,1,2,closer_to_player2,11,"[0.5, 0.9982502830518, 0.9982567686699748, 0.9982562685752278, 0.9982962457968141, 0.9989688723276919, 0.9999997833615547, 0.9999999998715032, 0.999999999999515, 0.999999999999999, 1.0]"
TwoStageSignalAgent_sigmoidThreshold,session_27_player1,27.0,3,1,closer_to_player1,5,"[0.5, 0.9999950822491546, 0.9999999999425085, 0.999999999999998, 1.0]"
TwoStageSignalAgent_sigmoidThreshold,session_27_player2,27.0,3,2,closer_to_player1,9,"[0.5, 0.5024478721186529, 0.5036336810910154, 0.49835037763395396, 0.37544927508499953, 0.5464350916588308, 0.7117861918756624, 0.8908133765710894, 0.9999662426224248]"
TwoStageSignalAgent_sigmoidThreshold,session_27_player1,27.0,4,1,closer_to_player2,9,"[0.5, 0.9832510367209313, 0.9836361800907446, 0.999723535926073, 0.9997264271759031, 0.9999965519533178, 0.9999953610232776, 0.9999999605420975, 0.9999999994841272]"
TwoStageSignalAgent_sigmoidThreshold,session_27_player2,27.0,4,2,closer_to_player2,9,"[0.5, 0.9994007962052949, 0.9999977349904702, 0.9999999946337744, 0.9999999999721628, 0.9999999999998189, 0.9999999999999984, 1.0, 1.0]"
TwoStageSignalAgent_sigmoidThreshold,session_27_player1,27.0,8,1,equal_to_both,7,"[0.5, 0.0002631325555484198, 0.7047010383929496, 0.9998897196877068, 0.9999999730892363, 0.9999999999890333, 0.9999999999999907]"
TwoStageSignalAgent_sigmoidThreshold,session_27_player2,27.0,8,2,equal_to_both,11,"[0.5, 0.9998677448943394, 0.2990626125952142, 5.6432368309327885e-05, 0.5000000000005951, 0.9998695840285239, 0.9999999557713887, 0.9999999999698402, 0.9999914415329128, 0.9999999918513056, 0.9999999999929592]"
TwoStageSignalAgent_sigmoidThreshold,session_27_player1,27.0,9,1,closer_to_player1,7,"[0.5, 0.5062517277376833, 0.5101783250974758, 0.9983520545094656, 0.9999922997934558, 0.9999961482326739, 0.9999980728833345]"
TwoStageSignalAgent_sigmoidThreshold,session_27_player2,27.0,9,2,closer_to_player1,13,"[0.5, 0.49671389492367385, 0.5064978868596556, 0.4918922149914359, 0.5822031359441024, 0.732126811014953, 0.9999903492566297, 0.9999810117710398, 0.999999999851618, 0.999996117136024, 0.9999999999144219, 0.9999999999999981, 1.0]"
TwoStageSignalAgent_sigmoidThreshold,session_27_player1,27.0,10,1,closer_to_player1,9,"[0.5, 0.9996595408483077, 0.9996593691524188, 0.9999998827448676, 0.9999998855893144, 0.9999999999480462, 0.9999999999999432, 0.9999999999999999, 1.0]"
TwoStageSignalAgent_sigmoidThreshold,session_27_player2,27.0,10,2,closer_to_player1,9,"[0.5, 0.5220118942962203, 0.9902812855289257, 0.9907425831435606, 0.9998998952039929, 0.9999974240471835, 0.9999987461873482, 0.9999993838928276, 0.9999996960048908]"
TwoStageSignalAgent_sigmoidThreshold,session_27_player1,27.0,11,1,closer_to_player2,9,"[0.5, 0.5025862878978467, 0.5044972586959557, 0.49980773770857523, 0.5830828415465813, 0.4766364699981862, 0.6456178917724137, 0.7847019182357036, 0.880157205230715]"
TwoStageSignalAgent_sigmoidThreshold,session_27_player2,27.0,11,2,closer_to_player2,11,"[0.5, 0.4090069316853173, 0.5434791626429711, 0.998725431128109, 0.9999984371585438, 0.9999999952358012, 0.9999999976176858, 0.9999999988089755, 0.9999999994046112, 0.9999999997023953, 0.9999999998523083]"
TwoStageSignalAgent_sigmoidThreshold,session_28_player1,28.0,1,1,closer_to_player1,9,"[0.5, 0.9996544312425973, 0.9999997176528326, 0.9999997331272207, 0.9999998479843167, 0.9999999997716913, 0.9999999999997297, 0.9999999999999997, 1.0]"
TwoStageSignalAgent_sigmoidThreshold,session_28_player2,28.0,1,2,closer_to_player1,11,"[0.5, 0.9832163561978555, 0.9836352011198571, 0.999716814031598, 0.9999925191389746, 0.9999995683203268, 0.9999997954741285, 0.99999990155542, 0.999368790916915, 0.9996960802248168, 0.9998519158070636]"
TwoStageSignalAgent_sigmoidThreshold,session_28_player1,28.0,2,1,equal_to_both,13,"[0.5, 0.010550865115786939, 0.010429887184178007, 0.010354182146476584, 0.8594021406828335, 0.9994490187076244, 0.999452275922842, 0.9994622642269438, 0.999496828818174, 0.9999996259248504, 0.9999999993797445, 0.9999999999979162, 0.999999999999987]"
TwoStageSignalAgent_sigmoidThreshold,session_28_player2,28.0,2,2,equal_to_both,11,"[0.5, 0.989448879237233, 0.999817309804424, 0.9998216952238014, 0.999824474051837, 0.9998266831354455, 0.9999989060977996, 0.9999989652298641, 0.9999999930456694, 0.9999999999126582, 0.9999999999979615]"
TwoStageSignalAgent_sigmoidThreshold,session_28_player1,28.0,3,1,equal_to_both,11,"[0.5, 0.4999140431137752, 0.49989298997320797, 0.4994853728330483, 0.49162468646481483, 0.9994083447758392, 0.999999256218403, 0.9999989043924972, 0.9999999987023267, 0.9999999999969573, 0.9999999999999869]"
TwoStageSignalAgent_sigmoidThreshold,session_28_player2,28.0,3,2,equal_to_both,11,"[0.5, 0.9892762229733918, 0.9895452054887943, 0.9998880484659609, 0.9998900587256118, 0.9999988360853684, 0.9999988780783203, 0.9999989539292323, 0.9999994081701623, 0.9999999884363852, 0.9999999999503149]"
TwoStageSignalAgent_sigmoidThreshold,session_28_player1,28.0,4,1,closer_to_player1,6,"[0.5, 0.5041428589394858, 0.9983132196755363, 0.998681352745468, 0.9999973115167133, 0.999998660207269]"
TwoStageSignalAgent_sigmoidThreshold,session_28_player2,28.0,4,2,closer_to_player1,12,"[0.5, 0.48243428438500985, 0.35030039246447103, 0.5037098060731725, 0.6619790968351027, 0.7937674685059414, 0.8845476689181185, 0.94811783458488, 0.9999998079835622, 0.9999999999984995, 1.0, 1.0]"
TwoStageSignalAgent_sigmoidThreshold,session_28_player1,28.0,5,1,closer_to_player2,9,"[0.5, 0.5177348577233508, 0.5245425807025589, 0.5453555249143774, 0.5513926733543679, 0.5545694871331923, 0.5560735353135494, 0.5566954815743758, 0.5569153239978422]"
TwoStageSignalAgent_sigmoidThreshold,session_28_player2,28.0,5,2,closer_to_player2,9,"[0.5, 0.5032793513689968, 0.4279213792547551, 0.5092291010019309, 0.9999642811160825, 0.999954637469001, 0.999947063572609, 0.999999999838862, 0.9999999998646866]"
TwoStageSignalAgent_sigmoidThreshold,session_28_player1,28.0,7,1,closer_to_player2,9,"[0.5, 0.5028403657032497, 0.5044879632462047, 0.5053186740003326, 0.506499945703571, 0.5006856072355914, 0.5070445079292163, 0.5900953716439531, 0.5921760472168147]"
TwoStageSignalAgent_sigmoidThreshold,session_28_player2,28.0,7,2,closer_to_player2,5,"[0.5, 0.49396336191141565, 0.5003291295161617, 0.4542510577069421, 0.5639248703349423]"
TwoStageSignalAgent_sigmoidThreshold,session_28_player1,28.0,9,1,equal_to_both,10,"[0.5, 0.4918969747899417, 0.9994210436625304, 0.9999992918828957, 0.9999989161704015, 0.9999999990500554, 0.9999752907885099, 0.9999999541300175, 0.9999999997157344, 0.9999999999990872]"
TwoStageSignalAgent_sigmoidThreshold,session_28_player2,28.0,9,2,equal_to_both,8,"[0.5, 0.5081044179357108, 0.6410496960167092, 0.9991407680511765, 0.9999993025487692, 0.9999999987052882, 0.9999999999919764, 0.9999999999999742]"
TwoStageSignalAgent_sigmoidThreshold,session_28_player1,28.0,10,1,closer_to_player2,11,"[0.5, 0.5034829763377406, 0.5051874692503621, 0.5060646029186533, 0.5072123318658307, 0.5134829580323487, 0.5625981168717994, 0.5632181025517098, 0.5634372472143045, 1.2093032067238371e-29, 1.2103810182352292e-29]"
TwoStageSignalAgent_sigmoidThreshold,session_28_player2,28.0,10,2,closer_to_player2,6,"[0.5, 0.5062856061979552, 0.5036358834034279, 0.5651721938234061, 0.6063172696414074, 0.6981882202492766]"
TwoStageSignalAgent_sigmoidThreshold,session_29_player1,29.0,0,1,closer_to_player2,9,"[0.5, 0.5034894307273194, 0.5063038582258449, 0.5023740125393819, 0.4972352600720677, 0.4914212518797247, 0.48559984953505025, 0.43759072836027385, 0.6105664579066788]"
TwoStageSignalAgent_sigmoidThreshold,session_29_player2,29.0,0,2,closer_to_player2,10,"[0.5, 0.41169113427633125, 0.5360616032232663, 0.3661548222274625, 0.9997344212431034, 0.9996469187749053, 0.9995526480447178, 0.9999999930072597, 0.9999999939883731, 0.9999999949836634]"
TwoStageSignalAgent_sigmoidThreshold,session_29_player1,29.0,1,1,closer_to_player1,6,"[0.5, 0.3771017522941663, 0.9985954914322375, 0.9999976395927719, 0.9999999927455863, 0.9999999999617935]"
TwoStageSignalAgent_sigmoidThreshold,session_29_player2,29.0,1,2,closer_to_player1,12,"[0.5, 0.4966079681494266, 0.49466542691722554, 0.9991657891123188, 0.9991926860636376, 0.9995344714776787, 0.9999997213831651, 0.999999999579619, 0.999999999997856, 0.9999999999999825, 0.9999999999999999, 1.0]"
TwoStageSignalAgent_sigmoidThreshold,session_29_player1,29.0,3,1,closer_to_player2,9,"[0.5, 0.5051064372148607, 0.507615752888435, 0.994057704695115, 0.9942086730786232, 0.9999635315456757, 0.9999718305823913, 0.999976042153486, 0.9999770715672235]"
TwoStageSignalAgent_sigmoidThreshold,session_29_player2,29.0,3,2,closer_to_player2,9,"[0.5, 0.49923580064989154, 0.9998680775663631, 0.9999999545963172, 0.9999999556989588, 0.999999999979874, 0.9999999999883734, 0.999999999999979, 1.0]"
TwoStageSignalAgent_sigmoidThreshold,session_29_player1,29.0,4,1,equal_to_both,13,"[0.5, 0.9811855633287875, 0.9811855633287875, 0.9833855458592647, 0.9837998635444875, 0.9839320170315998, 0.9840415593917576, 0.9846901993418008, 0.9999637216437938, 0.9999998310476963, 0.9999999044127992, 0.9999999981323466, 0.9999999999919753]"
TwoStageSignalAgent_sigmoidThreshold,session_29_player2,29.0,4,2,equal_to_both,12,"[0.5, 0.4987311526287947, 0.4986451963336228, 0.9938158904699838, 0.9999341989983898, 0.9999988789707172, 0.9999999708248093, 0.9999999988683232, 0.9999999998893979, 0.9999999999492643, 0.9999999999765178, 0.999999999989126]"
TwoStageSignalAgent_sigmoidThreshold,session_29_player1,29.0,6,1,closer_to_player2,11,"[0.5, 0.5034526775804175, 0.505702147512392, 0.5075170077317116, 0.5139041630188247, 0.5428339245448521, 0.5443450251616447, 0.0293843286731313, 0.035581452134286685, 0.03566802245485056, 0.035698677323571154]"
TwoStageSignalAgent_sigmoidThreshold,session_29_player2,29.0,6,2,closer_to_player2,6,"[0.5, 0.5062849490494752, 0.509794855152946, 0.5159587551585032, 0.5891435375227991, 0.5893635606745348]"
TwoStageSignalAgent_sigmoidThreshold,session_29_player1,29.0,7,1,equal_to_both,11,"[0.5, 0.5014705037002133, 0.50158436173233, 0.9966570632231219, 0.9999792858293787, 0.9999997807247741, 0.999999996183854, 0.9999999972767497, 0.9999999980265496, 0.9999999999625885, 0.9999999999892109]"
TwoStageSignalAgent_sigmoidThreshold,session_29_player2,29.0,7,2,equal_to_both,12,"[0.5, 0.9894545364746299, 0.9895707013187982, 0.9998885577886326, 0.9999981013117633, 0.9999981500997588, 0.9999981813051797, 0.9999999809072345, 0.9999999996730764, 0.9999999999884978, 0.9999999999884978, 0.9999999999946737]"
TwoStageSignalAgent_sigmoidThreshold,session_29_player1,29.0,9,1,closer_to_player1,9,"[0.5, 0.6222428080831501, 0.999874409041013, 0.9999998053271595, 0.9999999996185948, 0.9999999999996656, 0.9999999999999994, 1.0, 1.0]"
TwoStageSignalAgent_sigmoidThreshold,session_29_player2,29.0,9,2,closer_to_player1,9,"[0.5, 0.9832244290769471, 0.9995560905525356, 0.9995727060141282, 0.9995836710544711, 0.9995878570080172, 0.9994386287077641, 0.9999982009499442, 0.9999999900588168]"
TwoStageSignalAgent_sigmoidThreshold,session_29_player1,29.0,10,1,closer_to_player1,6,"[0.5, 0.9938895767748462, 0.9999347833105405, 0.9999984687820986, 0.9999992544486895, 0.9999996350843908]"
TwoStageSignalAgent_sigmoidThreshold,session_29_player2,29.0,10,2,closer_to_player1,16,"[0.5, 0.4934653115387306, 0.999175281974467, 0.9991714804446281, 0.9999993382497508, 0.9999999988708324, 0.9999999999962004, 0.9999999999999762, 0.9999999998678888, 0.9999999976279944, 0.9999999999743355, 0.9999999999992762, 0.9999999999996482, 0.9999999999998278, 0.9999999999999192, 0.9999999999999771]"
TwoStageSignalAgent_sigmoidThreshold,session_29_player1,29.0,11,1,equal_to_both,10,"[0.5, 0.9937950362376098, 0.999933144488756, 0.999934971763737, 0.9999356399527599, 0.999999609043176, 0.999999611661074, 0.999999998050385, 0.9999999999814738, 0.9999999999996435]"
TwoStageSignalAgent_sigmoidThreshold,session_29_player2,29.0,11,2,equal_to_both,10,"[0.5, 0.5000169361781833, 0.5004245006952871, 0.9982521286217745, 0.9999939077658039, 0.9999999609617625, 0.9999999995653213, 0.999999999988372, 0.9999999999947498, 0.9999999999984859]"
Human-Human,human_6b3ca33d-6a91-4de7-aaef-b55bcb13d712_player1,,0,1,equal_to_both,6,"[0.5, 0.9995495452389491, 0.9999995101074578, 0.9999999988366087, 0.9999999999927697, 0.9999999999999633]"
Human-Human,human_6b3ca33d-6a91-4de7-aaef-b55bcb13d712_player2,,0,2,equal_to_both,6,"[0.5, 0.999830000237463, 0.9999999322553896, 0.9999999999422303, 0.9999999999999029, 0.9999999999999997]"
Human-Human,human_6b3ca33d-6a91-4de7-aaef-b55bcb13d712_player1,,1,1,equal_to_both,4,"[0.5, 0.9959084525448256, 0.9999770481255964, 0.9999997577783318]"
Human-Human,human_6b3ca33d-6a91-4de7-aaef-b55bcb13d712_player2,,1,2,equal_to_both,9,"[0.5, 0.9994303064191473, 0.9999992811891005, 0.9999999981098903, 0.9999999999900172, 0.9999999999998946, 6.463720163755422e-19, 6.463720163755422e-19, 2.4463776805695613e-17]"
Human-Human,human_6b3ca33d-6a91-4de7-aaef-b55bcb13d712_player1,,2,1,closer_to_player1,5,"[0.5, 0.33167051929661634, 1.0, 1.0, 1.0]"
Human-Human,human_6b3ca33d-6a91-4de7-aaef-b55bcb13d712_player2,,2,2,closer_to_player1,9,"[0.5, 0.5795852608813704, 0.6527676344609498, 0.7142529020875961, 0.7600381037960429, 0.7865183487976402, 0.8153350962678854, 0.8153350962678854, 0.8153350962678854]"
Human-Human,human_6b3ca33d-6a91-4de7-aaef-b55bcb13d712_player1,,3,1,equal_to_both,6,"[0.5, 0.5036402535051359, 0.43443437631898013, 0.510111837600777, 0.999917885701626, 0.9999385041469214]"
Human-Human,human_6b3ca33d-6a91-4de7-aaef-b55bcb13d712_player2,,3,2,equal_to_both,6,"[0.5, 0.5883032134536315, 0.6786834512387693, 0.7675252310212789, 0.8497719204689428, 0.9184005897099241]"
Human-Human,human_6b3ca33d-6a91-4de7-aaef-b55bcb13d712_player1,,4,1,closer_to_player1,5,"[0.5, 0.9999930350560399, 0.9999999998920794, 0.9999999999999947, 1.0]"
Human-Human,human_6b3ca33d-6a91-4de7-aaef-b55bcb13d712_player2,,4,2,closer_to_player1,10,"[0.5, 0.586788101075512, 0.7030008666202494, 0.9999978042742335, 0.999999999973099, 0.999999999999999, 1.0, 1.0, 1.0, 1.0]"
Human-Human,human_6b3ca33d-6a91-4de7-aaef-b55bcb13d712_player1,,7,1,closer_to_player2,4,"[0.5, 0.5609945462109613, 0.5997266868933165, 0.9999554743107464]"
Human-Human,human_6b3ca33d-6a91-4de7-aaef-b55bcb13d712_player2,,7,2,closer_to_player2,10,"[0.5, 0.5497334032568709, 0.6300587352938752, 1.0, 1.0, 1.0, 1.0, 1.0, 1.0, 1.0]"
Human-Human,human_6b3ca33d-6a91-4de7-aaef-b55bcb13d712_player2,,8,2,closer_to_player1,7,"[0.5, 0.33501473695832373, 0.20123480006694272, 0.09537204601735949, 3.699976598662438e-07, 1.0, 1.0]"
Human-Human,human_6b3ca33d-6a91-4de7-aaef-b55bcb13d712_player1,,10,1,closer_to_player2,12,"[0.5, 0.41579571195622245, 0.9866937616463436, 0.9861578268752964, 0.9999093808155303, 0.9999100118361101, 0.99999944946539, 0.9999994549916751, 0.9999999971262903, 0.9999999971409778, 3.0763496207980948e-25, 9.113146368817284e-23]"
Human-Human,human_6b3ca33d-6a91-4de7-aaef-b55bcb13d712_player2,,10,2,closer_to_player2,14,"[0.5, 1.0, 1.0, 1.0, 1.0, 1.0, 1.0, 1.0, 1.0, 1.0, 1.0, 1.0, 1.0, 1.0]"
Human-Human,human_6b3ca33d-6a91-4de7-aaef-b55bcb13d712_player1,,11,1,closer_to_player2,11,"[0.5, 0.35436781034826914, 0.0008762129748735687, 0.0014313592151197977, 0.0020100324813133764, 0.002714707075465907, 0.0035163067360425783, 0.006273746759770131, 1.1072707869561263e-08, 0.0007257325093080993, 0.825726375257467]"
Human-Human,human_6b3ca33d-6a91-4de7-aaef-b55bcb13d712_player2,,11,2,closer_to_player2,11,"[0.5, 0.5769857784521709, 0.6365353790756788, 0.5948437001253907, 1.030543952251622e-05, 1.2000339212548135e-05, 1.2191554880864938e-05, 1.624104469456101e-38, 2.446761817390479e-34, 1.060103754756328e-67, 6.916095660637879e-64]"
Human-Human,human_dbe27c5c-9678-4808-9506-13690c5d442a_player1,,2,1,equal_to_both,6,"[0.5, 0.41745967485723506, 0.5260672510023996, 0.9998619215282961, 0.9998398022283523, 0.9997956406478309]"
Human-Human,human_dbe27c5c-9678-4808-9506-13690c5d442a_player2,,2,2,equal_to_both,6,"[0.5, 0.33705877472373863, 0.20391398156654847, 0.11354785492162166, 0.9997529039210332, 0.9996847947116447]"
Human-Human,human_dbe27c5c-9678-4808-9506-13690c5d442a_player1,,5,1,equal_to_both,6,"[0.5, 0.9989137933805177, 0.9999990458496851, 0.9999999986841128, 0.999999999996197, 0.9999999999999767]"
Human-Human,human_dbe27c5c-9678-4808-9506-13690c5d442a_player2,,5,2,equal_to_both,6,"[0.5, 0.23227291265206879, 0.9991308024116926, 0.9999997877368635, 0.9999999999135043, 0.9999999999999263]"
Human-Human,human_dbe27c5c-9678-4808-9506-13690c5d442a_player1,,6,1,closer_to_player2,2,"[0.5, 0.9999148033620131]"
Human-Human,human_dbe27c5c-9678-4808-9506-13690c5d442a_player2,,6,2,closer_to_player2,4,"[0.5, 1.7546265709885753e-06, 0.02982053227832508, 0.9931134093658375]"
Human-Human,human_dbe27c5c-9678-4808-9506-13690c5d442a_player1,,7,1,closer_to_player1,2,"[0.5, 0.5891049036989647]"
Human-Human,human_dbe27c5c-9678-4808-9506-13690c5d442a_player2,,7,2,closer_to_player1,4,"[0.5, 0.3899260014455495, 0.27109553255567337, 0.15682682080507093]"
Human-Human,human_dbe27c5c-9678-4808-9506-13690c5d442a_player2,,8,2,closer_to_player1,3,"[0.5, 0.6589444667262508, 0.9997277903581431]"
Human-Human,human_dbe27c5c-9678-4808-9506-13690c5d442a_player1,,9,1,closer_to_player2,6,"[0.5, 0.9997900809005592, 0.9999998754173749, 0.9999999998149633, 0.9999999999986798, 0.9999999999999938]"
Human-Human,human_dbe27c5c-9678-4808-9506-13690c5d442a_player2,,9,2,closer_to_player2,4,"[0.5, 0.9983677527250754, 0.9999985672205627, 0.9999999975082603]"
Human-Human,human_dbe27c5c-9678-4808-9506-13690c5d442a_player1,,10,1,closer_to_player2,2,"[0.5, 0.9999336101934556]"
Human-Human,human_dbe27c5c-9678-4808-9506-13690c5d442a_player2,,10,2,closer_to_player2,2,"[0.5, 0.9984853193994276]"
Human-Human,human_dbe27c5c-9678-4808-9506-13690c5d442a_player1,,11,1,equal_to_both,6,"[0.5, 0.9996721896509996, 0.9999997340470954, 0.9999999995063286, 0.9999999999980097, 0.9999999999999809]"
Human-Human,human_dbe27c5c-9678-4808-9506-13690c5d442a_player2,,11,2,equal_to_both,8,"[0.5, 0.00017227503189795455, 0.4526812298351962, 0.9992887973809655, 0.9999989502729509, 0.9999999965193732, 0.9999999999720561, 0.9999999999995914]"
Human-Human,human_1d1f4cf9-e5f0-4ef5-8d74-ab6b134f25eb_player1,,0,1,closer_to_player2,8,"[0.5, 0.6670045572166742, 0.8004144267595712, 0.8892419939424081, 0.9421892632314672, 0.9798826679310838, 2.1092443893120607e-32, 2.955617408620225e-28]"
Human-Human,human_1d1f4cf9-e5f0-4ef5-8d74-ab6b134f25eb_player2,,0,2,closer_to_player2,8,"[0.5, 0.5, 0.5, 0.6060379328666123, 0.7361321127157275, 1.0, 1.0, 1.0]"
Human-Human,human_1d1f4cf9-e5f0-4ef5-8d74-ab6b134f25eb_player1,,2,1,closer_to_player1,2,"[0.5, 0.7610969852590125]"
Human-Human,human_1d1f4cf9-e5f0-4ef5-8d74-ab6b134f25eb_player2,,2,2,closer_to_player1,6,"[0.5, 0.6676331432586492, 0.8011347971451153, 0.889826788671019, 0.9429708887934581, 0.981370005515113]"
Human-Human,human_1d1f4cf9-e5f0-4ef5-8d74-ab6b134f25eb_player2,,3,2,closer_to_player1,23,"[0.5, 0.49433434434469486, 0.4886459381043396, 0.440691964818189, 5.492257229230508e-06, 8.706868959098819e-11, 6.588919544673127e-15, 3.575727108903809e-15, 0.9999999999999962, 0.9999999999999999, 1.0, 1.0, 1.0, 1.0, 1.0, 1.0, 1.0, 1.0, 1.0, 0.047083944230733976, 0.0009688689436927948, 0.0007990066521326654, 0.00160829403473056]"
Human-Human,human_1d1f4cf9-e5f0-4ef5-8d74-ab6b134f25eb_player1,,5,1,closer_to_player2,5,"[0.5, 1.0, 1.0, 1.0, 1.0]"
Human-Human,human_1d1f4cf9-e5f0-4ef5-8d74-ab6b134f25eb_player2,,5,2,closer_to_player2,5,"[0.5, 1.0, 1.0, 1.0, 1.0]"
Human-Human,human_1d1f4cf9-e5f0-4ef5-8d74-ab6b134f25eb_player1,,7,1,equal_to_both,5,"[0.5, 0.9999982453772036, 0.9999999999864815, 0.9999999999999997, 1.0]"
Human-Human,human_1d1f4cf9-e5f0-4ef5-8d74-ab6b134f25eb_player2,,7,2,equal_to_both,7,"[0.5, 0.9999950605671429, 0.9999999999446705, 0.9999999999999982, 1.0, 1.0, 1.0]"
Human-Human,human_1d1f4cf9-e5f0-4ef5-8d74-ab6b134f25eb_player1,,8,1,equal_to_both,5,"[0.5, 0.9999147695504116, 0.9999999805017867, 0.9999999999893289, 0.9999999999999873]"
Human-Human,human_1d1f4cf9-e5f0-4ef5-8d74-ab6b134f25eb_player2,,8,2,equal_to_both,5,"[0.5, 0.9999147695504116, 0.9999999805017867, 0.9999999999893289, 0.9999999999999873]"
Human-Human,human_1d1f4cf9-e5f0-4ef5-8d74-ab6b134f25eb_player1,,9,1,equal_to_both,4,"[0.5, 0.9995922466023875, 0.9999996517187104, 0.9999999994007613]"
Human-Human,human_1d1f4cf9-e5f0-4ef5-8d74-ab6b134f25eb_player2,,9,2,equal_to_both,6,"[0.5, 0.9997376710606622, 0.9999999359986832, 0.9999999999738926, 0.9999999999999777, 1.0]"
Human-Human,human_1d1f4cf9-e5f0-4ef5-8d74-ab6b134f25eb_player1,,10,1,closer_to_player2,7,"[0.5, 6.404232687542912e-34, 1.755672067644404e-39, 2.317508251606744e-44, 1.686508704383836e-44, 5.40812516118675e-11, 2.7163315772404045e-05]"
Human-Human,human_1d1f4cf9-e5f0-4ef5-8d74-ab6b134f25eb_player2,,11,2,closer_to_player1,8,"[0.5, 0.5893422230923164, 0.6682644202319545, 0.7320495359688941, 0.7825612255096045, 0.8736686288851411, 0.9995483196986378, 0.9995483196986379]"
Human-Human,human_a5a659ea-c541-4c54-9bad-d736222acbb9_player1,,0,1,equal_to_both,4,"[0.5, 0.999124298094335, 0.9999984756031677, 0.9999999951045704]"
Human-Human,human_a5a659ea-c541-4c54-9bad-d736222acbb9_player2,,0,2,equal_to_both,6,"[0.5, 0.9998277244328858, 0.9999999299179593, 0.9999999999385752, 0.9999999999998932, 0.9999999999999997]"
Human-Human,human_a5a659ea-c541-4c54-9bad-d736222acbb9_player1,,1,1,closer_to_player2,4,"[0.5, 0.33347320099951605, 2.166743424070741e-34, 1.2214142182292162e-29]"
Human-Human,human_a5a659ea-c541-4c54-9bad-d736222acbb9_player2,,1,2,closer_to_player2,2,"[0.5, 0.33347320099951605]"
Human-Human,human_a5a659ea-c541-4c54-9bad-d736222acbb9_player1,,2,1,closer_to_player1,6,"[0.5, 0.704618606987805, 0.9999985289049144, 0.9999999999885042, 0.9999999999999998, 1.0]"
Human-Human,human_a5a659ea-c541-4c54-9bad-d736222acbb9_player2,,2,2,closer_to_player1,4,"[0.5, 0.9999921856124432, 0.9999999998247288, 0.9999999999999885]"
Human-Human,human_a5a659ea-c541-4c54-9bad-d736222acbb9_player1,,3,1,equal_to_both,6,"[0.5, 0.9998300002446118, 0.9999999322553952, 0.9999999999422303, 0.9999999999999029, 0.9999999999999997]"
Human-Human,human_a5a659ea-c541-4c54-9bad-d736222acbb9_player2,,3,2,equal_to_both,6,"[0.5, 0.9998300002446118, 0.9999999322553952, 0.9999999999422303, 0.9999999999999029, 0.9999999999999997]"
Human-Human,human_a5a659ea-c541-4c54-9bad-d736222acbb9_player1,,5,1,closer_to_player2,5,"[0.5, 0.9999980090619492, 0.9999999999823447, 0.9999999999999994, 1.0]"
Human-Human,human_a5a659ea-c541-4c54-9bad-d736222acbb9_player2,,5,2,closer_to_player2,5,"[0.5, 0.9999980090619492, 0.9999999999823447, 0.9999999999999994, 1.0]"
Human-Human,human_a5a659ea-c541-4c54-9bad-d736222acbb9_player1,,6,1,closer_to_player1,5,"[0.5, 0.9999980090619461, 0.9999999999823447, 0.9999999999999994, 1.0]"
Human-Human,human_a5a659ea-c541-4c54-9bad-d736222acbb9_player2,,6,2,closer_to_player1,5,"[0.5, 0.9999980090619461, 0.9999999999823447, 0.9999999999999994, 1.0]"
Human-Human,human_a5a659ea-c541-4c54-9bad-d736222acbb9_player1,,7,1,equal_to_both,6,"[0.5, 0.7677280071839686, 0.999920702114679, 0.9999999806634096, 0.9999999999921011, 0.9999999999999931]"
Human-Human,human_a5a659ea-c541-4c54-9bad-d736222acbb9_player2,,7,2,equal_to_both,6,"[0.5, 0.7677280071839686, 0.999920702114679, 0.9999999806634096, 0.9999999999921011, 0.9999999999999931]"
Human-Human,human_a5a659ea-c541-4c54-9bad-d736222acbb9_player1,,8,1,closer_to_player1,7,"[0.5, 0.49368207556976945, 0.5394284483604967, 0.6129641671973486, 1.0, 1.0, 1.0]"
Human-Human,human_a5a659ea-c541-4c54-9bad-d736222acbb9_player1,,11,1,closer_to_player2,6,"[0.5, 0.9999815592111476, 0.9999999994720222, 0.9999999999999653, 1.0, 1.0]"
Human-Human,human_a5a659ea-c541-4c54-9bad-d736222acbb9_player2,,11,2,closer_to_player2,6,"[0.5, 0.9999815592111476, 0.9999999994720222, 0.9999999999999653, 1.0, 1.0]"
Human-Human,human_31e13002-490a-484d-a0f6-1781673d477a_player1,,1,1,closer_to_player2,5,"[0.5, 0.9999964907722347, 0.9999999999725775, 0.9999999999999993, 1.0]"
Human-Human,human_31e13002-490a-484d-a0f6-1781673d477a_player2,,1,2,closer_to_player2,5,"[0.5, 0.9999964907722347, 0.9999999999725775, 0.9999999999999993, 1.0]"
Human-Human,human_31e13002-490a-484d-a0f6-1781673d477a_player1,,2,1,equal_to_both,6,"[0.5, 0.9992407147732291, 0.9999995497555422, 0.9999999996037021, 0.9999999999993328, 0.9999999999999979]"
Human-Human,human_31e13002-490a-484d-a0f6-1781673d477a_player2,,2,2,equal_to_both,6,"[0.5, 0.9992407147732291, 0.9999995497555422, 0.9999999996037021, 0.9999999999993328, 0.9999999999999979]"
Human-Human,human_31e13002-490a-484d-a0f6-1781673d477a_player1,,7,1,closer_to_player1,6,"[0.5, 0.999992172994117, 0.9999999998243831, 0.9999999999999885, 1.0, 1.0]"
Human-Human,human_31e13002-490a-484d-a0f6-1781673d477a_player2,,7,2,closer_to_player1,6,"[0.5, 0.999992172994117, 0.9999999998243831, 0.9999999999999885, 1.0, 1.0]"
Human-Human,human_31e13002-490a-484d-a0f6-1781673d477a_player1,,8,1,equal_to_both,5,"[0.5, 0.7546116359395909, 0.9999750681861119, 0.9999999977722429, 0.9999999999996158]"
Human-Human,human_31e13002-490a-484d-a0f6-1781673d477a_player2,,8,2,equal_to_both,5,"[0.5, 0.7546116359395909, 0.9999750681861119, 0.9999999977722429, 0.9999999999996158]"
Human-Human,human_31e13002-490a-484d-a0f6-1781673d477a_player1,,9,1,equal_to_both,6,"[0.5, 0.6686413380273375, 0.8026902681743153, 0.8947017891718773, 0.9677671580109648, 0.9999326451986325]"
Human-Human,human_31e13002-490a-484d-a0f6-1781673d477a_player2,,9,2,equal_to_both,8,"[0.5, 0.9965399264756448, 0.999963064797247, 0.9999816956764473, 0.9999909206847881, 0.9999956529230629, 0.9999987697773647, 0.9999999975119773]"
Human-Human,human_31e13002-490a-484d-a0f6-1781673d477a_player1,,10,1,closer_to_player1,5,"[0.5, 1.0, 1.0, 1.0, 1.0]"
Human-Human,human_31e13002-490a-484d-a0f6-1781673d477a_player2,,10,2,closer_to_player1,5,"[0.5, 1.0, 1.0, 1.0, 1.0]"
Human-Human,human_31e13002-490a-484d-a0f6-1781673d477a_player1,,11,1,closer_to_player2,6,"[0.5, 0.6662646433315468, 1.0, 1.0, 1.0, 1.0]"
Human-Human,human_31e13002-490a-484d-a0f6-1781673d477a_player2,,11,2,closer_to_player2,6,"[0.5, 0.6662646433315468, 1.0, 1.0, 1.0, 1.0]"
Human-Human,human_a9a91c71-c38b-4e78-9be4-3c2f5c450004_player1,,0,1,closer_to_player2,4,"[0.5, 0.9999961042350172, 0.9999999999694557, 0.9999999999999993]"
Human-Human,human_a9a91c71-c38b-4e78-9be4-3c2f5c450004_player2,,0,2,closer_to_player2,3,"[0.5, 0.45026659426586674, 0.36994126039499203]"
Human-Human,human_a9a91c71-c38b-4e78-9be4-3c2f5c450004_player1,,1,1,closer_to_player1,13,"[0.5, 0.9997709655191734, 0.9999998946152442, 0.9999999998882045, 0.9999999999997488, 0.9999999999999989, 1.0, 1.0, 1.0, 1.0, 1.0, 1.0, 1.0]"
Human-Human,human_a9a91c71-c38b-4e78-9be4-3c2f5c450004_player2,,1,2,closer_to_player1,2,"[0.5, 0.9991479792141862]"
Human-Human,human_a9a91c71-c38b-4e78-9be4-3c2f5c450004_player1,,3,1,equal_to_both,11,"[0.5, 0.989454536474718, 0.9998175069462129, 0.999995235608333, 0.9999998191786533, 0.9999998329868914, 0.999999841781624, 0.9999999958318041, 0.9999999997441905, 0.9999999998816027, 0.9999999999451733]"
Human-Human,human_a9a91c71-c38b-4e78-9be4-3c2f5c450004_player2,,3,2,equal_to_both,13,"[0.5, 0.9892757183732372, 0.999810940497052, 0.9481035881611855, 0.9990461131935584, 0.9990890062551157, 0.9991053613896095, 0.9991174173366559, 0.9991624848608854, 0.99952555861095, 0.9999945591297776, 0.9999999872424868, 0.9999999999451852]"
Human-Human,human_a9a91c71-c38b-4e78-9be4-3c2f5c450004_player1,,4,1,equal_to_both,10,"[0.5, 0.9938338768149192, 0.9999343869778865, 0.9999988821915231, 0.9999999708805662, 0.9999999988571, 0.9999999998791763, 0.9999999999425115, 0.9999999999721659, 0.9999999999863689]"
Human-Human,human_a9a91c71-c38b-4e78-9be4-3c2f5c450004_player2,,4,2,equal_to_both,12,"[0.5, 0.9924143437306445, 0.9942368918987577, 0.9945685855595979, 0.9949243542178473, 0.9971690666961894, 0.9999893670704036, 0.9999999724280888, 0.9999999998846661, 0.999999898573911, 0.9999999990731429, 0.9999999999807281]"
Human-Human,human_a9a91c71-c38b-4e78-9be4-3c2f5c450004_player1,,5,1,equal_to_both,6,"[0.5, 0.7677270886133915, 0.9999207018775814, 0.9999999806649593, 0.9999999999921142, 0.9999999999999932]"
Human-Human,human_a9a91c71-c38b-4e78-9be4-3c2f5c450004_player2,,5,2,equal_to_both,4,"[0.5, 0.9997306624313734, 0.9999998160675164, 0.9999999996828347]"
Human-Human,human_a9a91c71-c38b-4e78-9be4-3c2f5c450004_player2,,6,2,closer_to_player1,2,"[0.5, 0.33347320104291217]"
Human-Human,human_a9a91c71-c38b-4e78-9be4-3c2f5c450004_player1,,8,1,closer_to_player1,8,"[0.5, 0.5442225104755077, 0.9999941236967025, 0.999999999908147, 0.9999999999999959, 1.0, 1.0, 1.0]"
Human-Human,human_a9a91c71-c38b-4e78-9be4-3c2f5c450004_player2,,8,2,closer_to_player1,12,"[0.5, 0.9838513703368631, 0.9996954528307037, 0.9999866433244934, 0.9992930387566636, 0.9995461729351651, 0.9996914700999957, 0.9997731227015874, 0.9998111779550005, 0.9998049056758221, 1.0877982640907821e-29, 2.712868563878803e-27]"
Human-Human,human_a9a91c71-c38b-4e78-9be4-3c2f5c450004_player2,,9,2,closer_to_player2,3,"[0.5, 0.3708172028520759, 0.6611590098595322]"
Human-Human,human_a9a91c71-c38b-4e78-9be4-3c2f5c450004_player1,,11,1,closer_to_player2,5,"[0.5, 7.814387562291128e-06, 0.1750976081181489, 0.9996779742865526, 0.9999999788290438]"
Human-Human,human_a9a91c71-c38b-4e78-9be4-3c2f5c450004_player2,,11,2,closer_to_player2,7,"[0.5, 0.29538139440543204, 1.4710950951635863e-06, 1.149581395851065e-11, 3.1226183062535345e-07, 0.0045460283782253795, 0.9858129011499385]"
Human-Human,human_6558f174-56b6-4592-b53b-bf9ff8c7f3ca_player1,,1,1,closer_to_player1,8,"[0.5, 0.49933491629953425, 0.53744872014075, 0.9999899722412638, 0.999999999922706, 0.9999999999999979, 1.0, 1.0]"
Human-Human,human_6558f174-56b6-4592-b53b-bf9ff8c7f3ca_player2,,1,2,closer_to_player1,10,"[0.5, 0.9825473685827479, 0.9992252155489083, 0.9876966696292032, 0.9925540562064387, 0.9953665255893493, 0.997015218858371, 0.9979723991157922, 0.9984900210159242, 0.9986583868697188]"
Human-Human,human_6558f174-56b6-4592-b53b-bf9ff8c7f3ca_player1,,3,1,closer_to_player2,10,"[0.5, 0.5116826070603145, 0.5200024179913821, 0.5175781659738046, 0.4116885434915636, 0.5836261491181055, 5.161712854331491e-05, 6.588189700089008e-05, 7.719815548297716e-05, 0.00010732205600117027]"
Human-Human,human_6558f174-56b6-4592-b53b-bf9ff8c7f3ca_player2,,3,2,closer_to_player2,12,"[0.5, 0.4909405108570106, 0.3963949460340056, 0.9926873937064629, 0.9940319117004032, 0.9957341715817646, 1.0, 1.0, 1.0, 1.0, 1.0, 1.0]"
Human-Human,human_6558f174-56b6-4592-b53b-bf9ff8c7f3ca_player1,,4,1,closer_to_player2,10,"[0.5, 0.492756223131201, 0.48777975131223583, 0.4775318954711331, 0.3455733739377192, 0.999985386181073, 0.9999999995942478, 0.9999999999999655, 1.0, 1.0]"
Human-Human,human_6558f174-56b6-4592-b53b-bf9ff8c7f3ca_player2,,4,2,closer_to_player2,10,"[0.5, 0.999198946954845, 0.9999986280920108, 0.9999999953720063, 0.9999999999704995, 0.9999999999792127, 0.999999999984798, 0.9999999999886299, 0.9999999999944839, 0.999999999999991]"
Human-Human,human_6558f174-56b6-4592-b53b-bf9ff8c7f3ca_player1,,6,1,equal_to_both,9,"[0.5, 0.4995828210107924, 0.4990920097424057, 0.9992195664261646, 0.9992081749438916, 0.9987789747812827, 0.9999997896957524, 0.9999999999145123, 0.9999999999999251]"
Human-Human,human_6558f174-56b6-4592-b53b-bf9ff8c7f3ca_player2,,6,2,equal_to_both,9,"[0.5, 0.9958362489307228, 0.9999677282499034, 0.9999993506347155, 0.9999997659853626, 0.9999998875415951, 0.9999999467029074, 0.9999999849964458, 0.9999999999376038]"
Human-Human,human_6558f174-56b6-4592-b53b-bf9ff8c7f3ca_player1,,7,1,equal_to_both,10,"[0.5, 0.4993774525524555, 0.4985523389810992, 0.4902092342394017, 0.9994170922311956, 0.9990370694924774, 0.9999996159694391, 0.9999999996725152, 0.9999999999994491, 0.9999999999999983]"
Human-Human,human_6558f174-56b6-4592-b53b-bf9ff8c7f3ca_player2,,7,2,equal_to_both,11,"[0.5, 0.9924143437300916, 0.9998993207811947, 0.9999961115623133, 0.9999961115623133, 0.9999985549589231, 0.9999993049674524, 0.999999667350221, 0.9999999030882091, 0.9999999991366747, 0.9999999999956078]"
Human-Human,human_6558f174-56b6-4592-b53b-bf9ff8c7f3ca_player1,,8,1,closer_to_player2,5,"[0.5, 0.6679108158633001, 0.801663831689479, 0.8931974205893171, 0.9665201092650288]"
Human-Human,human_6558f174-56b6-4592-b53b-bf9ff8c7f3ca_player2,,8,2,closer_to_player2,7,"[0.5, 0.9959446427843113, 0.9999999414474665, 0.9999999999973676, 0.9999999999999997, 1.0, 1.0]"
Human-Human,human_6558f174-56b6-4592-b53b-bf9ff8c7f3ca_player1,,9,1,closer_to_player1,8,"[0.5, 0.5074107770808101, 0.5573904823218961, 0.9999945111774935, 0.9999999999147832, 0.9999999999999961, 1.0, 1.0]"
Human-Human,human_6558f174-56b6-4592-b53b-bf9ff8c7f3ca_player2,,9,2,closer_to_player1,10,"[0.5, 0.9904523003752144, 0.9998830931865638, 0.9999944535960854, 0.9999944535960853, 0.9999944535960853, 0.9999968554326781, 0.9999981850057795, 0.9999989387131673, 0.9999993756668488]"
Human-Human,human_6558f174-56b6-4592-b53b-bf9ff8c7f3ca_player1,,10,1,equal_to_both,8,"[0.5, 0.4919263496905958, 0.47992664851243894, 0.9997327397769828, 0.9999998425524541, 0.9999999997903063, 0.9999999999993964, 0.999999999999397]"
Human-Human,human_6558f174-56b6-4592-b53b-bf9ff8c7f3ca_player2,,10,2,equal_to_both,10,"[0.5, 0.9977028253538307, 0.9999841101714009, 0.9999635731996269, 0.99998347121052, 0.9999550244357575, 0.9999789890720859, 0.9999940652101015, 0.9999999887764021, 0.9999999999854092]"
Human-Human,human_6558f174-56b6-4592-b53b-bf9ff8c7f3ca_player1,,11,1,closer_to_player1,8,"[0.5, 0.4696758853537154, 0.47534317409363935, 1.0, 1.0, 1.0, 1.0, 1.0]"
Human-Human,human_6558f174-56b6-4592-b53b-bf9ff8c7f3ca_player2,,11,2,closer_to_player1,9,"[0.5, 0.9988113266988329, 0.9999977563981353, 0.9999999788271, 0.9999999788271, 0.9999999874369422, 0.9999999925967744, 0.999999995712623, 0.999999997595385]"
Human-Human,human_cb6a41aa-0534-4a15-86a4-80d9c232a01e_player1,,0,1,closer_to_player2,2,"[0.5, 0.5004507630286346]"
Human-Human,human_cb6a41aa-0534-4a15-86a4-80d9c232a01e_player2,,0,2,closer_to_player2,2,"[0.5, 0.5004507630286346]"
Human-Human,human_cb6a41aa-0534-4a15-86a4-80d9c232a01e_player1,,1,1,closer_to_player1,4,"[0.5, 0.9997370315421371, 3.935296471558705e-30, 1.4960963929621954e-26]"
Human-Human,human_cb6a41aa-0534-4a15-86a4-80d9c232a01e_player2,,1,2,closer_to_player1,4,"[0.5, 3.509227765294579e-06, 0.042360256569336584, 0.9940886513339585]"
Human-Human,human_cb6a41aa-0534-4a15-86a4-80d9c232a01e_player1,,4,1,equal_to_both,6,"[0.5, 0.9998300002446118, 0.9999999322553952, 0.9999999999422303, 0.9999999999999029, 0.9999999999999997]"
Human-Human,human_cb6a41aa-0534-4a15-86a4-80d9c232a01e_player2,,4,2,equal_to_both,6,"[0.5, 0.9998300002446118, 0.9999999322553952, 0.9999999999422303, 0.9999999999999029, 0.9999999999999997]"
Human-Human,human_cb6a41aa-0534-4a15-86a4-80d9c232a01e_player1,,5,1,equal_to_both,5,"[0.5, 0.9999342430445989, 0.9999999886873804, 0.9999999999954015, 0.999999999999996]"
Human-Human,human_cb6a41aa-0534-4a15-86a4-80d9c232a01e_player2,,5,2,equal_to_both,5,"[0.5, 0.9999342430445989, 0.9999999886873804, 0.9999999999954015, 0.999999999999996]"
Human-Human,human_cb6a41aa-0534-4a15-86a4-80d9c232a01e_player1,,6,1,closer_to_player1,2,"[0.5, 0.9997869035674819]"
Human-Human,human_cb6a41aa-0534-4a15-86a4-80d9c232a01e_player2,,6,2,closer_to_player1,2,"[0.5, 0.9997869035674819]"
Human-Human,human_cb6a41aa-0534-4a15-86a4-80d9c232a01e_player1,,7,1,closer_to_player1,3,"[0.5, 0.9997013370588773, 0.9999997781468204]"
Human-Human,human_cb6a41aa-0534-4a15-86a4-80d9c232a01e_player2,,7,2,closer_to_player1,3,"[0.5, 0.9997013370588773, 0.9999997781468204]"
Human-Human,human_cb6a41aa-0534-4a15-86a4-80d9c232a01e_player1,,10,1,equal_to_both,5,"[0.5, 0.664985262987346, 0.7987651998728051, 0.9046279539424401, 0.9999996300023398]"
Human-Human,human_cb6a41aa-0534-4a15-86a4-80d9c232a01e_player2,,10,2,equal_to_both,5,"[0.5, 0.664985262987346, 0.7987651998728051, 0.9046279539424401, 0.9999996300023398]"
Human-Human,human_cb6a41aa-0534-4a15-86a4-80d9c232a01e_player1,,11,1,closer_to_player2,4,"[0.5, 3.513396988259428e-06, 0.013609322105990456, 0.9480620037058577]"
Human-Human,human_cb6a41aa-0534-4a15-86a4-80d9c232a01e_player2,,11,2,closer_to_player2,4,"[0.5, 0.9992447202413527, 1.4270087254242194e-30, 1.8879506809135242e-27]"
Human-Human,human_975b16bb-4262-4523-94e3-02521faeb953_player1,,1,1,equal_to_both,11,"[0.5, 0.9988448304698263, 0.23513881135978404, 0.0004320319443625977, 0.00020911108460195174, 6.0272455241611594e-05, 0.43977868539223014, 0.9998861331412435, 0.9999999803718888, 0.9999999999921836, 0.9999999999999933]"
Human-Human,human_975b16bb-4262-4523-94e3-02521faeb953_player2,,1,2,equal_to_both,7,"[0.5, 0.9986110846323961, 0.9993399630220927, 0.9998090222365683, 0.9999998551069069, 0.9999999999139534, 0.9999999999999238]"
Human-Human,human_975b16bb-4262-4523-94e3-02521faeb953_player1,,3,1,closer_to_player2,7,"[0.5, 0.590975368468023, 0.6714436699331138, 0.744037123178096, 0.867854190284557, 0.7352210761367393, 0.9992751896037378]"
Human-Human,human_975b16bb-4262-4523-94e3-02521faeb953_player2,,3,2,closer_to_player2,10,"[0.5, 0.5, 0.5, 0.5, 0.9999935932292202, 0.9999999999241675, 0.9999999999999973, 1.0, 1.0, 1.0]"
Human-Human,human_975b16bb-4262-4523-94e3-02521faeb953_player1,,4,1,closer_to_player2,9,"[0.5, 0.982238463690926, 0.9995275332931283, 0.9999821165183819, 0.9999990563912557, 0.9999999308639029, 0.9999999884710091, 0.9999999947573487, 0.9999999975424753]"
Human-Human,human_975b16bb-4262-4523-94e3-02521faeb953_player2,,4,2,closer_to_player2,12,"[0.5, 0.9993725995240847, 0.999998197082799, 0.9999981970827989, 0.9999981970827989, 0.9999981970827989, 0.9999999903198895, 0.9999999999716048, 0.9999999999998936, 0.9999999999999993, 1.0, 1.0]"
Human-Human,human_975b16bb-4262-4523-94e3-02521faeb953_player1,,7,1,closer_to_player1,2,"[0.5, 0.5891049036989647]"
Human-Human,human_975b16bb-4262-4523-94e3-02521faeb953_player2,,7,2,closer_to_player1,4,"[0.5, 0.3899260014455495, 0.27109553255567337, 0.15682682080507093]"
Human-Human,human_975b16bb-4262-4523-94e3-02521faeb953_player1,,8,1,closer_to_player1,6,"[0.5, 0.9999974897311124, 0.9999999999713998, 0.9999999999999988, 0.9999999999999991, 1.0]"
Human-Human,human_975b16bb-4262-4523-94e3-02521faeb953_player2,,8,2,closer_to_player1,10,"[0.5, 0.9900635941160947, 0.8830551469814812, 0.9212585613085259, 0.9462259317418473, 0.9622882464551489, 0.9718192339663679, 0.9843933611261015, 3.46864241337139e-29, 2.3187324153374418e-29]"
Human-Human,human_975b16bb-4262-4523-94e3-02521faeb953_player1,,9,1,closer_to_player1,2,"[0.5, 0.33347273019745544]"
Human-Human,human_975b16bb-4262-4523-94e3-02521faeb953_player2,,9,2,closer_to_player1,6,"[0.5, 0.41321189109007705, 0.2969991218682332, 2.195725346490679e-06, 3.527560152357726e-06, 0.08744450134945066]"
Human-Human,human_975b16bb-4262-4523-94e3-02521faeb953_player1,,10,1,equal_to_both,3,"[0.5, 0.9968075443740838, 0.9999823448101558]"
Human-Human,human_975b16bb-4262-4523-94e3-02521faeb953_player2,,10,2,equal_to_both,5,"[0.5, 0.9991239315740876, 0.9999984748996068, 0.999999995115584, 0.9999999999730735]"
Human-Human,human_975b16bb-4262-4523-94e3-02521faeb953_player1,,11,1,equal_to_both,5,"[0.5, 0.9982629269960908, 0.999994426274618, 0.9999999692722541, 0.9999999997251782]"
Human-Human,human_975b16bb-4262-4523-94e3-02521faeb953_player2,,11,2,equal_to_both,8,"[0.5, 0.9976367552681837, 0.9999895324446745, 0.9999999180187427, 0.9999999989033453, 0.9999999999753248, 0.9999999999989616, 0.9999999999989616]"
Human-Human,human_9efbe63f-05a0-4f24-b469-a246d7732c10_player1,,0,1,closer_to_player1,2,"[0.5, 0.5011289653933689]"
Human-Human,human_9efbe63f-05a0-4f24-b469-a246d7732c10_player2,,0,2,closer_to_player1,2,"[0.5, 0.5011289653933689]"
Human-Human,human_9efbe63f-05a0-4f24-b469-a246d7732c10_player1,,1,1,closer_to_player2,2,"[0.5, 0.9992420817358587]"
Human-Human,human_9efbe63f-05a0-4f24-b469-a246d7732c10_player2,,1,2,closer_to_player2,2,"[0.5, 0.9992420817358587]"
Human-Human,human_9efbe63f-05a0-4f24-b469-a246d7732c10_player1,,4,1,closer_to_player2,7,"[0.5, 0.5392492769421648, 0.5404956754368383, 1.0539812848124088e-33, 6.398177511451015e-39, 8.962044873529632e-36, 4.751764808975637e-33]"
Human-Human,human_9efbe63f-05a0-4f24-b469-a246d7732c10_player2,,4,2,closer_to_player2,9,"[0.5, 0.5882979622159487, 0.6670440025003109, 0.7366790919438271, 0.8607045908694557, 0.9997896978480645, 0.999999751047137, 1.9751650925029024e-24, 5.871583589293086e-22]"
Human-Human,human_9efbe63f-05a0-4f24-b469-a246d7732c10_player1,,5,1,closer_to_player1,3,"[0.5, 0.9981906641318291, 0.998713142560067]"
Human-Human,human_9efbe63f-05a0-4f24-b469-a246d7732c10_player1,,6,1,equal_to_both,10,"[0.5, 0.500001548222296, 0.5000019160001601, 0.49999399529493244, 0.49989398333881563, 0.49903259996151755, 0.9998929747145883, 0.9999999680182637, 0.9999999999762497, 0.9999999999999606]"
Human-Human,human_9efbe63f-05a0-4f24-b469-a246d7732c10_player2,,6,2,equal_to_both,10,"[0.5, 0.49996408152047517, 0.4999628423526874, 0.49995483988919276, 0.49985482189739694, 0.498993437743441, 0.9998929579496142, 0.9999999680132534, 0.9999999999762459, 0.9999999999999606]"
Human-Human,human_9efbe63f-05a0-4f24-b469-a246d7732c10_player1,,7,1,equal_to_both,5,"[0.5, 4.672715719896819e-05, 6.90075874916685e-05, 8.160741187094102e-05, 8.212825426370491e-05]"
Human-Human,human_9efbe63f-05a0-4f24-b469-a246d7732c10_player2,,7,2,equal_to_both,11,"[0.5, 0.6898095221720655, 0.8154090113521034, 0.8975178486455038, 0.9457998156200171, 0.9721584870686362, 0.9863253785680707, 0.9960086547114158, 0.9999969705429023, 0.9999999982071802, 0.9999999999984213]"
Human-Human,human_9efbe63f-05a0-4f24-b469-a246d7732c10_player1,,8,1,closer_to_player1,6,"[0.5, 0.5052696872226197, 0.5078507393723923, 0.5084950164528806, 0.5407940693458594, 0.5372703475911973]"
Human-Human,human_9efbe63f-05a0-4f24-b469-a246d7732c10_player2,,8,2,closer_to_player1,12,"[0.5, 0.49873591585844446, 0.49702962974235243, 0.49618304437596006, 0.5016779841075327, 0.6254007751032068, 0.9996846177922591, 0.9999998436215531, 0.999999999803926, 0.9999999999020138, 0.9999999999510226, 0.9999999999755188]"
Human-Human,human_9efbe63f-05a0-4f24-b469-a246d7732c10_player1,,9,1,equal_to_both,6,"[0.5, 0.33366064863125233, 0.1991800195974576, 0.08260726709484549, 0.9997956191333941, 0.9999999941509656]"
Human-Human,human_9efbe63f-05a0-4f24-b469-a246d7732c10_player2,,9,2,equal_to_both,6,"[0.5, 0.33366064863125233, 0.1991800195974576, 0.08260726709484549, 0.9997956191333941, 0.9999999941509656]"
Human-Human,human_9efbe63f-05a0-4f24-b469-a246d7732c10_player1,,11,1,closer_to_player2,8,"[0.5, 0.5088477451338363, 0.5230525307658828, 0.6583246856920854, 0.9992214486735573, 0.9999990777996299, 0.9999999986103324, 0.9999999999951665]"
Human-Human,human_9efbe63f-05a0-4f24-b469-a246d7732c10_player2,,11,2,closer_to_player2,8,"[0.5, 7.049294847512713e-06, 1.139746968313477e-10, 9.629599221422203e-08, 4.575819618668055e-05, 9.539095013034515e-08, 1.8035184477453424e-05, 1.8229441819028226e-05]"
Human-Human,human_74ea1778-cc30-4c70-92fe-ee112edef228_player1,,0,1,closer_to_player1,2,"[0.5, 0.999244725636763]"
Human-Human,human_74ea1778-cc30-4c70-92fe-ee112edef228_player2,,0,2,closer_to_player1,2,"[0.5, 0.999244725636763]"
Human-Human,human_74ea1778-cc30-4c70-92fe-ee112edef228_player1,,2,1,closer_to_player1,3,"[0.5, 4.337801423373467e-34, 2.0354352322237953e-30]"
Human-Human,human_74ea1778-cc30-4c70-92fe-ee112edef228_player2,,2,2,closer_to_player1,3,"[0.5, 4.337801423373467e-34, 8.281051716533967e-31]"
Human-Human,human_74ea1778-cc30-4c70-92fe-ee112edef228_player1,,3,1,equal_to_both,6,"[0.5, 0.5883032134536315, 0.6786834512387693, 0.7675252310212789, 0.8497719204689428, 0.9184005897099241]"
Human-Human,human_74ea1778-cc30-4c70-92fe-ee112edef228_player2,,3,2,equal_to_both,6,"[0.5, 0.5883032134536315, 0.6786834512387693, 0.7675252310212789, 0.8497719204689428, 0.9184005897099241]"
Human-Human,human_74ea1778-cc30-4c70-92fe-ee112edef228_player2,,4,2,closer_to_player2,2,"[0.5, 0.9998934536709265]"
Human-Human,human_74ea1778-cc30-4c70-92fe-ee112edef228_player1,,7,1,equal_to_both,8,"[0.5, 0.0007592852263426732, 0.6725386709107161, 0.9996314461736489, 0.9999997816834728, 0.9999999998077213, 0.9999999999996765, 0.999999999999999]"
Human-Human,human_74ea1778-cc30-4c70-92fe-ee112edef228_player2,,7,2,equal_to_both,6,"[0.5, 0.9992433595990771, 0.9999995516225576, 0.9999999996050988, 0.9999999999993355, 0.999999999999998]"
Human-Human,human_74ea1778-cc30-4c70-92fe-ee112edef228_player1,,9,1,closer_to_player1,6,"[0.5, 0.9999982433031249, 0.9999999999864595, 0.9999999999999997, 1.0, 1.0]"
Human-Human,human_74ea1778-cc30-4c70-92fe-ee112edef228_player2,,9,2,closer_to_player1,5,"[0.5, 0.9999148108369953, 0.03239898881230517, 0.9974620527564545, 0.9999994160148351]"
Human-Human,human_74ea1778-cc30-4c70-92fe-ee112edef228_player1,,10,1,equal_to_both,6,"[0.5, 0.9994184433246858, 0.9999992458060109, 0.9999999979495173, 0.9999999999887477, 0.9999999999998763]"
Human-Human,human_74ea1778-cc30-4c70-92fe-ee112edef228_player2,,10,2,equal_to_both,4,"[0.5, 0.999452932771114, 0.9999993517733627, 0.99999999848013]"
Human-Human,human_74ea1778-cc30-4c70-92fe-ee112edef228_player1,,11,1,closer_to_player2,10,"[0.5, 0.49875997925827686, 0.49800801914150933, 0.49740884084345577, 0.5028234218165908, 0.5081342871482177, 0.5895493679278514, 0.9999743619156031, 0.9999719755816915, 0.9999675742252359]"
Human-Human,human_74ea1778-cc30-4c70-92fe-ee112edef228_player2,,11,2,closer_to_player2,8,"[0.5, 0.5046524049402371, 0.5031787232258744, 0.5644907054173365, 0.5191512750958277, 0.6819747015397162, 1.8746669348531245e-33, 1.620199348060894e-33]"
Human-Human,human_b40d6c2e-46aa-4680-8f62-ef715fd65b79_player1,,0,1,closer_to_player1,6,"[0.5, 0.7046186369974908, 0.9999985289048045, 0.9999999999885042, 0.9999999999999998, 1.0]"
Human-Human,human_b40d6c2e-46aa-4680-8f62-ef715fd65b79_player2,,0,2,closer_to_player1,6,"[0.5, 0.6833597255454843, 0.7980686570410106, 0.8830887644731039, 0.958200718223772, 0.9999858546840125]"
Human-Human,human_b40d6c2e-46aa-4680-8f62-ef715fd65b79_player1,,1,1,closer_to_player2,5,"[0.5, 0.6672663818798614, 0.8006734571305922, 0.889415492410264, 0.9422871775264855]"
Human-Human,human_b40d6c2e-46aa-4680-8f62-ef715fd65b79_player2,,1,2,closer_to_player2,7,"[0.5, 1.0, 1.0, 1.0, 1.0, 1.0, 1.0]"
Human-Human,human_b40d6c2e-46aa-4680-8f62-ef715fd65b79_player1,,2,1,closer_to_player1,8,"[0.5, 0.999841390013954, 0.9999999509348235, 0.9999999750538238, 0.9999999874321673, 0.9999999937151196, 0.9999999973691285, 0.9999999999999906]"
Human-Human,human_b40d6c2e-46aa-4680-8f62-ef715fd65b79_player2,,2,2,closer_to_player1,8,"[0.5, 0.9676505921436743, 0.9798518470328567, 0.9868014720763543, 0.9913613798773205, 0.9943903944205366, 0.9964172682778586, 0.9977767275283926]"
Human-Human,human_b40d6c2e-46aa-4680-8f62-ef715fd65b79_player1,,4,1,closer_to_player2,6,"[0.5, 0.6676197570116335, 0.8011176232041927, 0.8897275024006929, 0.9417107681604, 0.9704504730455676]"
Human-Human,human_b40d6c2e-46aa-4680-8f62-ef715fd65b79_player2,,4,2,closer_to_player2,8,"[0.5, 0.9951856348684912, 0.9960726359193756, 0.9971944689863971, 1.0, 1.0, 1.0, 1.0]"
Human-Human,human_b40d6c2e-46aa-4680-8f62-ef715fd65b79_player1,,5,1,equal_to_both,5,"[0.5, 0.6649852632972655, 0.7987652001706552, 0.9046279541184827, 0.9999996300023398]"
Human-Human,human_b40d6c2e-46aa-4680-8f62-ef715fd65b79_player2,,5,2,equal_to_both,5,"[0.5, 0.6634835587819462, 0.797187983984208, 0.9035314245276342, 0.9999996231050815]"
Human-Human,human_b40d6c2e-46aa-4680-8f62-ef715fd65b79_player1,,6,1,equal_to_both,5,"[0.5, 0.6649852716395691, 0.7987652082842038, 0.9046279588332429, 0.9999996300023206]"
Human-Human,human_b40d6c2e-46aa-4680-8f62-ef715fd65b79_player2,,6,2,equal_to_both,5,"[0.5, 0.66404961337603, 0.7976086154201272, 0.9037583195270902, 0.9999996240859502]"
Human-Human,human_b40d6c2e-46aa-4680-8f62-ef715fd65b79_player1,,8,1,closer_to_player2,5,"[0.5, 0.6671268803770944, 0.804316185557167, 0.9317579297690466, 0.9999806831873603]"
Human-Human,human_b40d6c2e-46aa-4680-8f62-ef715fd65b79_player2,,8,2,closer_to_player2,5,"[0.5, 0.9999964733559243, 0.9999999999723309, 0.9999999999999993, 1.0]"
Human-Human,human_b40d6c2e-46aa-4680-8f62-ef715fd65b79_player1,,10,1,equal_to_both,5,"[0.5, 0.6649852716364618, 0.798765208280806, 0.9046279588309984, 0.9999996300023206]"
Human-Human,human_b40d6c2e-46aa-4680-8f62-ef715fd65b79_player2,,10,2,equal_to_both,5,"[0.5, 0.6640496133759207, 0.797608615419982, 0.9037583195269429, 0.9999996240859502]"
Human-Human,human_b40d6c2e-46aa-4680-8f62-ef715fd65b79_player1,,11,1,closer_to_player1,6,"[0.5, 0.9999982433029355, 0.9999999999864595, 0.9999999999999997, 1.0, 1.0]"
Human-Human,human_b40d6c2e-46aa-4680-8f62-ef715fd65b79_player2,,11,2,closer_to_player1,6,"[0.5, 0.961556305415102, 0.9793056312582574, 0.9889260998189597, 0.9941392372255878, 0.9969646961131277]"
Human-Human,human_c70d7765-1724-49bf-9fed-d8647822e9f2_player1,,0,1,closer_to_player1,8,"[0.5, 0.9999335134340794, 0.9999999858127768, 0.9999999999913882, 0.999999999999976, 1.0, 1.0, 1.0]"
Human-Human,human_c70d7765-1724-49bf-9fed-d8647822e9f2_player2,,0,2,closer_to_player1,6,"[0.5, 0.677895112128051, 0.8821019578071967, 0.9994454835903012, 0.9999985546884302, 0.9999999950674905]"
Human-Human,human_c70d7765-1724-49bf-9fed-d8647822e9f2_player1,,1,1,closer_to_player2,8,"[0.5, 0.5086330739023985, 0.5144009953963349, 0.5182012389891766, 0.523779315240367, 0.6284446765834228, 0.9999663779596422, 0.9999999928477704]"
Human-Human,human_c70d7765-1724-49bf-9fed-d8647822e9f2_player2,,1,2,closer_to_player2,5,"[0.5, 0.9999982453734293, 0.9999999999864815, 0.9999999999999997, 1.0]"
Human-Human,human_c70d7765-1724-49bf-9fed-d8647822e9f2_player1,,2,1,closer_to_player2,10,"[0.5, 0.9836831995763642, 0.999670561720642, 0.9997805961009683, 0.9998456904775778, 0.9998887846324895, 0.9999169204492766, 0.9999343365453908, 0.999943136464126, 0.9999428406769099]"
Human-Human,human_c70d7765-1724-49bf-9fed-d8647822e9f2_player2,,2,2,closer_to_player2,11,"[0.5, 0.46079117604551945, 0.4599640187499716, 1.0, 1.0, 1.0, 1.0, 1.0, 1.0, 1.0, 1.0]"
Human-Human,human_c70d7765-1724-49bf-9fed-d8647822e9f2_player1,,3,1,closer_to_player1,6,"[0.5, 0.9999968675922165, 0.9999999999602885, 0.9999999999999983, 1.0, 1.0]"
Human-Human,human_c70d7765-1724-49bf-9fed-d8647822e9f2_player2,,3,2,closer_to_player1,6,"[0.5, 0.6700649096551097, 0.8040332454827881, 0.8921690401337274, 0.9451455562265072, 0.9830028418990664]"
Human-Human,human_c70d7765-1724-49bf-9fed-d8647822e9f2_player1,,5,1,equal_to_both,5,"[0.5, 0.9999147695477882, 0.9999999805017852, 0.9999999999893289, 0.9999999999999873]"
Human-Human,human_c70d7765-1724-49bf-9fed-d8647822e9f2_player2,,5,2,equal_to_both,5,"[0.5, 0.9998424228321116, 0.9999999263938825, 0.9999999999063426, 0.9999999999996902]"
Human-Human,human_c70d7765-1724-49bf-9fed-d8647822e9f2_player1,,6,1,equal_to_both,5,"[0.5, 0.9997368674444511, 0.9999999357801926, 0.9999999999738293, 0.9999999999999777]"
Human-Human,human_c70d7765-1724-49bf-9fed-d8647822e9f2_player2,,6,2,equal_to_both,5,"[0.5, 0.9997368674444511, 0.9999999357801926, 0.9999999999738293, 0.9999999999999777]"
Human-Human,human_c70d7765-1724-49bf-9fed-d8647822e9f2_player1,,7,1,equal_to_both,7,"[0.5, 0.6280342887533569, 0.9985200309216375, 0.9999991883544507, 0.9999999990386607, 0.9999999999977459, 0.9999999999999903]"
Human-Human,human_c70d7765-1724-49bf-9fed-d8647822e9f2_player2,,7,2,equal_to_both,7,"[0.5, 0.9994278282660628, 0.9999992807254922, 0.9999999981463122, 0.9999999999906938, 0.9999999999999116, 0.9999999999999983]"
Human-Human,human_c70d7765-1724-49bf-9fed-d8647822e9f2_player1,,9,1,closer_to_player1,7,"[0.5, 0.9999397578747333, 0.9999999791808446, 0.9999999879586192, 0.9999999934387519, 0.9999999973717615, 0.9999999999999356]"
Human-Human,human_c70d7765-1724-49bf-9fed-d8647822e9f2_player2,,9,2,closer_to_player1,7,"[0.5, 0.5267113611689087, 0.5716903341044995, 0.6430300870122198, 1.0, 1.0, 1.0]"
Human-Human,human_c70d7765-1724-49bf-9fed-d8647822e9f2_player1,,10,1,closer_to_player2,3,"[0.5, 0.9999229929012321, 0.9999999930835755]"
Human-Human,human_c70d7765-1724-49bf-9fed-d8647822e9f2_player2,,10,2,closer_to_player2,8,"[0.5, 0.6253768689861122, 0.9999968927642199, 0.9999999999620461, 0.9999999999999984, 1.0, 1.5834536462614664e-11, 1.5958060829541388e-08]"
Human-Human,human_c252dec7-11a7-48c1-9696-691e0511cbc2_player1,,1,1,closer_to_player1,6,"[0.5, 0.596618297892095, 2.2351797200691217e-29, 5.966392670462445e-31, 6.9417786206501125e-31, 6.891426835954729e-31]"
Human-Human,human_c252dec7-11a7-48c1-9696-691e0511cbc2_player2,,1,2,closer_to_player1,6,"[0.5, 0.3896455218697134, 0.27077504321235796, 0.15659382925611462, 8.042435425233607e-35, 0.08424664677439203]"
Human-Human,human_c252dec7-11a7-48c1-9696-691e0511cbc2_player1,,3,1,equal_to_both,6,"[0.5, 0.9983202552670035, 0.9999948216319096, 0.9999999727034896, 0.9999999997678242, 0.9999999999969645]"
Human-Human,human_c252dec7-11a7-48c1-9696-691e0511cbc2_player2,,3,2,equal_to_both,8,"[0.5, 0.9992113757914729, 0.9999986478381098, 0.9999999953666084, 0.9999999999705252, 0.9999999999996718, 0.9999999999999933, 0.9999999999999999]"
Human-Human,human_c252dec7-11a7-48c1-9696-691e0511cbc2_player1,,4,1,closer_to_player1,6,"[0.5, 3.8808611323412144e-05, 0.04566895726275974, 0.9626602679091426, 0.9998436466810183, 0.9999986588888521]"
Human-Human,human_c252dec7-11a7-48c1-9696-691e0511cbc2_player2,,4,2,closer_to_player1,10,"[0.5, 0.9999355621661618, 0.9999999865750635, 0.9999220923868805, 0.9999999837685598, 0.9999999999904453, 0.9999999999999859, 1.0, 1.0, 1.0]"
Human-Human,human_c252dec7-11a7-48c1-9696-691e0511cbc2_player1,,5,1,closer_to_player2,4,"[0.5, 0.9999922955711128, 0.9999999997862127, 0.9999999999999818]"
Human-Human,human_c252dec7-11a7-48c1-9696-691e0511cbc2_player2,,5,2,closer_to_player2,6,"[0.5, 1.0, 1.0, 1.0, 1.0, 1.0]"
Human-Human,human_c252dec7-11a7-48c1-9696-691e0511cbc2_player1,,7,1,equal_to_both,7,"[0.5, 0.9992298022396772, 0.9999986913356232, 0.999999995453156, 0.9999999999694374, 0.9999999999996155, 0.9999999999999903]"
Human-Human,human_c252dec7-11a7-48c1-9696-691e0511cbc2_player2,,7,2,equal_to_both,7,"[0.5, 0.9992298022261593, 0.9999986913355722, 0.9999999954531558, 0.9999999999694374, 0.9999999999996155, 0.9999999999999903]"
Human-Human,human_c252dec7-11a7-48c1-9696-691e0511cbc2_player1,,8,1,closer_to_player2,7,"[0.5, 0.9997045221791341, 0.999999760771737, 3.6852381624733715e-27, 1.2977074280588603e-32, 4.390596832256292e-29, 5.424556035158578e-26]"
Human-Human,human_c252dec7-11a7-48c1-9696-691e0511cbc2_player2,,8,2,closer_to_player2,7,"[0.5, 0.5057780353796273, 1.0, 1.0, 1.0, 1.0, 1.0]"
Human-Human,human_c252dec7-11a7-48c1-9696-691e0511cbc2_player1,,9,1,closer_to_player1,6,"[0.5, 0.9999980067128219, 0.999999999982316, 0.9999999999999994, 1.0, 1.0]"
Human-Human,human_c252dec7-11a7-48c1-9696-691e0511cbc2_player2,,9,2,closer_to_player1,6,"[0.5, 0.9996416017540549, 0.9999996615812563, 0.999749535885247, 0.999998820938336, 0.9999994256468618]"
Human-Human,human_c252dec7-11a7-48c1-9696-691e0511cbc2_player1,,11,1,closer_to_player2,7,"[0.5, 0.9999684194224217, 0.9999999970242587, 0.9999999999992415, 0.9999999999999994, 1.0, 1.0]"
Human-Human,human_c252dec7-11a7-48c1-9696-691e0511cbc2_player2,,11,2,closer_to_player2,7,"[0.5, 0.5739951189772267, 0.9999905658527231, 0.9999999995359897, 0.9999999999999225, 1.0, 1.0]"
Human-Human,human_2ed9e54f-be52-49b9-a758-abb5f5ef5150_player1,,0,1,equal_to_both,12,"[0.5, 0.9829791595151947, 0.9995449532180384, 0.9995600174990711, 0.9999885224876226, 0.9999889499042414, 0.9999997124136649, 0.9999997276118375, 0.999999992818426, 0.9999999946468567, 0.9999999957949792, 0.9999999998946596]"
Human-Human,human_2ed9e54f-be52-49b9-a758-abb5f5ef5150_player2,,0,2,equal_to_both,12,"[0.5, 0.5001368753055946, 0.9893305671509528, 0.9998127628901718, 0.9998203835824411, 0.9998234188989296, 0.9999981322068872, 0.99999817117931, 0.9999982701090439, 0.999999988372183, 0.9999999920335119, 0.9999999999502373]"
Human-Human,human_2ed9e54f-be52-49b9-a758-abb5f5ef5150_player1,,1,1,closer_to_player1,11,"[0.5, 0.9982502106006305, 0.9982567734780864, 0.9999970070401882, 0.9999970219347876, 0.999999994773678, 0.9999999950653837, 0.9999999999882316, 0.9999999999947584, 0.9999999999999793, 0.9999999999999998]"
Human-Human,human_2ed9e54f-be52-49b9-a758-abb5f5ef5150_player2,,1,2,closer_to_player1,15,"[0.5, 0.5004561656382853, 0.9895218832440765, 0.9896650832700573, 0.9998897604515317, 0.9998915912600037, 0.9999988569381087, 0.999998883703296, 0.9999988952108567, 0.9999986845919753, 0.9999999977122579, 4.0285862053210787e-25, 8.616379041920297e-23, 1.2216225349148465e-53, 8.560830210546577e-54]"
Human-Human,human_2ed9e54f-be52-49b9-a758-abb5f5ef5150_player1,,2,1,closer_to_player2,11,"[0.5, 0.9830234984566303, 0.9833550535797189, 0.99971112969668, 0.9997184781758867, 0.9997231573617723, 0.9997259811019935, 0.999998324528353, 0.9999999820609725, 0.99999998486053, 0.9999999850366432]"
Human-Human,human_2ed9e54f-be52-49b9-a758-abb5f5ef5150_player2,,2,2,closer_to_player2,11,"[0.5, 0.9999546596314398, 0.9999999939975067, 0.9999999940734222, 0.9999999999989886, 0.9999999999993888, 0.9999999999999999, 1.0, 1.0, 1.0, 1.0]"
Human-Human,human_2ed9e54f-be52-49b9-a758-abb5f5ef5150_player1,,3,1,closer_to_player2,13,"[0.5, 0.29449757069785926, 0.9802370371423533, 0.9715283339663533, 0.9999235501075848, 0.9999205689875915, 0.9999998598498062, 0.9999998600347754, 0.9999999997609234, 0.9999999997633584, 0.9999999999995897, 0.9999999999996482, 0.9999999999999992]"
Human-Human,human_2ed9e54f-be52-49b9-a758-abb5f5ef5150_player2,,3,2,closer_to_player2,13,"[0.5, 0.28207658595826823, 0.999603508352351, 0.9999999282815709, 0.9999999999749075, 0.9999999999748913, 0.9999999999999915, 0.9999999999999918, 1.0, 1.0, 1.0, 1.0, 1.0]"
Human-Human,human_2ed9e54f-be52-49b9-a758-abb5f5ef5150_player1,,4,1,equal_to_both,13,"[0.5, 0.9929559520082939, 0.9921882995457435, 0.9999507545530708, 0.9999509508437643, 0.9999996970834513, 0.9999997001122115, 0.9999999981518678, 0.9999999981990971, 0.9999999999887248, 0.9999999999912907, 0.9999999999999224, 0.9999999999999611]"
Human-Human,human_2ed9e54f-be52-49b9-a758-abb5f5ef5150_player2,,4,2,equal_to_both,15,"[0.5, 0.45132759978730663, 0.43885730799099676, 0.4324649174835118, 0.9998263428231291, 0.9999999408447932, 0.9999999999528083, 0.9999999999999194, 0.9999999999999211, 0.9999999999999242, 0.9999999999999563, 0.9999999999999999, 1.0, 7.672040388217577e-12, 1.9535818117053207e-09]"
Human-Human,human_2ed9e54f-be52-49b9-a758-abb5f5ef5150_player1,,5,1,closer_to_player1,11,"[0.5, 0.3295196817863539, 0.9989287611387646, 0.9985011219682874, 0.9999997313212488, 0.9999997271759844, 0.9999999999640993, 0.9999999999643452, 0.9999999999999953, 0.999999999999996, 1.0]"
Human-Human,human_2ed9e54f-be52-49b9-a758-abb5f5ef5150_player2,,5,2,closer_to_player1,10,"[0.5, 0.9959424579835304, 0.9961808880895824, 0.9999865592608436, 0.9999904326966181, 0.9999930450128679, 0.9999999819853466, 0.9999999909842497, 0.9999999954932227, 0.9999999977977455]"
Human-Human,human_2ed9e54f-be52-49b9-a758-abb5f5ef5150_player1,,7,1,closer_to_player2,12,"[0.5, 0.41551936598859873, 0.3350023892262995, 0.469501385647254, 0.9817977054111079, 0.9743747468402519, 0.999863526718142, 0.9998582066203454, 0.9999995054680918, 0.9999995068929705, 0.9999999985206449, 0.9999999985150094]"
Human-Human,human_2ed9e54f-be52-49b9-a758-abb5f5ef5150_player2,,7,2,closer_to_player2,14,"[0.5, 0.49324836951590256, 1.0, 1.0, 1.0, 1.0, 1.0, 1.0, 1.0, 1.0, 1.0, 1.0, 1.0, 1.0]"
Human-Human,human_2ed9e54f-be52-49b9-a758-abb5f5ef5150_player1,,8,1,closer_to_player1,9,"[0.5, 0.9998290691289703, 0.9998966622763944, 0.9999999779491755, 0.9999999999671292, 0.9999999999999638, 1.0, 1.0, 1.0]"
Human-Human,human_2ed9e54f-be52-49b9-a758-abb5f5ef5150_player2,,8,2,closer_to_player1,9,"[0.5, 0.5009252518688512, 0.5011882339894792, 0.9967384415865476, 0.9999801762280858, 0.9999802354839733, 0.9999999049635376, 0.999999999141462, 0.9999999991516976]"
Human-Human,human_2ed9e54f-be52-49b9-a758-abb5f5ef5150_player1,,11,1,equal_to_both,11,"[0.5, 0.9886510412837684, 0.9893737723384219, 0.9998844330643354, 0.9998883470322556, 0.9999988162347946, 0.9999988433456531, 0.9999999873320949, 0.9999999882390883, 0.9999999998520017, 0.9999999999138318]"
Human-Human,human_2ed9e54f-be52-49b9-a758-abb5f5ef5150_player2,,11,2,equal_to_both,11,"[0.5, 0.9894609058699039, 0.9998177897591819, 0.9998219325401534, 0.9999969658392961, 0.9999970443774483, 0.9999999495362072, 0.999999951443158, 0.9999999991313115, 0.9999999993176246, 0.9999999999829057]"
Human-Human,human_bf70b991-4d12-4b4f-9ce5-57687e7d0c35_player1,,0,1,closer_to_player2,2,"[0.5, 0.9997713402660804]"
Human-Human,human_bf70b991-4d12-4b4f-9ce5-57687e7d0c35_player2,,0,2,closer_to_player2,4,"[0.5, 1.7566968698489216e-06, 0.009496190977742363, 0.9413356870737655]"
Human-Human,human_bf70b991-4d12-4b4f-9ce5-57687e7d0c35_player1,,1,1,closer_to_player2,5,"[0.5, 0.4544489635736849, 5.890346519301407e-06, 0.04970219946136244, 0.9934633886261862]"
Human-Human,human_bf70b991-4d12-4b4f-9ce5-57687e7d0c35_player2,,1,2,closer_to_player2,6,"[0.5, 0.9999949795011723, 0.9999999999419843, 0.9999999999999979, 1.0, 1.0]"
Human-Human,human_bf70b991-4d12-4b4f-9ce5-57687e7d0c35_player1,,2,1,equal_to_both,6,"[0.5, 0.40771655042134974, 0.6165824883983917, 0.9992638296075667, 0.9999992503266011, 0.999999998679717]"
Human-Human,human_bf70b991-4d12-4b4f-9ce5-57687e7d0c35_player2,,2,2,equal_to_both,6,"[0.5, 0.01858295388763854, 0.013176707155753671, 0.009251443252925382, 0.005473252612552836, 0.9575863818040488]"
Human-Human,human_bf70b991-4d12-4b4f-9ce5-57687e7d0c35_player1,,3,1,closer_to_player1,2,"[0.5, 0.9999106674736381]"
Human-Human,human_bf70b991-4d12-4b4f-9ce5-57687e7d0c35_player2,,3,2,closer_to_player1,4,"[0.5, 0.41321189420242876, 0.2969991262860261, 0.9997885745434856]"
Human-Human,human_bf70b991-4d12-4b4f-9ce5-57687e7d0c35_player1,,5,1,equal_to_both,5,"[0.5, 0.9998225208580137, 0.9999999389467269, 0.999999999940927, 0.9999999999999477]"
Human-Human,human_bf70b991-4d12-4b4f-9ce5-57687e7d0c35_player2,,5,2,equal_to_both,5,"[0.5, 0.9999106113207938, 0.999999984591759, 0.999999999993864, 0.9999999999999948]"
Human-Human,human_bf70b991-4d12-4b4f-9ce5-57687e7d0c35_player1,,6,1,closer_to_player1,6,"[0.5, 0.9999964916993413, 0.9999970851794879, 0.9999999999795464, 0.9999999999999996, 1.0]"
Human-Human,human_bf70b991-4d12-4b4f-9ce5-57687e7d0c35_player2,,6,2,closer_to_player1,6,"[0.5, 0.583474382160291, 0.6600933104626241, 0.5008003805977006, 0.7552768046075258, 0.9999751194484486]"
Human-Human,human_bf70b991-4d12-4b4f-9ce5-57687e7d0c35_player1,,7,1,equal_to_both,6,"[0.5, 0.6268816721975845, 0.45490145217343275, 0.999855790075925, 0.9999999770961712, 0.9999999999867627]"
Human-Human,human_bf70b991-4d12-4b4f-9ce5-57687e7d0c35_player2,,7,2,equal_to_both,6,"[0.5, 0.666339343746762, 0.8008199724653162, 0.9173927241031293, 0.9999983403778612, 0.9999999999513874]"
Human-Human,human_bf70b991-4d12-4b4f-9ce5-57687e7d0c35_player1,,8,1,closer_to_player2,4,"[0.5, 0.49999569973771896, 0.4561430858498951, 0.9999669141382568]"
Human-Human,human_bf70b991-4d12-4b4f-9ce5-57687e7d0c35_player2,,8,2,closer_to_player2,8,"[0.5, 0.999994979502323, 0.9999999999419843, 0.9999999999999979, 1.0, 1.0, 1.7059743043435247e-08, 1.8345131145868098e-08]"
Human-Human,human_bf70b991-4d12-4b4f-9ce5-57687e7d0c35_player1,,11,1,closer_to_player1,4,"[0.5, 3.4834498303794865e-06, 0.0828414741389736, 0.9985468130767478]"
Human-Human,human_bf70b991-4d12-4b4f-9ce5-57687e7d0c35_player2,,11,2,closer_to_player1,2,"[0.5, 0.5847925069956577]"
