group,participantId,sessionIndex,trialIndex,playerIndex,distanceCondition,nSteps,posteriors
sampleJointGoal_fromStart,always_committed_session_0_player1,0,1,1,closer_to_player1,7,"[0.5, 0.4940776807566307, 0.5367359871856892, 0.6077610730591092, 1.0, 1.0, 1.0]"
sampleJointGoal_fromStart,always_committed_session_0_player2,0,1,2,closer_to_player1,11,"[0.5, 0.5038649626725829, 0.5058347432439424, 0.5010466743651489, 0.5846517937329585, 0.6559606885227923, 0.5788606174476209, 0.7333170248150067, 0.07697816452225847, 0.14298552164579162, 0.2514807832552419]"
sampleJointGoal_fromStart,always_committed_session_0_player1,0,3,1,equal_to_both,11,"[0.5, 0.989454536474718, 0.9998175069462129, 0.999821788151038, 0.9999969635298072, 0.9999970415537434, 0.9999999496572358, 0.9999999986737413, 0.999999999006722, 0.9999999991755872, 0.999999999235549]"
sampleJointGoal_fromStart,always_committed_session_0_player2,0,3,2,equal_to_both,11,"[0.5, 0.9892757183732372, 0.999810940497052, 0.9998194480785029, 0.9998226918670736, 0.9998250829236313, 0.9999988789525047, 0.9999999875173292, 0.9999999909542195, 0.999999995551878, 0.9999999998699873]"
sampleJointGoal_fromStart,always_committed_session_0_player1,0,4,1,closer_to_player2,9,"[0.5, 0.5035084577470065, 0.5051560200808407, 0.5070207862138031, 0.5018826035162072, 0.4960679892383729, 0.4902447040173357, 0.5320232979534613, 0.4562842150263677]"
sampleJointGoal_fromStart,always_committed_session_0_player2,0,4,2,closer_to_player2,11,"[0.5, 0.4090033856556325, 0.3263234884288284, 0.2571030839255557, 0.34703431282903857, 0.2099121350726172, 0.11723242990741048, 0.9999475689025497, 0.9999390125651538, 0.9999999998164384, 0.9999999998468284]"
sampleJointGoal_fromStart,always_committed_session_0_player1,0,5,1,closer_to_player1,4,"[0.5, 0.999378615677862, 0.9999990930287957, 0.9999999969308282]"
sampleJointGoal_fromStart,always_committed_session_0_player2,0,5,2,closer_to_player1,14,"[0.5, 0.5785269463652492, 0.6575313255661038, 0.7314706893487991, 0.6008242441088167, 0.012279533275778036, 0.9936201521266541, 0.996792117954574, 0.9988365558829665, 0.9999999783826541, 0.9999999999993802, 1.0, 1.0, 1.0]"
sampleJointGoal_fromStart,always_committed_session_0_player1,0,6,1,closer_to_player1,6,"[0.5, 0.5046667614536975, 0.5071404631300677, 0.5130540375285373, 0.586197452555731, 0.5864135369882315]"
sampleJointGoal_fromStart,always_committed_session_0_player2,0,6,2,closer_to_player1,13,"[0.5, 0.5030078822614841, 0.5052831548027784, 0.5071105789071924, 0.5025632506327696, 0.5088359334079885, 0.5580165707970443, 0.5586379628304398, 0.023188074125969314, 0.0006012063129041202, 0.0005450118768333168, 0.0007326434619724913, 0.0007332959631615181]"
sampleJointGoal_fromStart,always_committed_session_0_player1,0,7,1,closer_to_player2,9,"[0.5, 0.5020230625014932, 0.9899258664456337, 0.9998309494171156, 0.9998327130685263, 0.9997470581906637, 0.9999986675173181, 0.9999999886677736, 0.9999999998502339]"
sampleJointGoal_fromStart,always_committed_session_0_player2,0,7,2,closer_to_player2,9,"[0.5, 0.999520832032838, 0.9999996106065986, 0.9999999993162408, 0.9999999999977014, 0.9999999999999857, 0.9999999999999998, 1.0, 1.0]"
sampleJointGoal_fromStart,always_committed_session_0_player1,0,9,1,equal_to_both,14,"[0.5, 0.5000047316391514, 0.5000373140261113, 0.0002992355196438401, 2.2241686501938338e-07, 3.6879026634055854e-10, 4.07732449804626e-05, 0.5488065978514983, 0.9999120066824265, 0.9999999736631819, 0.9999999999804303, 0.9999999999999676, 0.9999999999999999, 1.0]"
sampleJointGoal_fromStart,always_committed_session_0_player2,0,9,2,equal_to_both,8,"[0.5, 0.500004692822398, 0.5000372714384239, 0.9997008557062095, 0.9999997776528973, 0.9999999996313287, 0.9999999999987613, 0.9999999999999922]"
sampleJointGoal_fromStart,always_committed_session_0_player1,0,10,1,closer_to_player2,11,"[0.5, 0.0034027969358669252, 0.003406978451544561, 0.3558893796080634, 0.9812486945577964, 0.9815540418611886, 0.9998019063759933, 0.9999966045695104, 0.9999998782745415, 0.9999999414098455, 0.9999999714565636]"
sampleJointGoal_fromStart,always_committed_session_0_player2,0,10,2,closer_to_player2,10,"[0.5, 0.9989567575399563, 0.9999976908859084, 0.9999982340097983, 0.9999983614510471, 0.9999999981746976, 0.9999999992265761, 0.9999999999976892, 0.9999999999999936, 1.0]"
sampleJointGoal_fromStart,always_committed_session_1_player1,1,0,1,closer_to_player1,11,"[0.5, 0.002405615355417397, 0.0036643808130721266, 0.9582901977751757, 0.9999862390839416, 0.9999999976224507, 0.9999999999990318, 0.9999999999999991, 1.0, 1.0, 1.0]"
sampleJointGoal_fromStart,always_committed_session_1_player2,1,0,2,closer_to_player1,9,"[0.5, 0.9832111864272776, 0.9995552527348353, 0.9999831389798226, 0.9999843008701148, 0.9999850058441272, 0.999999607870831, 0.999999677420585, 0.9999996881059745]"
sampleJointGoal_fromStart,always_committed_session_1_player1,1,2,1,equal_to_both,11,"[0.5, 0.4999140332050559, 0.4998929781485141, 0.9966450092797018, 0.9999792774388707, 0.9999794737486313, 0.9999998753359985, 0.9999998761601987, 0.9999999993782829, 0.9999999993023836, 0.9999999999970026]"
sampleJointGoal_fromStart,always_committed_session_1_player2,1,2,2,equal_to_both,11,"[0.5, 0.5014710272260865, 0.5015850437103744, 0.9966570713518417, 0.9966801548323373, 0.9999884103275384, 0.9999999257335955, 0.9999999991730568, 0.9999999994007415, 0.9999999999886396, 0.9999999999967237]"
sampleJointGoal_fromStart,always_committed_session_1_player1,1,3,1,closer_to_player2,9,"[0.5, 0.5020230628414107, 0.9899258665608728, 0.9898461533005256, 0.9999225568073352, 0.9999990247543736, 0.9999999801250066, 0.9999999771503434, 0.9999999996980201]"
sampleJointGoal_fromStart,always_committed_session_1_player2,1,3,2,closer_to_player2,9,"[0.5, 0.9995485568822671, 0.9999994775294276, 0.9999999990858438, 0.9999999999967691, 0.9999999999999647, 0.9999999999999998, 1.0, 1.0]"
sampleJointGoal_fromStart,always_committed_session_1_player1,1,5,1,closer_to_player2,7,"[0.5, 0.9828629483885556, 0.9992605927743361, 0.9996429297735363, 0.9998255579745063, 0.9999140794678918, 0.9999574586676442]"
sampleJointGoal_fromStart,always_committed_session_1_player2,1,5,2,closer_to_player2,7,"[0.5, 0.9999961115352888, 0.9999999998545046, 0.9999999999999941, 1.0, 1.0, 1.0]"
sampleJointGoal_fromStart,always_committed_session_1_player1,1,6,1,closer_to_player1,6,"[0.5, 0.5836348871288317, 0.6550154281177869, 0.7086079488440417, 0.7423500095290747, 0.6829838504530388]"
sampleJointGoal_fromStart,always_committed_session_1_player2,1,6,2,closer_to_player1,9,"[0.5, 0.5045359656323897, 0.5077370828545674, 0.5144363295517936, 0.5101140650591188, 0.5390735253093888, 0.5405871933127052, 0.541212942823524, 0.5414341387397444]"
sampleJointGoal_fromStart,always_committed_session_1_player1,1,7,1,closer_to_player2,9,"[0.5, 0.9832240838733329, 0.9995560668667939, 0.9995726966582201, 0.9999888796324868, 0.9999893775975456, 0.9999896550365555, 0.9999878522473942, 0.9999999355692657]"
sampleJointGoal_fromStart,always_committed_session_1_player2,1,7,2,closer_to_player2,9,"[0.5, 0.9995412114052793, 0.9997344742186421, 0.9999995980107254, 0.9999999995665133, 0.9999999999988678, 0.9999999999999944, 1.0, 1.0]"
sampleJointGoal_fromStart,always_committed_session_1_player1,1,8,1,closer_to_player1,6,"[0.5, 0.4967799421273604, 0.5721346004975519, 0.6313561923965286, 0.6698762252033812, 0.7529572767965754]"
sampleJointGoal_fromStart,always_committed_session_1_player2,1,8,2,closer_to_player1,12,"[0.5, 0.49546784235520547, 0.49227072842545316, 0.4957333236726399, 0.5002804578148575, 0.505532976964052, 0.5109387597143965, 0.5599283293386361, 0.38719699032374294, 1.0, 1.0, 1.0]"
sampleJointGoal_fromStart,always_committed_session_1_player1,1,9,1,equal_to_both,10,"[0.5, 0.4999988374069605, 0.49999796494726695, 0.4999932333080798, 0.499960650921758, 0.9997007620452376, 0.9999997775813244, 0.9999999996312068, 0.999999999998761, 0.9999999999999922]"
sampleJointGoal_fromStart,always_committed_session_1_player2,1,9,2,equal_to_both,10,"[0.5, 0.99384882825925, 0.9999345475032542, 0.999998884810861, 0.9999999709805113, 0.9999999988853698, 0.999999999217372, 0.9999999994129999, 0.9999999995371828, 0.9999999999891978]"
sampleJointGoal_fromStart,always_committed_session_1_player1,1,10,1,equal_to_both,8,"[0.5, 0.9982965158408116, 0.998302956298581, 0.9983330408698387, 0.9985123304285082, 0.9999995548339574, 0.9999999996694097, 0.9999999999994519]"
sampleJointGoal_fromStart,always_committed_session_1_player2,1,10,2,equal_to_both,8,"[0.5, 0.49999200987502607, 0.4998919929879181, 0.49903060888231576, 0.9998929738622996, 0.9999999680180091, 0.9999999999762494, 0.9999999999999606]"
sampleJointGoal_fromStart,always_committed_session_2_player1,2,0,1,closer_to_player1,6,"[0.5, 0.5832697833302344, 0.47682831595601144, 0.6457938270441, 0.78483181670927, 0.8802383012817481]"
sampleJointGoal_fromStart,always_committed_session_2_player2,2,0,2,closer_to_player1,9,"[0.5, 0.5035278621744455, 0.5057097432743656, 0.5071718599728962, 0.5075061292445431, 0.505875540833752, 0.5666999105636857, 0.5187588300447774, 0.6847547467038372]"
sampleJointGoal_fromStart,always_committed_session_2_player1,2,2,1,closer_to_player1,9,"[0.5, 0.999526381931046, 0.9999994446047249, 0.9999999973261052, 0.9999999992402923, 0.999999999996447, 0.9999999999999897, 1.0, 1.0]"
sampleJointGoal_fromStart,always_committed_session_2_player2,2,2,2,closer_to_player1,11,"[0.5, 0.5024425890292795, 0.9896285042425959, 0.9998216942870376, 0.9998262655591812, 0.9780299639994988, 0.9785812474243024, 0.9996299271284882, 0.9999901328426648, 0.9999918427687803, 0.9999997166004699]"
sampleJointGoal_fromStart,always_committed_session_2_player1,2,3,1,equal_to_both,12,"[0.5, 0.5000267724389522, 0.5000285381209846, 0.5000286871544958, 0.9966421397652647, 0.9966619469351463, 0.9967227742512182, 0.9969336921688383, 0.999997714562308, 0.9999999962105331, 0.9999999999872684, 0.9999999999999205]"
sampleJointGoal_fromStart,always_committed_session_2_player2,2,3,2,equal_to_both,12,"[0.5, 0.50002375033113, 0.5000245976913503, 0.5000245258949622, 0.9966420854318448, 0.9999792163655659, 0.9999794780417501, 0.9999802231844325, 0.9999828975816062, 0.9999999716421908, 0.9999999999047253, 0.9999999999994049]"
sampleJointGoal_fromStart,always_committed_session_2_player1,2,5,1,closer_to_player2,9,"[0.5, 0.5035047978043886, 0.5062692358793691, 0.5029340185108891, 0.49839090179585754, 0.4931386695438465, 0.49905408113093813, 0.5725482627804693, 0.5727662769411629]"
sampleJointGoal_fromStart,always_committed_session_2_player2,2,5,2,closer_to_player2,6,"[0.5, 0.5047328209583425, 0.5030031432963749, 0.5645112578279513, 0.5155894489811985, 0.6818657015390656]"
sampleJointGoal_fromStart,always_committed_session_2_player1,2,7,1,equal_to_both,8,"[0.5, 0.49940004401592736, 0.4932595072727762, 0.999750075447261, 0.999616038294799, 0.9999999339220496, 0.9999999999731392, 0.9999999999999765]"
sampleJointGoal_fromStart,always_committed_session_2_player2,2,7,2,equal_to_both,8,"[0.5, 0.5004828687754744, 0.50661226833572, 0.6295178473547804, 0.999689579861167, 0.9999997908874871, 0.9999999999149954, 0.9999999999999255]"
sampleJointGoal_fromStart,always_committed_session_2_player1,2,8,1,equal_to_both,10,"[0.5, 0.9938486648523678, 0.9938929886439222, 0.9999621390732447, 0.9999996004414468, 0.9999999931011518, 0.9999999949509988, 0.9999999960844181, 0.9999999968187657, 0.9999999981907163]"
sampleJointGoal_fromStart,always_committed_session_2_player2,2,8,2,equal_to_both,10,"[0.5, 0.9937635351582704, 0.9999324749619001, 0.9999988266159177, 0.999999968218536, 0.9999999980518488, 0.9999999991095821, 0.9999999995735688, 0.9999999997934843, 0.9999999999040754]"
sampleJointGoal_fromStart,always_committed_session_2_player1,2,9,1,closer_to_player2,9,"[0.5, 0.9832026593055815, 0.9836254385123657, 0.9838845661692333, 0.9998294623157673, 0.9999971088447245, 0.9999999243312974, 0.9999999380463827, 0.9999999433079496]"
sampleJointGoal_fromStart,always_committed_session_2_player2,2,9,2,closer_to_player2,13,"[0.5, 0.4979889953773738, 0.9991780878276483, 0.9992016554218639, 0.9999991509895206, 0.9999995081313114, 0.9999999969282903, 0.9999999999963601, 0.9999999999999915, 0.9999999998688294, 0.9999999999993093, 0.9999999999999759, 0.9999999999999998]"
sampleJointGoal_fromStart,always_committed_session_2_player1,2,10,1,closer_to_player1,6,"[0.5, 0.5046667614537703, 0.5071404631301468, 0.5130540375286186, 0.5861974525558127, 0.5864135369883133]"
sampleJointGoal_fromStart,always_committed_session_2_player2,2,10,2,closer_to_player1,9,"[0.5, 0.5035279324445763, 0.505803163279461, 0.5076305382918302, 0.5030833064476364, 0.4978305386947559, 0.5037463014658365, 0.46110764852375186, 0.5624072603163442]"
sampleJointGoal_fromStart,always_committed_session_2_player1,2,11,1,closer_to_player2,11,"[0.5, 0.9831891739189091, 0.09305763055906634, 0.09368297686944159, 0.9096499282238142, 0.908993115988225, 0.9992440579443227, 0.9988573560004245, 0.9999939704180449, 0.9999999486845766, 0.9999999993215568]"
sampleJointGoal_fromStart,always_committed_session_2_player2,2,11,2,closer_to_player2,11,"[0.5, 0.0032985496638658664, 0.9615413848788454, 0.9999864002135339, 0.9999999891400041, 0.9999999999810303, 0.9999999999998945, 0.9999999999999997, 1.0, 1.0, 1.0]"
sampleJointGoal_fromStart,always_committed_session_3_player1,3,0,1,closer_to_player1,9,"[0.5, 0.5031225241480214, 0.6086172277503625, 0.9999013164875318, 0.9999999834343011, 0.9999999999924741, 0.9999999999999918, 1.0, 1.0]"
sampleJointGoal_fromStart,always_committed_session_3_player2,3,0,2,closer_to_player1,9,"[0.5, 0.9831363607191352, 0.9995497066925877, 0.999982170207327, 0.9999881068584126, 0.9999990587740476, 0.9999995329280715, 0.9999997645848289, 0.9999998803254881]"
sampleJointGoal_fromStart,always_committed_session_3_player1,3,2,1,closer_to_player1,8,"[0.5, 0.4936342829643458, 0.53975622206751, 0.613711916434888, 1.0, 1.0, 1.0, 1.0]"
sampleJointGoal_fromStart,always_committed_session_3_player2,3,2,2,closer_to_player1,9,"[0.5, 0.5038575022324804, 0.5058374777635603, 0.5130563493805305, 0.509939219051995, 0.4039095971994928, 0.5754574547868151, 0.7305867253920872, 0.845304818514616]"
sampleJointGoal_fromStart,always_committed_session_3_player1,3,4,1,closer_to_player2,18,"[0.5, 0.4969677132742718, 0.5028481498161493, 0.6350218880467144, 0.999656127949593, 0.9999986989757885, 0.9999999965412038, 0.9999999999913766, 0.9999999999999143, 0.9999999999999996, 0.9999999999747948, 0.9999998378614572, 0.9999999992305355, 0.999999999988165, 0.999999999999899, 0.9999999751621587, 0.9999999997880351, 0.9999999999972341]"
sampleJointGoal_fromStart,always_committed_session_3_player2,3,4,2,closer_to_player2,6,"[0.5, 0.9983178166170085, 0.9999948031101085, 0.9999999725289651, 0.9999999997655634, 0.9999999999969409]"
sampleJointGoal_fromStart,always_committed_session_3_player1,3,5,1,equal_to_both,12,"[0.5, 0.9813695463270429, 0.9994619736421909, 0.9999779914040818, 0.9999831298900725, 0.9999993328746556, 0.999999558138305, 0.9999996905966736, 0.9999999879115211, 0.9999999941961188, 0.9999999971888403, 0.9999999986942287]"
sampleJointGoal_fromStart,always_committed_session_3_player2,3,5,2,equal_to_both,12,"[0.5, 0.4995048483748881, 0.4994511318335312, 0.49944972395170234, 0.4994499456017624, 0.4994420117195245, 0.4993419980896082, 0.49848061738259275, 0.9998927381741365, 0.9999999679475726, 0.9999999999761972, 0.9999999999999606]"
sampleJointGoal_fromStart,always_committed_session_3_player1,3,6,1,equal_to_both,7,"[0.5, 0.49979158115665184, 0.49582468526347717, 0.39074051129807064, 0.9999567293550881, 0.9999999963137047, 0.9999999999991568]"
sampleJointGoal_fromStart,always_committed_session_3_player2,3,6,2,equal_to_both,7,"[0.5, 0.9992023266307286, 0.9999986157337893, 0.99999999299532, 0.9999999965268976, 0.9999999983350053, 0.9999999995286367]"
sampleJointGoal_fromStart,always_committed_session_3_player1,3,8,1,equal_to_both,8,"[0.5, 0.9982979258070127, 0.9983015990864157, 0.9999971429540258, 0.9999999904589763, 0.9999999905373703, 0.9999999999718026, 0.9999999999731131]"
sampleJointGoal_fromStart,always_committed_session_3_player2,3,8,2,equal_to_both,8,"[0.5, 0.5003321765587181, 0.5062591977425781, 0.9995608457300598, 0.9997443195055253, 0.999999880556919, 0.9999999998480189, 0.9999999999987322]"
sampleJointGoal_fromStart,always_committed_session_3_player1,3,9,1,closer_to_player2,10,"[0.5, 0.9743789497530622, 0.9736256446782393, 0.9727026162487906, 0.9716631666165878, 0.9998122936065168, 0.9999979166542845, 0.9999999331488484, 0.9999999331488484, 0.9999999631875536]"
sampleJointGoal_fromStart,always_committed_session_3_player2,3,9,2,closer_to_player2,7,"[0.5, 0.9999444411005114, 0.9999999903830629, 0.9999999999932332, 0.999999999999996, 1.0, 1.0]"
sampleJointGoal_fromStart,always_committed_session_3_player1,3,10,1,closer_to_player1,9,"[0.5, 0.6234319518202386, 0.45287046002628845, 0.29267986611585584, 0.9999104362225586, 0.9999999948280196, 0.9999999959275759, 0.9999999965102672, 0.999999997069546]"
sampleJointGoal_fromStart,always_committed_session_3_player2,3,10,2,closer_to_player1,9,"[0.5, 0.5030064068535505, 0.5051886541186875, 0.5064062310367022, 0.5110692525518208, 0.5135408066804003, 0.5081360894999709, 0.458952106586331, 0.6307461636367094]"
sampleJointGoal_fromStart,always_committed_session_4_player1,4,1,1,closer_to_player1,6,"[0.5, 0.4967186219400593, 0.572077099323739, 0.49076902834390623, 0.6584718848582334, 0.7951858910443442]"
sampleJointGoal_fromStart,always_committed_session_4_player2,4,1,2,closer_to_player1,9,"[0.5, 0.5028816702504644, 0.5056461712774001, 0.5121035767320496, 0.5252940988396559, 0.5284976904081348, 0.5300151658548671, 0.5306428053242876, 0.530864679870242]"
sampleJointGoal_fromStart,always_committed_session_4_player1,4,2,1,equal_to_both,9,"[0.5, 0.5004127895795598, 0.9982520353769351, 0.9983240661850546, 0.9999960827881306, 0.9999999817577007, 0.999999989679157, 0.9999999997983436, 0.9999999999991336]"
sampleJointGoal_fromStart,always_committed_session_4_player2,4,2,2,equal_to_both,9,"[0.5, 0.9966464403806776, 0.9966583341311462, 0.9965914281904625, 0.9999957029198594, 0.9999936703121599, 0.9999999925028716, 0.9999999999824212, 0.9999999999999245]"
sampleJointGoal_fromStart,always_committed_session_4_player1,4,3,1,closer_to_player1,8,"[0.5, 0.5799573496819436, 0.9999733287027328, 0.9999659582270898, 0.9999601111046749, 0.9999999998907, 0.9999999998907004, 0.9999999999999998]"
sampleJointGoal_fromStart,always_committed_session_4_player2,4,3,2,closer_to_player1,8,"[0.5, 0.49575821827156835, 0.5852308884410476, 0.6644807430401238, 0.7283979814185755, 0.6602013416552712, 0.7955177063054749, 0.8877462023611385]"
sampleJointGoal_fromStart,always_committed_session_4_player1,4,4,1,closer_to_player2,9,"[0.5, 0.5034561414917134, 0.5057101107677237, 0.5075748242785336, 0.5024367492950864, 0.49662211574493986, 0.5029813954509774, 0.4568912311335071, 0.5665407296782905]"
sampleJointGoal_fromStart,always_committed_session_4_player2,4,4,2,closer_to_player2,9,"[0.5, 0.4167281387274481, 0.34576162812717076, 0.4218791714695916, 0.9999495391205261, 0.9999999970913036, 0.9999999977045094, 0.9999999980265767, 0.9999999999999697]"
sampleJointGoal_fromStart,always_committed_session_4_player1,4,7,1,closer_to_player2,11,"[0.5, 0.5035084577470065, 0.5063312860720821, 0.5134796203602534, 0.5071957425524352, 0.49223106517255477, 0.5508066687798966, 0.5543362615600939, 0.01684669299314947, 0.023420809188687282, 0.023618520200880216]"
sampleJointGoal_fromStart,always_committed_session_4_player2,4,7,2,closer_to_player2,6,"[0.5, 0.37738187863850836, 0.5479973544811078, 0.7080509237005955, 0.8291173869394014, 0.907209077047507]"
sampleJointGoal_fromStart,always_committed_session_4_player1,4,8,1,closer_to_player1,9,"[0.5, 0.49533323854619715, 0.4928595368698156, 0.49826657280688985, 0.547401111839407, 0.3752391025407114, 1.0, 1.0, 1.0]"
sampleJointGoal_fromStart,always_committed_session_4_player2,4,8,2,closer_to_player1,9,"[0.5, 0.5030078822557691, 0.5051902998819281, 0.5064078945489435, 0.5031904201600503, 0.5783997308083596, 0.6373038460429582, 0.5906303753219166, 0.7439408504072627]"
sampleJointGoal_fromStart,always_committed_session_4_player1,4,9,1,equal_to_both,9,"[0.5, 0.996544651501528, 0.9999779311221395, 0.9999792693113154, 0.9999998642820188, 0.9999999062700727, 0.999999958591975, 0.999999999638203, 0.9999999999944258]"
sampleJointGoal_fromStart,always_committed_session_4_player2,4,9,2,equal_to_both,9,"[0.5, 0.9966464292489838, 0.9999792874511593, 0.9999997816097428, 0.9999999962833056, 0.9999999964060561, 0.9999999964680976, 0.9999999958380527, 0.9999999999866344]"
sampleJointGoal_fromStart,always_committed_session_4_player1,4,10,1,equal_to_both,10,"[0.5, 0.5000013107434931, 0.500001631631811, 0.9982965269396723, 0.9999942579281509, 0.9999999645923061, 0.9999999653073491, 0.9999999670794543, 0.9999999998677497, 0.9999999999247844]"
sampleJointGoal_fromStart,always_committed_session_4_player2,4,10,2,equal_to_both,10,"[0.5, 0.49996512858030445, 0.9966367123027031, 0.9999791713705782, 0.9999794050497671, 0.9999998729830889, 0.9999999986478738, 0.9999999989515437, 0.9999999999862721, 0.9999999999936235]"
sampleJointGoal_fromStart,always_committed_session_4_player1,4,11,1,closer_to_player2,9,"[0.5, 0.35324784138337195, 0.9214430838712019, 0.9978146228121747, 0.9999402366042194, 0.9999977314325259, 0.999999874608548, 0.9999999849655065, 0.9999999927649389]"
sampleJointGoal_fromStart,always_committed_session_4_player2,4,11,2,closer_to_player2,9,"[0.5, 0.9993998759469555, 0.9999990772166362, 0.9999999947040552, 0.9999999999566225, 0.9999999999997925, 0.9999999999999989, 1.0, 1.0]"
sampleJointGoal_fromStart,always_committed_session_5_player1,5,0,1,closer_to_player1,6,"[0.5, 0.9944416574945439, 0.9972282470103505, 0.9986165604874815, 0.9993089487017811, 0.9996547726155393]"
sampleJointGoal_fromStart,always_committed_session_5_player2,5,0,2,closer_to_player1,9,"[0.5, 0.5035666750777738, 0.5050214822264476, 0.5070324721360631, 0.517057156782651, 0.43522741023010875, 0.5600704705217241, 0.42687398108148655, 0.2718978172319678]"
sampleJointGoal_fromStart,always_committed_session_5_player1,5,1,1,closer_to_player2,12,"[0.5, 0.4965943638405607, 0.49440221740085777, 0.49318352273147503, 0.4885207092387826, 0.49021992002321285, 0.571536246032244, 0.9999722152571274, 0.9999647136260379, 0.9999588219966342, 0.9999509635359379, 1.0]"
sampleJointGoal_fromStart,always_committed_session_5_player2,5,1,2,closer_to_player2,6,"[0.5, 0.37656017434978606, 0.5471211193448985, 0.7073130600240701, 0.828607364986152, 0.9068503812465083]"
sampleJointGoal_fromStart,always_committed_session_5_player1,5,2,1,closer_to_player1,9,"[0.5, 0.6226181334175034, 0.9996817537026415, 0.999566078298836, 0.9994231264883819, 0.999999966729996, 0.9999999999939546, 0.9999999999969782, 0.9999999999985004]"
sampleJointGoal_fromStart,always_committed_session_5_player2,5,2,2,closer_to_player1,10,"[0.5, 0.5035101249760182, 0.5063342600163842, 0.5134836336638283, 0.5071989409139638, 0.5440840307795946, 0.5440840307795947, 0.5496445876462321, 0.5531759056648577, 0.5553027570623149]"
sampleJointGoal_fromStart,always_committed_session_5_player1,5,3,1,equal_to_both,11,"[0.5, 0.5000859568895905, 0.500107010036357, 0.9966376067148198, 0.9966606563003657, 0.9999883419941431, 0.9999889375969905, 0.9999999484853539, 0.9999999995581865, 0.9999999997821679, 0.9999999999936305]"
sampleJointGoal_fromStart,always_committed_session_5_player2,5,3,2,equal_to_both,11,"[0.5, 0.4985163132518184, 0.9938089253729977, 0.9938542101456191, 0.9938759671425715, 0.9999797383338525, 0.9999795916869367, 0.9999999474040975, 0.9999999997359748, 0.9999999997037267, 0.9999999999987296]"
sampleJointGoal_fromStart,always_committed_session_5_player1,5,4,1,closer_to_player2,9,"[0.5, 0.983224035728164, 0.9836256359874975, 0.9838805915485554, 0.9998299067760347, 0.9998315862884656, 0.9997698636131213, 0.999999290398173, 0.99999999623637]"
sampleJointGoal_fromStart,always_committed_session_5_player2,5,4,2,closer_to_player2,9,"[0.5, 0.6226295045132978, 0.9998707548043324, 0.9999999227383886, 0.9999999997084621, 0.9999999999992386, 0.9999999999999979, 1.0, 1.0]"
sampleJointGoal_fromStart,always_committed_session_5_player1,5,5,1,closer_to_player1,8,"[0.5, 0.5001178413929187, 0.5026227357628618, 0.05301996610397068, 0.05434506585635149, 0.049477528682467214, 0.042031604852126175, 0.061828353069422484]"
sampleJointGoal_fromStart,always_committed_session_5_player2,5,5,2,closer_to_player1,14,"[0.5, 0.4964952031106864, 0.49479480070443027, 0.493917797765333, 0.49355163503810084, 0.49107919496714614, 0.4964856109624015, 0.5456354877430426, 0.37357043963551917, 1.0, 1.0, 1.0, 1.0, 1.0]"
sampleJointGoal_fromStart,always_committed_session_5_player1,5,6,1,closer_to_player2,9,"[0.5, 0.9831899412764123, 0.9995405680257246, 0.9999704562583426, 0.9999859432089441, 0.9999932126639731, 0.9999966847051616, 0.9999983672099801, 0.9999991916005925]"
sampleJointGoal_fromStart,always_committed_session_5_player2,5,6,2,closer_to_player2,9,"[0.5, 0.4987706834455551, 0.5001619764828104, 0.9999445218686085, 0.9999999905439629, 0.9999999999956442, 0.9999999999980065, 0.9999999999999986, 1.0]"
sampleJointGoal_fromStart,always_committed_session_5_player1,5,7,1,equal_to_both,12,"[0.5, 0.9827983842544424, 0.9832194077739325, 0.9834105550597767, 0.999821612358061, 0.999824392479741, 0.9998266031268185, 0.999832898158417, 0.9999994193228114, 0.9999995462127914, 0.9999999984753952, 0.9999999999904765]"
sampleJointGoal_fromStart,always_committed_session_5_player2,5,7,2,equal_to_both,12,"[0.5, 0.5000267724389522, 0.5000285381209846, 0.9938493569928373, 0.9938941930274454, 0.9939301109204348, 0.9999792374973144, 0.9999799913751383, 0.9999826971194603, 0.9999999713097955, 0.9999999999036085, 0.9999999999993979]"
sampleJointGoal_fromStart,always_committed_session_5_player1,5,11,1,equal_to_both,10,"[0.5, 0.5118415786426456, 0.4065191287998855, 0.9973658481298372, 0.997535007028626, 0.9986083777760907, 0.9999947062757185, 0.9999999810407358, 0.9999999999670254, 0.9999999999998941]"
sampleJointGoal_fromStart,always_committed_session_5_player2,5,11,2,equal_to_both,8,"[0.5, 0.49189730429675094, 0.9994210451795529, 0.9999992918857074, 0.9999989161744375, 0.9999999990500651, 0.9999999999983478, 0.9999999999999947]"
sampleJointGoal_fromStart,always_committed_session_6_player1,6,0,1,closer_to_player1,9,"[0.5, 0.9995420050829064, 0.9997346584539009, 0.9999998449853229, 0.9999999997731781, 0.9999999999981041, 0.999999999999993, 0.9999999999999999, 1.0]"
sampleJointGoal_fromStart,always_committed_session_6_player2,6,0,2,closer_to_player1,9,"[0.5, 0.5034728829585097, 0.9897048472172209, 0.9898665040903152, 0.9998936999225396, 0.9999982040447115, 0.999998251366605, 0.9999979546897295, 0.9999999886980214]"
sampleJointGoal_fromStart,always_committed_session_6_player1,6,1,1,closer_to_player1,9,"[0.5, 0.5031076665048516, 0.9998316459840111, 0.9999999229506019, 0.9999999999156395, 0.9999999999526358, 0.9999999999998213, 0.9999999999999994, 1.0]"
sampleJointGoal_fromStart,always_committed_session_6_player2,6,1,2,closer_to_player1,11,"[0.5, 0.9832137108896634, 0.9995550629212604, 0.9999827570862951, 0.9999881038354034, 0.9999913977752086, 0.9999996935034937, 0.9999998527099204, 0.999058418635223, 0.9995472919502154, 0.9997797398491061]"
sampleJointGoal_fromStart,always_committed_session_6_player1,6,2,1,equal_to_both,12,"[0.5, 0.4987328185157936, 0.9894015089389452, 0.999816579536235, 0.9998208826077617, 0.9998236346851369, 0.9998253051796269, 0.9998240418971884, 0.9997408311230032, 0.9999996929527629, 0.9999999992800529, 0.9999999999969067]"
sampleJointGoal_fromStart,always_committed_session_6_player2,6,2,2,equal_to_both,12,"[0.5, 0.5120843531224905, 0.5135544165497776, 0.994161896770497, 0.9999377718552608, 0.9999388893572301, 0.9999397134307683, 0.9999427942424278, 0.9999997335809268, 0.9999999977102308, 0.9999999999565918, 0.9999999999874815]"
sampleJointGoal_fromStart,always_committed_session_6_player1,6,4,1,closer_to_player2,9,"[0.5, 0.4216031505170439, 0.5595025910967943, 0.3967375490014144, 0.2482205174572364, 0.9817124249657598, 0.9999239449660828, 0.9999054917622257, 0.9999998261608775]"
sampleJointGoal_fromStart,always_committed_session_6_player2,6,4,2,closer_to_player2,9,"[0.5, 0.0010989355885867897, 0.9841106857387839, 0.9999975240426793, 0.999999999556895, 0.9999999999998421, 0.9999999999999998, 1.0, 1.0]"
sampleJointGoal_fromStart,always_committed_session_6_player1,6,6,1,equal_to_both,5,"[0.5, 0.5969174730721133, 0.6988451204841248, 0.7995884396467818, 0.8886178000549958]"
sampleJointGoal_fromStart,always_committed_session_6_player2,6,6,2,equal_to_both,5,"[0.5, 0.3947268909510749, 0.5054201005359589, 0.6372853043395741, 0.7784362051590354]"
sampleJointGoal_fromStart,always_committed_session_7_player1,7,0,1,equal_to_both,11,"[0.5, 0.4999996751484148, 0.4999995958206679, 0.9966417652287352, 0.9999792145156229, 0.9999794761439094, 0.9999998704833195, 0.9999999985818786, 0.99999999868312, 0.9999999990977739, 0.9999999999943643]"
sampleJointGoal_fromStart,always_committed_session_7_player2,7,0,2,equal_to_both,11,"[0.5, 0.9893247864004723, 0.9895382006136458, 0.9998880044535251, 0.9998898971787911, 0.9998912920775289, 0.99989523935242, 0.9999094050102401, 0.9999998497718869, 0.9999999994952735, 0.9999999999968473]"
sampleJointGoal_fromStart,always_committed_session_7_player1,7,3,1,closer_to_player2,10,"[0.5, 0.49475892315126474, 0.9998651402261657, 0.9999999540919813, 0.9999999999625173, 0.9999999999998941, 0.9999999999999474, 0.9999999999999746, 0.9999999999999927, 1.0]"
sampleJointGoal_fromStart,always_committed_session_7_player2,7,3,2,closer_to_player2,2,"[0.5, 0.999244725685088]"
sampleJointGoal_fromStart,always_committed_session_7_player1,7,5,1,closer_to_player1,9,"[0.5, 0.623439838899995, 0.4528788931032586, 0.9998136549960555, 0.9997518560521603, 0.9996848783967092, 0.9996322810879412, 0.9999999988803139, 0.9999999990597593]"
sampleJointGoal_fromStart,always_committed_session_7_player2,7,5,2,closer_to_player1,9,"[0.5, 0.5034056365623615, 0.5056557067205487, 0.5074708143912849, 0.5029281804607578, 0.49767557287456027, 0.5035913357832399, 0.5769840946764272, 0.5772015170990298]"
sampleJointGoal_fromStart,always_committed_session_7_player1,7,7,1,closer_to_player2,9,"[0.5, 0.931827631754204, 0.9111492001756585, 0.9974231186190801, 0.9973863666347887, 0.9999492175047181, 0.9999604872159596, 0.9999659228783102, 0.9999655839990202]"
sampleJointGoal_fromStart,always_committed_session_7_player2,7,7,2,closer_to_player2,9,"[0.5, 0.5035226982993866, 0.9998315940363698, 0.9999005458956747, 0.999999978464917, 0.9999999999802072, 0.9999999999999627, 1.0, 1.0]"
sampleJointGoal_fromStart,always_committed_session_7_player1,7,8,1,equal_to_both,8,"[0.5, 0.4997501228051823, 0.9992216576129207, 0.999998691877855, 0.9999986885003775, 0.9999999982032478, 0.9999999979337645, 0.999999999997553]"
sampleJointGoal_fromStart,always_committed_session_7_player2,7,8,2,equal_to_both,8,"[0.5, 0.5003300209796689, 0.5062566221373336, 0.6254864796908004, 0.9995157789368295, 0.9999998891802919, 0.9999999999393494, 0.9999999999999282]"
sampleJointGoal_fromStart,always_committed_session_7_player1,7,10,1,closer_to_player2,9,"[0.5, 0.9832203242481413, 0.9995555388559668, 0.9995813368419192, 0.9995978828208767, 0.9999931061141548, 0.9999997528548301, 0.9999998810415273, 0.9999999420468552]"
sampleJointGoal_fromStart,always_committed_session_7_player2,7,10,2,closer_to_player2,9,"[0.5, 0.5045543130625967, 0.9998321497540766, 0.9998986774980699, 0.9999999469030961, 0.9999999999758896, 0.9999999999999715, 1.0, 1.0]"
sampleJointGoal_fromStart,always_committed_session_7_player1,7,11,1,closer_to_player1,9,"[0.5, 0.9995428479889613, 0.9999994495884542, 0.9999999990344333, 0.9999999999966145, 0.999999999999979, 0.9999999999999997, 1.0, 1.0]"
sampleJointGoal_fromStart,always_committed_session_7_player2,7,11,2,closer_to_player1,9,"[0.5, 0.9832477026225747, 0.9836327834606218, 0.9997234719795028, 0.9997263639133316, 0.9999965510502862, 0.9999999297063447, 0.9999999191943973, 0.9999999989382402]"
sampleJointGoal_fromStart,always_committed_session_8_player1,8,1,1,closer_to_player1,10,"[0.5, 0.4254229160491643, 0.36709785237431325, 0.00023490143752929817, 0.0001173277278129074, 1.0, 1.0, 1.0, 1.0, 1.0]"
sampleJointGoal_fromStart,always_committed_session_8_player2,8,1,2,closer_to_player1,8,"[0.5, 0.5149827056888163, 0.6458318687053844, 0.9848043621397774, 0.9890179048090717, 0.9920117335508359, 0.9941920895429462, 0.9958150778548194]"
sampleJointGoal_fromStart,always_committed_session_8_player1,8,2,1,closer_to_player2,9,"[0.5, 0.5014646728982868, 0.5090526350082186, 0.5093563100352076, 0.5030699022082202, 0.48810624803988895, 0.4608372518389886, 0.4153814065027018, 0.5246931151091739]"
sampleJointGoal_fromStart,always_committed_session_8_player2,8,2,2,closer_to_player2,8,"[0.5, 0.5016446935659562, 0.581573720783355, 0.4099405245197751, 0.25638361545650085, 1.0, 1.0, 1.0]"
sampleJointGoal_fromStart,always_committed_session_8_player1,8,3,1,closer_to_player2,13,"[0.5, 0.4965620809207117, 0.49409835223436854, 0.4928731930628129, 0.48830476032124187, 0.4899348590405484, 0.4291886688126993, 0.47705779526211506, 0.31163800515296003, 1.0, 1.0, 1.0, 1.0]"
sampleJointGoal_fromStart,always_committed_session_8_player2,8,3,2,closer_to_player2,6,"[0.5, 0.5046253202432086, 0.5029807173773134, 0.4229352919900569, 0.5945272928677393, 0.7471278464059721]"
sampleJointGoal_fromStart,always_committed_session_8_player1,8,5,1,equal_to_both,10,"[0.5, 0.5012655290639721, 0.9966532306132454, 0.996673317782103, 0.9999887577672986, 0.9999890097629681, 0.9999999615089692, 0.9999999710748291, 0.9999999859310565, 0.9999999998826383]"
sampleJointGoal_fromStart,always_committed_session_8_player2,8,5,2,equal_to_both,10,"[0.5, 0.49993738482607647, 0.49992231039525187, 0.49967233022790064, 0.9992214155418304, 0.9999986914705852, 0.9999986880920922, 0.9999999982026885, 0.9999999999946443, 0.9999999999948932]"
sampleJointGoal_fromStart,always_committed_session_8_player1,8,6,1,closer_to_player2,9,"[0.5, 0.5034075792957244, 0.5056570181406009, 0.5065341347372302, 0.5069002945679095, 0.5093726635656111, 0.5039663709158835, 0.5462305153445359, 0.47371212886987446]"
sampleJointGoal_fromStart,always_committed_session_8_player2,8,6,2,closer_to_player2,9,"[0.5, 0.5046596592486855, 0.6111862020469535, 0.4400358729327354, 0.9999528383811283, 0.9999999972767653, 0.9999999999995034, 0.9999999999997519, 0.9999999999998768]"
sampleJointGoal_fromStart,always_committed_session_8_player1,8,8,1,closer_to_player1,6,"[0.5, 0.5046667614538028, 0.502965895960697, 0.42180119321753695, 0.5933993181813856, 0.7461185573472537]"
sampleJointGoal_fromStart,always_committed_session_8_player2,8,8,2,closer_to_player1,12,"[0.5, 0.49660083523910775, 0.4941270898550737, 0.49290953602072324, 0.48824674777807725, 0.4899459442507097, 0.5712677539056441, 0.3997770339771641, 0.24854725186045354, 1.0, 1.0, 1.0]"
sampleJointGoal_fromStart,always_committed_session_8_player1,8,9,1,closer_to_player1,6,"[0.5, 0.9975691163343132, 0.9999887271552121, 0.9999997560893454, 0.9999999975295487, 0.9999999999629003]"
sampleJointGoal_fromStart,always_committed_session_8_player2,8,9,2,closer_to_player1,12,"[0.5, 0.4979618368357042, 0.5046405894406677, 0.9989174807195397, 0.9994088629884929, 0.9999978339284082, 0.9999999945093565, 0.9999999999805983, 0.9999999999998089, 0.9999999999999989, 1.0, 1.0]"
sampleJointGoal_fromStart,always_committed_session_8_player1,8,10,1,equal_to_both,7,"[0.5, 0.493769162991464, 0.3700238780945372, 0.9998880521019798, 0.9999999807399484, 0.9999999999921709, 0.9999999999999931]"
sampleJointGoal_fromStart,always_committed_session_8_player2,8,10,2,equal_to_both,7,"[0.5, 0.5062657897909545, 0.6292097824514297, 0.9998753399823616, 0.9999998114583111, 0.999999999823197, 0.9999999999995822]"
sampleJointGoal_fromStart,always_committed_session_9_player1,9,0,1,equal_to_both,10,"[0.5, 0.49999992067225313, 0.5000003546189107, 0.9983014232283863, 0.9999942152499747, 0.999994425293726, 0.9999999806310714, 0.9999999848635841, 0.9999999999491457, 0.9999999999996824]"
sampleJointGoal_fromStart,always_committed_session_9_player2,9,0,2,equal_to_both,10,"[0.5, 0.500001162593603, 0.5000020350562093, 0.9983014246875556, 0.9983324303355936, 0.99843991529644, 0.9999988389614192, 0.9999999980748929, 0.9999999999935321, 0.9999999999999596]"
sampleJointGoal_fromStart,always_committed_session_9_player1,9,1,1,equal_to_both,8,"[0.5, 0.9982962867973368, 0.9999942652822097, 0.9999942985088784, 0.9999999809870712, 0.9999999998830466, 0.9999999999985274, 0.9999999999992764]"
sampleJointGoal_fromStart,always_committed_session_9_player2,9,1,2,equal_to_both,8,"[0.5, 0.5005766235759196, 0.5067069492640438, 0.9995547457730919, 0.9999995090517338, 0.9999997801955367, 0.9999999992826439, 0.9999999999983055]"
sampleJointGoal_fromStart,always_committed_session_9_player1,9,2,1,closer_to_player2,11,"[0.5, 0.9832133266755742, 0.9836377652571953, 0.9997166129618734, 0.9999923817564659, 0.999999425792958, 0.9999994257929579, 0.9999994257929579, 0.9999997212489656, 0.9999998632875761, 0.9999999328160248]"
sampleJointGoal_fromStart,always_committed_session_9_player2,9,2,2,closer_to_player2,9,"[0.5, 0.5031068594797956, 0.6083716270457991, 0.9998988445187451, 0.9999999700766565, 0.9999999999948501, 0.9999999999999979, 1.0, 1.0]"
sampleJointGoal_fromStart,always_committed_session_9_player1,9,5,1,closer_to_player1,6,"[0.5, 0.5001185943541027, 0.5026234115262646, 0.49720968913202296, 0.5395241416625213, 0.6376662202854775]"
sampleJointGoal_fromStart,always_committed_session_9_player2,9,5,2,closer_to_player1,9,"[0.5, 0.5019100410852287, 0.5001589342960756, 0.49682346478120154, 0.4922808794405891, 0.4870305185877359, 0.49294391832758266, 0.5665559521364112, 0.5667747100053004]"
sampleJointGoal_fromStart,always_committed_session_9_player1,9,6,1,closer_to_player1,9,"[0.5, 0.49533332471465585, 0.49703413592113416, 0.4355266221606515, 0.484448013903965, 0.999992526382602, 0.9999912785011773, 0.9999896140153096, 1.0]"
sampleJointGoal_fromStart,always_committed_session_9_player2,9,6,2,closer_to_player1,9,"[0.5, 0.4966836266678426, 0.4998851884516776, 0.4964191586688004, 0.5028160391504987, 0.4901975346786601, 0.5395556596521767, 0.540181619085389, 0.5404028899853677]"
sampleJointGoal_fromStart,always_committed_session_9_player1,9,7,1,closer_to_player2,10,"[0.5, 0.9832154423381405, 0.9995544887962823, 0.9999822114611076, 0.9999978857759787, 0.9999989712334436, 0.9999994893707251, 0.9999997426292703, 0.9999997426292702, 0.9999998691641967]"
sampleJointGoal_fromStart,always_committed_session_9_player2,9,7,2,closer_to_player2,7,"[0.5, 0.9998465514628623, 0.9999999721405832, 0.9999999999852297, 0.9999999999999941, 1.0, 1.0]"
sampleJointGoal_fromStart,always_committed_session_9_player1,9,9,1,equal_to_both,10,"[0.5, 0.5000011625930395, 0.5000020350527331, 0.5000067666919202, 0.500039349078242, 0.9997008581915134, 0.9999997776547451, 0.9999999996313318, 0.9999999999987613, 0.9999999999999922]"
sampleJointGoal_fromStart,always_committed_session_9_player2,9,9,2,equal_to_both,10,"[0.5, 0.9938491057502573, 0.9938937359641645, 0.9939296464233102, 0.9999792359073991, 0.9999998689672609, 0.9999998760544783, 0.9999999031391444, 0.9999999996745733, 0.9999999999979672]"
sampleJointGoal_fromStart,always_committed_session_9_player1,9,10,1,closer_to_player1,9,"[0.5, 0.9996595408483077, 0.9999997283176706, 0.9999997289299887, 0.9999999997795624, 0.999999999999611, 0.9999999999997048, 0.9999999999998558, 0.9999999999999994]"
sampleJointGoal_fromStart,always_committed_session_9_player2,9,10,2,closer_to_player1,11,"[0.5, 0.004077186567468874, 0.004027451209610696, 0.004033522392403872, 0.004039973903394152, 0.004041884952501926, 0.003981919616720534, 0.0026227128550933457, 0.9686166711691429, 0.9999925895192734, 0.9999999959441425]"
sampleJointGoal_fromStart,always_committed_session_9_player1,9,11,1,closer_to_player2,10,"[0.5, 0.6323948313986604, 0.999119069599355, 0.9999989536445102, 0.9999989468383885, 0.9999989389690849, 0.9999999996315162, 0.9999999997120739, 0.9999999999998826, 0.9999999999999414]"
sampleJointGoal_fromStart,always_committed_session_9_player2,9,11,2,closer_to_player2,6,"[0.5, 0.9988960118902126, 0.9994486165741379, 0.012655681686081789, 0.9691764280340677, 0.9843655988347667]"
sampleJointGoal_fromStart,always_committed_session_10_player1,10,2,1,equal_to_both,11,"[0.5, 0.9894579960049915, 0.9998176403898319, 0.9998218503599688, 0.999824582781896, 0.9998262232828627, 0.9999989466268173, 0.9999989502907235, 0.9999985624577437, 0.9999999974997517, 0.9999999999919708]"
sampleJointGoal_fromStart,always_committed_session_10_player2,10,2,2,equal_to_both,11,"[0.5, 0.5272473283758708, 0.530102867604455, 0.5306984354380698, 0.538773848188062, 0.9990635104877271, 0.9999977789873815, 0.9999999894833964, 0.9999999953529178, 0.9999999999347651, 0.9999999999993882]"
sampleJointGoal_fromStart,always_committed_session_10_player1,10,3,1,closer_to_player1,7,"[0.5, 0.5073177704176797, 0.5119414739271492, 0.5102975893425012, 0.5710399157427796, 0.6114450993756482, 0.7097162209244503]"
sampleJointGoal_fromStart,always_committed_session_10_player2,10,3,2,closer_to_player1,9,"[0.5, 0.5045062884870275, 0.5120929989602572, 0.5187365469932022, 0.5308236763636126, 0.5391897245890448, 0.5447600290392086, 0.5482981720747101, 0.5504293719932101]"
sampleJointGoal_fromStart,always_committed_session_10_player1,10,4,1,closer_to_player1,20,"[0.5, 0.00616104718884231, 6.621043338294846e-05, 6.399004798588033e-05, 6.328716470425709e-05, 7.514871367480735e-05, 0.9142453393317556, 0.9999984834598136, 0.9999999999521051, 0.9999999999999896, 1.0, 1.0, 1.0, 1.0, 0.9999999999999942, 1.0, 0.9999999999996377, 0.9999999999999999, 1.0, 1.0]"
sampleJointGoal_fromStart,always_committed_session_10_player2,10,4,2,closer_to_player1,9,"[0.5, 0.9832156217229857, 0.9995544964003484, 0.9999822117129582, 0.9999978857835068, 0.9999989712466016, 0.9999994893782458, 0.9999997426331588, 0.999999869166183]"
sampleJointGoal_fromStart,always_committed_session_10_player1,10,6,1,closer_to_player2,9,"[0.5, 0.5034831209825313, 0.5062372331712867, 0.5126881556830251, 0.5258711428156259, 0.5290731011650247, 0.5305903540678015, 0.5312179052538979, 0.5314397482980455]"
sampleJointGoal_fromStart,always_committed_session_10_player2,10,6,2,closer_to_player2,9,"[0.5, 0.6236410145034649, 0.4530948322706624, 0.2928687895372452, 0.9999105201772099, 0.9998863657908081, 0.9998673961510959, 0.9999999995963247, 0.9999999996610196]"
sampleJointGoal_fromStart,always_committed_session_10_player1,10,7,1,equal_to_both,13,"[0.5, 0.4999139772818981, 0.006149990520697851, 0.6457662115944901, 0.996616544989042, 0.996640783610483, 0.9999792512516269, 0.9999997812064102, 0.9999999962768822, 0.9999999999019161, 0.9999999999265419, 0.9999999999974155, 0.9999999999988032]"
sampleJointGoal_fromStart,always_committed_session_10_player2,10,7,2,equal_to_both,11,"[0.5, 0.5014710272261315, 0.9938744800915659, 0.9999346896103309, 0.9999358624601445, 0.9999993210260333, 0.9999993455229481, 0.9999993897709079, 0.9999999947553145, 0.9999999974210074, 0.9999999999246195]"
sampleJointGoal_fromStart,always_committed_session_10_player1,10,9,1,closer_to_player2,9,"[0.5, 0.974350759653507, 0.9992711541464887, 0.9992940490992843, 0.9999818151349031, 0.9999993146202022, 0.9999999624728074, 0.9999999956319405, 0.9999999979239217]"
sampleJointGoal_fromStart,always_committed_session_10_player2,10,9,2,closer_to_player2,13,"[0.5, 0.0055377630031388575, 1.7180710643746914e-05, 0.09984587266467873, 0.9983818877679835, 0.9999994405834307, 0.999999999543996, 0.9999999999992149, 0.9999999999999973, 1.0, 1.0, 1.0, 1.0]"
sampleJointGoal_fromStart,always_committed_session_10_player1,10,10,1,closer_to_player2,9,"[0.5, 0.5034390522462727, 0.9897044009200554, 0.9998230699189988, 0.9998276046028428, 0.9999970891680018, 0.9999999243547274, 0.9999999370394081, 0.9999999983621605]"
sampleJointGoal_fromStart,always_committed_session_10_player2,10,10,2,closer_to_player2,9,"[0.5, 0.999540327732719, 0.9997343945243485, 0.9999998411833664, 0.9999999994008336, 0.9999999999984346, 0.9999999999999925, 1.0, 1.0]"
sampleJointGoal_fromStart,always_committed_session_11_player1,11,0,1,closer_to_player1,9,"[0.5, 0.9996595078161689, 0.9999997285308916, 0.9999999995366796, 0.9999999999983975, 0.9999999999999796, 0.9999999999999999, 1.0, 1.0]"
sampleJointGoal_fromStart,always_committed_session_11_player2,11,0,2,closer_to_player1,9,"[0.5, 0.4211977833146154, 0.9786097079239747, 0.999614434723081, 0.9996166611709997, 0.9999951459092631, 0.999993467364601, 0.999999944298321, 0.9999999992509554]"
sampleJointGoal_fromStart,always_committed_session_11_player1,11,1,1,closer_to_player2,8,"[0.5, 0.34672117551791737, 0.21570454647934714, 0.9437439063994946, 0.9225743777218999, 0.892872135557242, 0.9997324043546637, 0.9997210544860978]"
sampleJointGoal_fromStart,always_committed_session_11_player2,11,1,2,closer_to_player2,8,"[0.5, 0.999868390780038, 0.9998734635054807, 0.9999193134607688, 0.9999999876556152, 0.9999999999978955, 0.9999999999999988, 1.0]"
sampleJointGoal_fromStart,always_committed_session_11_player1,11,2,1,closer_to_player1,8,"[0.5, 0.9999313063606108, 0.9999999745492039, 0.9999999999910985, 0.9999999999999946, 1.0, 1.0, 1.0]"
sampleJointGoal_fromStart,always_committed_session_11_player2,11,2,2,closer_to_player1,8,"[0.5, 0.4907949121623202, 0.988578696288512, 0.9998020134509445, 0.9998083165141158, 0.9998113980510147, 0.9999982281164294, 0.9999999550818789]"
sampleJointGoal_fromStart,always_committed_session_11_player1,11,6,1,closer_to_player1,9,"[0.5, 0.6226442967892356, 0.9996820835989795, 0.9999998544807692, 0.9999999998406743, 0.9999999999996201, 0.9999999999999976, 1.0, 1.0]"
sampleJointGoal_fromStart,always_committed_session_11_player2,11,6,2,closer_to_player1,9,"[0.5, 0.9832206755077302, 0.9836235460947512, 0.9997168539399232, 0.9999926378495528, 0.9999997195085198, 0.9999997895196379, 0.9999998248087284, 0.9999998284883033]"
sampleJointGoal_fromStart,always_committed_session_11_player1,11,7,1,closer_to_player2,10,"[0.5, 0.6310399086690265, 0.4758845943025529, 0.9684988997716769, 0.9994177126110526, 0.9995449465572374, 0.9996221312516619, 0.9999947497935963, 0.9999947497935964, 0.9999968481611906]"
sampleJointGoal_fromStart,always_committed_session_11_player2,11,7,2,closer_to_player2,9,"[0.5, 0.9996594493152262, 0.9996697797456152, 0.9996823813527453, 0.9997973638346078, 0.9999999864443848, 0.9999999999960084, 0.999999999999997, 1.0]"
sampleJointGoal_fromStart,always_committed_session_11_player1,11,8,1,closer_to_player2,9,"[0.5, 0.9832232080672063, 0.9836393895482811, 0.9839065305937816, 0.9998275833957416, 0.9999970460886951, 0.9999977208942389, 0.9999980622048668, 0.9999999795499459]"
sampleJointGoal_fromStart,always_committed_session_11_player2,11,8,2,closer_to_player2,9,"[0.5, 0.9996545214162678, 0.9999997180011858, 0.9999999995039344, 0.9999999995322495, 0.9999999999988842, 0.9999999999995031, 0.999999999999998, 1.0]"
sampleJointGoal_fromStart,always_committed_session_11_player1,11,10,1,equal_to_both,6,"[0.5, 0.6267014978779939, 0.999690097827787, 0.999999848818974, 0.9999999998519138, 0.9999999999998738]"
sampleJointGoal_fromStart,always_committed_session_11_player2,11,10,2,equal_to_both,6,"[0.5, 0.3722860961099568, 0.9998890422889724, 0.9999999811625429, 0.9999999999924989, 0.9999999999999936]"
sampleJointGoal_fromStart,always_committed_session_12_player1,12,0,1,closer_to_player2,8,"[0.5, 0.49575813292516885, 0.5852307472740585, 0.6644805788252146, 0.7283978330002416, 0.7743246376799278, 0.8036903464774353, 0.7449834608354412]"
sampleJointGoal_fromStart,always_committed_session_12_player2,12,0,2,closer_to_player2,4,"[0.5, 0.6669767675865891, 0.8003977210371029, 0.890721494403599]"
sampleJointGoal_fromStart,always_committed_session_12_player1,12,1,1,closer_to_player1,13,"[0.5, 0.9995402027642057, 0.9997345861776997, 0.6001097397488108, 0.001276172105603899, 0.8925663496420249, 0.9999784361424114, 0.9999999923772779, 0.9999999999956548, 0.9999999999999946, 1.0, 1.0, 1.0]"
sampleJointGoal_fromStart,always_committed_session_12_player2,12,1,2,closer_to_player1,11,"[0.5, 0.003402930724828798, 0.0034068135515668016, 0.35625750435734155, 0.9812965629937866, 0.9996758726388258, 0.9999915719644157, 0.999991943412088, 0.9999997905449401, 0.9999999904768375, 0.9999999954959738]"
sampleJointGoal_fromStart,always_committed_session_12_player1,12,3,1,closer_to_player1,8,"[0.5, 0.9998682449963089, 0.9999999552023996, 0.9999999559336419, 0.9999999999846427, 0.9999999999882921, 0.9999999999939253, 0.9999999999999986]"
sampleJointGoal_fromStart,always_committed_session_12_player2,12,3,2,closer_to_player1,9,"[0.5, 0.980280645317419, 0.9879976426356718, 0.9916812058130994, 0.9997809257747191, 0.9998795483965163, 0.9999338066746069, 0.9999639959000847, 0.9999808750013496]"
sampleJointGoal_fromStart,always_committed_session_12_player1,12,5,1,closer_to_player2,6,"[0.5, 0.5047653910912494, 0.5149261258379523, 0.9989701835194765, 0.9994962251119821, 0.9999980887294103]"
sampleJointGoal_fromStart,always_committed_session_12_player2,12,5,2,closer_to_player2,8,"[0.5, 0.48964014632451225, 0.999967122552692, 0.9999999969067253, 0.9999999999992131, 0.999999999998935, 0.9999999999999998, 1.0]"
sampleJointGoal_fromStart,always_committed_session_12_player1,12,6,1,equal_to_both,9,"[0.5, 0.4998999863604768, 0.9996725658850628, 0.9978373185850827, 0.9978756402448222, 0.9999982768137279, 0.9999999968097438, 0.9999999999871839, 0.999999999992711]"
sampleJointGoal_fromStart,always_committed_session_12_player2,12,6,2,equal_to_both,7,"[0.5, 0.9992062443343285, 0.9992203291825176, 0.9999993684158426, 0.9999995046822634, 0.9999999996321658, 0.9999999999993902]"
sampleJointGoal_fromStart,always_committed_session_12_player1,12,7,1,equal_to_both,12,"[0.5, 0.5012690946320403, 0.9894992314103185, 0.9998181571355181, 0.9998228208599569, 0.9999969775321332, 0.9999999194493502, 0.9999999949580106, 0.9999999976117974, 0.9999999988575423, 0.9999999994762716, 0.9999999998473009]"
sampleJointGoal_fromStart,always_committed_session_12_player2,12,7,2,equal_to_both,16,"[0.5, 0.48791564687044126, 0.010222846010426941, 0.009966280459186766, 0.009884462225710471, 0.009816653272862727, 0.00941526089348618, 0.9753142073482542, 0.9999855098515866, 0.9999999817946948, 0.9999999731815894, 0.9999999999682353, 0.9999999999999255, 0.9999999998984712, 0.9999999999990377, 0.9999999999991063]"
sampleJointGoal_fromStart,always_committed_session_12_player1,12,8,1,closer_to_player2,8,"[0.5, 0.4898251801700703, 0.47406136109274494, 0.997227786347789, 0.9957406386829857, 0.9999928022401435, 0.9999999778587235, 0.9999999998831919]"
sampleJointGoal_fromStart,always_committed_session_12_player2,12,8,2,closer_to_player2,8,"[0.5, 0.9998683371425235, 0.9999999545713917, 0.9999999999638061, 0.9999999999999379, 0.9999999999999997, 1.0, 1.0]"
sampleJointGoal_fromStart,always_committed_session_12_player1,12,10,1,closer_to_player1,9,"[0.5, 0.4988375308327687, 0.504095476333188, 0.5095019382851849, 0.5585111006006546, 0.3858336464457838, 1.0, 1.0, 1.0]"
sampleJointGoal_fromStart,always_committed_session_12_player2,12,10,2,closer_to_player1,9,"[0.5, 0.503007882252944, 0.5052831547922251, 0.5061521990751905, 0.5073002679636325, 0.5020479548725615, 0.5079631394414394, 0.5812470102102061, 0.5814638310084586]"
sampleJointGoal_fromStart,always_committed_session_13_player1,13,0,1,closer_to_player1,9,"[0.5, 0.999654328240588, 0.9999997244336104, 0.9999999995299391, 0.999999999998418, 0.9999999999999903, 1.0, 1.0, 1.0]"
sampleJointGoal_fromStart,always_committed_session_13_player2,13,0,2,closer_to_player1,9,"[0.5, 0.9831802844225871, 0.9995552293387742, 0.999983173191102, 0.9999991129852249, 0.9999991814127268, 0.9999999558703447, 0.9999999951881438, 0.9999999977771964]"
sampleJointGoal_fromStart,always_committed_session_13_player1,13,2,1,equal_to_both,12,"[0.5, 0.5001867495491541, 0.989336444913884, 0.9998128212121954, 0.9999950373357205, 0.9999998023406299, 0.9999998726780231, 0.999999912988254, 0.9999999958074469, 0.9999999979921963, 0.9999999990439512, 0.9999999995570248]"
sampleJointGoal_fromStart,always_committed_session_13_player2,13,2,2,equal_to_both,12,"[0.5, 0.9813341136738855, 0.9994596367949387, 0.9995463367089102, 0.9995639708498004, 0.9995714598401061, 0.9999954742588701, 0.9999999212094279, 0.9999999962035403, 0.9999999981818876, 0.9999999991342761, 0.999999999598876]"
sampleJointGoal_fromStart,always_committed_session_13_player1,13,3,1,equal_to_both,12,"[0.5, 0.4987311526176068, 0.49864519631906945, 0.49862414332850186, 0.996627995790922, 0.9966399547360704, 0.9999889140320452, 0.999999932671186, 0.9999999331163221, 0.999999912363592, 0.999999999794515, 0.9999999999991172]"
sampleJointGoal_fromStart,always_committed_session_13_player2,13,3,2,equal_to_both,12,"[0.5, 0.9811838368350151, 0.9833864465730139, 0.9838015493519972, 0.9998255405972848, 0.9998286749466639, 0.9999981861208651, 0.9999982515669507, 0.999999980531487, 0.9999999994791972, 0.9999999997648495, 0.9999999999321846]"
sampleJointGoal_fromStart,always_committed_session_13_player1,13,4,1,closer_to_player1,10,"[0.5, 0.9989182218720544, 0.9990858821735273, 0.9999992226771398, 0.9999999969359218, 0.9999999983695181, 0.9999999991620219, 0.9999999997384054, 0.9999999999997627, 0.9999999999999998]"
sampleJointGoal_fromStart,always_committed_session_13_player2,13,4,2,closer_to_player1,9,"[0.5, 0.5028451023061139, 0.5045016671127729, 0.9939575032899491, 0.9941067242761453, 0.9999621189737214, 0.999970507782809, 0.9999747191545043, 0.9999747487784827]"
sampleJointGoal_fromStart,always_committed_session_13_player1,13,5,1,equal_to_both,7,"[0.5, 0.9992058553626781, 0.9991936077635922, 0.9987605046551717, 0.9999997896300832, 0.9999999999163364, 0.9999999999999287]"
sampleJointGoal_fromStart,always_committed_session_13_player2,13,5,2,equal_to_both,7,"[0.5, 0.5120073769599262, 0.9995572751805551, 0.9999992542851797, 0.9999997897622468, 0.999999999602336, 0.9999999999994841]"
sampleJointGoal_fromStart,always_committed_session_13_player1,13,6,1,closer_to_player2,12,"[0.5, 0.9982717260115701, 0.9999941286425774, 0.9999941294123488, 0.9999999802045252, 0.9999999998777537, 0.9999999998821494, 0.9999999999992336, 0.999999999999987, 0.999999999999994, 0.9999999999999982, 1.0]"
sampleJointGoal_fromStart,always_committed_session_13_player2,13,6,2,closer_to_player2,6,"[0.5, 0.4976825507099672, 0.9974928352455862, 0.9999878661426844, 0.999999889792426, 0.9999998921308052]"
sampleJointGoal_fromStart,always_committed_session_13_player1,13,7,1,closer_to_player2,16,"[0.5, 0.49656172776935503, 0.8590813676579336, 0.8576064513150453, 0.86045475195775, 0.811885682247493, 0.8768525439800471, 0.7806910138536892, 0.6402256084286981, 0.9425581301865312, 0.9577294967045081, 0.9999983746749962, 0.9999999999063166, 0.9999999999260667, 0.999999999999996, 0.999999999999998]"
sampleJointGoal_fromStart,always_committed_session_13_player2,13,7,2,closer_to_player2,6,"[0.5, 0.37738187863850836, 0.5479973544811078, 0.7080509237005955, 0.8291173869394014, 0.907209077047507]"
sampleJointGoal_fromStart,always_committed_session_13_player1,13,9,1,closer_to_player2,9,"[0.5, 0.5039936111587905, 0.9897090588590215, 0.999822767175344, 0.9998301329913858, 0.9998342233887424, 0.9999982375672909, 0.9999985159072214, 0.9999985381751949]"
sampleJointGoal_fromStart,always_committed_session_13_player2,13,9,2,closer_to_player2,9,"[0.5, 0.5031064857292487, 0.60837118336189, 0.9999582323784458, 0.9999999777706772, 0.9999999999924657, 0.9999999999999877, 1.0, 1.0]"
sampleJointGoal_fromStart,always_committed_session_14_player1,14,3,1,closer_to_player2,10,"[0.5, 0.9832133207086142, 0.9995548400728606, 0.9999823672389225, 0.9999979880617942, 0.9999990386862744, 0.9999990386862743, 0.9999995333272573, 0.9999997711221246, 0.9999998875235722]"
sampleJointGoal_fromStart,always_committed_session_14_player2,14,3,2,closer_to_player2,9,"[0.5, 0.9996549593572474, 0.9996628807384369, 0.9997960880286588, 0.9999998914575665, 0.999999999918601, 0.9999999999999669, 1.0, 1.0]"
sampleJointGoal_fromStart,always_committed_session_14_player1,14,4,1,closer_to_player2,9,"[0.5, 0.42147351540792055, 0.9779508032762038, 0.9771701775462155, 0.9762895467414667, 0.9752136715493874, 0.9649089938563128, 0.9999679236212675, 0.9999999440803088]"
sampleJointGoal_fromStart,always_committed_session_14_player2,14,4,2,closer_to_player2,7,"[0.5, 0.9999434064032793, 0.9999999928800387, 0.9999999999981761, 0.9999999999999988, 1.0, 1.0]"
sampleJointGoal_fromStart,always_committed_session_14_player1,14,6,1,equal_to_both,9,"[0.5, 0.996641049553926, 0.9966561908998427, 0.9966688124167802, 0.9967277715524597, 0.9999973426593375, 0.9999999950802735, 0.9999999966783752, 0.9999999999944932]"
sampleJointGoal_fromStart,always_committed_session_14_player2,14,6,2,equal_to_both,11,"[0.5, 0.4999987608322056, 0.9982963897107148, 0.9983028717312621, 0.998332959788541, 0.9985122581859905, 0.9999995548123073, 0.999954676494996, 0.999999916085705, 0.9999999433440669, 0.9999999999060708]"
sampleJointGoal_fromStart,always_committed_session_14_player1,14,7,1,equal_to_both,14,"[0.5, 0.9828000174256866, 0.9995349014054772, 0.9999820798130157, 0.9999990430528701, 0.999999929924005, 0.9999999890133091, 0.9999999953204343, 0.9999999978801277, 0.9999999990153482, 0.9999744975764254, 0.9999808724123056, 0.9999849189074776, 0.9999996479995688]"
sampleJointGoal_fromStart,always_committed_session_14_player2,14,7,2,equal_to_both,12,"[0.5, 0.4999732275610478, 0.9894477611835619, 0.9895686115658531, 0.9998885164989608, 0.9998902540511817, 0.9999988393958371, 0.9999988634572954, 0.9999999875562255, 0.9999999884431074, 0.9999999920799959, 0.9999999999506172]"
sampleJointGoal_fromStart,always_committed_session_14_player1,14,8,1,equal_to_both,7,"[0.5, 0.9991867499172588, 0.9992249397609342, 0.9995550178639652, 0.9999993267688476, 0.9999999993686823, 0.9999999999985086]"
sampleJointGoal_fromStart,always_committed_session_14_player2,14,8,2,equal_to_both,7,"[0.5, 0.4937690815662816, 0.9997509637757316, 0.9999998532987854, 0.999999796962837, 0.9999999999174664, 0.9999999999999277]"
sampleJointGoal_fromStart,always_committed_session_14_player1,14,9,1,closer_to_player1,9,"[0.5, 0.6277365573076504, 0.9998731669122063, 0.9999999239487822, 0.9999999997186225, 0.9999999999993278, 0.9999999999999972, 1.0, 1.0]"
sampleJointGoal_fromStart,always_committed_session_14_player2,14,9,2,closer_to_player1,9,"[0.5, 0.9832215599984557, 0.9836228146356942, 0.9838777131830856, 0.999829875773021, 0.9999971239766872, 0.9999971988813373, 0.9999967101367375, 0.9999999825178985]"
sampleJointGoal_fromStart,always_committed_session_14_player1,14,11,1,closer_to_player1,9,"[0.5, 0.9995428479889611, 0.9999994983521214, 0.99999999880578, 0.9999999999942669, 0.9999999999999161, 0.9999999999999993, 1.0, 1.0]"
sampleJointGoal_fromStart,always_committed_session_14_player2,14,11,2,closer_to_player1,9,"[0.5, 0.9832477028240827, 0.9995571439407677, 0.9995733639160114, 0.999989072697981, 0.9999995893559511, 0.9999996110399031, 0.9999995528735356, 0.999999994124899]"
sampleJointGoal_fromStart,always_committed_session_15_player1,15,0,1,equal_to_both,7,"[0.5, 0.6280342730591956, 0.9997463920660618, 0.9999985280240002, 0.9999999982565428, 0.999999999995912, 0.9999999999999825]"
sampleJointGoal_fromStart,always_committed_session_15_player2,15,0,2,equal_to_both,9,"[0.5, 0.3719761034200497, 0.0014800464822537942, 0.9080580943238886, 0.9999566354900191, 0.9999999522763282, 0.9999999994529639, 0.9999999999987172, 0.9999999999999944]"
sampleJointGoal_fromStart,always_committed_session_15_player1,15,2,1,closer_to_player1,6,"[0.5, 0.504625320243147, 0.5070471440938504, 0.5012167019768746, 0.4530231139176817, 0.6253163989846671]"
sampleJointGoal_fromStart,always_committed_session_15_player2,15,2,2,closer_to_player1,12,"[0.5, 0.4965434554437197, 0.4943520736278852, 0.49312689856978237, 0.4962453258446494, 0.4215251881084604, 0.5015340625309285, 0.33463128430919237, 0.9999861546822062, 0.9999838951319076, 0.99998069991369, 1.0]"
sampleJointGoal_fromStart,always_committed_session_15_player1,15,4,1,closer_to_player1,6,"[0.5, 0.5016265109765048, 0.5087823315173751, 0.5673249900432146, 0.5708338331924288, 0.572941554232937]"
sampleJointGoal_fromStart,always_committed_session_15_player2,15,4,2,closer_to_player1,9,"[0.5, 0.5034565444312341, 0.5056479262811207, 0.506873101382717, 0.511441620231884, 0.5138463532881488, 0.5201982631112865, 0.4740351422701746, 0.3995039365854249]"
sampleJointGoal_fromStart,always_committed_session_15_player1,15,5,1,equal_to_both,12,"[0.5, 0.9813699798709308, 0.9994619990718442, 0.9999779928946682, 0.9999831305061846, 0.9999993328947149, 0.9999999412665216, 0.9999999735951735, 0.9999999875432083, 0.9999999940192887, 0.9999999971031914, 0.9999999986544452]"
sampleJointGoal_fromStart,always_committed_session_15_player2,15,5,2,equal_to_both,12,"[0.5, 0.9813699699426862, 0.982827779035265, 0.9831498634895027, 0.9998185456072088, 0.9998216461896503, 0.9998234813016272, 0.9998249309861987, 0.9999993954087618, 0.9999994262914519, 0.9999996126523006, 0.9999999993578207]"
sampleJointGoal_fromStart,always_committed_session_15_player1,15,6,1,closer_to_player2,9,"[0.5, 0.5034073596182743, 0.5056568332649709, 0.5074716978184711, 0.5138588778560276, 0.5427889367039912, 0.544300061189834, 0.5449250038133702, 0.5451459143866456]"
sampleJointGoal_fromStart,always_committed_session_15_player2,15,6,2,closer_to_player2,9,"[0.5, 0.4163067243839382, 0.5239089021085702, 0.35489091371999676, 0.9999326331742238, 0.9999999961099854, 0.9999999969370013, 0.9999999973752628, 0.9999999977959142]"
sampleJointGoal_fromStart,always_committed_session_15_player1,15,8,1,closer_to_player2,8,"[0.5, 0.4898251801341661, 0.47406136030157536, 0.3438453785011147, 0.9983213899291811, 0.9999971706906776, 0.9999999912967054, 0.9999999999540852]"
sampleJointGoal_fromStart,always_committed_session_15_player2,15,8,2,closer_to_player2,8,"[0.5, 0.9998683773891265, 0.9999999552593437, 0.9999999999649076, 0.9999999999999397, 0.9999999999999997, 1.0, 1.0]"
sampleJointGoal_fromStart,always_committed_session_15_player1,15,10,1,closer_to_player1,6,"[0.5, 0.49677994212824095, 0.5721346004966592, 0.4908305852098907, 0.6585272177567323, 0.7952259337350126]"
sampleJointGoal_fromStart,always_committed_session_15_player2,15,10,2,closer_to_player1,9,"[0.5, 0.5045359656516974, 0.5077370829054993, 0.5042715055658187, 0.5106669622704669, 0.5396232358303259, 0.5411366352330872, 0.5417622707433579, 0.5419834259472078]"
sampleJointGoal_fromStart,always_committed_session_15_player1,15,11,1,equal_to_both,10,"[0.5, 0.5000105288543513, 0.5000126898099363, 0.9983013128611343, 0.9983323975340186, 0.9999971639567988, 0.9999975474967903, 0.9999999959335192, 0.9999999999863377, 0.9999999999999146]"
sampleJointGoal_fromStart,always_committed_session_15_player2,15,11,2,equal_to_both,10,"[0.5, 0.9938491267479209, 0.9999345536875242, 0.9999988849585224, 0.9999999709807038, 0.9999999725141067, 0.9999999992753285, 0.9999999994598299, 0.99999999998108, 0.9999999999917109]"
sampleJointGoal_fromStart,always_committed_session_16_player1,16,0,1,closer_to_player2,9,"[0.5, 0.9832222727917264, 0.9995550112957227, 0.9999823636665324, 0.9999979871608564, 0.9999990379819139, 0.9999995329818134, 0.99999977095264, 0.999999887440278]"
sampleJointGoal_fromStart,always_committed_session_16_player2,16,0,2,closer_to_player2,9,"[0.5, 0.5031074470706074, 0.6083745969659647, 0.9999582328190098, 0.9999999912300214, 0.9999999999947958, 0.9999999999999922, 1.0, 1.0]"
sampleJointGoal_fromStart,always_committed_session_16_player1,16,1,1,closer_to_player2,9,"[0.5, 0.5033927551728044, 0.5053354394053065, 0.994150330607909, 0.9999389290357895, 0.9999989689348524, 0.999999973194565, 0.999999977688746, 0.9999999781573526]"
sampleJointGoal_fromStart,always_committed_session_16_player2,16,1,2,closer_to_player2,9,"[0.5, 0.6228982547810861, 0.999870762587839, 0.9999998045496489, 0.9999999997686112, 0.9999999999995974, 0.9999999999999987, 1.0, 1.0]"
sampleJointGoal_fromStart,always_committed_session_16_player1,16,8,1,closer_to_player1,7,"[0.5, 0.9999629356303105, 0.9999999978752218, 0.9999999999997188, 0.9999999999999999, 0.9999999999999999, 1.0]"
sampleJointGoal_fromStart,always_committed_session_16_player2,16,8,2,closer_to_player1,7,"[0.5, 0.5084224425718257, 0.5058966934765671, 0.3994370976248692, 0.5712249336056117, 0.7273316422712564, 0.8441153060047152]"
sampleJointGoal_fromStart,always_committed_session_16_player1,16,9,1,closer_to_player1,8,"[0.5, 0.5910461551346997, 0.6737665612668303, 0.7430154824890267, 0.6529836948707062, 0.7901002876880713, 0.8827750737758638, 0.9381741051460035]"
sampleJointGoal_fromStart,always_committed_session_16_player2,16,9,2,closer_to_player1,11,"[0.5, 0.1651820843013512, 0.16798993565937367, 0.1699301694358149, 0.17120563817598744, 0.17226677821023378, 0.1693555271361667, 0.17326415497981926, 0.20954726493062853, 0.21192175104154798, 0.21336306742259425]"
sampleJointGoal_fromStart,always_committed_session_16_player1,16,10,1,equal_to_both,8,"[0.5, 0.5002498771880074, 0.5062789483674954, 0.9995607082455844, 0.9999995223326076, 0.999999730702773, 0.9999999996561322, 0.99999999999714]"
sampleJointGoal_fromStart,always_committed_session_16_player2,16,10,2,equal_to_both,8,"[0.5, 0.49966987418368247, 0.49374326289693954, 0.3745134115774009, 0.9998576300717924, 0.9999999674275033, 0.999999999982175, 0.9999999999999789]"
sampleJointGoal_fromStart,always_committed_session_16_player1,16,11,1,closer_to_player2,8,"[0.5, 0.5053925962240596, 0.5078204497780029, 0.9941599152040576, 0.999938494315618, 0.9999395603729612, 0.9999994487104716, 0.999999989234088]"
sampleJointGoal_fromStart,always_committed_session_16_player2,16,11,2,closer_to_player2,8,"[0.5, 0.9999355623610028, 0.9999999865751453, 0.9999999999920977, 0.99999999999997, 0.9999999999999999, 1.0, 1.0]"
sampleJointGoal_fromStart,always_committed_session_17_player1,17,0,1,closer_to_player2,14,"[0.5, 0.49796183736734007, 0.5046405900368065, 0.6372525354877242, 0.9991387573995449, 0.9999989790501325, 0.999999998208484, 0.9999999999938202, 0.9999999533905518, 0.9999999998353013, 0.9999999999992117, 0.9999999999999885, 0.9999999999999999, 1.0]"
sampleJointGoal_fromStart,always_committed_session_17_player2,17,0,2,closer_to_player2,6,"[0.5, 0.9922020329549632, 0.999969352837345, 0.9999998015291279, 0.9999999979897861, 0.9999999999698119]"
sampleJointGoal_fromStart,always_committed_session_17_player1,17,1,1,closer_to_player2,9,"[0.5, 0.5034056361594393, 0.5055977825991422, 0.5070631934441139, 0.5074293368899211, 0.505729652146798, 0.42449994295752896, 0.5960641450225133, 0.7482071838718222]"
sampleJointGoal_fromStart,always_committed_session_17_player2,17,1,2,closer_to_player2,6,"[0.5, 0.5047328209583488, 0.5030031432963806, 0.564511257827957, 0.6056539219523742, 0.5345394992521527]"
sampleJointGoal_fromStart,always_committed_session_17_player1,17,4,1,equal_to_both,13,"[0.5, 0.9811838368350151, 0.9811838368350152, 0.9833864465730139, 0.9838015493519972, 0.9839338949634424, 0.9998991685148206, 0.9999005283620679, 0.9999993625318189, 0.9999994056299883, 0.9999996637265564, 0.9999999934296392, 0.9999999999717694]"
sampleJointGoal_fromStart,always_committed_session_17_player2,17,4,2,equal_to_both,12,"[0.5, 0.9828669630025672, 0.9995382617209184, 0.9995586035310654, 0.9995689558748334, 0.9995755770488872, 0.9995795961015715, 0.9999974457064768, 0.9999999731848563, 0.9999999737511475, 0.9999999997505734, 0.9999999999952006]"
sampleJointGoal_fromStart,always_committed_session_17_player1,17,5,1,closer_to_player1,13,"[0.5, 0.4980006831857101, 0.5026747509806507, 0.6247676834267913, 0.9996743931017306, 0.9999997243253826, 0.9999999998877445, 0.9999999999999015, 0.9999999999999998, 1.0, 0.9999999999999272, 0.9999999999999994, 1.0]"
sampleJointGoal_fromStart,always_committed_session_17_player2,17,5,2,closer_to_player1,9,"[0.5, 0.9832242119433193, 0.9836260871975777, 0.9997169095313434, 0.9999926397301364, 0.9999929642220243, 0.9999998171620345, 0.9999999917688662, 0.9999999961132343]"
sampleJointGoal_fromStart,always_committed_session_17_player1,17,6,1,closer_to_player1,9,"[0.5, 0.5031224077322323, 0.608617086787146, 0.9999013137692834, 0.9999999820768571, 0.9999999999904589, 0.9999999999999962, 1.0, 1.0]"
sampleJointGoal_fromStart,always_committed_session_17_player2,17,6,2,closer_to_player1,9,"[0.5, 0.5029881922778623, 0.9896715831368438, 0.9998222463290398, 0.9998293463788082, 0.9998333427818532, 0.9998350407515985, 0.99999913033661, 0.999999135127057]"
sampleJointGoal_fromStart,always_committed_session_17_player1,17,7,1,equal_to_both,11,"[0.5, 0.9892762229733918, 0.9895452054887943, 0.9998880484659609, 0.9999980862296362, 0.9999981833224132, 0.9999999683834881, 0.9999999985580268, 0.9999999993295863, 0.9999999996972978, 0.9999999999127033]"
sampleJointGoal_fromStart,always_committed_session_17_player2,17,7,2,equal_to_both,11,"[0.5, 0.9894545364746299, 0.9895707013187982, 0.989644891704576, 0.9999355906542913, 0.9999362007930818, 0.9999357393859993, 0.9999053454725381, 0.9999998878776056, 0.9999999997371017, 0.9999999999988705]"
sampleJointGoal_fromStart,always_committed_session_17_player1,17,9,1,closer_to_player2,15,"[0.5, 0.4965969046860799, 0.49461872872631, 0.49930418863268944, 0.4160539762575555, 0.5224772980275786, 0.9998597597346331, 0.9998135405515446, 0.9997637424749486, 0.9999188363826094, 0.9998971569695778, 0.9998803747670965, 0.9998566439887049, 0.9998566439887048, 1.0]"
sampleJointGoal_fromStart,always_committed_session_17_player2,17,9,2,closer_to_player2,6,"[0.5, 0.49687928458552805, 0.39139623702102455, 0.5626459072891019, 0.7201802083205642, 0.8383490201860346]"
sampleJointGoal_fromStart,always_committed_session_17_player1,17,10,1,equal_to_both,7,"[0.5, 0.9991874131819616, 0.9992143702985141, 0.9999991456727141, 0.999999517019235, 0.9999999993854481, 0.9999999999979681]"
sampleJointGoal_fromStart,always_committed_session_17_player2,17,10,2,equal_to_both,7,"[0.5, 0.49397074340954183, 0.9997478336336024, 0.9996201488231969, 0.999999913075642, 0.999999999952427, 0.9999999999999437]"
sampleJointGoal_fromStart,always_committed_session_17_player1,17,11,1,closer_to_player1,9,"[0.5, 0.9999447403244179, 0.9999999924836929, 0.9999999999981757, 0.9999999999999989, 1.0, 1.0, 1.0, 1.0]"
sampleJointGoal_fromStart,always_committed_session_17_player2,17,11,2,closer_to_player1,7,"[0.5, 0.5039414995477376, 0.9898800085135407, 0.9998271029093544, 0.9998315792131752, 0.9999974857599625, 0.999999912762605]"
sampleJointGoal_fromStart,always_committed_session_18_player1,18,0,1,closer_to_player2,12,"[0.5, 0.49696876912940924, 0.5028501308859825, 0.9989123570079987, 0.9999974124285776, 0.9999999878342676, 0.9999999998930322, 0.999999999956029, 0.9999999999991565, 0.9999999999999798, 0.9999999999999998, 1.0]"
sampleJointGoal_fromStart,always_committed_session_18_player2,18,0,2,closer_to_player2,7,"[0.5, 0.36169955569974716, 0.9970350686678883, 0.9999908312200793, 0.9999999515681887, 0.9999999995871924, 0.9999999999946231]"
sampleJointGoal_fromStart,always_committed_session_18_player1,18,1,1,closer_to_player1,6,"[0.5, 0.5047347714913045, 0.5072408822831758, 0.5131623425477679, 0.5863079631886071, 0.586524145214306]"
sampleJointGoal_fromStart,always_committed_session_18_player2,18,1,2,closer_to_player1,14,"[0.5, 0.4965650119450116, 0.49459520002369894, 0.4993833222277755, 0.41576593896064173, 0.5231962355863135, 0.9998594237374602, 0.999812800340751, 0.9997622683510319, 0.9999999962754759, 0.9999999999997997, 0.999999999996283, 0.9999999999954731, 0.9999999999977519]"
sampleJointGoal_fromStart,always_committed_session_18_player1,18,2,1,closer_to_player1,13,"[0.5, 0.003349201316302309, 0.0033054837587341963, 0.986635445381508, 0.9866954898584424, 0.9900917361493697, 0.9999993901076036, 0.9999999333723084, 0.9999998905003433, 0.9999999999969598, 0.9999999999999998, 1.0, 1.0]"
sampleJointGoal_fromStart,always_committed_session_18_player2,18,2,2,closer_to_player1,9,"[0.5, 0.983003804785716, 0.9995267127282061, 0.9999581147058925, 0.9999790696120723, 0.9999893773343308, 0.9999945775817254, 0.9999972400294967, 0.9999986158479348]"
sampleJointGoal_fromStart,always_committed_session_18_player1,18,3,1,closer_to_player1,9,"[0.5, 0.4167281387274481, 0.5231733700978715, 0.35420774717521125, 0.21516935558056563, 0.9999746021111362, 0.9999704572476757, 0.9999645960452712, 1.0]"
sampleJointGoal_fromStart,always_committed_session_18_player2,18,3,2,closer_to_player1,9,"[0.5, 0.5035084577470065, 0.5063312860720821, 0.5023999041450536, 0.497261314688663, 0.4914474173373513, 0.4856261024597324, 0.4376166931920597, 0.6105914475555673]"
sampleJointGoal_fromStart,always_committed_session_18_player1,18,7,1,closer_to_player2,9,"[0.5, 0.983215621863266, 0.9995544964066826, 0.9995813197053308, 0.999988654583785, 0.9999991019642568, 0.9999995542599833, 0.9999997753352742, 0.9999998857904809]"
sampleJointGoal_fromStart,always_committed_session_18_player2,18,7,2,closer_to_player2,9,"[0.5, 0.9996544268552906, 0.999662885336848, 0.9997962672423186, 0.9999999565544944, 0.9999999999347872, 0.9999999999999284, 0.9999999999999998, 1.0]"
sampleJointGoal_fromStart,always_committed_session_18_player1,18,8,1,equal_to_both,7,"[0.5, 0.493970890978568, 0.3738278941429528, 0.9998572448427455, 0.9999999673399517, 0.9999999999821255, 0.9999999999999788]"
sampleJointGoal_fromStart,always_committed_session_18_player2,18,8,2,equal_to_both,7,"[0.5, 0.9991873301009758, 0.9992143223626113, 0.9995425033915674, 0.9999990397976553, 0.99999999947449, 0.9999999999993776]"
sampleJointGoal_fromStart,always_committed_session_18_player1,18,9,1,closer_to_player2,9,"[0.5, 0.4214015641816159, 0.3421823760252807, 0.26365546103669973, 0.47096828616694597, 0.9931226578193287, 0.9999717096430527, 0.9999998340290647, 0.9999999970562826]"
sampleJointGoal_fromStart,always_committed_session_18_player2,18,9,2,closer_to_player2,9,"[0.5, 0.5036213234720205, 0.6102770592083634, 0.9999575515234592, 0.9999999779957225, 0.9999999999898604, 0.9999999999999906, 1.0, 1.0]"
sampleJointGoal_fromStart,always_committed_session_18_player1,18,10,1,equal_to_both,10,"[0.5, 0.5000013107434931, 0.996641067692321, 0.9999792330825634, 0.9999997808437399, 0.9999999962160102, 0.9999999998521465, 0.9999999999290059, 0.9999999999656133, 0.9999999999840274]"
sampleJointGoal_fromStart,always_committed_session_18_player2,18,10,2,equal_to_both,10,"[0.5, 0.9937637135349796, 0.9999324788588527, 0.9999346236952903, 0.9999353571285184, 0.9999996013053092, 0.9999999957557957, 0.9999999999014725, 0.9999999999522843, 0.9999999999778365]"
sampleJointGoal_fromStart,always_committed_session_18_player1,18,11,1,equal_to_both,8,"[0.5, 0.5118415786426456, 0.9989542354771385, 0.9994099747435597, 0.9999977573401141, 0.999999995837144, 0.9999999999831801, 0.9999999999998422]"
sampleJointGoal_fromStart,always_committed_session_18_player2,18,11,2,equal_to_both,8,"[0.5, 0.49189730429675094, 0.9994210451795529, 0.9990445212784759, 0.9999996110065187, 0.9999999996590612, 0.999999999999407, 0.9999999999999981]"
sampleJointGoal_fromStart,always_committed_session_19_player1,19,1,1,equal_to_both,10,"[0.5, 0.9937362452543553, 0.9999319111872229, 0.9999987805649168, 0.999999166283843, 0.9999994033821801, 0.9999995577771176, 0.9999999961491398, 0.9999999981905103, 0.9999999994874874]"
sampleJointGoal_fromStart,always_committed_session_19_player2,19,1,2,equal_to_both,10,"[0.5, 0.9938462114460599, 0.9999344726584156, 0.9999988815740793, 0.9999989344451543, 0.9999989671829743, 0.9999989848501073, 0.9999989931911742, 0.9999999969998443, 0.9999999971392707]"
sampleJointGoal_fromStart,always_committed_session_19_player1,19,2,1,closer_to_player1,6,"[0.5, 0.49683276623463285, 0.571710587664775, 0.4915446837160217, 0.6591758712978039, 0.7958024388722855]"
sampleJointGoal_fromStart,always_committed_session_19_player2,19,2,2,closer_to_player1,9,"[0.5, 0.503437919080845, 0.50590164776564, 0.5073629344807117, 0.5076974372997514, 0.5060668753175279, 0.5668878570465388, 0.5189499169863542, 0.6849199570955349]"
sampleJointGoal_fromStart,always_committed_session_19_player1,19,3,1,closer_to_player2,9,"[0.5, 0.5020230628414107, 0.9899258665608728, 0.9998309494208243, 0.999995673790811, 0.9999958070113394, 0.9999943586204442, 0.9999999520221434, 0.9999999993659273]"
sampleJointGoal_fromStart,always_committed_session_19_player2,19,3,2,closer_to_player2,9,"[0.5, 0.9996550936457391, 0.999999724846094, 0.9999999995199242, 0.9999999999973332, 0.9999999999999918, 1.0, 1.0, 1.0]"
sampleJointGoal_fromStart,always_committed_session_19_player1,19,4,1,closer_to_player2,12,"[0.5, 0.9965753468723807, 0.9967318483573189, 0.9999879732725178, 0.9999920168655687, 0.9999999335991749, 0.9999999811298756, 0.9999999998454394, 0.9999999999992606, 0.9999999999999959, 1.0, 1.0]"
sampleJointGoal_fromStart,always_committed_session_19_player2,19,4,2,closer_to_player2,6,"[0.5, 0.9946086209142525, 0.9999830645800453, 0.9999999092431756, 0.9999999992150164, 0.9999999999896322]"
sampleJointGoal_fromStart,always_committed_session_19_player1,19,5,1,closer_to_player1,9,"[0.5, 0.6234398256518722, 0.4528788806569135, 0.29268693997744777, 0.9999104393492846, 0.9998862607593032, 0.9999999982182772, 0.9999999984732099, 0.9999999987178997]"
sampleJointGoal_fromStart,always_committed_session_19_player2,19,5,2,closer_to_player1,9,"[0.5, 0.5035047978070132, 0.5052052002127713, 0.5070203493875851, 0.5134079085217351, 0.5007946099486743, 0.476265895491797, 0.4339194190969463, 0.5351778609054096]"
sampleJointGoal_fromStart,always_committed_session_19_player1,19,6,1,equal_to_both,10,"[0.5, 0.9938541763137712, 0.9938984039523459, 0.999962207003473, 0.9999996014710076, 0.9999999931187611, 0.999999999725059, 0.9999999998677485, 0.9999999999359129, 0.9999999999702512]"
sampleJointGoal_fromStart,always_committed_session_19_player2,19,6,2,equal_to_both,10,"[0.5, 0.5000359184794079, 0.9966409816522133, 0.9999792162607422, 0.9999997803976444, 0.9999999961998406, 0.9999999972638902, 0.9999999979011484, 0.9999999999723646, 0.999999999987172]"
sampleJointGoal_fromStart,always_committed_session_19_player1,19,7,1,equal_to_both,6,"[0.5, 0.9995049666248296, 0.9999997016559165, 0.9999999995901617, 0.9999999999982856, 0.9999999999999947]"
sampleJointGoal_fromStart,always_committed_session_19_player2,19,7,2,equal_to_both,6,"[0.5, 0.9998300002446019, 0.9999999322553952, 0.9999999999422303, 0.9999999999999029, 0.9999999999999997]"
sampleJointGoal_fromStart,always_committed_session_19_player1,19,10,1,closer_to_player1,6,"[0.5, 0.49689320133255677, 0.9987237877580873, 0.9982467963691736, 0.999998462114059, 0.9999999973273529]"
sampleJointGoal_fromStart,always_committed_session_19_player2,19,10,2,closer_to_player1,14,"[0.5, 0.9965413090791906, 0.9965465896752399, 0.9999882822678648, 0.9999883423450616, 0.9999999607140375, 0.9999999619291505, 0.9999999640971429, 0.9999999999143613, 0.9999999999623442, 0.9999999999998509, 0.9999999583049749, 0.9999999998348291, 0.9999999999986471]"
sampleJointGoal_fromStart,always_committed_session_19_player1,19,11,1,closer_to_player2,12,"[0.5, 0.9991600501274894, 0.9999974457322328, 0.9999987175357188, 0.9999993774923212, 0.9999995492818009, 0.9999998206208871, 0.9999999995149598, 0.9999999999990681, 0.9999999999999973, 0.999999999999997, 1.0]"
sampleJointGoal_fromStart,always_committed_session_19_player2,19,11,2,closer_to_player2,4,"[0.5, 0.9994084727686255, 0.9999994787898235, 0.9999999991231266]"
sampleJointGoal_fromStart,always_committed_session_20_player1,20,0,1,equal_to_both,10,"[0.5, 0.9938484192921143, 0.9999345396472941, 0.9999356174649159, 0.9999993186174371, 0.9999993428256181, 0.99999999270204, 0.9999999946883125, 0.9999999999072786, 0.9999999999729661]"
sampleJointGoal_fromStart,always_committed_session_20_player2,20,0,2,equal_to_both,10,"[0.5, 0.49845387222157145, 0.9966231439943427, 0.9966356720929137, 0.999988898654135, 0.9999999325677007, 0.9999999330186868, 0.9999999996637573, 0.9999999996226914, 0.9999999999983821]"
sampleJointGoal_fromStart,always_committed_session_20_player1,20,2,1,closer_to_player1,8,"[0.5, 0.666646434685117, 0.8000031922493953, 0.8889113037944347, 0.29478209684599316, 0.4553898855262795, 0.6258682933831979, 0.7712126684331905]"
sampleJointGoal_fromStart,always_committed_session_20_player2,20,2,2,closer_to_player1,12,"[0.5, 0.49659479501172815, 0.4944034091216215, 0.4929420992951293, 0.49260759045255753, 0.4942381792178733, 0.5743455709206782, 0.4027920637162593, 0.25077481998492923, 1.0, 1.0, 1.0]"
sampleJointGoal_fromStart,always_committed_session_20_player1,20,3,1,closer_to_player2,6,"[0.5, 0.6666466307648576, 0.8000033951830172, 0.8889114416498488, 0.9412057797638241, 0.9699317969508213]"
sampleJointGoal_fromStart,always_committed_session_20_player2,20,3,2,closer_to_player2,6,"[0.5, 0.9999631760640707, 0.9999533395836377, 0.9999457249243007, 0.9999999998366427, 0.9999999999999976]"
sampleJointGoal_fromStart,always_committed_session_20_player1,20,5,1,equal_to_both,11,"[0.5, 0.4999462295875077, 0.9938417268887421, 0.9938887028328913, 0.9939162951802294, 0.9999794028610958, 0.999979572044118, 0.9999802894526915, 0.9999845420035695, 0.9999999885203696, 0.999999999980968]"
sampleJointGoal_fromStart,always_committed_session_20_player2,20,5,2,equal_to_both,11,"[0.5, 0.4999462834028669, 0.9938417279406058, 0.9999343891375834, 0.9999988795507763, 0.9999999701421729, 0.9999999790927616, 0.9999999847005296, 0.9999999881350851, 0.9999999903602936, 0.9999999945175482]"
sampleJointGoal_fromStart,always_committed_session_20_player1,20,7,1,closer_to_player1,6,"[0.5, 0.9975977178310083, 0.9999890232813341, 0.9999849991217795, 0.9999999537608834, 0.9999999997556227]"
sampleJointGoal_fromStart,always_committed_session_20_player2,20,7,2,closer_to_player1,12,"[0.5, 0.49656208401773394, 0.9982557888912474, 0.9982539037140375, 0.9983067411638856, 0.999019401887996, 0.9999985144177517, 0.9999999983980085, 0.9999999999962319, 0.9999999999999823, 0.9999999999999998, 1.0]"
sampleJointGoal_fromStart,always_committed_session_20_player1,20,8,1,closer_to_player1,9,"[0.5, 0.9995412645952193, 0.9997344871514967, 0.9999998412633695, 0.9999999994010027, 0.9999999999985917, 0.9999999999999933, 0.9999999999999999, 1.0]"
sampleJointGoal_fromStart,always_committed_session_20_player2,20,8,2,closer_to_player1,9,"[0.5, 0.5034010849858276, 0.9897026586945008, 0.9998230317177222, 0.9999953990038654, 0.999999824794449, 0.9999998685385635, 0.9999999940557347, 0.9999999971916254]"
sampleJointGoal_fromStart,always_committed_session_20_player1,20,9,1,closer_to_player2,9,"[0.5, 0.9832177956282443, 0.9995556015021967, 0.9995725650663564, 0.9999888763805509, 0.9999995699091085, 0.9999999608274422, 0.99999998173127, 0.9999999913545095]"
sampleJointGoal_fromStart,always_committed_session_20_player2,20,9,2,closer_to_player2,9,"[0.5, 0.6226215891447447, 0.9998707511976996, 0.9999998043510271, 0.999999999764752, 0.9999999999996945, 0.9999999999999991, 1.0, 1.0]"
sampleJointGoal_fromStart,always_committed_session_20_player1,20,11,1,closer_to_player2,9,"[0.5, 0.5025862878760918, 0.5044972586666804, 0.49980773768059594, 0.5830828415169432, 0.4766364699786398, 0.6456178917867977, 0.7847019182604921, 0.8801572052891914]"
sampleJointGoal_fromStart,always_committed_session_20_player2,20,11,2,closer_to_player2,9,"[0.5, 0.3333533716719035, 0.19999660739674632, 0.9993865068500815, 0.9999998885659723, 0.9999999999409195, 0.9999999999704658, 0.9999999999852374, 0.9999999999926737]"
sampleJointGoal_fromStart,always_committed_session_21_player1,21,0,1,closer_to_player1,9,"[0.5, 0.9996555392244894, 0.9996631145543257, 0.9999998493133506, 0.999999911561057, 0.999999999960847, 0.9999999999999544, 0.9999999999999998, 1.0]"
sampleJointGoal_fromStart,always_committed_session_21_player2,21,0,2,closer_to_player1,11,"[0.5, 0.0034494601961518167, 0.0034604954675657236, 0.35986598329525504, 0.9815431238685265, 0.9818601285198902, 0.9998051792892387, 0.9999966372772044, 0.999997448250136, 0.9999978594798176, 0.9999999743253186]"
sampleJointGoal_fromStart,always_committed_session_21_player1,21,3,1,closer_to_player2,13,"[0.5, 0.0034089370523554307, 2.135780479562401e-05, 0.003262724643367809, 0.0032659831315455393, 0.3462271280433988, 0.34821478767907194, 0.3493285108224368, 0.9938733440051033, 0.9938668583503919, 0.9915763989361749, 0.9999927555614266, 0.9999999877547296]"
sampleJointGoal_fromStart,always_committed_session_21_player2,21,3,2,closer_to_player2,10,"[0.5, 0.9991800606716047, 0.9999985545366522, 0.9999999947964946, 0.9999999999327678, 0.9999999999665974, 0.9999999999836133, 0.9999999999951722, 0.9999999999999775, 0.9999999999999999]"
sampleJointGoal_fromStart,always_committed_session_21_player1,21,4,1,equal_to_both,12,"[0.5, 0.9827974264286369, 0.9832195137306833, 0.9834109536959066, 0.9835306710871049, 0.9836265587637806, 0.9999434087876005, 0.9999454635244495, 0.9999998105075597, 0.999999851915596, 0.9999999995024759, 0.9999999999968923]"
sampleJointGoal_fromStart,always_committed_session_21_player2,21,4,2,equal_to_both,12,"[0.5, 0.9827981835512246, 0.9995348038268466, 0.9995579054193543, 0.9999884495773794, 0.9999995614791486, 0.9999999761971787, 0.9999999843486015, 0.9999999985357433, 0.999999999342416, 0.999999999703554, 0.9999999998701238]"
sampleJointGoal_fromStart,always_committed_session_21_player1,21,5,1,closer_to_player1,10,"[0.5, 0.4996315641733734, 0.9996539215874746, 0.9999997172362061, 0.9999997327335228, 0.999999847760066, 0.9999999999084092, 0.9999999999997263, 0.9999999999999994, 1.0]"
sampleJointGoal_fromStart,always_committed_session_21_player2,21,5,2,closer_to_player1,9,"[0.5, 0.9832163564923067, 0.9995552576285162, 0.9995812599914481, 0.9999889367801691, 0.9999993616002515, 0.9999996975320933, 0.999999854412942, 0.9999999290741196]"
sampleJointGoal_fromStart,always_committed_session_21_player1,21,6,1,equal_to_both,7,"[0.5, 0.9994402129659709, 0.9999993161186075, 0.9999999982971298, 0.9999999999917804, 0.9999999999903141, 0.999999999999969]"
sampleJointGoal_fromStart,always_committed_session_21_player2,21,6,2,equal_to_both,7,"[0.5, 0.6342335979671849, 0.9991119938864906, 0.9999983806955278, 0.9999999985818546, 0.9999999999975354, 0.9999999999999921]"
sampleJointGoal_fromStart,always_committed_session_21_player1,21,7,1,closer_to_player2,9,"[0.5, 0.9831905732420465, 0.9995557732402549, 0.999572027773281, 0.9995764915631571, 0.9993597292189631, 0.9999966257905418, 0.9999999713036549, 0.9999999996207507]"
sampleJointGoal_fromStart,always_committed_session_21_player2,21,7,2,closer_to_player2,11,"[0.5, 0.0033016452880071695, 0.9616822753120412, 0.999986252835031, 0.9999999890583263, 0.9999999999813399, 0.9999999999999364, 0.9999999999999993, 1.0, 1.0, 1.0]"
sampleJointGoal_fromStart,always_committed_session_21_player1,21,8,1,equal_to_both,6,"[0.5, 0.9995358861085234, 0.9999992382761366, 0.9999997842998826, 0.9999999995919908, 0.9999999999994695]"
sampleJointGoal_fromStart,always_committed_session_21_player2,21,8,2,equal_to_both,6,"[0.5, 0.9997533654049753, 0.9996192602791034, 0.9999999353438043, 0.9999999999742539, 0.999999999999978]"
sampleJointGoal_fromStart,always_committed_session_21_player1,21,9,1,closer_to_player1,3,"[0.5, 0.9997013370507226, 0.9999997781468057]"
sampleJointGoal_fromStart,always_committed_session_21_player2,21,9,2,closer_to_player1,11,"[0.5, 0.9996600774838137, 0.9996595765888876, 0.9996564639131631, 0.9996303051505381, 0.9999999877180167, 0.999999999998691, 0.9999999999462524, 0.9999999999999539, 0.9999999999999688, 1.0]"
sampleJointGoal_fromStart,always_committed_session_21_player1,21,11,1,closer_to_player2,9,"[0.5, 0.5026013734742877, 0.5045134372730751, 0.4998239302632002, 0.37722294805360335, 0.998593500506409, 0.9999976305921014, 0.9999999926958325, 0.9999999999612598]"
sampleJointGoal_fromStart,always_committed_session_21_player2,21,11,2,closer_to_player2,9,"[0.5, 0.6226212730293342, 0.9998707510574516, 0.9999999227368161, 0.9999999998852037, 0.9999999999990542, 0.9999999999999956, 1.0, 1.0]"
sampleJointGoal_fromStart,always_committed_session_22_player1,22,0,1,closer_to_player1,7,"[0.5, 0.9999039520726517, 0.9999999914026884, 0.9999999999985175, 0.9999999999999994, 1.0, 1.0]"
sampleJointGoal_fromStart,always_committed_session_22_player2,22,0,2,closer_to_player1,11,"[0.5, 0.0008026575976932002, 0.0007731243670047995, 0.31007470435262074, 0.3070681387370136, 0.9971563859389643, 0.9999924855434504, 0.9999910753579742, 0.4408580135845618, 0.9974212017678362, 0.9999956002306466]"
sampleJointGoal_fromStart,always_committed_session_22_player1,22,5,1,equal_to_both,11,"[0.5, 0.5133483402176551, 0.5146128818767778, 0.5146867245727277, 0.5149315785895987, 0.5208466727853901, 0.6390648911567233, 0.9999109964672136, 0.9999998132663973, 0.9999999998978025, 0.999999999999879]"
sampleJointGoal_fromStart,always_committed_session_22_player2,22,5,2,equal_to_both,11,"[0.5, 0.4988124091430179, 0.49874979434096156, 0.9966242048352579, 0.9966392041316028, 0.9966464453810556, 0.9966009034395495, 0.9999979494988464, 0.999999997190815, 0.999999999991629, 0.999999999992018]"
sampleJointGoal_fromStart,always_committed_session_22_player1,22,6,1,closer_to_player2,9,"[0.5, 0.5034073596182743, 0.5056568332649709, 0.5074716978184711, 0.5138588778560276, 0.5012459870331147, 0.5505151095109477, 0.5511385576498703, 0.5513589352679411]"
sampleJointGoal_fromStart,always_committed_session_22_player2,22,6,2,closer_to_player2,9,"[0.5, 0.4163067243839382, 0.5239089021085702, 0.35489091371999676, 0.21567918149985954, 0.999974462428171, 0.9999999995999947, 0.9999999996572284, 0.9999999997121625]"
sampleJointGoal_fromStart,always_committed_session_22_player1,22,7,1,closer_to_player1,10,"[0.5, 0.49969445193828643, 0.5028616967811324, 0.6083605751873563, 0.9999012154585537, 0.9999999820661681, 0.9999999865121936, 0.9999999999975492, 0.9999999999987749, 0.999999999999392]"
sampleJointGoal_fromStart,always_committed_session_22_player2,22,7,2,closer_to_player1,9,"[0.5, 0.5034052049878841, 0.5055965908776696, 0.50682176907304, 0.503703335024547, 0.5784247338148315, 0.4984145959822721, 0.6653229883101947, 0.8002321569711172]"
sampleJointGoal_fromStart,always_committed_session_22_player1,22,8,1,closer_to_player2,9,"[0.5, 0.5034075792968904, 0.5056000393417481, 0.5070654130082097, 0.5082130758110642, 0.5144831541672338, 0.4899420075877388, 0.5636040293605905, 0.5638231303792369]"
sampleJointGoal_fromStart,always_committed_session_22_player2,22,8,2,closer_to_player2,8,"[0.5, 0.512565935207088, 0.5218901038028778, 0.5281595562883014, 0.5255178297624464, 0.5865681949809773, 0.5380597166813488, 0.7010940844653758]"
sampleJointGoal_fromStart,always_committed_session_22_player1,22,9,1,closer_to_player2,9,"[0.5, 0.4211977795062278, 0.9786097070589149, 0.9996144346799245, 0.9999900710258777, 0.9999996257667634, 0.9999996453467377, 0.9999999880291182, 0.9999999886251544]"
sampleJointGoal_fromStart,always_committed_session_22_player2,22,9,2,closer_to_player2,9,"[0.5, 0.9996543079865925, 0.9999997241135663, 0.9999999995291399, 0.9999999999984411, 0.9999999999999901, 1.0, 1.0, 1.0]"
sampleJointGoal_fromStart,always_committed_session_22_player1,22,11,1,closer_to_player1,4,"[0.5, 0.4181519436305276, 0.5897623112222049, 0.7433687069447656]"
sampleJointGoal_fromStart,always_committed_session_22_player2,22,11,2,closer_to_player1,14,"[0.5, 0.4969674980029722, 0.5028478787938456, 0.4145054504150297, 0.5387411887257121, 0.36865632031222284, 0.9997372531466047, 0.9999999522915012, 0.9999999640951953, 0.9993771758227563, 0.9999999640779842, 0.9999999999934739, 0.9999999999967377, 0.9999999999983809]"
sampleJointGoal_fromStart,always_committed_session_23_player1,23,1,1,closer_to_player1,4,"[0.5, 0.9993617740781414, 0.999999064676694, 0.9999999968588933]"
sampleJointGoal_fromStart,always_committed_session_23_player2,23,1,2,closer_to_player1,12,"[0.5, 0.9997677512374894, 0.9998852108229771, 0.9999627703944292, 0.9999999971297902, 0.9999999968098034, 0.9999999931427327, 0.9999999999993866, 0.9999999999942764, 0.9999999999919076, 0.9999999999999986, 1.0]"
sampleJointGoal_fromStart,always_committed_session_23_player1,23,2,1,closer_to_player1,9,"[0.5, 0.49924572450364946, 0.9998679499120554, 0.9999999545063044, 0.9999999563000089, 0.9999999737899057, 0.999999999994395, 0.9999999999999954, 1.0]"
sampleJointGoal_fromStart,always_committed_session_23_player2,23,2,2,closer_to_player1,9,"[0.5, 0.9830621547868059, 0.9995222564690363, 0.9996795374529885, 0.9999802606531483, 0.9999897309289376, 0.9999945965791478, 0.9999971442579118, 0.9999984987581898]"
sampleJointGoal_fromStart,always_committed_session_23_player1,23,5,1,equal_to_both,9,"[0.5, 0.5000002198240207, 0.9982965126163814, 0.9999942578518448, 0.9999999645915885, 0.9999999653067758, 0.9999999997778275, 0.999999999997091, 0.9999999999986489]"
sampleJointGoal_fromStart,always_committed_session_23_player2,23,5,2,equal_to_both,9,"[0.5, 0.5000002216504363, 0.4999922877582689, 0.49989227398135055, 0.4990308901905231, 0.9998929739838008, 0.9999999680180458, 0.9999999999762494, 0.9999999999999606]"
sampleJointGoal_fromStart,always_committed_session_23_player1,23,6,1,closer_to_player1,9,"[0.5, 0.6234319518219219, 0.45287046002693077, 0.2926798661161271, 0.9999104362225587, 0.9999999948280196, 0.999999999999057, 0.9999999999995287, 0.999999999999766]"
sampleJointGoal_fromStart,always_committed_session_23_player2,23,6,2,closer_to_player1,9,"[0.5, 0.5033991647714974, 0.5053666589416567, 0.5005783884721613, 0.3771116616965235, 0.5477030653572524, 0.7077991357590641, 0.8289407284356133, 0.9070486354308183]"
sampleJointGoal_fromStart,always_committed_session_23_player1,23,9,1,closer_to_player2,9,"[0.5, 0.5045056491710727, 0.5060243647532148, 0.5068465753350075, 0.5071808508503834, 0.5055502347332296, 0.5663803240267743, 0.6069221556967903, 0.7057867243702037]"
sampleJointGoal_fromStart,always_committed_session_23_player2,23,9,2,closer_to_player2,6,"[0.5, 0.5832697833302684, 0.6542350593178142, 0.5781187857632512, 0.7327272579125693, 0.8467251157025594]"
sampleJointGoal_fromStart,always_committed_session_23_player1,23,11,1,closer_to_player2,9,"[0.5, 0.5016600664306721, 0.5035142924655917, 0.49880681578524416, 0.3762548084149757, 0.5470461831339934, 0.7074182970180924, 0.8307409692931897, 0.9361780186101687]"
sampleJointGoal_fromStart,always_committed_session_23_player2,23,11,2,closer_to_player2,9,"[0.5, 0.999509888348118, 0.9999995865204099, 0.9999999987807711, 0.9999999993913118, 0.9999999996959817, 0.999999999848141, 0.9999999999251906, 0.9999999999749688]"
sampleJointGoal_fromStart,always_committed_session_24_player1,24,0,1,closer_to_player2,9,"[0.5, 0.5034387885400003, 0.989704009789926, 0.9998230524409505, 0.9999953961486189, 0.9999998219892791, 0.9999998686507363, 0.999999992703508, 0.9999999965470041]"
sampleJointGoal_fromStart,always_committed_session_24_player2,24,0,2,closer_to_player2,9,"[0.5, 0.9995403215823375, 0.9999994944794535, 0.9999997149053572, 0.9999999989244528, 0.9999999999974702, 0.9999999999999881, 0.9999999999999998, 1.0]"
sampleJointGoal_fromStart,always_committed_session_24_player1,24,1,1,equal_to_both,11,"[0.5, 0.4999455873095196, 0.4999439828267811, 0.9966401246366398, 0.9966553355151219, 0.9966679628745544, 0.9999942295598613, 0.9999944322145229, 0.999995633477634, 0.9999999967573089, 0.9999999999946241]"
sampleJointGoal_fromStart,always_committed_session_24_player2,24,1,2,equal_to_both,11,"[0.5, 0.989331316828633, 0.9895327191858129, 0.9998880000907464, 0.9999980872689467, 0.9999981787303195, 0.9999982350830502, 0.9999999812149132, 0.9999999854319496, 0.9999999998092576, 0.9999999999114011]"
sampleJointGoal_fromStart,always_committed_session_24_player1,24,3,1,closer_to_player2,9,"[0.5, 0.5035101256904665, 0.50515649620234, 0.5059869687692897, 0.5063214967875692, 0.5087272239982122, 0.5150829007156227, 0.4689300655384826, 0.39459933109130185]"
sampleJointGoal_fromStart,always_committed_session_24_player2,24,3,2,closer_to_player2,6,"[0.5, 0.5832718612730579, 0.6542383718728142, 0.578120828527043, 0.7327288864224384, 0.8467261888544928]"
sampleJointGoal_fromStart,always_committed_session_24_player1,24,4,1,closer_to_player1,9,"[0.5, 0.9995099135068792, 0.9995130812198105, 0.9999998280415351, 0.9999998767744477, 0.9999999999357478, 0.9999999999679057, 0.9999999999841895, 0.9999999999947099]"
sampleJointGoal_fromStart,always_committed_session_24_player2,24,4,2,closer_to_player1,9,"[0.5, 0.5033920309705613, 0.5058814720214566, 0.5065628564960788, 0.5115106883226493, 0.5212138978574465, 0.4387684778838952, 0.5915622308393377, 0.420682822352827]"
sampleJointGoal_fromStart,always_committed_session_24_player1,24,6,1,closer_to_player1,6,"[0.5, 1.0, 1.0, 1.0, 1.0, 1.0]"
sampleJointGoal_fromStart,always_committed_session_24_player2,24,6,2,closer_to_player1,4,"[0.5, 0.99543731341115, 0.9977303134361666, 0.9989106149987595]"
sampleJointGoal_fromStart,always_committed_session_24_player1,24,7,1,closer_to_player1,8,"[0.5, 0.5016463984282888, 0.5815756962944362, 0.4099424057172737, 0.9999899774045199, 0.9999883417151794, 0.9999999999649123, 0.9999999999707214]"
sampleJointGoal_fromStart,always_committed_session_24_player2,24,7,2,closer_to_player1,9,"[0.5, 0.5035101254771449, 0.5051564962730712, 0.5070214941328445, 0.5018831590196998, 0.5087656132620874, 0.5671112771021273, 0.5706126296606185, 0.5727205917548495]"
sampleJointGoal_fromStart,always_committed_session_24_player1,24,9,1,closer_to_player2,13,"[0.5, 0.6364687292186347, 0.997836872513529, 0.999994359673853, 0.9999999802021036, 0.999999999874829, 0.9999999999112066, 0.9999999999346103, 0.9999999999996965, 0.9999999999998492, 0.999999999927824, 0.9999999999142609, 0.9999999999572753]"
sampleJointGoal_fromStart,always_committed_session_24_player2,24,9,2,closer_to_player2,3,"[0.5, 0.999708158622295, 0.9999997674734913]"
sampleJointGoal_fromStart,always_committed_session_24_player1,24,10,1,equal_to_both,12,"[0.5, 0.006145823349374025, 0.6455815734932979, 0.996613577837461, 0.9999640655023775, 0.9999646497738348, 0.9999996269386068, 0.9999999935586567, 0.9999999997483145, 0.9999999998791493, 0.9999999999414647, 0.9999999999728105]"
sampleJointGoal_fromStart,always_committed_session_24_player2,24,10,2,equal_to_both,10,"[0.5, 0.9937637135349796, 0.9938603373479747, 0.9999618718975433, 0.9999622996545245, 0.9999997674836413, 0.999999997524806, 0.9999999980807023, 0.9999999984406691, 0.9999999991131522]"
sampleJointGoal_fromStart,always_committed_session_25_player1,25,0,1,closer_to_player1,6,"[0.5, 0.5003235739636286, 0.5027303184712343, 0.49690575615448596, 0.5386521787498537, 0.46290286218188453]"
sampleJointGoal_fromStart,always_committed_session_25_player2,25,0,2,closer_to_player1,9,"[0.5, 0.5030292860113901, 0.49714876219706156, 0.36497526482198395, 0.5347495489184202, 0.6968793094187118, 0.8213961836123878, 0.9019678907930853, 0.9488225658786777]"
sampleJointGoal_fromStart,always_committed_session_25_player1,25,1,1,closer_to_player1,9,"[0.5, 0.4992471142107006, 0.9998679513191345, 0.9999999545141778, 0.9999999999624589, 0.9999999999999013, 0.9999999999999527, 0.9999999999999866, 1.0]"
sampleJointGoal_fromStart,always_committed_session_25_player2,25,1,2,closer_to_player1,11,"[0.5, 0.9830741697983418, 0.9840365745838501, 0.9997172280754069, 0.999987996184619, 0.9778714419111191, 0.9990405554492162, 0.9995366186035175, 0.9997736087805994, 0.9998884892217446, 0.9999447876052359]"
sampleJointGoal_fromStart,always_committed_session_25_player1,25,2,1,equal_to_both,15,"[0.5, 0.01806951578439727, 0.017563673790099838, 0.7378063193639786, 0.9961625462956349, 0.9999328114106598, 0.9999982127245236, 0.9999983769288213, 0.9999999564673087, 0.9999999703073204, 0.9999999986457839, 0.9999999993703862, 0.9999999997157195, 0.9999999997157196, 0.9999999999180159]"
sampleJointGoal_fromStart,always_committed_session_25_player2,25,2,2,equal_to_both,12,"[0.5, 0.982866963004557, 0.9831940160295802, 0.9833779858739554, 0.9834954943413102, 0.999896703195801, 0.9999989106559536, 0.9999989290317917, 0.9999989361123567, 0.9999999946589239, 0.999999994006885, 0.9999999999742496]"
sampleJointGoal_fromStart,always_committed_session_25_player1,25,3,1,equal_to_both,13,"[0.5, 0.4987311526176068, 0.9894014466731693, 0.9895181901391821, 0.9998879908005122, 0.9999980916506824, 0.9999999503344839, 0.9999999980735238, 0.9999999998117199, 0.9999999999136315, 0.9999999999600258, 0.9999999999600258, 0.999999999981489]"
sampleJointGoal_fromStart,always_committed_session_25_player2,25,3,2,equal_to_both,12,"[0.5, 0.5121177356180145, 0.5136004442807931, 0.9941628907070594, 0.9942110795578976, 0.99425096994999, 0.9944869701894045, 0.9999870646227124, 0.9999999397599195, 0.9999999659183098, 0.9999999993340867, 0.9999999999971388]"
sampleJointGoal_fromStart,always_committed_session_25_player1,25,5,1,closer_to_player2,9,"[0.5, 0.5034054122685274, 0.505655497834816, 0.5074706195435129, 0.5029279715739888, 0.49767536302807636, 0.5035911258405611, 0.46095341216635344, 0.3900254380951038]"
sampleJointGoal_fromStart,always_committed_session_25_player2,25,5,2,closer_to_player2,6,"[0.5, 0.5160525506182956, 0.5537116648191025, 0.560053774907285, 0.5606856096545673, 0.5609051593171959]"
sampleJointGoal_fromStart,always_committed_session_25_player1,25,6,1,closer_to_player1,8,"[0.5, 0.5017009053735297, 0.5827447172993513, 0.41111239971807195, 0.9999899405024929, 0.9999882608577463, 0.9999860204668961, 1.0]"
sampleJointGoal_fromStart,always_committed_session_25_player2,25,6,2,closer_to_player1,9,"[0.5, 0.5035279324432259, 0.5058031632675326, 0.5076305382607048, 0.5030833064648796, 0.509355833654194, 0.558529578873617, 0.5591508194640794, 0.5593704080878447]"
sampleJointGoal_fromStart,always_committed_session_25_player1,25,9,1,closer_to_player2,9,"[0.5, 0.5045056491710727, 0.5060243647532148, 0.5079017478501142, 0.5149620298464787, 0.5517863872287381, 0.5573299487994292, 0.5608491583761871, 0.5629683413017746]"
sampleJointGoal_fromStart,always_committed_session_25_player2,25,9,2,closer_to_player2,9,"[0.5, 0.4954279819884214, 0.4970592834060205, 0.4361851204587367, 0.4841726971992887, 0.9999925815372981, 0.9999913708382624, 0.9999896587917823, 1.0]"
sampleJointGoal_fromStart,always_committed_session_25_player1,25,10,1,equal_to_both,10,"[0.5, 0.4999837091927315, 0.4999707914564391, 0.49972091427657933, 0.49369184771657726, 0.3735666167194848, 0.99985708541286, 0.9999999673034716, 0.9999999999821055, 0.9999999999999788]"
sampleJointGoal_fromStart,always_committed_session_25_player2,25,10,2,equal_to_both,10,"[0.5, 0.9928569843962844, 0.999912084182293, 0.9999312861607795, 0.9999992401494355, 0.9999994683633259, 0.9999999915539179, 0.9999999958738574, 0.9999999980614438, 0.9999999994509379]"
sampleJointGoal_fromStart,always_committed_session_25_player1,25,11,1,closer_to_player2,7,"[0.5, 0.3574361094446191, 0.536979563186938, 0.8039972880298614, 0.999540175223305, 0.9999994013205136, 0.9999999988988523]"
sampleJointGoal_fromStart,always_committed_session_25_player2,25,11,2,closer_to_player2,7,"[0.5, 0.9999335469272584, 0.9999999856112449, 0.9999999999867754, 0.999999999999975, 1.0, 1.0]"
sampleJointGoal_fromStart,always_committed_session_26_player1,26,1,1,closer_to_player1,8,"[0.5, 0.9998295405019224, 0.9998968989098199, 0.9999999451030803, 0.9999999999586634, 0.9999999999999832, 1.0, 1.0]"
sampleJointGoal_fromStart,always_committed_session_26_player2,26,1,2,closer_to_player1,10,"[0.5, 0.0017170687219956388, 0.2179415601640472, 0.9634980097613693, 0.9993553893055287, 0.999380883694736, 0.9993953717669067, 0.9994016009712536, 0.9992876022828067, 0.9999987601261745]"
sampleJointGoal_fromStart,always_committed_session_26_player1,26,2,1,closer_to_player2,12,"[0.5, 0.49659349145752074, 0.4944013015505513, 0.49317562367550455, 0.49629378544234787, 0.9998268216536513, 0.9999999206758996, 0.9999999999117926, 0.9999999999630629, 0.9999999999999243, 0.9999999999999997, 1.0]"
sampleJointGoal_fromStart,always_committed_session_26_player2,26,2,2,closer_to_player2,5,"[0.5, 0.394357193726104, 0.9993887320954742, 0.9999994784819716, 0.9999999991228157]"
sampleJointGoal_fromStart,always_committed_session_26_player1,26,3,1,closer_to_player2,9,"[0.5, 0.9822042860142358, 0.9995235700101033, 0.9999806107576611, 0.9999975187226745, 0.9999987539117389, 0.999999357492722, 0.9999996607975353, 0.9999998174919178]"
sampleJointGoal_fromStart,always_committed_session_26_player2,26,3,2,closer_to_player2,9,"[0.5, 0.5613129627514853, 0.6737429641287008, 0.9999668416234712, 0.9999999876025707, 0.9999999999955321, 0.9999999999999938, 1.0, 1.0]"
sampleJointGoal_fromStart,always_committed_session_26_player1,26,6,1,equal_to_both,7,"[0.5, 0.5061249774547737, 0.6290682349880072, 0.9996888549604015, 0.9999998887130521, 0.9999999998418225, 0.9999999999998613]"
sampleJointGoal_fromStart,always_committed_session_26_player2,26,6,2,equal_to_both,7,"[0.5, 0.4937689776512083, 0.9997509636827872, 0.9996158631394277, 0.9999999338932581, 0.9999999999731279, 0.9999999999999765]"
sampleJointGoal_fromStart,always_committed_session_26_player1,26,7,1,closer_to_player2,11,"[0.5, 0.9970331937280943, 0.9984649904204942, 0.9992185390076357, 0.9996148906061009, 0.9998831201580114, 0.9999999693286922, 0.999999999992519, 0.999999999999997, 1.0, 1.0]"
sampleJointGoal_fromStart,always_committed_session_26_player2,26,7,2,closer_to_player2,5,"[0.5, 0.38596077521166705, 0.9993514722686145, 0.9999994465769874, 0.9999999990696306]"
sampleJointGoal_fromStart,always_committed_session_26_player1,26,10,1,equal_to_both,5,"[0.5, 0.9999106082953316, 0.9999999845917185, 0.9999999999938642, 0.9999999999999948]"
sampleJointGoal_fromStart,always_committed_session_26_player2,26,10,2,equal_to_both,5,"[0.5, 0.999822652829083, 0.9999999389973772, 0.9999999999409834, 0.9999999999999478]"
sampleJointGoal_fromStart,always_committed_session_26_player1,26,11,1,closer_to_player1,9,"[0.5, 0.9995428479889613, 0.9999994983521214, 0.99999999880578, 0.9999999999942669, 0.999999999999959, 0.9999999999999997, 1.0, 1.0]"
sampleJointGoal_fromStart,always_committed_session_26_player2,26,11,2,closer_to_player1,9,"[0.5, 0.5029865495621082, 0.9899892721686308, 0.9899120154465988, 0.9835820677636437, 0.9999486322585996, 0.9999997292366731, 0.9999999976966621, 0.9999999999697349]"
sampleJointGoal_fromStart,always_committed_session_27_player1,27,0,1,equal_to_both,10,"[0.5, 0.993847998701665, 0.9938932254048659, 0.9999620608289423, 0.9999625693334695, 0.9999644820210148, 0.9999998345890909, 0.9999999985783584, 0.9999999993009292, 0.9999999999906196]"
sampleJointGoal_fromStart,always_committed_session_27_player2,27,0,2,equal_to_both,10,"[0.5, 0.4998881789349829, 0.9966448170149732, 0.9966567501247309, 0.9965898140408488, 0.999995700876886, 0.9999999889204142, 0.9999999999443768, 0.9999999999375863, 0.9999999999997319]"
sampleJointGoal_fromStart,always_committed_session_27_player1,27,1,1,closer_to_player2,8,"[0.5, 0.5041586111073917, 0.5057057718454548, 0.5025988516629669, 0.5786306374714647, 0.49000528562842827, 0.663281947379896, 0.8668041263647412]"
sampleJointGoal_fromStart,always_committed_session_27_player2,27,1,2,closer_to_player2,10,"[0.5, 0.41628932557571235, 0.3451405576289482, 0.2920564191101596, 0.26164738276446625, 0.2587785437345865, 1.0, 1.0, 1.0, 1.0]"
sampleJointGoal_fromStart,always_committed_session_27_player1,27,3,1,closer_to_player1,4,"[0.5, 0.5063657170356571, 0.5894429780414129, 0.591524755603713]"
sampleJointGoal_fromStart,always_committed_session_27_player2,27,3,2,closer_to_player1,11,"[0.5, 0.5038575022397361, 0.5063211905705897, 0.5075463220888768, 0.5121146072937383, 0.5104845692570407, 0.4302803768297477, 0.07570493948968204, 0.09472234091972574, 0.11007287670943548, 0.16119255567793442]"
sampleJointGoal_fromStart,always_committed_session_27_player1,27,4,1,closer_to_player2,7,"[0.5, 0.5893434692503376, 0.6682529716238849, 0.5678201826153877, 0.7246467598638067, 0.8404995472650683, 0.9146172415240645]"
sampleJointGoal_fromStart,always_committed_session_27_player2,27,4,2,closer_to_player2,7,"[0.5, 0.9999631750304392, 0.9999999978919747, 0.9999999978919761, 0.9999999978919768, 0.9999999978919862, 0.9999999999999954]"
sampleJointGoal_fromStart,always_committed_session_27_player1,27,8,1,equal_to_both,8,"[0.5, 0.9982948141001319, 0.9999942474347864, 0.9999999640017968, 0.9999999994293773, 0.9999999997206085, 0.9999999998687152, 0.9999999999628154]"
sampleJointGoal_fromStart,always_committed_session_27_player2,27,8,2,equal_to_both,8,"[0.5, 0.9982978803314153, 0.998301563310851, 0.9999971428845255, 0.9999971355109725, 0.9999961582451934, 0.9999999978974365, 0.99999999999751]"
sampleJointGoal_fromStart,always_committed_session_27_player1,27,9,1,closer_to_player1,7,"[0.5, 0.9966392600646845, 0.9999784544948457, 0.9999995338131084, 0.9999995338131082, 0.9999997455779243, 0.9999998608207906]"
sampleJointGoal_fromStart,always_committed_session_27_player2,27,9,2,closer_to_player1,12,"[0.5, 0.3692462577517076, 0.5244270032230244, 0.6802862031658908, 0.8066844096906185, 0.8927323886479607, 0.958137504131116, 0.9999991943300847, 0.9999999999769335, 0.9999999999999984, 1.0, 1.0]"
sampleJointGoal_fromStart,always_committed_session_27_player1,27,10,1,closer_to_player1,9,"[0.5, 0.4953332385462297, 0.4928595368698531, 0.48694596247138155, 0.5296258887749449, 0.6009302911626817, 1.0, 1.0, 1.0]"
sampleJointGoal_fromStart,always_committed_session_27_player2,27,10,2,closer_to_player1,9,"[0.5, 0.5033991647586886, 0.5053666589267176, 0.5005783884568927, 0.37711166168207083, 0.5477030653420117, 0.7077991357463379, 0.8289407284268868, 0.9070486354256297]"
sampleJointGoal_fromStart,always_committed_session_28_player1,28,1,1,closer_to_player1,7,"[0.5, 0.5057870340776011, 0.9999847007028915, 0.9999999986886206, 0.9999999995736946, 0.9999999999999674, 1.0]"
sampleJointGoal_fromStart,always_committed_session_28_player2,28,1,2,closer_to_player1,9,"[0.5, 0.9902549868836332, 0.04928045918866291, 0.036040815201105254, 0.8760846647016659, 0.9004383415855584, 0.9994488417412757, 0.9997205182931678, 0.9998583966268688]"
sampleJointGoal_fromStart,always_committed_session_28_player1,28,2,1,equal_to_both,12,"[0.5, 0.500026598305112, 0.9894502455231221, 0.9998173376423282, 0.9999952288626045, 0.9999954149964677, 0.9999998806585879, 0.9999998869843336, 0.9999999970202991, 0.9999999977789507, 0.9999999999222051, 0.9999999999659172]"
sampleJointGoal_fromStart,always_committed_session_28_player2,28,2,2,equal_to_both,12,"[0.5, 0.500026772438557, 0.5000285381201766, 0.9938493569928637, 0.9938941930274012, 0.9999621045767952, 0.9999995992843239, 0.9999999931582011, 0.9999999998196134, 0.9999999999894466, 0.9999999999952424, 0.9999999999979156]"
sampleJointGoal_fromStart,always_committed_session_28_player1,28,4,1,closer_to_player1,11,"[0.5, 0.998279673695287, 0.9982750637583334, 0.9982738413161906, 0.9983117529463155, 0.9999992438362054, 0.9999999991845853, 0.9999999995358366, 0.9999999999994597, 0.9999999999999947, 1.0]"
sampleJointGoal_fromStart,always_committed_session_28_player2,28,4,2,closer_to_player1,9,"[0.5, 0.9832068000008578, 0.9995545484844123, 0.999581850229225, 0.9999888268753333, 0.9999920882832015, 0.9999996588527085, 0.9999998370544972, 0.999999922524623]"
sampleJointGoal_fromStart,always_committed_session_28_player1,28,5,1,closer_to_player2,9,"[0.5, 0.421599918829241, 0.34249007723489583, 0.9823785690816121, 0.999803370200466, 0.999804462413461, 0.9997306688713083, 0.9999991691932357, 0.9999999956125274]"
sampleJointGoal_fromStart,always_committed_session_28_player2,28,5,2,closer_to_player2,8,"[0.5, 0.9998682086529933, 0.9999999535630306, 0.9999999999395596, 0.9999999999999465, 0.9999999999999999, 1.0, 1.0]"
sampleJointGoal_fromStart,always_committed_session_28_player1,28,7,1,closer_to_player2,14,"[0.5, 0.49755743124104745, 0.49637557243281066, 0.501661671024532, 0.9995435307901342, 0.9999994827910977, 0.9999999978793579, 0.9999999994027895, 0.9999999962205625, 0.9999999877318578, 0.9999999999490664, 0.9999999999998679, 0.9999999999999996, 1.0]"
sampleJointGoal_fromStart,always_committed_session_28_player2,28,7,2,closer_to_player2,6,"[0.5, 0.9975960632155201, 0.9999889543196854, 0.9999999078770103, 0.9999999986364464, 0.9999999999640818]"
sampleJointGoal_fromStart,always_committed_session_28_player1,28,9,1,equal_to_both,9,"[0.5, 0.9966297924995017, 0.9999790684544194, 0.9999997778608329, 0.9999999961253022, 0.9999999972424389, 0.999999998002096, 0.9999999990175791, 0.9999999999712852]"
sampleJointGoal_fromStart,always_committed_session_28_player2,28,9,2,equal_to_both,17,"[0.5, 0.0033638119610631266, 2.084110655845769e-05, 0.025318977791589932, 0.9382304554961558, 0.9381359370814186, 0.9998908440418328, 0.9998886513183698, 0.9999998600885067, 0.9999999996394255, 0.9999932520361496, 0.999999982609292, 0.9999999999126928, 0.9999999999020344, 0.999992096821749, 0.999999954248533, 0.9999999993860894]"
sampleJointGoal_fromStart,always_committed_session_28_player1,28,10,1,closer_to_player2,8,"[0.5, 0.5011611098690771, 0.9940429737755047, 0.9999378439610971, 0.9999989513213371, 0.9999989781907824, 0.9999987937291642, 0.999999993644977]"
sampleJointGoal_fromStart,always_committed_session_28_player2,28,10,2,closer_to_player2,8,"[0.5, 0.9998317033263129, 0.9999999241450681, 0.9999999999172369, 0.9999999999997122, 0.9999999999999992, 1.0, 1.0]"
sampleJointGoal_fromStart,always_committed_session_28_player1,28,11,1,closer_to_player1,11,"[0.5, 0.9993947259943334, 0.9999978444432746, 0.9962317644950136, 0.9999959329911455, 0.9999999905566981, 0.9999999999524354, 0.9999999999996986, 0.9999999999999967, 1.0, 1.0]"
sampleJointGoal_fromStart,always_committed_session_28_player2,28,11,2,closer_to_player1,9,"[0.5, 0.9832628426392837, 0.9836474449028111, 0.9835219331200279, 0.9732904264974849, 0.9999156251259326, 0.9999995555658622, 0.9999999962225249, 0.9999999999506418]"
sampleJointGoal_fromStart,always_committed_session_29_player1,29,0,1,closer_to_player2,3,"[0.5, 0.9973127299681491, 0.9985707739423849]"
sampleJointGoal_fromStart,always_committed_session_29_player2,29,0,2,closer_to_player2,9,"[0.5, 0.6656611636358208, 1.0, 1.0, 1.0, 1.0, 1.0, 1.0, 1.0]"
sampleJointGoal_fromStart,always_committed_session_29_player1,29,1,1,closer_to_player1,8,"[0.5, 0.3333171793555624, 0.19996003122120135, 0.999851730475161, 0.9999999914374808, 0.9999999999984388, 0.9999999999992196, 0.9999999999996125]"
sampleJointGoal_fromStart,always_committed_session_29_player2,29,1,2,closer_to_player1,8,"[0.5, 0.5022502438889495, 0.5040655919880376, 0.5104544706395361, 0.5394056709049483, 0.540918535321686, 0.5415442088821432, 0.5417653802426186]"
sampleJointGoal_fromStart,always_committed_session_29_player1,29,3,1,closer_to_player2,9,"[0.5, 0.5024425693049666, 0.5036244282980248, 0.49833832965946295, 0.3754362376378674, 0.998582628864818, 0.9999976156748305, 0.9999999926618399, 0.9999999999607218]"
sampleJointGoal_fromStart,always_committed_session_29_player2,29,3,2,closer_to_player2,9,"[0.5, 0.9995263604505298, 0.999999444541461, 0.9999997889429812, 0.999999999433659, 0.9999999999976682, 0.9999999999999933, 1.0, 1.0]"
sampleJointGoal_fromStart,always_committed_session_29_player1,29,6,1,closer_to_player2,9,"[0.5, 0.5033940708700834, 0.5053366234881972, 0.994150525575503, 0.9999389326521356, 0.9999395130940507, 0.999999501655764, 0.999999411703032, 0.9999999968989742]"
sampleJointGoal_fromStart,always_committed_session_29_player2,29,6,2,closer_to_player2,9,"[0.5, 0.6276950086161421, 0.999689455707174, 0.9999998579746092, 0.9999999998446637, 0.99999999999963, 0.9999999999999976, 1.0, 1.0]"
sampleJointGoal_fromStart,always_committed_session_29_player1,29,7,1,equal_to_both,12,"[0.5, 0.9827983842544424, 0.9995348145322303, 0.9995579099404865, 0.9995685234336575, 0.9999926450543775, 0.9999928362921923, 0.9999998776864804, 0.9999998823096649, 0.9999999978945027, 0.9999999999262524, 0.9999999999676903]"
sampleJointGoal_fromStart,always_committed_session_29_player2,29,7,2,equal_to_both,12,"[0.5, 0.9827981835505919, 0.9832194171875938, 0.9834106304663559, 0.9835303001511788, 0.9836261800788765, 0.9839207179553269, 0.9999722548879294, 0.9999760068038009, 0.999999960216202, 0.999999999866337, 0.9999999999991651]"
sampleJointGoal_fromStart,always_committed_session_29_player1,29,9,1,closer_to_player1,11,"[0.5, 0.002404384102673391, 0.9335126633429849, 0.9586525708938655, 0.9999773480117632, 0.9999999886786852, 0.999999999984714, 0.999999999999987, 1.0, 1.0, 1.0]"
sampleJointGoal_fromStart,always_committed_session_29_player2,29,9,2,closer_to_player1,9,"[0.5, 0.9832243445582151, 0.9836256951995929, 0.9838806369407407, 0.9837977189677469, 0.9754416208235798, 0.9999576484414301, 0.9999998694379609, 0.9999999993075184]"
sampleJointGoal_fromStart,always_committed_session_29_player1,29,10,1,closer_to_player1,5,"[0.5, 0.9987406107896926, 0.998267015129486, 0.9999985214862416, 0.9999999975156716]"
sampleJointGoal_fromStart,always_committed_session_29_player2,29,10,2,closer_to_player1,14,"[0.5, 0.01686065131662407, 0.016369400925333198, 0.016100017365036294, 0.015938642692796032, 0.9919110430733751, 0.9920136501661743, 0.9999986257800167, 0.999999172419752, 0.9999999998235486, 0.9999999999997343, 0.9999999999999997, 1.0, 1.0]"
sampleJointGoal_fromStart,always_committed_session_29_player1,29,11,1,equal_to_both,10,"[0.5, 0.5000105288540404, 0.5000126898082771, 0.9983013128611691, 0.9983323975339901, 0.9999971639567989, 0.99999999014625, 0.9999999922995985, 0.9999999999741286, 0.9999999999998384]"
sampleJointGoal_fromStart,always_committed_session_29_player2,29,11,2,equal_to_both,10,"[0.5, 0.9938491254826711, 0.9938937473196544, 0.9999621020693278, 0.9999995992617403, 0.9999996075710673, 0.9999999957031637, 0.999999999923129, 0.9999999999973075, 0.9999999999988204]"
