participantId,group,stepFromNewGoal,posterior,plotGroup
always_committed_session_0_player1,sampleJointGoal_fromStart,0,0.5,"sampleJointGoal
fromStart"
always_committed_session_0_player1,sampleJointGoal_fromStart,1,0.5620645803983033,"sampleJointGoal
fromStart"
always_committed_session_0_player1,sampleJointGoal_fromStart,2,0.6302774036618619,"sampleJointGoal
fromStart"
always_committed_session_0_player1,sampleJointGoal_fromStart,3,0.6229596558035173,"sampleJointGoal
fromStart"
always_committed_session_0_player1,sampleJointGoal_fromStart,4,0.7241655213778476,"sampleJointGoal
fromStart"
always_committed_session_0_player1,sampleJointGoal_fromStart,5,0.7233970954572843,"sampleJointGoal
fromStart"
always_committed_session_0_player2,sampleJointGoal_fromStart,0,0.5,"sampleJointGoal
fromStart"
always_committed_session_0_player2,sampleJointGoal_fromStart,1,0.6852701472154222,"sampleJointGoal
fromStart"
always_committed_session_0_player2,sampleJointGoal_fromStart,2,0.6868522781837045,"sampleJointGoal
fromStart"
always_committed_session_0_player2,sampleJointGoal_fromStart,3,0.7495311954571809,"sampleJointGoal
fromStart"
always_committed_session_0_player2,sampleJointGoal_fromStart,4,0.7543618040340379,"sampleJointGoal
fromStart"
always_committed_session_0_player2,sampleJointGoal_fromStart,5,0.6733516713761024,"sampleJointGoal
fromStart"
always_committed_session_10_player1,sampleJointGoal_fromStart,0,0.5,"sampleJointGoal
fromStart"
always_committed_session_10_player1,sampleJointGoal_fromStart,1,0.5691605319679603,"sampleJointGoal
fromStart"
always_committed_session_10_player1,sampleJointGoal_fromStart,2,0.573312586215556,"sampleJointGoal
fromStart"
always_committed_session_10_player1,sampleJointGoal_fromStart,3,0.6668221308637506,"sampleJointGoal
fromStart"
always_committed_session_10_player1,sampleJointGoal_fromStart,4,0.7276035561759705,"sampleJointGoal
fromStart"
always_committed_session_10_player1,sampleJointGoal_fromStart,5,0.7338652514194139,"sampleJointGoal
fromStart"
always_committed_session_10_player2,sampleJointGoal_fromStart,0,0.5,"sampleJointGoal
fromStart"
always_committed_session_10_player2,sampleJointGoal_fromStart,1,0.5921656244359055,"sampleJointGoal
fromStart"
always_committed_session_10_player2,sampleJointGoal_fromStart,2,0.6412101786517544,"sampleJointGoal
fromStart"
always_committed_session_10_player2,sampleJointGoal_fromStart,3,0.6345809124485502,"sampleJointGoal
fromStart"
always_committed_session_10_player2,sampleJointGoal_fromStart,4,0.8668319543059075,"sampleJointGoal
fromStart"
always_committed_session_10_player2,sampleJointGoal_fromStart,5,0.9340196191031543,"sampleJointGoal
fromStart"
always_committed_session_11_player1,sampleJointGoal_fromStart,0,0.5,"sampleJointGoal
fromStart"
always_committed_session_11_player1,sampleJointGoal_fromStart,1,0.7442744144425941,"sampleJointGoal
fromStart"
always_committed_session_11_player1,sampleJointGoal_fromStart,2,0.8106572021195776,"sampleJointGoal
fromStart"
always_committed_session_11_player1,sampleJointGoal_fromStart,3,0.9851641485132107,"sampleJointGoal
fromStart"
always_committed_session_11_player1,sampleJointGoal_fromStart,4,0.9888313819170963,"sampleJointGoal
fromStart"
always_committed_session_11_player1,sampleJointGoal_fromStart,5,0.9846305897432355,"sampleJointGoal
fromStart"
always_committed_session_11_player2,sampleJointGoal_fromStart,0,0.5,"sampleJointGoal
fromStart"
always_committed_session_11_player2,sampleJointGoal_fromStart,1,0.7523831183723078,"sampleJointGoal
fromStart"
always_committed_session_11_player2,sampleJointGoal_fromStart,2,0.9928919934069275,"sampleJointGoal
fromStart"
always_committed_session_11_player2,sampleJointGoal_fromStart,3,0.99981928251342,"sampleJointGoal
fromStart"
always_committed_session_11_player2,sampleJointGoal_fromStart,4,0.9998878523642343,"sampleJointGoal
fromStart"
always_committed_session_11_player2,sampleJointGoal_fromStart,5,0.9999723214157079,"sampleJointGoal
fromStart"
always_committed_session_12_player1,sampleJointGoal_fromStart,0,0.5,"sampleJointGoal
fromStart"
always_committed_session_12_player1,sampleJointGoal_fromStart,1,0.6237204704715361,"sampleJointGoal
fromStart"
always_committed_session_12_player1,sampleJointGoal_fromStart,2,0.758402506151678,"sampleJointGoal
fromStart"
always_committed_session_12_player1,sampleJointGoal_fromStart,3,0.8459932072975898,"sampleJointGoal
fromStart"
always_committed_session_12_player1,sampleJointGoal_fromStart,4,0.7851400538238612,"sampleJointGoal
fromStart"
always_committed_session_12_player1,sampleJointGoal_fromStart,5,0.8815888473839304,"sampleJointGoal
fromStart"
always_committed_session_12_player2,sampleJointGoal_fromStart,0,0.5,"sampleJointGoal
fromStart"
always_committed_session_12_player2,sampleJointGoal_fromStart,1,0.6412873250691983,"sampleJointGoal
fromStart"
always_committed_session_12_player2,sampleJointGoal_fromStart,2,0.6633119480416994,"sampleJointGoal
fromStart"
always_committed_session_12_player2,sampleJointGoal_fromStart,3,0.7193472561743489,"sampleJointGoal
fromStart"
always_committed_session_12_player2,sampleJointGoal_fromStart,4,0.7854659605198948,"sampleJointGoal
fromStart"
always_committed_session_12_player2,sampleJointGoal_fromStart,5,0.7873457184016953,"sampleJointGoal
fromStart"
always_committed_session_13_player1,sampleJointGoal_fromStart,0,0.5,"sampleJointGoal
fromStart"
always_committed_session_13_player1,sampleJointGoal_fromStart,1,0.7494404215727246,"sampleJointGoal
fromStart"
always_committed_session_13_player1,sampleJointGoal_fromStart,2,0.916880676345402,"sampleJointGoal
fromStart"
always_committed_session_13_player1,sampleJointGoal_fromStart,3,0.9193275049132108,"sampleJointGoal
fromStart"
always_committed_session_13_player1,sampleJointGoal_fromStart,4,0.9821134606055908,"sampleJointGoal
fromStart"
always_committed_session_13_player1,sampleJointGoal_fromStart,5,0.9760449576095668,"sampleJointGoal
fromStart"
always_committed_session_13_player2,sampleJointGoal_fromStart,0,0.5,"sampleJointGoal
fromStart"
always_committed_session_13_player2,sampleJointGoal_fromStart,1,0.6673402036594065,"sampleJointGoal
fromStart"
always_committed_session_13_player2,sampleJointGoal_fromStart,2,0.8300402035110799,"sampleJointGoal
fromStart"
always_committed_session_13_player2,sampleJointGoal_fromStart,3,0.9606606048811079,"sampleJointGoal
fromStart"
always_committed_session_13_player2,sampleJointGoal_fromStart,4,0.9778265491216509,"sampleJointGoal
fromStart"
always_committed_session_13_player2,sampleJointGoal_fromStart,5,0.9883213004932915,"sampleJointGoal
fromStart"
always_committed_session_14_player1,sampleJointGoal_fromStart,0,0.5,"sampleJointGoal
fromStart"
always_committed_session_14_player1,sampleJointGoal_fromStart,1,0.8586562940442882,"sampleJointGoal
fromStart"
always_committed_session_14_player1,sampleJointGoal_fromStart,2,0.9961134772399494,"sampleJointGoal
fromStart"
always_committed_session_14_player1,sampleJointGoal_fromStart,3,0.9961940539476374,"sampleJointGoal
fromStart"
always_committed_session_14_player1,sampleJointGoal_fromStart,4,0.9961448108414753,"sampleJointGoal
fromStart"
always_committed_session_14_player1,sampleJointGoal_fromStart,5,0.9964585688838472,"sampleJointGoal
fromStart"
always_committed_session_14_player2,sampleJointGoal_fromStart,0,0.5,"sampleJointGoal
fromStart"
always_committed_session_14_player2,sampleJointGoal_fromStart,1,0.7799726712203715,"sampleJointGoal
fromStart"
always_committed_session_14_player2,sampleJointGoal_fromStart,2,0.9957625638378494,"sampleJointGoal
fromStart"
always_committed_session_14_player2,sampleJointGoal_fromStart,3,0.9958740716745476,"sampleJointGoal
fromStart"
always_committed_session_14_player2,sampleJointGoal_fromStart,4,0.9997200161684151,"sampleJointGoal
fromStart"
always_committed_session_14_player2,sampleJointGoal_fromStart,5,0.9997713179151254,"sampleJointGoal
fromStart"
always_committed_session_15_player1,sampleJointGoal_fromStart,0,0.5,"sampleJointGoal
fromStart"
always_committed_session_15_player1,sampleJointGoal_fromStart,1,0.5757098868606013,"sampleJointGoal
fromStart"
always_committed_session_15_player1,sampleJointGoal_fromStart,2,0.6333629188277842,"sampleJointGoal
fromStart"
always_committed_session_15_player1,sampleJointGoal_fromStart,3,0.6761208984161711,"sampleJointGoal
fromStart"
always_committed_session_15_player1,sampleJointGoal_fromStart,4,0.7741099948685997,"sampleJointGoal
fromStart"
always_committed_session_15_player1,sampleJointGoal_fromStart,5,0.8170333113993389,"sampleJointGoal
fromStart"
always_committed_session_15_player2,sampleJointGoal_fromStart,0,0.5,"sampleJointGoal
fromStart"
always_committed_session_15_player2,sampleJointGoal_fromStart,1,0.6584882834262966,"sampleJointGoal
fromStart"
always_committed_session_15_player2,sampleJointGoal_fromStart,2,0.6269860399234327,"sampleJointGoal
fromStart"
always_committed_session_15_player2,sampleJointGoal_fromStart,3,0.718796157746892,"sampleJointGoal
fromStart"
always_committed_session_15_player2,sampleJointGoal_fromStart,4,0.814757711699887,"sampleJointGoal
fromStart"
always_committed_session_15_player2,sampleJointGoal_fromStart,5,0.8093520430396257,"sampleJointGoal
fromStart"
always_committed_session_16_player1,sampleJointGoal_fromStart,0,0.5,"sampleJointGoal
fromStart"
always_committed_session_16_player1,sampleJointGoal_fromStart,1,0.6805444320236013,"sampleJointGoal
fromStart"
always_committed_session_16_player1,sampleJointGoal_fromStart,2,0.6987927346647632,"sampleJointGoal
fromStart"
always_committed_session_16_player1,sampleJointGoal_fromStart,3,0.9551448000354714,"sampleJointGoal
fromStart"
always_committed_session_16_player1,sampleJointGoal_fromStart,4,0.9421431046192629,"sampleJointGoal
fromStart"
always_committed_session_16_player1,sampleJointGoal_fromStart,5,0.9650062642800953,"sampleJointGoal
fromStart"
always_committed_session_16_player2,sampleJointGoal_fromStart,0,0.5,"sampleJointGoal
fromStart"
always_committed_session_16_player2,sampleJointGoal_fromStart,1,0.549869277544926,"sampleJointGoal
fromStart"
always_committed_session_16_player2,sampleJointGoal_fromStart,2,0.6293125396936382,"sampleJointGoal
fromStart"
always_committed_session_16_player2,sampleJointGoal_fromStart,3,0.6573064526664735,"sampleJointGoal
fromStart"
always_committed_session_16_player2,sampleJointGoal_fromStart,4,0.7903813654753323,"sampleJointGoal
fromStart"
always_committed_session_16_player2,sampleJointGoal_fromStart,5,0.8165997313172312,"sampleJointGoal
fromStart"
always_committed_session_17_player1,sampleJointGoal_fromStart,0,0.5,"sampleJointGoal
fromStart"
always_committed_session_17_player1,sampleJointGoal_fromStart,1,0.7187421869383986,"sampleJointGoal
fromStart"
always_committed_session_17_player1,sampleJointGoal_fromStart,2,0.7317880382484524,"sampleJointGoal
fromStart"
always_committed_session_17_player1,sampleJointGoal_fromStart,3,0.8057291728300519,"sampleJointGoal
fromStart"
always_committed_session_17_player1,sampleJointGoal_fromStart,4,0.8784550664807197,"sampleJointGoal
fromStart"
always_committed_session_17_player1,sampleJointGoal_fromStart,5,0.8902375256901838,"sampleJointGoal
fromStart"
always_committed_session_17_player2,sampleJointGoal_fromStart,0,0.5,"sampleJointGoal
fromStart"
always_committed_session_17_player2,sampleJointGoal_fromStart,1,0.7166955872393888,"sampleJointGoal
fromStart"
always_committed_session_17_player2,sampleJointGoal_fromStart,2,0.8718225787417813,"sampleJointGoal
fromStart"
always_committed_session_17_player2,sampleJointGoal_fromStart,3,0.9017052077194181,"sampleJointGoal
fromStart"
always_committed_session_17_player2,sampleJointGoal_fromStart,4,0.9249991281321789,"sampleJointGoal
fromStart"
always_committed_session_17_player2,sampleJointGoal_fromStart,5,0.9302471211073594,"sampleJointGoal
fromStart"
always_committed_session_18_player1,sampleJointGoal_fromStart,0,0.5,"sampleJointGoal
fromStart"
always_committed_session_18_player1,sampleJointGoal_fromStart,1,0.48135687189711696,"sampleJointGoal
fromStart"
always_committed_session_18_player1,sampleJointGoal_fromStart,2,0.583081104085571,"sampleJointGoal
fromStart"
always_committed_session_18_player1,sampleJointGoal_fromStart,3,0.7906001250581539,"sampleJointGoal
fromStart"
always_committed_session_18_player1,sampleJointGoal_fromStart,4,0.8065694074811921,"sampleJointGoal
fromStart"
always_committed_session_18_player1,sampleJointGoal_fromStart,5,0.9521902470142162,"sampleJointGoal
fromStart"
always_committed_session_18_player2,sampleJointGoal_fromStart,0,0.5,"sampleJointGoal
fromStart"
always_committed_session_18_player2,sampleJointGoal_fromStart,1,0.7036556587152777,"sampleJointGoal
fromStart"
always_committed_session_18_player2,sampleJointGoal_fromStart,2,0.8451106731597893,"sampleJointGoal
fromStart"
always_committed_session_18_player2,sampleJointGoal_fromStart,3,0.8888897377144347,"sampleJointGoal
fromStart"
always_committed_session_18_player2,sampleJointGoal_fromStart,4,0.8792155797013861,"sampleJointGoal
fromStart"
always_committed_session_18_player2,sampleJointGoal_fromStart,5,0.8905147366898551,"sampleJointGoal
fromStart"
always_committed_session_19_player1,sampleJointGoal_fromStart,0,0.5,"sampleJointGoal
fromStart"
always_committed_session_19_player1,sampleJointGoal_fromStart,1,0.7891132934725887,"sampleJointGoal
fromStart"
always_committed_session_19_player1,sampleJointGoal_fromStart,2,0.8893109370584096,"sampleJointGoal
fromStart"
always_committed_session_19_player1,sampleJointGoal_fromStart,3,0.8646952274944728,"sampleJointGoal
fromStart"
always_committed_session_19_player1,sampleJointGoal_fromStart,4,0.9621189565181094,"sampleJointGoal
fromStart"
always_committed_session_19_player1,sampleJointGoal_fromStart,5,0.9772981537057992,"sampleJointGoal
fromStart"
always_committed_session_19_player2,sampleJointGoal_fromStart,0,0.5,"sampleJointGoal
fromStart"
always_committed_session_19_player2,sampleJointGoal_fromStart,1,0.8323187048295262,"sampleJointGoal
fromStart"
always_committed_session_19_player2,sampleJointGoal_fromStart,2,0.8893567880484041,"sampleJointGoal
fromStart"
always_committed_session_19_player2,sampleJointGoal_fromStart,3,0.8904832857554932,"sampleJointGoal
fromStart"
always_committed_session_19_player2,sampleJointGoal_fromStart,4,0.8776365502776999,"sampleJointGoal
fromStart"
always_committed_session_19_player2,sampleJointGoal_fromStart,5,0.8758575511690848,"sampleJointGoal
fromStart"
always_committed_session_1_player1,sampleJointGoal_fromStart,0,0.5,"sampleJointGoal
fromStart"
always_committed_session_1_player1,sampleJointGoal_fromStart,1,0.6165711029075263,"sampleJointGoal
fromStart"
always_committed_session_1_player1,sampleJointGoal_fromStart,2,0.6908612038916417,"sampleJointGoal
fromStart"
always_committed_session_1_player1,sampleJointGoal_fromStart,3,0.8646986002450721,"sampleJointGoal
fromStart"
always_committed_session_1_player1,sampleJointGoal_fromStart,4,0.8789335252244292,"sampleJointGoal
fromStart"
always_committed_session_1_player1,sampleJointGoal_fromStart,5,0.937280377479967,"sampleJointGoal
fromStart"
always_committed_session_1_player2,sampleJointGoal_fromStart,0,0.5,"sampleJointGoal
fromStart"
always_committed_session_1_player2,sampleJointGoal_fromStart,1,0.7752903043997856,"sampleJointGoal
fromStart"
always_committed_session_1_player2,sampleJointGoal_fromStart,2,0.7778565110909974,"sampleJointGoal
fromStart"
always_committed_session_1_player2,sampleJointGoal_fromStart,3,0.8339821060384264,"sampleJointGoal
fromStart"
always_committed_session_1_player2,sampleJointGoal_fromStart,4,0.8896613247758357,"sampleJointGoal
fromStart"
always_committed_session_1_player2,sampleJointGoal_fromStart,5,0.8938422094830353,"sampleJointGoal
fromStart"
always_committed_session_20_player1,sampleJointGoal_fromStart,0,0.5,"sampleJointGoal
fromStart"
always_committed_session_20_player1,sampleJointGoal_fromStart,1,0.78875384753252,"sampleJointGoal
fromStart"
always_committed_session_20_player1,sampleJointGoal_fromStart,2,0.8871949030712696,"sampleJointGoal
fromStart"
always_committed_session_20_player1,sampleJointGoal_fromStart,3,0.908876526109274,"sampleJointGoal
fromStart"
always_committed_session_20_player1,sampleJointGoal_fromStart,4,0.851621895183358,"sampleJointGoal
fromStart"
always_committed_session_20_player1,sampleJointGoal_fromStart,5,0.8627420584757222,"sampleJointGoal
fromStart"
always_committed_session_20_player2,sampleJointGoal_fromStart,0,0.5,"sampleJointGoal
fromStart"
always_committed_session_20_player2,sampleJointGoal_fromStart,1,0.5563620320650559,"sampleJointGoal
fromStart"
always_committed_session_20_player2,sampleJointGoal_fromStart,2,0.8340809283525502,"sampleJointGoal
fromStart"
always_committed_session_20_player2,sampleJointGoal_fromStart,3,0.9358651415103494,"sampleJointGoal
fromStart"
always_committed_session_20_player2,sampleJointGoal_fromStart,4,0.9363621746240733,"sampleJointGoal
fromStart"
always_committed_session_20_player2,sampleJointGoal_fromStart,5,0.9366571635688504,"sampleJointGoal
fromStart"
always_committed_session_21_player1,sampleJointGoal_fromStart,0,0.5,"sampleJointGoal
fromStart"
always_committed_session_21_player1,sampleJointGoal_fromStart,1,0.7744403166356006,"sampleJointGoal
fromStart"
always_committed_session_21_player1,sampleJointGoal_fromStart,2,0.8318472723035732,"sampleJointGoal
fromStart"
always_committed_session_21_player1,sampleJointGoal_fromStart,3,0.8107586231902906,"sampleJointGoal
fromStart"
always_committed_session_21_player1,sampleJointGoal_fromStart,4,0.7954494672142203,"sampleJointGoal
fromStart"
always_committed_session_21_player1,sampleJointGoal_fromStart,5,0.915975845530406,"sampleJointGoal
fromStart"
always_committed_session_21_player2,sampleJointGoal_fromStart,0,0.5,"sampleJointGoal
fromStart"
always_committed_session_21_player2,sampleJointGoal_fromStart,1,0.6920237800094003,"sampleJointGoal
fromStart"
always_committed_session_21_player2,sampleJointGoal_fromStart,2,0.8847214409537283,"sampleJointGoal
fromStart"
always_committed_session_21_player2,sampleJointGoal_fromStart,3,0.9287384554474326,"sampleJointGoal
fromStart"
always_committed_session_21_player2,sampleJointGoal_fromStart,4,0.9979056447565576,"sampleJointGoal
fromStart"
always_committed_session_21_player2,sampleJointGoal_fromStart,5,0.9979843376957569,"sampleJointGoal
fromStart"
always_committed_session_22_player1,sampleJointGoal_fromStart,0,0.5,"sampleJointGoal
fromStart"
always_committed_session_22_player1,sampleJointGoal_fromStart,1,0.5513016294686447,"sampleJointGoal
fromStart"
always_committed_session_22_player1,sampleJointGoal_fromStart,2,0.6567290658497767,"sampleJointGoal
fromStart"
always_committed_session_22_player1,sampleJointGoal_fromStart,3,0.6972239360299961,"sampleJointGoal
fromStart"
always_committed_session_22_player1,sampleJointGoal_fromStart,4,0.7561491364568536,"sampleJointGoal
fromStart"
always_committed_session_22_player1,sampleJointGoal_fromStart,5,0.756095903636445,"sampleJointGoal
fromStart"
always_committed_session_22_player2,sampleJointGoal_fromStart,0,0.5,"sampleJointGoal
fromStart"
always_committed_session_22_player2,sampleJointGoal_fromStart,1,0.489787819615598,"sampleJointGoal
fromStart"
always_committed_session_22_player2,sampleJointGoal_fromStart,2,0.5076808740577852,"sampleJointGoal
fromStart"
always_committed_session_22_player2,sampleJointGoal_fromStart,3,0.5872966568876266,"sampleJointGoal
fromStart"
always_committed_session_22_player2,sampleJointGoal_fromStart,4,0.5839069825542318,"sampleJointGoal
fromStart"
always_committed_session_22_player2,sampleJointGoal_fromStart,5,0.7896323632651733,"sampleJointGoal
fromStart"
always_committed_session_23_player1,sampleJointGoal_fromStart,0,0.5,"sampleJointGoal
fromStart"
always_committed_session_23_player1,sampleJointGoal_fromStart,1,0.6047008976382463,"sampleJointGoal
fromStart"
always_committed_session_23_player1,sampleJointGoal_fromStart,2,0.7434287740751446,"sampleJointGoal
fromStart"
always_committed_session_23_player1,sampleJointGoal_fromStart,3,0.7163879110755702,"sampleJointGoal
fromStart"
always_committed_session_23_player1,sampleJointGoal_fromStart,4,0.776669203275903,"sampleJointGoal
fromStart"
always_committed_session_23_player1,sampleJointGoal_fromStart,5,0.8105192703583848,"sampleJointGoal
fromStart"
always_committed_session_23_player2,sampleJointGoal_fromStart,0,0.5,"sampleJointGoal
fromStart"
always_committed_session_23_player2,sampleJointGoal_fromStart,1,0.7615014940207692,"sampleJointGoal
fromStart"
always_committed_session_23_player2,sampleJointGoal_fromStart,2,0.7765001766383605,"sampleJointGoal
fromStart"
always_committed_session_23_player2,sampleJointGoal_fromStart,3,0.7630386258074919,"sampleJointGoal
fromStart"
always_committed_session_23_player2,sampleJointGoal_fromStart,4,0.7681416778289777,"sampleJointGoal
fromStart"
always_committed_session_23_player2,sampleJointGoal_fromStart,5,0.8990518137463893,"sampleJointGoal
fromStart"
always_committed_session_24_player1,sampleJointGoal_fromStart,0,0.5,"sampleJointGoal
fromStart"
always_committed_session_24_player1,sampleJointGoal_fromStart,1,0.5813331707553954,"sampleJointGoal
fromStart"
always_committed_session_24_player1,sampleJointGoal_fromStart,2,0.7774139640425151,"sampleJointGoal
fromStart"
always_committed_session_24_player1,sampleJointGoal_fromStart,3,0.8636250396396253,"sampleJointGoal
fromStart"
always_committed_session_24_player1,sampleJointGoal_fromStart,4,0.9378657660418448,"sampleJointGoal
fromStart"
always_committed_session_24_player1,sampleJointGoal_fromStart,5,0.9381685000202046,"sampleJointGoal
fromStart"
always_committed_session_24_player2,sampleJointGoal_fromStart,0,0.5,"sampleJointGoal
fromStart"
always_committed_session_24_player2,sampleJointGoal_fromStart,1,0.8209943552125198,"sampleJointGoal
fromStart"
always_committed_session_24_player2,sampleJointGoal_fromStart,2,0.8307998715112801,"sampleJointGoal
fromStart"
always_committed_session_24_player2,sampleJointGoal_fromStart,3,0.798637911578339,"sampleJointGoal
fromStart"
always_committed_session_24_player2,sampleJointGoal_fromStart,4,0.7910138532687853,"sampleJointGoal
fromStart"
always_committed_session_24_player2,sampleJointGoal_fromStart,5,0.8127839410309097,"sampleJointGoal
fromStart"
always_committed_session_25_player1,sampleJointGoal_fromStart,0,0.5,"sampleJointGoal
fromStart"
always_committed_session_25_player1,sampleJointGoal_fromStart,1,0.43148923800297934,"sampleJointGoal
fromStart"
always_committed_session_25_player1,sampleJointGoal_fromStart,2,0.5712153694204886,"sampleJointGoal
fromStart"
always_committed_session_25_player1,sampleJointGoal_fromStart,3,0.6616036877322182,"sampleJointGoal
fromStart"
always_committed_session_25_player1,sampleJointGoal_fromStart,4,0.7828682978523669,"sampleJointGoal
fromStart"
always_committed_session_25_player1,sampleJointGoal_fromStart,5,0.7650944215997431,"sampleJointGoal
fromStart"
always_committed_session_25_player2,sampleJointGoal_fromStart,0,0.5,"sampleJointGoal
fromStart"
always_committed_session_25_player2,sampleJointGoal_fromStart,1,0.7209874612006433,"sampleJointGoal
fromStart"
always_committed_session_25_player2,sampleJointGoal_fromStart,2,0.7260517753752754,"sampleJointGoal
fromStart"
always_committed_session_25_player2,sampleJointGoal_fromStart,3,0.7606704543614097,"sampleJointGoal
fromStart"
always_committed_session_25_player2,sampleJointGoal_fromStart,4,0.784487219163377,"sampleJointGoal
fromStart"
always_committed_session_25_player2,sampleJointGoal_fromStart,5,0.8599057185941817,"sampleJointGoal
fromStart"
always_committed_session_26_player1,sampleJointGoal_fromStart,0,0.5,"sampleJointGoal
fromStart"
always_committed_session_26_player1,sampleJointGoal_fromStart,1,0.8544627064915485,"sampleJointGoal
fromStart"
always_committed_session_26_player1,sampleJointGoal_fromStart,2,0.8744792112604023,"sampleJointGoal
fromStart"
always_committed_session_26_player1,sampleJointGoal_fromStart,3,0.9274376531862754,"sampleJointGoal
fromStart"
always_committed_session_26_player1,sampleJointGoal_fromStart,4,0.9279865833481572,"sampleJointGoal
fromStart"
always_committed_session_26_player1,sampleJointGoal_fromStart,5,0.9999514492608611,"sampleJointGoal
fromStart"
always_committed_session_26_player2,sampleJointGoal_fromStart,0,0.5,"sampleJointGoal
fromStart"
always_committed_session_26_player2,sampleJointGoal_fromStart,1,0.47713231149337876,"sampleJointGoal
fromStart"
always_committed_session_26_player2,sampleJointGoal_fromStart,2,0.8400235576436617,"sampleJointGoal
fromStart"
always_committed_session_26_player2,sampleJointGoal_fromStart,3,0.993284522138687,"sampleJointGoal
fromStart"
always_committed_session_26_player2,sampleJointGoal_fromStart,4,0.9975624823939135,"sampleJointGoal
fromStart"
always_committed_session_26_player2,sampleJointGoal_fromStart,5,0.9998323789804989,"sampleJointGoal
fromStart"
always_committed_session_27_player1,sampleJointGoal_fromStart,0,0.5,"sampleJointGoal
fromStart"
always_committed_session_27_player1,sampleJointGoal_fromStart,1,0.7262833012580139,"sampleJointGoal
fromStart"
always_committed_session_27_player1,sampleJointGoal_fromStart,2,0.7500181693878719,"sampleJointGoal
fromStart"
always_committed_session_27_player1,sampleJointGoal_fromStart,3,0.7355501872853282,"sampleJointGoal
fromStart"
always_committed_session_27_player1,sampleJointGoal_fromStart,4,0.8054775647810285,"sampleJointGoal
fromStart"
always_committed_session_27_player1,sampleJointGoal_fromStart,5,0.8218998918959542,"sampleJointGoal
fromStart"
always_committed_session_27_player2,sampleJointGoal_fromStart,0,0.5,"sampleJointGoal
fromStart"
always_committed_session_27_player2,sampleJointGoal_fromStart,1,0.6129916406603831,"sampleJointGoal
fromStart"
always_committed_session_27_player2,sampleJointGoal_fromStart,2,0.6966002555095826,"sampleJointGoal
fromStart"
always_committed_session_27_player2,sampleJointGoal_fromStart,3,0.7110173176747219,"sampleJointGoal
fromStart"
always_committed_session_27_player2,sampleJointGoal_fromStart,4,0.7077350012678131,"sampleJointGoal
fromStart"
always_committed_session_27_player2,sampleJointGoal_fromStart,5,0.7442414891422379,"sampleJointGoal
fromStart"
always_committed_session_28_player1,sampleJointGoal_fromStart,0,0.5,"sampleJointGoal
fromStart"
always_committed_session_28_player1,sampleJointGoal_fromStart,1,0.6775545355639001,"sampleJointGoal
fromStart"
always_committed_session_28_player1,sampleJointGoal_fromStart,2,0.8525744432906566,"sampleJointGoal
fromStart"
always_committed_session_28_player1,sampleJointGoal_fromStart,3,0.9347876005087784,"sampleJointGoal
fromStart"
always_committed_session_28_player1,sampleJointGoal_fromStart,4,0.999706095351375,"sampleJointGoal
fromStart"
always_committed_session_28_player1,sampleJointGoal_fromStart,5,0.9999746962533899,"sampleJointGoal
fromStart"
always_committed_session_28_player2,sampleJointGoal_fromStart,0,0.5,"sampleJointGoal
fromStart"
always_committed_session_28_player2,sampleJointGoal_fromStart,1,0.8071763986397776,"sampleJointGoal
fromStart"
always_committed_session_28_player2,sampleJointGoal_fromStart,2,0.6915650829788007,"sampleJointGoal
fromStart"
always_committed_session_28_player2,sampleJointGoal_fromStart,3,0.7547891051335773,"sampleJointGoal
fromStart"
always_committed_session_28_player2,sampleJointGoal_fromStart,4,0.9726860706542683,"sampleJointGoal
fromStart"
always_committed_session_28_player2,sampleJointGoal_fromStart,5,0.9798055120771234,"sampleJointGoal
fromStart"
always_committed_session_29_player1,sampleJointGoal_fromStart,0,0.5,"sampleJointGoal
fromStart"
always_committed_session_29_player1,sampleJointGoal_fromStart,1,0.6025525571874513,"sampleJointGoal
fromStart"
always_committed_session_29_player1,sampleJointGoal_fromStart,2,0.7048523799703483,"sampleJointGoal
fromStart"
always_committed_session_29_player1,sampleJointGoal_fromStart,3,0.921264414413127,"sampleJointGoal
fromStart"
always_committed_session_29_player1,sampleJointGoal_fromStart,4,0.9104647754603665,"sampleJointGoal
fromStart"
always_committed_session_29_player1,sampleJointGoal_fromStart,5,0.999751989941195,"sampleJointGoal
fromStart"
always_committed_session_29_player2,sampleJointGoal_fromStart,0,0.5,"sampleJointGoal
fromStart"
always_committed_session_29_player2,sampleJointGoal_fromStart,1,0.721483135187443,"sampleJointGoal
fromStart"
always_committed_session_29_player2,sampleJointGoal_fromStart,2,0.8101078441086058,"sampleJointGoal
fromStart"
always_committed_session_29_player2,sampleJointGoal_fromStart,3,0.8117259380498234,"sampleJointGoal
fromStart"
always_committed_session_29_player2,sampleJointGoal_fromStart,4,0.8153339914070916,"sampleJointGoal
fromStart"
always_committed_session_29_player2,sampleJointGoal_fromStart,5,0.9364871233582354,"sampleJointGoal
fromStart"
always_committed_session_2_player1,sampleJointGoal_fromStart,0,0.5,"sampleJointGoal
fromStart"
always_committed_session_2_player1,sampleJointGoal_fromStart,1,0.727848337672353,"sampleJointGoal
fromStart"
always_committed_session_2_player1,sampleJointGoal_fromStart,2,0.617122395853263,"sampleJointGoal
fromStart"
always_committed_session_2_player1,sampleJointGoal_fromStart,3,0.6932322583470433,"sampleJointGoal
fromStart"
always_committed_session_2_player1,sampleJointGoal_fromStart,4,0.863906371038036,"sampleJointGoal
fromStart"
always_committed_session_2_player1,sampleJointGoal_fromStart,5,0.8739380674001835,"sampleJointGoal
fromStart"
always_committed_session_2_player2,sampleJointGoal_fromStart,0,0.5,"sampleJointGoal
fromStart"
always_committed_session_2_player2,sampleJointGoal_fromStart,1,0.5010876559903065,"sampleJointGoal
fromStart"
always_committed_session_2_player2,sampleJointGoal_fromStart,2,0.7190481519764735,"sampleJointGoal
fromStart"
always_committed_session_2_player2,sampleJointGoal_fromStart,3,0.7453182895423082,"sampleJointGoal
fromStart"
always_committed_session_2_player2,sampleJointGoal_fromStart,4,0.8358151026526257,"sampleJointGoal
fromStart"
always_committed_session_2_player2,sampleJointGoal_fromStart,5,0.8515089176093684,"sampleJointGoal
fromStart"
always_committed_session_3_player1,sampleJointGoal_fromStart,0,0.5,"sampleJointGoal
fromStart"
always_committed_session_3_player1,sampleJointGoal_fromStart,1,0.6963743094063309,"sampleJointGoal
fromStart"
always_committed_session_3_player1,sampleJointGoal_fromStart,2,0.6964132452913292,"sampleJointGoal
fromStart"
always_committed_session_3_player1,sampleJointGoal_fromStart,3,0.7380916561237448,"sampleJointGoal
fromStart"
always_committed_session_3_player1,sampleJointGoal_fromStart,4,0.9963961954908972,"sampleJointGoal
fromStart"
always_committed_session_3_player1,sampleJointGoal_fromStart,5,0.9999762883910662,"sampleJointGoal
fromStart"
always_committed_session_3_player2,sampleJointGoal_fromStart,0,0.5,"sampleJointGoal
fromStart"
always_committed_session_3_player2,sampleJointGoal_fromStart,1,0.7484127348858776,"sampleJointGoal
fromStart"
always_committed_session_3_player2,sampleJointGoal_fromStart,2,0.7520349471722382,"sampleJointGoal
fromStart"
always_committed_session_3_player2,sampleJointGoal_fromStart,3,0.8148069107279801,"sampleJointGoal
fromStart"
always_committed_session_3_player2,sampleJointGoal_fromStart,4,0.8150238549827467,"sampleJointGoal
fromStart"
always_committed_session_3_player2,sampleJointGoal_fromStart,5,0.8021114191577913,"sampleJointGoal
fromStart"
always_committed_session_4_player1,sampleJointGoal_fromStart,0,0.5,"sampleJointGoal
fromStart"
always_committed_session_4_player1,sampleJointGoal_fromStart,1,0.5476867114016525,"sampleJointGoal
fromStart"
always_committed_session_4_player1,sampleJointGoal_fromStart,2,0.7218473381931312,"sampleJointGoal
fromStart"
always_committed_session_4_player1,sampleJointGoal_fromStart,3,0.77827449880721,"sampleJointGoal
fromStart"
always_committed_session_4_player1,sampleJointGoal_fromStart,4,0.8017106712502619,"sampleJointGoal
fromStart"
always_committed_session_4_player1,sampleJointGoal_fromStart,5,0.7954750842717617,"sampleJointGoal
fromStart"
always_committed_session_4_player2,sampleJointGoal_fromStart,0,0.5,"sampleJointGoal
fromStart"
always_committed_session_4_player2,sampleJointGoal_fromStart,1,0.6431572958111866,"sampleJointGoal
fromStart"
always_committed_session_4_player2,sampleJointGoal_fromStart,2,0.7203444170344776,"sampleJointGoal
fromStart"
always_committed_session_4_player2,sampleJointGoal_fromStart,3,0.7566102983740159,"sampleJointGoal
fromStart"
always_committed_session_4_player2,sampleJointGoal_fromStart,4,0.8428805034097516,"sampleJointGoal
fromStart"
always_committed_session_4_player2,sampleJointGoal_fromStart,5,0.8527001529679636,"sampleJointGoal
fromStart"
always_committed_session_5_player1,sampleJointGoal_fromStart,0,0.5,"sampleJointGoal
fromStart"
always_committed_session_5_player1,sampleJointGoal_fromStart,1,0.7305457658818646,"sampleJointGoal
fromStart"
always_committed_session_5_player1,sampleJointGoal_fromStart,2,0.7629940782777899,"sampleJointGoal
fromStart"
always_committed_session_5_player1,sampleJointGoal_fromStart,3,0.8339612428147883,"sampleJointGoal
fromStart"
always_committed_session_5_player1,sampleJointGoal_fromStart,4,0.8372701084397032,"sampleJointGoal
fromStart"
always_committed_session_5_player1,sampleJointGoal_fromStart,5,0.8375108999170698,"sampleJointGoal
fromStart"
always_committed_session_5_player2,sampleJointGoal_fromStart,0,0.5,"sampleJointGoal
fromStart"
always_committed_session_5_player2,sampleJointGoal_fromStart,1,0.49910808394007095,"sampleJointGoal
fromStart"
always_committed_session_5_player2,sampleJointGoal_fromStart,2,0.6718403224725376,"sampleJointGoal
fromStart"
always_committed_session_5_player2,sampleJointGoal_fromStart,3,0.8010438074689394,"sampleJointGoal
fromStart"
always_committed_session_5_player2,sampleJointGoal_fromStart,4,0.8149093515908609,"sampleJointGoal
fromStart"
always_committed_session_5_player2,sampleJointGoal_fromStart,5,0.8190167628358437,"sampleJointGoal
fromStart"
always_committed_session_6_player1,sampleJointGoal_fromStart,0,0.5,"sampleJointGoal
fromStart"
always_committed_session_6_player1,sampleJointGoal_fromStart,1,0.6039806227385418,"sampleJointGoal
fromStart"
always_committed_session_6_player1,sampleJointGoal_fromStart,2,0.8494631049915553,"sampleJointGoal
fromStart"
always_committed_session_6_player1,sampleJointGoal_fromStart,3,0.8392284672240713,"sampleJointGoal
fromStart"
always_committed_session_6_player1,sampleJointGoal_fromStart,4,0.8273318399617622,"sampleJointGoal
fromStart"
always_committed_session_6_player1,sampleJointGoal_fromStart,5,0.9953840149004092,"sampleJointGoal
fromStart"
always_committed_session_6_player2,sampleJointGoal_fromStart,0,0.5,"sampleJointGoal
fromStart"
always_committed_session_6_player2,sampleJointGoal_fromStart,1,0.47891935470206504,"sampleJointGoal
fromStart"
always_committed_session_6_player2,sampleJointGoal_fromStart,2,0.7984690225926003,"sampleJointGoal
fromStart"
always_committed_session_6_player2,sampleJointGoal_fromStart,3,0.9242587972658722,"sampleJointGoal
fromStart"
always_committed_session_6_player2,sampleJointGoal_fromStart,4,0.9556511560658268,"sampleJointGoal
fromStart"
always_committed_session_6_player2,sampleJointGoal_fromStart,5,0.999982122794248,"sampleJointGoal
fromStart"
always_committed_session_7_player1,sampleJointGoal_fromStart,0,0.5,"sampleJointGoal
fromStart"
always_committed_session_7_player1,sampleJointGoal_fromStart,1,0.7189341948565948,"sampleJointGoal
fromStart"
always_committed_session_7_player1,sampleJointGoal_fromStart,2,0.8375242107690132,"sampleJointGoal
fromStart"
always_committed_session_7_player1,sampleJointGoal_fromStart,3,0.9990655029557228,"sampleJointGoal
fromStart"
always_committed_session_7_player1,sampleJointGoal_fromStart,4,0.9995305726404226,"sampleJointGoal
fromStart"
always_committed_session_7_player1,sampleJointGoal_fromStart,5,0.9999438109089446,"sampleJointGoal
fromStart"
always_committed_session_7_player2,sampleJointGoal_fromStart,0,0.5,"sampleJointGoal
fromStart"
always_committed_session_7_player2,sampleJointGoal_fromStart,1,0.7119471262303069,"sampleJointGoal
fromStart"
always_committed_session_7_player2,sampleJointGoal_fromStart,2,0.8307911761204326,"sampleJointGoal
fromStart"
always_committed_session_7_player2,sampleJointGoal_fromStart,3,0.8553946656514763,"sampleJointGoal
fromStart"
always_committed_session_7_player2,sampleJointGoal_fromStart,4,0.9170100243096205,"sampleJointGoal
fromStart"
always_committed_session_7_player2,sampleJointGoal_fromStart,5,0.9162605508564607,"sampleJointGoal
fromStart"
always_committed_session_8_player1,sampleJointGoal_fromStart,0,0.5,"sampleJointGoal
fromStart"
always_committed_session_8_player1,sampleJointGoal_fromStart,1,0.5530159773759299,"sampleJointGoal
fromStart"
always_committed_session_8_player1,sampleJointGoal_fromStart,2,0.5931921986976492,"sampleJointGoal
fromStart"
always_committed_session_8_player1,sampleJointGoal_fromStart,3,0.6159201073079681,"sampleJointGoal
fromStart"
always_committed_session_8_player1,sampleJointGoal_fromStart,4,0.6364725423804207,"sampleJointGoal
fromStart"
always_committed_session_8_player1,sampleJointGoal_fromStart,5,0.7791901672139177,"sampleJointGoal
fromStart"
always_committed_session_8_player2,sampleJointGoal_fromStart,0,0.5,"sampleJointGoal
fromStart"
always_committed_session_8_player2,sampleJointGoal_fromStart,1,0.5033347781798136,"sampleJointGoal
fromStart"
always_committed_session_8_player2,sampleJointGoal_fromStart,2,0.5586840351319287,"sampleJointGoal
fromStart"
always_committed_session_8_player2,sampleJointGoal_fromStart,3,0.6561363423166088,"sampleJointGoal
fromStart"
always_committed_session_8_player2,sampleJointGoal_fromStart,4,0.7908448111601439,"sampleJointGoal
fromStart"
always_committed_session_8_player2,sampleJointGoal_fromStart,5,0.9036352558383092,"sampleJointGoal
fromStart"
always_committed_session_9_player1,sampleJointGoal_fromStart,0,0.5,"sampleJointGoal
fromStart"
always_committed_session_9_player1,sampleJointGoal_fromStart,1,0.7324702700435634,"sampleJointGoal
fromStart"
always_committed_session_9_player1,sampleJointGoal_fromStart,2,0.7757739171524173,"sampleJointGoal
fromStart"
always_committed_session_9_player1,sampleJointGoal_fromStart,3,0.8256373674132599,"sampleJointGoal
fromStart"
always_committed_session_9_player1,sampleJointGoal_fromStart,4,0.8359994350035744,"sampleJointGoal
fromStart"
always_committed_session_9_player1,sampleJointGoal_fromStart,5,0.9597057073368293,"sampleJointGoal
fromStart"
always_committed_session_9_player2,sampleJointGoal_fromStart,0,0.5,"sampleJointGoal
fromStart"
always_committed_session_9_player2,sampleJointGoal_fromStart,1,0.6109941298970212,"sampleJointGoal
fromStart"
always_committed_session_9_player2,sampleJointGoal_fromStart,2,0.6236105011113668,"sampleJointGoal
fromStart"
always_committed_session_9_player2,sampleJointGoal_fromStart,3,0.6668462765462688,"sampleJointGoal
fromStart"
always_committed_session_9_player2,sampleJointGoal_fromStart,4,0.7740693850999919,"sampleJointGoal
fromStart"
always_committed_session_9_player2,sampleJointGoal_fromStart,5,0.7737861223897503,"sampleJointGoal
fromStart"
human_1d1f4cf9-e5f0-4ef5-8d74-ab6b134f25eb_player1,Human-Human,0,0.5,Human-Human
human_1d1f4cf9-e5f0-4ef5-8d74-ab6b134f25eb_player1,Human-Human,1,0.7753724005722413,Human-Human
human_1d1f4cf9-e5f0-4ef5-8d74-ab6b134f25eb_player1,Human-Human,2,0.8000690098277583,Human-Human
human_1d1f4cf9-e5f0-4ef5-8d74-ab6b134f25eb_player1,Human-Human,3,0.8148736655554164,Human-Human
human_1d1f4cf9-e5f0-4ef5-8d74-ab6b134f25eb_player1,Human-Human,4,0.7884378526462908,Human-Human
human_1d1f4cf9-e5f0-4ef5-8d74-ab6b134f25eb_player1,Human-Human,5,0.48994133399258255,Human-Human
human_1d1f4cf9-e5f0-4ef5-8d74-ab6b134f25eb_player2,Human-Human,0,0.5,Human-Human
human_1d1f4cf9-e5f0-4ef5-8d74-ab6b134f25eb_player2,Human-Human,1,0.7813696514842347,Human-Human
human_1d1f4cf9-e5f0-4ef5-8d74-ab6b134f25eb_player2,Human-Human,2,0.8072556339908187,Human-Human
human_1d1f4cf9-e5f0-4ef5-8d74-ab6b134f25eb_player2,Human-Human,3,0.8335757777859918,Human-Human
human_1d1f4cf9-e5f0-4ef5-8d74-ab6b134f25eb_player2,Human-Human,4,0.807708714909498,Human-Human
human_1d1f4cf9-e5f0-4ef5-8d74-ab6b134f25eb_player2,Human-Human,5,0.8091731057478871,Human-Human
human_2ed9e54f-be52-49b9-a758-abb5f5ef5150_player1,Human-Human,0,0.5,Human-Human
human_2ed9e54f-be52-49b9-a758-abb5f5ef5150_player1,Human-Human,1,0.7761361721629222,Human-Human
human_2ed9e54f-be52-49b9-a758-abb5f5ef5150_player1,Human-Human,2,0.9196426335493134,Human-Human
human_2ed9e54f-be52-49b9-a758-abb5f5ef5150_player1,Human-Human,3,0.9376260179316017,Human-Human
human_2ed9e54f-be52-49b9-a758-abb5f5ef5150_player1,Human-Human,4,0.9979182563645986,Human-Human
human_2ed9e54f-be52-49b9-a758-abb5f5ef5150_player1,Human-Human,5,0.99711173981797,Human-Human
human_2ed9e54f-be52-49b9-a758-abb5f5ef5150_player2,Human-Human,0,0.5,Human-Human
human_2ed9e54f-be52-49b9-a758-abb5f5ef5150_player2,Human-Human,1,0.6348365412843425,Human-Human
human_2ed9e54f-be52-49b9-a758-abb5f5ef5150_player2,Human-Human,2,0.879388908063792,Human-Human
human_2ed9e54f-be52-49b9-a758-abb5f5ef5150_player2,Human-Human,3,0.9353877354873643,Human-Human
human_2ed9e54f-be52-49b9-a758-abb5f5ef5150_player2,Human-Human,4,0.9999448957327775,Human-Human
human_2ed9e54f-be52-49b9-a758-abb5f5ef5150_player2,Human-Human,5,0.9999650306502552,Human-Human
human_31e13002-490a-484d-a0f6-1781673d477a_player1,Human-Human,0,0.5,Human-Human
human_31e13002-490a-484d-a0f6-1781673d477a_player1,Human-Human,1,0.8698209994054366,Human-Human
human_31e13002-490a-484d-a0f6-1781673d477a_player1,Human-Human,2,0.971809269416133,Human-Human
human_31e13002-490a-484d-a0f6-1781673d477a_player1,Human-Human,3,0.9849573980782587,Human-Human
human_31e13002-490a-484d-a0f6-1781673d477a_player1,Human-Human,4,0.9953953082871304,Human-Human
human_31e13002-490a-484d-a0f6-1781673d477a_player1,Human-Human,5,0.9999831612996576,Human-Human
human_31e13002-490a-484d-a0f6-1781673d477a_player2,Human-Human,0,0.5,Human-Human
human_31e13002-490a-484d-a0f6-1781673d477a_player2,Human-Human,1,0.9166636548980519,Human-Human
human_31e13002-490a-484d-a0f6-1781673d477a_player2,Human-Human,2,0.999991097505123,Human-Human
human_31e13002-490a-484d-a0f6-1781673d477a_player2,Human-Human,3,0.9999973847217686,Human-Human
human_31e13002-490a-484d-a0f6-1781673d477a_player2,Human-Human,4,0.9999987029548195,Human-Human
human_31e13002-490a-484d-a0f6-1781673d477a_player2,Human-Human,5,0.9999989132307652,Human-Human
human_6558f174-56b6-4592-b53b-bf9ff8c7f3ca_player1,Human-Human,0,0.5,Human-Human
human_6558f174-56b6-4592-b53b-bf9ff8c7f3ca_player1,Human-Human,1,0.5155175386714133,Human-Human
human_6558f174-56b6-4592-b53b-bf9ff8c7f3ca_player1,Human-Human,2,0.5396888194205918,Human-Human
human_6558f174-56b6-4592-b53b-bf9ff8c7f3ca_player1,Human-Human,3,0.8197170562106179,Human-Human
human_6558f174-56b6-4592-b53b-bf9ff8c7f3ca_player1,Human-Human,4,0.8580452373621491,Human-Human
human_6558f174-56b6-4592-b53b-bf9ff8c7f3ca_player1,Human-Human,5,0.9476784474204049,Human-Human
human_6558f174-56b6-4592-b53b-bf9ff8c7f3ca_player2,Human-Human,0,0.5,Human-Human
human_6558f174-56b6-4592-b53b-bf9ff8c7f3ca_player2,Human-Human,1,0.9382053904741786,Human-Human
human_6558f174-56b6-4592-b53b-bf9ff8c7f3ca_player2,Human-Human,2,0.9328167488788431,Human-Human
human_6558f174-56b6-4592-b53b-bf9ff8c7f3ca_player2,Human-Human,3,0.9978152807249868,Human-Human
human_6558f174-56b6-4592-b53b-bf9ff8c7f3ca_player2,Human-Human,4,0.9985066387843025,Human-Human
human_6558f174-56b6-4592-b53b-bf9ff8c7f3ca_player2,Human-Human,5,0.9990054005688478,Human-Human
human_6b3ca33d-6a91-4de7-aaef-b55bcb13d712_player1,Human-Human,0,0.5,Human-Human
human_6b3ca33d-6a91-4de7-aaef-b55bcb13d712_player1,Human-Human,1,0.6452399842696275,Human-Human
human_6b3ca33d-6a91-4de7-aaef-b55bcb13d712_player1,Human-Human,2,0.752713449494831,Human-Human
human_6b3ca33d-6a91-4de7-aaef-b55bcb13d712_player1,Human-Human,3,0.8122070318271094,Human-Human
human_6b3ca33d-6a91-4de7-aaef-b55bcb13d712_player1,Human-Human,4,0.8336395498318733,Human-Human
human_6b3ca33d-6a91-4de7-aaef-b55bcb13d712_player1,Human-Human,5,0.7506408057646151,Human-Human
human_6b3ca33d-6a91-4de7-aaef-b55bcb13d712_player2,Human-Human,0,0.5,Human-Human
human_6b3ca33d-6a91-4de7-aaef-b55bcb13d712_player2,Human-Human,1,0.6906300889704988,Human-Human
human_6b3ca33d-6a91-4de7-aaef-b55bcb13d712_player2,Human-Human,2,0.7224755644667727,Human-Human
human_6b3ca33d-6a91-4de7-aaef-b55bcb13d712_player2,Human-Human,3,0.7968879646197755,Human-Human
human_6b3ca33d-6a91-4de7-aaef-b55bcb13d712_player2,Human-Human,4,0.7344245221850207,Human-Human
human_6b3ca33d-6a91-4de7-aaef-b55bcb13d712_player2,Human-Human,5,0.8561034376496299,Human-Human
human_74ea1778-cc30-4c70-92fe-ee112edef228_player1,Human-Human,0,0.5,Human-Human
human_74ea1778-cc30-4c70-92fe-ee112edef228_player1,Human-Human,1,0.5837834128861178,Human-Human
human_74ea1778-cc30-4c70-92fe-ee112edef228_player1,Human-Human,2,0.6415382311805775,Human-Human
human_74ea1778-cc30-4c70-92fe-ee112edef228_player1,Human-Human,3,0.8529131031975801,Human-Human
human_74ea1778-cc30-4c70-92fe-ee112edef228_player1,Human-Human,4,0.8705190247915509,Human-Human
human_74ea1778-cc30-4c70-92fe-ee112edef228_player1,Human-Human,5,0.8853069753331478,Human-Human
human_74ea1778-cc30-4c70-92fe-ee112edef228_player2,Human-Human,0,0.5,Human-Human
human_74ea1778-cc30-4c70-92fe-ee112edef228_player2,Human-Human,1,0.7613381126135931,Human-Human
human_74ea1778-cc30-4c70-92fe-ee112edef228_player2,Human-Human,2,0.5357100111121449,Human-Human
human_74ea1778-cc30-4c70-92fe-ee112edef228_player2,Human-Human,3,0.8658955974560598,Human-Human
human_74ea1778-cc30-4c70-92fe-ee112edef228_player2,Human-Human,4,0.8422306528947353,Human-Human
human_74ea1778-cc30-4c70-92fe-ee112edef228_player2,Human-Human,5,0.8667917637498794,Human-Human
human_975b16bb-4262-4523-94e3-02521faeb953_player1,Human-Human,0,0.5,Human-Human
human_975b16bb-4262-4523-94e3-02521faeb953_player1,Human-Human,1,0.8112130322033103,Human-Human
human_975b16bb-4262-4523-94e3-02521faeb953_player1,Human-Human,2,0.8176811309403665,Human-Human
human_975b16bb-4262-4523-94e3-02521faeb953_player1,Human-Human,3,0.7488902481826186,Human-Human
human_975b16bb-4262-4523-94e3-02521faeb953_player1,Human-Human,4,0.7736124714971184,Human-Human
human_975b16bb-4262-4523-94e3-02521faeb953_player1,Human-Human,5,0.683820319863971,Human-Human
human_975b16bb-4262-4523-94e3-02521faeb953_player2,Human-Human,0,0.5,Human-Human
human_975b16bb-4262-4523-94e3-02521faeb953_player2,Human-Human,1,0.7859932322063092,Human-Human
human_975b16bb-4262-4523-94e3-02521faeb953_player2,Human-Human,2,0.7438094961068201,Human-Human
human_975b16bb-4262-4523-94e3-02521faeb953_player2,Human-Human,3,0.6972368387865797,Human-Human
human_975b16bb-4262-4523-94e3-02521faeb953_player2,Human-Human,4,0.8494601576567635,Human-Human
human_975b16bb-4262-4523-94e3-02521faeb953_player2,Human-Human,5,0.8416218241168073,Human-Human
human_9efbe63f-05a0-4f24-b469-a246d7732c10_player1,Human-Human,0,0.5,Human-Human
human_9efbe63f-05a0-4f24-b469-a246d7732c10_player1,Human-Human,1,0.5428485938411582,Human-Human
human_9efbe63f-05a0-4f24-b469-a246d7732c10_player1,Human-Human,2,0.46705186161718426,Human-Human
human_9efbe63f-05a0-4f24-b469-a246d7732c10_player1,Human-Human,3,0.2915837619911025,Human-Human
human_9efbe63f-05a0-4f24-b469-a246d7732c10_player1,Human-Human,4,0.5066312081243151,Human-Human
human_9efbe63f-05a0-4f24-b469-a246d7732c10_player1,Human-Human,5,0.607260403900662,Human-Human
human_9efbe63f-05a0-4f24-b469-a246d7732c10_player2,Human-Human,0,0.5,Human-Human
human_9efbe63f-05a0-4f24-b469-a246d7732c10_player2,Human-Human,1,0.5138557783527826,Human-Human
human_9efbe63f-05a0-4f24-b469-a246d7732c10_player2,Human-Human,2,0.4464375842764811,Human-Human
human_9efbe63f-05a0-4f24-b469-a246d7732c10_player2,Human-Human,3,0.45215703137422025,Human-Human
human_9efbe63f-05a0-4f24-b469-a246d7732c10_player2,Human-Human,4,0.6346464316373305,Human-Human
human_9efbe63f-05a0-4f24-b469-a246d7732c10_player2,Human-Human,5,0.6827237478842108,Human-Human
human_a5a659ea-c541-4c54-9bad-d736222acbb9_player1,Human-Human,0,0.5,Human-Human
human_a5a659ea-c541-4c54-9bad-d736222acbb9_player1,Human-Human,1,0.8109370851572276,Human-Human
human_a5a659ea-c541-4c54-9bad-d736222acbb9_player1,Human-Human,2,0.8377051207417072,Human-Human
human_a5a659ea-c541-4c54-9bad-d736222acbb9_player1,Human-Human,3,0.8458849047662252,Human-Human
human_a5a659ea-c541-4c54-9bad-d736222acbb9_player1,Human-Human,4,0.9999999999988577,Human-Human
human_a5a659ea-c541-4c54-9bad-d736222acbb9_player1,Human-Human,5,0.9999999999999986,Human-Human
human_a5a659ea-c541-4c54-9bad-d736222acbb9_player2,Human-Human,0,0.5,Human-Human
human_a5a659ea-c541-4c54-9bad-d736222acbb9_player2,Human-Human,1,0.8876035869760586,Human-Human
human_a5a659ea-c541-4c54-9bad-d736222acbb9_player2,Human-Human,2,0.9999886519356391,Human-Human
human_a5a659ea-c541-4c54-9bad-d736222acbb9_player2,Human-Human,3,0.9999999972205954,Human-Human
human_a5a659ea-c541-4c54-9bad-d736222acbb9_player2,Human-Human,4,0.9999999999986495,Human-Human
human_a5a659ea-c541-4c54-9bad-d736222acbb9_player2,Human-Human,5,0.9999999999999981,Human-Human
human_a9a91c71-c38b-4e78-9be4-3c2f5c450004_player1,Human-Human,0,0.5,Human-Human
human_a9a91c71-c38b-4e78-9be4-3c2f5c450004_player1,Human-Human,1,0.7564304137886128,Human-Human
human_a9a91c71-c38b-4e78-9be4-3c2f5c450004_player1,Human-Human,2,0.882109174600176,Human-Human
human_a9a91c71-c38b-4e78-9be4-3c2f5c450004_player1,Human-Human,3,0.9999531532211028,Human-Human
human_a9a91c71-c38b-4e78-9be4-3c2f5c450004_player1,Human-Human,4,0.9999999614800203,Human-Human
human_a9a91c71-c38b-4e78-9be4-3c2f5c450004_player1,Human-Human,5,0.9999999663687967,Human-Human
human_a9a91c71-c38b-4e78-9be4-3c2f5c450004_player2,Human-Human,0,0.5,Human-Human
human_a9a91c71-c38b-4e78-9be4-3c2f5c450004_player2,Human-Human,1,0.7127064962947324,Human-Human
human_a9a91c71-c38b-4e78-9be4-3c2f5c450004_player2,Human-Human,2,0.7178349775205213,Human-Human
human_a9a91c71-c38b-4e78-9be4-3c2f5c450004_player2,Human-Human,3,0.7885317633479214,Human-Human
human_a9a91c71-c38b-4e78-9be4-3c2f5c450004_player2,Human-Human,4,0.748315954607475,Human-Human
human_a9a91c71-c38b-4e78-9be4-3c2f5c450004_player2,Human-Human,5,0.7500875685661739,Human-Human
human_b40d6c2e-46aa-4680-8f62-ef715fd65b79_player1,Human-Human,0,0.5,Human-Human
human_b40d6c2e-46aa-4680-8f62-ef715fd65b79_player1,Human-Human,1,0.7446030106840296,Human-Human
human_b40d6c2e-46aa-4680-8f62-ef715fd65b79_player1,Human-Human,2,0.8669334847170782,Human-Human
human_b40d6c2e-46aa-4680-8f62-ef715fd65b79_player1,Human-Human,3,0.9360871968227839,Human-Human
human_b40d6c2e-46aa-4680-8f62-ef715fd65b79_player1,Human-Human,4,0.9871086118125993,Human-Human
human_b40d6c2e-46aa-4680-8f62-ef715fd65b79_player1,Human-Human,5,0.9926126166901719,Human-Human
human_b40d6c2e-46aa-4680-8f62-ef715fd65b79_player2,Human-Human,0,0.5,Human-Human
human_b40d6c2e-46aa-4680-8f62-ef715fd65b79_player2,Human-Human,1,0.8443701685402859,Human-Human
human_b40d6c2e-46aa-4680-8f62-ef715fd65b79_player2,Human-Human,2,0.9050782206720166,Human-Human
human_b40d6c2e-46aa-4680-8f62-ef715fd65b79_player2,Human-Human,3,0.9518954298818313,Human-Human
human_b40d6c2e-46aa-4680-8f62-ef715fd65b79_player2,Human-Human,4,0.9937444674004069,Human-Human
human_b40d6c2e-46aa-4680-8f62-ef715fd65b79_player2,Human-Human,5,0.9982681890435353,Human-Human
human_bf70b991-4d12-4b4f-9ce5-57687e7d0c35_player1,Human-Human,0,0.5,Human-Human
human_bf70b991-4d12-4b4f-9ce5-57687e7d0c35_player1,Human-Human,1,0.6653941544085824,Human-Human
human_bf70b991-4d12-4b4f-9ce5-57687e7d0c35_player1,Human-Human,2,0.515781630719061,Human-Human
human_bf70b991-4d12-4b4f-9ce5-57687e7d0c35_player1,Human-Human,3,0.8639050780400473,Human-Human
human_bf70b991-4d12-4b4f-9ce5-57687e7d0c35_player1,Human-Human,4,0.9986925232097811,Human-Human
human_bf70b991-4d12-4b4f-9ce5-57687e7d0c35_player1,Human-Human,5,0.9999999995554932,Human-Human
human_bf70b991-4d12-4b4f-9ce5-57687e7d0c35_player2,Human-Human,0,0.5,Human-Human
human_bf70b991-4d12-4b4f-9ce5-57687e7d0c35_player2,Human-Human,1,0.5851448231126597,Human-Human
human_bf70b991-4d12-4b4f-9ce5-57687e7d0c35_player2,Human-Human,2,0.5975731614778987,Human-Human
human_bf70b991-4d12-4b4f-9ce5-57687e7d0c35_player2,Human-Human,3,0.7960711011956083,Human-Human
human_bf70b991-4d12-4b4f-9ce5-57687e7d0c35_player2,Human-Human,4,0.7934580662663224,Human-Human
human_bf70b991-4d12-4b4f-9ce5-57687e7d0c35_player2,Human-Human,5,0.991512300240777,Human-Human
human_c252dec7-11a7-48c1-9696-691e0511cbc2_player1,Human-Human,0,0.5,Human-Human
human_c252dec7-11a7-48c1-9696-691e0511cbc2_player1,Human-Human,1,0.8242338009869487,Human-Human
human_c252dec7-11a7-48c1-9696-691e0511cbc2_player1,Human-Human,2,0.7557077784743521,Human-Human
human_c252dec7-11a7-48c1-9696-691e0511cbc2_player1,Human-Human,3,0.7453325295081263,Human-Human
human_c252dec7-11a7-48c1-9696-691e0511cbc2_player1,Human-Human,4,0.7142633780597542,Human-Human
human_c252dec7-11a7-48c1-9696-691e0511cbc2_player1,Human-Human,5,0.7142855226979189,Human-Human
human_c252dec7-11a7-48c1-9696-691e0511cbc2_player2,Human-Human,0,0.5,Human-Human
human_c252dec7-11a7-48c1-9696-691e0511cbc2_player2,Human-Human,1,0.808429627270552,Human-Human
human_c252dec7-11a7-48c1-9696-691e0511cbc2_player2,Human-Human,2,0.9088453245493854,Human-Human
human_c252dec7-11a7-48c1-9696-691e0511cbc2_player2,Human-Human,3,0.8945331809854995,Human-Human
human_c252dec7-11a7-48c1-9696-691e0511cbc2_player2,Human-Human,4,0.8749998505808476,Human-Human
human_c252dec7-11a7-48c1-9696-691e0511cbc2_player2,Human-Human,5,0.8855307590513734,Human-Human
human_c70d7765-1724-49bf-9fed-d8647822e9f2_player1,Human-Human,0,0.5,Human-Human
human_c70d7765-1724-49bf-9fed-d8647822e9f2_player1,Human-Human,1,0.9021994812251801,Human-Human
human_c70d7765-1724-49bf-9fed-d8647822e9f2_player1,Human-Human,2,0.9458434958175642,Human-Human
human_c70d7765-1724-49bf-9fed-d8647822e9f2_player1,Human-Human,3,0.93974762641972,Human-Human
human_c70d7765-1724-49bf-9fed-d8647822e9f2_player1,Human-Human,4,0.9404531247744123,Human-Human
human_c70d7765-1724-49bf-9fed-d8647822e9f2_player1,Human-Human,5,0.9380555764309033,Human-Human
human_c70d7765-1724-49bf-9fed-d8647822e9f2_player2,Human-Human,0,0.5,Human-Human
human_c70d7765-1724-49bf-9fed-d8647822e9f2_player2,Human-Human,1,0.7733160879888618,Human-Human
human_c70d7765-1724-49bf-9fed-d8647822e9f2_player2,Human-Human,2,0.857531732421636,Human-Human
human_c70d7765-1724-49bf-9fed-d8647822e9f2_player2,Human-Human,3,0.9482938454138643,Human-Human
human_c70d7765-1724-49bf-9fed-d8647822e9f2_player2,Human-Human,4,0.9939049012116998,Human-Human
human_c70d7765-1724-49bf-9fed-d8647822e9f2_player2,Human-Human,5,0.9971671394944114,Human-Human
human_cb6a41aa-0534-4a15-86a4-80d9c232a01e_player1,Human-Human,0,0.5,Human-Human
human_cb6a41aa-0534-4a15-86a4-80d9c232a01e_player1,Human-Human,1,0.7705536318588345,Human-Human
human_cb6a41aa-0534-4a15-86a4-80d9c232a01e_player1,Human-Human,2,0.6353957035113986,Human-Human
human_cb6a41aa-0534-4a15-86a4-80d9c232a01e_player1,Human-Human,3,0.7705379915171859,Human-Human
human_cb6a41aa-0534-4a15-86a4-80d9c232a01e_player1,Human-Human,4,0.9999998766674129,Human-Human
human_cb6a41aa-0534-4a15-86a4-80d9c232a01e_player1,Human-Human,5,0.9999999999999997,Human-Human
human_cb6a41aa-0534-4a15-86a4-80d9c232a01e_player2,Human-Human,0,0.5,Human-Human
human_cb6a41aa-0534-4a15-86a4-80d9c232a01e_player2,Human-Human,1,0.7704920924250835,Human-Human
human_cb6a41aa-0534-4a15-86a4-80d9c232a01e_player2,Human-Human,2,0.6401875259219563,Human-Human
human_cb6a41aa-0534-4a15-86a4-80d9c232a01e_player2,Human-Human,3,0.7797433210428061,Human-Human
human_cb6a41aa-0534-4a15-86a4-80d9c232a01e_player2,Human-Human,4,0.9999998766674129,Human-Human
human_cb6a41aa-0534-4a15-86a4-80d9c232a01e_player2,Human-Human,5,0.9999999999999997,Human-Human
human_dbe27c5c-9678-4808-9506-13690c5d442a_player1,Human-Human,0,0.5,Human-Human
human_dbe27c5c-9678-4808-9506-13690c5d442a_player1,Human-Human,1,0.8578270080062492,Human-Human
human_dbe27c5c-9678-4808-9506-13690c5d442a_player1,Human-Human,2,0.8815164765791388,Human-Human
human_dbe27c5c-9678-4808-9506-13690c5d442a_player1,Human-Human,3,0.9999654798834252,Human-Human
human_dbe27c5c-9678-4808-9506-13690c5d442a_player1,Human-Human,4,0.9999599505553097,Human-Human
human_dbe27c5c-9678-4808-9506-13690c5d442a_player1,Human-Human,5,0.9999489101619455,Human-Human
human_dbe27c5c-9678-4808-9506-13690c5d442a_player2,Human-Human,0,0.5,Human-Human
human_dbe27c5c-9678-4808-9506-13690c5d442a_player2,Human-Human,1,0.45190365716632247,Human-Human
human_dbe27c5c-9678-4808-9506-13690c5d442a_player2,Human-Human,2,0.5651954908894489,Human-Human
human_dbe27c5c-9678-4808-9506-13690c5d442a_player2,Human-Human,3,0.7104627779531033,Human-Human
human_dbe27c5c-9678-4808-9506-13690c5d442a_player2,Human-Human,4,0.9999172847024962,Human-Human
human_dbe27c5c-9678-4808-9506-13690c5d442a_player2,Human-Human,5,0.9998949304103147,Human-Human
session_0_player1,TwoStageSignalAgent_sigmoidThreshold,0,0.5,"TwoStageSignal
sigmoidThreshold"
session_0_player1,TwoStageSignalAgent_sigmoidThreshold,1,0.6668788128520302,"TwoStageSignal
sigmoidThreshold"
session_0_player1,TwoStageSignalAgent_sigmoidThreshold,2,0.8308177323215485,"TwoStageSignal
sigmoidThreshold"
session_0_player1,TwoStageSignalAgent_sigmoidThreshold,3,0.8258310664940798,"TwoStageSignal
sigmoidThreshold"
session_0_player1,TwoStageSignalAgent_sigmoidThreshold,4,0.8870359381923125,"TwoStageSignal
sigmoidThreshold"
session_0_player1,TwoStageSignalAgent_sigmoidThreshold,5,0.8966422226033364,"TwoStageSignal
sigmoidThreshold"
session_0_player1,sampleJointGoalAndRSASignal_fromStart,0,0.5,"shared-agency
communicative
action mixture
fromStart"
session_0_player1,sampleJointGoalAndRSASignal_fromStart,1,0.6892558835353819,"shared-agency
communicative
action mixture
fromStart"
session_0_player1,sampleJointGoalAndRSASignal_fromStart,2,0.7641335664925221,"shared-agency
communicative
action mixture
fromStart"
session_0_player1,sampleJointGoalAndRSASignal_fromStart,3,0.774938621412093,"shared-agency
communicative
action mixture
fromStart"
session_0_player1,sampleJointGoalAndRSASignal_fromStart,4,0.8246245965708529,"shared-agency
communicative
action mixture
fromStart"
session_0_player1,sampleJointGoalAndRSASignal_fromStart,5,0.8532474407633975,"shared-agency
communicative
action mixture
fromStart"
session_0_player1,sampleJointGoalAndSignal_afterNewGoal,0,0.5,"sampleJointGoal+Signal
afterNewGoal"
session_0_player1,sampleJointGoalAndSignal_afterNewGoal,1,0.6177771598757007,"sampleJointGoal+Signal
afterNewGoal"
session_0_player1,sampleJointGoalAndSignal_afterNewGoal,2,0.5964608122746626,"sampleJointGoal+Signal
afterNewGoal"
session_0_player1,sampleJointGoalAndSignal_afterNewGoal,3,0.7526532634888629,"sampleJointGoal+Signal
afterNewGoal"
session_0_player1,sampleJointGoalAndSignal_afterNewGoal,4,0.8630373571164256,"sampleJointGoal+Signal
afterNewGoal"
session_0_player1,sampleJointGoalAndSignal_afterNewGoal,5,0.8730376271191232,"sampleJointGoal+Signal
afterNewGoal"
session_0_player1,sampleJointGoalAndSignal_fromStart,0,0.5,"sampleJointGoal+Signal
fromStart"
session_0_player1,sampleJointGoalAndSignal_fromStart,1,0.7163471816964562,"sampleJointGoal+Signal
fromStart"
session_0_player1,sampleJointGoalAndSignal_fromStart,2,0.9247933407826051,"sampleJointGoal+Signal
fromStart"
session_0_player1,sampleJointGoalAndSignal_fromStart,3,0.9292117995509658,"sampleJointGoal+Signal
fromStart"
session_0_player1,sampleJointGoalAndSignal_fromStart,4,0.9304281963507967,"sampleJointGoal+Signal
fromStart"
session_0_player1,sampleJointGoalAndSignal_fromStart,5,0.9357729407257489,"sampleJointGoal+Signal
fromStart"
session_0_player1,sampleJointGoal_afterNewGoal,0,0.5,"sampleJointGoal
afterNewGoal"
session_0_player1,sampleJointGoal_afterNewGoal,1,0.6397250994412719,"sampleJointGoal
afterNewGoal"
session_0_player1,sampleJointGoal_afterNewGoal,2,0.7072044208681466,"sampleJointGoal
afterNewGoal"
session_0_player1,sampleJointGoal_afterNewGoal,3,0.8375118124258037,"sampleJointGoal
afterNewGoal"
session_0_player1,sampleJointGoal_afterNewGoal,4,0.8401883786561284,"sampleJointGoal
afterNewGoal"
session_0_player1,sampleJointGoal_afterNewGoal,5,0.8342759305279392,"sampleJointGoal
afterNewGoal"
session_0_player1,samplePosteriorOnlyGoalAndSignal_fromStart,0,0.5,"samplePosteriorOnlyGoal+Signal
fromStart"
session_0_player1,samplePosteriorOnlyGoalAndSignal_fromStart,1,0.7645224066246525,"samplePosteriorOnlyGoal+Signal
fromStart"
session_0_player1,samplePosteriorOnlyGoalAndSignal_fromStart,2,0.8746216288356435,"samplePosteriorOnlyGoal+Signal
fromStart"
session_0_player1,samplePosteriorOnlyGoalAndSignal_fromStart,3,0.8818843955602832,"samplePosteriorOnlyGoal+Signal
fromStart"
session_0_player1,samplePosteriorOnlyGoalAndSignal_fromStart,4,0.8813878105887303,"samplePosteriorOnlyGoal+Signal
fromStart"
session_0_player1,samplePosteriorOnlyGoalAndSignal_fromStart,5,0.8806900706646212,"samplePosteriorOnlyGoal+Signal
fromStart"
session_0_player2,TwoStageSignalAgent_sigmoidThreshold,0,0.5,"TwoStageSignal
sigmoidThreshold"
session_0_player2,TwoStageSignalAgent_sigmoidThreshold,1,0.615611697658156,"TwoStageSignal
sigmoidThreshold"
session_0_player2,TwoStageSignalAgent_sigmoidThreshold,2,0.75276123550957,"TwoStageSignal
sigmoidThreshold"
session_0_player2,TwoStageSignalAgent_sigmoidThreshold,3,0.8037595138175182,"TwoStageSignal
sigmoidThreshold"
session_0_player2,TwoStageSignalAgent_sigmoidThreshold,4,0.9355300953353846,"TwoStageSignal
sigmoidThreshold"
session_0_player2,TwoStageSignalAgent_sigmoidThreshold,5,0.9347437031525238,"TwoStageSignal
sigmoidThreshold"
session_0_player2,sampleJointGoalAndRSASignal_fromStart,0,0.5,"shared-agency
communicative
action mixture
fromStart"
session_0_player2,sampleJointGoalAndRSASignal_fromStart,1,0.654260263782338,"shared-agency
communicative
action mixture
fromStart"
session_0_player2,sampleJointGoalAndRSASignal_fromStart,2,0.6949999151738017,"shared-agency
communicative
action mixture
fromStart"
session_0_player2,sampleJointGoalAndRSASignal_fromStart,3,0.5546750804683711,"shared-agency
communicative
action mixture
fromStart"
session_0_player2,sampleJointGoalAndRSASignal_fromStart,4,0.6698852135125604,"shared-agency
communicative
action mixture
fromStart"
session_0_player2,sampleJointGoalAndRSASignal_fromStart,5,0.7553513098933305,"shared-agency
communicative
action mixture
fromStart"
session_0_player2,sampleJointGoalAndSignal_afterNewGoal,0,0.5,"sampleJointGoal+Signal
afterNewGoal"
session_0_player2,sampleJointGoalAndSignal_afterNewGoal,1,0.7744183906115928,"sampleJointGoal+Signal
afterNewGoal"
session_0_player2,sampleJointGoalAndSignal_afterNewGoal,2,0.7780617955395137,"sampleJointGoal+Signal
afterNewGoal"
session_0_player2,sampleJointGoalAndSignal_afterNewGoal,3,0.7799742888285787,"sampleJointGoal+Signal
afterNewGoal"
session_0_player2,sampleJointGoalAndSignal_afterNewGoal,4,0.7543004936304862,"sampleJointGoal+Signal
afterNewGoal"
session_0_player2,sampleJointGoalAndSignal_afterNewGoal,5,0.8110687376615325,"sampleJointGoal+Signal
afterNewGoal"
session_0_player2,sampleJointGoalAndSignal_fromStart,0,0.5,"sampleJointGoal+Signal
fromStart"
session_0_player2,sampleJointGoalAndSignal_fromStart,1,0.8619061419352292,"sampleJointGoal+Signal
fromStart"
session_0_player2,sampleJointGoalAndSignal_fromStart,2,0.8880356586553891,"sampleJointGoal+Signal
fromStart"
session_0_player2,sampleJointGoalAndSignal_fromStart,3,0.9296835183083816,"sampleJointGoal+Signal
fromStart"
session_0_player2,sampleJointGoalAndSignal_fromStart,4,0.9416512425961893,"sampleJointGoal+Signal
fromStart"
session_0_player2,sampleJointGoalAndSignal_fromStart,5,0.9419516220574994,"sampleJointGoal+Signal
fromStart"
session_0_player2,sampleJointGoal_afterNewGoal,0,0.5,"sampleJointGoal
afterNewGoal"
session_0_player2,sampleJointGoal_afterNewGoal,1,0.6432125386971885,"sampleJointGoal
afterNewGoal"
session_0_player2,sampleJointGoal_afterNewGoal,2,0.6993757875280716,"sampleJointGoal
afterNewGoal"
session_0_player2,sampleJointGoal_afterNewGoal,3,0.7251881586773953,"sampleJointGoal
afterNewGoal"
session_0_player2,sampleJointGoal_afterNewGoal,4,0.7501043402435725,"sampleJointGoal
afterNewGoal"
session_0_player2,sampleJointGoal_afterNewGoal,5,0.7572830998717963,"sampleJointGoal
afterNewGoal"
session_0_player2,samplePosteriorOnlyGoalAndSignal_fromStart,0,0.5,"samplePosteriorOnlyGoal+Signal
fromStart"
session_0_player2,samplePosteriorOnlyGoalAndSignal_fromStart,1,0.8382255256827651,"samplePosteriorOnlyGoal+Signal
fromStart"
session_0_player2,samplePosteriorOnlyGoalAndSignal_fromStart,2,0.8511097156664232,"samplePosteriorOnlyGoal+Signal
fromStart"
session_0_player2,samplePosteriorOnlyGoalAndSignal_fromStart,3,0.8611377603388889,"samplePosteriorOnlyGoal+Signal
fromStart"
session_0_player2,samplePosteriorOnlyGoalAndSignal_fromStart,4,0.8678931871418055,"samplePosteriorOnlyGoal+Signal
fromStart"
session_0_player2,samplePosteriorOnlyGoalAndSignal_fromStart,5,0.8720384946960879,"samplePosteriorOnlyGoal+Signal
fromStart"
session_10_player1,TwoStageSignalAgent_sigmoidThreshold,0,0.5,"TwoStageSignal
sigmoidThreshold"
session_10_player1,TwoStageSignalAgent_sigmoidThreshold,1,0.7087055408616568,"TwoStageSignal
sigmoidThreshold"
session_10_player1,TwoStageSignalAgent_sigmoidThreshold,2,0.8292931431906081,"TwoStageSignal
sigmoidThreshold"
session_10_player1,TwoStageSignalAgent_sigmoidThreshold,3,0.8971867373988525,"TwoStageSignal
sigmoidThreshold"
session_10_player1,TwoStageSignalAgent_sigmoidThreshold,4,0.8984007381814844,"TwoStageSignal
sigmoidThreshold"
session_10_player1,TwoStageSignalAgent_sigmoidThreshold,5,0.9806878611877221,"TwoStageSignal
sigmoidThreshold"
session_10_player1,sampleJointGoalAndRSASignal_fromStart,0,0.5,"shared-agency
communicative
action mixture
fromStart"
session_10_player1,sampleJointGoalAndRSASignal_fromStart,1,0.6973891398051831,"shared-agency
communicative
action mixture
fromStart"
session_10_player1,sampleJointGoalAndRSASignal_fromStart,2,0.7158876860728197,"shared-agency
communicative
action mixture
fromStart"
session_10_player1,sampleJointGoalAndRSASignal_fromStart,3,0.6989412803696363,"shared-agency
communicative
action mixture
fromStart"
session_10_player1,sampleJointGoalAndRSASignal_fromStart,4,0.6889815168842824,"shared-agency
communicative
action mixture
fromStart"
session_10_player1,sampleJointGoalAndRSASignal_fromStart,5,0.8017159118238409,"shared-agency
communicative
action mixture
fromStart"
session_10_player1,sampleJointGoalAndSignal_afterNewGoal,0,0.5,"sampleJointGoal+Signal
afterNewGoal"
session_10_player1,sampleJointGoalAndSignal_afterNewGoal,1,0.930329562217596,"sampleJointGoal+Signal
afterNewGoal"
session_10_player1,sampleJointGoalAndSignal_afterNewGoal,2,0.9373150768934304,"sampleJointGoal+Signal
afterNewGoal"
session_10_player1,sampleJointGoalAndSignal_afterNewGoal,3,0.9384065006276242,"sampleJointGoal+Signal
afterNewGoal"
session_10_player1,sampleJointGoalAndSignal_afterNewGoal,4,0.9390216556506614,"sampleJointGoal+Signal
afterNewGoal"
session_10_player1,sampleJointGoalAndSignal_afterNewGoal,5,0.9393339201206123,"sampleJointGoal+Signal
afterNewGoal"
session_10_player1,sampleJointGoalAndSignal_fromStart,0,0.5,"sampleJointGoal+Signal
fromStart"
session_10_player1,sampleJointGoalAndSignal_fromStart,1,0.6601728737080022,"sampleJointGoal+Signal
fromStart"
session_10_player1,sampleJointGoalAndSignal_fromStart,2,0.7822112682810332,"sampleJointGoal+Signal
fromStart"
session_10_player1,sampleJointGoalAndSignal_fromStart,3,0.7838689073844921,"sampleJointGoal+Signal
fromStart"
session_10_player1,sampleJointGoalAndSignal_fromStart,4,0.7895867742311165,"sampleJointGoal+Signal
fromStart"
session_10_player1,sampleJointGoalAndSignal_fromStart,5,0.7875040004215913,"sampleJointGoal+Signal
fromStart"
session_10_player1,sampleJointGoal_afterNewGoal,0,0.5,"sampleJointGoal
afterNewGoal"
session_10_player1,sampleJointGoal_afterNewGoal,1,0.7124486611685719,"sampleJointGoal
afterNewGoal"
session_10_player1,sampleJointGoal_afterNewGoal,2,0.7332402927619402,"sampleJointGoal
afterNewGoal"
session_10_player1,sampleJointGoal_afterNewGoal,3,0.7757168050530704,"sampleJointGoal
afterNewGoal"
session_10_player1,sampleJointGoal_afterNewGoal,4,0.8016743701328718,"sampleJointGoal
afterNewGoal"
session_10_player1,sampleJointGoal_afterNewGoal,5,0.9466164329368734,"sampleJointGoal
afterNewGoal"
session_10_player1,samplePosteriorOnlyGoalAndSignal_fromStart,0,0.5,"samplePosteriorOnlyGoal+Signal
fromStart"
session_10_player1,samplePosteriorOnlyGoalAndSignal_fromStart,1,0.6875881480129651,"samplePosteriorOnlyGoal+Signal
fromStart"
session_10_player1,samplePosteriorOnlyGoalAndSignal_fromStart,2,0.8594588912297376,"samplePosteriorOnlyGoal+Signal
fromStart"
session_10_player1,samplePosteriorOnlyGoalAndSignal_fromStart,3,0.9369754339382699,"samplePosteriorOnlyGoal+Signal
fromStart"
session_10_player1,samplePosteriorOnlyGoalAndSignal_fromStart,4,0.9341362469062933,"samplePosteriorOnlyGoal+Signal
fromStart"
session_10_player1,samplePosteriorOnlyGoalAndSignal_fromStart,5,0.9392654961834226,"samplePosteriorOnlyGoal+Signal
fromStart"
session_10_player2,TwoStageSignalAgent_sigmoidThreshold,0,0.5,"TwoStageSignal
sigmoidThreshold"
session_10_player2,TwoStageSignalAgent_sigmoidThreshold,1,0.754939695991679,"TwoStageSignal
sigmoidThreshold"
session_10_player2,TwoStageSignalAgent_sigmoidThreshold,2,0.7529445607920627,"TwoStageSignal
sigmoidThreshold"
session_10_player2,TwoStageSignalAgent_sigmoidThreshold,3,0.7728299750954859,"TwoStageSignal
sigmoidThreshold"
session_10_player2,TwoStageSignalAgent_sigmoidThreshold,4,0.929462135217776,"TwoStageSignal
sigmoidThreshold"
session_10_player2,TwoStageSignalAgent_sigmoidThreshold,5,0.7943274234848967,"TwoStageSignal
sigmoidThreshold"
session_10_player2,sampleJointGoalAndRSASignal_fromStart,0,0.5,"shared-agency
communicative
action mixture
fromStart"
session_10_player2,sampleJointGoalAndRSASignal_fromStart,1,0.5762167070111021,"shared-agency
communicative
action mixture
fromStart"
session_10_player2,sampleJointGoalAndRSASignal_fromStart,2,0.5961817644853192,"shared-agency
communicative
action mixture
fromStart"
session_10_player2,sampleJointGoalAndRSASignal_fromStart,3,0.645797481635908,"shared-agency
communicative
action mixture
fromStart"
session_10_player2,sampleJointGoalAndRSASignal_fromStart,4,0.656781276689035,"shared-agency
communicative
action mixture
fromStart"
session_10_player2,sampleJointGoalAndRSASignal_fromStart,5,0.5730499342312206,"shared-agency
communicative
action mixture
fromStart"
session_10_player2,sampleJointGoalAndSignal_afterNewGoal,0,0.5,"sampleJointGoal+Signal
afterNewGoal"
session_10_player2,sampleJointGoalAndSignal_afterNewGoal,1,0.43744432093970664,"sampleJointGoal+Signal
afterNewGoal"
session_10_player2,sampleJointGoalAndSignal_afterNewGoal,2,0.818947977642925,"sampleJointGoal+Signal
afterNewGoal"
session_10_player2,sampleJointGoalAndSignal_afterNewGoal,3,0.869729044473644,"sampleJointGoal+Signal
afterNewGoal"
session_10_player2,sampleJointGoalAndSignal_afterNewGoal,4,0.9415421793671683,"sampleJointGoal+Signal
afterNewGoal"
session_10_player2,sampleJointGoalAndSignal_afterNewGoal,5,0.963180871486618,"sampleJointGoal+Signal
afterNewGoal"
session_10_player2,sampleJointGoalAndSignal_fromStart,0,0.5,"sampleJointGoal+Signal
fromStart"
session_10_player2,sampleJointGoalAndSignal_fromStart,1,0.632079029579603,"sampleJointGoal+Signal
fromStart"
session_10_player2,sampleJointGoalAndSignal_fromStart,2,0.6927039972327071,"sampleJointGoal+Signal
fromStart"
session_10_player2,sampleJointGoalAndSignal_fromStart,3,0.7796249363537173,"sampleJointGoal+Signal
fromStart"
session_10_player2,sampleJointGoalAndSignal_fromStart,4,0.7723125014327072,"sampleJointGoal+Signal
fromStart"
session_10_player2,sampleJointGoalAndSignal_fromStart,5,0.8769752572003712,"sampleJointGoal+Signal
fromStart"
session_10_player2,sampleJointGoal_afterNewGoal,0,0.5,"sampleJointGoal
afterNewGoal"
session_10_player2,sampleJointGoal_afterNewGoal,1,0.5679525940613724,"sampleJointGoal
afterNewGoal"
session_10_player2,sampleJointGoal_afterNewGoal,2,0.7000118712084379,"sampleJointGoal
afterNewGoal"
session_10_player2,sampleJointGoal_afterNewGoal,3,0.882306726916746,"sampleJointGoal
afterNewGoal"
session_10_player2,sampleJointGoal_afterNewGoal,4,0.9007976535574919,"sampleJointGoal
afterNewGoal"
session_10_player2,sampleJointGoal_afterNewGoal,5,0.9011509385607595,"sampleJointGoal
afterNewGoal"
session_10_player2,samplePosteriorOnlyGoalAndSignal_fromStart,0,0.5,"samplePosteriorOnlyGoal+Signal
fromStart"
session_10_player2,samplePosteriorOnlyGoalAndSignal_fromStart,1,0.7498169316478188,"samplePosteriorOnlyGoal+Signal
fromStart"
session_10_player2,samplePosteriorOnlyGoalAndSignal_fromStart,2,0.6833545002488105,"samplePosteriorOnlyGoal+Signal
fromStart"
session_10_player2,samplePosteriorOnlyGoalAndSignal_fromStart,3,0.7011609037747233,"samplePosteriorOnlyGoal+Signal
fromStart"
session_10_player2,samplePosteriorOnlyGoalAndSignal_fromStart,4,0.6915182569146958,"samplePosteriorOnlyGoal+Signal
fromStart"
session_10_player2,samplePosteriorOnlyGoalAndSignal_fromStart,5,0.7761503665037539,"samplePosteriorOnlyGoal+Signal
fromStart"
session_11_player1,TwoStageSignalAgent_sigmoidThreshold,0,0.5,"TwoStageSignal
sigmoidThreshold"
session_11_player1,TwoStageSignalAgent_sigmoidThreshold,1,0.6489025222358684,"TwoStageSignal
sigmoidThreshold"
session_11_player1,TwoStageSignalAgent_sigmoidThreshold,2,0.804736782914522,"TwoStageSignal
sigmoidThreshold"
session_11_player1,TwoStageSignalAgent_sigmoidThreshold,3,0.8282238320811162,"TwoStageSignal
sigmoidThreshold"
session_11_player1,TwoStageSignalAgent_sigmoidThreshold,4,0.8421755035138883,"TwoStageSignal
sigmoidThreshold"
session_11_player1,TwoStageSignalAgent_sigmoidThreshold,5,0.8705817425512029,"TwoStageSignal
sigmoidThreshold"
session_11_player1,sampleJointGoalAndRSASignal_fromStart,0,0.5,"shared-agency
communicative
action mixture
fromStart"
session_11_player1,sampleJointGoalAndRSASignal_fromStart,1,0.33373897968252875,"shared-agency
communicative
action mixture
fromStart"
session_11_player1,sampleJointGoalAndRSASignal_fromStart,2,0.6327612540136065,"shared-agency
communicative
action mixture
fromStart"
session_11_player1,sampleJointGoalAndRSASignal_fromStart,3,0.8948234394759158,"shared-agency
communicative
action mixture
fromStart"
session_11_player1,sampleJointGoalAndRSASignal_fromStart,4,0.8976471227207913,"shared-agency
communicative
action mixture
fromStart"
session_11_player1,sampleJointGoalAndRSASignal_fromStart,5,0.9950211225264692,"shared-agency
communicative
action mixture
fromStart"
session_11_player1,sampleJointGoalAndSignal_afterNewGoal,0,0.5,"sampleJointGoal+Signal
afterNewGoal"
session_11_player1,sampleJointGoalAndSignal_afterNewGoal,1,0.747931517889482,"sampleJointGoal+Signal
afterNewGoal"
session_11_player1,sampleJointGoalAndSignal_afterNewGoal,2,0.821658910621641,"sampleJointGoal+Signal
afterNewGoal"
session_11_player1,sampleJointGoalAndSignal_afterNewGoal,3,0.8347205024727752,"sampleJointGoal+Signal
afterNewGoal"
session_11_player1,sampleJointGoalAndSignal_afterNewGoal,4,0.8084571802405723,"sampleJointGoal+Signal
afterNewGoal"
session_11_player1,sampleJointGoalAndSignal_afterNewGoal,5,0.7905040520153467,"sampleJointGoal+Signal
afterNewGoal"
session_11_player1,sampleJointGoalAndSignal_fromStart,0,0.5,"sampleJointGoal+Signal
fromStart"
session_11_player1,sampleJointGoalAndSignal_fromStart,1,0.635332129007591,"sampleJointGoal+Signal
fromStart"
session_11_player1,sampleJointGoalAndSignal_fromStart,2,0.6543322859785172,"sampleJointGoal+Signal
fromStart"
session_11_player1,sampleJointGoalAndSignal_fromStart,3,0.6981268472531222,"sampleJointGoal+Signal
fromStart"
session_11_player1,sampleJointGoalAndSignal_fromStart,4,0.8590341402049468,"sampleJointGoal+Signal
fromStart"
session_11_player1,sampleJointGoalAndSignal_fromStart,5,0.894655003665459,"sampleJointGoal+Signal
fromStart"
session_11_player1,sampleJointGoal_afterNewGoal,0,0.5,"sampleJointGoal
afterNewGoal"
session_11_player1,sampleJointGoal_afterNewGoal,1,0.7185641845939119,"sampleJointGoal
afterNewGoal"
session_11_player1,sampleJointGoal_afterNewGoal,2,0.7454875211016811,"sampleJointGoal
afterNewGoal"
session_11_player1,sampleJointGoal_afterNewGoal,3,0.7373091709940921,"sampleJointGoal
afterNewGoal"
session_11_player1,sampleJointGoal_afterNewGoal,4,0.7949754523483277,"sampleJointGoal
afterNewGoal"
session_11_player1,sampleJointGoal_afterNewGoal,5,0.7764555849985757,"sampleJointGoal
afterNewGoal"
session_11_player1,samplePosteriorOnlyGoalAndSignal_fromStart,0,0.5,"samplePosteriorOnlyGoal+Signal
fromStart"
session_11_player1,samplePosteriorOnlyGoalAndSignal_fromStart,1,0.8268203209414094,"samplePosteriorOnlyGoal+Signal
fromStart"
session_11_player1,samplePosteriorOnlyGoalAndSignal_fromStart,2,0.7624217244986559,"samplePosteriorOnlyGoal+Signal
fromStart"
session_11_player1,samplePosteriorOnlyGoalAndSignal_fromStart,3,0.7153182740040482,"samplePosteriorOnlyGoal+Signal
fromStart"
session_11_player1,samplePosteriorOnlyGoalAndSignal_fromStart,4,0.7883076038598277,"samplePosteriorOnlyGoal+Signal
fromStart"
session_11_player1,samplePosteriorOnlyGoalAndSignal_fromStart,5,0.8926302972446094,"samplePosteriorOnlyGoal+Signal
fromStart"
session_11_player2,TwoStageSignalAgent_sigmoidThreshold,0,0.5,"TwoStageSignal
sigmoidThreshold"
session_11_player2,TwoStageSignalAgent_sigmoidThreshold,1,0.7844037287537519,"TwoStageSignal
sigmoidThreshold"
session_11_player2,TwoStageSignalAgent_sigmoidThreshold,2,0.779769033363286,"TwoStageSignal
sigmoidThreshold"
session_11_player2,TwoStageSignalAgent_sigmoidThreshold,3,0.8338163476068832,"TwoStageSignal
sigmoidThreshold"
session_11_player2,TwoStageSignalAgent_sigmoidThreshold,4,0.8305909128551183,"TwoStageSignal
sigmoidThreshold"
session_11_player2,TwoStageSignalAgent_sigmoidThreshold,5,0.7825181612688806,"TwoStageSignal
sigmoidThreshold"
session_11_player2,sampleJointGoalAndRSASignal_fromStart,0,0.5,"shared-agency
communicative
action mixture
fromStart"
session_11_player2,sampleJointGoalAndRSASignal_fromStart,1,0.9932765876835958,"shared-agency
communicative
action mixture
fromStart"
session_11_player2,sampleJointGoalAndRSASignal_fromStart,2,0.9971432215580927,"shared-agency
communicative
action mixture
fromStart"
session_11_player2,sampleJointGoalAndRSASignal_fromStart,3,0.9989625334643796,"shared-agency
communicative
action mixture
fromStart"
session_11_player2,sampleJointGoalAndRSASignal_fromStart,4,0.998990432324725,"shared-agency
communicative
action mixture
fromStart"
session_11_player2,sampleJointGoalAndRSASignal_fromStart,5,0.9999958153622964,"shared-agency
communicative
action mixture
fromStart"
session_11_player2,sampleJointGoalAndSignal_afterNewGoal,0,0.5,"sampleJointGoal+Signal
afterNewGoal"
session_11_player2,sampleJointGoalAndSignal_afterNewGoal,1,0.7464752956549235,"sampleJointGoal+Signal
afterNewGoal"
session_11_player2,sampleJointGoalAndSignal_afterNewGoal,2,0.8405349559849425,"sampleJointGoal+Signal
afterNewGoal"
session_11_player2,sampleJointGoalAndSignal_afterNewGoal,3,0.9092779359470294,"sampleJointGoal+Signal
afterNewGoal"
session_11_player2,sampleJointGoalAndSignal_afterNewGoal,4,0.9013749682815541,"sampleJointGoal+Signal
afterNewGoal"
session_11_player2,sampleJointGoalAndSignal_afterNewGoal,5,0.8067560255639049,"sampleJointGoal+Signal
afterNewGoal"
session_11_player2,sampleJointGoalAndSignal_fromStart,0,0.5,"sampleJointGoal+Signal
fromStart"
session_11_player2,sampleJointGoalAndSignal_fromStart,1,0.7258418796002524,"sampleJointGoal+Signal
fromStart"
session_11_player2,sampleJointGoalAndSignal_fromStart,2,0.858566750079848,"sampleJointGoal+Signal
fromStart"
session_11_player2,sampleJointGoalAndSignal_fromStart,3,0.8874895049323249,"sampleJointGoal+Signal
fromStart"
session_11_player2,sampleJointGoalAndSignal_fromStart,4,0.894295244775474,"sampleJointGoal+Signal
fromStart"
session_11_player2,sampleJointGoalAndSignal_fromStart,5,0.9062101922527904,"sampleJointGoal+Signal
fromStart"
session_11_player2,sampleJointGoal_afterNewGoal,0,0.5,"sampleJointGoal
afterNewGoal"
session_11_player2,sampleJointGoal_afterNewGoal,1,0.6748115568838251,"sampleJointGoal
afterNewGoal"
session_11_player2,sampleJointGoal_afterNewGoal,2,0.6663630108663374,"sampleJointGoal
afterNewGoal"
session_11_player2,sampleJointGoal_afterNewGoal,3,0.7588285093186351,"sampleJointGoal
afterNewGoal"
session_11_player2,sampleJointGoal_afterNewGoal,4,0.7964185252441245,"sampleJointGoal
afterNewGoal"
session_11_player2,sampleJointGoal_afterNewGoal,5,0.8902074453544402,"sampleJointGoal
afterNewGoal"
session_11_player2,samplePosteriorOnlyGoalAndSignal_fromStart,0,0.5,"samplePosteriorOnlyGoal+Signal
fromStart"
session_11_player2,samplePosteriorOnlyGoalAndSignal_fromStart,1,0.6082124135726328,"samplePosteriorOnlyGoal+Signal
fromStart"
session_11_player2,samplePosteriorOnlyGoalAndSignal_fromStart,2,0.8425058526512492,"samplePosteriorOnlyGoal+Signal
fromStart"
session_11_player2,samplePosteriorOnlyGoalAndSignal_fromStart,3,0.8904365565024703,"samplePosteriorOnlyGoal+Signal
fromStart"
session_11_player2,samplePosteriorOnlyGoalAndSignal_fromStart,4,0.8981810791139141,"samplePosteriorOnlyGoal+Signal
fromStart"
session_11_player2,samplePosteriorOnlyGoalAndSignal_fromStart,5,0.9022842815967551,"samplePosteriorOnlyGoal+Signal
fromStart"
session_12_player1,TwoStageSignalAgent_sigmoidThreshold,0,0.5,"TwoStageSignal
sigmoidThreshold"
session_12_player1,TwoStageSignalAgent_sigmoidThreshold,1,0.7360411495596791,"TwoStageSignal
sigmoidThreshold"
session_12_player1,TwoStageSignalAgent_sigmoidThreshold,2,0.8101465189837156,"TwoStageSignal
sigmoidThreshold"
session_12_player1,TwoStageSignalAgent_sigmoidThreshold,3,0.8230723409896996,"TwoStageSignal
sigmoidThreshold"
session_12_player1,TwoStageSignalAgent_sigmoidThreshold,4,0.8587414490497923,"TwoStageSignal
sigmoidThreshold"
session_12_player1,TwoStageSignalAgent_sigmoidThreshold,5,0.9298985772766224,"TwoStageSignal
sigmoidThreshold"
session_12_player1,sampleJointGoalAndRSASignal_fromStart,0,0.5,"shared-agency
communicative
action mixture
fromStart"
session_12_player1,sampleJointGoalAndRSASignal_fromStart,1,0.6337003756479112,"shared-agency
communicative
action mixture
fromStart"
session_12_player1,sampleJointGoalAndRSASignal_fromStart,2,0.8399294810612248,"shared-agency
communicative
action mixture
fromStart"
session_12_player1,sampleJointGoalAndRSASignal_fromStart,3,0.9383220523588673,"shared-agency
communicative
action mixture
fromStart"
session_12_player1,sampleJointGoalAndRSASignal_fromStart,4,0.9193496042732017,"shared-agency
communicative
action mixture
fromStart"
session_12_player1,sampleJointGoalAndRSASignal_fromStart,5,0.9387191034382257,"shared-agency
communicative
action mixture
fromStart"
session_12_player1,sampleJointGoalAndSignal_afterNewGoal,0,0.5,"sampleJointGoal+Signal
afterNewGoal"
session_12_player1,sampleJointGoalAndSignal_afterNewGoal,1,0.6283678993577502,"sampleJointGoal+Signal
afterNewGoal"
session_12_player1,sampleJointGoalAndSignal_afterNewGoal,2,0.7470055445501677,"sampleJointGoal+Signal
afterNewGoal"
session_12_player1,sampleJointGoalAndSignal_afterNewGoal,3,0.8068290754030493,"sampleJointGoal+Signal
afterNewGoal"
session_12_player1,sampleJointGoalAndSignal_afterNewGoal,4,0.9220440195500053,"sampleJointGoal+Signal
afterNewGoal"
session_12_player1,sampleJointGoalAndSignal_afterNewGoal,5,0.9383673095202468,"sampleJointGoal+Signal
afterNewGoal"
session_12_player1,sampleJointGoalAndSignal_fromStart,0,0.5,"sampleJointGoal+Signal
fromStart"
session_12_player1,sampleJointGoalAndSignal_fromStart,1,0.7785458512442555,"sampleJointGoal+Signal
fromStart"
session_12_player1,sampleJointGoalAndSignal_fromStart,2,0.8509003483699263,"sampleJointGoal+Signal
fromStart"
session_12_player1,sampleJointGoalAndSignal_fromStart,3,0.8759297830607589,"sampleJointGoal+Signal
fromStart"
session_12_player1,sampleJointGoalAndSignal_fromStart,4,0.9388121847229834,"sampleJointGoal+Signal
fromStart"
session_12_player1,sampleJointGoalAndSignal_fromStart,5,0.9424311740009897,"sampleJointGoal+Signal
fromStart"
session_12_player1,sampleJointGoal_afterNewGoal,0,0.5,"sampleJointGoal
afterNewGoal"
session_12_player1,sampleJointGoal_afterNewGoal,1,0.6894427159233228,"sampleJointGoal
afterNewGoal"
session_12_player1,sampleJointGoal_afterNewGoal,2,0.8197184346759454,"sampleJointGoal
afterNewGoal"
session_12_player1,sampleJointGoal_afterNewGoal,3,0.8707694345816251,"sampleJointGoal
afterNewGoal"
session_12_player1,sampleJointGoal_afterNewGoal,4,0.8810652583613292,"sampleJointGoal
afterNewGoal"
session_12_player1,sampleJointGoal_afterNewGoal,5,0.828216245397811,"sampleJointGoal
afterNewGoal"
session_12_player1,samplePosteriorOnlyGoalAndSignal_fromStart,0,0.5,"samplePosteriorOnlyGoal+Signal
fromStart"
session_12_player1,samplePosteriorOnlyGoalAndSignal_fromStart,1,0.648054103839959,"samplePosteriorOnlyGoal+Signal
fromStart"
session_12_player1,samplePosteriorOnlyGoalAndSignal_fromStart,2,0.7439528183103352,"samplePosteriorOnlyGoal+Signal
fromStart"
session_12_player1,samplePosteriorOnlyGoalAndSignal_fromStart,3,0.7344325110674422,"samplePosteriorOnlyGoal+Signal
fromStart"
session_12_player1,samplePosteriorOnlyGoalAndSignal_fromStart,4,0.7808909296795625,"samplePosteriorOnlyGoal+Signal
fromStart"
session_12_player1,samplePosteriorOnlyGoalAndSignal_fromStart,5,0.7994328158038192,"samplePosteriorOnlyGoal+Signal
fromStart"
session_12_player2,TwoStageSignalAgent_sigmoidThreshold,0,0.5,"TwoStageSignal
sigmoidThreshold"
session_12_player2,TwoStageSignalAgent_sigmoidThreshold,1,0.5485163574419859,"TwoStageSignal
sigmoidThreshold"
session_12_player2,TwoStageSignalAgent_sigmoidThreshold,2,0.6801622139954903,"TwoStageSignal
sigmoidThreshold"
session_12_player2,TwoStageSignalAgent_sigmoidThreshold,3,0.8353559176632568,"TwoStageSignal
sigmoidThreshold"
session_12_player2,TwoStageSignalAgent_sigmoidThreshold,4,0.8296473065365786,"TwoStageSignal
sigmoidThreshold"
session_12_player2,TwoStageSignalAgent_sigmoidThreshold,5,0.9324794022885521,"TwoStageSignal
sigmoidThreshold"
session_12_player2,sampleJointGoalAndRSASignal_fromStart,0,0.5,"shared-agency
communicative
action mixture
fromStart"
session_12_player2,sampleJointGoalAndRSASignal_fromStart,1,0.6295297489126899,"shared-agency
communicative
action mixture
fromStart"
session_12_player2,sampleJointGoalAndRSASignal_fromStart,2,0.6840978010327741,"shared-agency
communicative
action mixture
fromStart"
session_12_player2,sampleJointGoalAndRSASignal_fromStart,3,0.821345874986655,"shared-agency
communicative
action mixture
fromStart"
session_12_player2,sampleJointGoalAndRSASignal_fromStart,4,0.8179667243334354,"shared-agency
communicative
action mixture
fromStart"
session_12_player2,sampleJointGoalAndRSASignal_fromStart,5,0.8441540054247567,"shared-agency
communicative
action mixture
fromStart"
session_12_player2,sampleJointGoalAndSignal_afterNewGoal,0,0.5,"sampleJointGoal+Signal
afterNewGoal"
session_12_player2,sampleJointGoalAndSignal_afterNewGoal,1,0.8442386616086505,"sampleJointGoal+Signal
afterNewGoal"
session_12_player2,sampleJointGoalAndSignal_afterNewGoal,2,0.860602656184392,"sampleJointGoal+Signal
afterNewGoal"
session_12_player2,sampleJointGoalAndSignal_afterNewGoal,3,0.8381143784399303,"sampleJointGoal+Signal
afterNewGoal"
session_12_player2,sampleJointGoalAndSignal_afterNewGoal,4,0.8201450517975445,"sampleJointGoal+Signal
afterNewGoal"
session_12_player2,sampleJointGoalAndSignal_afterNewGoal,5,0.8069040812039185,"sampleJointGoal+Signal
afterNewGoal"
session_12_player2,sampleJointGoalAndSignal_fromStart,0,0.5,"sampleJointGoal+Signal
fromStart"
session_12_player2,sampleJointGoalAndSignal_fromStart,1,0.6157253301127693,"sampleJointGoal+Signal
fromStart"
session_12_player2,sampleJointGoalAndSignal_fromStart,2,0.5892854094030758,"sampleJointGoal+Signal
fromStart"
session_12_player2,sampleJointGoalAndSignal_fromStart,3,0.7513175938132011,"sampleJointGoal+Signal
fromStart"
session_12_player2,sampleJointGoalAndSignal_fromStart,4,0.8229820837422213,"sampleJointGoal+Signal
fromStart"
session_12_player2,sampleJointGoalAndSignal_fromStart,5,0.9328955432784986,"sampleJointGoal+Signal
fromStart"
session_12_player2,sampleJointGoal_afterNewGoal,0,0.5,"sampleJointGoal
afterNewGoal"
session_12_player2,sampleJointGoal_afterNewGoal,1,0.6231968907603161,"sampleJointGoal
afterNewGoal"
session_12_player2,sampleJointGoal_afterNewGoal,2,0.6908721347027333,"sampleJointGoal
afterNewGoal"
session_12_player2,sampleJointGoal_afterNewGoal,3,0.668735810601414,"sampleJointGoal
afterNewGoal"
session_12_player2,sampleJointGoal_afterNewGoal,4,0.7826209431677494,"sampleJointGoal
afterNewGoal"
session_12_player2,sampleJointGoal_afterNewGoal,5,0.92118600951344,"sampleJointGoal
afterNewGoal"
session_12_player2,samplePosteriorOnlyGoalAndSignal_fromStart,0,0.5,"samplePosteriorOnlyGoal+Signal
fromStart"
session_12_player2,samplePosteriorOnlyGoalAndSignal_fromStart,1,0.6119142487054798,"samplePosteriorOnlyGoal+Signal
fromStart"
session_12_player2,samplePosteriorOnlyGoalAndSignal_fromStart,2,0.8733621752346594,"samplePosteriorOnlyGoal+Signal
fromStart"
session_12_player2,samplePosteriorOnlyGoalAndSignal_fromStart,3,0.8792211685960092,"samplePosteriorOnlyGoal+Signal
fromStart"
session_12_player2,samplePosteriorOnlyGoalAndSignal_fromStart,4,0.8797058398515558,"samplePosteriorOnlyGoal+Signal
fromStart"
session_12_player2,samplePosteriorOnlyGoalAndSignal_fromStart,5,0.9317701972013107,"samplePosteriorOnlyGoal+Signal
fromStart"
session_13_player1,TwoStageSignalAgent_sigmoidThreshold,0,0.5,"TwoStageSignal
sigmoidThreshold"
session_13_player1,TwoStageSignalAgent_sigmoidThreshold,1,0.7333970065857579,"TwoStageSignal
sigmoidThreshold"
session_13_player1,TwoStageSignalAgent_sigmoidThreshold,2,0.8233531307586042,"TwoStageSignal
sigmoidThreshold"
session_13_player1,TwoStageSignalAgent_sigmoidThreshold,3,0.8382026742865535,"TwoStageSignal
sigmoidThreshold"
session_13_player1,TwoStageSignalAgent_sigmoidThreshold,4,0.8503633294325708,"TwoStageSignal
sigmoidThreshold"
session_13_player1,TwoStageSignalAgent_sigmoidThreshold,5,0.82975988947693,"TwoStageSignal
sigmoidThreshold"
session_13_player1,sampleJointGoalAndRSASignal_fromStart,0,0.5,"shared-agency
communicative
action mixture
fromStart"
session_13_player1,sampleJointGoalAndRSASignal_fromStart,1,0.4126086333432396,"shared-agency
communicative
action mixture
fromStart"
session_13_player1,sampleJointGoalAndRSASignal_fromStart,2,0.6272812542611994,"shared-agency
communicative
action mixture
fromStart"
session_13_player1,sampleJointGoalAndRSASignal_fromStart,3,0.731071753940668,"shared-agency
communicative
action mixture
fromStart"
session_13_player1,sampleJointGoalAndRSASignal_fromStart,4,0.7501534130820355,"shared-agency
communicative
action mixture
fromStart"
session_13_player1,sampleJointGoalAndRSASignal_fromStart,5,0.734444720040384,"shared-agency
communicative
action mixture
fromStart"
session_13_player1,sampleJointGoalAndSignal_afterNewGoal,0,0.5,"sampleJointGoal+Signal
afterNewGoal"
session_13_player1,sampleJointGoalAndSignal_afterNewGoal,1,0.8649275899760199,"sampleJointGoal+Signal
afterNewGoal"
session_13_player1,sampleJointGoalAndSignal_afterNewGoal,2,0.8780751099774006,"sampleJointGoal+Signal
afterNewGoal"
session_13_player1,sampleJointGoalAndSignal_afterNewGoal,3,0.8921714420862529,"sampleJointGoal+Signal
afterNewGoal"
session_13_player1,sampleJointGoalAndSignal_afterNewGoal,4,0.900710109368622,"sampleJointGoal+Signal
afterNewGoal"
session_13_player1,sampleJointGoalAndSignal_afterNewGoal,5,0.910165084748497,"sampleJointGoal+Signal
afterNewGoal"
session_13_player1,sampleJointGoalAndSignal_fromStart,0,0.5,"sampleJointGoal+Signal
fromStart"
session_13_player1,sampleJointGoalAndSignal_fromStart,1,0.6135682755825681,"sampleJointGoal+Signal
fromStart"
session_13_player1,sampleJointGoalAndSignal_fromStart,2,0.6721750731785828,"sampleJointGoal+Signal
fromStart"
session_13_player1,sampleJointGoalAndSignal_fromStart,3,0.6859918871215702,"sampleJointGoal+Signal
fromStart"
session_13_player1,sampleJointGoalAndSignal_fromStart,4,0.6845247557547217,"sampleJointGoal+Signal
fromStart"
session_13_player1,sampleJointGoalAndSignal_fromStart,5,0.7942555568970215,"sampleJointGoal+Signal
fromStart"
session_13_player1,sampleJointGoal_afterNewGoal,0,0.5,"sampleJointGoal
afterNewGoal"
session_13_player1,sampleJointGoal_afterNewGoal,1,0.6443471907514919,"sampleJointGoal
afterNewGoal"
session_13_player1,sampleJointGoal_afterNewGoal,2,0.6793870935007763,"sampleJointGoal
afterNewGoal"
session_13_player1,sampleJointGoal_afterNewGoal,3,0.6877733844130168,"sampleJointGoal
afterNewGoal"
session_13_player1,sampleJointGoal_afterNewGoal,4,0.7170328970256667,"sampleJointGoal
afterNewGoal"
session_13_player1,sampleJointGoal_afterNewGoal,5,0.6666078084138662,"sampleJointGoal
afterNewGoal"
session_13_player1,samplePosteriorOnlyGoalAndSignal_fromStart,0,0.5,"samplePosteriorOnlyGoal+Signal
fromStart"
session_13_player1,samplePosteriorOnlyGoalAndSignal_fromStart,1,0.8314099998507788,"samplePosteriorOnlyGoal+Signal
fromStart"
session_13_player1,samplePosteriorOnlyGoalAndSignal_fromStart,2,0.9131052833577978,"samplePosteriorOnlyGoal+Signal
fromStart"
session_13_player1,samplePosteriorOnlyGoalAndSignal_fromStart,3,0.9161517558614,"samplePosteriorOnlyGoal+Signal
fromStart"
session_13_player1,samplePosteriorOnlyGoalAndSignal_fromStart,4,0.9189647303121045,"samplePosteriorOnlyGoal+Signal
fromStart"
session_13_player1,samplePosteriorOnlyGoalAndSignal_fromStart,5,0.9238052057153553,"samplePosteriorOnlyGoal+Signal
fromStart"
session_13_player2,TwoStageSignalAgent_sigmoidThreshold,0,0.5,"TwoStageSignal
sigmoidThreshold"
session_13_player2,TwoStageSignalAgent_sigmoidThreshold,1,0.7109521427877205,"TwoStageSignal
sigmoidThreshold"
session_13_player2,TwoStageSignalAgent_sigmoidThreshold,2,0.7581728718736178,"TwoStageSignal
sigmoidThreshold"
session_13_player2,TwoStageSignalAgent_sigmoidThreshold,3,0.7850243353333201,"TwoStageSignal
sigmoidThreshold"
session_13_player2,TwoStageSignalAgent_sigmoidThreshold,4,0.8935909255943698,"TwoStageSignal
sigmoidThreshold"
session_13_player2,TwoStageSignalAgent_sigmoidThreshold,5,0.9339665121637951,"TwoStageSignal
sigmoidThreshold"
session_13_player2,sampleJointGoalAndRSASignal_fromStart,0,0.5,"shared-agency
communicative
action mixture
fromStart"
session_13_player2,sampleJointGoalAndRSASignal_fromStart,1,0.8430365330748987,"shared-agency
communicative
action mixture
fromStart"
session_13_player2,sampleJointGoalAndRSASignal_fromStart,2,0.7899714327091955,"shared-agency
communicative
action mixture
fromStart"
session_13_player2,sampleJointGoalAndRSASignal_fromStart,3,0.8250903351503062,"shared-agency
communicative
action mixture
fromStart"
session_13_player2,sampleJointGoalAndRSASignal_fromStart,4,0.9945398624203553,"shared-agency
communicative
action mixture
fromStart"
session_13_player2,sampleJointGoalAndRSASignal_fromStart,5,0.994588193629229,"shared-agency
communicative
action mixture
fromStart"
session_13_player2,sampleJointGoalAndSignal_afterNewGoal,0,0.5,"sampleJointGoal+Signal
afterNewGoal"
session_13_player2,sampleJointGoalAndSignal_afterNewGoal,1,0.5710543151060623,"sampleJointGoal+Signal
afterNewGoal"
session_13_player2,sampleJointGoalAndSignal_afterNewGoal,2,0.7976174411963918,"sampleJointGoal+Signal
afterNewGoal"
session_13_player2,sampleJointGoalAndSignal_afterNewGoal,3,0.7799140982141999,"sampleJointGoal+Signal
afterNewGoal"
session_13_player2,sampleJointGoalAndSignal_afterNewGoal,4,0.7565427574938786,"sampleJointGoal+Signal
afterNewGoal"
session_13_player2,sampleJointGoalAndSignal_afterNewGoal,5,0.8647800494038356,"sampleJointGoal+Signal
afterNewGoal"
session_13_player2,sampleJointGoalAndSignal_fromStart,0,0.5,"sampleJointGoal+Signal
fromStart"
session_13_player2,sampleJointGoalAndSignal_fromStart,1,0.6152336993633334,"sampleJointGoal+Signal
fromStart"
session_13_player2,sampleJointGoalAndSignal_fromStart,2,0.6334118279095984,"sampleJointGoal+Signal
fromStart"
session_13_player2,sampleJointGoalAndSignal_fromStart,3,0.6744598944307381,"sampleJointGoal+Signal
fromStart"
session_13_player2,sampleJointGoalAndSignal_fromStart,4,0.7694145475937144,"sampleJointGoal+Signal
fromStart"
session_13_player2,sampleJointGoalAndSignal_fromStart,5,0.7724255450968485,"sampleJointGoal+Signal
fromStart"
session_13_player2,sampleJointGoal_afterNewGoal,0,0.5,"sampleJointGoal
afterNewGoal"
session_13_player2,sampleJointGoal_afterNewGoal,1,0.667864662454942,"sampleJointGoal
afterNewGoal"
session_13_player2,sampleJointGoal_afterNewGoal,2,0.6849375535047006,"sampleJointGoal
afterNewGoal"
session_13_player2,sampleJointGoal_afterNewGoal,3,0.6921063969374828,"sampleJointGoal
afterNewGoal"
session_13_player2,sampleJointGoal_afterNewGoal,4,0.7743550466085038,"sampleJointGoal
afterNewGoal"
session_13_player2,sampleJointGoal_afterNewGoal,5,0.7251473391991776,"sampleJointGoal
afterNewGoal"
session_13_player2,samplePosteriorOnlyGoalAndSignal_fromStart,0,0.5,"samplePosteriorOnlyGoal+Signal
fromStart"
session_13_player2,samplePosteriorOnlyGoalAndSignal_fromStart,1,0.8248430004119651,"samplePosteriorOnlyGoal+Signal
fromStart"
session_13_player2,samplePosteriorOnlyGoalAndSignal_fromStart,2,0.928198696355397,"samplePosteriorOnlyGoal+Signal
fromStart"
session_13_player2,samplePosteriorOnlyGoalAndSignal_fromStart,3,0.9383382140012998,"samplePosteriorOnlyGoal+Signal
fromStart"
session_13_player2,samplePosteriorOnlyGoalAndSignal_fromStart,4,0.9447812635111722,"samplePosteriorOnlyGoal+Signal
fromStart"
session_13_player2,samplePosteriorOnlyGoalAndSignal_fromStart,5,0.9335773031798628,"samplePosteriorOnlyGoal+Signal
fromStart"
session_14_player1,TwoStageSignalAgent_sigmoidThreshold,0,0.5,"TwoStageSignal
sigmoidThreshold"
session_14_player1,TwoStageSignalAgent_sigmoidThreshold,1,0.5400581644595519,"TwoStageSignal
sigmoidThreshold"
session_14_player1,TwoStageSignalAgent_sigmoidThreshold,2,0.764314107479356,"TwoStageSignal
sigmoidThreshold"
session_14_player1,TwoStageSignalAgent_sigmoidThreshold,3,0.855844610969937,"TwoStageSignal
sigmoidThreshold"
session_14_player1,TwoStageSignalAgent_sigmoidThreshold,4,0.9575274491586389,"TwoStageSignal
sigmoidThreshold"
session_14_player1,TwoStageSignalAgent_sigmoidThreshold,5,0.9650574327785331,"TwoStageSignal
sigmoidThreshold"
session_14_player1,sampleJointGoalAndRSASignal_fromStart,0,0.5,"shared-agency
communicative
action mixture
fromStart"
session_14_player1,sampleJointGoalAndRSASignal_fromStart,1,0.7339343554295537,"shared-agency
communicative
action mixture
fromStart"
session_14_player1,sampleJointGoalAndRSASignal_fromStart,2,0.7813659541565325,"shared-agency
communicative
action mixture
fromStart"
session_14_player1,sampleJointGoalAndRSASignal_fromStart,3,0.8439022073654028,"shared-agency
communicative
action mixture
fromStart"
session_14_player1,sampleJointGoalAndRSASignal_fromStart,4,0.8709342593335722,"shared-agency
communicative
action mixture
fromStart"
session_14_player1,sampleJointGoalAndRSASignal_fromStart,5,0.8777549540921475,"shared-agency
communicative
action mixture
fromStart"
session_14_player1,sampleJointGoalAndSignal_afterNewGoal,0,0.5,"sampleJointGoal+Signal
afterNewGoal"
session_14_player1,sampleJointGoalAndSignal_afterNewGoal,1,0.8868297176657814,"sampleJointGoal+Signal
afterNewGoal"
session_14_player1,sampleJointGoalAndSignal_afterNewGoal,2,0.9979166200570551,"sampleJointGoal+Signal
afterNewGoal"
session_14_player1,sampleJointGoalAndSignal_afterNewGoal,3,0.9999619823569567,"sampleJointGoal+Signal
afterNewGoal"
session_14_player1,sampleJointGoalAndSignal_afterNewGoal,4,0.9999672035333644,"sampleJointGoal+Signal
afterNewGoal"
session_14_player1,sampleJointGoalAndSignal_afterNewGoal,5,0.999999289105166,"sampleJointGoal+Signal
afterNewGoal"
session_14_player1,sampleJointGoalAndSignal_fromStart,0,0.5,"sampleJointGoal+Signal
fromStart"
session_14_player1,sampleJointGoalAndSignal_fromStart,1,0.9324881941380772,"sampleJointGoal+Signal
fromStart"
session_14_player1,sampleJointGoalAndSignal_fromStart,2,0.9372308793896627,"sampleJointGoal+Signal
fromStart"
session_14_player1,sampleJointGoalAndSignal_fromStart,3,0.9396502744118767,"sampleJointGoal+Signal
fromStart"
session_14_player1,sampleJointGoalAndSignal_fromStart,4,0.9999328090971651,"sampleJointGoal+Signal
fromStart"
session_14_player1,sampleJointGoalAndSignal_fromStart,5,0.9999809849349622,"sampleJointGoal+Signal
fromStart"
session_14_player1,sampleJointGoal_afterNewGoal,0,0.5,"sampleJointGoal
afterNewGoal"
session_14_player1,sampleJointGoal_afterNewGoal,1,0.6091827787444379,"sampleJointGoal
afterNewGoal"
session_14_player1,sampleJointGoal_afterNewGoal,2,0.8139927011533034,"sampleJointGoal
afterNewGoal"
session_14_player1,sampleJointGoal_afterNewGoal,3,0.9267361970478872,"sampleJointGoal
afterNewGoal"
session_14_player1,sampleJointGoal_afterNewGoal,4,0.9200243125981049,"sampleJointGoal
afterNewGoal"
session_14_player1,sampleJointGoal_afterNewGoal,5,0.9260022545781775,"sampleJointGoal
afterNewGoal"
session_14_player1,samplePosteriorOnlyGoalAndSignal_fromStart,0,0.5,"samplePosteriorOnlyGoal+Signal
fromStart"
session_14_player1,samplePosteriorOnlyGoalAndSignal_fromStart,1,0.7830789896021224,"samplePosteriorOnlyGoal+Signal
fromStart"
session_14_player1,samplePosteriorOnlyGoalAndSignal_fromStart,2,0.8558141821776747,"samplePosteriorOnlyGoal+Signal
fromStart"
session_14_player1,samplePosteriorOnlyGoalAndSignal_fromStart,3,0.858505882966165,"samplePosteriorOnlyGoal+Signal
fromStart"
session_14_player1,samplePosteriorOnlyGoalAndSignal_fromStart,4,0.8626954138578996,"samplePosteriorOnlyGoal+Signal
fromStart"
session_14_player1,samplePosteriorOnlyGoalAndSignal_fromStart,5,0.8648974987969227,"samplePosteriorOnlyGoal+Signal
fromStart"
session_14_player2,TwoStageSignalAgent_sigmoidThreshold,0,0.5,"TwoStageSignal
sigmoidThreshold"
session_14_player2,TwoStageSignalAgent_sigmoidThreshold,1,0.6249052663971463,"TwoStageSignal
sigmoidThreshold"
session_14_player2,TwoStageSignalAgent_sigmoidThreshold,2,0.7305035729392733,"TwoStageSignal
sigmoidThreshold"
session_14_player2,TwoStageSignalAgent_sigmoidThreshold,3,0.7493855943555355,"TwoStageSignal
sigmoidThreshold"
session_14_player2,TwoStageSignalAgent_sigmoidThreshold,4,0.7343540601575475,"TwoStageSignal
sigmoidThreshold"
session_14_player2,TwoStageSignalAgent_sigmoidThreshold,5,0.8124134771351976,"TwoStageSignal
sigmoidThreshold"
session_14_player2,sampleJointGoalAndRSASignal_fromStart,0,0.5,"shared-agency
communicative
action mixture
fromStart"
session_14_player2,sampleJointGoalAndRSASignal_fromStart,1,0.712091906882034,"shared-agency
communicative
action mixture
fromStart"
session_14_player2,sampleJointGoalAndRSASignal_fromStart,2,0.8092421243549467,"shared-agency
communicative
action mixture
fromStart"
session_14_player2,sampleJointGoalAndRSASignal_fromStart,3,0.8394326620135328,"shared-agency
communicative
action mixture
fromStart"
session_14_player2,sampleJointGoalAndRSASignal_fromStart,4,0.8666882528701992,"shared-agency
communicative
action mixture
fromStart"
session_14_player2,sampleJointGoalAndRSASignal_fromStart,5,0.8880699998551312,"shared-agency
communicative
action mixture
fromStart"
session_14_player2,sampleJointGoalAndSignal_afterNewGoal,0,0.5,"sampleJointGoal+Signal
afterNewGoal"
session_14_player2,sampleJointGoalAndSignal_afterNewGoal,1,0.7188554238846875,"sampleJointGoal+Signal
afterNewGoal"
session_14_player2,sampleJointGoalAndSignal_afterNewGoal,2,0.736591455482614,"sampleJointGoal+Signal
afterNewGoal"
session_14_player2,sampleJointGoalAndSignal_afterNewGoal,3,0.8891150140589341,"sampleJointGoal+Signal
afterNewGoal"
session_14_player2,sampleJointGoalAndSignal_afterNewGoal,4,0.992781169225187,"sampleJointGoal+Signal
afterNewGoal"
session_14_player2,sampleJointGoalAndSignal_afterNewGoal,5,0.9997962732786139,"sampleJointGoal+Signal
afterNewGoal"
session_14_player2,sampleJointGoalAndSignal_fromStart,0,0.5,"sampleJointGoal+Signal
fromStart"
session_14_player2,sampleJointGoalAndSignal_fromStart,1,0.6656973898908525,"sampleJointGoal+Signal
fromStart"
session_14_player2,sampleJointGoalAndSignal_fromStart,2,0.7399352368382348,"sampleJointGoal+Signal
fromStart"
session_14_player2,sampleJointGoalAndSignal_fromStart,3,0.9262510495541199,"sampleJointGoal+Signal
fromStart"
session_14_player2,sampleJointGoalAndSignal_fromStart,4,0.9463742340872151,"sampleJointGoal+Signal
fromStart"
session_14_player2,sampleJointGoalAndSignal_fromStart,5,0.9960433209308426,"sampleJointGoal+Signal
fromStart"
session_14_player2,sampleJointGoal_afterNewGoal,0,0.5,"sampleJointGoal
afterNewGoal"
session_14_player2,sampleJointGoal_afterNewGoal,1,0.5652539511350719,"sampleJointGoal
afterNewGoal"
session_14_player2,sampleJointGoal_afterNewGoal,2,0.6294081645439267,"sampleJointGoal
afterNewGoal"
session_14_player2,sampleJointGoal_afterNewGoal,3,0.824487840035883,"sampleJointGoal
afterNewGoal"
session_14_player2,sampleJointGoal_afterNewGoal,4,0.8767118645769957,"sampleJointGoal
afterNewGoal"
session_14_player2,sampleJointGoal_afterNewGoal,5,0.87753503058703,"sampleJointGoal
afterNewGoal"
session_14_player2,samplePosteriorOnlyGoalAndSignal_fromStart,0,0.5,"samplePosteriorOnlyGoal+Signal
fromStart"
session_14_player2,samplePosteriorOnlyGoalAndSignal_fromStart,1,0.7842580153919911,"samplePosteriorOnlyGoal+Signal
fromStart"
session_14_player2,samplePosteriorOnlyGoalAndSignal_fromStart,2,0.8626538939516945,"samplePosteriorOnlyGoal+Signal
fromStart"
session_14_player2,samplePosteriorOnlyGoalAndSignal_fromStart,3,0.8734774340037473,"samplePosteriorOnlyGoal+Signal
fromStart"
session_14_player2,samplePosteriorOnlyGoalAndSignal_fromStart,4,0.8845982749275744,"samplePosteriorOnlyGoal+Signal
fromStart"
session_14_player2,samplePosteriorOnlyGoalAndSignal_fromStart,5,0.9003611266456354,"samplePosteriorOnlyGoal+Signal
fromStart"
session_15_player1,TwoStageSignalAgent_sigmoidThreshold,0,0.5,"TwoStageSignal
sigmoidThreshold"
session_15_player1,TwoStageSignalAgent_sigmoidThreshold,1,0.5772074687979747,"TwoStageSignal
sigmoidThreshold"
session_15_player1,TwoStageSignalAgent_sigmoidThreshold,2,0.702890225701502,"TwoStageSignal
sigmoidThreshold"
session_15_player1,TwoStageSignalAgent_sigmoidThreshold,3,0.7357740168543111,"TwoStageSignal
sigmoidThreshold"
session_15_player1,TwoStageSignalAgent_sigmoidThreshold,4,0.7187702436751108,"TwoStageSignal
sigmoidThreshold"
session_15_player1,TwoStageSignalAgent_sigmoidThreshold,5,0.7577870970647334,"TwoStageSignal
sigmoidThreshold"
session_15_player1,sampleJointGoalAndRSASignal_fromStart,0,0.5,"shared-agency
communicative
action mixture
fromStart"
session_15_player1,sampleJointGoalAndRSASignal_fromStart,1,0.6824052694846615,"shared-agency
communicative
action mixture
fromStart"
session_15_player1,sampleJointGoalAndRSASignal_fromStart,2,0.7864140104081766,"shared-agency
communicative
action mixture
fromStart"
session_15_player1,sampleJointGoalAndRSASignal_fromStart,3,0.8931068260281686,"shared-agency
communicative
action mixture
fromStart"
session_15_player1,sampleJointGoalAndRSASignal_fromStart,4,0.8781776593829438,"shared-agency
communicative
action mixture
fromStart"
session_15_player1,sampleJointGoalAndRSASignal_fromStart,5,0.8971819944693135,"shared-agency
communicative
action mixture
fromStart"
session_15_player1,sampleJointGoalAndSignal_afterNewGoal,0,0.5,"sampleJointGoal+Signal
afterNewGoal"
session_15_player1,sampleJointGoalAndSignal_afterNewGoal,1,0.6271857540095302,"sampleJointGoal+Signal
afterNewGoal"
session_15_player1,sampleJointGoalAndSignal_afterNewGoal,2,0.6964270215097588,"sampleJointGoal+Signal
afterNewGoal"
session_15_player1,sampleJointGoalAndSignal_afterNewGoal,3,0.6973811239857349,"sampleJointGoal+Signal
afterNewGoal"
session_15_player1,sampleJointGoalAndSignal_afterNewGoal,4,0.7608092633280106,"sampleJointGoal+Signal
afterNewGoal"
session_15_player1,sampleJointGoalAndSignal_afterNewGoal,5,0.8499025403086712,"sampleJointGoal+Signal
afterNewGoal"
session_15_player1,sampleJointGoalAndSignal_fromStart,0,0.5,"sampleJointGoal+Signal
fromStart"
session_15_player1,sampleJointGoalAndSignal_fromStart,1,0.7742658006277803,"sampleJointGoal+Signal
fromStart"
session_15_player1,sampleJointGoalAndSignal_fromStart,2,0.8346297046149274,"sampleJointGoal+Signal
fromStart"
session_15_player1,sampleJointGoalAndSignal_fromStart,3,0.8422231186584711,"sampleJointGoal+Signal
fromStart"
session_15_player1,sampleJointGoalAndSignal_fromStart,4,0.8428093736562503,"sampleJointGoal+Signal
fromStart"
session_15_player1,sampleJointGoalAndSignal_fromStart,5,0.851603895100827,"sampleJointGoal+Signal
fromStart"
session_15_player1,sampleJointGoal_afterNewGoal,0,0.5,"sampleJointGoal
afterNewGoal"
session_15_player1,sampleJointGoal_afterNewGoal,1,0.5986420136586552,"sampleJointGoal
afterNewGoal"
session_15_player1,sampleJointGoal_afterNewGoal,2,0.6474013990050302,"sampleJointGoal
afterNewGoal"
session_15_player1,sampleJointGoal_afterNewGoal,3,0.698642468867047,"sampleJointGoal
afterNewGoal"
session_15_player1,sampleJointGoal_afterNewGoal,4,0.7722306841921833,"sampleJointGoal
afterNewGoal"
session_15_player1,sampleJointGoal_afterNewGoal,5,0.8032168014268346,"sampleJointGoal
afterNewGoal"
session_15_player1,samplePosteriorOnlyGoalAndSignal_fromStart,0,0.5,"samplePosteriorOnlyGoal+Signal
fromStart"
session_15_player1,samplePosteriorOnlyGoalAndSignal_fromStart,1,0.8080072928552859,"samplePosteriorOnlyGoal+Signal
fromStart"
session_15_player1,samplePosteriorOnlyGoalAndSignal_fromStart,2,0.8137750316354667,"samplePosteriorOnlyGoal+Signal
fromStart"
session_15_player1,samplePosteriorOnlyGoalAndSignal_fromStart,3,0.8258341725206694,"samplePosteriorOnlyGoal+Signal
fromStart"
session_15_player1,samplePosteriorOnlyGoalAndSignal_fromStart,4,0.8457597584205935,"samplePosteriorOnlyGoal+Signal
fromStart"
session_15_player1,samplePosteriorOnlyGoalAndSignal_fromStart,5,0.8610420476068826,"samplePosteriorOnlyGoal+Signal
fromStart"
session_15_player2,TwoStageSignalAgent_sigmoidThreshold,0,0.5,"TwoStageSignal
sigmoidThreshold"
session_15_player2,TwoStageSignalAgent_sigmoidThreshold,1,0.8311761846277378,"TwoStageSignal
sigmoidThreshold"
session_15_player2,TwoStageSignalAgent_sigmoidThreshold,2,0.8333888093799438,"TwoStageSignal
sigmoidThreshold"
session_15_player2,TwoStageSignalAgent_sigmoidThreshold,3,0.8000024989930712,"TwoStageSignal
sigmoidThreshold"
session_15_player2,TwoStageSignalAgent_sigmoidThreshold,4,0.8019906717103804,"TwoStageSignal
sigmoidThreshold"
session_15_player2,TwoStageSignalAgent_sigmoidThreshold,5,0.7987643060886278,"TwoStageSignal
sigmoidThreshold"
session_15_player2,sampleJointGoalAndRSASignal_fromStart,0,0.5,"shared-agency
communicative
action mixture
fromStart"
session_15_player2,sampleJointGoalAndRSASignal_fromStart,1,0.7165902793426355,"shared-agency
communicative
action mixture
fromStart"
session_15_player2,sampleJointGoalAndRSASignal_fromStart,2,0.7423947337614185,"shared-agency
communicative
action mixture
fromStart"
session_15_player2,sampleJointGoalAndRSASignal_fromStart,3,0.8426762785703408,"shared-agency
communicative
action mixture
fromStart"
session_15_player2,sampleJointGoalAndRSASignal_fromStart,4,0.8034322459783305,"shared-agency
communicative
action mixture
fromStart"
session_15_player2,sampleJointGoalAndRSASignal_fromStart,5,0.9164177886690168,"shared-agency
communicative
action mixture
fromStart"
session_15_player2,sampleJointGoalAndSignal_afterNewGoal,0,0.5,"sampleJointGoal+Signal
afterNewGoal"
session_15_player2,sampleJointGoalAndSignal_afterNewGoal,1,0.7385882315844421,"sampleJointGoal+Signal
afterNewGoal"
session_15_player2,sampleJointGoalAndSignal_afterNewGoal,2,0.8110979846398143,"sampleJointGoal+Signal
afterNewGoal"
session_15_player2,sampleJointGoalAndSignal_afterNewGoal,3,0.8027468008889423,"sampleJointGoal+Signal
afterNewGoal"
session_15_player2,sampleJointGoalAndSignal_afterNewGoal,4,0.936512313124585,"sampleJointGoal+Signal
afterNewGoal"
session_15_player2,sampleJointGoalAndSignal_afterNewGoal,5,0.9378109431398819,"sampleJointGoal+Signal
afterNewGoal"
session_15_player2,sampleJointGoalAndSignal_fromStart,0,0.5,"sampleJointGoal+Signal
fromStart"
session_15_player2,sampleJointGoalAndSignal_fromStart,1,0.7090233531117479,"sampleJointGoal+Signal
fromStart"
session_15_player2,sampleJointGoalAndSignal_fromStart,2,0.7321362351695471,"sampleJointGoal+Signal
fromStart"
session_15_player2,sampleJointGoalAndSignal_fromStart,3,0.8313013161918084,"sampleJointGoal+Signal
fromStart"
session_15_player2,sampleJointGoalAndSignal_fromStart,4,0.8989826097286859,"sampleJointGoal+Signal
fromStart"
session_15_player2,sampleJointGoalAndSignal_fromStart,5,0.9169958474413674,"sampleJointGoal+Signal
fromStart"
session_15_player2,sampleJointGoal_afterNewGoal,0,0.5,"sampleJointGoal
afterNewGoal"
session_15_player2,sampleJointGoal_afterNewGoal,1,0.5642826739872849,"sampleJointGoal
afterNewGoal"
session_15_player2,sampleJointGoal_afterNewGoal,2,0.7666476562310243,"sampleJointGoal
afterNewGoal"
session_15_player2,sampleJointGoal_afterNewGoal,3,0.8141606684820257,"sampleJointGoal
afterNewGoal"
session_15_player2,sampleJointGoal_afterNewGoal,4,0.8153483419385106,"sampleJointGoal
afterNewGoal"
session_15_player2,sampleJointGoal_afterNewGoal,5,0.8168183930027558,"sampleJointGoal
afterNewGoal"
session_15_player2,samplePosteriorOnlyGoalAndSignal_fromStart,0,0.5,"samplePosteriorOnlyGoal+Signal
fromStart"
session_15_player2,samplePosteriorOnlyGoalAndSignal_fromStart,1,0.8261109975512507,"samplePosteriorOnlyGoal+Signal
fromStart"
session_15_player2,samplePosteriorOnlyGoalAndSignal_fromStart,2,0.8135738532141898,"samplePosteriorOnlyGoal+Signal
fromStart"
session_15_player2,samplePosteriorOnlyGoalAndSignal_fromStart,3,0.7962373727926917,"samplePosteriorOnlyGoal+Signal
fromStart"
session_15_player2,samplePosteriorOnlyGoalAndSignal_fromStart,4,0.8873020219343004,"samplePosteriorOnlyGoal+Signal
fromStart"
session_15_player2,samplePosteriorOnlyGoalAndSignal_fromStart,5,0.888898638778822,"samplePosteriorOnlyGoal+Signal
fromStart"
session_16_player1,TwoStageSignalAgent_sigmoidThreshold,0,0.5,"TwoStageSignal
sigmoidThreshold"
session_16_player1,TwoStageSignalAgent_sigmoidThreshold,1,0.701124977361549,"TwoStageSignal
sigmoidThreshold"
session_16_player1,TwoStageSignalAgent_sigmoidThreshold,2,0.750668758908415,"TwoStageSignal
sigmoidThreshold"
session_16_player1,TwoStageSignalAgent_sigmoidThreshold,3,0.8136731882413667,"TwoStageSignal
sigmoidThreshold"
session_16_player1,TwoStageSignalAgent_sigmoidThreshold,4,0.8287780804814349,"TwoStageSignal
sigmoidThreshold"
session_16_player1,TwoStageSignalAgent_sigmoidThreshold,5,0.8124747754156583,"TwoStageSignal
sigmoidThreshold"
session_16_player1,sampleJointGoalAndRSASignal_fromStart,0,0.5,"shared-agency
communicative
action mixture
fromStart"
session_16_player1,sampleJointGoalAndRSASignal_fromStart,1,0.6843700122592788,"shared-agency
communicative
action mixture
fromStart"
session_16_player1,sampleJointGoalAndRSASignal_fromStart,2,0.7774184956269973,"shared-agency
communicative
action mixture
fromStart"
session_16_player1,sampleJointGoalAndRSASignal_fromStart,3,0.9282729680300871,"shared-agency
communicative
action mixture
fromStart"
session_16_player1,sampleJointGoalAndRSASignal_fromStart,4,0.9097055239004584,"shared-agency
communicative
action mixture
fromStart"
session_16_player1,sampleJointGoalAndRSASignal_fromStart,5,0.8953121530515047,"shared-agency
communicative
action mixture
fromStart"
session_16_player1,sampleJointGoalAndSignal_afterNewGoal,0,0.5,"sampleJointGoal+Signal
afterNewGoal"
session_16_player1,sampleJointGoalAndSignal_afterNewGoal,1,0.5584221662887897,"sampleJointGoal+Signal
afterNewGoal"
session_16_player1,sampleJointGoalAndSignal_afterNewGoal,2,0.8506945163081397,"sampleJointGoal+Signal
afterNewGoal"
session_16_player1,sampleJointGoalAndSignal_afterNewGoal,3,0.9191911783066151,"sampleJointGoal+Signal
afterNewGoal"
session_16_player1,sampleJointGoalAndSignal_afterNewGoal,4,0.9348249511453306,"sampleJointGoal+Signal
afterNewGoal"
session_16_player1,sampleJointGoalAndSignal_afterNewGoal,5,0.9488317816499438,"sampleJointGoal+Signal
afterNewGoal"
session_16_player1,sampleJointGoalAndSignal_fromStart,0,0.5,"sampleJointGoal+Signal
fromStart"
session_16_player1,sampleJointGoalAndSignal_fromStart,1,0.7602906335084918,"sampleJointGoal+Signal
fromStart"
session_16_player1,sampleJointGoalAndSignal_fromStart,2,0.8761943800104853,"sampleJointGoal+Signal
fromStart"
session_16_player1,sampleJointGoalAndSignal_fromStart,3,0.8772345550640674,"sampleJointGoal+Signal
fromStart"
session_16_player1,sampleJointGoalAndSignal_fromStart,4,0.8879510868789401,"sampleJointGoal+Signal
fromStart"
session_16_player1,sampleJointGoalAndSignal_fromStart,5,0.8875992092968013,"sampleJointGoal+Signal
fromStart"
session_16_player1,sampleJointGoal_afterNewGoal,0,0.5,"sampleJointGoal
afterNewGoal"
session_16_player1,sampleJointGoal_afterNewGoal,1,0.6859568335911678,"sampleJointGoal
afterNewGoal"
session_16_player1,sampleJointGoal_afterNewGoal,2,0.816095950763135,"sampleJointGoal
afterNewGoal"
session_16_player1,sampleJointGoal_afterNewGoal,3,0.9267829973036662,"sampleJointGoal
afterNewGoal"
session_16_player1,sampleJointGoal_afterNewGoal,4,0.9042835313678687,"sampleJointGoal
afterNewGoal"
session_16_player1,sampleJointGoal_afterNewGoal,5,0.9313884420710423,"sampleJointGoal
afterNewGoal"
session_16_player1,samplePosteriorOnlyGoalAndSignal_fromStart,0,0.5,"samplePosteriorOnlyGoal+Signal
fromStart"
session_16_player1,samplePosteriorOnlyGoalAndSignal_fromStart,1,0.8807375841830816,"samplePosteriorOnlyGoal+Signal
fromStart"
session_16_player1,samplePosteriorOnlyGoalAndSignal_fromStart,2,0.8882578500401138,"samplePosteriorOnlyGoal+Signal
fromStart"
session_16_player1,samplePosteriorOnlyGoalAndSignal_fromStart,3,0.8892150339474055,"samplePosteriorOnlyGoal+Signal
fromStart"
session_16_player1,samplePosteriorOnlyGoalAndSignal_fromStart,4,0.8947074531491965,"samplePosteriorOnlyGoal+Signal
fromStart"
session_16_player1,samplePosteriorOnlyGoalAndSignal_fromStart,5,0.9447184490381696,"samplePosteriorOnlyGoal+Signal
fromStart"
session_16_player2,TwoStageSignalAgent_sigmoidThreshold,0,0.5,"TwoStageSignal
sigmoidThreshold"
session_16_player2,TwoStageSignalAgent_sigmoidThreshold,1,0.6183942509210156,"TwoStageSignal
sigmoidThreshold"
session_16_player2,TwoStageSignalAgent_sigmoidThreshold,2,0.7036404276085316,"TwoStageSignal
sigmoidThreshold"
session_16_player2,TwoStageSignalAgent_sigmoidThreshold,3,0.9118993266532569,"TwoStageSignal
sigmoidThreshold"
session_16_player2,TwoStageSignalAgent_sigmoidThreshold,4,0.9721089836156475,"TwoStageSignal
sigmoidThreshold"
session_16_player2,TwoStageSignalAgent_sigmoidThreshold,5,0.9898160917397291,"TwoStageSignal
sigmoidThreshold"
session_16_player2,sampleJointGoalAndRSASignal_fromStart,0,0.5,"shared-agency
communicative
action mixture
fromStart"
session_16_player2,sampleJointGoalAndRSASignal_fromStart,1,0.7503998221149424,"shared-agency
communicative
action mixture
fromStart"
session_16_player2,sampleJointGoalAndRSASignal_fromStart,2,0.8735724084298131,"shared-agency
communicative
action mixture
fromStart"
session_16_player2,sampleJointGoalAndRSASignal_fromStart,3,0.9375575049195095,"shared-agency
communicative
action mixture
fromStart"
session_16_player2,sampleJointGoalAndRSASignal_fromStart,4,0.9386874856466008,"shared-agency
communicative
action mixture
fromStart"
session_16_player2,sampleJointGoalAndRSASignal_fromStart,5,0.9438529949178166,"shared-agency
communicative
action mixture
fromStart"
session_16_player2,sampleJointGoalAndSignal_afterNewGoal,0,0.5,"sampleJointGoal+Signal
afterNewGoal"
session_16_player2,sampleJointGoalAndSignal_afterNewGoal,1,0.8672158498571212,"sampleJointGoal+Signal
afterNewGoal"
session_16_player2,sampleJointGoalAndSignal_afterNewGoal,2,0.8819444372009618,"sampleJointGoal+Signal
afterNewGoal"
session_16_player2,sampleJointGoalAndSignal_afterNewGoal,3,0.8914242420636508,"sampleJointGoal+Signal
afterNewGoal"
session_16_player2,sampleJointGoalAndSignal_afterNewGoal,4,0.8801990514585094,"sampleJointGoal+Signal
afterNewGoal"
session_16_player2,sampleJointGoalAndSignal_afterNewGoal,5,0.8993823871558934,"sampleJointGoal+Signal
afterNewGoal"
session_16_player2,sampleJointGoalAndSignal_fromStart,0,0.5,"sampleJointGoal+Signal
fromStart"
session_16_player2,sampleJointGoalAndSignal_fromStart,1,0.6287643258766367,"sampleJointGoal+Signal
fromStart"
session_16_player2,sampleJointGoalAndSignal_fromStart,2,0.7759310748788637,"sampleJointGoal+Signal
fromStart"
session_16_player2,sampleJointGoalAndSignal_fromStart,3,0.8301945359246107,"sampleJointGoal+Signal
fromStart"
session_16_player2,sampleJointGoalAndSignal_fromStart,4,0.868740808474148,"sampleJointGoal+Signal
fromStart"
session_16_player2,sampleJointGoalAndSignal_fromStart,5,0.875204071202129,"sampleJointGoal+Signal
fromStart"
session_16_player2,sampleJointGoal_afterNewGoal,0,0.5,"sampleJointGoal
afterNewGoal"
session_16_player2,sampleJointGoal_afterNewGoal,1,0.7479388747974003,"sampleJointGoal
afterNewGoal"
session_16_player2,sampleJointGoal_afterNewGoal,2,0.7503877045062426,"sampleJointGoal
afterNewGoal"
session_16_player2,sampleJointGoal_afterNewGoal,3,0.8145124287510129,"sampleJointGoal
afterNewGoal"
session_16_player2,sampleJointGoal_afterNewGoal,4,0.9992155217891785,"sampleJointGoal
afterNewGoal"
session_16_player2,sampleJointGoal_afterNewGoal,5,0.9996862112147985,"sampleJointGoal
afterNewGoal"
session_16_player2,samplePosteriorOnlyGoalAndSignal_fromStart,0,0.5,"samplePosteriorOnlyGoal+Signal
fromStart"
session_16_player2,samplePosteriorOnlyGoalAndSignal_fromStart,1,0.7240521707247395,"samplePosteriorOnlyGoal+Signal
fromStart"
session_16_player2,samplePosteriorOnlyGoalAndSignal_fromStart,2,0.8082930023525451,"samplePosteriorOnlyGoal+Signal
fromStart"
session_16_player2,samplePosteriorOnlyGoalAndSignal_fromStart,3,0.8938314008022158,"samplePosteriorOnlyGoal+Signal
fromStart"
session_16_player2,samplePosteriorOnlyGoalAndSignal_fromStart,4,0.9388635334440383,"samplePosteriorOnlyGoal+Signal
fromStart"
session_16_player2,samplePosteriorOnlyGoalAndSignal_fromStart,5,0.939224358103605,"samplePosteriorOnlyGoal+Signal
fromStart"
session_17_player1,TwoStageSignalAgent_sigmoidThreshold,0,0.5,"TwoStageSignal
sigmoidThreshold"
session_17_player1,TwoStageSignalAgent_sigmoidThreshold,1,0.7175399731199694,"TwoStageSignal
sigmoidThreshold"
session_17_player1,TwoStageSignalAgent_sigmoidThreshold,2,0.7712626520289151,"TwoStageSignal
sigmoidThreshold"
session_17_player1,TwoStageSignalAgent_sigmoidThreshold,3,0.8183028929233447,"TwoStageSignal
sigmoidThreshold"
session_17_player1,TwoStageSignalAgent_sigmoidThreshold,4,0.8489032995275904,"TwoStageSignal
sigmoidThreshold"
session_17_player1,TwoStageSignalAgent_sigmoidThreshold,5,0.8358282164276711,"TwoStageSignal
sigmoidThreshold"
session_17_player1,sampleJointGoalAndRSASignal_fromStart,0,0.5,"shared-agency
communicative
action mixture
fromStart"
session_17_player1,sampleJointGoalAndRSASignal_fromStart,1,0.623698492804218,"shared-agency
communicative
action mixture
fromStart"
session_17_player1,sampleJointGoalAndRSASignal_fromStart,2,0.6241179190207904,"shared-agency
communicative
action mixture
fromStart"
session_17_player1,sampleJointGoalAndRSASignal_fromStart,3,0.7292255651009842,"shared-agency
communicative
action mixture
fromStart"
session_17_player1,sampleJointGoalAndRSASignal_fromStart,4,0.8698504113534162,"shared-agency
communicative
action mixture
fromStart"
session_17_player1,sampleJointGoalAndRSASignal_fromStart,5,0.8794052277175732,"shared-agency
communicative
action mixture
fromStart"
session_17_player1,sampleJointGoalAndSignal_afterNewGoal,0,0.5,"sampleJointGoal+Signal
afterNewGoal"
session_17_player1,sampleJointGoalAndSignal_afterNewGoal,1,0.6150744787099127,"sampleJointGoal+Signal
afterNewGoal"
session_17_player1,sampleJointGoalAndSignal_afterNewGoal,2,0.7829190776934775,"sampleJointGoal+Signal
afterNewGoal"
session_17_player1,sampleJointGoalAndSignal_afterNewGoal,3,0.8220372912348698,"sampleJointGoal+Signal
afterNewGoal"
session_17_player1,sampleJointGoalAndSignal_afterNewGoal,4,0.8188059289869754,"sampleJointGoal+Signal
afterNewGoal"
session_17_player1,sampleJointGoalAndSignal_afterNewGoal,5,0.8403011801655431,"sampleJointGoal+Signal
afterNewGoal"
session_17_player1,sampleJointGoalAndSignal_fromStart,0,0.5,"sampleJointGoal+Signal
fromStart"
session_17_player1,sampleJointGoalAndSignal_fromStart,1,0.7431058466415464,"sampleJointGoal+Signal
fromStart"
session_17_player1,sampleJointGoalAndSignal_fromStart,2,0.7488619606465079,"sampleJointGoal+Signal
fromStart"
session_17_player1,sampleJointGoalAndSignal_fromStart,3,0.9340436043107807,"sampleJointGoal+Signal
fromStart"
session_17_player1,sampleJointGoalAndSignal_fromStart,4,0.9385425430217691,"sampleJointGoal+Signal
fromStart"
session_17_player1,sampleJointGoalAndSignal_fromStart,5,0.9394267844232377,"sampleJointGoal+Signal
fromStart"
session_17_player1,sampleJointGoal_afterNewGoal,0,0.5,"sampleJointGoal
afterNewGoal"
session_17_player1,sampleJointGoal_afterNewGoal,1,0.5863828431767834,"sampleJointGoal
afterNewGoal"
session_17_player1,sampleJointGoal_afterNewGoal,2,0.714627869891844,"sampleJointGoal
afterNewGoal"
session_17_player1,sampleJointGoal_afterNewGoal,3,0.7756679072710418,"sampleJointGoal
afterNewGoal"
session_17_player1,sampleJointGoal_afterNewGoal,4,0.7932575593154354,"sampleJointGoal
afterNewGoal"
session_17_player1,sampleJointGoal_afterNewGoal,5,0.8673643753941621,"sampleJointGoal
afterNewGoal"
session_17_player1,samplePosteriorOnlyGoalAndSignal_fromStart,0,0.5,"samplePosteriorOnlyGoal+Signal
fromStart"
session_17_player1,samplePosteriorOnlyGoalAndSignal_fromStart,1,0.6186682462898466,"samplePosteriorOnlyGoal+Signal
fromStart"
session_17_player1,samplePosteriorOnlyGoalAndSignal_fromStart,2,0.8013797424494205,"samplePosteriorOnlyGoal+Signal
fromStart"
session_17_player1,samplePosteriorOnlyGoalAndSignal_fromStart,3,0.8405508538339999,"samplePosteriorOnlyGoal+Signal
fromStart"
session_17_player1,samplePosteriorOnlyGoalAndSignal_fromStart,4,0.7674001009006038,"samplePosteriorOnlyGoal+Signal
fromStart"
session_17_player1,samplePosteriorOnlyGoalAndSignal_fromStart,5,0.7784442788718493,"samplePosteriorOnlyGoal+Signal
fromStart"
session_17_player2,TwoStageSignalAgent_sigmoidThreshold,0,0.5,"TwoStageSignal
sigmoidThreshold"
session_17_player2,TwoStageSignalAgent_sigmoidThreshold,1,0.6518265868307758,"TwoStageSignal
sigmoidThreshold"
session_17_player2,TwoStageSignalAgent_sigmoidThreshold,2,0.6609770858587981,"TwoStageSignal
sigmoidThreshold"
session_17_player2,TwoStageSignalAgent_sigmoidThreshold,3,0.887840912801695,"TwoStageSignal
sigmoidThreshold"
session_17_player2,TwoStageSignalAgent_sigmoidThreshold,4,0.8829748661523557,"TwoStageSignal
sigmoidThreshold"
session_17_player2,TwoStageSignalAgent_sigmoidThreshold,5,0.8824251162499357,"TwoStageSignal
sigmoidThreshold"
session_17_player2,sampleJointGoalAndRSASignal_fromStart,0,0.5,"shared-agency
communicative
action mixture
fromStart"
session_17_player2,sampleJointGoalAndRSASignal_fromStart,1,0.6822946306078576,"shared-agency
communicative
action mixture
fromStart"
session_17_player2,sampleJointGoalAndRSASignal_fromStart,2,0.7836968858255328,"shared-agency
communicative
action mixture
fromStart"
session_17_player2,sampleJointGoalAndRSASignal_fromStart,3,0.7754704538878157,"shared-agency
communicative
action mixture
fromStart"
session_17_player2,sampleJointGoalAndRSASignal_fromStart,4,0.9172312335435754,"shared-agency
communicative
action mixture
fromStart"
session_17_player2,sampleJointGoalAndRSASignal_fromStart,5,0.9426930778430724,"shared-agency
communicative
action mixture
fromStart"
session_17_player2,sampleJointGoalAndSignal_afterNewGoal,0,0.5,"sampleJointGoal+Signal
afterNewGoal"
session_17_player2,sampleJointGoalAndSignal_afterNewGoal,1,0.7334077506277803,"sampleJointGoal+Signal
afterNewGoal"
session_17_player2,sampleJointGoalAndSignal_afterNewGoal,2,0.7309669060441706,"sampleJointGoal+Signal
afterNewGoal"
session_17_player2,sampleJointGoalAndSignal_afterNewGoal,3,0.8323500613436617,"sampleJointGoal+Signal
afterNewGoal"
session_17_player2,sampleJointGoalAndSignal_afterNewGoal,4,0.8399665365266,"sampleJointGoal+Signal
afterNewGoal"
session_17_player2,sampleJointGoalAndSignal_afterNewGoal,5,0.8464154658821784,"sampleJointGoal+Signal
afterNewGoal"
session_17_player2,sampleJointGoalAndSignal_fromStart,0,0.5,"sampleJointGoal+Signal
fromStart"
session_17_player2,sampleJointGoalAndSignal_fromStart,1,0.7710587404907083,"sampleJointGoal+Signal
fromStart"
session_17_player2,sampleJointGoalAndSignal_fromStart,2,0.8315919588243752,"sampleJointGoal+Signal
fromStart"
session_17_player2,sampleJointGoalAndSignal_fromStart,3,0.8396365609211696,"sampleJointGoal+Signal
fromStart"
session_17_player2,sampleJointGoalAndSignal_fromStart,4,0.9458707521346195,"sampleJointGoal+Signal
fromStart"
session_17_player2,sampleJointGoalAndSignal_fromStart,5,0.9768131479337687,"sampleJointGoal+Signal
fromStart"
session_17_player2,sampleJointGoal_afterNewGoal,0,0.5,"sampleJointGoal
afterNewGoal"
session_17_player2,sampleJointGoal_afterNewGoal,1,0.5218350828518764,"sampleJointGoal
afterNewGoal"
session_17_player2,sampleJointGoal_afterNewGoal,2,0.7078442144697262,"sampleJointGoal
afterNewGoal"
session_17_player2,sampleJointGoal_afterNewGoal,3,0.6849778927699913,"sampleJointGoal
afterNewGoal"
session_17_player2,sampleJointGoal_afterNewGoal,4,0.6687765750037524,"sampleJointGoal
afterNewGoal"
session_17_player2,sampleJointGoal_afterNewGoal,5,0.6588307633588709,"sampleJointGoal
afterNewGoal"
session_17_player2,samplePosteriorOnlyGoalAndSignal_fromStart,0,0.5,"samplePosteriorOnlyGoal+Signal
fromStart"
session_17_player2,samplePosteriorOnlyGoalAndSignal_fromStart,1,0.7096797004569357,"samplePosteriorOnlyGoal+Signal
fromStart"
session_17_player2,samplePosteriorOnlyGoalAndSignal_fromStart,2,0.7551164538677834,"samplePosteriorOnlyGoal+Signal
fromStart"
session_17_player2,samplePosteriorOnlyGoalAndSignal_fromStart,3,0.8376852108279201,"samplePosteriorOnlyGoal+Signal
fromStart"
session_17_player2,samplePosteriorOnlyGoalAndSignal_fromStart,4,0.7634172080382591,"samplePosteriorOnlyGoal+Signal
fromStart"
session_17_player2,samplePosteriorOnlyGoalAndSignal_fromStart,5,0.7710458733768951,"samplePosteriorOnlyGoal+Signal
fromStart"
session_18_player1,TwoStageSignalAgent_sigmoidThreshold,0,0.5,"TwoStageSignal
sigmoidThreshold"
session_18_player1,TwoStageSignalAgent_sigmoidThreshold,1,0.6644220822644997,"TwoStageSignal
sigmoidThreshold"
session_18_player1,TwoStageSignalAgent_sigmoidThreshold,2,0.8243399589688117,"TwoStageSignal
sigmoidThreshold"
session_18_player1,TwoStageSignalAgent_sigmoidThreshold,3,0.8891562561337741,"TwoStageSignal
sigmoidThreshold"
session_18_player1,TwoStageSignalAgent_sigmoidThreshold,4,0.8725909446289174,"TwoStageSignal
sigmoidThreshold"
session_18_player1,TwoStageSignalAgent_sigmoidThreshold,5,0.8616783369759607,"TwoStageSignal
sigmoidThreshold"
session_18_player1,sampleJointGoalAndRSASignal_fromStart,0,0.5,"shared-agency
communicative
action mixture
fromStart"
session_18_player1,sampleJointGoalAndRSASignal_fromStart,1,0.5539656383303423,"shared-agency
communicative
action mixture
fromStart"
session_18_player1,sampleJointGoalAndRSASignal_fromStart,2,0.5635425792265394,"shared-agency
communicative
action mixture
fromStart"
session_18_player1,sampleJointGoalAndRSASignal_fromStart,3,0.6734571581778842,"shared-agency
communicative
action mixture
fromStart"
session_18_player1,sampleJointGoalAndRSASignal_fromStart,4,0.7643049703424809,"shared-agency
communicative
action mixture
fromStart"
session_18_player1,sampleJointGoalAndRSASignal_fromStart,5,0.7631250280455337,"shared-agency
communicative
action mixture
fromStart"
session_18_player1,sampleJointGoalAndSignal_afterNewGoal,0,0.5,"sampleJointGoal+Signal
afterNewGoal"
session_18_player1,sampleJointGoalAndSignal_afterNewGoal,1,0.625025502286897,"sampleJointGoal+Signal
afterNewGoal"
session_18_player1,sampleJointGoalAndSignal_afterNewGoal,2,0.7860920205202457,"sampleJointGoal+Signal
afterNewGoal"
session_18_player1,sampleJointGoalAndSignal_afterNewGoal,3,0.7858212372563146,"sampleJointGoal+Signal
afterNewGoal"
session_18_player1,sampleJointGoalAndSignal_afterNewGoal,4,0.797572411377347,"sampleJointGoal+Signal
afterNewGoal"
session_18_player1,sampleJointGoalAndSignal_afterNewGoal,5,0.8335738257482643,"sampleJointGoal+Signal
afterNewGoal"
session_18_player1,sampleJointGoalAndSignal_fromStart,0,0.5,"sampleJointGoal+Signal
fromStart"
session_18_player1,sampleJointGoalAndSignal_fromStart,1,0.6843393603771512,"sampleJointGoal+Signal
fromStart"
session_18_player1,sampleJointGoalAndSignal_fromStart,2,0.6899784145249759,"sampleJointGoal+Signal
fromStart"
session_18_player1,sampleJointGoalAndSignal_fromStart,3,0.7091743975762559,"sampleJointGoal+Signal
fromStart"
session_18_player1,sampleJointGoalAndSignal_fromStart,4,0.7742317695793028,"sampleJointGoal+Signal
fromStart"
session_18_player1,sampleJointGoalAndSignal_fromStart,5,0.7764359030852807,"sampleJointGoal+Signal
fromStart"
session_18_player1,sampleJointGoal_afterNewGoal,0,0.5,"sampleJointGoal
afterNewGoal"
session_18_player1,sampleJointGoal_afterNewGoal,1,0.6787590761077427,"sampleJointGoal
afterNewGoal"
session_18_player1,sampleJointGoal_afterNewGoal,2,0.7135453143448338,"sampleJointGoal
afterNewGoal"
session_18_player1,sampleJointGoal_afterNewGoal,3,0.714137971000482,"sampleJointGoal
afterNewGoal"
session_18_player1,sampleJointGoal_afterNewGoal,4,0.8271222320677527,"sampleJointGoal
afterNewGoal"
session_18_player1,sampleJointGoal_afterNewGoal,5,0.9063278010876298,"sampleJointGoal
afterNewGoal"
session_18_player1,samplePosteriorOnlyGoalAndSignal_fromStart,0,0.5,"samplePosteriorOnlyGoal+Signal
fromStart"
session_18_player1,samplePosteriorOnlyGoalAndSignal_fromStart,1,0.5039509197619094,"samplePosteriorOnlyGoal+Signal
fromStart"
session_18_player1,samplePosteriorOnlyGoalAndSignal_fromStart,2,0.5805013036193301,"samplePosteriorOnlyGoal+Signal
fromStart"
session_18_player1,samplePosteriorOnlyGoalAndSignal_fromStart,3,0.7452290810800466,"samplePosteriorOnlyGoal+Signal
fromStart"
session_18_player1,samplePosteriorOnlyGoalAndSignal_fromStart,4,0.7384174329102984,"samplePosteriorOnlyGoal+Signal
fromStart"
session_18_player1,samplePosteriorOnlyGoalAndSignal_fromStart,5,0.7320311014109115,"samplePosteriorOnlyGoal+Signal
fromStart"
session_18_player2,TwoStageSignalAgent_sigmoidThreshold,0,0.5,"TwoStageSignal
sigmoidThreshold"
session_18_player2,TwoStageSignalAgent_sigmoidThreshold,1,0.6371612024490063,"TwoStageSignal
sigmoidThreshold"
session_18_player2,TwoStageSignalAgent_sigmoidThreshold,2,0.7714046878032111,"TwoStageSignal
sigmoidThreshold"
session_18_player2,TwoStageSignalAgent_sigmoidThreshold,3,0.834673525911342,"TwoStageSignal
sigmoidThreshold"
session_18_player2,TwoStageSignalAgent_sigmoidThreshold,4,0.8358830878330887,"TwoStageSignal
sigmoidThreshold"
session_18_player2,TwoStageSignalAgent_sigmoidThreshold,5,0.9054278344300442,"TwoStageSignal
sigmoidThreshold"
session_18_player2,sampleJointGoalAndRSASignal_fromStart,0,0.5,"shared-agency
communicative
action mixture
fromStart"
session_18_player2,sampleJointGoalAndRSASignal_fromStart,1,0.5324096706934494,"shared-agency
communicative
action mixture
fromStart"
session_18_player2,sampleJointGoalAndRSASignal_fromStart,2,0.6095963316678101,"shared-agency
communicative
action mixture
fromStart"
session_18_player2,sampleJointGoalAndRSASignal_fromStart,3,0.585031314885007,"shared-agency
communicative
action mixture
fromStart"
session_18_player2,sampleJointGoalAndRSASignal_fromStart,4,0.6672985722108461,"shared-agency
communicative
action mixture
fromStart"
session_18_player2,sampleJointGoalAndRSASignal_fromStart,5,0.6900067263469555,"shared-agency
communicative
action mixture
fromStart"
session_18_player2,sampleJointGoalAndSignal_afterNewGoal,0,0.5,"sampleJointGoal+Signal
afterNewGoal"
session_18_player2,sampleJointGoalAndSignal_afterNewGoal,1,0.9361284769631603,"sampleJointGoal+Signal
afterNewGoal"
session_18_player2,sampleJointGoalAndSignal_afterNewGoal,2,0.950055477100703,"sampleJointGoal+Signal
afterNewGoal"
session_18_player2,sampleJointGoalAndSignal_afterNewGoal,3,0.9392378823626453,"sampleJointGoal+Signal
afterNewGoal"
session_18_player2,sampleJointGoalAndSignal_afterNewGoal,4,0.9618219069433227,"sampleJointGoal+Signal
afterNewGoal"
session_18_player2,sampleJointGoalAndSignal_afterNewGoal,5,0.9781057354143059,"sampleJointGoal+Signal
afterNewGoal"
session_18_player2,sampleJointGoalAndSignal_fromStart,0,0.5,"sampleJointGoal+Signal
fromStart"
session_18_player2,sampleJointGoalAndSignal_fromStart,1,0.5327375728171786,"sampleJointGoal+Signal
fromStart"
session_18_player2,sampleJointGoalAndSignal_fromStart,2,0.6332258655583284,"sampleJointGoal+Signal
fromStart"
session_18_player2,sampleJointGoalAndSignal_fromStart,3,0.769551171419641,"sampleJointGoal+Signal
fromStart"
session_18_player2,sampleJointGoalAndSignal_fromStart,4,0.8160451812547609,"sampleJointGoal+Signal
fromStart"
session_18_player2,sampleJointGoalAndSignal_fromStart,5,0.8203252999157917,"sampleJointGoal+Signal
fromStart"
session_18_player2,sampleJointGoal_afterNewGoal,0,0.5,"sampleJointGoal
afterNewGoal"
session_18_player2,sampleJointGoal_afterNewGoal,1,0.6209630108308177,"sampleJointGoal
afterNewGoal"
session_18_player2,sampleJointGoal_afterNewGoal,2,0.7130052605419457,"sampleJointGoal
afterNewGoal"
session_18_player2,sampleJointGoal_afterNewGoal,3,0.742240927918252,"sampleJointGoal
afterNewGoal"
session_18_player2,sampleJointGoal_afterNewGoal,4,0.8120827931316712,"sampleJointGoal
afterNewGoal"
session_18_player2,sampleJointGoal_afterNewGoal,5,0.8099893253876513,"sampleJointGoal
afterNewGoal"
session_18_player2,samplePosteriorOnlyGoalAndSignal_fromStart,0,0.5,"samplePosteriorOnlyGoal+Signal
fromStart"
session_18_player2,samplePosteriorOnlyGoalAndSignal_fromStart,1,0.7429165651480096,"samplePosteriorOnlyGoal+Signal
fromStart"
session_18_player2,samplePosteriorOnlyGoalAndSignal_fromStart,2,0.7875225602092835,"samplePosteriorOnlyGoal+Signal
fromStart"
session_18_player2,samplePosteriorOnlyGoalAndSignal_fromStart,3,0.8427176454249488,"samplePosteriorOnlyGoal+Signal
fromStart"
session_18_player2,samplePosteriorOnlyGoalAndSignal_fromStart,4,0.8835169278771551,"samplePosteriorOnlyGoal+Signal
fromStart"
session_18_player2,samplePosteriorOnlyGoalAndSignal_fromStart,5,0.7753532550545241,"samplePosteriorOnlyGoal+Signal
fromStart"
session_19_player1,TwoStageSignalAgent_sigmoidThreshold,0,0.5,"TwoStageSignal
sigmoidThreshold"
session_19_player1,TwoStageSignalAgent_sigmoidThreshold,1,0.7733221633481427,"TwoStageSignal
sigmoidThreshold"
session_19_player1,TwoStageSignalAgent_sigmoidThreshold,2,0.833159086685538,"TwoStageSignal
sigmoidThreshold"
session_19_player1,TwoStageSignalAgent_sigmoidThreshold,3,0.8437971599581882,"TwoStageSignal
sigmoidThreshold"
session_19_player1,TwoStageSignalAgent_sigmoidThreshold,4,0.9256336262921744,"TwoStageSignal
sigmoidThreshold"
session_19_player1,TwoStageSignalAgent_sigmoidThreshold,5,0.9991341302646193,"TwoStageSignal
sigmoidThreshold"
session_19_player1,sampleJointGoalAndRSASignal_fromStart,0,0.5,"shared-agency
communicative
action mixture
fromStart"
session_19_player1,sampleJointGoalAndRSASignal_fromStart,1,0.7405457590351159,"shared-agency
communicative
action mixture
fromStart"
session_19_player1,sampleJointGoalAndRSASignal_fromStart,2,0.8379110556219659,"shared-agency
communicative
action mixture
fromStart"
session_19_player1,sampleJointGoalAndRSASignal_fromStart,3,0.9079298894054184,"shared-agency
communicative
action mixture
fromStart"
session_19_player1,sampleJointGoalAndRSASignal_fromStart,4,0.9930688247966674,"shared-agency
communicative
action mixture
fromStart"
session_19_player1,sampleJointGoalAndRSASignal_fromStart,5,0.9998669171030619,"shared-agency
communicative
action mixture
fromStart"
session_19_player1,sampleJointGoalAndSignal_afterNewGoal,0,0.5,"sampleJointGoal+Signal
afterNewGoal"
session_19_player1,sampleJointGoalAndSignal_afterNewGoal,1,0.5735549767306287,"sampleJointGoal+Signal
afterNewGoal"
session_19_player1,sampleJointGoalAndSignal_afterNewGoal,2,0.6866711137364158,"sampleJointGoal+Signal
afterNewGoal"
session_19_player1,sampleJointGoalAndSignal_afterNewGoal,3,0.7763703028588835,"sampleJointGoal+Signal
afterNewGoal"
session_19_player1,sampleJointGoalAndSignal_afterNewGoal,4,0.8405913344123979,"sampleJointGoal+Signal
afterNewGoal"
session_19_player1,sampleJointGoalAndSignal_afterNewGoal,5,0.857881471170165,"sampleJointGoal+Signal
afterNewGoal"
session_19_player1,sampleJointGoalAndSignal_fromStart,0,0.5,"sampleJointGoal+Signal
fromStart"
session_19_player1,sampleJointGoalAndSignal_fromStart,1,0.6996858196277215,"sampleJointGoal+Signal
fromStart"
session_19_player1,sampleJointGoalAndSignal_fromStart,2,0.721165306841032,"sampleJointGoal+Signal
fromStart"
session_19_player1,sampleJointGoalAndSignal_fromStart,3,0.8611431273296751,"sampleJointGoal+Signal
fromStart"
session_19_player1,sampleJointGoalAndSignal_fromStart,4,0.8636101478615746,"sampleJointGoal+Signal
fromStart"
session_19_player1,sampleJointGoalAndSignal_fromStart,5,0.8579534709485965,"sampleJointGoal+Signal
fromStart"
session_19_player1,sampleJointGoal_afterNewGoal,0,0.5,"sampleJointGoal
afterNewGoal"
session_19_player1,sampleJointGoal_afterNewGoal,1,0.6208798075627349,"sampleJointGoal
afterNewGoal"
session_19_player1,sampleJointGoal_afterNewGoal,2,0.6093106757266129,"sampleJointGoal
afterNewGoal"
session_19_player1,sampleJointGoal_afterNewGoal,3,0.8119462422421605,"sampleJointGoal
afterNewGoal"
session_19_player1,sampleJointGoal_afterNewGoal,4,0.82615519774515,"sampleJointGoal
afterNewGoal"
session_19_player1,sampleJointGoal_afterNewGoal,5,0.8695849154097866,"sampleJointGoal
afterNewGoal"
session_19_player1,samplePosteriorOnlyGoalAndSignal_fromStart,0,0.5,"samplePosteriorOnlyGoal+Signal
fromStart"
session_19_player1,samplePosteriorOnlyGoalAndSignal_fromStart,1,0.7337123527515091,"samplePosteriorOnlyGoal+Signal
fromStart"
session_19_player1,samplePosteriorOnlyGoalAndSignal_fromStart,2,0.8605947955139619,"samplePosteriorOnlyGoal+Signal
fromStart"
session_19_player1,samplePosteriorOnlyGoalAndSignal_fromStart,3,0.9285288632092111,"samplePosteriorOnlyGoal+Signal
fromStart"
session_19_player1,samplePosteriorOnlyGoalAndSignal_fromStart,4,0.9292635655021254,"samplePosteriorOnlyGoal+Signal
fromStart"
session_19_player1,samplePosteriorOnlyGoalAndSignal_fromStart,5,0.9296243067372864,"samplePosteriorOnlyGoal+Signal
fromStart"
session_19_player2,TwoStageSignalAgent_sigmoidThreshold,0,0.5,"TwoStageSignal
sigmoidThreshold"
session_19_player2,TwoStageSignalAgent_sigmoidThreshold,1,0.6394566422016094,"TwoStageSignal
sigmoidThreshold"
session_19_player2,TwoStageSignalAgent_sigmoidThreshold,2,0.7831234670286761,"TwoStageSignal
sigmoidThreshold"
session_19_player2,TwoStageSignalAgent_sigmoidThreshold,3,0.9255786731341438,"TwoStageSignal
sigmoidThreshold"
session_19_player2,TwoStageSignalAgent_sigmoidThreshold,4,0.9296213482350304,"TwoStageSignal
sigmoidThreshold"
session_19_player2,TwoStageSignalAgent_sigmoidThreshold,5,0.9299567475827765,"TwoStageSignal
sigmoidThreshold"
session_19_player2,sampleJointGoalAndRSASignal_fromStart,0,0.5,"shared-agency
communicative
action mixture
fromStart"
session_19_player2,sampleJointGoalAndRSASignal_fromStart,1,0.7645415917581011,"shared-agency
communicative
action mixture
fromStart"
session_19_player2,sampleJointGoalAndRSASignal_fromStart,2,0.847006706435567,"shared-agency
communicative
action mixture
fromStart"
session_19_player2,sampleJointGoalAndRSASignal_fromStart,3,0.7500670350075851,"shared-agency
communicative
action mixture
fromStart"
session_19_player2,sampleJointGoalAndRSASignal_fromStart,4,0.8735035391328598,"shared-agency
communicative
action mixture
fromStart"
session_19_player2,sampleJointGoalAndRSASignal_fromStart,5,0.7725941513180816,"shared-agency
communicative
action mixture
fromStart"
session_19_player2,sampleJointGoalAndSignal_afterNewGoal,0,0.5,"sampleJointGoal+Signal
afterNewGoal"
session_19_player2,sampleJointGoalAndSignal_afterNewGoal,1,0.7511203866649725,"sampleJointGoal+Signal
afterNewGoal"
session_19_player2,sampleJointGoalAndSignal_afterNewGoal,2,0.8216279391050443,"sampleJointGoal+Signal
afterNewGoal"
session_19_player2,sampleJointGoalAndSignal_afterNewGoal,3,0.8887687197224214,"sampleJointGoal+Signal
afterNewGoal"
session_19_player2,sampleJointGoalAndSignal_afterNewGoal,4,0.8907731541663307,"sampleJointGoal+Signal
afterNewGoal"
session_19_player2,sampleJointGoalAndSignal_afterNewGoal,5,0.8940919997053236,"sampleJointGoal+Signal
afterNewGoal"
session_19_player2,sampleJointGoalAndSignal_fromStart,0,0.5,"sampleJointGoal+Signal
fromStart"
session_19_player2,sampleJointGoalAndSignal_fromStart,1,0.4516216459055122,"sampleJointGoal+Signal
fromStart"
session_19_player2,sampleJointGoalAndSignal_fromStart,2,0.6229742726081984,"sampleJointGoal+Signal
fromStart"
session_19_player2,sampleJointGoalAndSignal_fromStart,3,0.7984669780974516,"sampleJointGoal+Signal
fromStart"
session_19_player2,sampleJointGoalAndSignal_fromStart,4,0.8446497398516121,"sampleJointGoal+Signal
fromStart"
session_19_player2,sampleJointGoalAndSignal_fromStart,5,0.8658424066929268,"sampleJointGoal+Signal
fromStart"
session_19_player2,sampleJointGoal_afterNewGoal,0,0.5,"sampleJointGoal
afterNewGoal"
session_19_player2,sampleJointGoal_afterNewGoal,1,0.5590532739555161,"sampleJointGoal
afterNewGoal"
session_19_player2,sampleJointGoal_afterNewGoal,2,0.6710754281597793,"sampleJointGoal
afterNewGoal"
session_19_player2,sampleJointGoal_afterNewGoal,3,0.7811972628525681,"sampleJointGoal
afterNewGoal"
session_19_player2,sampleJointGoal_afterNewGoal,4,0.7950880020119012,"sampleJointGoal
afterNewGoal"
session_19_player2,sampleJointGoal_afterNewGoal,5,0.8388581378775444,"sampleJointGoal
afterNewGoal"
session_19_player2,samplePosteriorOnlyGoalAndSignal_fromStart,0,0.5,"samplePosteriorOnlyGoal+Signal
fromStart"
session_19_player2,samplePosteriorOnlyGoalAndSignal_fromStart,1,0.5232064813057503,"samplePosteriorOnlyGoal+Signal
fromStart"
session_19_player2,samplePosteriorOnlyGoalAndSignal_fromStart,2,0.6928742277561338,"samplePosteriorOnlyGoal+Signal
fromStart"
session_19_player2,samplePosteriorOnlyGoalAndSignal_fromStart,3,0.8538492941353872,"samplePosteriorOnlyGoal+Signal
fromStart"
session_19_player2,samplePosteriorOnlyGoalAndSignal_fromStart,4,0.8657016358461108,"samplePosteriorOnlyGoal+Signal
fromStart"
session_19_player2,samplePosteriorOnlyGoalAndSignal_fromStart,5,0.8684175664022521,"samplePosteriorOnlyGoal+Signal
fromStart"
session_1_player1,TwoStageSignalAgent_sigmoidThreshold,0,0.5,"TwoStageSignal
sigmoidThreshold"
session_1_player1,TwoStageSignalAgent_sigmoidThreshold,1,0.6148651861157945,"TwoStageSignal
sigmoidThreshold"
session_1_player1,TwoStageSignalAgent_sigmoidThreshold,2,0.781217432966733,"TwoStageSignal
sigmoidThreshold"
session_1_player1,TwoStageSignalAgent_sigmoidThreshold,3,0.8410600015956934,"TwoStageSignal
sigmoidThreshold"
session_1_player1,TwoStageSignalAgent_sigmoidThreshold,4,0.8363096718879144,"TwoStageSignal
sigmoidThreshold"
session_1_player1,TwoStageSignalAgent_sigmoidThreshold,5,0.8177459485039138,"TwoStageSignal
sigmoidThreshold"
session_1_player1,sampleJointGoalAndRSASignal_fromStart,0,0.5,"shared-agency
communicative
action mixture
fromStart"
session_1_player1,sampleJointGoalAndRSASignal_fromStart,1,0.6264994140095427,"shared-agency
communicative
action mixture
fromStart"
session_1_player1,sampleJointGoalAndRSASignal_fromStart,2,0.6919146937049323,"shared-agency
communicative
action mixture
fromStart"
session_1_player1,sampleJointGoalAndRSASignal_fromStart,3,0.8523630459064716,"shared-agency
communicative
action mixture
fromStart"
session_1_player1,sampleJointGoalAndRSASignal_fromStart,4,0.8856955139379226,"shared-agency
communicative
action mixture
fromStart"
session_1_player1,sampleJointGoalAndRSASignal_fromStart,5,0.8526132523291774,"shared-agency
communicative
action mixture
fromStart"
session_1_player1,sampleJointGoalAndSignal_afterNewGoal,0,0.5,"sampleJointGoal+Signal
afterNewGoal"
session_1_player1,sampleJointGoalAndSignal_afterNewGoal,1,0.7599676005118878,"sampleJointGoal+Signal
afterNewGoal"
session_1_player1,sampleJointGoalAndSignal_afterNewGoal,2,0.8351340714642861,"sampleJointGoal+Signal
afterNewGoal"
session_1_player1,sampleJointGoalAndSignal_afterNewGoal,3,0.8175870561411451,"sampleJointGoal+Signal
afterNewGoal"
session_1_player1,sampleJointGoalAndSignal_afterNewGoal,4,0.8926585346054525,"sampleJointGoal+Signal
afterNewGoal"
session_1_player1,sampleJointGoalAndSignal_afterNewGoal,5,0.8940644244344045,"sampleJointGoal+Signal
afterNewGoal"
session_1_player1,sampleJointGoalAndSignal_fromStart,0,0.5,"sampleJointGoal+Signal
fromStart"
session_1_player1,sampleJointGoalAndSignal_fromStart,1,0.7990085779401773,"sampleJointGoal+Signal
fromStart"
session_1_player1,sampleJointGoalAndSignal_fromStart,2,0.7295212610732743,"sampleJointGoal+Signal
fromStart"
session_1_player1,sampleJointGoalAndSignal_fromStart,3,0.9144110636951576,"sampleJointGoal+Signal
fromStart"
session_1_player1,sampleJointGoalAndSignal_fromStart,4,0.9352823054845171,"sampleJointGoal+Signal
fromStart"
session_1_player1,sampleJointGoalAndSignal_fromStart,5,0.936344508409112,"sampleJointGoal+Signal
fromStart"
session_1_player1,sampleJointGoal_afterNewGoal,0,0.5,"sampleJointGoal
afterNewGoal"
session_1_player1,sampleJointGoal_afterNewGoal,1,0.5664377287735631,"sampleJointGoal
afterNewGoal"
session_1_player1,sampleJointGoal_afterNewGoal,2,0.65517625653806,"sampleJointGoal
afterNewGoal"
session_1_player1,sampleJointGoal_afterNewGoal,3,0.7103573773659457,"sampleJointGoal
afterNewGoal"
session_1_player1,sampleJointGoal_afterNewGoal,4,0.8039330476151912,"sampleJointGoal
afterNewGoal"
session_1_player1,sampleJointGoal_afterNewGoal,5,0.8146126140020675,"sampleJointGoal
afterNewGoal"
session_1_player1,samplePosteriorOnlyGoalAndSignal_fromStart,0,0.5,"samplePosteriorOnlyGoal+Signal
fromStart"
session_1_player1,samplePosteriorOnlyGoalAndSignal_fromStart,1,0.7994186121378515,"samplePosteriorOnlyGoal+Signal
fromStart"
session_1_player1,samplePosteriorOnlyGoalAndSignal_fromStart,2,0.8636105673208322,"samplePosteriorOnlyGoal+Signal
fromStart"
session_1_player1,samplePosteriorOnlyGoalAndSignal_fromStart,3,0.8702899739327774,"samplePosteriorOnlyGoal+Signal
fromStart"
session_1_player1,samplePosteriorOnlyGoalAndSignal_fromStart,4,0.923980534219767,"samplePosteriorOnlyGoal+Signal
fromStart"
session_1_player1,samplePosteriorOnlyGoalAndSignal_fromStart,5,0.939424671412112,"samplePosteriorOnlyGoal+Signal
fromStart"
session_1_player2,TwoStageSignalAgent_sigmoidThreshold,0,0.5,"TwoStageSignal
sigmoidThreshold"
session_1_player2,TwoStageSignalAgent_sigmoidThreshold,1,0.6487077045965634,"TwoStageSignal
sigmoidThreshold"
session_1_player2,TwoStageSignalAgent_sigmoidThreshold,2,0.8334817841756538,"TwoStageSignal
sigmoidThreshold"
session_1_player2,TwoStageSignalAgent_sigmoidThreshold,3,0.8845025166308261,"TwoStageSignal
sigmoidThreshold"
session_1_player2,TwoStageSignalAgent_sigmoidThreshold,4,0.8814893364444711,"TwoStageSignal
sigmoidThreshold"
session_1_player2,TwoStageSignalAgent_sigmoidThreshold,5,0.8904570633743745,"TwoStageSignal
sigmoidThreshold"
session_1_player2,sampleJointGoalAndRSASignal_fromStart,0,0.5,"shared-agency
communicative
action mixture
fromStart"
session_1_player2,sampleJointGoalAndRSASignal_fromStart,1,0.7973585996979576,"shared-agency
communicative
action mixture
fromStart"
session_1_player2,sampleJointGoalAndRSASignal_fromStart,2,0.8788280565288141,"shared-agency
communicative
action mixture
fromStart"
session_1_player2,sampleJointGoalAndRSASignal_fromStart,3,0.8141335812059713,"shared-agency
communicative
action mixture
fromStart"
session_1_player2,sampleJointGoalAndRSASignal_fromStart,4,0.6775403897589708,"shared-agency
communicative
action mixture
fromStart"
session_1_player2,sampleJointGoalAndRSASignal_fromStart,5,0.8758259585689071,"shared-agency
communicative
action mixture
fromStart"
session_1_player2,sampleJointGoalAndSignal_afterNewGoal,0,0.5,"sampleJointGoal+Signal
afterNewGoal"
session_1_player2,sampleJointGoalAndSignal_afterNewGoal,1,0.6628824736679373,"sampleJointGoal+Signal
afterNewGoal"
session_1_player2,sampleJointGoalAndSignal_afterNewGoal,2,0.7073480532082178,"sampleJointGoal+Signal
afterNewGoal"
session_1_player2,sampleJointGoalAndSignal_afterNewGoal,3,0.7544372934953425,"sampleJointGoal+Signal
afterNewGoal"
session_1_player2,sampleJointGoalAndSignal_afterNewGoal,4,0.8544934001750014,"sampleJointGoal+Signal
afterNewGoal"
session_1_player2,sampleJointGoalAndSignal_afterNewGoal,5,0.8837121914820523,"sampleJointGoal+Signal
afterNewGoal"
session_1_player2,sampleJointGoalAndSignal_fromStart,0,0.5,"sampleJointGoal+Signal
fromStart"
session_1_player2,sampleJointGoalAndSignal_fromStart,1,0.6436951691037434,"sampleJointGoal+Signal
fromStart"
session_1_player2,sampleJointGoalAndSignal_fromStart,2,0.8475792552204948,"sampleJointGoal+Signal
fromStart"
session_1_player2,sampleJointGoalAndSignal_fromStart,3,0.8595220789569007,"sampleJointGoal+Signal
fromStart"
session_1_player2,sampleJointGoalAndSignal_fromStart,4,0.8684077158435067,"sampleJointGoal+Signal
fromStart"
session_1_player2,sampleJointGoalAndSignal_fromStart,5,0.8835999043968136,"sampleJointGoal+Signal
fromStart"
session_1_player2,sampleJointGoal_afterNewGoal,0,0.5,"sampleJointGoal
afterNewGoal"
session_1_player2,sampleJointGoal_afterNewGoal,1,0.6544706102391379,"sampleJointGoal
afterNewGoal"
session_1_player2,sampleJointGoal_afterNewGoal,2,0.8075791336883604,"sampleJointGoal
afterNewGoal"
session_1_player2,sampleJointGoal_afterNewGoal,3,0.8907784893047199,"sampleJointGoal
afterNewGoal"
session_1_player2,sampleJointGoal_afterNewGoal,4,0.923668188785671,"sampleJointGoal
afterNewGoal"
session_1_player2,sampleJointGoal_afterNewGoal,5,0.9381514289083341,"sampleJointGoal
afterNewGoal"
session_1_player2,samplePosteriorOnlyGoalAndSignal_fromStart,0,0.5,"samplePosteriorOnlyGoal+Signal
fromStart"
session_1_player2,samplePosteriorOnlyGoalAndSignal_fromStart,1,0.6835025317064778,"samplePosteriorOnlyGoal+Signal
fromStart"
session_1_player2,samplePosteriorOnlyGoalAndSignal_fromStart,2,0.8578869758364698,"samplePosteriorOnlyGoal+Signal
fromStart"
session_1_player2,samplePosteriorOnlyGoalAndSignal_fromStart,3,0.8597226153030749,"samplePosteriorOnlyGoal+Signal
fromStart"
session_1_player2,samplePosteriorOnlyGoalAndSignal_fromStart,4,0.8629384070071096,"samplePosteriorOnlyGoal+Signal
fromStart"
session_1_player2,samplePosteriorOnlyGoalAndSignal_fromStart,5,0.8688493119407609,"samplePosteriorOnlyGoal+Signal
fromStart"
session_20_player1,TwoStageSignalAgent_sigmoidThreshold,0,0.5,"TwoStageSignal
sigmoidThreshold"
session_20_player1,TwoStageSignalAgent_sigmoidThreshold,1,0.5137026237373155,"TwoStageSignal
sigmoidThreshold"
session_20_player1,TwoStageSignalAgent_sigmoidThreshold,2,0.6923382472117326,"TwoStageSignal
sigmoidThreshold"
session_20_player1,TwoStageSignalAgent_sigmoidThreshold,3,0.710614824172734,"TwoStageSignal
sigmoidThreshold"
session_20_player1,TwoStageSignalAgent_sigmoidThreshold,4,0.7460074030237647,"TwoStageSignal
sigmoidThreshold"
session_20_player1,TwoStageSignalAgent_sigmoidThreshold,5,0.8167225524518045,"TwoStageSignal
sigmoidThreshold"
session_20_player1,sampleJointGoalAndRSASignal_fromStart,0,0.5,"shared-agency
communicative
action mixture
fromStart"
session_20_player1,sampleJointGoalAndRSASignal_fromStart,1,0.720392911068354,"shared-agency
communicative
action mixture
fromStart"
session_20_player1,sampleJointGoalAndRSASignal_fromStart,2,0.7828261447079841,"shared-agency
communicative
action mixture
fromStart"
session_20_player1,sampleJointGoalAndRSASignal_fromStart,3,0.7891909091579774,"shared-agency
communicative
action mixture
fromStart"
session_20_player1,sampleJointGoalAndRSASignal_fromStart,4,0.6837908826298994,"shared-agency
communicative
action mixture
fromStart"
session_20_player1,sampleJointGoalAndRSASignal_fromStart,5,0.7834788740333021,"shared-agency
communicative
action mixture
fromStart"
session_20_player1,sampleJointGoalAndSignal_afterNewGoal,0,0.5,"sampleJointGoal+Signal
afterNewGoal"
session_20_player1,sampleJointGoalAndSignal_afterNewGoal,1,0.5529203606482818,"sampleJointGoal+Signal
afterNewGoal"
session_20_player1,sampleJointGoalAndSignal_afterNewGoal,2,0.7357526520343913,"sampleJointGoal+Signal
afterNewGoal"
session_20_player1,sampleJointGoalAndSignal_afterNewGoal,3,0.8222916284505029,"sampleJointGoal+Signal
afterNewGoal"
session_20_player1,sampleJointGoalAndSignal_afterNewGoal,4,0.941938211611888,"sampleJointGoal+Signal
afterNewGoal"
session_20_player1,sampleJointGoalAndSignal_afterNewGoal,5,0.9577401800079163,"sampleJointGoal+Signal
afterNewGoal"
session_20_player1,sampleJointGoalAndSignal_fromStart,0,0.5,"sampleJointGoal+Signal
fromStart"
session_20_player1,sampleJointGoalAndSignal_fromStart,1,0.5830959481722944,"sampleJointGoal+Signal
fromStart"
session_20_player1,sampleJointGoalAndSignal_fromStart,2,0.6271677402081922,"sampleJointGoal+Signal
fromStart"
session_20_player1,sampleJointGoalAndSignal_fromStart,3,0.6899346083037161,"sampleJointGoal+Signal
fromStart"
session_20_player1,sampleJointGoalAndSignal_fromStart,4,0.697159087559746,"sampleJointGoal+Signal
fromStart"
session_20_player1,sampleJointGoalAndSignal_fromStart,5,0.7062086554301179,"sampleJointGoal+Signal
fromStart"
session_20_player1,sampleJointGoal_afterNewGoal,0,0.5,"sampleJointGoal
afterNewGoal"
session_20_player1,sampleJointGoal_afterNewGoal,1,0.688714706352669,"sampleJointGoal
afterNewGoal"
session_20_player1,sampleJointGoal_afterNewGoal,2,0.7283169008974061,"sampleJointGoal
afterNewGoal"
session_20_player1,sampleJointGoal_afterNewGoal,3,0.8608119789671734,"sampleJointGoal
afterNewGoal"
session_20_player1,sampleJointGoal_afterNewGoal,4,0.8764904341335953,"sampleJointGoal
afterNewGoal"
session_20_player1,sampleJointGoal_afterNewGoal,5,0.8911771785534677,"sampleJointGoal
afterNewGoal"
session_20_player1,samplePosteriorOnlyGoalAndSignal_fromStart,0,0.5,"samplePosteriorOnlyGoal+Signal
fromStart"
session_20_player1,samplePosteriorOnlyGoalAndSignal_fromStart,1,0.6252345394849524,"samplePosteriorOnlyGoal+Signal
fromStart"
session_20_player1,samplePosteriorOnlyGoalAndSignal_fromStart,2,0.632196963033456,"samplePosteriorOnlyGoal+Signal
fromStart"
session_20_player1,samplePosteriorOnlyGoalAndSignal_fromStart,3,0.6303200434464913,"samplePosteriorOnlyGoal+Signal
fromStart"
session_20_player1,samplePosteriorOnlyGoalAndSignal_fromStart,4,0.819990114595346,"samplePosteriorOnlyGoal+Signal
fromStart"
session_20_player1,samplePosteriorOnlyGoalAndSignal_fromStart,5,0.7339328902136039,"samplePosteriorOnlyGoal+Signal
fromStart"
session_20_player2,TwoStageSignalAgent_sigmoidThreshold,0,0.5,"TwoStageSignal
sigmoidThreshold"
session_20_player2,TwoStageSignalAgent_sigmoidThreshold,1,0.763931343834243,"TwoStageSignal
sigmoidThreshold"
session_20_player2,TwoStageSignalAgent_sigmoidThreshold,2,0.8135235159906591,"TwoStageSignal
sigmoidThreshold"
session_20_player2,TwoStageSignalAgent_sigmoidThreshold,3,0.8230520524568332,"TwoStageSignal
sigmoidThreshold"
session_20_player2,TwoStageSignalAgent_sigmoidThreshold,4,0.8163114721542485,"TwoStageSignal
sigmoidThreshold"
session_20_player2,TwoStageSignalAgent_sigmoidThreshold,5,0.835036808528545,"TwoStageSignal
sigmoidThreshold"
session_20_player2,sampleJointGoalAndRSASignal_fromStart,0,0.5,"shared-agency
communicative
action mixture
fromStart"
session_20_player2,sampleJointGoalAndRSASignal_fromStart,1,0.7204643204097041,"shared-agency
communicative
action mixture
fromStart"
session_20_player2,sampleJointGoalAndRSASignal_fromStart,2,0.7677291382496195,"shared-agency
communicative
action mixture
fromStart"
session_20_player2,sampleJointGoalAndRSASignal_fromStart,3,0.7842503175138464,"shared-agency
communicative
action mixture
fromStart"
session_20_player2,sampleJointGoalAndRSASignal_fromStart,4,0.8372386426224856,"shared-agency
communicative
action mixture
fromStart"
session_20_player2,sampleJointGoalAndRSASignal_fromStart,5,0.836988174816033,"shared-agency
communicative
action mixture
fromStart"
session_20_player2,sampleJointGoalAndSignal_afterNewGoal,0,0.5,"sampleJointGoal+Signal
afterNewGoal"
session_20_player2,sampleJointGoalAndSignal_afterNewGoal,1,0.7205633314615406,"sampleJointGoal+Signal
afterNewGoal"
session_20_player2,sampleJointGoalAndSignal_afterNewGoal,2,0.6691535885358442,"sampleJointGoal+Signal
afterNewGoal"
session_20_player2,sampleJointGoalAndSignal_afterNewGoal,3,0.8790304615346025,"sampleJointGoal+Signal
afterNewGoal"
session_20_player2,sampleJointGoalAndSignal_afterNewGoal,4,0.8841313531027402,"sampleJointGoal+Signal
afterNewGoal"
session_20_player2,sampleJointGoalAndSignal_afterNewGoal,5,0.9023150392017674,"sampleJointGoal+Signal
afterNewGoal"
session_20_player2,sampleJointGoalAndSignal_fromStart,0,0.5,"sampleJointGoal+Signal
fromStart"
session_20_player2,sampleJointGoalAndSignal_fromStart,1,0.5848596278041991,"sampleJointGoal+Signal
fromStart"
session_20_player2,sampleJointGoalAndSignal_fromStart,2,0.7067015789751115,"sampleJointGoal+Signal
fromStart"
session_20_player2,sampleJointGoalAndSignal_fromStart,3,0.7627587506446397,"sampleJointGoal+Signal
fromStart"
session_20_player2,sampleJointGoalAndSignal_fromStart,4,0.8351740497580796,"sampleJointGoal+Signal
fromStart"
session_20_player2,sampleJointGoalAndSignal_fromStart,5,0.8531388720697607,"sampleJointGoal+Signal
fromStart"
session_20_player2,sampleJointGoal_afterNewGoal,0,0.5,"sampleJointGoal
afterNewGoal"
session_20_player2,sampleJointGoal_afterNewGoal,1,0.6787690752483658,"sampleJointGoal
afterNewGoal"
session_20_player2,sampleJointGoal_afterNewGoal,2,0.6598719005450583,"sampleJointGoal
afterNewGoal"
session_20_player2,sampleJointGoal_afterNewGoal,3,0.8557275652743912,"sampleJointGoal
afterNewGoal"
session_20_player2,sampleJointGoal_afterNewGoal,4,0.9390311189699632,"sampleJointGoal
afterNewGoal"
session_20_player2,sampleJointGoal_afterNewGoal,5,0.9293177384029231,"sampleJointGoal
afterNewGoal"
session_20_player2,samplePosteriorOnlyGoalAndSignal_fromStart,0,0.5,"samplePosteriorOnlyGoal+Signal
fromStart"
session_20_player2,samplePosteriorOnlyGoalAndSignal_fromStart,1,0.7882715192830962,"samplePosteriorOnlyGoal+Signal
fromStart"
session_20_player2,samplePosteriorOnlyGoalAndSignal_fromStart,2,0.7906097011320264,"samplePosteriorOnlyGoal+Signal
fromStart"
session_20_player2,samplePosteriorOnlyGoalAndSignal_fromStart,3,0.7918098316675285,"samplePosteriorOnlyGoal+Signal
fromStart"
session_20_player2,samplePosteriorOnlyGoalAndSignal_fromStart,4,0.7958596514092694,"samplePosteriorOnlyGoal+Signal
fromStart"
session_20_player2,samplePosteriorOnlyGoalAndSignal_fromStart,5,0.7994436636913226,"samplePosteriorOnlyGoal+Signal
fromStart"
session_21_player1,TwoStageSignalAgent_sigmoidThreshold,0,0.5,"TwoStageSignal
sigmoidThreshold"
session_21_player1,TwoStageSignalAgent_sigmoidThreshold,1,0.42129472999878315,"TwoStageSignal
sigmoidThreshold"
session_21_player1,TwoStageSignalAgent_sigmoidThreshold,2,0.3402346915871397,"TwoStageSignal
sigmoidThreshold"
session_21_player1,TwoStageSignalAgent_sigmoidThreshold,3,0.5574515829814121,"TwoStageSignal
sigmoidThreshold"
session_21_player1,TwoStageSignalAgent_sigmoidThreshold,4,0.6003793100335834,"TwoStageSignal
sigmoidThreshold"
session_21_player1,TwoStageSignalAgent_sigmoidThreshold,5,0.8614450715650045,"TwoStageSignal
sigmoidThreshold"
session_21_player1,sampleJointGoalAndRSASignal_fromStart,0,0.5,"shared-agency
communicative
action mixture
fromStart"
session_21_player1,sampleJointGoalAndRSASignal_fromStart,1,0.6078242687977081,"shared-agency
communicative
action mixture
fromStart"
session_21_player1,sampleJointGoalAndRSASignal_fromStart,2,0.7432558065932421,"shared-agency
communicative
action mixture
fromStart"
session_21_player1,sampleJointGoalAndRSASignal_fromStart,3,0.7881705205097632,"shared-agency
communicative
action mixture
fromStart"
session_21_player1,sampleJointGoalAndRSASignal_fromStart,4,0.8633709480146956,"shared-agency
communicative
action mixture
fromStart"
session_21_player1,sampleJointGoalAndRSASignal_fromStart,5,0.9387093337206649,"shared-agency
communicative
action mixture
fromStart"
session_21_player1,sampleJointGoalAndSignal_afterNewGoal,0,0.5,"sampleJointGoal+Signal
afterNewGoal"
session_21_player1,sampleJointGoalAndSignal_afterNewGoal,1,0.5978745432996582,"sampleJointGoal+Signal
afterNewGoal"
session_21_player1,sampleJointGoalAndSignal_afterNewGoal,2,0.5775895725723432,"sampleJointGoal+Signal
afterNewGoal"
session_21_player1,sampleJointGoalAndSignal_afterNewGoal,3,0.6821188324694324,"sampleJointGoal+Signal
afterNewGoal"
session_21_player1,sampleJointGoalAndSignal_afterNewGoal,4,0.7296414869587703,"sampleJointGoal+Signal
afterNewGoal"
session_21_player1,sampleJointGoalAndSignal_afterNewGoal,5,0.8518536325036644,"sampleJointGoal+Signal
afterNewGoal"
session_21_player1,sampleJointGoalAndSignal_fromStart,0,0.5,"sampleJointGoal+Signal
fromStart"
session_21_player1,sampleJointGoalAndSignal_fromStart,1,0.7488073897524078,"sampleJointGoal+Signal
fromStart"
session_21_player1,sampleJointGoalAndSignal_fromStart,2,0.8151685886527359,"sampleJointGoal+Signal
fromStart"
session_21_player1,sampleJointGoalAndSignal_fromStart,3,0.88865851431109,"sampleJointGoal+Signal
fromStart"
session_21_player1,sampleJointGoalAndSignal_fromStart,4,0.8903429148129353,"sampleJointGoal+Signal
fromStart"
session_21_player1,sampleJointGoalAndSignal_fromStart,5,0.8916657390652716,"sampleJointGoal+Signal
fromStart"
session_21_player1,sampleJointGoal_afterNewGoal,0,0.5,"sampleJointGoal
afterNewGoal"
session_21_player1,sampleJointGoal_afterNewGoal,1,0.5380215958052382,"sampleJointGoal
afterNewGoal"
session_21_player1,sampleJointGoal_afterNewGoal,2,0.6634552695906372,"sampleJointGoal
afterNewGoal"
session_21_player1,sampleJointGoal_afterNewGoal,3,0.7163685130937061,"sampleJointGoal
afterNewGoal"
session_21_player1,sampleJointGoal_afterNewGoal,4,0.7150231894555923,"sampleJointGoal
afterNewGoal"
session_21_player1,sampleJointGoal_afterNewGoal,5,0.8058539932438837,"sampleJointGoal
afterNewGoal"
session_21_player1,samplePosteriorOnlyGoalAndSignal_fromStart,0,0.5,"samplePosteriorOnlyGoal+Signal
fromStart"
session_21_player1,samplePosteriorOnlyGoalAndSignal_fromStart,1,0.7807390075523918,"samplePosteriorOnlyGoal+Signal
fromStart"
session_21_player1,samplePosteriorOnlyGoalAndSignal_fromStart,2,0.9318546200935931,"samplePosteriorOnlyGoal+Signal
fromStart"
session_21_player1,samplePosteriorOnlyGoalAndSignal_fromStart,3,0.9356129133950762,"samplePosteriorOnlyGoal+Signal
fromStart"
session_21_player1,samplePosteriorOnlyGoalAndSignal_fromStart,4,0.9372215398683263,"samplePosteriorOnlyGoal+Signal
fromStart"
session_21_player1,samplePosteriorOnlyGoalAndSignal_fromStart,5,0.9372700299251473,"samplePosteriorOnlyGoal+Signal
fromStart"
session_21_player2,TwoStageSignalAgent_sigmoidThreshold,0,0.5,"TwoStageSignal
sigmoidThreshold"
session_21_player2,TwoStageSignalAgent_sigmoidThreshold,1,0.7294881470877239,"TwoStageSignal
sigmoidThreshold"
session_21_player2,TwoStageSignalAgent_sigmoidThreshold,2,0.7860051355364758,"TwoStageSignal
sigmoidThreshold"
session_21_player2,TwoStageSignalAgent_sigmoidThreshold,3,0.8585854636806779,"TwoStageSignal
sigmoidThreshold"
session_21_player2,TwoStageSignalAgent_sigmoidThreshold,4,0.8596479601977202,"TwoStageSignal
sigmoidThreshold"
session_21_player2,TwoStageSignalAgent_sigmoidThreshold,5,0.8652240053610135,"TwoStageSignal
sigmoidThreshold"
session_21_player2,sampleJointGoalAndRSASignal_fromStart,0,0.5,"shared-agency
communicative
action mixture
fromStart"
session_21_player2,sampleJointGoalAndRSASignal_fromStart,1,0.7895797714422632,"shared-agency
communicative
action mixture
fromStart"
session_21_player2,sampleJointGoalAndRSASignal_fromStart,2,0.8872563631951498,"shared-agency
communicative
action mixture
fromStart"
session_21_player2,sampleJointGoalAndRSASignal_fromStart,3,0.9043322183814172,"shared-agency
communicative
action mixture
fromStart"
session_21_player2,sampleJointGoalAndRSASignal_fromStart,4,0.8882215335106395,"shared-agency
communicative
action mixture
fromStart"
session_21_player2,sampleJointGoalAndRSASignal_fromStart,5,0.9444666673886307,"shared-agency
communicative
action mixture
fromStart"
session_21_player2,sampleJointGoalAndSignal_afterNewGoal,0,0.5,"sampleJointGoal+Signal
afterNewGoal"
session_21_player2,sampleJointGoalAndSignal_afterNewGoal,1,0.4493484940710981,"sampleJointGoal+Signal
afterNewGoal"
session_21_player2,sampleJointGoalAndSignal_afterNewGoal,2,0.6857341712568104,"sampleJointGoal+Signal
afterNewGoal"
session_21_player2,sampleJointGoalAndSignal_afterNewGoal,3,0.7648937633934976,"sampleJointGoal+Signal
afterNewGoal"
session_21_player2,sampleJointGoalAndSignal_afterNewGoal,4,0.7865082511356204,"sampleJointGoal+Signal
afterNewGoal"
session_21_player2,sampleJointGoalAndSignal_afterNewGoal,5,0.9194029192196339,"sampleJointGoal+Signal
afterNewGoal"
session_21_player2,sampleJointGoalAndSignal_fromStart,0,0.5,"sampleJointGoal+Signal
fromStart"
session_21_player2,sampleJointGoalAndSignal_fromStart,1,0.7489357821446202,"sampleJointGoal+Signal
fromStart"
session_21_player2,sampleJointGoalAndSignal_fromStart,2,0.8131096133775105,"sampleJointGoal+Signal
fromStart"
session_21_player2,sampleJointGoalAndSignal_fromStart,3,0.8835522733102125,"sampleJointGoal+Signal
fromStart"
session_21_player2,sampleJointGoalAndSignal_fromStart,4,0.8859525658742589,"sampleJointGoal+Signal
fromStart"
session_21_player2,sampleJointGoalAndSignal_fromStart,5,0.8866215984007395,"sampleJointGoal+Signal
fromStart"
session_21_player2,sampleJointGoal_afterNewGoal,0,0.5,"sampleJointGoal
afterNewGoal"
session_21_player2,sampleJointGoal_afterNewGoal,1,0.7063354855526655,"sampleJointGoal
afterNewGoal"
session_21_player2,sampleJointGoal_afterNewGoal,2,0.7306283195596036,"sampleJointGoal
afterNewGoal"
session_21_player2,sampleJointGoal_afterNewGoal,3,0.8173233817066446,"sampleJointGoal
afterNewGoal"
session_21_player2,sampleJointGoal_afterNewGoal,4,0.8439501234790773,"sampleJointGoal
afterNewGoal"
session_21_player2,sampleJointGoal_afterNewGoal,5,0.8870497734944504,"sampleJointGoal
afterNewGoal"
session_21_player2,samplePosteriorOnlyGoalAndSignal_fromStart,0,0.5,"samplePosteriorOnlyGoal+Signal
fromStart"
session_21_player2,samplePosteriorOnlyGoalAndSignal_fromStart,1,0.7833949958317029,"samplePosteriorOnlyGoal+Signal
fromStart"
session_21_player2,samplePosteriorOnlyGoalAndSignal_fromStart,2,0.8569400944203936,"samplePosteriorOnlyGoal+Signal
fromStart"
session_21_player2,samplePosteriorOnlyGoalAndSignal_fromStart,3,0.9301985355134864,"samplePosteriorOnlyGoal+Signal
fromStart"
session_21_player2,samplePosteriorOnlyGoalAndSignal_fromStart,4,0.9313409443035413,"samplePosteriorOnlyGoal+Signal
fromStart"
session_21_player2,samplePosteriorOnlyGoalAndSignal_fromStart,5,0.9318013810403307,"samplePosteriorOnlyGoal+Signal
fromStart"
session_22_player1,TwoStageSignalAgent_sigmoidThreshold,0,0.5,"TwoStageSignal
sigmoidThreshold"
session_22_player1,TwoStageSignalAgent_sigmoidThreshold,1,0.6111989636183706,"TwoStageSignal
sigmoidThreshold"
session_22_player1,TwoStageSignalAgent_sigmoidThreshold,2,0.7342538135194702,"TwoStageSignal
sigmoidThreshold"
session_22_player1,TwoStageSignalAgent_sigmoidThreshold,3,0.8875262116843375,"TwoStageSignal
sigmoidThreshold"
session_22_player1,TwoStageSignalAgent_sigmoidThreshold,4,0.8971757693153743,"TwoStageSignal
sigmoidThreshold"
session_22_player1,TwoStageSignalAgent_sigmoidThreshold,5,0.979601571592101,"TwoStageSignal
sigmoidThreshold"
session_22_player1,sampleJointGoalAndRSASignal_fromStart,0,0.5,"shared-agency
communicative
action mixture
fromStart"
session_22_player1,sampleJointGoalAndRSASignal_fromStart,1,0.5521969630778294,"shared-agency
communicative
action mixture
fromStart"
session_22_player1,sampleJointGoalAndRSASignal_fromStart,2,0.5247178292125745,"shared-agency
communicative
action mixture
fromStart"
session_22_player1,sampleJointGoalAndRSASignal_fromStart,3,0.6497407839331115,"shared-agency
communicative
action mixture
fromStart"
session_22_player1,sampleJointGoalAndRSASignal_fromStart,4,0.8243542858543599,"shared-agency
communicative
action mixture
fromStart"
session_22_player1,sampleJointGoalAndRSASignal_fromStart,5,0.8115602066687939,"shared-agency
communicative
action mixture
fromStart"
session_22_player1,sampleJointGoalAndSignal_afterNewGoal,0,0.5,"sampleJointGoal+Signal
afterNewGoal"
session_22_player1,sampleJointGoalAndSignal_afterNewGoal,1,0.7151927601438014,"sampleJointGoal+Signal
afterNewGoal"
session_22_player1,sampleJointGoalAndSignal_afterNewGoal,2,0.8324707505120275,"sampleJointGoal+Signal
afterNewGoal"
session_22_player1,sampleJointGoalAndSignal_afterNewGoal,3,0.8470445885340192,"sampleJointGoal+Signal
afterNewGoal"
session_22_player1,sampleJointGoalAndSignal_afterNewGoal,4,0.928985532658575,"sampleJointGoal+Signal
afterNewGoal"
session_22_player1,sampleJointGoalAndSignal_afterNewGoal,5,0.9282334624775641,"sampleJointGoal+Signal
afterNewGoal"
session_22_player1,sampleJointGoalAndSignal_fromStart,0,0.5,"sampleJointGoal+Signal
fromStart"
session_22_player1,sampleJointGoalAndSignal_fromStart,1,0.6530941436750632,"sampleJointGoal+Signal
fromStart"
session_22_player1,sampleJointGoalAndSignal_fromStart,2,0.8441046178982062,"sampleJointGoal+Signal
fromStart"
session_22_player1,sampleJointGoalAndSignal_fromStart,3,0.8706720836578508,"sampleJointGoal+Signal
fromStart"
session_22_player1,sampleJointGoalAndSignal_fromStart,4,0.8558251070016301,"sampleJointGoal+Signal
fromStart"
session_22_player1,sampleJointGoalAndSignal_fromStart,5,0.8445922543990014,"sampleJointGoal+Signal
fromStart"
session_22_player1,sampleJointGoal_afterNewGoal,0,0.5,"sampleJointGoal
afterNewGoal"
session_22_player1,sampleJointGoal_afterNewGoal,1,0.7603314910755389,"sampleJointGoal
afterNewGoal"
session_22_player1,sampleJointGoal_afterNewGoal,2,0.8578903531606125,"sampleJointGoal
afterNewGoal"
session_22_player1,sampleJointGoal_afterNewGoal,3,0.8711280427053679,"sampleJointGoal
afterNewGoal"
session_22_player1,sampleJointGoal_afterNewGoal,4,0.8889707164676555,"sampleJointGoal
afterNewGoal"
session_22_player1,sampleJointGoal_afterNewGoal,5,0.956375096975925,"sampleJointGoal
afterNewGoal"
session_22_player1,samplePosteriorOnlyGoalAndSignal_fromStart,0,0.5,"samplePosteriorOnlyGoal+Signal
fromStart"
session_22_player1,samplePosteriorOnlyGoalAndSignal_fromStart,1,0.6536382872212826,"samplePosteriorOnlyGoal+Signal
fromStart"
session_22_player1,samplePosteriorOnlyGoalAndSignal_fromStart,2,0.7278523467384397,"samplePosteriorOnlyGoal+Signal
fromStart"
session_22_player1,samplePosteriorOnlyGoalAndSignal_fromStart,3,0.7817850016615793,"samplePosteriorOnlyGoal+Signal
fromStart"
session_22_player1,samplePosteriorOnlyGoalAndSignal_fromStart,4,0.7934380684388199,"samplePosteriorOnlyGoal+Signal
fromStart"
session_22_player1,samplePosteriorOnlyGoalAndSignal_fromStart,5,0.7930587320461702,"samplePosteriorOnlyGoal+Signal
fromStart"
session_22_player2,TwoStageSignalAgent_sigmoidThreshold,0,0.5,"TwoStageSignal
sigmoidThreshold"
session_22_player2,TwoStageSignalAgent_sigmoidThreshold,1,0.7249536392354765,"TwoStageSignal
sigmoidThreshold"
session_22_player2,TwoStageSignalAgent_sigmoidThreshold,2,0.7600682397442163,"TwoStageSignal
sigmoidThreshold"
session_22_player2,TwoStageSignalAgent_sigmoidThreshold,3,0.8217907021974098,"TwoStageSignal
sigmoidThreshold"
session_22_player2,TwoStageSignalAgent_sigmoidThreshold,4,0.8191945785844005,"TwoStageSignal
sigmoidThreshold"
session_22_player2,TwoStageSignalAgent_sigmoidThreshold,5,0.85379165630722,"TwoStageSignal
sigmoidThreshold"
session_22_player2,sampleJointGoalAndRSASignal_fromStart,0,0.5,"shared-agency
communicative
action mixture
fromStart"
session_22_player2,sampleJointGoalAndRSASignal_fromStart,1,0.7731211489477094,"shared-agency
communicative
action mixture
fromStart"
session_22_player2,sampleJointGoalAndRSASignal_fromStart,2,0.7941787815250705,"shared-agency
communicative
action mixture
fromStart"
session_22_player2,sampleJointGoalAndRSASignal_fromStart,3,0.8890157670008174,"shared-agency
communicative
action mixture
fromStart"
session_22_player2,sampleJointGoalAndRSASignal_fromStart,4,0.8630182347245481,"shared-agency
communicative
action mixture
fromStart"
session_22_player2,sampleJointGoalAndRSASignal_fromStart,5,0.8750105697889723,"shared-agency
communicative
action mixture
fromStart"
session_22_player2,sampleJointGoalAndSignal_afterNewGoal,0,0.5,"sampleJointGoal+Signal
afterNewGoal"
session_22_player2,sampleJointGoalAndSignal_afterNewGoal,1,0.7946715609731297,"sampleJointGoal+Signal
afterNewGoal"
session_22_player2,sampleJointGoalAndSignal_afterNewGoal,2,0.8188408687034264,"sampleJointGoal+Signal
afterNewGoal"
session_22_player2,sampleJointGoalAndSignal_afterNewGoal,3,0.8659561478682362,"sampleJointGoal+Signal
afterNewGoal"
session_22_player2,sampleJointGoalAndSignal_afterNewGoal,4,0.9168652726783433,"sampleJointGoal+Signal
afterNewGoal"
session_22_player2,sampleJointGoalAndSignal_afterNewGoal,5,0.9310893066710036,"sampleJointGoal+Signal
afterNewGoal"
session_22_player2,sampleJointGoalAndSignal_fromStart,0,0.5,"sampleJointGoal+Signal
fromStart"
session_22_player2,sampleJointGoalAndSignal_fromStart,1,0.7280014444552092,"sampleJointGoal+Signal
fromStart"
session_22_player2,sampleJointGoalAndSignal_fromStart,2,0.8232564112297325,"sampleJointGoal+Signal
fromStart"
session_22_player2,sampleJointGoalAndSignal_fromStart,3,0.8910890937298129,"sampleJointGoal+Signal
fromStart"
session_22_player2,sampleJointGoalAndSignal_fromStart,4,0.8911023167063655,"sampleJointGoal+Signal
fromStart"
session_22_player2,sampleJointGoalAndSignal_fromStart,5,0.8907270469901203,"sampleJointGoal+Signal
fromStart"
session_22_player2,sampleJointGoal_afterNewGoal,0,0.5,"sampleJointGoal
afterNewGoal"
session_22_player2,sampleJointGoal_afterNewGoal,1,0.41731411849722955,"sampleJointGoal
afterNewGoal"
session_22_player2,sampleJointGoal_afterNewGoal,2,0.568056319134921,"sampleJointGoal
afterNewGoal"
session_22_player2,sampleJointGoal_afterNewGoal,3,0.740792676952499,"sampleJointGoal
afterNewGoal"
session_22_player2,sampleJointGoal_afterNewGoal,4,0.8994033953251143,"sampleJointGoal
afterNewGoal"
session_22_player2,sampleJointGoal_afterNewGoal,5,0.9211380828019937,"sampleJointGoal
afterNewGoal"
session_22_player2,samplePosteriorOnlyGoalAndSignal_fromStart,0,0.5,"samplePosteriorOnlyGoal+Signal
fromStart"
session_22_player2,samplePosteriorOnlyGoalAndSignal_fromStart,1,0.6184093747286457,"samplePosteriorOnlyGoal+Signal
fromStart"
session_22_player2,samplePosteriorOnlyGoalAndSignal_fromStart,2,0.6760271012780408,"samplePosteriorOnlyGoal+Signal
fromStart"
session_22_player2,samplePosteriorOnlyGoalAndSignal_fromStart,3,0.676402373763949,"samplePosteriorOnlyGoal+Signal
fromStart"
session_22_player2,samplePosteriorOnlyGoalAndSignal_fromStart,4,0.6941982985212696,"samplePosteriorOnlyGoal+Signal
fromStart"
session_22_player2,samplePosteriorOnlyGoalAndSignal_fromStart,5,0.7128591871197874,"samplePosteriorOnlyGoal+Signal
fromStart"
session_23_player1,TwoStageSignalAgent_sigmoidThreshold,0,0.5,"TwoStageSignal
sigmoidThreshold"
session_23_player1,TwoStageSignalAgent_sigmoidThreshold,1,0.5951220318558444,"TwoStageSignal
sigmoidThreshold"
session_23_player1,TwoStageSignalAgent_sigmoidThreshold,2,0.7306531318260886,"TwoStageSignal
sigmoidThreshold"
session_23_player1,TwoStageSignalAgent_sigmoidThreshold,3,0.7439974045474756,"TwoStageSignal
sigmoidThreshold"
session_23_player1,TwoStageSignalAgent_sigmoidThreshold,4,0.7522988650936236,"TwoStageSignal
sigmoidThreshold"
session_23_player1,TwoStageSignalAgent_sigmoidThreshold,5,0.6955979191881325,"TwoStageSignal
sigmoidThreshold"
session_23_player1,sampleJointGoalAndRSASignal_fromStart,0,0.5,"shared-agency
communicative
action mixture
fromStart"
session_23_player1,sampleJointGoalAndRSASignal_fromStart,1,0.7387082955771268,"shared-agency
communicative
action mixture
fromStart"
session_23_player1,sampleJointGoalAndRSASignal_fromStart,2,0.8854396959782992,"shared-agency
communicative
action mixture
fromStart"
session_23_player1,sampleJointGoalAndRSASignal_fromStart,3,0.8738800340355327,"shared-agency
communicative
action mixture
fromStart"
session_23_player1,sampleJointGoalAndRSASignal_fromStart,4,0.8953388232645489,"shared-agency
communicative
action mixture
fromStart"
session_23_player1,sampleJointGoalAndRSASignal_fromStart,5,0.9126634258745512,"shared-agency
communicative
action mixture
fromStart"
session_23_player1,sampleJointGoalAndSignal_afterNewGoal,0,0.5,"sampleJointGoal+Signal
afterNewGoal"
session_23_player1,sampleJointGoalAndSignal_afterNewGoal,1,0.8527301621149947,"sampleJointGoal+Signal
afterNewGoal"
session_23_player1,sampleJointGoalAndSignal_afterNewGoal,2,0.847191323223109,"sampleJointGoal+Signal
afterNewGoal"
session_23_player1,sampleJointGoalAndSignal_afterNewGoal,3,0.7889124802714006,"sampleJointGoal+Signal
afterNewGoal"
session_23_player1,sampleJointGoalAndSignal_afterNewGoal,4,0.8443971720178426,"sampleJointGoal+Signal
afterNewGoal"
session_23_player1,sampleJointGoalAndSignal_afterNewGoal,5,0.9191014425106797,"sampleJointGoal+Signal
afterNewGoal"
session_23_player1,sampleJointGoalAndSignal_fromStart,0,0.5,"sampleJointGoal+Signal
fromStart"
session_23_player1,sampleJointGoalAndSignal_fromStart,1,0.5632334192159133,"sampleJointGoal+Signal
fromStart"
session_23_player1,sampleJointGoalAndSignal_fromStart,2,0.747673747648282,"sampleJointGoal+Signal
fromStart"
session_23_player1,sampleJointGoalAndSignal_fromStart,3,0.7535054456411827,"sampleJointGoal+Signal
fromStart"
session_23_player1,sampleJointGoalAndSignal_fromStart,4,0.766062047042305,"sampleJointGoal+Signal
fromStart"
session_23_player1,sampleJointGoalAndSignal_fromStart,5,0.7763463862916417,"sampleJointGoal+Signal
fromStart"
session_23_player1,sampleJointGoal_afterNewGoal,0,0.5,"sampleJointGoal
afterNewGoal"
session_23_player1,sampleJointGoal_afterNewGoal,1,0.6333316793919547,"sampleJointGoal
afterNewGoal"
session_23_player1,sampleJointGoal_afterNewGoal,2,0.8475710276467397,"sampleJointGoal
afterNewGoal"
session_23_player1,sampleJointGoal_afterNewGoal,3,0.7860892711965802,"sampleJointGoal
afterNewGoal"
session_23_player1,sampleJointGoal_afterNewGoal,4,0.9368964826587692,"sampleJointGoal
afterNewGoal"
session_23_player1,sampleJointGoal_afterNewGoal,5,0.9999453055802255,"sampleJointGoal
afterNewGoal"
session_23_player1,samplePosteriorOnlyGoalAndSignal_fromStart,0,0.5,"samplePosteriorOnlyGoal+Signal
fromStart"
session_23_player1,samplePosteriorOnlyGoalAndSignal_fromStart,1,0.7492807540725194,"samplePosteriorOnlyGoal+Signal
fromStart"
session_23_player1,samplePosteriorOnlyGoalAndSignal_fromStart,2,0.8123218886637533,"samplePosteriorOnlyGoal+Signal
fromStart"
session_23_player1,samplePosteriorOnlyGoalAndSignal_fromStart,3,0.8256434538858067,"samplePosteriorOnlyGoal+Signal
fromStart"
session_23_player1,samplePosteriorOnlyGoalAndSignal_fromStart,4,0.9225520466202362,"samplePosteriorOnlyGoal+Signal
fromStart"
session_23_player1,samplePosteriorOnlyGoalAndSignal_fromStart,5,0.9376217141825001,"samplePosteriorOnlyGoal+Signal
fromStart"
session_23_player2,TwoStageSignalAgent_sigmoidThreshold,0,0.5,"TwoStageSignal
sigmoidThreshold"
session_23_player2,TwoStageSignalAgent_sigmoidThreshold,1,0.6572903111481726,"TwoStageSignal
sigmoidThreshold"
session_23_player2,TwoStageSignalAgent_sigmoidThreshold,2,0.779569943568425,"TwoStageSignal
sigmoidThreshold"
session_23_player2,TwoStageSignalAgent_sigmoidThreshold,3,0.9344453873912979,"TwoStageSignal
sigmoidThreshold"
session_23_player2,TwoStageSignalAgent_sigmoidThreshold,4,0.918254526475389,"TwoStageSignal
sigmoidThreshold"
session_23_player2,TwoStageSignalAgent_sigmoidThreshold,5,0.8882146802239655,"TwoStageSignal
sigmoidThreshold"
session_23_player2,sampleJointGoalAndRSASignal_fromStart,0,0.5,"shared-agency
communicative
action mixture
fromStart"
session_23_player2,sampleJointGoalAndRSASignal_fromStart,1,0.6609579254544052,"shared-agency
communicative
action mixture
fromStart"
session_23_player2,sampleJointGoalAndRSASignal_fromStart,2,0.7180186817839671,"shared-agency
communicative
action mixture
fromStart"
session_23_player2,sampleJointGoalAndRSASignal_fromStart,3,0.8207601977920833,"shared-agency
communicative
action mixture
fromStart"
session_23_player2,sampleJointGoalAndRSASignal_fromStart,4,0.8002976610478875,"shared-agency
communicative
action mixture
fromStart"
session_23_player2,sampleJointGoalAndRSASignal_fromStart,5,0.8051528771929927,"shared-agency
communicative
action mixture
fromStart"
session_23_player2,sampleJointGoalAndSignal_afterNewGoal,0,0.5,"sampleJointGoal+Signal
afterNewGoal"
session_23_player2,sampleJointGoalAndSignal_afterNewGoal,1,0.47720749139405877,"sampleJointGoal+Signal
afterNewGoal"
session_23_player2,sampleJointGoalAndSignal_afterNewGoal,2,0.6524675040324525,"sampleJointGoal+Signal
afterNewGoal"
session_23_player2,sampleJointGoalAndSignal_afterNewGoal,3,0.791504051171085,"sampleJointGoal+Signal
afterNewGoal"
session_23_player2,sampleJointGoalAndSignal_afterNewGoal,4,0.9285150104038723,"sampleJointGoal+Signal
afterNewGoal"
session_23_player2,sampleJointGoalAndSignal_afterNewGoal,5,0.9239003091206994,"sampleJointGoal+Signal
afterNewGoal"
session_23_player2,sampleJointGoalAndSignal_fromStart,0,0.5,"sampleJointGoal+Signal
fromStart"
session_23_player2,sampleJointGoalAndSignal_fromStart,1,0.6129670452545447,"sampleJointGoal+Signal
fromStart"
session_23_player2,sampleJointGoalAndSignal_fromStart,2,0.6671848914412211,"sampleJointGoal+Signal
fromStart"
session_23_player2,sampleJointGoalAndSignal_fromStart,3,0.7233636893035598,"sampleJointGoal+Signal
fromStart"
session_23_player2,sampleJointGoalAndSignal_fromStart,4,0.7287867323002432,"sampleJointGoal+Signal
fromStart"
session_23_player2,sampleJointGoalAndSignal_fromStart,5,0.7257920984962093,"sampleJointGoal+Signal
fromStart"
session_23_player2,sampleJointGoal_afterNewGoal,0,0.5,"sampleJointGoal
afterNewGoal"
session_23_player2,sampleJointGoal_afterNewGoal,1,0.5625323558129707,"sampleJointGoal
afterNewGoal"
session_23_player2,sampleJointGoal_afterNewGoal,2,0.5795861913826962,"sampleJointGoal
afterNewGoal"
session_23_player2,sampleJointGoal_afterNewGoal,3,0.6910027348099704,"sampleJointGoal
afterNewGoal"
session_23_player2,sampleJointGoal_afterNewGoal,4,0.7508845645195011,"sampleJointGoal
afterNewGoal"
session_23_player2,sampleJointGoal_afterNewGoal,5,0.8389716907171708,"sampleJointGoal
afterNewGoal"
session_23_player2,samplePosteriorOnlyGoalAndSignal_fromStart,0,0.5,"samplePosteriorOnlyGoal+Signal
fromStart"
session_23_player2,samplePosteriorOnlyGoalAndSignal_fromStart,1,0.7543521047999191,"samplePosteriorOnlyGoal+Signal
fromStart"
session_23_player2,samplePosteriorOnlyGoalAndSignal_fromStart,2,0.7994962285335583,"samplePosteriorOnlyGoal+Signal
fromStart"
session_23_player2,samplePosteriorOnlyGoalAndSignal_fromStart,3,0.9561976538114462,"samplePosteriorOnlyGoal+Signal
fromStart"
session_23_player2,samplePosteriorOnlyGoalAndSignal_fromStart,4,0.96735568853811,"samplePosteriorOnlyGoal+Signal
fromStart"
session_23_player2,samplePosteriorOnlyGoalAndSignal_fromStart,5,0.9769803021754824,"samplePosteriorOnlyGoal+Signal
fromStart"
session_24_player1,TwoStageSignalAgent_sigmoidThreshold,0,0.5,"TwoStageSignal
sigmoidThreshold"
session_24_player1,TwoStageSignalAgent_sigmoidThreshold,1,0.5440143847372328,"TwoStageSignal
sigmoidThreshold"
session_24_player1,TwoStageSignalAgent_sigmoidThreshold,2,0.6613567293090726,"TwoStageSignal
sigmoidThreshold"
session_24_player1,TwoStageSignalAgent_sigmoidThreshold,3,0.704310319770718,"TwoStageSignal
sigmoidThreshold"
session_24_player1,TwoStageSignalAgent_sigmoidThreshold,4,0.7239573878010451,"TwoStageSignal
sigmoidThreshold"
session_24_player1,TwoStageSignalAgent_sigmoidThreshold,5,0.7227779284974758,"TwoStageSignal
sigmoidThreshold"
session_24_player1,sampleJointGoalAndRSASignal_fromStart,0,0.5,"shared-agency
communicative
action mixture
fromStart"
session_24_player1,sampleJointGoalAndRSASignal_fromStart,1,0.7314589028713542,"shared-agency
communicative
action mixture
fromStart"
session_24_player1,sampleJointGoalAndRSASignal_fromStart,2,0.8481082160155609,"shared-agency
communicative
action mixture
fromStart"
session_24_player1,sampleJointGoalAndRSASignal_fromStart,3,0.876521458215206,"shared-agency
communicative
action mixture
fromStart"
session_24_player1,sampleJointGoalAndRSASignal_fromStart,4,0.9305554603860303,"shared-agency
communicative
action mixture
fromStart"
session_24_player1,sampleJointGoalAndRSASignal_fromStart,5,0.9358816646137784,"shared-agency
communicative
action mixture
fromStart"
session_24_player1,sampleJointGoalAndSignal_afterNewGoal,0,0.5,"sampleJointGoal+Signal
afterNewGoal"
session_24_player1,sampleJointGoalAndSignal_afterNewGoal,1,0.7109290145936417,"sampleJointGoal+Signal
afterNewGoal"
session_24_player1,sampleJointGoalAndSignal_afterNewGoal,2,0.6965489228300814,"sampleJointGoal+Signal
afterNewGoal"
session_24_player1,sampleJointGoalAndSignal_afterNewGoal,3,0.6931204471057745,"sampleJointGoal+Signal
afterNewGoal"
session_24_player1,sampleJointGoalAndSignal_afterNewGoal,4,0.6932314956660158,"sampleJointGoal+Signal
afterNewGoal"
session_24_player1,sampleJointGoalAndSignal_afterNewGoal,5,0.785815421501284,"sampleJointGoal+Signal
afterNewGoal"
session_24_player1,sampleJointGoalAndSignal_fromStart,0,0.5,"sampleJointGoal+Signal
fromStart"
session_24_player1,sampleJointGoalAndSignal_fromStart,1,0.8687031911398144,"sampleJointGoal+Signal
fromStart"
session_24_player1,sampleJointGoalAndSignal_fromStart,2,0.8226840569568914,"sampleJointGoal+Signal
fromStart"
session_24_player1,sampleJointGoalAndSignal_fromStart,3,0.9202909147625459,"sampleJointGoal+Signal
fromStart"
session_24_player1,sampleJointGoalAndSignal_fromStart,4,0.9378126946476404,"sampleJointGoal+Signal
fromStart"
session_24_player1,sampleJointGoalAndSignal_fromStart,5,0.9381467613141861,"sampleJointGoal+Signal
fromStart"
session_24_player1,sampleJointGoal_afterNewGoal,0,0.5,"sampleJointGoal
afterNewGoal"
session_24_player1,sampleJointGoal_afterNewGoal,1,0.5434048319530651,"sampleJointGoal
afterNewGoal"
session_24_player1,sampleJointGoal_afterNewGoal,2,0.7221928888176411,"sampleJointGoal
afterNewGoal"
session_24_player1,sampleJointGoal_afterNewGoal,3,0.8863641025308993,"sampleJointGoal
afterNewGoal"
session_24_player1,sampleJointGoal_afterNewGoal,4,0.8972603188220083,"sampleJointGoal
afterNewGoal"
session_24_player1,sampleJointGoal_afterNewGoal,5,0.8930296560490065,"sampleJointGoal
afterNewGoal"
session_24_player1,samplePosteriorOnlyGoalAndSignal_fromStart,0,0.5,"samplePosteriorOnlyGoal+Signal
fromStart"
session_24_player1,samplePosteriorOnlyGoalAndSignal_fromStart,1,0.6153446614094028,"samplePosteriorOnlyGoal+Signal
fromStart"
session_24_player1,samplePosteriorOnlyGoalAndSignal_fromStart,2,0.7555944554395787,"samplePosteriorOnlyGoal+Signal
fromStart"
session_24_player1,samplePosteriorOnlyGoalAndSignal_fromStart,3,0.756376078210923,"samplePosteriorOnlyGoal+Signal
fromStart"
session_24_player1,samplePosteriorOnlyGoalAndSignal_fromStart,4,0.7714840715228194,"samplePosteriorOnlyGoal+Signal
fromStart"
session_24_player1,samplePosteriorOnlyGoalAndSignal_fromStart,5,0.7743570403116341,"samplePosteriorOnlyGoal+Signal
fromStart"
session_24_player2,TwoStageSignalAgent_sigmoidThreshold,0,0.5,"TwoStageSignal
sigmoidThreshold"
session_24_player2,TwoStageSignalAgent_sigmoidThreshold,1,0.7841374030041904,"TwoStageSignal
sigmoidThreshold"
session_24_player2,TwoStageSignalAgent_sigmoidThreshold,2,0.7882780673813209,"TwoStageSignal
sigmoidThreshold"
session_24_player2,TwoStageSignalAgent_sigmoidThreshold,3,0.7806480986668376,"TwoStageSignal
sigmoidThreshold"
session_24_player2,TwoStageSignalAgent_sigmoidThreshold,4,0.7800903972620684,"TwoStageSignal
sigmoidThreshold"
session_24_player2,TwoStageSignalAgent_sigmoidThreshold,5,0.7922038301804363,"TwoStageSignal
sigmoidThreshold"
session_24_player2,sampleJointGoalAndRSASignal_fromStart,0,0.5,"shared-agency
communicative
action mixture
fromStart"
session_24_player2,sampleJointGoalAndRSASignal_fromStart,1,0.6326961742255367,"shared-agency
communicative
action mixture
fromStart"
session_24_player2,sampleJointGoalAndRSASignal_fromStart,2,0.6116850145789504,"shared-agency
communicative
action mixture
fromStart"
session_24_player2,sampleJointGoalAndRSASignal_fromStart,3,0.6441181705970614,"shared-agency
communicative
action mixture
fromStart"
session_24_player2,sampleJointGoalAndRSASignal_fromStart,4,0.784097496787815,"shared-agency
communicative
action mixture
fromStart"
session_24_player2,sampleJointGoalAndRSASignal_fromStart,5,0.7858374943659073,"shared-agency
communicative
action mixture
fromStart"
session_24_player2,sampleJointGoalAndSignal_afterNewGoal,0,0.5,"sampleJointGoal+Signal
afterNewGoal"
session_24_player2,sampleJointGoalAndSignal_afterNewGoal,1,0.5741484221518169,"sampleJointGoal+Signal
afterNewGoal"
session_24_player2,sampleJointGoalAndSignal_afterNewGoal,2,0.7290219036346607,"sampleJointGoal+Signal
afterNewGoal"
session_24_player2,sampleJointGoalAndSignal_afterNewGoal,3,0.7570297186731784,"sampleJointGoal+Signal
afterNewGoal"
session_24_player2,sampleJointGoalAndSignal_afterNewGoal,4,0.8589398262345177,"sampleJointGoal+Signal
afterNewGoal"
session_24_player2,sampleJointGoalAndSignal_afterNewGoal,5,0.8675530968817345,"sampleJointGoal+Signal
afterNewGoal"
session_24_player2,sampleJointGoalAndSignal_fromStart,0,0.5,"sampleJointGoal+Signal
fromStart"
session_24_player2,sampleJointGoalAndSignal_fromStart,1,0.6981235753447401,"sampleJointGoal+Signal
fromStart"
session_24_player2,sampleJointGoalAndSignal_fromStart,2,0.9282089550162732,"sampleJointGoal+Signal
fromStart"
session_24_player2,sampleJointGoalAndSignal_fromStart,3,0.9346019413016009,"sampleJointGoal+Signal
fromStart"
session_24_player2,sampleJointGoalAndSignal_fromStart,4,0.9498477916224618,"sampleJointGoal+Signal
fromStart"
session_24_player2,sampleJointGoalAndSignal_fromStart,5,0.9501079153125064,"sampleJointGoal+Signal
fromStart"
session_24_player2,sampleJointGoal_afterNewGoal,0,0.5,"sampleJointGoal
afterNewGoal"
session_24_player2,sampleJointGoal_afterNewGoal,1,0.7280282646731757,"sampleJointGoal
afterNewGoal"
session_24_player2,sampleJointGoal_afterNewGoal,2,0.6996287633181268,"sampleJointGoal
afterNewGoal"
session_24_player2,sampleJointGoal_afterNewGoal,3,0.7953980159836815,"sampleJointGoal
afterNewGoal"
session_24_player2,sampleJointGoal_afterNewGoal,4,0.7800042903375795,"sampleJointGoal
afterNewGoal"
session_24_player2,sampleJointGoal_afterNewGoal,5,0.833978770367029,"sampleJointGoal
afterNewGoal"
session_24_player2,samplePosteriorOnlyGoalAndSignal_fromStart,0,0.5,"samplePosteriorOnlyGoal+Signal
fromStart"
session_24_player2,samplePosteriorOnlyGoalAndSignal_fromStart,1,0.6608447586858587,"samplePosteriorOnlyGoal+Signal
fromStart"
session_24_player2,samplePosteriorOnlyGoalAndSignal_fromStart,2,0.7476143355130732,"samplePosteriorOnlyGoal+Signal
fromStart"
session_24_player2,samplePosteriorOnlyGoalAndSignal_fromStart,3,0.7662418466268633,"samplePosteriorOnlyGoal+Signal
fromStart"
session_24_player2,samplePosteriorOnlyGoalAndSignal_fromStart,4,0.6985411832125873,"samplePosteriorOnlyGoal+Signal
fromStart"
session_24_player2,samplePosteriorOnlyGoalAndSignal_fromStart,5,0.8248216293325283,"samplePosteriorOnlyGoal+Signal
fromStart"
session_25_player1,TwoStageSignalAgent_sigmoidThreshold,0,0.5,"TwoStageSignal
sigmoidThreshold"
session_25_player1,TwoStageSignalAgent_sigmoidThreshold,1,0.6420208552003837,"TwoStageSignal
sigmoidThreshold"
session_25_player1,TwoStageSignalAgent_sigmoidThreshold,2,0.7638841402351394,"TwoStageSignal
sigmoidThreshold"
session_25_player1,TwoStageSignalAgent_sigmoidThreshold,3,0.7877447287069334,"TwoStageSignal
sigmoidThreshold"
session_25_player1,TwoStageSignalAgent_sigmoidThreshold,4,0.7911152603993238,"TwoStageSignal
sigmoidThreshold"
session_25_player1,TwoStageSignalAgent_sigmoidThreshold,5,0.779172929114807,"TwoStageSignal
sigmoidThreshold"
session_25_player1,sampleJointGoalAndRSASignal_fromStart,0,0.5,"shared-agency
communicative
action mixture
fromStart"
session_25_player1,sampleJointGoalAndRSASignal_fromStart,1,0.6847167852730449,"shared-agency
communicative
action mixture
fromStart"
session_25_player1,sampleJointGoalAndRSASignal_fromStart,2,0.6751102689928594,"shared-agency
communicative
action mixture
fromStart"
session_25_player1,sampleJointGoalAndRSASignal_fromStart,3,0.684055246518821,"shared-agency
communicative
action mixture
fromStart"
session_25_player1,sampleJointGoalAndRSASignal_fromStart,4,0.6854859016839879,"shared-agency
communicative
action mixture
fromStart"
session_25_player1,sampleJointGoalAndRSASignal_fromStart,5,0.6953755877113064,"shared-agency
communicative
action mixture
fromStart"
session_25_player1,sampleJointGoalAndSignal_afterNewGoal,0,0.5,"sampleJointGoal+Signal
afterNewGoal"
session_25_player1,sampleJointGoalAndSignal_afterNewGoal,1,0.7388196149345371,"sampleJointGoal+Signal
afterNewGoal"
session_25_player1,sampleJointGoalAndSignal_afterNewGoal,2,0.732382222876555,"sampleJointGoal+Signal
afterNewGoal"
session_25_player1,sampleJointGoalAndSignal_afterNewGoal,3,0.7890572287030462,"sampleJointGoal+Signal
afterNewGoal"
session_25_player1,sampleJointGoalAndSignal_afterNewGoal,4,0.8057445895891752,"sampleJointGoal+Signal
afterNewGoal"
session_25_player1,sampleJointGoalAndSignal_afterNewGoal,5,0.8894044675500178,"sampleJointGoal+Signal
afterNewGoal"
session_25_player1,sampleJointGoalAndSignal_fromStart,0,0.5,"sampleJointGoal+Signal
fromStart"
session_25_player1,sampleJointGoalAndSignal_fromStart,1,0.6579944541810765,"sampleJointGoal+Signal
fromStart"
session_25_player1,sampleJointGoalAndSignal_fromStart,2,0.6605353073181838,"sampleJointGoal+Signal
fromStart"
session_25_player1,sampleJointGoalAndSignal_fromStart,3,0.7605221886973982,"sampleJointGoal+Signal
fromStart"
session_25_player1,sampleJointGoalAndSignal_fromStart,4,0.7772547643827638,"sampleJointGoal+Signal
fromStart"
session_25_player1,sampleJointGoalAndSignal_fromStart,5,0.8127980328776022,"sampleJointGoal+Signal
fromStart"
session_25_player1,sampleJointGoal_afterNewGoal,0,0.5,"sampleJointGoal
afterNewGoal"
session_25_player1,sampleJointGoal_afterNewGoal,1,0.5094105901587808,"sampleJointGoal
afterNewGoal"
session_25_player1,sampleJointGoal_afterNewGoal,2,0.6036592747813183,"sampleJointGoal
afterNewGoal"
session_25_player1,sampleJointGoal_afterNewGoal,3,0.6357538048199338,"sampleJointGoal
afterNewGoal"
session_25_player1,sampleJointGoal_afterNewGoal,4,0.717547200173529,"sampleJointGoal
afterNewGoal"
session_25_player1,sampleJointGoal_afterNewGoal,5,0.9062070504907285,"sampleJointGoal
afterNewGoal"
session_25_player1,samplePosteriorOnlyGoalAndSignal_fromStart,0,0.5,"samplePosteriorOnlyGoal+Signal
fromStart"
session_25_player1,samplePosteriorOnlyGoalAndSignal_fromStart,1,0.6129826834136226,"samplePosteriorOnlyGoal+Signal
fromStart"
session_25_player1,samplePosteriorOnlyGoalAndSignal_fromStart,2,0.6708824598611818,"samplePosteriorOnlyGoal+Signal
fromStart"
session_25_player1,samplePosteriorOnlyGoalAndSignal_fromStart,3,0.7189823207875166,"samplePosteriorOnlyGoal+Signal
fromStart"
session_25_player1,samplePosteriorOnlyGoalAndSignal_fromStart,4,0.7275484444958504,"samplePosteriorOnlyGoal+Signal
fromStart"
session_25_player1,samplePosteriorOnlyGoalAndSignal_fromStart,5,0.7029104614125632,"samplePosteriorOnlyGoal+Signal
fromStart"
session_25_player2,TwoStageSignalAgent_sigmoidThreshold,0,0.5,"TwoStageSignal
sigmoidThreshold"
session_25_player2,TwoStageSignalAgent_sigmoidThreshold,1,0.5692220559553883,"TwoStageSignal
sigmoidThreshold"
session_25_player2,TwoStageSignalAgent_sigmoidThreshold,2,0.6197822058774797,"TwoStageSignal
sigmoidThreshold"
session_25_player2,TwoStageSignalAgent_sigmoidThreshold,3,0.7862144218614572,"TwoStageSignal
sigmoidThreshold"
session_25_player2,TwoStageSignalAgent_sigmoidThreshold,4,0.9294907858484087,"TwoStageSignal
sigmoidThreshold"
session_25_player2,TwoStageSignalAgent_sigmoidThreshold,5,0.930769550140983,"TwoStageSignal
sigmoidThreshold"
session_25_player2,sampleJointGoalAndRSASignal_fromStart,0,0.5,"shared-agency
communicative
action mixture
fromStart"
session_25_player2,sampleJointGoalAndRSASignal_fromStart,1,0.5701797567764968,"shared-agency
communicative
action mixture
fromStart"
session_25_player2,sampleJointGoalAndRSASignal_fromStart,2,0.7022719741292843,"shared-agency
communicative
action mixture
fromStart"
session_25_player2,sampleJointGoalAndRSASignal_fromStart,3,0.7094949972372653,"shared-agency
communicative
action mixture
fromStart"
session_25_player2,sampleJointGoalAndRSASignal_fromStart,4,0.7941998854770022,"shared-agency
communicative
action mixture
fromStart"
session_25_player2,sampleJointGoalAndRSASignal_fromStart,5,0.7981747233333084,"shared-agency
communicative
action mixture
fromStart"
session_25_player2,sampleJointGoalAndSignal_afterNewGoal,0,0.5,"sampleJointGoal+Signal
afterNewGoal"
session_25_player2,sampleJointGoalAndSignal_afterNewGoal,1,0.6254767077758572,"sampleJointGoal+Signal
afterNewGoal"
session_25_player2,sampleJointGoalAndSignal_afterNewGoal,2,0.8087006069735272,"sampleJointGoal+Signal
afterNewGoal"
session_25_player2,sampleJointGoalAndSignal_afterNewGoal,3,0.812277040758052,"sampleJointGoal+Signal
afterNewGoal"
session_25_player2,sampleJointGoalAndSignal_afterNewGoal,4,0.8108706022439863,"sampleJointGoal+Signal
afterNewGoal"
session_25_player2,sampleJointGoalAndSignal_afterNewGoal,5,0.8221120484719558,"sampleJointGoal+Signal
afterNewGoal"
session_25_player2,sampleJointGoalAndSignal_fromStart,0,0.5,"sampleJointGoal+Signal
fromStart"
session_25_player2,sampleJointGoalAndSignal_fromStart,1,0.6571154727274948,"sampleJointGoal+Signal
fromStart"
session_25_player2,sampleJointGoalAndSignal_fromStart,2,0.6688892648540625,"sampleJointGoal+Signal
fromStart"
session_25_player2,sampleJointGoalAndSignal_fromStart,3,0.7522307229007689,"sampleJointGoal+Signal
fromStart"
session_25_player2,sampleJointGoalAndSignal_fromStart,4,0.7680860405508189,"sampleJointGoal+Signal
fromStart"
session_25_player2,sampleJointGoalAndSignal_fromStart,5,0.794734491353544,"sampleJointGoal+Signal
fromStart"
session_25_player2,sampleJointGoal_afterNewGoal,0,0.5,"sampleJointGoal
afterNewGoal"
session_25_player2,sampleJointGoal_afterNewGoal,1,0.7137743692445628,"sampleJointGoal
afterNewGoal"
session_25_player2,sampleJointGoal_afterNewGoal,2,0.7388183661272357,"sampleJointGoal
afterNewGoal"
session_25_player2,sampleJointGoal_afterNewGoal,3,0.761861195614475,"sampleJointGoal
afterNewGoal"
session_25_player2,sampleJointGoal_afterNewGoal,4,0.75214244689542,"sampleJointGoal
afterNewGoal"
session_25_player2,sampleJointGoal_afterNewGoal,5,0.7459810532763438,"sampleJointGoal
afterNewGoal"
session_25_player2,samplePosteriorOnlyGoalAndSignal_fromStart,0,0.5,"samplePosteriorOnlyGoal+Signal
fromStart"
session_25_player2,samplePosteriorOnlyGoalAndSignal_fromStart,1,0.6396715259626861,"samplePosteriorOnlyGoal+Signal
fromStart"
session_25_player2,samplePosteriorOnlyGoalAndSignal_fromStart,2,0.7295756958471542,"samplePosteriorOnlyGoal+Signal
fromStart"
session_25_player2,samplePosteriorOnlyGoalAndSignal_fromStart,3,0.7850759746402026,"samplePosteriorOnlyGoal+Signal
fromStart"
session_25_player2,samplePosteriorOnlyGoalAndSignal_fromStart,4,0.7921864556053022,"samplePosteriorOnlyGoal+Signal
fromStart"
session_25_player2,samplePosteriorOnlyGoalAndSignal_fromStart,5,0.8039051407025183,"samplePosteriorOnlyGoal+Signal
fromStart"
session_26_player1,TwoStageSignalAgent_sigmoidThreshold,0,0.5,"TwoStageSignal
sigmoidThreshold"
session_26_player1,TwoStageSignalAgent_sigmoidThreshold,1,0.6185736307318814,"TwoStageSignal
sigmoidThreshold"
session_26_player1,TwoStageSignalAgent_sigmoidThreshold,2,0.9200594482797237,"TwoStageSignal
sigmoidThreshold"
session_26_player1,TwoStageSignalAgent_sigmoidThreshold,3,0.9845876646178782,"TwoStageSignal
sigmoidThreshold"
session_26_player1,TwoStageSignalAgent_sigmoidThreshold,4,0.9996896113949199,"TwoStageSignal
sigmoidThreshold"
session_26_player1,TwoStageSignalAgent_sigmoidThreshold,5,0.9999934537746865,"TwoStageSignal
sigmoidThreshold"
session_26_player1,sampleJointGoalAndRSASignal_fromStart,0,0.5,"shared-agency
communicative
action mixture
fromStart"
session_26_player1,sampleJointGoalAndRSASignal_fromStart,1,0.4864684500714908,"shared-agency
communicative
action mixture
fromStart"
session_26_player1,sampleJointGoalAndRSASignal_fromStart,2,0.7548327702727029,"shared-agency
communicative
action mixture
fromStart"
session_26_player1,sampleJointGoalAndRSASignal_fromStart,3,0.9971542615401192,"shared-agency
communicative
action mixture
fromStart"
session_26_player1,sampleJointGoalAndRSASignal_fromStart,4,0.9981058371185917,"shared-agency
communicative
action mixture
fromStart"
session_26_player1,sampleJointGoalAndRSASignal_fromStart,5,0.999989880249428,"shared-agency
communicative
action mixture
fromStart"
session_26_player1,sampleJointGoalAndSignal_afterNewGoal,0,0.5,"sampleJointGoal+Signal
afterNewGoal"
session_26_player1,sampleJointGoalAndSignal_afterNewGoal,1,0.635072418183553,"sampleJointGoal+Signal
afterNewGoal"
session_26_player1,sampleJointGoalAndSignal_afterNewGoal,2,0.7252891181337093,"sampleJointGoal+Signal
afterNewGoal"
session_26_player1,sampleJointGoalAndSignal_afterNewGoal,3,0.7951501035617895,"sampleJointGoal+Signal
afterNewGoal"
session_26_player1,sampleJointGoalAndSignal_afterNewGoal,4,0.730505389131252,"sampleJointGoal+Signal
afterNewGoal"
session_26_player1,sampleJointGoalAndSignal_afterNewGoal,5,0.8110575387666481,"sampleJointGoal+Signal
afterNewGoal"
session_26_player1,sampleJointGoalAndSignal_fromStart,0,0.5,"sampleJointGoal+Signal
fromStart"
session_26_player1,sampleJointGoalAndSignal_fromStart,1,0.8694887913979015,"sampleJointGoal+Signal
fromStart"
session_26_player1,sampleJointGoalAndSignal_fromStart,2,0.8762642360045123,"sampleJointGoal+Signal
fromStart"
session_26_player1,sampleJointGoalAndSignal_fromStart,3,0.8774756500427803,"sampleJointGoal+Signal
fromStart"
session_26_player1,sampleJointGoalAndSignal_fromStart,4,0.8799644492561534,"sampleJointGoal+Signal
fromStart"
session_26_player1,sampleJointGoalAndSignal_fromStart,5,0.8813130829544951,"sampleJointGoal+Signal
fromStart"
session_26_player1,sampleJointGoal_afterNewGoal,0,0.5,"sampleJointGoal
afterNewGoal"
session_26_player1,sampleJointGoal_afterNewGoal,1,0.6312464469045934,"sampleJointGoal
afterNewGoal"
session_26_player1,sampleJointGoal_afterNewGoal,2,0.8337797818368742,"sampleJointGoal
afterNewGoal"
session_26_player1,sampleJointGoal_afterNewGoal,3,0.8377191000617097,"sampleJointGoal
afterNewGoal"
session_26_player1,sampleJointGoal_afterNewGoal,4,0.9332993785879296,"sampleJointGoal
afterNewGoal"
session_26_player1,sampleJointGoal_afterNewGoal,5,0.9581731197668176,"sampleJointGoal
afterNewGoal"
session_26_player1,samplePosteriorOnlyGoalAndSignal_fromStart,0,0.5,"samplePosteriorOnlyGoal+Signal
fromStart"
session_26_player1,samplePosteriorOnlyGoalAndSignal_fromStart,1,0.8093525201166444,"samplePosteriorOnlyGoal+Signal
fromStart"
session_26_player1,samplePosteriorOnlyGoalAndSignal_fromStart,2,0.8582019599140404,"samplePosteriorOnlyGoal+Signal
fromStart"
session_26_player1,samplePosteriorOnlyGoalAndSignal_fromStart,3,0.8611270574269173,"samplePosteriorOnlyGoal+Signal
fromStart"
session_26_player1,samplePosteriorOnlyGoalAndSignal_fromStart,4,0.8656676450434332,"samplePosteriorOnlyGoal+Signal
fromStart"
session_26_player1,samplePosteriorOnlyGoalAndSignal_fromStart,5,0.8680602582520857,"samplePosteriorOnlyGoal+Signal
fromStart"
session_26_player2,TwoStageSignalAgent_sigmoidThreshold,0,0.5,"TwoStageSignal
sigmoidThreshold"
session_26_player2,TwoStageSignalAgent_sigmoidThreshold,1,0.8518133864294327,"TwoStageSignal
sigmoidThreshold"
session_26_player2,TwoStageSignalAgent_sigmoidThreshold,2,0.7995208380283685,"TwoStageSignal
sigmoidThreshold"
session_26_player2,TwoStageSignalAgent_sigmoidThreshold,3,0.7896146629927095,"TwoStageSignal
sigmoidThreshold"
session_26_player2,TwoStageSignalAgent_sigmoidThreshold,4,0.8938637490968608,"TwoStageSignal
sigmoidThreshold"
session_26_player2,TwoStageSignalAgent_sigmoidThreshold,5,0.8743335331881542,"TwoStageSignal
sigmoidThreshold"
session_26_player2,sampleJointGoalAndRSASignal_fromStart,0,0.5,"shared-agency
communicative
action mixture
fromStart"
session_26_player2,sampleJointGoalAndRSASignal_fromStart,1,0.7831335056266455,"shared-agency
communicative
action mixture
fromStart"
session_26_player2,sampleJointGoalAndRSASignal_fromStart,2,0.7145450950674276,"shared-agency
communicative
action mixture
fromStart"
session_26_player2,sampleJointGoalAndRSASignal_fromStart,3,0.8565497206247963,"shared-agency
communicative
action mixture
fromStart"
session_26_player2,sampleJointGoalAndRSASignal_fromStart,4,0.8570590200200784,"shared-agency
communicative
action mixture
fromStart"
session_26_player2,sampleJointGoalAndRSASignal_fromStart,5,0.8569385736678022,"shared-agency
communicative
action mixture
fromStart"
session_26_player2,sampleJointGoalAndSignal_afterNewGoal,0,0.5,"sampleJointGoal+Signal
afterNewGoal"
session_26_player2,sampleJointGoalAndSignal_afterNewGoal,1,0.6655857382832342,"sampleJointGoal+Signal
afterNewGoal"
session_26_player2,sampleJointGoalAndSignal_afterNewGoal,2,0.7126015571626791,"sampleJointGoal+Signal
afterNewGoal"
session_26_player2,sampleJointGoalAndSignal_afterNewGoal,3,0.8004276880921186,"sampleJointGoal+Signal
afterNewGoal"
session_26_player2,sampleJointGoalAndSignal_afterNewGoal,4,0.8927558766563294,"sampleJointGoal+Signal
afterNewGoal"
session_26_player2,sampleJointGoalAndSignal_afterNewGoal,5,0.9174253625610311,"sampleJointGoal+Signal
afterNewGoal"
session_26_player2,sampleJointGoalAndSignal_fromStart,0,0.5,"sampleJointGoal+Signal
fromStart"
session_26_player2,sampleJointGoalAndSignal_fromStart,1,0.7520072888583713,"sampleJointGoal+Signal
fromStart"
session_26_player2,sampleJointGoalAndSignal_fromStart,2,0.8161620603846185,"sampleJointGoal+Signal
fromStart"
session_26_player2,sampleJointGoalAndSignal_fromStart,3,0.8290817797522758,"sampleJointGoal+Signal
fromStart"
session_26_player2,sampleJointGoalAndSignal_fromStart,4,0.9010164082068466,"sampleJointGoal+Signal
fromStart"
session_26_player2,sampleJointGoalAndSignal_fromStart,5,0.948925200446224,"sampleJointGoal+Signal
fromStart"
session_26_player2,sampleJointGoal_afterNewGoal,0,0.5,"sampleJointGoal
afterNewGoal"
session_26_player2,sampleJointGoal_afterNewGoal,1,0.6407650686433843,"sampleJointGoal
afterNewGoal"
session_26_player2,sampleJointGoal_afterNewGoal,2,0.7951487960490301,"sampleJointGoal
afterNewGoal"
session_26_player2,sampleJointGoal_afterNewGoal,3,0.7809675049691808,"sampleJointGoal
afterNewGoal"
session_26_player2,sampleJointGoal_afterNewGoal,4,0.8383919386851214,"sampleJointGoal
afterNewGoal"
session_26_player2,sampleJointGoal_afterNewGoal,5,0.9979340479123492,"sampleJointGoal
afterNewGoal"
session_26_player2,samplePosteriorOnlyGoalAndSignal_fromStart,0,0.5,"samplePosteriorOnlyGoal+Signal
fromStart"
session_26_player2,samplePosteriorOnlyGoalAndSignal_fromStart,1,0.6202459072154984,"samplePosteriorOnlyGoal+Signal
fromStart"
session_26_player2,samplePosteriorOnlyGoalAndSignal_fromStart,2,0.7452945205778263,"samplePosteriorOnlyGoal+Signal
fromStart"
session_26_player2,samplePosteriorOnlyGoalAndSignal_fromStart,3,0.7987355488772274,"samplePosteriorOnlyGoal+Signal
fromStart"
session_26_player2,samplePosteriorOnlyGoalAndSignal_fromStart,4,0.8275678240827937,"samplePosteriorOnlyGoal+Signal
fromStart"
session_26_player2,samplePosteriorOnlyGoalAndSignal_fromStart,5,0.8485780802461641,"samplePosteriorOnlyGoal+Signal
fromStart"
session_27_player1,TwoStageSignalAgent_sigmoidThreshold,0,0.5,"TwoStageSignal
sigmoidThreshold"
session_27_player1,TwoStageSignalAgent_sigmoidThreshold,1,0.6844025771513171,"TwoStageSignal
sigmoidThreshold"
session_27_player1,TwoStageSignalAgent_sigmoidThreshold,2,0.7752784438942333,"TwoStageSignal
sigmoidThreshold"
session_27_player1,TwoStageSignalAgent_sigmoidThreshold,3,0.9367494904406182,"TwoStageSignal
sigmoidThreshold"
session_27_player1,TwoStageSignalAgent_sigmoidThreshold,4,0.9473825988693519,"TwoStageSignal
sigmoidThreshold"
session_27_player1,TwoStageSignalAgent_sigmoidThreshold,5,0.9251749974056953,"TwoStageSignal
sigmoidThreshold"
session_27_player1,sampleJointGoalAndRSASignal_fromStart,0,0.5,"shared-agency
communicative
action mixture
fromStart"
session_27_player1,sampleJointGoalAndRSASignal_fromStart,1,0.5681881757912295,"shared-agency
communicative
action mixture
fromStart"
session_27_player1,sampleJointGoalAndRSASignal_fromStart,2,0.6677723363941162,"shared-agency
communicative
action mixture
fromStart"
session_27_player1,sampleJointGoalAndRSASignal_fromStart,3,0.628620387764886,"shared-agency
communicative
action mixture
fromStart"
session_27_player1,sampleJointGoalAndRSASignal_fromStart,4,0.7232593008988072,"shared-agency
communicative
action mixture
fromStart"
session_27_player1,sampleJointGoalAndRSASignal_fromStart,5,0.7220893441775592,"shared-agency
communicative
action mixture
fromStart"
session_27_player1,sampleJointGoalAndSignal_afterNewGoal,0,0.5,"sampleJointGoal+Signal
afterNewGoal"
session_27_player1,sampleJointGoalAndSignal_afterNewGoal,1,0.6938410319608143,"sampleJointGoal+Signal
afterNewGoal"
session_27_player1,sampleJointGoalAndSignal_afterNewGoal,2,0.7841082323145653,"sampleJointGoal+Signal
afterNewGoal"
session_27_player1,sampleJointGoalAndSignal_afterNewGoal,3,0.8595521563051504,"sampleJointGoal+Signal
afterNewGoal"
session_27_player1,sampleJointGoalAndSignal_afterNewGoal,4,0.9402421606080541,"sampleJointGoal+Signal
afterNewGoal"
session_27_player1,sampleJointGoalAndSignal_afterNewGoal,5,0.9403469881550447,"sampleJointGoal+Signal
afterNewGoal"
session_27_player1,sampleJointGoalAndSignal_fromStart,0,0.5,"sampleJointGoal+Signal
fromStart"
session_27_player1,sampleJointGoalAndSignal_fromStart,1,0.7077542360279925,"sampleJointGoal+Signal
fromStart"
session_27_player1,sampleJointGoalAndSignal_fromStart,2,0.7791632357760084,"sampleJointGoal+Signal
fromStart"
session_27_player1,sampleJointGoalAndSignal_fromStart,3,0.7800398394641951,"sampleJointGoal+Signal
fromStart"
session_27_player1,sampleJointGoalAndSignal_fromStart,4,0.7893640565074703,"sampleJointGoal+Signal
fromStart"
session_27_player1,sampleJointGoalAndSignal_fromStart,5,0.8193069059598573,"sampleJointGoal+Signal
fromStart"
session_27_player1,sampleJointGoal_afterNewGoal,0,0.5,"sampleJointGoal
afterNewGoal"
session_27_player1,sampleJointGoal_afterNewGoal,1,0.6272397258308275,"sampleJointGoal
afterNewGoal"
session_27_player1,sampleJointGoal_afterNewGoal,2,0.7494791180845525,"sampleJointGoal
afterNewGoal"
session_27_player1,sampleJointGoal_afterNewGoal,3,0.7522327392138747,"sampleJointGoal
afterNewGoal"
session_27_player1,sampleJointGoal_afterNewGoal,4,0.7629845799324023,"sampleJointGoal
afterNewGoal"
session_27_player1,sampleJointGoal_afterNewGoal,5,0.8711057766649775,"sampleJointGoal
afterNewGoal"
session_27_player1,samplePosteriorOnlyGoalAndSignal_fromStart,0,0.5,"samplePosteriorOnlyGoal+Signal
fromStart"
session_27_player1,samplePosteriorOnlyGoalAndSignal_fromStart,1,0.7400812151013862,"samplePosteriorOnlyGoal+Signal
fromStart"
session_27_player1,samplePosteriorOnlyGoalAndSignal_fromStart,2,0.7673432255482492,"samplePosteriorOnlyGoal+Signal
fromStart"
session_27_player1,samplePosteriorOnlyGoalAndSignal_fromStart,3,0.8641489011157762,"samplePosteriorOnlyGoal+Signal
fromStart"
session_27_player1,samplePosteriorOnlyGoalAndSignal_fromStart,4,0.9319038834452383,"samplePosteriorOnlyGoal+Signal
fromStart"
session_27_player1,samplePosteriorOnlyGoalAndSignal_fromStart,5,0.9331479596451776,"samplePosteriorOnlyGoal+Signal
fromStart"
session_27_player2,TwoStageSignalAgent_sigmoidThreshold,0,0.5,"TwoStageSignal
sigmoidThreshold"
session_27_player2,TwoStageSignalAgent_sigmoidThreshold,1,0.6784646814197683,"TwoStageSignal
sigmoidThreshold"
session_27_player2,TwoStageSignalAgent_sigmoidThreshold,2,0.6676535411442226,"TwoStageSignal
sigmoidThreshold"
session_27_player2,TwoStageSignalAgent_sigmoidThreshold,3,0.6847554214634078,"TwoStageSignal
sigmoidThreshold"
session_27_player2,TwoStageSignalAgent_sigmoidThreshold,4,0.8067685670207577,"TwoStageSignal
sigmoidThreshold"
session_27_player2,TwoStageSignalAgent_sigmoidThreshold,5,0.9096739992413264,"TwoStageSignal
sigmoidThreshold"
session_27_player2,sampleJointGoalAndRSASignal_fromStart,0,0.5,"shared-agency
communicative
action mixture
fromStart"
session_27_player2,sampleJointGoalAndRSASignal_fromStart,1,0.8322095947861063,"shared-agency
communicative
action mixture
fromStart"
session_27_player2,sampleJointGoalAndRSASignal_fromStart,2,0.8184417464895074,"shared-agency
communicative
action mixture
fromStart"
session_27_player2,sampleJointGoalAndRSASignal_fromStart,3,0.9998731042417935,"shared-agency
communicative
action mixture
fromStart"
session_27_player2,sampleJointGoalAndRSASignal_fromStart,4,0.9701559845621167,"shared-agency
communicative
action mixture
fromStart"
session_27_player2,sampleJointGoalAndRSASignal_fromStart,5,0.9506494530565665,"shared-agency
communicative
action mixture
fromStart"
session_27_player2,sampleJointGoalAndSignal_afterNewGoal,0,0.5,"sampleJointGoal+Signal
afterNewGoal"
session_27_player2,sampleJointGoalAndSignal_afterNewGoal,1,0.7846070815683385,"sampleJointGoal+Signal
afterNewGoal"
session_27_player2,sampleJointGoalAndSignal_afterNewGoal,2,0.8573970797090394,"sampleJointGoal+Signal
afterNewGoal"
session_27_player2,sampleJointGoalAndSignal_afterNewGoal,3,0.8591697263469158,"sampleJointGoal+Signal
afterNewGoal"
session_27_player2,sampleJointGoalAndSignal_afterNewGoal,4,0.8611859497704283,"sampleJointGoal+Signal
afterNewGoal"
session_27_player2,sampleJointGoalAndSignal_afterNewGoal,5,0.8808945306889111,"sampleJointGoal+Signal
afterNewGoal"
session_27_player2,sampleJointGoalAndSignal_fromStart,0,0.5,"sampleJointGoal+Signal
fromStart"
session_27_player2,sampleJointGoalAndSignal_fromStart,1,0.7108401794908369,"sampleJointGoal+Signal
fromStart"
session_27_player2,sampleJointGoalAndSignal_fromStart,2,0.716618343430609,"sampleJointGoal+Signal
fromStart"
session_27_player2,sampleJointGoalAndSignal_fromStart,3,0.7213000434571993,"sampleJointGoal+Signal
fromStart"
session_27_player2,sampleJointGoalAndSignal_fromStart,4,0.8049909539266237,"sampleJointGoal+Signal
fromStart"
session_27_player2,sampleJointGoalAndSignal_fromStart,5,0.8110143352897214,"sampleJointGoal+Signal
fromStart"
session_27_player2,sampleJointGoal_afterNewGoal,0,0.5,"sampleJointGoal
afterNewGoal"
session_27_player2,sampleJointGoal_afterNewGoal,1,0.5604217774137007,"sampleJointGoal
afterNewGoal"
session_27_player2,sampleJointGoal_afterNewGoal,2,0.6180639304833847,"sampleJointGoal
afterNewGoal"
session_27_player2,sampleJointGoal_afterNewGoal,3,0.8116926356739502,"sampleJointGoal
afterNewGoal"
session_27_player2,sampleJointGoal_afterNewGoal,4,0.7785226108354258,"sampleJointGoal
afterNewGoal"
session_27_player2,sampleJointGoal_afterNewGoal,5,0.8060315730440697,"sampleJointGoal
afterNewGoal"
session_27_player2,samplePosteriorOnlyGoalAndSignal_fromStart,0,0.5,"samplePosteriorOnlyGoal+Signal
fromStart"
session_27_player2,samplePosteriorOnlyGoalAndSignal_fromStart,1,0.8079530857368453,"samplePosteriorOnlyGoal+Signal
fromStart"
session_27_player2,samplePosteriorOnlyGoalAndSignal_fromStart,2,0.7534906228674757,"samplePosteriorOnlyGoal+Signal
fromStart"
session_27_player2,samplePosteriorOnlyGoalAndSignal_fromStart,3,0.7641288409069507,"samplePosteriorOnlyGoal+Signal
fromStart"
session_27_player2,samplePosteriorOnlyGoalAndSignal_fromStart,4,0.872877572219335,"samplePosteriorOnlyGoal+Signal
fromStart"
session_27_player2,samplePosteriorOnlyGoalAndSignal_fromStart,5,0.8841665481277861,"samplePosteriorOnlyGoal+Signal
fromStart"
session_28_player1,TwoStageSignalAgent_sigmoidThreshold,0,0.5,"TwoStageSignal
sigmoidThreshold"
session_28_player1,TwoStageSignalAgent_sigmoidThreshold,1,0.5037771716207411,"TwoStageSignal
sigmoidThreshold"
session_28_player1,TwoStageSignalAgent_sigmoidThreshold,2,0.6302843589184264,"TwoStageSignal
sigmoidThreshold"
session_28_player1,TwoStageSignalAgent_sigmoidThreshold,3,0.6331573418210591,"TwoStageSignal
sigmoidThreshold"
session_28_player1,TwoStageSignalAgent_sigmoidThreshold,4,0.7395159817178562,"TwoStageSignal
sigmoidThreshold"
session_28_player1,TwoStageSignalAgent_sigmoidThreshold,5,0.8209492593642015,"TwoStageSignal
sigmoidThreshold"
session_28_player1,sampleJointGoalAndRSASignal_fromStart,0,0.5,"shared-agency
communicative
action mixture
fromStart"
session_28_player1,sampleJointGoalAndRSASignal_fromStart,1,0.5484260359962366,"shared-agency
communicative
action mixture
fromStart"
session_28_player1,sampleJointGoalAndRSASignal_fromStart,2,0.5784868514938548,"shared-agency
communicative
action mixture
fromStart"
session_28_player1,sampleJointGoalAndRSASignal_fromStart,3,0.6022215469404875,"shared-agency
communicative
action mixture
fromStart"
session_28_player1,sampleJointGoalAndRSASignal_fromStart,4,0.5478160415587633,"shared-agency
communicative
action mixture
fromStart"
session_28_player1,sampleJointGoalAndRSASignal_fromStart,5,0.5864308431320007,"shared-agency
communicative
action mixture
fromStart"
session_28_player1,sampleJointGoalAndSignal_afterNewGoal,0,0.5,"sampleJointGoal+Signal
afterNewGoal"
session_28_player1,sampleJointGoalAndSignal_afterNewGoal,1,0.7310889230820583,"sampleJointGoal+Signal
afterNewGoal"
session_28_player1,sampleJointGoalAndSignal_afterNewGoal,2,0.7944335221416524,"sampleJointGoal+Signal
afterNewGoal"
session_28_player1,sampleJointGoalAndSignal_afterNewGoal,3,0.7885577084291454,"sampleJointGoal+Signal
afterNewGoal"
session_28_player1,sampleJointGoalAndSignal_afterNewGoal,4,0.785768285028939,"sampleJointGoal+Signal
afterNewGoal"
session_28_player1,sampleJointGoalAndSignal_afterNewGoal,5,0.7682216637882057,"sampleJointGoal+Signal
afterNewGoal"
session_28_player1,sampleJointGoalAndSignal_fromStart,0,0.5,"sampleJointGoal+Signal
fromStart"
session_28_player1,sampleJointGoalAndSignal_fromStart,1,0.8203582259053337,"sampleJointGoal+Signal
fromStart"
session_28_player1,sampleJointGoalAndSignal_fromStart,2,0.8760733826354656,"sampleJointGoal+Signal
fromStart"
session_28_player1,sampleJointGoalAndSignal_fromStart,3,0.9401523666460248,"sampleJointGoal+Signal
fromStart"
session_28_player1,sampleJointGoalAndSignal_fromStart,4,0.9999703262915143,"sampleJointGoal+Signal
fromStart"
session_28_player1,sampleJointGoalAndSignal_fromStart,5,0.9999896270485116,"sampleJointGoal+Signal
fromStart"
session_28_player1,sampleJointGoal_afterNewGoal,0,0.5,"sampleJointGoal
afterNewGoal"
session_28_player1,sampleJointGoal_afterNewGoal,1,0.6672606219424664,"sampleJointGoal
afterNewGoal"
session_28_player1,sampleJointGoal_afterNewGoal,2,0.831723289223572,"sampleJointGoal
afterNewGoal"
session_28_player1,sampleJointGoal_afterNewGoal,3,0.833410917526972,"sampleJointGoal
afterNewGoal"
session_28_player1,sampleJointGoal_afterNewGoal,4,0.8334826891562961,"sampleJointGoal
afterNewGoal"
session_28_player1,sampleJointGoal_afterNewGoal,5,0.8149746754227082,"sampleJointGoal
afterNewGoal"
session_28_player1,samplePosteriorOnlyGoalAndSignal_fromStart,0,0.5,"samplePosteriorOnlyGoal+Signal
fromStart"
session_28_player1,samplePosteriorOnlyGoalAndSignal_fromStart,1,0.7144703216232783,"samplePosteriorOnlyGoal+Signal
fromStart"
session_28_player1,samplePosteriorOnlyGoalAndSignal_fromStart,2,0.7407873683006795,"samplePosteriorOnlyGoal+Signal
fromStart"
session_28_player1,samplePosteriorOnlyGoalAndSignal_fromStart,3,0.7971845475194789,"samplePosteriorOnlyGoal+Signal
fromStart"
session_28_player1,samplePosteriorOnlyGoalAndSignal_fromStart,4,0.7996938517805253,"samplePosteriorOnlyGoal+Signal
fromStart"
session_28_player1,samplePosteriorOnlyGoalAndSignal_fromStart,5,0.801573894637218,"samplePosteriorOnlyGoal+Signal
fromStart"
session_28_player2,TwoStageSignalAgent_sigmoidThreshold,0,0.5,"TwoStageSignal
sigmoidThreshold"
session_28_player2,TwoStageSignalAgent_sigmoidThreshold,1,0.6820010600259461,"TwoStageSignal
sigmoidThreshold"
session_28_player2,TwoStageSignalAgent_sigmoidThreshold,2,0.674529274633575,"TwoStageSignal
sigmoidThreshold"
session_28_player2,TwoStageSignalAgent_sigmoidThreshold,3,0.7538661855472485,"TwoStageSignal
sigmoidThreshold"
session_28_player2,TwoStageSignalAgent_sigmoidThreshold,4,0.8539864840490909,"TwoStageSignal
sigmoidThreshold"
session_28_player2,TwoStageSignalAgent_sigmoidThreshold,5,0.9273907732100926,"TwoStageSignal
sigmoidThreshold"
session_28_player2,sampleJointGoalAndRSASignal_fromStart,0,0.5,"shared-agency
communicative
action mixture
fromStart"
session_28_player2,sampleJointGoalAndRSASignal_fromStart,1,0.7137940744450683,"shared-agency
communicative
action mixture
fromStart"
session_28_player2,sampleJointGoalAndRSASignal_fromStart,2,0.7143691874424524,"shared-agency
communicative
action mixture
fromStart"
session_28_player2,sampleJointGoalAndRSASignal_fromStart,3,0.7125311658060042,"shared-agency
communicative
action mixture
fromStart"
session_28_player2,sampleJointGoalAndRSASignal_fromStart,4,0.715866631570532,"shared-agency
communicative
action mixture
fromStart"
session_28_player2,sampleJointGoalAndRSASignal_fromStart,5,0.747292184750908,"shared-agency
communicative
action mixture
fromStart"
session_28_player2,sampleJointGoalAndSignal_afterNewGoal,0,0.5,"sampleJointGoal+Signal
afterNewGoal"
session_28_player2,sampleJointGoalAndSignal_afterNewGoal,1,0.6200638522894507,"sampleJointGoal+Signal
afterNewGoal"
session_28_player2,sampleJointGoalAndSignal_afterNewGoal,2,0.6528862380130369,"sampleJointGoal+Signal
afterNewGoal"
session_28_player2,sampleJointGoalAndSignal_afterNewGoal,3,0.7076511570998048,"sampleJointGoal+Signal
afterNewGoal"
session_28_player2,sampleJointGoalAndSignal_afterNewGoal,4,0.8185417016562321,"sampleJointGoal+Signal
afterNewGoal"
session_28_player2,sampleJointGoalAndSignal_afterNewGoal,5,0.8283347564922559,"sampleJointGoal+Signal
afterNewGoal"
session_28_player2,sampleJointGoalAndSignal_fromStart,0,0.5,"sampleJointGoal+Signal
fromStart"
session_28_player2,sampleJointGoalAndSignal_fromStart,1,0.6617824449023078,"sampleJointGoal+Signal
fromStart"
session_28_player2,sampleJointGoalAndSignal_fromStart,2,0.7755182564317092,"sampleJointGoal+Signal
fromStart"
session_28_player2,sampleJointGoalAndSignal_fromStart,3,0.9387661297495096,"sampleJointGoal+Signal
fromStart"
session_28_player2,sampleJointGoalAndSignal_fromStart,4,0.9394683085472069,"sampleJointGoal+Signal
fromStart"
session_28_player2,sampleJointGoalAndSignal_fromStart,5,0.9491859791721909,"sampleJointGoal+Signal
fromStart"
session_28_player2,sampleJointGoal_afterNewGoal,0,0.5,"sampleJointGoal
afterNewGoal"
session_28_player2,sampleJointGoal_afterNewGoal,1,0.597193125403312,"sampleJointGoal
afterNewGoal"
session_28_player2,sampleJointGoal_afterNewGoal,2,0.5593255944449017,"sampleJointGoal
afterNewGoal"
session_28_player2,sampleJointGoal_afterNewGoal,3,0.6871192599853596,"sampleJointGoal
afterNewGoal"
session_28_player2,sampleJointGoal_afterNewGoal,4,0.7942821694295602,"sampleJointGoal
afterNewGoal"
session_28_player2,sampleJointGoal_afterNewGoal,5,0.816741749447131,"sampleJointGoal
afterNewGoal"
session_28_player2,samplePosteriorOnlyGoalAndSignal_fromStart,0,0.5,"samplePosteriorOnlyGoal+Signal
fromStart"
session_28_player2,samplePosteriorOnlyGoalAndSignal_fromStart,1,0.7884407961645138,"samplePosteriorOnlyGoal+Signal
fromStart"
session_28_player2,samplePosteriorOnlyGoalAndSignal_fromStart,2,0.7925307508597553,"samplePosteriorOnlyGoal+Signal
fromStart"
session_28_player2,samplePosteriorOnlyGoalAndSignal_fromStart,3,0.7959985376588018,"samplePosteriorOnlyGoal+Signal
fromStart"
session_28_player2,samplePosteriorOnlyGoalAndSignal_fromStart,4,0.83002510342242,"samplePosteriorOnlyGoal+Signal
fromStart"
session_28_player2,samplePosteriorOnlyGoalAndSignal_fromStart,5,0.8459124437965638,"samplePosteriorOnlyGoal+Signal
fromStart"
session_29_player1,TwoStageSignalAgent_sigmoidThreshold,0,0.5,"TwoStageSignal
sigmoidThreshold"
session_29_player1,TwoStageSignalAgent_sigmoidThreshold,1,0.664637087326819,"TwoStageSignal
sigmoidThreshold"
session_29_player1,TwoStageSignalAgent_sigmoidThreshold,2,0.7778588346622596,"TwoStageSignal
sigmoidThreshold"
session_29_player1,TwoStageSignalAgent_sigmoidThreshold,3,0.8871024688349292,"TwoStageSignal
sigmoidThreshold"
session_29_player1,TwoStageSignalAgent_sigmoidThreshold,4,0.8876735702565569,"TwoStageSignal
sigmoidThreshold"
session_29_player1,TwoStageSignalAgent_sigmoidThreshold,5,0.8909055277572947,"TwoStageSignal
sigmoidThreshold"
session_29_player1,sampleJointGoalAndRSASignal_fromStart,0,0.5,"shared-agency
communicative
action mixture
fromStart"
session_29_player1,sampleJointGoalAndRSASignal_fromStart,1,0.6143548047420277,"shared-agency
communicative
action mixture
fromStart"
session_29_player1,sampleJointGoalAndRSASignal_fromStart,2,0.6681075813397102,"shared-agency
communicative
action mixture
fromStart"
session_29_player1,sampleJointGoalAndRSASignal_fromStart,3,0.6018911763267144,"shared-agency
communicative
action mixture
fromStart"
session_29_player1,sampleJointGoalAndRSASignal_fromStart,4,0.6156090209926918,"shared-agency
communicative
action mixture
fromStart"
session_29_player1,sampleJointGoalAndRSASignal_fromStart,5,0.71958393826816,"shared-agency
communicative
action mixture
fromStart"
session_29_player1,sampleJointGoalAndSignal_afterNewGoal,0,0.5,"sampleJointGoal+Signal
afterNewGoal"
session_29_player1,sampleJointGoalAndSignal_afterNewGoal,1,0.6662739733048583,"sampleJointGoal+Signal
afterNewGoal"
session_29_player1,sampleJointGoalAndSignal_afterNewGoal,2,0.7225038995622795,"sampleJointGoal+Signal
afterNewGoal"
session_29_player1,sampleJointGoalAndSignal_afterNewGoal,3,0.8141527561144039,"sampleJointGoal+Signal
afterNewGoal"
session_29_player1,sampleJointGoalAndSignal_afterNewGoal,4,0.8913975359263205,"sampleJointGoal+Signal
afterNewGoal"
session_29_player1,sampleJointGoalAndSignal_afterNewGoal,5,0.8929929502638344,"sampleJointGoal+Signal
afterNewGoal"
session_29_player1,sampleJointGoalAndSignal_fromStart,0,0.5,"sampleJointGoal+Signal
fromStart"
session_29_player1,sampleJointGoalAndSignal_fromStart,1,0.807269466395239,"sampleJointGoal+Signal
fromStart"
session_29_player1,sampleJointGoalAndSignal_fromStart,2,0.8725901687786499,"sampleJointGoal+Signal
fromStart"
session_29_player1,sampleJointGoalAndSignal_fromStart,3,0.8768552032788716,"sampleJointGoal+Signal
fromStart"
session_29_player1,sampleJointGoalAndSignal_fromStart,4,0.874957442415467,"sampleJointGoal+Signal
fromStart"
session_29_player1,sampleJointGoalAndSignal_fromStart,5,0.8886853956561751,"sampleJointGoal+Signal
fromStart"
session_29_player1,sampleJointGoal_afterNewGoal,0,0.5,"sampleJointGoal
afterNewGoal"
session_29_player1,sampleJointGoal_afterNewGoal,1,0.6618054159051383,"sampleJointGoal
afterNewGoal"
session_29_player1,sampleJointGoal_afterNewGoal,2,0.7169416573379382,"sampleJointGoal
afterNewGoal"
session_29_player1,sampleJointGoal_afterNewGoal,3,0.7439250940337233,"sampleJointGoal
afterNewGoal"
session_29_player1,sampleJointGoal_afterNewGoal,4,0.7520981452311916,"sampleJointGoal
afterNewGoal"
session_29_player1,sampleJointGoal_afterNewGoal,5,0.8985552214986501,"sampleJointGoal
afterNewGoal"
session_29_player1,samplePosteriorOnlyGoalAndSignal_fromStart,0,0.5,"samplePosteriorOnlyGoal+Signal
fromStart"
session_29_player1,samplePosteriorOnlyGoalAndSignal_fromStart,1,0.7705328803563927,"samplePosteriorOnlyGoal+Signal
fromStart"
session_29_player1,samplePosteriorOnlyGoalAndSignal_fromStart,2,0.8916020518176082,"samplePosteriorOnlyGoal+Signal
fromStart"
session_29_player1,samplePosteriorOnlyGoalAndSignal_fromStart,3,0.9026730570400958,"samplePosteriorOnlyGoal+Signal
fromStart"
session_29_player1,samplePosteriorOnlyGoalAndSignal_fromStart,4,0.9094153666350102,"samplePosteriorOnlyGoal+Signal
fromStart"
session_29_player1,samplePosteriorOnlyGoalAndSignal_fromStart,5,0.9192068576739065,"samplePosteriorOnlyGoal+Signal
fromStart"
session_29_player2,TwoStageSignalAgent_sigmoidThreshold,0,0.5,"TwoStageSignal
sigmoidThreshold"
session_29_player2,TwoStageSignalAgent_sigmoidThreshold,1,0.5976346908913789,"TwoStageSignal
sigmoidThreshold"
session_29_player2,TwoStageSignalAgent_sigmoidThreshold,2,0.7253068593038345,"TwoStageSignal
sigmoidThreshold"
session_29_player2,TwoStageSignalAgent_sigmoidThreshold,3,0.874664453825972,"TwoStageSignal
sigmoidThreshold"
session_29_player2,TwoStageSignalAgent_sigmoidThreshold,4,0.9541755353231864,"TwoStageSignal
sigmoidThreshold"
session_29_player2,TwoStageSignalAgent_sigmoidThreshold,5,0.9542366440908978,"TwoStageSignal
sigmoidThreshold"
session_29_player2,sampleJointGoalAndRSASignal_fromStart,0,0.5,"shared-agency
communicative
action mixture
fromStart"
session_29_player2,sampleJointGoalAndRSASignal_fromStart,1,0.6834508620451251,"shared-agency
communicative
action mixture
fromStart"
session_29_player2,sampleJointGoalAndRSASignal_fromStart,2,0.6691944912205318,"shared-agency
communicative
action mixture
fromStart"
session_29_player2,sampleJointGoalAndRSASignal_fromStart,3,0.7080054581451617,"shared-agency
communicative
action mixture
fromStart"
session_29_player2,sampleJointGoalAndRSASignal_fromStart,4,0.6928806749307744,"shared-agency
communicative
action mixture
fromStart"
session_29_player2,sampleJointGoalAndRSASignal_fromStart,5,0.6748286926611217,"shared-agency
communicative
action mixture
fromStart"
session_29_player2,sampleJointGoalAndSignal_afterNewGoal,0,0.5,"sampleJointGoal+Signal
afterNewGoal"
session_29_player2,sampleJointGoalAndSignal_afterNewGoal,1,0.7041916747575938,"sampleJointGoal+Signal
afterNewGoal"
session_29_player2,sampleJointGoalAndSignal_afterNewGoal,2,0.7803259250227483,"sampleJointGoal+Signal
afterNewGoal"
session_29_player2,sampleJointGoalAndSignal_afterNewGoal,3,0.8558217966426558,"sampleJointGoal+Signal
afterNewGoal"
session_29_player2,sampleJointGoalAndSignal_afterNewGoal,4,0.8743659203194045,"sampleJointGoal+Signal
afterNewGoal"
session_29_player2,sampleJointGoalAndSignal_afterNewGoal,5,0.8643571634046932,"sampleJointGoal+Signal
afterNewGoal"
session_29_player2,sampleJointGoalAndSignal_fromStart,0,0.5,"sampleJointGoal+Signal
fromStart"
session_29_player2,sampleJointGoalAndSignal_fromStart,1,0.738677183448504,"sampleJointGoal+Signal
fromStart"
session_29_player2,sampleJointGoalAndSignal_fromStart,2,0.7376217314188254,"sampleJointGoal+Signal
fromStart"
session_29_player2,sampleJointGoalAndSignal_fromStart,3,0.8028649151984136,"sampleJointGoal+Signal
fromStart"
session_29_player2,sampleJointGoalAndSignal_fromStart,4,0.8864088723016584,"sampleJointGoal+Signal
fromStart"
session_29_player2,sampleJointGoalAndSignal_fromStart,5,0.9000021928660429,"sampleJointGoal+Signal
fromStart"
session_29_player2,sampleJointGoal_afterNewGoal,0,0.5,"sampleJointGoal
afterNewGoal"
session_29_player2,sampleJointGoal_afterNewGoal,1,0.6549503854021577,"sampleJointGoal
afterNewGoal"
session_29_player2,sampleJointGoal_afterNewGoal,2,0.7801701802286577,"sampleJointGoal
afterNewGoal"
session_29_player2,sampleJointGoal_afterNewGoal,3,0.7488235046920172,"sampleJointGoal
afterNewGoal"
session_29_player2,sampleJointGoal_afterNewGoal,4,0.8030220494852274,"sampleJointGoal
afterNewGoal"
session_29_player2,sampleJointGoal_afterNewGoal,5,0.7947281685496888,"sampleJointGoal
afterNewGoal"
session_29_player2,samplePosteriorOnlyGoalAndSignal_fromStart,0,0.5,"samplePosteriorOnlyGoal+Signal
fromStart"
session_29_player2,samplePosteriorOnlyGoalAndSignal_fromStart,1,0.752985394401567,"samplePosteriorOnlyGoal+Signal
fromStart"
session_29_player2,samplePosteriorOnlyGoalAndSignal_fromStart,2,0.772493490595305,"samplePosteriorOnlyGoal+Signal
fromStart"
session_29_player2,samplePosteriorOnlyGoalAndSignal_fromStart,3,0.6996984803535569,"samplePosteriorOnlyGoal+Signal
fromStart"
session_29_player2,samplePosteriorOnlyGoalAndSignal_fromStart,4,0.8245833184365072,"samplePosteriorOnlyGoal+Signal
fromStart"
session_29_player2,samplePosteriorOnlyGoalAndSignal_fromStart,5,0.8297435310226675,"samplePosteriorOnlyGoal+Signal
fromStart"
session_2_player1,TwoStageSignalAgent_sigmoidThreshold,0,0.5,"TwoStageSignal
sigmoidThreshold"
session_2_player1,TwoStageSignalAgent_sigmoidThreshold,1,0.754874021379894,"TwoStageSignal
sigmoidThreshold"
session_2_player1,TwoStageSignalAgent_sigmoidThreshold,2,0.8236317056634803,"TwoStageSignal
sigmoidThreshold"
session_2_player1,TwoStageSignalAgent_sigmoidThreshold,3,0.897844284556713,"TwoStageSignal
sigmoidThreshold"
session_2_player1,TwoStageSignalAgent_sigmoidThreshold,4,0.9301640413470524,"TwoStageSignal
sigmoidThreshold"
session_2_player1,TwoStageSignalAgent_sigmoidThreshold,5,0.9477118110012207,"TwoStageSignal
sigmoidThreshold"
session_2_player1,sampleJointGoalAndRSASignal_fromStart,0,0.5,"shared-agency
communicative
action mixture
fromStart"
session_2_player1,sampleJointGoalAndRSASignal_fromStart,1,0.6856730634766515,"shared-agency
communicative
action mixture
fromStart"
session_2_player1,sampleJointGoalAndRSASignal_fromStart,2,0.5992597024960328,"shared-agency
communicative
action mixture
fromStart"
session_2_player1,sampleJointGoalAndRSASignal_fromStart,3,0.758105133979064,"shared-agency
communicative
action mixture
fromStart"
session_2_player1,sampleJointGoalAndRSASignal_fromStart,4,0.7606288814637892,"shared-agency
communicative
action mixture
fromStart"
session_2_player1,sampleJointGoalAndRSASignal_fromStart,5,0.77715493897307,"shared-agency
communicative
action mixture
fromStart"
session_2_player1,sampleJointGoalAndSignal_afterNewGoal,0,0.5,"sampleJointGoal+Signal
afterNewGoal"
session_2_player1,sampleJointGoalAndSignal_afterNewGoal,1,0.4698285603029364,"sampleJointGoal+Signal
afterNewGoal"
session_2_player1,sampleJointGoalAndSignal_afterNewGoal,2,0.811051988430374,"sampleJointGoal+Signal
afterNewGoal"
session_2_player1,sampleJointGoalAndSignal_afterNewGoal,3,0.9340930762036979,"sampleJointGoal+Signal
afterNewGoal"
session_2_player1,sampleJointGoalAndSignal_afterNewGoal,4,0.9304757782244651,"sampleJointGoal+Signal
afterNewGoal"
session_2_player1,sampleJointGoalAndSignal_afterNewGoal,5,0.9448124425248297,"sampleJointGoal+Signal
afterNewGoal"
session_2_player1,sampleJointGoalAndSignal_fromStart,0,0.5,"sampleJointGoal+Signal
fromStart"
session_2_player1,sampleJointGoalAndSignal_fromStart,1,0.6303261048027253,"sampleJointGoal+Signal
fromStart"
session_2_player1,sampleJointGoalAndSignal_fromStart,2,0.6785251362671775,"sampleJointGoal+Signal
fromStart"
session_2_player1,sampleJointGoalAndSignal_fromStart,3,0.7678716846601896,"sampleJointGoal+Signal
fromStart"
session_2_player1,sampleJointGoalAndSignal_fromStart,4,0.8607298543530614,"sampleJointGoal+Signal
fromStart"
session_2_player1,sampleJointGoalAndSignal_fromStart,5,0.9438053872190841,"sampleJointGoal+Signal
fromStart"
session_2_player1,sampleJointGoal_afterNewGoal,0,0.5,"sampleJointGoal
afterNewGoal"
session_2_player1,sampleJointGoal_afterNewGoal,1,0.7484132817288287,"sampleJointGoal
afterNewGoal"
session_2_player1,sampleJointGoal_afterNewGoal,2,0.8120795019594214,"sampleJointGoal
afterNewGoal"
session_2_player1,sampleJointGoal_afterNewGoal,3,0.8740585577923603,"sampleJointGoal
afterNewGoal"
session_2_player1,sampleJointGoal_afterNewGoal,4,0.9371335618447131,"sampleJointGoal
afterNewGoal"
session_2_player1,sampleJointGoal_afterNewGoal,5,0.9388053540257256,"sampleJointGoal
afterNewGoal"
session_2_player1,samplePosteriorOnlyGoalAndSignal_fromStart,0,0.5,"samplePosteriorOnlyGoal+Signal
fromStart"
session_2_player1,samplePosteriorOnlyGoalAndSignal_fromStart,1,0.6229969403207949,"samplePosteriorOnlyGoal+Signal
fromStart"
session_2_player1,samplePosteriorOnlyGoalAndSignal_fromStart,2,0.7837103371089288,"samplePosteriorOnlyGoal+Signal
fromStart"
session_2_player1,samplePosteriorOnlyGoalAndSignal_fromStart,3,0.7795949954502737,"samplePosteriorOnlyGoal+Signal
fromStart"
session_2_player1,samplePosteriorOnlyGoalAndSignal_fromStart,4,0.8323032157691231,"samplePosteriorOnlyGoal+Signal
fromStart"
session_2_player1,samplePosteriorOnlyGoalAndSignal_fromStart,5,0.8778786424254944,"samplePosteriorOnlyGoal+Signal
fromStart"
session_2_player2,TwoStageSignalAgent_sigmoidThreshold,0,0.5,"TwoStageSignal
sigmoidThreshold"
session_2_player2,TwoStageSignalAgent_sigmoidThreshold,1,0.6972108685872621,"TwoStageSignal
sigmoidThreshold"
session_2_player2,TwoStageSignalAgent_sigmoidThreshold,2,0.8534241578715348,"TwoStageSignal
sigmoidThreshold"
session_2_player2,TwoStageSignalAgent_sigmoidThreshold,3,0.8560670995090474,"TwoStageSignal
sigmoidThreshold"
session_2_player2,TwoStageSignalAgent_sigmoidThreshold,4,0.8706029316874189,"TwoStageSignal
sigmoidThreshold"
session_2_player2,TwoStageSignalAgent_sigmoidThreshold,5,0.9280129555079993,"TwoStageSignal
sigmoidThreshold"
session_2_player2,sampleJointGoalAndRSASignal_fromStart,0,0.5,"shared-agency
communicative
action mixture
fromStart"
session_2_player2,sampleJointGoalAndRSASignal_fromStart,1,0.6518727362883923,"shared-agency
communicative
action mixture
fromStart"
session_2_player2,sampleJointGoalAndRSASignal_fromStart,2,0.8075753297935748,"shared-agency
communicative
action mixture
fromStart"
session_2_player2,sampleJointGoalAndRSASignal_fromStart,3,0.8606578633725934,"shared-agency
communicative
action mixture
fromStart"
session_2_player2,sampleJointGoalAndRSASignal_fromStart,4,0.8730825429551922,"shared-agency
communicative
action mixture
fromStart"
session_2_player2,sampleJointGoalAndRSASignal_fromStart,5,0.8763104935214019,"shared-agency
communicative
action mixture
fromStart"
session_2_player2,sampleJointGoalAndSignal_afterNewGoal,0,0.5,"sampleJointGoal+Signal
afterNewGoal"
session_2_player2,sampleJointGoalAndSignal_afterNewGoal,1,0.7869085258636901,"sampleJointGoal+Signal
afterNewGoal"
session_2_player2,sampleJointGoalAndSignal_afterNewGoal,2,0.8558671221852651,"sampleJointGoal+Signal
afterNewGoal"
session_2_player2,sampleJointGoalAndSignal_afterNewGoal,3,0.8461915163801955,"sampleJointGoal+Signal
afterNewGoal"
session_2_player2,sampleJointGoalAndSignal_afterNewGoal,4,0.8497950277112841,"sampleJointGoal+Signal
afterNewGoal"
session_2_player2,sampleJointGoalAndSignal_afterNewGoal,5,0.9619862666572369,"sampleJointGoal+Signal
afterNewGoal"
session_2_player2,sampleJointGoalAndSignal_fromStart,0,0.5,"sampleJointGoal+Signal
fromStart"
session_2_player2,sampleJointGoalAndSignal_fromStart,1,0.8321279436344676,"sampleJointGoal+Signal
fromStart"
session_2_player2,sampleJointGoalAndSignal_fromStart,2,0.9361251537950724,"sampleJointGoal+Signal
fromStart"
session_2_player2,sampleJointGoalAndSignal_fromStart,3,0.9384168128883134,"sampleJointGoal+Signal
fromStart"
session_2_player2,sampleJointGoalAndSignal_fromStart,4,0.939252105130912,"sampleJointGoal+Signal
fromStart"
session_2_player2,sampleJointGoalAndSignal_fromStart,5,0.937676047426999,"sampleJointGoal+Signal
fromStart"
session_2_player2,sampleJointGoal_afterNewGoal,0,0.5,"sampleJointGoal
afterNewGoal"
session_2_player2,sampleJointGoal_afterNewGoal,1,0.8052276925030365,"sampleJointGoal
afterNewGoal"
session_2_player2,sampleJointGoal_afterNewGoal,2,0.9964727904133761,"sampleJointGoal
afterNewGoal"
session_2_player2,sampleJointGoal_afterNewGoal,3,0.9967003623171217,"sampleJointGoal
afterNewGoal"
session_2_player2,sampleJointGoal_afterNewGoal,4,0.9987404347509737,"sampleJointGoal
afterNewGoal"
session_2_player2,sampleJointGoal_afterNewGoal,5,0.9999955978514872,"sampleJointGoal
afterNewGoal"
session_2_player2,samplePosteriorOnlyGoalAndSignal_fromStart,0,0.5,"samplePosteriorOnlyGoal+Signal
fromStart"
session_2_player2,samplePosteriorOnlyGoalAndSignal_fromStart,1,0.8236876910193721,"samplePosteriorOnlyGoal+Signal
fromStart"
session_2_player2,samplePosteriorOnlyGoalAndSignal_fromStart,2,0.808398530309583,"samplePosteriorOnlyGoal+Signal
fromStart"
session_2_player2,samplePosteriorOnlyGoalAndSignal_fromStart,3,0.8776414745349762,"samplePosteriorOnlyGoal+Signal
fromStart"
session_2_player2,samplePosteriorOnlyGoalAndSignal_fromStart,4,0.8868985715296362,"samplePosteriorOnlyGoal+Signal
fromStart"
session_2_player2,samplePosteriorOnlyGoalAndSignal_fromStart,5,0.9002065354892149,"samplePosteriorOnlyGoal+Signal
fromStart"
session_3_player1,TwoStageSignalAgent_sigmoidThreshold,0,0.5,"TwoStageSignal
sigmoidThreshold"
session_3_player1,TwoStageSignalAgent_sigmoidThreshold,1,0.639124636719492,"TwoStageSignal
sigmoidThreshold"
session_3_player1,TwoStageSignalAgent_sigmoidThreshold,2,0.7397400186688051,"TwoStageSignal
sigmoidThreshold"
session_3_player1,TwoStageSignalAgent_sigmoidThreshold,3,0.8614274344488034,"TwoStageSignal
sigmoidThreshold"
session_3_player1,TwoStageSignalAgent_sigmoidThreshold,4,0.8399749714906642,"TwoStageSignal
sigmoidThreshold"
session_3_player1,TwoStageSignalAgent_sigmoidThreshold,5,0.9414409322601335,"TwoStageSignal
sigmoidThreshold"
session_3_player1,sampleJointGoalAndRSASignal_fromStart,0,0.5,"shared-agency
communicative
action mixture
fromStart"
session_3_player1,sampleJointGoalAndRSASignal_fromStart,1,0.8317277070366588,"shared-agency
communicative
action mixture
fromStart"
session_3_player1,sampleJointGoalAndRSASignal_fromStart,2,0.8808391646676379,"shared-agency
communicative
action mixture
fromStart"
session_3_player1,sampleJointGoalAndRSASignal_fromStart,3,0.8720094689277573,"shared-agency
communicative
action mixture
fromStart"
session_3_player1,sampleJointGoalAndRSASignal_fromStart,4,0.8962546708363841,"shared-agency
communicative
action mixture
fromStart"
session_3_player1,sampleJointGoalAndRSASignal_fromStart,5,0.9431629793337757,"shared-agency
communicative
action mixture
fromStart"
session_3_player1,sampleJointGoalAndSignal_afterNewGoal,0,0.5,"sampleJointGoal+Signal
afterNewGoal"
session_3_player1,sampleJointGoalAndSignal_afterNewGoal,1,0.5796950454709656,"sampleJointGoal+Signal
afterNewGoal"
session_3_player1,sampleJointGoalAndSignal_afterNewGoal,2,0.6370813218403689,"sampleJointGoal+Signal
afterNewGoal"
session_3_player1,sampleJointGoalAndSignal_afterNewGoal,3,0.7796666038904995,"sampleJointGoal+Signal
afterNewGoal"
session_3_player1,sampleJointGoalAndSignal_afterNewGoal,4,0.7721105967609185,"sampleJointGoal+Signal
afterNewGoal"
session_3_player1,sampleJointGoalAndSignal_afterNewGoal,5,0.772166351188837,"sampleJointGoal+Signal
afterNewGoal"
session_3_player1,sampleJointGoalAndSignal_fromStart,0,0.5,"sampleJointGoal+Signal
fromStart"
session_3_player1,sampleJointGoalAndSignal_fromStart,1,0.7454670519171057,"sampleJointGoal+Signal
fromStart"
session_3_player1,sampleJointGoalAndSignal_fromStart,2,0.8135971983824234,"sampleJointGoal+Signal
fromStart"
session_3_player1,sampleJointGoalAndSignal_fromStart,3,0.8288309232148833,"sampleJointGoal+Signal
fromStart"
session_3_player1,sampleJointGoalAndSignal_fromStart,4,0.8321499902496263,"sampleJointGoal+Signal
fromStart"
session_3_player1,sampleJointGoalAndSignal_fromStart,5,0.8099000970793224,"sampleJointGoal+Signal
fromStart"
session_3_player1,sampleJointGoal_afterNewGoal,0,0.5,"sampleJointGoal
afterNewGoal"
session_3_player1,sampleJointGoal_afterNewGoal,1,0.569019043721504,"sampleJointGoal
afterNewGoal"
session_3_player1,sampleJointGoal_afterNewGoal,2,0.6973758898017293,"sampleJointGoal
afterNewGoal"
session_3_player1,sampleJointGoal_afterNewGoal,3,0.8105183152626763,"sampleJointGoal
afterNewGoal"
session_3_player1,sampleJointGoal_afterNewGoal,4,0.8646703864942851,"sampleJointGoal
afterNewGoal"
session_3_player1,sampleJointGoal_afterNewGoal,5,0.8652511051296521,"sampleJointGoal
afterNewGoal"
session_3_player1,samplePosteriorOnlyGoalAndSignal_fromStart,0,0.5,"samplePosteriorOnlyGoal+Signal
fromStart"
session_3_player1,samplePosteriorOnlyGoalAndSignal_fromStart,1,0.776091490126638,"samplePosteriorOnlyGoal+Signal
fromStart"
session_3_player1,samplePosteriorOnlyGoalAndSignal_fromStart,2,0.7792645799720346,"samplePosteriorOnlyGoal+Signal
fromStart"
session_3_player1,samplePosteriorOnlyGoalAndSignal_fromStart,3,0.8038978317889546,"samplePosteriorOnlyGoal+Signal
fromStart"
session_3_player1,samplePosteriorOnlyGoalAndSignal_fromStart,4,0.8060022556254147,"samplePosteriorOnlyGoal+Signal
fromStart"
session_3_player1,samplePosteriorOnlyGoalAndSignal_fromStart,5,0.8182295911094968,"samplePosteriorOnlyGoal+Signal
fromStart"
session_3_player2,TwoStageSignalAgent_sigmoidThreshold,0,0.5,"TwoStageSignal
sigmoidThreshold"
session_3_player2,TwoStageSignalAgent_sigmoidThreshold,1,0.8291038579249076,"TwoStageSignal
sigmoidThreshold"
session_3_player2,TwoStageSignalAgent_sigmoidThreshold,2,0.9092790952191177,"TwoStageSignal
sigmoidThreshold"
session_3_player2,TwoStageSignalAgent_sigmoidThreshold,3,0.9450811387752144,"TwoStageSignal
sigmoidThreshold"
session_3_player2,TwoStageSignalAgent_sigmoidThreshold,4,0.9391439176917619,"TwoStageSignal
sigmoidThreshold"
session_3_player2,TwoStageSignalAgent_sigmoidThreshold,5,0.9373784834879823,"TwoStageSignal
sigmoidThreshold"
session_3_player2,sampleJointGoalAndRSASignal_fromStart,0,0.5,"shared-agency
communicative
action mixture
fromStart"
session_3_player2,sampleJointGoalAndRSASignal_fromStart,1,0.8255153845061508,"shared-agency
communicative
action mixture
fromStart"
session_3_player2,sampleJointGoalAndRSASignal_fromStart,2,0.9390357110339418,"shared-agency
communicative
action mixture
fromStart"
session_3_player2,sampleJointGoalAndRSASignal_fromStart,3,0.9442816417690081,"shared-agency
communicative
action mixture
fromStart"
session_3_player2,sampleJointGoalAndRSASignal_fromStart,4,0.9407758169597281,"shared-agency
communicative
action mixture
fromStart"
session_3_player2,sampleJointGoalAndRSASignal_fromStart,5,0.9332375244795961,"shared-agency
communicative
action mixture
fromStart"
session_3_player2,sampleJointGoalAndSignal_afterNewGoal,0,0.5,"sampleJointGoal+Signal
afterNewGoal"
session_3_player2,sampleJointGoalAndSignal_afterNewGoal,1,0.7962729018903789,"sampleJointGoal+Signal
afterNewGoal"
session_3_player2,sampleJointGoalAndSignal_afterNewGoal,2,0.8285968385244022,"sampleJointGoal+Signal
afterNewGoal"
session_3_player2,sampleJointGoalAndSignal_afterNewGoal,3,0.8114447570430302,"sampleJointGoal+Signal
afterNewGoal"
session_3_player2,sampleJointGoalAndSignal_afterNewGoal,4,0.890716747606797,"sampleJointGoal+Signal
afterNewGoal"
session_3_player2,sampleJointGoalAndSignal_afterNewGoal,5,0.8907790283314532,"sampleJointGoal+Signal
afterNewGoal"
session_3_player2,sampleJointGoalAndSignal_fromStart,0,0.5,"sampleJointGoal+Signal
fromStart"
session_3_player2,sampleJointGoalAndSignal_fromStart,1,0.5157515842279321,"sampleJointGoal+Signal
fromStart"
session_3_player2,sampleJointGoalAndSignal_fromStart,2,0.6692647245874257,"sampleJointGoal+Signal
fromStart"
session_3_player2,sampleJointGoalAndSignal_fromStart,3,0.6666051669337232,"sampleJointGoal+Signal
fromStart"
session_3_player2,sampleJointGoalAndSignal_fromStart,4,0.7869449570927387,"sampleJointGoal+Signal
fromStart"
session_3_player2,sampleJointGoalAndSignal_fromStart,5,0.8802163952122887,"sampleJointGoal+Signal
fromStart"
session_3_player2,sampleJointGoal_afterNewGoal,0,0.5,"sampleJointGoal
afterNewGoal"
session_3_player2,sampleJointGoal_afterNewGoal,1,0.6918882792557266,"sampleJointGoal
afterNewGoal"
session_3_player2,sampleJointGoal_afterNewGoal,2,0.7460743985989363,"sampleJointGoal
afterNewGoal"
session_3_player2,sampleJointGoal_afterNewGoal,3,0.839505566514231,"sampleJointGoal
afterNewGoal"
session_3_player2,sampleJointGoal_afterNewGoal,4,0.8452154974598436,"sampleJointGoal
afterNewGoal"
session_3_player2,sampleJointGoal_afterNewGoal,5,0.8078566869520061,"sampleJointGoal
afterNewGoal"
session_3_player2,samplePosteriorOnlyGoalAndSignal_fromStart,0,0.5,"samplePosteriorOnlyGoal+Signal
fromStart"
session_3_player2,samplePosteriorOnlyGoalAndSignal_fromStart,1,0.6449110747482582,"samplePosteriorOnlyGoal+Signal
fromStart"
session_3_player2,samplePosteriorOnlyGoalAndSignal_fromStart,2,0.7952941354013882,"samplePosteriorOnlyGoal+Signal
fromStart"
session_3_player2,samplePosteriorOnlyGoalAndSignal_fromStart,3,0.8030680268350564,"samplePosteriorOnlyGoal+Signal
fromStart"
session_3_player2,samplePosteriorOnlyGoalAndSignal_fromStart,4,0.8031354388736345,"samplePosteriorOnlyGoal+Signal
fromStart"
session_3_player2,samplePosteriorOnlyGoalAndSignal_fromStart,5,0.7388814055089041,"samplePosteriorOnlyGoal+Signal
fromStart"
session_4_player1,TwoStageSignalAgent_sigmoidThreshold,0,0.5,"TwoStageSignal
sigmoidThreshold"
session_4_player1,TwoStageSignalAgent_sigmoidThreshold,1,0.490825573212201,"TwoStageSignal
sigmoidThreshold"
session_4_player1,TwoStageSignalAgent_sigmoidThreshold,2,0.48016798724742266,"TwoStageSignal
sigmoidThreshold"
session_4_player1,TwoStageSignalAgent_sigmoidThreshold,3,0.6447716595663737,"TwoStageSignal
sigmoidThreshold"
session_4_player1,TwoStageSignalAgent_sigmoidThreshold,4,0.7560073437137234,"TwoStageSignal
sigmoidThreshold"
session_4_player1,TwoStageSignalAgent_sigmoidThreshold,5,0.7382777108881353,"TwoStageSignal
sigmoidThreshold"
session_4_player1,sampleJointGoalAndRSASignal_fromStart,0,0.5,"shared-agency
communicative
action mixture
fromStart"
session_4_player1,sampleJointGoalAndRSASignal_fromStart,1,0.7181315447811855,"shared-agency
communicative
action mixture
fromStart"
session_4_player1,sampleJointGoalAndRSASignal_fromStart,2,0.7194023931892339,"shared-agency
communicative
action mixture
fromStart"
session_4_player1,sampleJointGoalAndRSASignal_fromStart,3,0.7200608825148492,"shared-agency
communicative
action mixture
fromStart"
session_4_player1,sampleJointGoalAndRSASignal_fromStart,4,0.8037627920957895,"shared-agency
communicative
action mixture
fromStart"
session_4_player1,sampleJointGoalAndRSASignal_fromStart,5,0.789940294790936,"shared-agency
communicative
action mixture
fromStart"
session_4_player1,sampleJointGoalAndSignal_afterNewGoal,0,0.5,"sampleJointGoal+Signal
afterNewGoal"
session_4_player1,sampleJointGoalAndSignal_afterNewGoal,1,0.5898582750400829,"sampleJointGoal+Signal
afterNewGoal"
session_4_player1,sampleJointGoalAndSignal_afterNewGoal,2,0.7487015708139543,"sampleJointGoal+Signal
afterNewGoal"
session_4_player1,sampleJointGoalAndSignal_afterNewGoal,3,0.7497157542251995,"sampleJointGoal+Signal
afterNewGoal"
session_4_player1,sampleJointGoalAndSignal_afterNewGoal,4,0.8028123265585678,"sampleJointGoal+Signal
afterNewGoal"
session_4_player1,sampleJointGoalAndSignal_afterNewGoal,5,0.8182068040158542,"sampleJointGoal+Signal
afterNewGoal"
session_4_player1,sampleJointGoalAndSignal_fromStart,0,0.5,"sampleJointGoal+Signal
fromStart"
session_4_player1,sampleJointGoalAndSignal_fromStart,1,0.8337311941611553,"sampleJointGoal+Signal
fromStart"
session_4_player1,sampleJointGoalAndSignal_fromStart,2,0.8860426585761022,"sampleJointGoal+Signal
fromStart"
session_4_player1,sampleJointGoalAndSignal_fromStart,3,0.8940587865853256,"sampleJointGoal+Signal
fromStart"
session_4_player1,sampleJointGoalAndSignal_fromStart,4,0.9025903536470119,"sampleJointGoal+Signal
fromStart"
session_4_player1,sampleJointGoalAndSignal_fromStart,5,0.9197143244405077,"sampleJointGoal+Signal
fromStart"
session_4_player1,sampleJointGoal_afterNewGoal,0,0.5,"sampleJointGoal
afterNewGoal"
session_4_player1,sampleJointGoal_afterNewGoal,1,0.7816394981536352,"sampleJointGoal
afterNewGoal"
session_4_player1,sampleJointGoal_afterNewGoal,2,0.7926841720485145,"sampleJointGoal
afterNewGoal"
session_4_player1,sampleJointGoal_afterNewGoal,3,0.925505389371413,"sampleJointGoal
afterNewGoal"
session_4_player1,sampleJointGoal_afterNewGoal,4,0.9911681430762286,"sampleJointGoal
afterNewGoal"
session_4_player1,sampleJointGoal_afterNewGoal,5,0.9892757862542643,"sampleJointGoal
afterNewGoal"
session_4_player1,samplePosteriorOnlyGoalAndSignal_fromStart,0,0.5,"samplePosteriorOnlyGoal+Signal
fromStart"
session_4_player1,samplePosteriorOnlyGoalAndSignal_fromStart,1,0.7841412277729026,"samplePosteriorOnlyGoal+Signal
fromStart"
session_4_player1,samplePosteriorOnlyGoalAndSignal_fromStart,2,0.9286692819255068,"samplePosteriorOnlyGoal+Signal
fromStart"
session_4_player1,samplePosteriorOnlyGoalAndSignal_fromStart,3,0.9301280686123224,"samplePosteriorOnlyGoal+Signal
fromStart"
session_4_player1,samplePosteriorOnlyGoalAndSignal_fromStart,4,0.9311846656409744,"samplePosteriorOnlyGoal+Signal
fromStart"
session_4_player1,samplePosteriorOnlyGoalAndSignal_fromStart,5,0.8669955598839475,"samplePosteriorOnlyGoal+Signal
fromStart"
session_4_player2,TwoStageSignalAgent_sigmoidThreshold,0,0.5,"TwoStageSignal
sigmoidThreshold"
session_4_player2,TwoStageSignalAgent_sigmoidThreshold,1,0.7115790106090353,"TwoStageSignal
sigmoidThreshold"
session_4_player2,TwoStageSignalAgent_sigmoidThreshold,2,0.7342577181634734,"TwoStageSignal
sigmoidThreshold"
session_4_player2,TwoStageSignalAgent_sigmoidThreshold,3,0.8667722462285631,"TwoStageSignal
sigmoidThreshold"
session_4_player2,TwoStageSignalAgent_sigmoidThreshold,4,0.8875973230919357,"TwoStageSignal
sigmoidThreshold"
session_4_player2,TwoStageSignalAgent_sigmoidThreshold,5,0.9115494634914076,"TwoStageSignal
sigmoidThreshold"
session_4_player2,sampleJointGoalAndRSASignal_fromStart,0,0.5,"shared-agency
communicative
action mixture
fromStart"
session_4_player2,sampleJointGoalAndRSASignal_fromStart,1,0.6303214182328285,"shared-agency
communicative
action mixture
fromStart"
session_4_player2,sampleJointGoalAndRSASignal_fromStart,2,0.761967294819228,"shared-agency
communicative
action mixture
fromStart"
session_4_player2,sampleJointGoalAndRSASignal_fromStart,3,0.7857013180222697,"shared-agency
communicative
action mixture
fromStart"
session_4_player2,sampleJointGoalAndRSASignal_fromStart,4,0.7201659974239043,"shared-agency
communicative
action mixture
fromStart"
session_4_player2,sampleJointGoalAndRSASignal_fromStart,5,0.7192442327246165,"shared-agency
communicative
action mixture
fromStart"
session_4_player2,sampleJointGoalAndSignal_afterNewGoal,0,0.5,"sampleJointGoal+Signal
afterNewGoal"
session_4_player2,sampleJointGoalAndSignal_afterNewGoal,1,0.6867279918398768,"sampleJointGoal+Signal
afterNewGoal"
session_4_player2,sampleJointGoalAndSignal_afterNewGoal,2,0.8302212402544125,"sampleJointGoal+Signal
afterNewGoal"
session_4_player2,sampleJointGoalAndSignal_afterNewGoal,3,0.8376412325544424,"sampleJointGoal+Signal
afterNewGoal"
session_4_player2,sampleJointGoalAndSignal_afterNewGoal,4,0.832073464858802,"sampleJointGoal+Signal
afterNewGoal"
session_4_player2,sampleJointGoalAndSignal_afterNewGoal,5,0.8553569951525449,"sampleJointGoal+Signal
afterNewGoal"
session_4_player2,sampleJointGoalAndSignal_fromStart,0,0.5,"sampleJointGoal+Signal
fromStart"
session_4_player2,sampleJointGoalAndSignal_fromStart,1,0.7509188894034136,"sampleJointGoal+Signal
fromStart"
session_4_player2,sampleJointGoalAndSignal_fromStart,2,0.8746639693232482,"sampleJointGoal+Signal
fromStart"
session_4_player2,sampleJointGoalAndSignal_fromStart,3,0.8755629862924343,"sampleJointGoal+Signal
fromStart"
session_4_player2,sampleJointGoalAndSignal_fromStart,4,0.8809390239602622,"sampleJointGoal+Signal
fromStart"
session_4_player2,sampleJointGoalAndSignal_fromStart,5,0.8817276462283384,"sampleJointGoal+Signal
fromStart"
session_4_player2,sampleJointGoal_afterNewGoal,0,0.5,"sampleJointGoal
afterNewGoal"
session_4_player2,sampleJointGoal_afterNewGoal,1,0.6439654525940625,"sampleJointGoal
afterNewGoal"
session_4_player2,sampleJointGoal_afterNewGoal,2,0.6756071467394509,"sampleJointGoal
afterNewGoal"
session_4_player2,sampleJointGoal_afterNewGoal,3,0.6861585298609808,"sampleJointGoal
afterNewGoal"
session_4_player2,sampleJointGoal_afterNewGoal,4,0.7517989524755082,"sampleJointGoal
afterNewGoal"
session_4_player2,sampleJointGoal_afterNewGoal,5,0.8094719369344855,"sampleJointGoal
afterNewGoal"
session_4_player2,samplePosteriorOnlyGoalAndSignal_fromStart,0,0.5,"samplePosteriorOnlyGoal+Signal
fromStart"
session_4_player2,samplePosteriorOnlyGoalAndSignal_fromStart,1,0.7893925980412445,"samplePosteriorOnlyGoal+Signal
fromStart"
session_4_player2,samplePosteriorOnlyGoalAndSignal_fromStart,2,0.9055148844805169,"samplePosteriorOnlyGoal+Signal
fromStart"
session_4_player2,samplePosteriorOnlyGoalAndSignal_fromStart,3,0.9565378328959752,"samplePosteriorOnlyGoal+Signal
fromStart"
session_4_player2,samplePosteriorOnlyGoalAndSignal_fromStart,4,0.9997301667532178,"samplePosteriorOnlyGoal+Signal
fromStart"
session_4_player2,samplePosteriorOnlyGoalAndSignal_fromStart,5,0.999968443764666,"samplePosteriorOnlyGoal+Signal
fromStart"
session_5_player1,TwoStageSignalAgent_sigmoidThreshold,0,0.5,"TwoStageSignal
sigmoidThreshold"
session_5_player1,TwoStageSignalAgent_sigmoidThreshold,1,0.6223126343185574,"TwoStageSignal
sigmoidThreshold"
session_5_player1,TwoStageSignalAgent_sigmoidThreshold,2,0.8008898336064213,"TwoStageSignal
sigmoidThreshold"
session_5_player1,TwoStageSignalAgent_sigmoidThreshold,3,0.8773487096590528,"TwoStageSignal
sigmoidThreshold"
session_5_player1,TwoStageSignalAgent_sigmoidThreshold,4,0.8124820573536659,"TwoStageSignal
sigmoidThreshold"
session_5_player1,TwoStageSignalAgent_sigmoidThreshold,5,0.8173780237309316,"TwoStageSignal
sigmoidThreshold"
session_5_player1,sampleJointGoalAndRSASignal_fromStart,0,0.5,"shared-agency
communicative
action mixture
fromStart"
session_5_player1,sampleJointGoalAndRSASignal_fromStart,1,0.5411731851600387,"shared-agency
communicative
action mixture
fromStart"
session_5_player1,sampleJointGoalAndRSASignal_fromStart,2,0.7228740448374156,"shared-agency
communicative
action mixture
fromStart"
session_5_player1,sampleJointGoalAndRSASignal_fromStart,3,0.6970547766656839,"shared-agency
communicative
action mixture
fromStart"
session_5_player1,sampleJointGoalAndRSASignal_fromStart,4,0.7137683987021115,"shared-agency
communicative
action mixture
fromStart"
session_5_player1,sampleJointGoalAndRSASignal_fromStart,5,0.7204102301032858,"shared-agency
communicative
action mixture
fromStart"
session_5_player1,sampleJointGoalAndSignal_afterNewGoal,0,0.5,"sampleJointGoal+Signal
afterNewGoal"
session_5_player1,sampleJointGoalAndSignal_afterNewGoal,1,0.6253157420351164,"sampleJointGoal+Signal
afterNewGoal"
session_5_player1,sampleJointGoalAndSignal_afterNewGoal,2,0.6881049987278587,"sampleJointGoal+Signal
afterNewGoal"
session_5_player1,sampleJointGoalAndSignal_afterNewGoal,3,0.7520051073233027,"sampleJointGoal+Signal
afterNewGoal"
session_5_player1,sampleJointGoalAndSignal_afterNewGoal,4,0.7599218418451505,"sampleJointGoal+Signal
afterNewGoal"
session_5_player1,sampleJointGoalAndSignal_afterNewGoal,5,0.7759429736651923,"sampleJointGoal+Signal
afterNewGoal"
session_5_player1,sampleJointGoalAndSignal_fromStart,0,0.5,"sampleJointGoal+Signal
fromStart"
session_5_player1,sampleJointGoalAndSignal_fromStart,1,0.749785579992831,"sampleJointGoal+Signal
fromStart"
session_5_player1,sampleJointGoalAndSignal_fromStart,2,0.763407533470598,"sampleJointGoal+Signal
fromStart"
session_5_player1,sampleJointGoalAndSignal_fromStart,3,0.7838718722296342,"sampleJointGoal+Signal
fromStart"
session_5_player1,sampleJointGoalAndSignal_fromStart,4,0.8663578896440967,"sampleJointGoal+Signal
fromStart"
session_5_player1,sampleJointGoalAndSignal_fromStart,5,0.8745799030832916,"sampleJointGoal+Signal
fromStart"
session_5_player1,sampleJointGoal_afterNewGoal,0,0.5,"sampleJointGoal
afterNewGoal"
session_5_player1,sampleJointGoal_afterNewGoal,1,0.7965397390036377,"sampleJointGoal
afterNewGoal"
session_5_player1,sampleJointGoal_afterNewGoal,2,0.9257841453500699,"sampleJointGoal
afterNewGoal"
session_5_player1,sampleJointGoal_afterNewGoal,3,0.9990927117302147,"sampleJointGoal
afterNewGoal"
session_5_player1,sampleJointGoal_afterNewGoal,4,0.9998964881547046,"sampleJointGoal
afterNewGoal"
session_5_player1,sampleJointGoal_afterNewGoal,5,0.9577615794290908,"sampleJointGoal
afterNewGoal"
session_5_player1,samplePosteriorOnlyGoalAndSignal_fromStart,0,0.5,"samplePosteriorOnlyGoal+Signal
fromStart"
session_5_player1,samplePosteriorOnlyGoalAndSignal_fromStart,1,0.7027045852795908,"samplePosteriorOnlyGoal+Signal
fromStart"
session_5_player1,samplePosteriorOnlyGoalAndSignal_fromStart,2,0.7649323688269518,"samplePosteriorOnlyGoal+Signal
fromStart"
session_5_player1,samplePosteriorOnlyGoalAndSignal_fromStart,3,0.7781796076743189,"samplePosteriorOnlyGoal+Signal
fromStart"
session_5_player1,samplePosteriorOnlyGoalAndSignal_fromStart,4,0.8645335897749523,"samplePosteriorOnlyGoal+Signal
fromStart"
session_5_player1,samplePosteriorOnlyGoalAndSignal_fromStart,5,0.8654468081242159,"samplePosteriorOnlyGoal+Signal
fromStart"
session_5_player2,TwoStageSignalAgent_sigmoidThreshold,0,0.5,"TwoStageSignal
sigmoidThreshold"
session_5_player2,TwoStageSignalAgent_sigmoidThreshold,1,0.675997068946546,"TwoStageSignal
sigmoidThreshold"
session_5_player2,TwoStageSignalAgent_sigmoidThreshold,2,0.7896165472331468,"TwoStageSignal
sigmoidThreshold"
session_5_player2,TwoStageSignalAgent_sigmoidThreshold,3,0.865270286029898,"TwoStageSignal
sigmoidThreshold"
session_5_player2,TwoStageSignalAgent_sigmoidThreshold,4,0.9208336820819412,"TwoStageSignal
sigmoidThreshold"
session_5_player2,TwoStageSignalAgent_sigmoidThreshold,5,0.91473423532478,"TwoStageSignal
sigmoidThreshold"
session_5_player2,sampleJointGoalAndRSASignal_fromStart,0,0.5,"shared-agency
communicative
action mixture
fromStart"
session_5_player2,sampleJointGoalAndRSASignal_fromStart,1,0.5934159213035396,"shared-agency
communicative
action mixture
fromStart"
session_5_player2,sampleJointGoalAndRSASignal_fromStart,2,0.5689557387091143,"shared-agency
communicative
action mixture
fromStart"
session_5_player2,sampleJointGoalAndRSASignal_fromStart,3,0.7264867989621956,"shared-agency
communicative
action mixture
fromStart"
session_5_player2,sampleJointGoalAndRSASignal_fromStart,4,0.7597150051062193,"shared-agency
communicative
action mixture
fromStart"
session_5_player2,sampleJointGoalAndRSASignal_fromStart,5,0.6406415847800989,"shared-agency
communicative
action mixture
fromStart"
session_5_player2,sampleJointGoalAndSignal_afterNewGoal,0,0.5,"sampleJointGoal+Signal
afterNewGoal"
session_5_player2,sampleJointGoalAndSignal_afterNewGoal,1,0.6926800940739134,"sampleJointGoal+Signal
afterNewGoal"
session_5_player2,sampleJointGoalAndSignal_afterNewGoal,2,0.7579770777878609,"sampleJointGoal+Signal
afterNewGoal"
session_5_player2,sampleJointGoalAndSignal_afterNewGoal,3,0.820441712684658,"sampleJointGoal+Signal
afterNewGoal"
session_5_player2,sampleJointGoalAndSignal_afterNewGoal,4,0.8266639377931888,"sampleJointGoal+Signal
afterNewGoal"
session_5_player2,sampleJointGoalAndSignal_afterNewGoal,5,0.8351708556555361,"sampleJointGoal+Signal
afterNewGoal"
session_5_player2,sampleJointGoalAndSignal_fromStart,0,0.5,"sampleJointGoal+Signal
fromStart"
session_5_player2,sampleJointGoalAndSignal_fromStart,1,0.6553698266985669,"sampleJointGoal+Signal
fromStart"
session_5_player2,sampleJointGoalAndSignal_fromStart,2,0.8440939008641652,"sampleJointGoal+Signal
fromStart"
session_5_player2,sampleJointGoalAndSignal_fromStart,3,0.8608878442804277,"sampleJointGoal+Signal
fromStart"
session_5_player2,sampleJointGoalAndSignal_fromStart,4,0.8599163965910593,"sampleJointGoal+Signal
fromStart"
session_5_player2,sampleJointGoalAndSignal_fromStart,5,0.8727084967398595,"sampleJointGoal+Signal
fromStart"
session_5_player2,sampleJointGoal_afterNewGoal,0,0.5,"sampleJointGoal
afterNewGoal"
session_5_player2,sampleJointGoal_afterNewGoal,1,0.7509871402705575,"sampleJointGoal
afterNewGoal"
session_5_player2,sampleJointGoal_afterNewGoal,2,0.8924405461171628,"sampleJointGoal
afterNewGoal"
session_5_player2,sampleJointGoal_afterNewGoal,3,0.9811293054291504,"sampleJointGoal
afterNewGoal"
session_5_player2,sampleJointGoal_afterNewGoal,4,0.9989306089775297,"sampleJointGoal
afterNewGoal"
session_5_player2,sampleJointGoal_afterNewGoal,5,0.9999949135119512,"sampleJointGoal
afterNewGoal"
session_5_player2,samplePosteriorOnlyGoalAndSignal_fromStart,0,0.5,"samplePosteriorOnlyGoal+Signal
fromStart"
session_5_player2,samplePosteriorOnlyGoalAndSignal_fromStart,1,0.7080197850338327,"samplePosteriorOnlyGoal+Signal
fromStart"
session_5_player2,samplePosteriorOnlyGoalAndSignal_fromStart,2,0.7837939679763581,"samplePosteriorOnlyGoal+Signal
fromStart"
session_5_player2,samplePosteriorOnlyGoalAndSignal_fromStart,3,0.824439502142485,"samplePosteriorOnlyGoal+Signal
fromStart"
session_5_player2,samplePosteriorOnlyGoalAndSignal_fromStart,4,0.8596866292689679,"samplePosteriorOnlyGoal+Signal
fromStart"
session_5_player2,samplePosteriorOnlyGoalAndSignal_fromStart,5,0.8697446584663817,"samplePosteriorOnlyGoal+Signal
fromStart"
session_6_player1,TwoStageSignalAgent_sigmoidThreshold,0,0.5,"TwoStageSignal
sigmoidThreshold"
session_6_player1,TwoStageSignalAgent_sigmoidThreshold,1,0.623683468714392,"TwoStageSignal
sigmoidThreshold"
session_6_player1,TwoStageSignalAgent_sigmoidThreshold,2,0.7968443661310227,"TwoStageSignal
sigmoidThreshold"
session_6_player1,TwoStageSignalAgent_sigmoidThreshold,3,0.6793244144906442,"TwoStageSignal
sigmoidThreshold"
session_6_player1,TwoStageSignalAgent_sigmoidThreshold,4,0.865154324722184,"TwoStageSignal
sigmoidThreshold"
session_6_player1,TwoStageSignalAgent_sigmoidThreshold,5,0.9382356949778476,"TwoStageSignal
sigmoidThreshold"
session_6_player1,sampleJointGoalAndRSASignal_fromStart,0,0.5,"shared-agency
communicative
action mixture
fromStart"
session_6_player1,sampleJointGoalAndRSASignal_fromStart,1,0.8711830317850687,"shared-agency
communicative
action mixture
fromStart"
session_6_player1,sampleJointGoalAndRSASignal_fromStart,2,0.8257379290865238,"shared-agency
communicative
action mixture
fromStart"
session_6_player1,sampleJointGoalAndRSASignal_fromStart,3,0.9192319786289899,"shared-agency
communicative
action mixture
fromStart"
session_6_player1,sampleJointGoalAndRSASignal_fromStart,4,0.9434459721039263,"shared-agency
communicative
action mixture
fromStart"
session_6_player1,sampleJointGoalAndRSASignal_fromStart,5,0.9447459051181666,"shared-agency
communicative
action mixture
fromStart"
session_6_player1,sampleJointGoalAndSignal_afterNewGoal,0,0.5,"sampleJointGoal+Signal
afterNewGoal"
session_6_player1,sampleJointGoalAndSignal_afterNewGoal,1,0.5245670305907769,"sampleJointGoal+Signal
afterNewGoal"
session_6_player1,sampleJointGoalAndSignal_afterNewGoal,2,0.7139431938718429,"sampleJointGoal+Signal
afterNewGoal"
session_6_player1,sampleJointGoalAndSignal_afterNewGoal,3,0.7302800752033226,"sampleJointGoal+Signal
afterNewGoal"
session_6_player1,sampleJointGoalAndSignal_afterNewGoal,4,0.8444333289249926,"sampleJointGoal+Signal
afterNewGoal"
session_6_player1,sampleJointGoalAndSignal_afterNewGoal,5,0.8721336056106256,"sampleJointGoal+Signal
afterNewGoal"
session_6_player1,sampleJointGoalAndSignal_fromStart,0,0.5,"sampleJointGoal+Signal
fromStart"
session_6_player1,sampleJointGoalAndSignal_fromStart,1,0.6939114573610534,"sampleJointGoal+Signal
fromStart"
session_6_player1,sampleJointGoalAndSignal_fromStart,2,0.7656018268432502,"sampleJointGoal+Signal
fromStart"
session_6_player1,sampleJointGoalAndSignal_fromStart,3,0.7777376296276328,"sampleJointGoal+Signal
fromStart"
session_6_player1,sampleJointGoalAndSignal_fromStart,4,0.804346663583433,"sampleJointGoal+Signal
fromStart"
session_6_player1,sampleJointGoalAndSignal_fromStart,5,0.7897518286991801,"sampleJointGoal+Signal
fromStart"
session_6_player1,sampleJointGoal_afterNewGoal,0,0.5,"sampleJointGoal
afterNewGoal"
session_6_player1,sampleJointGoal_afterNewGoal,1,0.5517896855133214,"sampleJointGoal
afterNewGoal"
session_6_player1,sampleJointGoal_afterNewGoal,2,0.5570450852930628,"sampleJointGoal
afterNewGoal"
session_6_player1,sampleJointGoal_afterNewGoal,3,0.7174972725512492,"sampleJointGoal
afterNewGoal"
session_6_player1,sampleJointGoal_afterNewGoal,4,0.7359102230337864,"sampleJointGoal
afterNewGoal"
session_6_player1,sampleJointGoal_afterNewGoal,5,0.8021933826564047,"sampleJointGoal
afterNewGoal"
session_6_player1,samplePosteriorOnlyGoalAndSignal_fromStart,0,0.5,"samplePosteriorOnlyGoal+Signal
fromStart"
session_6_player1,samplePosteriorOnlyGoalAndSignal_fromStart,1,0.7468045401777831,"samplePosteriorOnlyGoal+Signal
fromStart"
session_6_player1,samplePosteriorOnlyGoalAndSignal_fromStart,2,0.7672447324898269,"samplePosteriorOnlyGoal+Signal
fromStart"
session_6_player1,samplePosteriorOnlyGoalAndSignal_fromStart,3,0.7796864023930444,"samplePosteriorOnlyGoal+Signal
fromStart"
session_6_player1,samplePosteriorOnlyGoalAndSignal_fromStart,4,0.7906232614892569,"samplePosteriorOnlyGoal+Signal
fromStart"
session_6_player1,samplePosteriorOnlyGoalAndSignal_fromStart,5,0.8061157973473178,"samplePosteriorOnlyGoal+Signal
fromStart"
session_6_player2,TwoStageSignalAgent_sigmoidThreshold,0,0.5,"TwoStageSignal
sigmoidThreshold"
session_6_player2,TwoStageSignalAgent_sigmoidThreshold,1,0.7469060491821203,"TwoStageSignal
sigmoidThreshold"
session_6_player2,TwoStageSignalAgent_sigmoidThreshold,2,0.7133033908550618,"TwoStageSignal
sigmoidThreshold"
session_6_player2,TwoStageSignalAgent_sigmoidThreshold,3,0.90397179909191,"TwoStageSignal
sigmoidThreshold"
session_6_player2,TwoStageSignalAgent_sigmoidThreshold,4,0.9032094581902524,"TwoStageSignal
sigmoidThreshold"
session_6_player2,TwoStageSignalAgent_sigmoidThreshold,5,0.9378266626437799,"TwoStageSignal
sigmoidThreshold"
session_6_player2,sampleJointGoalAndRSASignal_fromStart,0,0.5,"shared-agency
communicative
action mixture
fromStart"
session_6_player2,sampleJointGoalAndRSASignal_fromStart,1,0.6105226993634445,"shared-agency
communicative
action mixture
fromStart"
session_6_player2,sampleJointGoalAndRSASignal_fromStart,2,0.7716726845990416,"shared-agency
communicative
action mixture
fromStart"
session_6_player2,sampleJointGoalAndRSASignal_fromStart,3,0.7817071592559602,"shared-agency
communicative
action mixture
fromStart"
session_6_player2,sampleJointGoalAndRSASignal_fromStart,4,0.820581575012296,"shared-agency
communicative
action mixture
fromStart"
session_6_player2,sampleJointGoalAndRSASignal_fromStart,5,0.8926799976018442,"shared-agency
communicative
action mixture
fromStart"
session_6_player2,sampleJointGoalAndSignal_afterNewGoal,0,0.5,"sampleJointGoal+Signal
afterNewGoal"
session_6_player2,sampleJointGoalAndSignal_afterNewGoal,1,0.7318982793494192,"sampleJointGoal+Signal
afterNewGoal"
session_6_player2,sampleJointGoalAndSignal_afterNewGoal,2,0.8236255085186764,"sampleJointGoal+Signal
afterNewGoal"
session_6_player2,sampleJointGoalAndSignal_afterNewGoal,3,0.9280059889068283,"sampleJointGoal+Signal
afterNewGoal"
session_6_player2,sampleJointGoalAndSignal_afterNewGoal,4,0.9102555245228093,"sampleJointGoal+Signal
afterNewGoal"
session_6_player2,sampleJointGoalAndSignal_afterNewGoal,5,0.9999596053094529,"sampleJointGoal+Signal
afterNewGoal"
session_6_player2,sampleJointGoalAndSignal_fromStart,0,0.5,"sampleJointGoal+Signal
fromStart"
session_6_player2,sampleJointGoalAndSignal_fromStart,1,0.6701133913382353,"sampleJointGoal+Signal
fromStart"
session_6_player2,sampleJointGoalAndSignal_fromStart,2,0.8251147445082341,"sampleJointGoal+Signal
fromStart"
session_6_player2,sampleJointGoalAndSignal_fromStart,3,0.8470748300393248,"sampleJointGoal+Signal
fromStart"
session_6_player2,sampleJointGoalAndSignal_fromStart,4,0.8636379354354538,"sampleJointGoal+Signal
fromStart"
session_6_player2,sampleJointGoalAndSignal_fromStart,5,0.8731115424468128,"sampleJointGoal+Signal
fromStart"
session_6_player2,sampleJointGoal_afterNewGoal,0,0.5,"sampleJointGoal
afterNewGoal"
session_6_player2,sampleJointGoal_afterNewGoal,1,0.7486765067455531,"sampleJointGoal
afterNewGoal"
session_6_player2,sampleJointGoal_afterNewGoal,2,0.8664576712351441,"sampleJointGoal
afterNewGoal"
session_6_player2,sampleJointGoal_afterNewGoal,3,0.8761233390589676,"sampleJointGoal
afterNewGoal"
session_6_player2,sampleJointGoal_afterNewGoal,4,0.8606353407515035,"sampleJointGoal
afterNewGoal"
session_6_player2,sampleJointGoal_afterNewGoal,5,0.8828081412799128,"sampleJointGoal
afterNewGoal"
session_6_player2,samplePosteriorOnlyGoalAndSignal_fromStart,0,0.5,"samplePosteriorOnlyGoal+Signal
fromStart"
session_6_player2,samplePosteriorOnlyGoalAndSignal_fromStart,1,0.6207528637381206,"samplePosteriorOnlyGoal+Signal
fromStart"
session_6_player2,samplePosteriorOnlyGoalAndSignal_fromStart,2,0.6396778406732618,"samplePosteriorOnlyGoal+Signal
fromStart"
session_6_player2,samplePosteriorOnlyGoalAndSignal_fromStart,3,0.723072468032188,"samplePosteriorOnlyGoal+Signal
fromStart"
session_6_player2,samplePosteriorOnlyGoalAndSignal_fromStart,4,0.6918801751132995,"samplePosteriorOnlyGoal+Signal
fromStart"
session_6_player2,samplePosteriorOnlyGoalAndSignal_fromStart,5,0.7919829947640523,"samplePosteriorOnlyGoal+Signal
fromStart"
session_7_player1,TwoStageSignalAgent_sigmoidThreshold,0,0.5,"TwoStageSignal
sigmoidThreshold"
session_7_player1,TwoStageSignalAgent_sigmoidThreshold,1,0.8078320652633177,"TwoStageSignal
sigmoidThreshold"
session_7_player1,TwoStageSignalAgent_sigmoidThreshold,2,0.8104966969969523,"TwoStageSignal
sigmoidThreshold"
session_7_player1,TwoStageSignalAgent_sigmoidThreshold,3,0.812104766592755,"TwoStageSignal
sigmoidThreshold"
session_7_player1,TwoStageSignalAgent_sigmoidThreshold,4,0.9122285372099469,"TwoStageSignal
sigmoidThreshold"
session_7_player1,TwoStageSignalAgent_sigmoidThreshold,5,0.9028005543971885,"TwoStageSignal
sigmoidThreshold"
session_7_player1,sampleJointGoalAndRSASignal_fromStart,0,0.5,"shared-agency
communicative
action mixture
fromStart"
session_7_player1,sampleJointGoalAndRSASignal_fromStart,1,0.7132124704589374,"shared-agency
communicative
action mixture
fromStart"
session_7_player1,sampleJointGoalAndRSASignal_fromStart,2,0.7137914658306493,"shared-agency
communicative
action mixture
fromStart"
session_7_player1,sampleJointGoalAndRSASignal_fromStart,3,0.7167610819399517,"shared-agency
communicative
action mixture
fromStart"
session_7_player1,sampleJointGoalAndRSASignal_fromStart,4,0.7120516286788844,"shared-agency
communicative
action mixture
fromStart"
session_7_player1,sampleJointGoalAndRSASignal_fromStart,5,0.726268011030926,"shared-agency
communicative
action mixture
fromStart"
session_7_player1,sampleJointGoalAndSignal_afterNewGoal,0,0.5,"sampleJointGoal+Signal
afterNewGoal"
session_7_player1,sampleJointGoalAndSignal_afterNewGoal,1,0.7271264594878826,"sampleJointGoal+Signal
afterNewGoal"
session_7_player1,sampleJointGoalAndSignal_afterNewGoal,2,0.7368016283576845,"sampleJointGoal+Signal
afterNewGoal"
session_7_player1,sampleJointGoalAndSignal_afterNewGoal,3,0.7334349445607244,"sampleJointGoal+Signal
afterNewGoal"
session_7_player1,sampleJointGoalAndSignal_afterNewGoal,4,0.8118458972593324,"sampleJointGoal+Signal
afterNewGoal"
session_7_player1,sampleJointGoalAndSignal_afterNewGoal,5,0.9190918326028472,"sampleJointGoal+Signal
afterNewGoal"
session_7_player1,sampleJointGoalAndSignal_fromStart,0,0.5,"sampleJointGoal+Signal
fromStart"
session_7_player1,sampleJointGoalAndSignal_fromStart,1,0.7588545750929003,"sampleJointGoal+Signal
fromStart"
session_7_player1,sampleJointGoalAndSignal_fromStart,2,0.8376293930633719,"sampleJointGoal+Signal
fromStart"
session_7_player1,sampleJointGoalAndSignal_fromStart,3,0.8467429903246885,"sampleJointGoal+Signal
fromStart"
session_7_player1,sampleJointGoalAndSignal_fromStart,4,0.8519530338667003,"sampleJointGoal+Signal
fromStart"
session_7_player1,sampleJointGoalAndSignal_fromStart,5,0.8423152517203742,"sampleJointGoal+Signal
fromStart"
session_7_player1,sampleJointGoal_afterNewGoal,0,0.5,"sampleJointGoal
afterNewGoal"
session_7_player1,sampleJointGoal_afterNewGoal,1,0.6569179816726523,"sampleJointGoal
afterNewGoal"
session_7_player1,sampleJointGoal_afterNewGoal,2,0.6801247527512294,"sampleJointGoal
afterNewGoal"
session_7_player1,sampleJointGoal_afterNewGoal,3,0.6678603333265417,"sampleJointGoal
afterNewGoal"
session_7_player1,sampleJointGoal_afterNewGoal,4,0.8351789583784384,"sampleJointGoal
afterNewGoal"
session_7_player1,sampleJointGoal_afterNewGoal,5,0.8709407116302212,"sampleJointGoal
afterNewGoal"
session_7_player1,samplePosteriorOnlyGoalAndSignal_fromStart,0,0.5,"samplePosteriorOnlyGoal+Signal
fromStart"
session_7_player1,samplePosteriorOnlyGoalAndSignal_fromStart,1,0.5684562566826351,"samplePosteriorOnlyGoal+Signal
fromStart"
session_7_player1,samplePosteriorOnlyGoalAndSignal_fromStart,2,0.43698646960766613,"samplePosteriorOnlyGoal+Signal
fromStart"
session_7_player1,samplePosteriorOnlyGoalAndSignal_fromStart,3,0.6372499375211849,"samplePosteriorOnlyGoal+Signal
fromStart"
session_7_player1,samplePosteriorOnlyGoalAndSignal_fromStart,4,0.8028133234391459,"samplePosteriorOnlyGoal+Signal
fromStart"
session_7_player1,samplePosteriorOnlyGoalAndSignal_fromStart,5,0.808560857857952,"samplePosteriorOnlyGoal+Signal
fromStart"
session_7_player2,TwoStageSignalAgent_sigmoidThreshold,0,0.5,"TwoStageSignal
sigmoidThreshold"
session_7_player2,TwoStageSignalAgent_sigmoidThreshold,1,0.6156806816103219,"TwoStageSignal
sigmoidThreshold"
session_7_player2,TwoStageSignalAgent_sigmoidThreshold,2,0.7097755270619087,"TwoStageSignal
sigmoidThreshold"
session_7_player2,TwoStageSignalAgent_sigmoidThreshold,3,0.7702244659099977,"TwoStageSignal
sigmoidThreshold"
session_7_player2,TwoStageSignalAgent_sigmoidThreshold,4,0.9219201484264675,"TwoStageSignal
sigmoidThreshold"
session_7_player2,TwoStageSignalAgent_sigmoidThreshold,5,0.9250529519041727,"TwoStageSignal
sigmoidThreshold"
session_7_player2,sampleJointGoalAndRSASignal_fromStart,0,0.5,"shared-agency
communicative
action mixture
fromStart"
session_7_player2,sampleJointGoalAndRSASignal_fromStart,1,0.7041452875616085,"shared-agency
communicative
action mixture
fromStart"
session_7_player2,sampleJointGoalAndRSASignal_fromStart,2,0.7872592296900571,"shared-agency
communicative
action mixture
fromStart"
session_7_player2,sampleJointGoalAndRSASignal_fromStart,3,0.6792320793516085,"shared-agency
communicative
action mixture
fromStart"
session_7_player2,sampleJointGoalAndRSASignal_fromStart,4,0.7995318388540661,"shared-agency
communicative
action mixture
fromStart"
session_7_player2,sampleJointGoalAndRSASignal_fromStart,5,0.8162218006998927,"shared-agency
communicative
action mixture
fromStart"
session_7_player2,sampleJointGoalAndSignal_afterNewGoal,0,0.5,"sampleJointGoal+Signal
afterNewGoal"
session_7_player2,sampleJointGoalAndSignal_afterNewGoal,1,0.7663698017782566,"sampleJointGoal+Signal
afterNewGoal"
session_7_player2,sampleJointGoalAndSignal_afterNewGoal,2,0.8356806802136867,"sampleJointGoal+Signal
afterNewGoal"
session_7_player2,sampleJointGoalAndSignal_afterNewGoal,3,0.8185897849900167,"sampleJointGoal+Signal
afterNewGoal"
session_7_player2,sampleJointGoalAndSignal_afterNewGoal,4,0.89020962586724,"sampleJointGoal+Signal
afterNewGoal"
session_7_player2,sampleJointGoalAndSignal_afterNewGoal,5,0.8905758696222867,"sampleJointGoal+Signal
afterNewGoal"
session_7_player2,sampleJointGoalAndSignal_fromStart,0,0.5,"sampleJointGoal+Signal
fromStart"
session_7_player2,sampleJointGoalAndSignal_fromStart,1,0.5613451102525222,"sampleJointGoal+Signal
fromStart"
session_7_player2,sampleJointGoalAndSignal_fromStart,2,0.8088358897691874,"sampleJointGoal+Signal
fromStart"
session_7_player2,sampleJointGoalAndSignal_fromStart,3,0.8165358694236947,"sampleJointGoal+Signal
fromStart"
session_7_player2,sampleJointGoalAndSignal_fromStart,4,0.8278153403215062,"sampleJointGoal+Signal
fromStart"
session_7_player2,sampleJointGoalAndSignal_fromStart,5,0.8287777553072848,"sampleJointGoal+Signal
fromStart"
session_7_player2,sampleJointGoal_afterNewGoal,0,0.5,"sampleJointGoal
afterNewGoal"
session_7_player2,sampleJointGoal_afterNewGoal,1,0.6217641163150023,"sampleJointGoal
afterNewGoal"
session_7_player2,sampleJointGoal_afterNewGoal,2,0.771009357933374,"sampleJointGoal
afterNewGoal"
session_7_player2,sampleJointGoal_afterNewGoal,3,0.8402336453527606,"sampleJointGoal
afterNewGoal"
session_7_player2,sampleJointGoal_afterNewGoal,4,0.8555513786065314,"sampleJointGoal
afterNewGoal"
session_7_player2,sampleJointGoal_afterNewGoal,5,0.8191131644918695,"sampleJointGoal
afterNewGoal"
session_7_player2,samplePosteriorOnlyGoalAndSignal_fromStart,0,0.5,"samplePosteriorOnlyGoal+Signal
fromStart"
session_7_player2,samplePosteriorOnlyGoalAndSignal_fromStart,1,0.6409542328740641,"samplePosteriorOnlyGoal+Signal
fromStart"
session_7_player2,samplePosteriorOnlyGoalAndSignal_fromStart,2,0.8566035377417087,"samplePosteriorOnlyGoal+Signal
fromStart"
session_7_player2,samplePosteriorOnlyGoalAndSignal_fromStart,3,0.8595776341969835,"samplePosteriorOnlyGoal+Signal
fromStart"
session_7_player2,samplePosteriorOnlyGoalAndSignal_fromStart,4,0.8604972259959387,"samplePosteriorOnlyGoal+Signal
fromStart"
session_7_player2,samplePosteriorOnlyGoalAndSignal_fromStart,5,0.861299808226231,"samplePosteriorOnlyGoal+Signal
fromStart"
session_8_player1,TwoStageSignalAgent_sigmoidThreshold,0,0.5,"TwoStageSignal
sigmoidThreshold"
session_8_player1,TwoStageSignalAgent_sigmoidThreshold,1,0.7291343196117078,"TwoStageSignal
sigmoidThreshold"
session_8_player1,TwoStageSignalAgent_sigmoidThreshold,2,0.9246517118750163,"TwoStageSignal
sigmoidThreshold"
session_8_player1,TwoStageSignalAgent_sigmoidThreshold,3,0.9985747931200668,"TwoStageSignal
sigmoidThreshold"
session_8_player1,TwoStageSignalAgent_sigmoidThreshold,4,0.99944044686948,"TwoStageSignal
sigmoidThreshold"
session_8_player1,TwoStageSignalAgent_sigmoidThreshold,5,0.9997009617270518,"TwoStageSignal
sigmoidThreshold"
session_8_player1,sampleJointGoalAndRSASignal_fromStart,0,0.5,"shared-agency
communicative
action mixture
fromStart"
session_8_player1,sampleJointGoalAndRSASignal_fromStart,1,0.6744570243982297,"shared-agency
communicative
action mixture
fromStart"
session_8_player1,sampleJointGoalAndRSASignal_fromStart,2,0.7420509685277544,"shared-agency
communicative
action mixture
fromStart"
session_8_player1,sampleJointGoalAndRSASignal_fromStart,3,0.8522593929351989,"shared-agency
communicative
action mixture
fromStart"
session_8_player1,sampleJointGoalAndRSASignal_fromStart,4,0.9994591981601874,"shared-agency
communicative
action mixture
fromStart"
session_8_player1,sampleJointGoalAndRSASignal_fromStart,5,0.9999282306743693,"shared-agency
communicative
action mixture
fromStart"
session_8_player1,sampleJointGoalAndSignal_afterNewGoal,0,0.5,"sampleJointGoal+Signal
afterNewGoal"
session_8_player1,sampleJointGoalAndSignal_afterNewGoal,1,0.501807664651278,"sampleJointGoal+Signal
afterNewGoal"
session_8_player1,sampleJointGoalAndSignal_afterNewGoal,2,0.7959430131745839,"sampleJointGoal+Signal
afterNewGoal"
session_8_player1,sampleJointGoalAndSignal_afterNewGoal,3,0.7938818536176382,"sampleJointGoal+Signal
afterNewGoal"
session_8_player1,sampleJointGoalAndSignal_afterNewGoal,4,0.8577447498677161,"sampleJointGoal+Signal
afterNewGoal"
session_8_player1,sampleJointGoalAndSignal_afterNewGoal,5,0.8862908300400085,"sampleJointGoal+Signal
afterNewGoal"
session_8_player1,sampleJointGoalAndSignal_fromStart,0,0.5,"sampleJointGoal+Signal
fromStart"
session_8_player1,sampleJointGoalAndSignal_fromStart,1,0.931887214930098,"sampleJointGoal+Signal
fromStart"
session_8_player1,sampleJointGoalAndSignal_fromStart,2,0.9344958690901075,"sampleJointGoal+Signal
fromStart"
session_8_player1,sampleJointGoalAndSignal_fromStart,3,0.9369927198042493,"sampleJointGoal+Signal
fromStart"
session_8_player1,sampleJointGoalAndSignal_fromStart,4,0.9387207113449925,"sampleJointGoal+Signal
fromStart"
session_8_player1,sampleJointGoalAndSignal_fromStart,5,0.9411205159843112,"sampleJointGoal+Signal
fromStart"
session_8_player1,sampleJointGoal_afterNewGoal,0,0.5,"sampleJointGoal
afterNewGoal"
session_8_player1,sampleJointGoal_afterNewGoal,1,0.7299436455577334,"sampleJointGoal
afterNewGoal"
session_8_player1,sampleJointGoal_afterNewGoal,2,0.865718841839759,"sampleJointGoal
afterNewGoal"
session_8_player1,sampleJointGoal_afterNewGoal,3,0.8667194053969024,"sampleJointGoal
afterNewGoal"
session_8_player1,sampleJointGoal_afterNewGoal,4,0.8705190539859518,"sampleJointGoal
afterNewGoal"
session_8_player1,sampleJointGoal_afterNewGoal,5,0.8723287532345934,"sampleJointGoal
afterNewGoal"
session_8_player1,samplePosteriorOnlyGoalAndSignal_fromStart,0,0.5,"samplePosteriorOnlyGoal+Signal
fromStart"
session_8_player1,samplePosteriorOnlyGoalAndSignal_fromStart,1,0.6291153714286857,"samplePosteriorOnlyGoal+Signal
fromStart"
session_8_player1,samplePosteriorOnlyGoalAndSignal_fromStart,2,0.7489217232614692,"samplePosteriorOnlyGoal+Signal
fromStart"
session_8_player1,samplePosteriorOnlyGoalAndSignal_fromStart,3,0.7357332768782874,"samplePosteriorOnlyGoal+Signal
fromStart"
session_8_player1,samplePosteriorOnlyGoalAndSignal_fromStart,4,0.8457253234170973,"samplePosteriorOnlyGoal+Signal
fromStart"
session_8_player1,samplePosteriorOnlyGoalAndSignal_fromStart,5,0.9316425840099961,"samplePosteriorOnlyGoal+Signal
fromStart"
session_8_player2,TwoStageSignalAgent_sigmoidThreshold,0,0.5,"TwoStageSignal
sigmoidThreshold"
session_8_player2,TwoStageSignalAgent_sigmoidThreshold,1,0.6409716977732131,"TwoStageSignal
sigmoidThreshold"
session_8_player2,TwoStageSignalAgent_sigmoidThreshold,2,0.7148525715747158,"TwoStageSignal
sigmoidThreshold"
session_8_player2,TwoStageSignalAgent_sigmoidThreshold,3,0.8419128249094218,"TwoStageSignal
sigmoidThreshold"
session_8_player2,TwoStageSignalAgent_sigmoidThreshold,4,0.9283747291788463,"TwoStageSignal
sigmoidThreshold"
session_8_player2,TwoStageSignalAgent_sigmoidThreshold,5,0.9285612572647208,"TwoStageSignal
sigmoidThreshold"
session_8_player2,sampleJointGoalAndRSASignal_fromStart,0,0.5,"shared-agency
communicative
action mixture
fromStart"
session_8_player2,sampleJointGoalAndRSASignal_fromStart,1,0.8298905702225559,"shared-agency
communicative
action mixture
fromStart"
session_8_player2,sampleJointGoalAndRSASignal_fromStart,2,0.9413741156655138,"shared-agency
communicative
action mixture
fromStart"
session_8_player2,sampleJointGoalAndRSASignal_fromStart,3,0.9427405282587983,"shared-agency
communicative
action mixture
fromStart"
session_8_player2,sampleJointGoalAndRSASignal_fromStart,4,0.9417939899835913,"shared-agency
communicative
action mixture
fromStart"
session_8_player2,sampleJointGoalAndRSASignal_fromStart,5,0.9454701948765085,"shared-agency
communicative
action mixture
fromStart"
session_8_player2,sampleJointGoalAndSignal_afterNewGoal,0,0.5,"sampleJointGoal+Signal
afterNewGoal"
session_8_player2,sampleJointGoalAndSignal_afterNewGoal,1,0.707307328855674,"sampleJointGoal+Signal
afterNewGoal"
session_8_player2,sampleJointGoalAndSignal_afterNewGoal,2,0.714015551117048,"sampleJointGoal+Signal
afterNewGoal"
session_8_player2,sampleJointGoalAndSignal_afterNewGoal,3,0.8008279886781463,"sampleJointGoal+Signal
afterNewGoal"
session_8_player2,sampleJointGoalAndSignal_afterNewGoal,4,0.9050994289076013,"sampleJointGoal+Signal
afterNewGoal"
session_8_player2,sampleJointGoalAndSignal_afterNewGoal,5,0.9208741334046933,"sampleJointGoal+Signal
afterNewGoal"
session_8_player2,sampleJointGoalAndSignal_fromStart,0,0.5,"sampleJointGoal+Signal
fromStart"
session_8_player2,sampleJointGoalAndSignal_fromStart,1,0.6894050853346834,"sampleJointGoal+Signal
fromStart"
session_8_player2,sampleJointGoalAndSignal_fromStart,2,0.8268608479166274,"sampleJointGoal+Signal
fromStart"
session_8_player2,sampleJointGoalAndSignal_fromStart,3,0.9329097601887258,"sampleJointGoal+Signal
fromStart"
session_8_player2,sampleJointGoalAndSignal_fromStart,4,0.9273570778932677,"sampleJointGoal+Signal
fromStart"
session_8_player2,sampleJointGoalAndSignal_fromStart,5,0.9230900781438836,"sampleJointGoal+Signal
fromStart"
session_8_player2,sampleJointGoal_afterNewGoal,0,0.5,"sampleJointGoal
afterNewGoal"
session_8_player2,sampleJointGoal_afterNewGoal,1,0.5471795882413142,"sampleJointGoal
afterNewGoal"
session_8_player2,sampleJointGoal_afterNewGoal,2,0.6720299294973334,"sampleJointGoal
afterNewGoal"
session_8_player2,sampleJointGoal_afterNewGoal,3,0.8760836874901959,"sampleJointGoal
afterNewGoal"
session_8_player2,sampleJointGoal_afterNewGoal,4,0.8782080944190533,"sampleJointGoal
afterNewGoal"
session_8_player2,sampleJointGoal_afterNewGoal,5,0.8773585236820992,"sampleJointGoal
afterNewGoal"
session_8_player2,samplePosteriorOnlyGoalAndSignal_fromStart,0,0.5,"samplePosteriorOnlyGoal+Signal
fromStart"
session_8_player2,samplePosteriorOnlyGoalAndSignal_fromStart,1,0.8112087812331428,"samplePosteriorOnlyGoal+Signal
fromStart"
session_8_player2,samplePosteriorOnlyGoalAndSignal_fromStart,2,0.7253057719255419,"samplePosteriorOnlyGoal+Signal
fromStart"
session_8_player2,samplePosteriorOnlyGoalAndSignal_fromStart,3,0.7287231285329364,"samplePosteriorOnlyGoal+Signal
fromStart"
session_8_player2,samplePosteriorOnlyGoalAndSignal_fromStart,4,0.8764394518435378,"samplePosteriorOnlyGoal+Signal
fromStart"
session_8_player2,samplePosteriorOnlyGoalAndSignal_fromStart,5,0.9194390668249666,"samplePosteriorOnlyGoal+Signal
fromStart"
session_9_player1,TwoStageSignalAgent_sigmoidThreshold,0,0.5,"TwoStageSignal
sigmoidThreshold"
session_9_player1,TwoStageSignalAgent_sigmoidThreshold,1,0.622199382672019,"TwoStageSignal
sigmoidThreshold"
session_9_player1,TwoStageSignalAgent_sigmoidThreshold,2,0.5632635594564143,"TwoStageSignal
sigmoidThreshold"
session_9_player1,TwoStageSignalAgent_sigmoidThreshold,3,0.7521056278864741,"TwoStageSignal
sigmoidThreshold"
session_9_player1,TwoStageSignalAgent_sigmoidThreshold,4,0.7310423750381937,"TwoStageSignal
sigmoidThreshold"
session_9_player1,TwoStageSignalAgent_sigmoidThreshold,5,0.8089613556280448,"TwoStageSignal
sigmoidThreshold"
session_9_player1,sampleJointGoalAndRSASignal_fromStart,0,0.5,"shared-agency
communicative
action mixture
fromStart"
session_9_player1,sampleJointGoalAndRSASignal_fromStart,1,0.7611662161022821,"shared-agency
communicative
action mixture
fromStart"
session_9_player1,sampleJointGoalAndRSASignal_fromStart,2,0.7709749853030111,"shared-agency
communicative
action mixture
fromStart"
session_9_player1,sampleJointGoalAndRSASignal_fromStart,3,0.6620538119972149,"shared-agency
communicative
action mixture
fromStart"
session_9_player1,sampleJointGoalAndRSASignal_fromStart,4,0.8148947176424131,"shared-agency
communicative
action mixture
fromStart"
session_9_player1,sampleJointGoalAndRSASignal_fromStart,5,0.8300036765568392,"shared-agency
communicative
action mixture
fromStart"
session_9_player1,sampleJointGoalAndSignal_afterNewGoal,0,0.5,"sampleJointGoal+Signal
afterNewGoal"
session_9_player1,sampleJointGoalAndSignal_afterNewGoal,1,0.6287424580104701,"sampleJointGoal+Signal
afterNewGoal"
session_9_player1,sampleJointGoalAndSignal_afterNewGoal,2,0.942927472744004,"sampleJointGoal+Signal
afterNewGoal"
session_9_player1,sampleJointGoalAndSignal_afterNewGoal,3,0.9991186511469375,"sampleJointGoal+Signal
afterNewGoal"
session_9_player1,sampleJointGoalAndSignal_afterNewGoal,4,0.9999944516032001,"sampleJointGoal+Signal
afterNewGoal"
session_9_player1,sampleJointGoalAndSignal_afterNewGoal,5,0.9999999330636219,"sampleJointGoal+Signal
afterNewGoal"
session_9_player1,sampleJointGoalAndSignal_fromStart,0,0.5,"sampleJointGoal+Signal
fromStart"
session_9_player1,sampleJointGoalAndSignal_fromStart,1,0.7364016914095415,"sampleJointGoal+Signal
fromStart"
session_9_player1,sampleJointGoalAndSignal_fromStart,2,0.8276531982230492,"sampleJointGoal+Signal
fromStart"
session_9_player1,sampleJointGoalAndSignal_fromStart,3,0.8443068762402383,"sampleJointGoal+Signal
fromStart"
session_9_player1,sampleJointGoalAndSignal_fromStart,4,0.8916305629906641,"sampleJointGoal+Signal
fromStart"
session_9_player1,sampleJointGoalAndSignal_fromStart,5,0.8950238679216476,"sampleJointGoal+Signal
fromStart"
session_9_player1,sampleJointGoal_afterNewGoal,0,0.5,"sampleJointGoal
afterNewGoal"
session_9_player1,sampleJointGoal_afterNewGoal,1,0.6497194863116765,"sampleJointGoal
afterNewGoal"
session_9_player1,sampleJointGoal_afterNewGoal,2,0.7150677709758253,"sampleJointGoal
afterNewGoal"
session_9_player1,sampleJointGoal_afterNewGoal,3,0.8004949717814605,"sampleJointGoal
afterNewGoal"
session_9_player1,sampleJointGoal_afterNewGoal,4,0.8708810612432225,"sampleJointGoal
afterNewGoal"
session_9_player1,sampleJointGoal_afterNewGoal,5,0.9252133101849375,"sampleJointGoal
afterNewGoal"
session_9_player1,samplePosteriorOnlyGoalAndSignal_fromStart,0,0.5,"samplePosteriorOnlyGoal+Signal
fromStart"
session_9_player1,samplePosteriorOnlyGoalAndSignal_fromStart,1,0.8291304205670427,"samplePosteriorOnlyGoal+Signal
fromStart"
session_9_player1,samplePosteriorOnlyGoalAndSignal_fromStart,2,0.9020385453596764,"samplePosteriorOnlyGoal+Signal
fromStart"
session_9_player1,samplePosteriorOnlyGoalAndSignal_fromStart,3,0.9444290971366198,"samplePosteriorOnlyGoal+Signal
fromStart"
session_9_player1,samplePosteriorOnlyGoalAndSignal_fromStart,4,0.9452577216017529,"samplePosteriorOnlyGoal+Signal
fromStart"
session_9_player1,samplePosteriorOnlyGoalAndSignal_fromStart,5,0.9460597901728511,"samplePosteriorOnlyGoal+Signal
fromStart"
session_9_player2,TwoStageSignalAgent_sigmoidThreshold,0,0.5,"TwoStageSignal
sigmoidThreshold"
session_9_player2,TwoStageSignalAgent_sigmoidThreshold,1,0.7038045439591593,"TwoStageSignal
sigmoidThreshold"
session_9_player2,TwoStageSignalAgent_sigmoidThreshold,2,0.9343689890616527,"TwoStageSignal
sigmoidThreshold"
session_9_player2,TwoStageSignalAgent_sigmoidThreshold,3,0.9384014840186798,"TwoStageSignal
sigmoidThreshold"
session_9_player2,TwoStageSignalAgent_sigmoidThreshold,4,0.9305557144376507,"TwoStageSignal
sigmoidThreshold"
session_9_player2,TwoStageSignalAgent_sigmoidThreshold,5,0.9346918670790398,"TwoStageSignal
sigmoidThreshold"
session_9_player2,sampleJointGoalAndRSASignal_fromStart,0,0.5,"shared-agency
communicative
action mixture
fromStart"
session_9_player2,sampleJointGoalAndRSASignal_fromStart,1,0.7461284906273528,"shared-agency
communicative
action mixture
fromStart"
session_9_player2,sampleJointGoalAndRSASignal_fromStart,2,0.9124431502887811,"shared-agency
communicative
action mixture
fromStart"
session_9_player2,sampleJointGoalAndRSASignal_fromStart,3,0.8204855981282789,"shared-agency
communicative
action mixture
fromStart"
session_9_player2,sampleJointGoalAndRSASignal_fromStart,4,0.9245799564679105,"shared-agency
communicative
action mixture
fromStart"
session_9_player2,sampleJointGoalAndRSASignal_fromStart,5,0.9393590648299357,"shared-agency
communicative
action mixture
fromStart"
session_9_player2,sampleJointGoalAndSignal_afterNewGoal,0,0.5,"sampleJointGoal+Signal
afterNewGoal"
session_9_player2,sampleJointGoalAndSignal_afterNewGoal,1,0.6637627324157841,"sampleJointGoal+Signal
afterNewGoal"
session_9_player2,sampleJointGoalAndSignal_afterNewGoal,2,0.6482688057262711,"sampleJointGoal+Signal
afterNewGoal"
session_9_player2,sampleJointGoalAndSignal_afterNewGoal,3,0.6556107447487535,"sampleJointGoal+Signal
afterNewGoal"
session_9_player2,sampleJointGoalAndSignal_afterNewGoal,4,0.7509966414239398,"sampleJointGoal+Signal
afterNewGoal"
session_9_player2,sampleJointGoalAndSignal_afterNewGoal,5,0.9135893376658923,"sampleJointGoal+Signal
afterNewGoal"
session_9_player2,sampleJointGoalAndSignal_fromStart,0,0.5,"sampleJointGoal+Signal
fromStart"
session_9_player2,sampleJointGoalAndSignal_fromStart,1,0.6573365283741902,"sampleJointGoal+Signal
fromStart"
session_9_player2,sampleJointGoalAndSignal_fromStart,2,0.7790062814621629,"sampleJointGoal+Signal
fromStart"
session_9_player2,sampleJointGoalAndSignal_fromStart,3,0.8248613148631372,"sampleJointGoal+Signal
fromStart"
session_9_player2,sampleJointGoalAndSignal_fromStart,4,0.8097464288296801,"sampleJointGoal+Signal
fromStart"
session_9_player2,sampleJointGoalAndSignal_fromStart,5,0.8000881294832182,"sampleJointGoal+Signal
fromStart"
session_9_player2,sampleJointGoal_afterNewGoal,0,0.5,"sampleJointGoal
afterNewGoal"
session_9_player2,sampleJointGoal_afterNewGoal,1,0.7073954205719108,"sampleJointGoal
afterNewGoal"
session_9_player2,sampleJointGoal_afterNewGoal,2,0.7083901925987263,"sampleJointGoal
afterNewGoal"
session_9_player2,sampleJointGoal_afterNewGoal,3,0.8756565537473008,"sampleJointGoal
afterNewGoal"
session_9_player2,sampleJointGoal_afterNewGoal,4,0.8800610199341842,"sampleJointGoal
afterNewGoal"
session_9_player2,sampleJointGoal_afterNewGoal,5,0.9189973894917033,"sampleJointGoal
afterNewGoal"
session_9_player2,samplePosteriorOnlyGoalAndSignal_fromStart,0,0.5,"samplePosteriorOnlyGoal+Signal
fromStart"
session_9_player2,samplePosteriorOnlyGoalAndSignal_fromStart,1,0.7899150061643886,"samplePosteriorOnlyGoal+Signal
fromStart"
session_9_player2,samplePosteriorOnlyGoalAndSignal_fromStart,2,0.8911588586081718,"samplePosteriorOnlyGoal+Signal
fromStart"
session_9_player2,samplePosteriorOnlyGoalAndSignal_fromStart,3,0.8984557632127862,"samplePosteriorOnlyGoal+Signal
fromStart"
session_9_player2,samplePosteriorOnlyGoalAndSignal_fromStart,4,0.9519636006061837,"samplePosteriorOnlyGoal+Signal
fromStart"
session_9_player2,samplePosteriorOnlyGoalAndSignal_fromStart,5,0.9525423599057867,"samplePosteriorOnlyGoal+Signal
fromStart"
