Source,ddof1,ddof2,F,p-unc,np2
game_type,3,95,43.85060047062532,7.092244228894529e-18,0.5806698538349382
