Game_Type,Mean,t_stat,p_value,cohens_d,significance
Human,0.9714285714285714,59.699246226397186,3.249123131866898e-30,11.282097069504156,***
GPT-4.1-mini,0.7381242768239672,4.569004568024903,0.0010278283992779815,1.377606710687133,**
Individual RL,0.9777777777777777,60.293631785606536,4.959921954671692e-32,11.00806073429573,***
Joint RL,0.9916666666666667,105.90824120697852,4.296057339244537e-39,19.336110911586765,***
