participantId,group,distanceCondition,stepFromNewGoal,posterior
human_1d1f4cf9-e5f0-4ef5-8d74-ab6b134f25eb_player1,Human-Human,closer_to_player1,0,0.5
human_1d1f4cf9-e5f0-4ef5-8d74-ab6b134f25eb_player1,Human-Human,closer_to_player1,1,0.7610969852590125
human_1d1f4cf9-e5f0-4ef5-8d74-ab6b134f25eb_player1,Human-Human,closer_to_player2,0,0.5
human_1d1f4cf9-e5f0-4ef5-8d74-ab6b134f25eb_player1,Human-Human,closer_to_player2,1,0.5556681857388913
human_1d1f4cf9-e5f0-4ef5-8d74-ab6b134f25eb_player1,Human-Human,closer_to_player2,2,0.6001381422531904
human_1d1f4cf9-e5f0-4ef5-8d74-ab6b134f25eb_player1,Human-Human,closer_to_player2,3,0.6297473313141361
human_1d1f4cf9-e5f0-4ef5-8d74-ab6b134f25eb_player1,Human-Human,closer_to_player2,4,0.6473964210771558
human_1d1f4cf9-e5f0-4ef5-8d74-ab6b134f25eb_player1,Human-Human,closer_to_player2,5,0.48994133399258255
human_1d1f4cf9-e5f0-4ef5-8d74-ab6b134f25eb_player1,Human-Human,equal_to_both,0,0.5
human_1d1f4cf9-e5f0-4ef5-8d74-ab6b134f25eb_player1,Human-Human,equal_to_both,1,0.9998350871766676
human_1d1f4cf9-e5f0-4ef5-8d74-ab6b134f25eb_player1,Human-Human,equal_to_both,2,0.9999998774023262
human_1d1f4cf9-e5f0-4ef5-8d74-ab6b134f25eb_player1,Human-Human,equal_to_both,3,0.9999999997966965
human_1d1f4cf9-e5f0-4ef5-8d74-ab6b134f25eb_player1,Human-Human,equal_to_both,4,0.9999999999999937
human_1d1f4cf9-e5f0-4ef5-8d74-ab6b134f25eb_player2,Human-Human,closer_to_player1,0,0.5
human_1d1f4cf9-e5f0-4ef5-8d74-ab6b134f25eb_player2,Human-Human,closer_to_player1,1,0.5837699035652202
human_1d1f4cf9-e5f0-4ef5-8d74-ab6b134f25eb_player2,Human-Human,closer_to_player1,2,0.6526817184938031
human_1d1f4cf9-e5f0-4ef5-8d74-ab6b134f25eb_player2,Human-Human,closer_to_player1,3,0.6875227631527007
human_1d1f4cf9-e5f0-4ef5-8d74-ab6b134f25eb_player2,Human-Human,closer_to_player1,4,0.575179202186764
human_1d1f4cf9-e5f0-4ef5-8d74-ab6b134f25eb_player2,Human-Human,closer_to_player1,5,0.6183462114957742
human_1d1f4cf9-e5f0-4ef5-8d74-ab6b134f25eb_player2,Human-Human,closer_to_player2,0,0.5
human_1d1f4cf9-e5f0-4ef5-8d74-ab6b134f25eb_player2,Human-Human,closer_to_player2,1,0.75
human_1d1f4cf9-e5f0-4ef5-8d74-ab6b134f25eb_player2,Human-Human,closer_to_player2,2,0.75
human_1d1f4cf9-e5f0-4ef5-8d74-ab6b134f25eb_player2,Human-Human,closer_to_player2,3,0.8030189664333062
human_1d1f4cf9-e5f0-4ef5-8d74-ab6b134f25eb_player2,Human-Human,closer_to_player2,4,0.8680660563578637
human_1d1f4cf9-e5f0-4ef5-8d74-ab6b134f25eb_player2,Human-Human,closer_to_player2,5,1.0
human_1d1f4cf9-e5f0-4ef5-8d74-ab6b134f25eb_player2,Human-Human,equal_to_both,0,0.5
human_1d1f4cf9-e5f0-4ef5-8d74-ab6b134f25eb_player2,Human-Human,equal_to_both,1,0.9998825003927388
human_1d1f4cf9-e5f0-4ef5-8d74-ab6b134f25eb_player2,Human-Human,equal_to_both,2,0.9999999721483802
human_1d1f4cf9-e5f0-4ef5-8d74-ab6b134f25eb_player2,Human-Human,equal_to_both,3,0.9999999999877399
human_1d1f4cf9-e5f0-4ef5-8d74-ab6b134f25eb_player2,Human-Human,equal_to_both,4,0.9999999999999883
human_1d1f4cf9-e5f0-4ef5-8d74-ab6b134f25eb_player2,Human-Human,equal_to_both,5,1.0
human_2ed9e54f-be52-49b9-a758-abb5f5ef5150_player1,Human-Human,closer_to_player1,0,0.5
human_2ed9e54f-be52-49b9-a758-abb5f5ef5150_player1,Human-Human,closer_to_player1,1,0.7758663205053183
human_2ed9e54f-be52-49b9-a758-abb5f5ef5150_player1,Human-Human,closer_to_player1,2,0.9990273989644152
human_2ed9e54f-be52-49b9-a758-abb5f5ef5150_player1,Human-Human,closer_to_player1,3,0.9994993689858838
human_2ed9e54f-be52-49b9-a758-abb5f5ef5150_player1,Human-Human,closer_to_player1,4,0.9999989177410552
human_2ed9e54f-be52-49b9-a758-abb5f5ef5150_player1,Human-Human,closer_to_player1,5,0.9999999073165421
human_2ed9e54f-be52-49b9-a758-abb5f5ef5150_player1,Human-Human,closer_to_player2,0,0.5
human_2ed9e54f-be52-49b9-a758-abb5f5ef5150_player1,Human-Human,closer_to_player2,1,0.5643468117143627
human_2ed9e54f-be52-49b9-a758-abb5f5ef5150_player1,Human-Human,closer_to_player2,2,0.7661981599827906
human_2ed9e54f-be52-49b9-a758-abb5f5ef5150_player1,Human-Human,closer_to_player2,3,0.8135802831034291
human_2ed9e54f-be52-49b9-a758-abb5f5ef5150_player1,Human-Human,closer_to_player2,4,0.9938132445648598
human_2ed9e54f-be52-49b9-a758-abb5f5ef5150_player1,Human-Human,closer_to_player2,5,0.9913394910632052
human_2ed9e54f-be52-49b9-a758-abb5f5ef5150_player1,Human-Human,equal_to_both,0,0.5
human_2ed9e54f-be52-49b9-a758-abb5f5ef5150_player1,Human-Human,equal_to_both,1,0.9881953842690856
human_2ed9e54f-be52-49b9-a758-abb5f5ef5150_player1,Human-Human,equal_to_both,2,0.9937023417007346
human_2ed9e54f-be52-49b9-a758-abb5f5ef5150_player1,Human-Human,equal_to_both,3,0.9997984017054925
human_2ed9e54f-be52-49b9-a758-abb5f5ef5150_player1,Human-Human,equal_to_both,4,0.9999426067878808
human_2ed9e54f-be52-49b9-a758-abb5f5ef5150_player1,Human-Human,equal_to_both,5,0.9999958210741623
human_2ed9e54f-be52-49b9-a758-abb5f5ef5150_player2,Human-Human,closer_to_player1,0,0.5
human_2ed9e54f-be52-49b9-a758-abb5f5ef5150_player2,Human-Human,closer_to_player1,1,0.6657746251635556
human_2ed9e54f-be52-49b9-a758-abb5f5ef5150_player2,Human-Human,closer_to_player1,2,0.8289636684410461
human_2ed9e54f-be52-49b9-a758-abb5f5ef5150_player2,Human-Human,closer_to_player1,3,0.9954633613724827
human_2ed9e54f-be52-49b9-a758-abb5f5ef5150_player2,Human-Human,closer_to_player1,4,0.9999534564587451
human_2ed9e54f-be52-49b9-a758-abb5f5ef5150_player2,Human-Human,closer_to_player1,5,0.9999549572522817
human_2ed9e54f-be52-49b9-a758-abb5f5ef5150_player2,Human-Human,closer_to_player2,0,0.5
human_2ed9e54f-be52-49b9-a758-abb5f5ef5150_player2,Human-Human,closer_to_player2,1,0.5917598717018703
human_2ed9e54f-be52-49b9-a758-abb5f5ef5150_player2,Human-Human,closer_to_player2,2,0.9998678341166193
human_2ed9e54f-be52-49b9-a758-abb5f5ef5150_player2,Human-Human,closer_to_player2,3,0.9999999741183311
human_2ed9e54f-be52-49b9-a758-abb5f5ef5150_player2,Human-Human,closer_to_player2,4,0.9999999999912986
human_2ed9e54f-be52-49b9-a758-abb5f5ef5150_player2,Human-Human,closer_to_player2,5,0.9999999999914267
human_2ed9e54f-be52-49b9-a758-abb5f5ef5150_player2,Human-Human,equal_to_both,0,0.5
human_2ed9e54f-be52-49b9-a758-abb5f5ef5150_player2,Human-Human,equal_to_both,1,0.6469751269876017
human_2ed9e54f-be52-49b9-a758-abb5f5ef5150_player2,Human-Human,equal_to_both,2,0.8093352216337104
human_2ed9e54f-be52-49b9-a758-abb5f5ef5150_player2,Human-Human,equal_to_both,3,0.810699870971279
human_2ed9e54f-be52-49b9-a758-abb5f5ef5150_player2,Human-Human,equal_to_both,4,0.9998812307482887
human_2ed9e54f-be52-49b9-a758-abb5f5ef5150_player2,Human-Human,equal_to_both,5,0.999940134707057
human_31e13002-490a-484d-a0f6-1781673d477a_player1,Human-Human,closer_to_player1,0,0.5
human_31e13002-490a-484d-a0f6-1781673d477a_player1,Human-Human,closer_to_player1,1,0.9999960864970585
human_31e13002-490a-484d-a0f6-1781673d477a_player1,Human-Human,closer_to_player1,2,0.9999999999121916
human_31e13002-490a-484d-a0f6-1781673d477a_player1,Human-Human,closer_to_player1,3,0.9999999999999942
human_31e13002-490a-484d-a0f6-1781673d477a_player1,Human-Human,closer_to_player1,4,1.0
human_31e13002-490a-484d-a0f6-1781673d477a_player1,Human-Human,closer_to_player1,5,1.0
human_31e13002-490a-484d-a0f6-1781673d477a_player1,Human-Human,closer_to_player2,0,0.5
human_31e13002-490a-484d-a0f6-1781673d477a_player1,Human-Human,closer_to_player2,1,0.8331305670518907
human_31e13002-490a-484d-a0f6-1781673d477a_player1,Human-Human,closer_to_player2,2,0.9999999999862887
human_31e13002-490a-484d-a0f6-1781673d477a_player1,Human-Human,closer_to_player2,3,0.9999999999999997
human_31e13002-490a-484d-a0f6-1781673d477a_player1,Human-Human,closer_to_player2,4,1.0
human_31e13002-490a-484d-a0f6-1781673d477a_player1,Human-Human,closer_to_player2,5,1.0
human_31e13002-490a-484d-a0f6-1781673d477a_player1,Human-Human,equal_to_both,0,0.5
human_31e13002-490a-484d-a0f6-1781673d477a_player1,Human-Human,equal_to_both,1,0.8074978962467192
human_31e13002-490a-484d-a0f6-1781673d477a_player1,Human-Human,equal_to_both,2,0.9342216287053232
human_31e13002-490a-484d-a0f6-1781673d477a_player1,Human-Human,equal_to_both,3,0.9649005955159408
human_31e13002-490a-484d-a0f6-1781673d477a_player1,Human-Human,equal_to_both,4,0.9892557193366378
human_31e13002-490a-484d-a0f6-1781673d477a_player1,Human-Human,equal_to_both,5,0.9999663225993152
human_31e13002-490a-484d-a0f6-1781673d477a_player2,Human-Human,closer_to_player1,0,0.5
human_31e13002-490a-484d-a0f6-1781673d477a_player2,Human-Human,closer_to_player1,1,0.9999960864970585
human_31e13002-490a-484d-a0f6-1781673d477a_player2,Human-Human,closer_to_player1,2,0.9999999999121916
human_31e13002-490a-484d-a0f6-1781673d477a_player2,Human-Human,closer_to_player1,3,0.9999999999999942
human_31e13002-490a-484d-a0f6-1781673d477a_player2,Human-Human,closer_to_player1,4,1.0
human_31e13002-490a-484d-a0f6-1781673d477a_player2,Human-Human,closer_to_player1,5,1.0
human_31e13002-490a-484d-a0f6-1781673d477a_player2,Human-Human,closer_to_player2,0,0.5
human_31e13002-490a-484d-a0f6-1781673d477a_player2,Human-Human,closer_to_player2,1,0.8331305670518907
human_31e13002-490a-484d-a0f6-1781673d477a_player2,Human-Human,closer_to_player2,2,0.9999999999862887
human_31e13002-490a-484d-a0f6-1781673d477a_player2,Human-Human,closer_to_player2,3,0.9999999999999997
human_31e13002-490a-484d-a0f6-1781673d477a_player2,Human-Human,closer_to_player2,4,1.0
human_31e13002-490a-484d-a0f6-1781673d477a_player2,Human-Human,closer_to_player2,5,1.0
human_31e13002-490a-484d-a0f6-1781673d477a_player2,Human-Human,equal_to_both,0,0.5
human_31e13002-490a-484d-a0f6-1781673d477a_player2,Human-Human,equal_to_both,1,0.9167974257294883
human_31e13002-490a-484d-a0f6-1781673d477a_player2,Human-Human,equal_to_both,2,0.9999792275796336
human_31e13002-490a-484d-a0f6-1781673d477a_player2,Human-Human,equal_to_both,3,0.9999938976841308
human_31e13002-490a-484d-a0f6-1781673d477a_player2,Human-Human,equal_to_both,4,0.9999969735612456
human_31e13002-490a-484d-a0f6-1781673d477a_player2,Human-Human,equal_to_both,5,0.9999978264615303
human_6558f174-56b6-4592-b53b-bf9ff8c7f3ca_player1,Human-Human,closer_to_player1,0,0.5
human_6558f174-56b6-4592-b53b-bf9ff8c7f3ca_player1,Human-Human,closer_to_player1,1,0.4921405262446865
human_6558f174-56b6-4592-b53b-bf9ff8c7f3ca_player1,Human-Human,closer_to_player1,2,0.5233941255187619
human_6558f174-56b6-4592-b53b-bf9ff8c7f3ca_player1,Human-Human,closer_to_player1,3,0.9999948278062525
human_6558f174-56b6-4592-b53b-bf9ff8c7f3ca_player1,Human-Human,closer_to_player1,4,0.9999999999458297
human_6558f174-56b6-4592-b53b-bf9ff8c7f3ca_player1,Human-Human,closer_to_player1,5,0.9999999999999979
human_6558f174-56b6-4592-b53b-bf9ff8c7f3ca_player1,Human-Human,closer_to_player2,0,0.5
human_6558f174-56b6-4592-b53b-bf9ff8c7f3ca_player1,Human-Human,closer_to_player2,1,0.557449882018272
human_6558f174-56b6-4592-b53b-bf9ff8c7f3ca_player1,Human-Human,closer_to_player2,2,0.603148666997699
human_6558f174-56b6-4592-b53b-bf9ff8c7f3ca_player1,Human-Human,closer_to_player2,3,0.6294358273447516
human_6558f174-56b6-4592-b53b-bf9ff8c7f3ca_player1,Human-Human,closer_to_player2,4,0.5745940088981039
human_6558f174-56b6-4592-b53b-bf9ff8c7f3ca_player1,Human-Human,closer_to_player2,5,0.7918057676495893
human_6558f174-56b6-4592-b53b-bf9ff8c7f3ca_player1,Human-Human,equal_to_both,0,0.5
human_6558f174-56b6-4592-b53b-bf9ff8c7f3ca_player1,Human-Human,equal_to_both,1,0.49696220775128125
human_6558f174-56b6-4592-b53b-bf9ff8c7f3ca_player1,Human-Human,equal_to_both,2,0.49252366574531464
human_6558f174-56b6-4592-b53b-bf9ff8c7f3ca_player1,Human-Human,equal_to_both,3,0.8297205134808497
human_6558f174-56b6-4592-b53b-bf9ff8c7f3ca_player1,Human-Human,equal_to_both,4,0.9995417032425138
human_6558f174-56b6-4592-b53b-bf9ff8c7f3ca_player1,Human-Human,equal_to_both,5,0.9992720146880222
human_6558f174-56b6-4592-b53b-bf9ff8c7f3ca_player2,Human-Human,closer_to_player1,0,0.5
human_6558f174-56b6-4592-b53b-bf9ff8c7f3ca_player2,Human-Human,closer_to_player1,1,0.9906036652189317
human_6558f174-56b6-4592-b53b-bf9ff8c7f3ca_player2,Human-Human,closer_to_player1,2,0.9997020217112024
human_6558f174-56b6-4592-b53b-bf9ff8c7f3ca_player2,Human-Human,closer_to_player1,3,0.9958970340174629
human_6558f174-56b6-4592-b53b-bf9ff8c7f3ca_player2,Human-Human,closer_to_player1,4,0.9975161628765413
human_6558f174-56b6-4592-b53b-bf9ff8c7f3ca_player2,Human-Human,closer_to_player1,5,0.9984536555407922
human_6558f174-56b6-4592-b53b-bf9ff8c7f3ca_player2,Human-Human,closer_to_player2,0,0.5
human_6558f174-56b6-4592-b53b-bf9ff8c7f3ca_player2,Human-Human,closer_to_player2,1,0.8286947001987223
human_6558f174-56b6-4592-b53b-bf9ff8c7f3ca_player2,Human-Human,closer_to_player2,2,0.7987978385244943
human_6558f174-56b6-4592-b53b-bf9ff8c7f3ca_player2,Human-Human,closer_to_player2,3,0.9975624630252788
human_6558f174-56b6-4592-b53b-bf9ff8c7f3ca_player2,Human-Human,closer_to_player2,4,0.9980106372236341
human_6558f174-56b6-4592-b53b-bf9ff8c7f3ca_player2,Human-Human,closer_to_player2,5,0.9985780571869926
human_6558f174-56b6-4592-b53b-bf9ff8c7f3ca_player2,Human-Human,equal_to_both,0,0.5
human_6558f174-56b6-4592-b53b-bf9ff8c7f3ca_player2,Human-Human,equal_to_both,1,0.9953178060048816
human_6558f174-56b6-4592-b53b-bf9ff8c7f3ca_player2,Human-Human,equal_to_both,2,0.9999503864008329
human_6558f174-56b6-4592-b53b-bf9ff8c7f3ca_player2,Human-Human,equal_to_both,3,0.9999863451322186
human_6558f174-56b6-4592-b53b-bf9ff8c7f3ca_player2,Human-Human,equal_to_both,4,0.9999931162527319
human_6558f174-56b6-4592-b53b-bf9ff8c7f3ca_player2,Human-Human,equal_to_both,5,0.9999844889787585
human_6b3ca33d-6a91-4de7-aaef-b55bcb13d712_player1,Human-Human,closer_to_player1,0,0.5
human_6b3ca33d-6a91-4de7-aaef-b55bcb13d712_player1,Human-Human,closer_to_player1,1,0.6658317771763281
human_6b3ca33d-6a91-4de7-aaef-b55bcb13d712_player1,Human-Human,closer_to_player1,2,0.9999999999460397
human_6b3ca33d-6a91-4de7-aaef-b55bcb13d712_player1,Human-Human,closer_to_player1,3,0.9999999999999973
human_6b3ca33d-6a91-4de7-aaef-b55bcb13d712_player1,Human-Human,closer_to_player1,4,1.0
human_6b3ca33d-6a91-4de7-aaef-b55bcb13d712_player1,Human-Human,closer_to_player2,0,0.5
human_6b3ca33d-6a91-4de7-aaef-b55bcb13d712_player1,Human-Human,closer_to_player2,1,0.4437193561718176
human_6b3ca33d-6a91-4de7-aaef-b55bcb13d712_player1,Human-Human,closer_to_player2,2,0.5290988871715112
human_6b3ca33d-6a91-4de7-aaef-b55bcb13d712_player1,Human-Human,closer_to_player2,3,0.6625148868003875
human_6b3ca33d-6a91-4de7-aaef-b55bcb13d712_player1,Human-Human,closer_to_player2,4,0.5009597066484218
human_6b3ca33d-6a91-4de7-aaef-b55bcb13d712_player1,Human-Human,closer_to_player2,5,0.501312359455788
human_6b3ca33d-6a91-4de7-aaef-b55bcb13d712_player1,Human-Human,equal_to_both,0,0.5
human_6b3ca33d-6a91-4de7-aaef-b55bcb13d712_player1,Human-Human,equal_to_both,1,0.8330327504296369
human_6b3ca33d-6a91-4de7-aaef-b55bcb13d712_player1,Human-Human,equal_to_both,2,0.8114703115173447
human_6b3ca33d-6a91-4de7-aaef-b55bcb13d712_player1,Human-Human,equal_to_both,3,0.8367038647385726
human_6b3ca33d-6a91-4de7-aaef-b55bcb13d712_player1,Human-Human,equal_to_both,4,0.9999589428471978
human_6b3ca33d-6a91-4de7-aaef-b55bcb13d712_player1,Human-Human,equal_to_both,5,0.9999692520734423
human_6b3ca33d-6a91-4de7-aaef-b55bcb13d712_player2,Human-Human,closer_to_player1,0,0.5
human_6b3ca33d-6a91-4de7-aaef-b55bcb13d712_player2,Human-Human,closer_to_player1,1,0.5004626996384021
human_6b3ca33d-6a91-4de7-aaef-b55bcb13d712_player2,Human-Human,closer_to_player1,2,0.519001100382714
human_6b3ca33d-6a91-4de7-aaef-b55bcb13d712_player2,Human-Human,closer_to_player1,3,0.6032075841263963
human_6b3ca33d-6a91-4de7-aaef-b55bcb13d712_player2,Human-Human,closer_to_player1,4,0.5866794912556006
human_6b3ca33d-6a91-4de7-aaef-b55bcb13d712_player2,Human-Human,closer_to_player1,5,0.928839449599213
human_6b3ca33d-6a91-4de7-aaef-b55bcb13d712_player2,Human-Human,closer_to_player2,0,0.5
human_6b3ca33d-6a91-4de7-aaef-b55bcb13d712_player2,Human-Human,closer_to_player2,1,0.708906393903014
human_6b3ca33d-6a91-4de7-aaef-b55bcb13d712_player2,Human-Human,closer_to_player2,2,0.755531371456518
human_6b3ca33d-6a91-4de7-aaef-b55bcb13d712_player2,Human-Human,closer_to_player2,3,0.8649479000417969
human_6b3ca33d-6a91-4de7-aaef-b55bcb13d712_player2,Human-Human,closer_to_player2,4,0.6666701018131742
human_6b3ca33d-6a91-4de7-aaef-b55bcb13d712_player2,Human-Human,closer_to_player2,5,0.6666706667797375
human_6b3ca33d-6a91-4de7-aaef-b55bcb13d712_player2,Human-Human,equal_to_both,0,0.5
human_6b3ca33d-6a91-4de7-aaef-b55bcb13d712_player2,Human-Human,equal_to_both,1,0.8625211733700806
human_6b3ca33d-6a91-4de7-aaef-b55bcb13d712_player2,Human-Human,equal_to_both,2,0.8928942215610864
human_6b3ca33d-6a91-4de7-aaef-b55bcb13d712_player2,Human-Human,equal_to_both,3,0.9225084096911331
human_6b3ca33d-6a91-4de7-aaef-b55bcb13d712_player2,Human-Human,equal_to_both,4,0.9499239734862877
human_6b3ca33d-6a91-4de7-aaef-b55bcb13d712_player2,Human-Human,equal_to_both,5,0.9728001965699394
human_74ea1778-cc30-4c70-92fe-ee112edef228_player1,Human-Human,closer_to_player1,0,0.5
human_74ea1778-cc30-4c70-92fe-ee112edef228_player1,Human-Human,closer_to_player1,1,0.6664143229799627
human_74ea1778-cc30-4c70-92fe-ee112edef228_player1,Human-Human,closer_to_player1,2,0.49999999999322975
human_74ea1778-cc30-4c70-92fe-ee112edef228_player1,Human-Human,closer_to_player1,3,0.9999999999999997
human_74ea1778-cc30-4c70-92fe-ee112edef228_player1,Human-Human,closer_to_player1,4,1.0
human_74ea1778-cc30-4c70-92fe-ee112edef228_player1,Human-Human,closer_to_player1,5,1.0
human_74ea1778-cc30-4c70-92fe-ee112edef228_player1,Human-Human,closer_to_player2,0,0.5
human_74ea1778-cc30-4c70-92fe-ee112edef228_player1,Human-Human,closer_to_player2,1,0.49875997925827686
human_74ea1778-cc30-4c70-92fe-ee112edef228_player1,Human-Human,closer_to_player2,2,0.49800801914150933
human_74ea1778-cc30-4c70-92fe-ee112edef228_player1,Human-Human,closer_to_player2,3,0.49740884084345577
human_74ea1778-cc30-4c70-92fe-ee112edef228_player1,Human-Human,closer_to_player2,4,0.5028234218165908
human_74ea1778-cc30-4c70-92fe-ee112edef228_player1,Human-Human,closer_to_player2,5,0.5081342871482177
human_74ea1778-cc30-4c70-92fe-ee112edef228_player1,Human-Human,equal_to_both,0,0.5
human_74ea1778-cc30-4c70-92fe-ee112edef228_player1,Human-Human,equal_to_both,1,0.5294936473348867
human_74ea1778-cc30-4c70-92fe-ee112edef228_player1,Human-Human,equal_to_both,2,0.7837404559851654
human_74ea1778-cc30-4c70-92fe-ee112edef228_player1,Human-Human,equal_to_both,3,0.9223855583814817
human_74ea1778-cc30-4c70-92fe-ee112edef228_player1,Human-Human,equal_to_both,4,0.9499239007137211
human_74ea1778-cc30-4c70-92fe-ee112edef228_player1,Human-Human,equal_to_both,5,0.9728001965058405
human_74ea1778-cc30-4c70-92fe-ee112edef228_player2,Human-Human,closer_to_player1,0,0.5
human_74ea1778-cc30-4c70-92fe-ee112edef228_player2,Human-Human,closer_to_player1,1,0.6663865121579194
human_74ea1778-cc30-4c70-92fe-ee112edef228_player2,Human-Human,closer_to_player1,2,0.016199494406152586
human_74ea1778-cc30-4c70-92fe-ee112edef228_player2,Human-Human,closer_to_player1,3,0.9974620527564545
human_74ea1778-cc30-4c70-92fe-ee112edef228_player2,Human-Human,closer_to_player1,4,0.9999994160148351
human_74ea1778-cc30-4c70-92fe-ee112edef228_player2,Human-Human,closer_to_player2,0,0.5
human_74ea1778-cc30-4c70-92fe-ee112edef228_player2,Human-Human,closer_to_player2,1,0.7522729293055819
human_74ea1778-cc30-4c70-92fe-ee112edef228_player2,Human-Human,closer_to_player2,2,0.5031787232258744
human_74ea1778-cc30-4c70-92fe-ee112edef228_player2,Human-Human,closer_to_player2,3,0.5644907054173365
human_74ea1778-cc30-4c70-92fe-ee112edef228_player2,Human-Human,closer_to_player2,4,0.5191512750958277
human_74ea1778-cc30-4c70-92fe-ee112edef228_player2,Human-Human,closer_to_player2,5,0.6819747015397162
human_74ea1778-cc30-4c70-92fe-ee112edef228_player2,Human-Human,equal_to_both,0,0.5
human_74ea1778-cc30-4c70-92fe-ee112edef228_player2,Human-Human,equal_to_both,1,0.8623331686079408
human_74ea1778-cc30-4c70-92fe-ee112edef228_player2,Human-Human,equal_to_both,2,0.8928941182115633
human_74ea1778-cc30-4c70-92fe-ee112edef228_player2,Human-Human,equal_to_both,3,0.9225084097021692
human_74ea1778-cc30-4c70-92fe-ee112edef228_player2,Human-Human,equal_to_both,4,0.9248859602341392
human_74ea1778-cc30-4c70-92fe-ee112edef228_player2,Human-Human,equal_to_both,5,0.959200294854961
human_975b16bb-4262-4523-94e3-02521faeb953_player1,Human-Human,closer_to_player1,0,0.5
human_975b16bb-4262-4523-94e3-02521faeb953_player1,Human-Human,closer_to_player1,1,0.6408583745425108
human_975b16bb-4262-4523-94e3-02521faeb953_player1,Human-Human,closer_to_player1,2,0.9999999999713998
human_975b16bb-4262-4523-94e3-02521faeb953_player1,Human-Human,closer_to_player1,3,0.9999999999999988
human_975b16bb-4262-4523-94e3-02521faeb953_player1,Human-Human,closer_to_player1,4,0.9999999999999991
human_975b16bb-4262-4523-94e3-02521faeb953_player1,Human-Human,closer_to_player1,5,1.0
human_975b16bb-4262-4523-94e3-02521faeb953_player1,Human-Human,closer_to_player2,0,0.5
human_975b16bb-4262-4523-94e3-02521faeb953_player1,Human-Human,closer_to_player2,1,0.7866069160794745
human_975b16bb-4262-4523-94e3-02521faeb953_player1,Human-Human,closer_to_player2,2,0.835485601613121
human_975b16bb-4262-4523-94e3-02521faeb953_player1,Human-Human,closer_to_player2,3,0.872009619848239
human_975b16bb-4262-4523-94e3-02521faeb953_player1,Human-Human,closer_to_player2,4,0.9339266233379064
human_975b16bb-4262-4523-94e3-02521faeb953_player1,Human-Human,closer_to_player2,5,0.8676105035003211
human_975b16bb-4262-4523-94e3-02521faeb953_player1,Human-Human,equal_to_both,0,0.5
human_975b16bb-4262-4523-94e3-02521faeb953_player1,Human-Human,equal_to_both,1,0.9979717672800003
human_975b16bb-4262-4523-94e3-02521faeb953_player1,Human-Human,equal_to_both,2,0.7450385274815193
human_975b16bb-4262-4523-94e3-02521faeb953_player1,Human-Human,equal_to_both,3,0.5002160006083084
human_975b16bb-4262-4523-94e3-02521faeb953_player1,Human-Human,equal_to_both,4,0.5001045554048901
human_975b16bb-4262-4523-94e3-02521faeb953_player1,Human-Human,equal_to_both,5,6.0272455241611594e-05
human_975b16bb-4262-4523-94e3-02521faeb953_player2,Human-Human,closer_to_player1,0,0.5
human_975b16bb-4262-4523-94e3-02521faeb953_player2,Human-Human,closer_to_player1,1,0.597733828883907
human_975b16bb-4262-4523-94e3-02521faeb953_player2,Human-Human,closer_to_player1,2,0.4837166004684626
human_975b16bb-4262-4523-94e3-02521faeb953_player2,Human-Human,closer_to_player1,3,0.35936252594631446
human_975b16bb-4262-4523-94e3-02521faeb953_player2,Human-Human,closer_to_player1,4,0.4731147296509998
human_975b16bb-4262-4523-94e3-02521faeb953_player2,Human-Human,closer_to_player1,5,0.5248663739022997
human_975b16bb-4262-4523-94e3-02521faeb953_player2,Human-Human,closer_to_player2,0,0.5
human_975b16bb-4262-4523-94e3-02521faeb953_player2,Human-Human,closer_to_player2,1,0.7496862997620424
human_975b16bb-4262-4523-94e3-02521faeb953_player2,Human-Human,closer_to_player2,2,0.7499990985413996
human_975b16bb-4262-4523-94e3-02521faeb953_player2,Human-Human,closer_to_player2,3,0.7499990985413995
human_975b16bb-4262-4523-94e3-02521faeb953_player2,Human-Human,closer_to_player2,4,0.9999958951560095
human_975b16bb-4262-4523-94e3-02521faeb953_player2,Human-Human,closer_to_player2,5,0.9999990985034832
human_975b16bb-4262-4523-94e3-02521faeb953_player2,Human-Human,equal_to_both,0,0.5
human_975b16bb-4262-4523-94e3-02521faeb953_player2,Human-Human,equal_to_both,1,0.9984572571582225
human_975b16bb-4262-4523-94e3-02521faeb953_player2,Human-Human,equal_to_both,2,0.9997759901221247
human_975b16bb-4262-4523-94e3-02521faeb953_player2,Human-Human,equal_to_both,3,0.9999363117902984
human_975b16bb-4262-4523-94e3-02521faeb953_player2,Human-Human,equal_to_both,4,0.9999999513277752
human_975b16bb-4262-4523-94e3-02521faeb953_player2,Human-Human,equal_to_both,5,0.9999999999446392
human_9efbe63f-05a0-4f24-b469-a246d7732c10_player1,Human-Human,closer_to_player1,0,0.5
human_9efbe63f-05a0-4f24-b469-a246d7732c10_player1,Human-Human,closer_to_player1,1,0.6681964389159392
human_9efbe63f-05a0-4f24-b469-a246d7732c10_player1,Human-Human,closer_to_player1,2,0.7532819409662297
human_9efbe63f-05a0-4f24-b469-a246d7732c10_player1,Human-Human,closer_to_player1,3,0.5084950164528806
human_9efbe63f-05a0-4f24-b469-a246d7732c10_player1,Human-Human,closer_to_player1,4,0.5407940693458594
human_9efbe63f-05a0-4f24-b469-a246d7732c10_player1,Human-Human,closer_to_player1,5,0.5372703475911973
human_9efbe63f-05a0-4f24-b469-a246d7732c10_player1,Human-Human,closer_to_player2,0,0.5
human_9efbe63f-05a0-4f24-b469-a246d7732c10_player1,Human-Human,closer_to_player2,1,0.6824463679372866
human_9efbe63f-05a0-4f24-b469-a246d7732c10_player1,Human-Human,closer_to_player2,2,0.5317741031013605
human_9efbe63f-05a0-4f24-b469-a246d7732c10_player1,Human-Human,closer_to_player2,3,0.3291623428460427
human_9efbe63f-05a0-4f24-b469-a246d7732c10_player1,Human-Human,closer_to_player2,4,0.49961072433677867
human_9efbe63f-05a0-4f24-b469-a246d7732c10_player1,Human-Human,closer_to_player2,5,0.49999953889981497
human_9efbe63f-05a0-4f24-b469-a246d7732c10_player1,Human-Human,equal_to_both,0,0.5
human_9efbe63f-05a0-4f24-b469-a246d7732c10_player1,Human-Human,equal_to_both,1,0.2779029746702491
human_9efbe63f-05a0-4f24-b469-a246d7732c10_player1,Human-Human,equal_to_both,2,0.23308364772836979
human_9efbe63f-05a0-4f24-b469-a246d7732c10_player1,Human-Human,equal_to_both,3,0.1942276232672163
human_9efbe63f-05a0-4f24-b469-a246d7732c10_player1,Human-Human,equal_to_both,4,0.4999239102421578
human_9efbe63f-05a0-4f24-b469-a246d7732c10_player1,Human-Human,equal_to_both,5,0.7495162970562416
human_9efbe63f-05a0-4f24-b469-a246d7732c10_player2,Human-Human,closer_to_player1,0,0.5
human_9efbe63f-05a0-4f24-b469-a246d7732c10_player2,Human-Human,closer_to_player1,1,0.4999324406259067
human_9efbe63f-05a0-4f24-b469-a246d7732c10_player2,Human-Human,closer_to_player1,2,0.49702962974235243
human_9efbe63f-05a0-4f24-b469-a246d7732c10_player2,Human-Human,closer_to_player1,3,0.49618304437596006
human_9efbe63f-05a0-4f24-b469-a246d7732c10_player2,Human-Human,closer_to_player1,4,0.5016779841075327
human_9efbe63f-05a0-4f24-b469-a246d7732c10_player2,Human-Human,closer_to_player1,5,0.6254007751032068
human_9efbe63f-05a0-4f24-b469-a246d7732c10_player2,Human-Human,closer_to_player2,0,0.5
human_9efbe63f-05a0-4f24-b469-a246d7732c10_player2,Human-Human,closer_to_player2,1,0.5291823644155517
human_9efbe63f-05a0-4f24-b469-a246d7732c10_player2,Human-Human,closer_to_player2,2,0.3335220013071428
human_9efbe63f-05a0-4f24-b469-a246d7732c10_player2,Human-Human,closer_to_player2,3,0.36833959411990963
human_9efbe63f-05a0-4f24-b469-a246d7732c10_player2,Human-Human,closer_to_player2,4,0.4303751745328212
human_9efbe63f-05a0-4f24-b469-a246d7732c10_player2,Human-Human,closer_to_player2,5,0.4998948966195073
human_9efbe63f-05a0-4f24-b469-a246d7732c10_player2,Human-Human,equal_to_both,0,0.5
human_9efbe63f-05a0-4f24-b469-a246d7732c10_player2,Human-Human,equal_to_both,1,0.5078114174412643
human_9efbe63f-05a0-4f24-b469-a246d7732c10_player2,Human-Human,equal_to_both,2,0.5048506244340828
human_9efbe63f-05a0-4f24-b469-a246d7732c10_player2,Human-Human,equal_to_both,3,0.49335998520984736
human_9efbe63f-05a0-4f24-b469-a246d7732c10_player2,Human-Human,equal_to_both,4,0.8151500855502695
human_9efbe63f-05a0-4f24-b469-a246d7732c10_player2,Human-Human,equal_to_both,5,0.8237173063210143
human_a5a659ea-c541-4c54-9bad-d736222acbb9_player1,Human-Human,closer_to_player1,0,0.5
human_a5a659ea-c541-4c54-9bad-d736222acbb9_player1,Human-Human,closer_to_player1,1,0.7327662305398402
human_a5a659ea-c541-4c54-9bad-d736222acbb9_player1,Human-Human,closer_to_player1,2,0.8464756590825853
human_a5a659ea-c541-4c54-9bad-d736222acbb9_player1,Human-Human,closer_to_player1,3,0.8709880557286174
human_a5a659ea-c541-4c54-9bad-d736222acbb9_player1,Human-Human,closer_to_player1,4,1.0
human_a5a659ea-c541-4c54-9bad-d736222acbb9_player1,Human-Human,closer_to_player1,5,1.0
human_a5a659ea-c541-4c54-9bad-d736222acbb9_player1,Human-Human,closer_to_player2,0,0.5
human_a5a659ea-c541-4c54-9bad-d736222acbb9_player1,Human-Human,closer_to_player2,1,0.7778175897575377
human_a5a659ea-c541-4c54-9bad-d736222acbb9_player1,Human-Human,closer_to_player2,2,0.666666666484789
human_a5a659ea-c541-4c54-9bad-d736222acbb9_player1,Human-Human,closer_to_player2,3,0.6666666666666549
human_a5a659ea-c541-4c54-9bad-d736222acbb9_player1,Human-Human,closer_to_player2,4,1.0
human_a5a659ea-c541-4c54-9bad-d736222acbb9_player1,Human-Human,closer_to_player2,5,1.0
human_a5a659ea-c541-4c54-9bad-d736222acbb9_player1,Human-Human,equal_to_both,0,0.5
human_a5a659ea-c541-4c54-9bad-d736222acbb9_player1,Human-Human,equal_to_both,1,0.922227435174305
human_a5a659ea-c541-4c54-9bad-d736222acbb9_player1,Human-Human,equal_to_both,2,0.9999730366577473
human_a5a659ea-c541-4c54-9bad-d736222acbb9_player1,Human-Human,equal_to_both,3,0.9999999919034034
human_a5a659ea-c541-4c54-9bad-d736222acbb9_player1,Human-Human,equal_to_both,4,0.999999999996002
human_a5a659ea-c541-4c54-9bad-d736222acbb9_player1,Human-Human,equal_to_both,5,0.9999999999999964
human_a5a659ea-c541-4c54-9bad-d736222acbb9_player2,Human-Human,closer_to_player1,0,0.5
human_a5a659ea-c541-4c54-9bad-d736222acbb9_player2,Human-Human,closer_to_player1,1,0.9999950973371947
human_a5a659ea-c541-4c54-9bad-d736222acbb9_player2,Human-Human,closer_to_player1,2,0.9999999999035367
human_a5a659ea-c541-4c54-9bad-d736222acbb9_player2,Human-Human,closer_to_player1,3,0.999999999999994
human_a5a659ea-c541-4c54-9bad-d736222acbb9_player2,Human-Human,closer_to_player1,4,1.0
human_a5a659ea-c541-4c54-9bad-d736222acbb9_player2,Human-Human,closer_to_player2,0,0.5
human_a5a659ea-c541-4c54-9bad-d736222acbb9_player2,Human-Human,closer_to_player2,1,0.7778175897575377
human_a5a659ea-c541-4c54-9bad-d736222acbb9_player2,Human-Human,closer_to_player2,2,0.9999999997271835
human_a5a659ea-c541-4c54-9bad-d736222acbb9_player2,Human-Human,closer_to_player2,3,0.9999999999999823
human_a5a659ea-c541-4c54-9bad-d736222acbb9_player2,Human-Human,closer_to_player2,4,1.0
human_a5a659ea-c541-4c54-9bad-d736222acbb9_player2,Human-Human,closer_to_player2,5,1.0
human_a5a659ea-c541-4c54-9bad-d736222acbb9_player2,Human-Human,equal_to_both,0,0.5
human_a5a659ea-c541-4c54-9bad-d736222acbb9_player2,Human-Human,equal_to_both,1,0.9224619106204887
human_a5a659ea-c541-4c54-9bad-d736222acbb9_player2,Human-Human,equal_to_both,2,0.9999735214293445
human_a5a659ea-c541-4c54-9bad-d736222acbb9_player2,Human-Human,equal_to_both,3,0.9999999935147383
human_a5a659ea-c541-4c54-9bad-d736222acbb9_player2,Human-Human,equal_to_both,4,0.999999999997299
human_a5a659ea-c541-4c54-9bad-d736222acbb9_player2,Human-Human,equal_to_both,5,0.9999999999999974
human_a9a91c71-c38b-4e78-9be4-3c2f5c450004_player1,Human-Human,closer_to_player1,0,0.5
human_a9a91c71-c38b-4e78-9be4-3c2f5c450004_player1,Human-Human,closer_to_player1,1,0.7719967379973406
human_a9a91c71-c38b-4e78-9be4-3c2f5c450004_player1,Human-Human,closer_to_player1,2,0.9999970091559733
human_a9a91c71-c38b-4e78-9be4-3c2f5c450004_player1,Human-Human,closer_to_player1,3,0.9999999998981758
human_a9a91c71-c38b-4e78-9be4-3c2f5c450004_player1,Human-Human,closer_to_player1,4,0.9999999999998723
human_a9a91c71-c38b-4e78-9be4-3c2f5c450004_player1,Human-Human,closer_to_player1,5,0.9999999999999994
human_a9a91c71-c38b-4e78-9be4-3c2f5c450004_player1,Human-Human,closer_to_player2,0,0.5
human_a9a91c71-c38b-4e78-9be4-3c2f5c450004_player1,Human-Human,closer_to_player2,1,0.5000019593112898
human_a9a91c71-c38b-4e78-9be4-3c2f5c450004_player1,Human-Human,closer_to_player2,2,0.5875488040438023
human_a9a91c71-c38b-4e78-9be4-3c2f5c450004_player1,Human-Human,closer_to_player2,3,0.999838987143276
human_a9a91c71-c38b-4e78-9be4-3c2f5c450004_player1,Human-Human,closer_to_player2,4,0.9999999788290438
human_a9a91c71-c38b-4e78-9be4-3c2f5c450004_player1,Human-Human,equal_to_both,0,0.5
human_a9a91c71-c38b-4e78-9be4-3c2f5c450004_player1,Human-Human,equal_to_both,1,0.9170051673010096
human_a9a91c71-c38b-4e78-9be4-3c2f5c450004_player1,Human-Human,equal_to_both,2,0.9998908652672269
human_a9a91c71-c38b-4e78-9be4-3c2f5c450004_player1,Human-Human,equal_to_both,3,0.9999980328216052
human_a9a91c71-c38b-4e78-9be4-3c2f5c450004_player1,Human-Human,equal_to_both,4,0.9999999300171112
human_a9a91c71-c38b-4e78-9be4-3c2f5c450004_player1,Human-Human,equal_to_both,5,0.9999999439479949
human_a9a91c71-c38b-4e78-9be4-3c2f5c450004_player2,Human-Human,closer_to_player1,0,0.5
human_a9a91c71-c38b-4e78-9be4-3c2f5c450004_player2,Human-Human,closer_to_player1,1,0.7721575168646538
human_a9a91c71-c38b-4e78-9be4-3c2f5c450004_player2,Human-Human,closer_to_player1,2,0.9996954528307037
human_a9a91c71-c38b-4e78-9be4-3c2f5c450004_player2,Human-Human,closer_to_player1,3,0.9999866433244934
human_a9a91c71-c38b-4e78-9be4-3c2f5c450004_player2,Human-Human,closer_to_player1,4,0.9992930387566636
human_a9a91c71-c38b-4e78-9be4-3c2f5c450004_player2,Human-Human,closer_to_player1,5,0.9995461729351651
human_a9a91c71-c38b-4e78-9be4-3c2f5c450004_player2,Human-Human,closer_to_player2,0,0.5
human_a9a91c71-c38b-4e78-9be4-3c2f5c450004_player2,Human-Human,closer_to_player2,1,0.3721550638411249
human_a9a91c71-c38b-4e78-9be4-3c2f5c450004_player2,Human-Human,closer_to_player2,2,0.34370058044987317
human_a9a91c71-c38b-4e78-9be4-3c2f5c450004_player2,Human-Human,closer_to_player2,3,1.149581395851065e-11
human_a9a91c71-c38b-4e78-9be4-3c2f5c450004_player2,Human-Human,closer_to_player2,4,3.1226183062535345e-07
human_a9a91c71-c38b-4e78-9be4-3c2f5c450004_player2,Human-Human,closer_to_player2,5,0.0045460283782253795
human_a9a91c71-c38b-4e78-9be4-3c2f5c450004_player2,Human-Human,equal_to_both,0,0.5
human_a9a91c71-c38b-4e78-9be4-3c2f5c450004_player2,Human-Human,equal_to_both,1,0.9938069081784184
human_a9a91c71-c38b-4e78-9be4-3c2f5c450004_player2,Human-Human,equal_to_both,2,0.9980158828211088
human_a9a91c71-c38b-4e78-9be4-3c2f5c450004_player2,Human-Human,equal_to_both,3,0.9808907244678727
human_a9a91c71-c38b-4e78-9be4-3c2f5c450004_player2,Human-Human,equal_to_both,4,0.9969852337057028
human_a9a91c71-c38b-4e78-9be4-3c2f5c450004_player2,Human-Human,equal_to_both,5,0.9981290364756525
human_b40d6c2e-46aa-4680-8f62-ef715fd65b79_player1,Human-Human,closer_to_player1,0,0.5
human_b40d6c2e-46aa-4680-8f62-ef715fd65b79_player1,Human-Human,closer_to_player1,1,0.9014860901047935
human_b40d6c2e-46aa-4680-8f62-ef715fd65b79_player1,Human-Human,closer_to_player1,2,0.9999994932753625
human_b40d6c2e-46aa-4680-8f62-ef715fd65b79_player1,Human-Human,closer_to_player1,3,0.9999999916807759
human_b40d6c2e-46aa-4680-8f62-ef715fd65b79_player1,Human-Human,closer_to_player1,4,0.9999999958107223
human_b40d6c2e-46aa-4680-8f62-ef715fd65b79_player1,Human-Human,closer_to_player1,5,0.9999999979050399
human_b40d6c2e-46aa-4680-8f62-ef715fd65b79_player1,Human-Human,closer_to_player2,0,0.5
human_b40d6c2e-46aa-4680-8f62-ef715fd65b79_player1,Human-Human,closer_to_player2,1,0.6673376730895297
human_b40d6c2e-46aa-4680-8f62-ef715fd65b79_player1,Human-Human,closer_to_player2,2,0.8020357552973173
human_b40d6c2e-46aa-4680-8f62-ef715fd65b79_player1,Human-Human,closer_to_player2,3,0.9036336415266678
human_b40d6c2e-46aa-4680-8f62-ef715fd65b79_player1,Human-Human,closer_to_player2,4,0.9613262096247487
human_b40d6c2e-46aa-4680-8f62-ef715fd65b79_player1,Human-Human,closer_to_player2,5,0.9704504730455676
human_b40d6c2e-46aa-4680-8f62-ef715fd65b79_player1,Human-Human,equal_to_both,0,0.5
human_b40d6c2e-46aa-4680-8f62-ef715fd65b79_player1,Human-Human,equal_to_both,1,0.6649852688577654
human_b40d6c2e-46aa-4680-8f62-ef715fd65b79_player1,Human-Human,equal_to_both,2,0.798765205578555
human_b40d6c2e-46aa-4680-8f62-ef715fd65b79_player1,Human-Human,equal_to_both,3,0.904627957260908
human_b40d6c2e-46aa-4680-8f62-ef715fd65b79_player1,Human-Human,equal_to_both,4,0.9999996300023271
human_b40d6c2e-46aa-4680-8f62-ef715fd65b79_player2,Human-Human,closer_to_player1,0,0.5
human_b40d6c2e-46aa-4680-8f62-ef715fd65b79_player2,Human-Human,closer_to_player1,1,0.8708555410347536
human_b40d6c2e-46aa-4680-8f62-ef715fd65b79_player2,Human-Human,closer_to_player1,2,0.9190753784440416
human_b40d6c2e-46aa-4680-8f62-ef715fd65b79_player2,Human-Human,closer_to_player1,3,0.9529387787894726
human_b40d6c2e-46aa-4680-8f62-ef715fd65b79_player2,Human-Human,closer_to_player1,4,0.9812337784422267
human_b40d6c2e-46aa-4680-8f62-ef715fd65b79_player2,Human-Human,closer_to_player1,5,0.9971136484058922
human_b40d6c2e-46aa-4680-8f62-ef715fd65b79_player2,Human-Human,closer_to_player2,0,0.5
human_b40d6c2e-46aa-4680-8f62-ef715fd65b79_player2,Human-Human,closer_to_player2,1,0.9983940360748051
human_b40d6c2e-46aa-4680-8f62-ef715fd65b79_player2,Human-Human,closer_to_player2,2,0.9986908786305687
human_b40d6c2e-46aa-4680-8f62-ef715fd65b79_player2,Human-Human,closer_to_player2,3,0.9990648229954654
human_b40d6c2e-46aa-4680-8f62-ef715fd65b79_player2,Human-Human,closer_to_player2,4,1.0
human_b40d6c2e-46aa-4680-8f62-ef715fd65b79_player2,Human-Human,closer_to_player2,5,1.0
human_b40d6c2e-46aa-4680-8f62-ef715fd65b79_player2,Human-Human,equal_to_both,0,0.5
human_b40d6c2e-46aa-4680-8f62-ef715fd65b79_player2,Human-Human,equal_to_both,1,0.663860928511299
human_b40d6c2e-46aa-4680-8f62-ef715fd65b79_player2,Human-Human,equal_to_both,2,0.797468404941439
human_b40d6c2e-46aa-4680-8f62-ef715fd65b79_player2,Human-Human,equal_to_both,3,0.9036826878605558
human_b40d6c2e-46aa-4680-8f62-ef715fd65b79_player2,Human-Human,equal_to_both,4,0.999999623758994
human_bf70b991-4d12-4b4f-9ce5-57687e7d0c35_player1,Human-Human,closer_to_player1,0,0.5
human_bf70b991-4d12-4b4f-9ce5-57687e7d0c35_player1,Human-Human,closer_to_player1,1,0.66663688087427
human_bf70b991-4d12-4b4f-9ce5-57687e7d0c35_player1,Human-Human,closer_to_player1,2,0.5414192796592308
human_bf70b991-4d12-4b4f-9ce5-57687e7d0c35_player1,Human-Human,closer_to_player1,3,0.999273406528147
human_bf70b991-4d12-4b4f-9ce5-57687e7d0c35_player1,Human-Human,closer_to_player1,4,0.9999999999999996
human_bf70b991-4d12-4b4f-9ce5-57687e7d0c35_player1,Human-Human,closer_to_player1,5,1.0
human_bf70b991-4d12-4b4f-9ce5-57687e7d0c35_player1,Human-Human,closer_to_player2,0,0.5
human_bf70b991-4d12-4b4f-9ce5-57687e7d0c35_player1,Human-Human,closer_to_player2,1,0.651405334525828
human_bf70b991-4d12-4b4f-9ce5-57687e7d0c35_player1,Human-Human,closer_to_player2,2,0.2280744880982072
human_bf70b991-4d12-4b4f-9ce5-57687e7d0c35_player1,Human-Human,closer_to_player2,3,0.5248345567998096
human_bf70b991-4d12-4b4f-9ce5-57687e7d0c35_player1,Human-Human,closer_to_player2,4,0.9934633886261862
human_bf70b991-4d12-4b4f-9ce5-57687e7d0c35_player1,Human-Human,equal_to_both,0,0.5
human_bf70b991-4d12-4b4f-9ce5-57687e7d0c35_player1,Human-Human,equal_to_both,1,0.6781402478256493
human_bf70b991-4d12-4b4f-9ce5-57687e7d0c35_player1,Human-Human,equal_to_both,2,0.6904946265061839
human_bf70b991-4d12-4b4f-9ce5-57687e7d0c35_player1,Human-Human,equal_to_both,3,0.9997065398748063
human_bf70b991-4d12-4b4f-9ce5-57687e7d0c35_player1,Human-Human,equal_to_both,4,0.9999997424742401
human_bf70b991-4d12-4b4f-9ce5-57687e7d0c35_player1,Human-Human,equal_to_both,5,0.9999999993332398
human_bf70b991-4d12-4b4f-9ce5-57687e7d0c35_player2,Human-Human,closer_to_player1,0,0.5
human_bf70b991-4d12-4b4f-9ce5-57687e7d0c35_player2,Human-Human,closer_to_player1,1,0.5271595944527925
human_bf70b991-4d12-4b4f-9ce5-57687e7d0c35_player2,Human-Human,closer_to_player1,2,0.4785462183743251
human_bf70b991-4d12-4b4f-9ce5-57687e7d0c35_player2,Human-Human,closer_to_player1,3,0.7502944775705931
human_bf70b991-4d12-4b4f-9ce5-57687e7d0c35_player2,Human-Human,closer_to_player1,4,0.7552768046075258
human_bf70b991-4d12-4b4f-9ce5-57687e7d0c35_player2,Human-Human,closer_to_player1,5,0.9999751194484486
human_bf70b991-4d12-4b4f-9ce5-57687e7d0c35_player2,Human-Human,closer_to_player2,0,0.5
human_bf70b991-4d12-4b4f-9ce5-57687e7d0c35_player2,Human-Human,closer_to_player2,1,0.6666639052334551
human_bf70b991-4d12-4b4f-9ce5-57687e7d0c35_player2,Human-Human,closer_to_player2,2,0.6698320636205702
human_bf70b991-4d12-4b4f-9ce5-57687e7d0c35_player2,Human-Human,closer_to_player2,3,0.980445229024587
human_bf70b991-4d12-4b4f-9ce5-57687e7d0c35_player2,Human-Human,closer_to_player2,4,1.0
human_bf70b991-4d12-4b4f-9ce5-57687e7d0c35_player2,Human-Human,closer_to_player2,5,1.0
human_bf70b991-4d12-4b4f-9ce5-57687e7d0c35_player2,Human-Human,equal_to_both,0,0.5
human_bf70b991-4d12-4b4f-9ce5-57687e7d0c35_player2,Human-Human,equal_to_both,1,0.5616109696517314
human_bf70b991-4d12-4b4f-9ce5-57687e7d0c35_player2,Human-Human,equal_to_both,2,0.6046655547376096
human_bf70b991-4d12-4b4f-9ce5-57687e7d0c35_player2,Human-Human,equal_to_both,3,0.6422147224499729
human_bf70b991-4d12-4b4f-9ce5-57687e7d0c35_player2,Human-Human,equal_to_both,4,0.6684905309968029
human_bf70b991-4d12-4b4f-9ce5-57687e7d0c35_player2,Human-Human,equal_to_both,5,0.9787931908777181
human_c252dec7-11a7-48c1-9696-691e0511cbc2_player1,Human-Human,closer_to_player1,0,0.5
human_c252dec7-11a7-48c1-9696-691e0511cbc2_player1,Human-Human,closer_to_player1,1,0.5322183710720801
human_c252dec7-11a7-48c1-9696-691e0511cbc2_player1,Human-Human,closer_to_player1,2,0.3485563190816919
human_c252dec7-11a7-48c1-9696-691e0511cbc2_player1,Human-Human,closer_to_player1,3,0.6542200893030473
human_c252dec7-11a7-48c1-9696-691e0511cbc2_player1,Human-Human,closer_to_player1,4,0.6666145488936728
human_c252dec7-11a7-48c1-9696-691e0511cbc2_player1,Human-Human,closer_to_player1,5,0.6666662196296174
human_c252dec7-11a7-48c1-9696-691e0511cbc2_player1,Human-Human,closer_to_player2,0,0.5
human_c252dec7-11a7-48c1-9696-691e0511cbc2_player1,Human-Human,closer_to_player2,1,0.9998884123908894
human_c252dec7-11a7-48c1-9696-691e0511cbc2_player1,Human-Human,closer_to_player2,2,0.9999999191940695
human_c252dec7-11a7-48c1-9696-691e0511cbc2_player1,Human-Human,closer_to_player2,3,0.6666666666664077
human_c252dec7-11a7-48c1-9696-691e0511cbc2_player1,Human-Human,closer_to_player2,4,0.4999999999999997
human_c252dec7-11a7-48c1-9696-691e0511cbc2_player1,Human-Human,closer_to_player2,5,0.5
human_c252dec7-11a7-48c1-9696-691e0511cbc2_player1,Human-Human,equal_to_both,0,0.5
human_c252dec7-11a7-48c1-9696-691e0511cbc2_player1,Human-Human,equal_to_both,1,0.9987750287533403
human_c252dec7-11a7-48c1-9696-691e0511cbc2_player1,Human-Human,equal_to_both,2,0.9999967564837664
human_c252dec7-11a7-48c1-9696-691e0511cbc2_player1,Human-Human,equal_to_both,3,0.9999999840783228
human_c252dec7-11a7-48c1-9696-691e0511cbc2_player1,Human-Human,equal_to_both,4,0.9999999998686309
human_c252dec7-11a7-48c1-9696-691e0511cbc2_player1,Human-Human,equal_to_both,5,0.99999999999829
human_c252dec7-11a7-48c1-9696-691e0511cbc2_player2,Human-Human,closer_to_player1,0,0.5
human_c252dec7-11a7-48c1-9696-691e0511cbc2_player2,Human-Human,closer_to_player1,1,0.7964075619299766
human_c252dec7-11a7-48c1-9696-691e0511cbc2_player2,Human-Human,closer_to_player1,2,0.7569248971228926
human_c252dec7-11a7-48c1-9696-691e0511cbc2_player2,Human-Human,closer_to_player1,3,0.7187551525094141
human_c252dec7-11a7-48c1-9696-691e0511cbc2_player2,Human-Human,closer_to_player1,4,0.666666268235632
human_c252dec7-11a7-48c1-9696-691e0511cbc2_player2,Human-Human,closer_to_player1,5,0.6947486908038997
human_c252dec7-11a7-48c1-9696-691e0511cbc2_player2,Human-Human,closer_to_player2,0,0.5
human_c252dec7-11a7-48c1-9696-691e0511cbc2_player2,Human-Human,closer_to_player2,1,0.6932577181189513
human_c252dec7-11a7-48c1-9696-691e0511cbc2_player2,Human-Human,closer_to_player2,2,0.9999968552842411
human_c252dec7-11a7-48c1-9696-691e0511cbc2_player2,Human-Human,closer_to_player2,3,0.99999999984533
human_c252dec7-11a7-48c1-9696-691e0511cbc2_player2,Human-Human,closer_to_player2,4,0.9999999999999742
human_c252dec7-11a7-48c1-9696-691e0511cbc2_player2,Human-Human,closer_to_player2,5,1.0
human_c252dec7-11a7-48c1-9696-691e0511cbc2_player2,Human-Human,equal_to_both,0,0.5
human_c252dec7-11a7-48c1-9696-691e0511cbc2_player2,Human-Human,equal_to_both,1,0.9992205890088162
human_c252dec7-11a7-48c1-9696-691e0511cbc2_player2,Human-Human,equal_to_both,2,0.999998669586841
human_c252dec7-11a7-48c1-9696-691e0511cbc2_player2,Human-Human,equal_to_both,3,0.9999999954098822
human_c252dec7-11a7-48c1-9696-691e0511cbc2_player2,Human-Human,equal_to_both,4,0.9999999999699813
human_c252dec7-11a7-48c1-9696-691e0511cbc2_player2,Human-Human,equal_to_both,5,0.9999999999996436
human_c70d7765-1724-49bf-9fed-d8647822e9f2_player1,Human-Human,closer_to_player1,0,0.5
human_c70d7765-1724-49bf-9fed-d8647822e9f2_player1,Human-Human,closer_to_player1,1,0.9999567129670098
human_c70d7765-1724-49bf-9fed-d8647822e9f2_player1,Human-Human,closer_to_player1,2,0.99999998831797
human_c70d7765-1724-49bf-9fed-d8647822e9f2_player1,Human-Human,closer_to_player1,3,0.9999999959833352
human_c70d7765-1724-49bf-9fed-d8647822e9f2_player1,Human-Human,closer_to_player1,4,0.9999999978129094
human_c70d7765-1724-49bf-9fed-d8647822e9f2_player1,Human-Human,closer_to_player1,5,0.9999999991239205
human_c70d7765-1724-49bf-9fed-d8647822e9f2_player1,Human-Human,closer_to_player2,0,0.5
human_c70d7765-1724-49bf-9fed-d8647822e9f2_player1,Human-Human,closer_to_player2,1,0.830746422126665
human_c70d7765-1724-49bf-9fed-d8647822e9f2_player1,Human-Human,closer_to_player2,2,0.8380238500668508
human_c70d7765-1724-49bf-9fed-d8647822e9f2_player1,Human-Human,closer_to_player2,3,0.7589909175450724
human_c70d7765-1724-49bf-9fed-d8647822e9f2_player1,Human-Human,closer_to_player2,4,0.7618125028589724
human_c70d7765-1724-49bf-9fed-d8647822e9f2_player1,Human-Human,closer_to_player2,5,0.8141667306079562
human_c70d7765-1724-49bf-9fed-d8647822e9f2_player1,Human-Human,equal_to_both,0,0.5
human_c70d7765-1724-49bf-9fed-d8647822e9f2_player1,Human-Human,equal_to_both,1,0.8758953085818654
human_c70d7765-1724-49bf-9fed-d8647822e9f2_player1,Human-Human,equal_to_both,2,0.9995066490678718
human_c70d7765-1724-49bf-9fed-d8647822e9f2_player1,Human-Human,equal_to_both,3,0.999999729439203
human_c70d7765-1724-49bf-9fed-d8647822e9f2_player1,Human-Human,equal_to_both,4,0.999999999679542
human_c70d7765-1724-49bf-9fed-d8647822e9f2_player1,Human-Human,equal_to_both,5,0.9999999999977459
human_c70d7765-1724-49bf-9fed-d8647822e9f2_player2,Human-Human,closer_to_player1,0,0.5
human_c70d7765-1724-49bf-9fed-d8647822e9f2_player2,Human-Human,closer_to_player1,1,0.6248904609840231
human_c70d7765-1724-49bf-9fed-d8647822e9f2_player2,Human-Human,closer_to_player1,2,0.7526085124648282
human_c70d7765-1724-49bf-9fed-d8647822e9f2_player2,Human-Human,closer_to_player1,3,0.8448815369120828
human_c70d7765-1724-49bf-9fed-d8647822e9f2_player2,Human-Human,closer_to_player1,4,0.9817147036383126
human_c70d7765-1724-49bf-9fed-d8647822e9f2_player2,Human-Human,closer_to_player1,5,0.9943342789888523
human_c70d7765-1724-49bf-9fed-d8647822e9f2_player2,Human-Human,closer_to_player2,0,0.5
human_c70d7765-1724-49bf-9fed-d8647822e9f2_player2,Human-Human,closer_to_player2,1,0.6953887634683537
human_c70d7765-1724-49bf-9fed-d8647822e9f2_player2,Human-Human,closer_to_player2,2,0.8199869705002243
human_c70d7765-1724-49bf-9fed-d8647822e9f2_player2,Human-Human,closer_to_player2,3,0.9999999999873487
human_c70d7765-1724-49bf-9fed-d8647822e9f2_player2,Human-Human,closer_to_player2,4,0.9999999999999994
human_c70d7765-1724-49bf-9fed-d8647822e9f2_player2,Human-Human,closer_to_player2,5,1.0
human_c70d7765-1724-49bf-9fed-d8647822e9f2_player2,Human-Human,equal_to_both,0,0.5
human_c70d7765-1724-49bf-9fed-d8647822e9f2_player2,Human-Human,equal_to_both,1,0.9996690395142084
human_c70d7765-1724-49bf-9fed-d8647822e9f2_player2,Human-Human,equal_to_both,2,0.9999997142998557
human_c70d7765-1724-49bf-9fed-d8647822e9f2_player2,Human-Human,equal_to_both,3,0.9999999993421613
human_c70d7765-1724-49bf-9fed-d8647822e9f2_player2,Human-Human,equal_to_both,4,0.9999999999967871
human_c70d7765-1724-49bf-9fed-d8647822e9f2_player2,Human-Human,equal_to_both,5,0.9999999999999116
human_cb6a41aa-0534-4a15-86a4-80d9c232a01e_player1,Human-Human,closer_to_player1,0,0.5
human_cb6a41aa-0534-4a15-86a4-80d9c232a01e_player1,Human-Human,closer_to_player1,1,0.9997417573894988
human_cb6a41aa-0534-4a15-86a4-80d9c232a01e_player1,Human-Human,closer_to_player1,2,0.4999998890734102
human_cb6a41aa-0534-4a15-86a4-80d9c232a01e_player1,Human-Human,closer_to_player1,3,1.4960963929621954e-26
human_cb6a41aa-0534-4a15-86a4-80d9c232a01e_player1,Human-Human,closer_to_player2,0,0.5
human_cb6a41aa-0534-4a15-86a4-80d9c232a01e_player1,Human-Human,closer_to_player2,1,0.2502271382128114
human_cb6a41aa-0534-4a15-86a4-80d9c232a01e_player1,Human-Human,closer_to_player2,2,0.013609322105990456
human_cb6a41aa-0534-4a15-86a4-80d9c232a01e_player1,Human-Human,closer_to_player2,3,0.9480620037058577
human_cb6a41aa-0534-4a15-86a4-80d9c232a01e_player1,Human-Human,equal_to_both,0,0.5
human_cb6a41aa-0534-4a15-86a4-80d9c232a01e_player1,Human-Human,equal_to_both,1,0.8882498354255189
human_cb6a41aa-0534-4a15-86a4-80d9c232a01e_player1,Human-Human,equal_to_both,2,0.9329217069385268
human_cb6a41aa-0534-4a15-86a4-80d9c232a01e_player1,Human-Human,equal_to_both,3,0.968209317960024
human_cb6a41aa-0534-4a15-86a4-80d9c232a01e_player1,Human-Human,equal_to_both,4,0.9999998766674129
human_cb6a41aa-0534-4a15-86a4-80d9c232a01e_player1,Human-Human,equal_to_both,5,0.9999999999999997
human_cb6a41aa-0534-4a15-86a4-80d9c232a01e_player2,Human-Human,closer_to_player1,0,0.5
human_cb6a41aa-0534-4a15-86a4-80d9c232a01e_player2,Human-Human,closer_to_player1,1,0.6664972499513748
human_cb6a41aa-0534-4a15-86a4-80d9c232a01e_player2,Human-Human,closer_to_player1,2,0.5211800173580785
human_cb6a41aa-0534-4a15-86a4-80d9c232a01e_player2,Human-Human,closer_to_player1,3,0.9940886513339585
human_cb6a41aa-0534-4a15-86a4-80d9c232a01e_player2,Human-Human,closer_to_player2,0,0.5
human_cb6a41aa-0534-4a15-86a4-80d9c232a01e_player2,Human-Human,closer_to_player2,1,0.7498477416349936
human_cb6a41aa-0534-4a15-86a4-80d9c232a01e_player2,Human-Human,closer_to_player2,2,1.4270087254242194e-30
human_cb6a41aa-0534-4a15-86a4-80d9c232a01e_player2,Human-Human,closer_to_player2,3,1.8879506809135242e-27
human_cb6a41aa-0534-4a15-86a4-80d9c232a01e_player2,Human-Human,equal_to_both,0,0.5
human_cb6a41aa-0534-4a15-86a4-80d9c232a01e_player2,Human-Human,equal_to_both,1,0.8882498354255189
human_cb6a41aa-0534-4a15-86a4-80d9c232a01e_player2,Human-Human,equal_to_both,2,0.9329217069385268
human_cb6a41aa-0534-4a15-86a4-80d9c232a01e_player2,Human-Human,equal_to_both,3,0.968209317960024
human_cb6a41aa-0534-4a15-86a4-80d9c232a01e_player2,Human-Human,equal_to_both,4,0.9999998766674129
human_cb6a41aa-0534-4a15-86a4-80d9c232a01e_player2,Human-Human,equal_to_both,5,0.9999999999999997
human_dbe27c5c-9678-4808-9506-13690c5d442a_player1,Human-Human,closer_to_player1,0,0.5
human_dbe27c5c-9678-4808-9506-13690c5d442a_player1,Human-Human,closer_to_player1,1,0.5891049036989647
human_dbe27c5c-9678-4808-9506-13690c5d442a_player1,Human-Human,closer_to_player2,0,0.5
human_dbe27c5c-9678-4808-9506-13690c5d442a_player1,Human-Human,closer_to_player2,1,0.9998794981520094
human_dbe27c5c-9678-4808-9506-13690c5d442a_player1,Human-Human,closer_to_player2,2,0.9999998754173749
human_dbe27c5c-9678-4808-9506-13690c5d442a_player1,Human-Human,closer_to_player2,3,0.9999999998149633
human_dbe27c5c-9678-4808-9506-13690c5d442a_player1,Human-Human,closer_to_player2,4,0.9999999999986798
human_dbe27c5c-9678-4808-9506-13690c5d442a_player1,Human-Human,closer_to_player2,5,0.9999999999999938
human_dbe27c5c-9678-4808-9506-13690c5d442a_player1,Human-Human,equal_to_both,0,0.5
human_dbe27c5c-9678-4808-9506-13690c5d442a_player1,Human-Human,equal_to_both,1,0.8053485526295842
human_dbe27c5c-9678-4808-9506-13690c5d442a_player1,Human-Human,equal_to_both,2,0.8420220102997268
human_dbe27c5c-9678-4808-9506-13690c5d442a_player1,Human-Human,equal_to_both,3,0.9999539732395792
human_dbe27c5c-9678-4808-9506-13690c5d442a_player1,Human-Human,equal_to_both,4,0.9999466007408531
human_dbe27c5c-9678-4808-9506-13690c5d442a_player1,Human-Human,equal_to_both,5,0.9999318802159295
human_dbe27c5c-9678-4808-9506-13690c5d442a_player2,Human-Human,closer_to_player1,0,0.5
human_dbe27c5c-9678-4808-9506-13690c5d442a_player2,Human-Human,closer_to_player1,1,0.5244352340859002
human_dbe27c5c-9678-4808-9506-13690c5d442a_player2,Human-Human,closer_to_player1,2,0.6354116614569082
human_dbe27c5c-9678-4808-9506-13690c5d442a_player2,Human-Human,closer_to_player1,3,0.15682682080507093
human_dbe27c5c-9678-4808-9506-13690c5d442a_player2,Human-Human,closer_to_player2,0,0.5
human_dbe27c5c-9678-4808-9506-13690c5d442a_player2,Human-Human,closer_to_player2,1,0.6656182755836914
human_dbe27c5c-9678-4808-9506-13690c5d442a_player2,Human-Human,closer_to_player2,2,0.5149095497494439
human_dbe27c5c-9678-4808-9506-13690c5d442a_player2,Human-Human,closer_to_player2,3,0.9965567034370488
human_dbe27c5c-9678-4808-9506-13690c5d442a_player2,Human-Human,equal_to_both,0,0.5
human_dbe27c5c-9678-4808-9506-13690c5d442a_player2,Human-Human,equal_to_both,1,0.1898346541359018
human_dbe27c5c-9678-4808-9506-13690c5d442a_player2,Human-Human,equal_to_both,2,0.5519086712711457
human_dbe27c5c-9678-4808-9506-13690c5d442a_player2,Human-Human,equal_to_both,3,0.7042788133464836
human_dbe27c5c-9678-4808-9506-13690c5d442a_player2,Human-Human,equal_to_both,4,0.9999172847024962
human_dbe27c5c-9678-4808-9506-13690c5d442a_player2,Human-Human,equal_to_both,5,0.9998949304103147
individual_rl_legacy_session_0_player1,Individual RL,closer_to_player1,0,0.5
individual_rl_legacy_session_0_player1,Individual RL,closer_to_player1,1,0.4383391819885832
individual_rl_legacy_session_0_player1,Individual RL,closer_to_player1,2,0.5248721206883646
individual_rl_legacy_session_0_player1,Individual RL,closer_to_player1,3,0.6022612980208545
individual_rl_legacy_session_0_player1,Individual RL,closer_to_player1,4,0.6840657232178224
individual_rl_legacy_session_0_player1,Individual RL,closer_to_player1,5,0.6869149535117839
individual_rl_legacy_session_0_player1,Individual RL,closer_to_player2,0,0.5
individual_rl_legacy_session_0_player1,Individual RL,closer_to_player2,1,0.6637329210994917
individual_rl_legacy_session_0_player1,Individual RL,closer_to_player2,2,0.6673180171872367
individual_rl_legacy_session_0_player1,Individual RL,closer_to_player2,3,0.666399083938274
individual_rl_legacy_session_0_player1,Individual RL,closer_to_player2,4,0.6628438143425294
individual_rl_legacy_session_0_player1,Individual RL,closer_to_player2,5,0.6772269928636977
individual_rl_legacy_session_0_player1,Individual RL,equal_to_both,0,0.5
individual_rl_legacy_session_0_player1,Individual RL,equal_to_both,1,0.9911907381228525
individual_rl_legacy_session_0_player1,Individual RL,equal_to_both,2,0.9946500090547483
individual_rl_legacy_session_0_player1,Individual RL,equal_to_both,3,0.999909366468742
individual_rl_legacy_session_0_player1,Individual RL,equal_to_both,4,0.9999666670303544
individual_rl_legacy_session_0_player1,Individual RL,equal_to_both,5,0.9999988405626002
individual_rl_legacy_session_0_player2,Individual RL,closer_to_player1,0,0.5
individual_rl_legacy_session_0_player2,Individual RL,closer_to_player1,1,0.5031932340287388
individual_rl_legacy_session_0_player2,Individual RL,closer_to_player1,2,0.5048936535932098
individual_rl_legacy_session_0_player2,Individual RL,closer_to_player1,3,0.5062397414127491
individual_rl_legacy_session_0_player2,Individual RL,closer_to_player1,4,0.509616607866771
individual_rl_legacy_session_0_player2,Individual RL,closer_to_player1,5,0.5024600531842618
individual_rl_legacy_session_0_player2,Individual RL,closer_to_player2,0,0.5
individual_rl_legacy_session_0_player2,Individual RL,closer_to_player2,1,0.6735769907916757
individual_rl_legacy_session_0_player2,Individual RL,closer_to_player2,2,0.6780550291164253
individual_rl_legacy_session_0_player2,Individual RL,closer_to_player2,3,0.6417290955773917
individual_rl_legacy_session_0_player2,Individual RL,closer_to_player2,4,0.7249203454092856
individual_rl_legacy_session_0_player2,Individual RL,closer_to_player2,5,0.7758622890106758
individual_rl_legacy_session_0_player2,Individual RL,equal_to_both,0,0.5
individual_rl_legacy_session_0_player2,Individual RL,equal_to_both,1,0.7469245534572249
individual_rl_legacy_session_0_player2,Individual RL,equal_to_both,2,0.993871153058388
individual_rl_legacy_session_0_player2,Individual RL,equal_to_both,3,0.9999483651916483
individual_rl_legacy_session_0_player2,Individual RL,equal_to_both,4,0.9999675850649357
individual_rl_legacy_session_0_player2,Individual RL,equal_to_both,5,0.9999994632790792
individual_rl_legacy_session_10_player1,Individual RL,closer_to_player1,0,0.5
individual_rl_legacy_session_10_player1,Individual RL,closer_to_player1,1,0.7472060743188174
individual_rl_legacy_session_10_player1,Individual RL,closer_to_player1,2,0.9993559934213694
individual_rl_legacy_session_10_player1,Individual RL,closer_to_player1,3,0.9999982714024627
individual_rl_legacy_session_10_player1,Individual RL,closer_to_player1,4,0.9999999377809249
individual_rl_legacy_session_10_player1,Individual RL,closer_to_player1,5,0.9999999996251183
individual_rl_legacy_session_10_player1,Individual RL,closer_to_player2,0,0.5
individual_rl_legacy_session_10_player1,Individual RL,closer_to_player2,1,0.5038613230373502
individual_rl_legacy_session_10_player1,Individual RL,closer_to_player2,2,0.5063535056104086
individual_rl_legacy_session_10_player1,Individual RL,closer_to_player2,3,0.508364352155245
individual_rl_legacy_session_10_player1,Individual RL,closer_to_player2,4,0.5183876791342213
individual_rl_legacy_session_10_player1,Individual RL,closer_to_player2,5,0.6419622260294935
individual_rl_legacy_session_10_player2,Individual RL,closer_to_player1,0,0.5
individual_rl_legacy_session_10_player2,Individual RL,closer_to_player1,1,0.9832183863197324
individual_rl_legacy_session_10_player2,Individual RL,closer_to_player1,2,0.9915885115786962
individual_rl_legacy_session_10_player2,Individual RL,closer_to_player1,3,0.9917293818585887
individual_rl_legacy_session_10_player2,Individual RL,closer_to_player1,4,0.9997141017614208
individual_rl_legacy_session_10_player2,Individual RL,closer_to_player1,5,0.9998025323709329
individual_rl_legacy_session_10_player2,Individual RL,closer_to_player2,0,0.5
individual_rl_legacy_session_10_player2,Individual RL,closer_to_player2,1,0.5832427971468787
individual_rl_legacy_session_10_player2,Individual RL,closer_to_player2,2,0.9981212944177112
individual_rl_legacy_session_10_player2,Individual RL,closer_to_player2,3,0.9990627192465881
individual_rl_legacy_session_10_player2,Individual RL,closer_to_player2,4,0.9995319170992258
individual_rl_legacy_session_10_player2,Individual RL,closer_to_player2,5,0.9997661866593953
individual_rl_legacy_session_11_player1,Individual RL,closer_to_player1,0,0.5
individual_rl_legacy_session_11_player1,Individual RL,closer_to_player1,1,0.5007422776601698
individual_rl_legacy_session_11_player1,Individual RL,closer_to_player1,2,0.7529316515875366
individual_rl_legacy_session_11_player1,Individual RL,closer_to_player1,3,0.7508649731467969
individual_rl_legacy_session_11_player1,Individual RL,closer_to_player1,4,0.7720057968918872
individual_rl_legacy_session_11_player1,Individual RL,closer_to_player1,5,0.7357428553688397
individual_rl_legacy_session_11_player1,Individual RL,closer_to_player2,0,0.5
individual_rl_legacy_session_11_player1,Individual RL,closer_to_player2,1,0.5040900600297605
individual_rl_legacy_session_11_player1,Individual RL,closer_to_player2,2,0.9897064152338492
individual_rl_legacy_session_11_player1,Individual RL,closer_to_player2,3,0.990092139426019
individual_rl_legacy_session_11_player1,Individual RL,closer_to_player2,4,0.9998928412157322
individual_rl_legacy_session_11_player1,Individual RL,closer_to_player2,5,0.9999208159010564
individual_rl_legacy_session_11_player1,Individual RL,equal_to_both,0,0.5
individual_rl_legacy_session_11_player1,Individual RL,equal_to_both,1,0.7406748169414988
individual_rl_legacy_session_11_player1,Individual RL,equal_to_both,2,0.7414372383218284
individual_rl_legacy_session_11_player1,Individual RL,equal_to_both,3,0.9899238951565981
individual_rl_legacy_session_11_player1,Individual RL,equal_to_both,4,0.9916547780222549
individual_rl_legacy_session_11_player1,Individual RL,equal_to_both,5,0.9916920983172206
individual_rl_legacy_session_11_player2,Individual RL,closer_to_player1,0,0.5
individual_rl_legacy_session_11_player2,Individual RL,closer_to_player1,1,0.5039711580304304
individual_rl_legacy_session_11_player2,Individual RL,closer_to_player1,2,0.5066678036812786
individual_rl_legacy_session_11_player2,Individual RL,closer_to_player1,3,0.5055478535730646
individual_rl_legacy_session_11_player2,Individual RL,closer_to_player1,4,0.7482568836370262
individual_rl_legacy_session_11_player2,Individual RL,closer_to_player1,5,0.7529887158946607
individual_rl_legacy_session_11_player2,Individual RL,closer_to_player2,0,0.5
individual_rl_legacy_session_11_player2,Individual RL,closer_to_player2,1,0.9966520712306497
individual_rl_legacy_session_11_player2,Individual RL,closer_to_player2,2,0.999979183861052
individual_rl_legacy_session_11_player2,Individual RL,closer_to_player2,3,0.9999838666613218
individual_rl_legacy_session_11_player2,Individual RL,closer_to_player2,4,0.999986215191909
individual_rl_legacy_session_11_player2,Individual RL,closer_to_player2,5,0.9999999536745631
individual_rl_legacy_session_11_player2,Individual RL,equal_to_both,0,0.5
individual_rl_legacy_session_11_player2,Individual RL,equal_to_both,1,0.7408744146175115
individual_rl_legacy_session_11_player2,Individual RL,equal_to_both,2,0.9883023737777021
individual_rl_legacy_session_11_player2,Individual RL,equal_to_both,3,0.9967858629372817
individual_rl_legacy_session_11_player2,Individual RL,equal_to_both,4,0.9968070963067288
individual_rl_legacy_session_11_player2,Individual RL,equal_to_both,5,0.9969621303997733
individual_rl_legacy_session_12_player1,Individual RL,closer_to_player1,0,0.5
individual_rl_legacy_session_12_player1,Individual RL,closer_to_player1,1,0.9975977028059675
individual_rl_legacy_session_12_player1,Individual RL,closer_to_player1,2,0.9962767833084076
individual_rl_legacy_session_12_player1,Individual RL,closer_to_player1,3,0.9999937235117194
individual_rl_legacy_session_12_player1,Individual RL,closer_to_player1,4,0.9999999806904751
individual_rl_legacy_session_12_player1,Individual RL,closer_to_player1,5,0.99999999989818
individual_rl_legacy_session_12_player1,Individual RL,closer_to_player2,0,0.5
individual_rl_legacy_session_12_player1,Individual RL,closer_to_player2,1,0.9837316773128172
individual_rl_legacy_session_12_player1,Individual RL,closer_to_player2,2,0.983513575477438
individual_rl_legacy_session_12_player1,Individual RL,closer_to_player2,3,0.9997986687241819
individual_rl_legacy_session_12_player1,Individual RL,closer_to_player2,4,0.9999911523426369
individual_rl_legacy_session_12_player1,Individual RL,closer_to_player2,5,0.9999950049353382
individual_rl_legacy_session_12_player1,Individual RL,equal_to_both,0,0.5
individual_rl_legacy_session_12_player1,Individual RL,equal_to_both,1,0.5000005878142516
individual_rl_legacy_session_12_player1,Individual RL,equal_to_both,2,0.5000021360365476
individual_rl_legacy_session_12_player1,Individual RL,equal_to_both,3,0.9966410781567686
individual_rl_legacy_session_12_player1,Individual RL,equal_to_both,4,0.9999792331447943
individual_rl_legacy_session_12_player1,Individual RL,equal_to_both,5,0.9999997808443853
individual_rl_legacy_session_12_player2,Individual RL,closer_to_player1,0,0.5
individual_rl_legacy_session_12_player2,Individual RL,closer_to_player1,1,0.9831533770631071
individual_rl_legacy_session_12_player2,Individual RL,closer_to_player1,2,0.9835521812794081
individual_rl_legacy_session_12_player2,Individual RL,closer_to_player1,3,0.999715556506258
individual_rl_legacy_session_12_player2,Individual RL,closer_to_player1,4,0.9999926038479389
individual_rl_legacy_session_12_player2,Individual RL,closer_to_player1,5,0.9999929297734574
individual_rl_legacy_session_12_player2,Individual RL,closer_to_player2,0,0.5
individual_rl_legacy_session_12_player2,Individual RL,closer_to_player2,1,0.49070395509700326
individual_rl_legacy_session_12_player2,Individual RL,closer_to_player2,2,0.40430291166535537
individual_rl_legacy_session_12_player2,Individual RL,closer_to_player2,3,0.9997461365542445
individual_rl_legacy_session_12_player2,Individual RL,closer_to_player2,4,0.9999998988114188
individual_rl_legacy_session_12_player2,Individual RL,equal_to_both,0,0.5
individual_rl_legacy_session_12_player2,Individual RL,equal_to_both,1,0.9883571400919666
individual_rl_legacy_session_12_player2,Individual RL,equal_to_both,2,0.9997807738830216
individual_rl_legacy_session_12_player2,Individual RL,equal_to_both,3,0.999815261770024
individual_rl_legacy_session_12_player2,Individual RL,equal_to_both,4,0.9998211743634414
individual_rl_legacy_session_12_player2,Individual RL,equal_to_both,5,0.9999981102210508
individual_rl_legacy_session_13_player1,Individual RL,closer_to_player2,0,0.5
individual_rl_legacy_session_13_player1,Individual RL,closer_to_player2,1,0.6628174684654219
individual_rl_legacy_session_13_player1,Individual RL,closer_to_player2,2,0.6647095040786578
individual_rl_legacy_session_13_player1,Individual RL,closer_to_player2,3,0.6694220046269113
individual_rl_legacy_session_13_player1,Individual RL,closer_to_player2,4,0.7124303774795929
individual_rl_legacy_session_13_player1,Individual RL,closer_to_player2,5,0.82317621936398
individual_rl_legacy_session_13_player1,Individual RL,equal_to_both,0,0.5
individual_rl_legacy_session_13_player1,Individual RL,equal_to_both,1,0.819517841962562
individual_rl_legacy_session_13_player1,Individual RL,equal_to_both,2,0.9926227435340045
individual_rl_legacy_session_13_player1,Individual RL,equal_to_both,3,0.9961486750808975
individual_rl_legacy_session_13_player1,Individual RL,equal_to_both,4,0.9963243579621394
individual_rl_legacy_session_13_player1,Individual RL,equal_to_both,5,0.9963386939441827
individual_rl_legacy_session_13_player2,Individual RL,closer_to_player2,0,0.5
individual_rl_legacy_session_13_player2,Individual RL,closer_to_player2,1,0.8304055262607831
individual_rl_legacy_session_13_player2,Individual RL,closer_to_player2,2,0.8332346196831862
individual_rl_legacy_session_13_player2,Individual RL,closer_to_player2,3,0.8317538572407838
individual_rl_legacy_session_13_player2,Individual RL,closer_to_player2,4,0.8458994137898203
individual_rl_legacy_session_13_player2,Individual RL,closer_to_player2,5,0.8207726534322776
individual_rl_legacy_session_13_player2,Individual RL,equal_to_both,0,0.5
individual_rl_legacy_session_13_player2,Individual RL,equal_to_both,1,0.822854724784508
individual_rl_legacy_session_13_player2,Individual RL,equal_to_both,2,0.9962156027950884
individual_rl_legacy_session_13_player2,Individual RL,equal_to_both,3,0.996291953520651
individual_rl_legacy_session_13_player2,Individual RL,equal_to_both,4,0.9965258195504972
individual_rl_legacy_session_13_player2,Individual RL,equal_to_both,5,0.9999737333907213
individual_rl_legacy_session_14_player1,Individual RL,closer_to_player1,0,0.5
individual_rl_legacy_session_14_player1,Individual RL,closer_to_player1,1,0.3755076303031908
individual_rl_legacy_session_14_player1,Individual RL,closer_to_player1,2,0.5459582220776188
individual_rl_legacy_session_14_player1,Individual RL,closer_to_player1,3,0.7063192589477502
individual_rl_legacy_session_14_player1,Individual RL,closer_to_player1,4,0.8279209260440774
individual_rl_legacy_session_14_player1,Individual RL,closer_to_player1,5,0.9064942656858568
individual_rl_legacy_session_14_player1,Individual RL,closer_to_player2,0,0.5
individual_rl_legacy_session_14_player1,Individual RL,closer_to_player2,1,0.5034565444312341
individual_rl_legacy_session_14_player1,Individual RL,closer_to_player2,2,0.5056479262811207
individual_rl_legacy_session_14_player1,Individual RL,closer_to_player2,3,0.5071092321943416
individual_rl_legacy_session_14_player1,Individual RL,closer_to_player2,4,0.5082904239611596
individual_rl_legacy_session_14_player1,Individual RL,closer_to_player2,5,0.5151698701628871
individual_rl_legacy_session_14_player2,Individual RL,closer_to_player1,0,0.5
individual_rl_legacy_session_14_player2,Individual RL,closer_to_player1,1,0.5034716485667979
individual_rl_legacy_session_14_player2,Individual RL,closer_to_player1,2,0.5053920796161137
individual_rl_legacy_session_14_player2,Individual RL,closer_to_player1,3,0.5064197698056567
individual_rl_legacy_session_14_player2,Individual RL,closer_to_player1,4,0.5092948159347988
individual_rl_legacy_session_14_player2,Individual RL,closer_to_player1,5,0.5075885760163981
individual_rl_legacy_session_14_player2,Individual RL,closer_to_player2,0,0.5
individual_rl_legacy_session_14_player2,Individual RL,closer_to_player2,1,0.5046272932088524
individual_rl_legacy_session_14_player2,Individual RL,closer_to_player2,2,0.507050781893334
individual_rl_legacy_session_14_player2,Individual RL,closer_to_player2,3,0.5134157144388152
individual_rl_legacy_session_14_player2,Individual RL,closer_to_player2,4,0.4672581867950108
individual_rl_legacy_session_14_player2,Individual RL,closer_to_player2,5,0.5767542026562514
individual_rl_legacy_session_15_player1,Individual RL,closer_to_player1,0,0.5
individual_rl_legacy_session_15_player1,Individual RL,closer_to_player1,1,0.49406911079913984
individual_rl_legacy_session_15_player1,Individual RL,closer_to_player1,2,0.5287296520596988
individual_rl_legacy_session_15_player1,Individual RL,closer_to_player1,3,0.49125894981220397
individual_rl_legacy_session_15_player1,Individual RL,closer_to_player1,4,0.6168447661510358
individual_rl_legacy_session_15_player1,Individual RL,closer_to_player1,5,0.6862452527502405
individual_rl_legacy_session_15_player1,Individual RL,closer_to_player2,0,0.5
individual_rl_legacy_session_15_player1,Individual RL,closer_to_player2,1,0.5034526405547213
individual_rl_legacy_session_15_player1,Individual RL,closer_to_player2,2,0.5057020757059149
individual_rl_legacy_session_15_player1,Individual RL,closer_to_player2,3,0.5065791903679605
individual_rl_legacy_session_15_player1,Individual RL,closer_to_player2,4,0.5069453493089734
individual_rl_legacy_session_15_player1,Individual RL,closer_to_player2,5,0.5052456230829176
individual_rl_legacy_session_15_player1,Individual RL,equal_to_both,0,0.5
individual_rl_legacy_session_15_player1,Individual RL,equal_to_both,1,0.7494549402511778
individual_rl_legacy_session_15_player1,Individual RL,equal_to_both,2,0.7497842919211875
individual_rl_legacy_session_15_player1,Individual RL,equal_to_both,3,0.7458544488494397
individual_rl_legacy_session_15_player1,Individual RL,equal_to_both,4,0.6821255227982176
individual_rl_legacy_session_15_player1,Individual RL,equal_to_both,5,0.9998001273229625
individual_rl_legacy_session_15_player2,Individual RL,closer_to_player1,0,0.5
individual_rl_legacy_session_15_player2,Individual RL,closer_to_player1,1,0.5034545347140318
individual_rl_legacy_session_15_player2,Individual RL,closer_to_player1,2,0.5058503372921559
individual_rl_legacy_session_15_player2,Individual RL,closer_to_player1,3,0.5130823899635182
individual_rl_legacy_session_15_player2,Individual RL,closer_to_player1,4,0.5251675504156231
individual_rl_legacy_session_15_player2,Individual RL,closer_to_player1,5,0.5305827629836917
individual_rl_legacy_session_15_player2,Individual RL,closer_to_player2,0,0.5
individual_rl_legacy_session_15_player2,Individual RL,closer_to_player2,1,0.49534034075131445
individual_rl_legacy_session_15_player2,Individual RL,closer_to_player2,2,0.38881379795304655
individual_rl_legacy_session_15_player2,Individual RL,closer_to_player2,3,0.5599641270672645
individual_rl_legacy_session_15_player2,Individual RL,closer_to_player2,4,0.7179739024189346
individual_rl_legacy_session_15_player2,Individual RL,closer_to_player2,5,0.8367732676185431
individual_rl_legacy_session_15_player2,Individual RL,equal_to_both,0,0.5
individual_rl_legacy_session_15_player2,Individual RL,equal_to_both,1,0.9966331695098745
individual_rl_legacy_session_15_player2,Individual RL,equal_to_both,2,0.9964870796749834
individual_rl_legacy_session_15_player2,Individual RL,equal_to_both,3,0.9969653999435832
individual_rl_legacy_session_15_player2,Individual RL,equal_to_both,4,0.9999893773807171
individual_rl_legacy_session_15_player2,Individual RL,equal_to_both,5,0.9999899204075287
individual_rl_legacy_session_16_player1,Individual RL,closer_to_player1,0,0.5
individual_rl_legacy_session_16_player1,Individual RL,closer_to_player1,1,0.49687759207857396
individual_rl_legacy_session_16_player1,Individual RL,closer_to_player1,2,0.3913829129940129
individual_rl_legacy_session_16_player1,Individual RL,closer_to_player1,3,0.9993818602469023
individual_rl_legacy_session_16_player1,Individual RL,closer_to_player1,4,0.999999473215551
individual_rl_legacy_session_16_player1,Individual RL,closer_to_player1,5,0.9999999991148515
individual_rl_legacy_session_16_player1,Individual RL,equal_to_both,0,0.5
individual_rl_legacy_session_16_player1,Individual RL,equal_to_both,1,0.4994071686343789
individual_rl_legacy_session_16_player1,Individual RL,equal_to_both,2,0.7463028132999802
individual_rl_legacy_session_16_player1,Individual RL,equal_to_both,3,0.9982794423485386
individual_rl_legacy_session_16_player1,Individual RL,equal_to_both,4,0.9999890077375683
individual_rl_legacy_session_16_player1,Individual RL,equal_to_both,5,0.999999359814318
individual_rl_legacy_session_16_player2,Individual RL,closer_to_player1,0,0.5
individual_rl_legacy_session_16_player2,Individual RL,closer_to_player1,1,0.50299656618297
individual_rl_legacy_session_16_player2,Individual RL,closer_to_player1,2,0.9896718414006449
individual_rl_legacy_session_16_player2,Individual RL,closer_to_player1,3,0.9998222497593587
individual_rl_legacy_session_16_player2,Individual RL,closer_to_player1,4,0.9998293505537552
individual_rl_legacy_session_16_player2,Individual RL,closer_to_player1,5,0.9999970750638013
individual_rl_legacy_session_16_player2,Individual RL,equal_to_both,0,0.5
individual_rl_legacy_session_16_player2,Individual RL,equal_to_both,1,0.9881326919760367
individual_rl_legacy_session_16_player2,Individual RL,equal_to_both,2,0.9946488398365168
individual_rl_legacy_session_16_player2,Individual RL,equal_to_both,3,0.9948585210195798
individual_rl_legacy_session_16_player2,Individual RL,equal_to_both,4,0.9948898616620538
individual_rl_legacy_session_16_player2,Individual RL,equal_to_both,5,0.999980402044043
individual_rl_legacy_session_17_player1,Individual RL,closer_to_player1,0,0.5
individual_rl_legacy_session_17_player1,Individual RL,closer_to_player1,1,0.5838283944649664
individual_rl_legacy_session_17_player1,Individual RL,closer_to_player1,2,0.8485672785457442
individual_rl_legacy_session_17_player1,Individual RL,closer_to_player1,3,0.902439214317607
individual_rl_legacy_session_17_player1,Individual RL,closer_to_player1,4,0.9428707393690741
individual_rl_legacy_session_17_player1,Individual RL,closer_to_player1,5,0.9689510921924699
individual_rl_legacy_session_17_player1,Individual RL,closer_to_player2,0,0.5
individual_rl_legacy_session_17_player1,Individual RL,closer_to_player2,1,0.5039077220789119
individual_rl_legacy_session_17_player1,Individual RL,closer_to_player2,2,0.9896918140645251
individual_rl_legacy_session_17_player1,Individual RL,closer_to_player2,3,0.9900959243473482
individual_rl_legacy_session_17_player1,Individual RL,closer_to_player2,4,0.99989116951323
individual_rl_legacy_session_17_player1,Individual RL,closer_to_player2,5,0.9999210178601073
individual_rl_legacy_session_17_player1,Individual RL,equal_to_both,0,0.5
individual_rl_legacy_session_17_player1,Individual RL,equal_to_both,1,0.5006276351444896
individual_rl_legacy_session_17_player1,Individual RL,equal_to_both,2,0.7475932206835536
individual_rl_legacy_session_17_player1,Individual RL,equal_to_both,3,0.7476254460300393
individual_rl_legacy_session_17_player1,Individual RL,equal_to_both,4,0.9952873842090806
individual_rl_legacy_session_17_player1,Individual RL,equal_to_both,5,0.9999793443297322
individual_rl_legacy_session_17_player2,Individual RL,closer_to_player1,0,0.5
individual_rl_legacy_session_17_player2,Individual RL,closer_to_player1,1,0.8232954067519582
individual_rl_legacy_session_17_player2,Individual RL,closer_to_player1,2,0.834826860786654
individual_rl_legacy_session_17_player2,Individual RL,closer_to_player1,3,0.8335149550014499
individual_rl_legacy_session_17_player2,Individual RL,closer_to_player1,4,0.7923649734573407
individual_rl_legacy_session_17_player2,Individual RL,closer_to_player1,5,0.8492292046678055
individual_rl_legacy_session_17_player2,Individual RL,closer_to_player2,0,0.5
individual_rl_legacy_session_17_player2,Individual RL,closer_to_player2,1,0.5008289482348339
individual_rl_legacy_session_17_player2,Individual RL,closer_to_player2,2,0.499690130793097
individual_rl_legacy_session_17_player2,Individual RL,closer_to_player2,3,0.9993624796597875
individual_rl_legacy_session_17_player2,Individual RL,closer_to_player2,4,0.9999990387005526
individual_rl_legacy_session_17_player2,Individual RL,closer_to_player2,5,0.9999990794777471
individual_rl_legacy_session_17_player2,Individual RL,equal_to_both,0,0.5
individual_rl_legacy_session_17_player2,Individual RL,equal_to_both,1,0.7502243859574566
individual_rl_legacy_session_17_player2,Individual RL,equal_to_both,2,0.9947791306050691
individual_rl_legacy_session_17_player2,Individual RL,equal_to_both,3,0.9999068492416775
individual_rl_legacy_session_17_player2,Individual RL,equal_to_both,4,0.9999974755524748
individual_rl_legacy_session_17_player2,Individual RL,equal_to_both,5,0.9999978127636331
individual_rl_legacy_session_18_player1,Individual RL,closer_to_player1,0,0.5
individual_rl_legacy_session_18_player1,Individual RL,closer_to_player1,1,0.5836374390517209
individual_rl_legacy_session_18_player1,Individual RL,closer_to_player1,2,0.47618586982882
individual_rl_legacy_session_18_player1,Individual RL,closer_to_player1,3,0.6451976118017567
individual_rl_legacy_session_18_player1,Individual RL,closer_to_player1,4,0.7843866387121827
individual_rl_legacy_session_18_player1,Individual RL,closer_to_player1,5,0.8798907852759387
individual_rl_legacy_session_18_player1,Individual RL,closer_to_player2,0,0.5
individual_rl_legacy_session_18_player1,Individual RL,closer_to_player2,1,0.7388947235732863
individual_rl_legacy_session_18_player1,Individual RL,closer_to_player2,2,0.7397402983438189
individual_rl_legacy_session_18_player1,Individual RL,closer_to_player2,3,0.7534424714327546
individual_rl_legacy_session_18_player1,Individual RL,closer_to_player2,4,0.7536110976004322
individual_rl_legacy_session_18_player1,Individual RL,closer_to_player2,5,0.7550487991791184
individual_rl_legacy_session_18_player1,Individual RL,equal_to_both,0,0.5
individual_rl_legacy_session_18_player1,Individual RL,equal_to_both,1,0.9912526089647984
individual_rl_legacy_session_18_player1,Individual RL,equal_to_both,2,0.9946542150705167
individual_rl_legacy_session_18_player1,Individual RL,equal_to_both,3,0.99477404399631
individual_rl_legacy_session_18_player1,Individual RL,equal_to_both,4,0.9999668285378746
individual_rl_legacy_session_18_player1,Individual RL,equal_to_both,5,0.999999140692593
individual_rl_legacy_session_18_player2,Individual RL,closer_to_player1,0,0.5
individual_rl_legacy_session_18_player2,Individual RL,closer_to_player1,1,0.5035047978085626
individual_rl_legacy_session_18_player2,Individual RL,closer_to_player1,2,0.5062692358841281
individual_rl_legacy_session_18_player2,Individual RL,closer_to_player1,3,0.5029340185157122
individual_rl_legacy_session_18_player2,Individual RL,closer_to_player1,4,0.4983909018006849
individual_rl_legacy_session_18_player2,Individual RL,closer_to_player1,5,0.5046641551647719
individual_rl_legacy_session_18_player2,Individual RL,closer_to_player2,0,0.5
individual_rl_legacy_session_18_player2,Individual RL,closer_to_player2,1,0.6858280508596609
individual_rl_legacy_session_18_player2,Individual RL,closer_to_player2,2,0.7738894372500444
individual_rl_legacy_session_18_player2,Individual RL,closer_to_player2,3,0.8539409366492013
individual_rl_legacy_session_18_player2,Individual RL,closer_to_player2,4,0.9145006151941267
individual_rl_legacy_session_18_player2,Individual RL,closer_to_player2,5,0.9535699506156758
individual_rl_legacy_session_18_player2,Individual RL,equal_to_both,0,0.5
individual_rl_legacy_session_18_player2,Individual RL,equal_to_both,1,0.7468819654371581
individual_rl_legacy_session_18_player2,Individual RL,equal_to_both,2,0.7469302840307931
individual_rl_legacy_session_18_player2,Individual RL,equal_to_both,3,0.7499808299051364
individual_rl_legacy_session_18_player2,Individual RL,equal_to_both,4,0.9991504880799655
individual_rl_legacy_session_18_player2,Individual RL,equal_to_both,5,0.9999969124259338
individual_rl_legacy_session_19_player1,Individual RL,closer_to_player2,0,0.5
individual_rl_legacy_session_19_player1,Individual RL,closer_to_player2,1,0.7433444699155168
individual_rl_legacy_session_19_player1,Individual RL,closer_to_player2,2,0.9866700716686498
individual_rl_legacy_session_19_player1,Individual RL,closer_to_player2,3,0.9916669178496134
individual_rl_legacy_session_19_player1,Individual RL,closer_to_player2,4,0.9866340816820667
individual_rl_legacy_session_19_player1,Individual RL,closer_to_player2,5,0.9999576563462556
individual_rl_legacy_session_19_player1,Individual RL,equal_to_both,0,0.5
individual_rl_legacy_session_19_player1,Individual RL,equal_to_both,1,0.6641097533076924
individual_rl_legacy_session_19_player1,Individual RL,equal_to_both,2,0.8312292519621506
individual_rl_legacy_session_19_player1,Individual RL,equal_to_both,3,0.9968311695251418
individual_rl_legacy_session_19_player1,Individual RL,equal_to_both,4,0.9979518241878785
individual_rl_legacy_session_19_player1,Individual RL,equal_to_both,5,0.9979179206188916
individual_rl_legacy_session_19_player2,Individual RL,closer_to_player2,0,0.5
individual_rl_legacy_session_19_player2,Individual RL,closer_to_player2,1,0.9979589157689212
individual_rl_legacy_session_19_player2,Individual RL,closer_to_player2,2,0.9981634329745348
individual_rl_legacy_session_19_player2,Individual RL,closer_to_player2,3,0.9999968897493494
individual_rl_legacy_session_19_player2,Individual RL,closer_to_player2,4,0.9999999903389222
individual_rl_legacy_session_19_player2,Individual RL,closer_to_player2,5,0.9999999999480449
individual_rl_legacy_session_19_player2,Individual RL,equal_to_both,0,0.5
individual_rl_legacy_session_19_player2,Individual RL,equal_to_both,1,0.8276709710812501
individual_rl_legacy_session_19_player2,Individual RL,equal_to_both,2,0.9924151746227667
individual_rl_legacy_session_19_player2,Individual RL,equal_to_both,3,0.9999281572795692
individual_rl_legacy_session_19_player2,Individual RL,equal_to_both,4,0.9999777410703565
individual_rl_legacy_session_19_player2,Individual RL,equal_to_both,5,0.9999990367148519
individual_rl_legacy_session_1_player1,Individual RL,closer_to_player1,0,0.5
individual_rl_legacy_session_1_player1,Individual RL,closer_to_player1,1,0.43673075765784186
individual_rl_legacy_session_1_player1,Individual RL,closer_to_player1,2,0.4693791515217449
individual_rl_legacy_session_1_player1,Individual RL,closer_to_player1,3,0.8533444841311053
individual_rl_legacy_session_1_player1,Individual RL,closer_to_player1,4,0.9143058365122726
individual_rl_legacy_session_1_player1,Individual RL,closer_to_player1,5,0.9534266378340959
individual_rl_legacy_session_1_player1,Individual RL,closer_to_player2,0,0.5
individual_rl_legacy_session_1_player1,Individual RL,closer_to_player2,1,0.743294644630817
individual_rl_legacy_session_1_player1,Individual RL,closer_to_player2,2,0.7529334521186779
individual_rl_legacy_session_1_player1,Individual RL,closer_to_player2,3,0.7565803182729927
individual_rl_legacy_session_1_player1,Individual RL,closer_to_player2,4,0.753591036138189
individual_rl_legacy_session_1_player1,Individual RL,closer_to_player2,5,0.7461122224258856
individual_rl_legacy_session_1_player1,Individual RL,equal_to_both,0,0.5
individual_rl_legacy_session_1_player1,Individual RL,equal_to_both,1,0.9937275048642991
individual_rl_legacy_session_1_player1,Individual RL,equal_to_both,2,0.9999317360072598
individual_rl_legacy_session_1_player1,Individual RL,equal_to_both,3,0.9999988085067559
individual_rl_legacy_session_1_player1,Individual RL,equal_to_both,4,0.9999988984400813
individual_rl_legacy_session_1_player1,Individual RL,equal_to_both,5,0.9999989404356758
individual_rl_legacy_session_1_player2,Individual RL,closer_to_player1,0,0.5
individual_rl_legacy_session_1_player2,Individual RL,closer_to_player1,1,0.503696387928527
individual_rl_legacy_session_1_player2,Individual RL,closer_to_player1,2,0.5060538534991952
individual_rl_legacy_session_1_player2,Individual RL,closer_to_player1,3,0.5074085885342964
individual_rl_legacy_session_1_player2,Individual RL,closer_to_player1,4,0.5064301616421854
individual_rl_legacy_session_1_player2,Individual RL,closer_to_player1,5,0.7509977669543746
individual_rl_legacy_session_1_player2,Individual RL,closer_to_player2,0,0.5
individual_rl_legacy_session_1_player2,Individual RL,closer_to_player2,1,0.5023762429156148
individual_rl_legacy_session_1_player2,Individual RL,closer_to_player2,2,0.5027682112574177
individual_rl_legacy_session_1_player2,Individual RL,closer_to_player2,3,0.7502949862181858
individual_rl_legacy_session_1_player2,Individual RL,closer_to_player2,4,0.7265110981527824
individual_rl_legacy_session_1_player2,Individual RL,closer_to_player2,5,0.8126581979579144
individual_rl_legacy_session_1_player2,Individual RL,equal_to_both,0,0.5
individual_rl_legacy_session_1_player2,Individual RL,equal_to_both,1,0.5000168827585691
individual_rl_legacy_session_1_player2,Individual RL,equal_to_both,2,0.5004243213978019
individual_rl_legacy_session_1_player2,Individual RL,equal_to_both,3,0.5082850244492068
individual_rl_legacy_session_1_player2,Individual RL,equal_to_both,4,0.9989660018587413
individual_rl_legacy_session_1_player2,Individual RL,equal_to_both,5,0.9999975847515749
individual_rl_legacy_session_20_player1,Individual RL,closer_to_player1,0,0.5
individual_rl_legacy_session_20_player1,Individual RL,closer_to_player1,1,0.9967048617908113
individual_rl_legacy_session_20_player1,Individual RL,closer_to_player1,2,0.9999798220460749
individual_rl_legacy_session_20_player1,Individual RL,closer_to_player1,3,0.9999800361714886
individual_rl_legacy_session_20_player1,Individual RL,closer_to_player1,4,0.9999763507858765
individual_rl_legacy_session_20_player1,Individual RL,closer_to_player1,5,0.999999958899814
individual_rl_legacy_session_20_player1,Individual RL,closer_to_player2,0,0.5
individual_rl_legacy_session_20_player1,Individual RL,closer_to_player2,1,0.8239785451794764
individual_rl_legacy_session_20_player1,Individual RL,closer_to_player2,2,0.8278448669169501
individual_rl_legacy_session_20_player1,Individual RL,closer_to_player2,3,0.7838522693964292
individual_rl_legacy_session_20_player1,Individual RL,closer_to_player2,4,0.9936549262035235
individual_rl_legacy_session_20_player1,Individual RL,closer_to_player2,5,0.9999169980308374
individual_rl_legacy_session_20_player1,Individual RL,equal_to_both,0,0.5
individual_rl_legacy_session_20_player1,Individual RL,equal_to_both,1,0.9916514593132333
individual_rl_legacy_session_20_player1,Individual RL,equal_to_both,2,0.9998760766897652
individual_rl_legacy_session_20_player1,Individual RL,equal_to_both,3,0.9999653855883475
individual_rl_legacy_session_20_player1,Individual RL,equal_to_both,4,0.9999658057349754
individual_rl_legacy_session_20_player1,Individual RL,equal_to_both,5,0.9999997436999074
individual_rl_legacy_session_20_player2,Individual RL,closer_to_player1,0,0.5
individual_rl_legacy_session_20_player2,Individual RL,closer_to_player1,1,0.9830771135887407
individual_rl_legacy_session_20_player2,Individual RL,closer_to_player1,2,0.9995469146283927
individual_rl_legacy_session_20_player2,Individual RL,closer_to_player1,3,0.9995794859624823
individual_rl_legacy_session_20_player2,Individual RL,closer_to_player1,4,0.9995964342741396
individual_rl_legacy_session_20_player2,Individual RL,closer_to_player1,5,0.9996058941654069
individual_rl_legacy_session_20_player2,Individual RL,closer_to_player2,0,0.5
individual_rl_legacy_session_20_player2,Individual RL,closer_to_player2,1,0.8333482445925853
individual_rl_legacy_session_20_player2,Individual RL,closer_to_player2,2,0.8353667454072351
individual_rl_legacy_session_20_player2,Individual RL,closer_to_player2,3,0.9997410838680246
individual_rl_legacy_session_20_player2,Individual RL,closer_to_player2,4,0.9997777850698834
individual_rl_legacy_session_20_player2,Individual RL,closer_to_player2,5,0.9999997343652944
individual_rl_legacy_session_20_player2,Individual RL,equal_to_both,0,0.5
individual_rl_legacy_session_20_player2,Individual RL,equal_to_both,1,0.5000097210330599
individual_rl_legacy_session_20_player2,Individual RL,equal_to_both,2,0.9952428692257325
individual_rl_legacy_session_20_player2,Individual RL,equal_to_both,3,0.9969348384109915
individual_rl_legacy_session_20_player2,Individual RL,equal_to_both,4,0.9969530340190417
individual_rl_legacy_session_20_player2,Individual RL,equal_to_both,5,0.9999794392657468
individual_rl_legacy_session_21_player1,Individual RL,closer_to_player1,0,0.5
individual_rl_legacy_session_21_player1,Individual RL,closer_to_player1,1,0.6666408637672732
individual_rl_legacy_session_21_player1,Individual RL,closer_to_player1,2,0.7999971978515983
individual_rl_legacy_session_21_player1,Individual RL,closer_to_player1,3,0.8889071534530505
individual_rl_legacy_session_21_player1,Individual RL,closer_to_player1,4,0.9412032406147605
individual_rl_legacy_session_21_player1,Individual RL,closer_to_player1,5,0.9699304026834554
individual_rl_legacy_session_21_player1,Individual RL,closer_to_player2,0,0.5
individual_rl_legacy_session_21_player1,Individual RL,closer_to_player2,1,0.7432930654420004
individual_rl_legacy_session_21_player1,Individual RL,closer_to_player2,2,0.7524849980146618
individual_rl_legacy_session_21_player1,Individual RL,closer_to_player2,3,0.7503572665113236
individual_rl_legacy_session_21_player1,Individual RL,closer_to_player2,4,0.6890376246696134
individual_rl_legacy_session_21_player1,Individual RL,closer_to_player2,5,0.77436463321607
individual_rl_legacy_session_21_player1,Individual RL,equal_to_both,0,0.5
individual_rl_legacy_session_21_player1,Individual RL,equal_to_both,1,0.9913154077669519
individual_rl_legacy_session_21_player1,Individual RL,equal_to_both,2,0.9916089139206122
individual_rl_legacy_session_21_player1,Individual RL,equal_to_both,3,0.9917044830464846
individual_rl_legacy_session_21_player1,Individual RL,equal_to_both,4,0.9917643200668878
individual_rl_legacy_session_21_player1,Individual RL,equal_to_both,5,0.9836244735091901
individual_rl_legacy_session_21_player2,Individual RL,closer_to_player1,0,0.5
individual_rl_legacy_session_21_player2,Individual RL,closer_to_player1,1,0.5034544985064826
individual_rl_legacy_session_21_player2,Individual RL,closer_to_player1,2,0.5057081971370334
individual_rl_legacy_session_21_player2,Individual RL,closer_to_player1,3,0.5075728835666591
individual_rl_legacy_session_21_player2,Individual RL,closer_to_player1,4,0.5024346800302407
individual_rl_legacy_session_21_player2,Individual RL,closer_to_player1,5,0.4966199357404892
individual_rl_legacy_session_21_player2,Individual RL,closer_to_player2,0,0.5
individual_rl_legacy_session_21_player2,Individual RL,closer_to_player2,1,0.7506621834557585
individual_rl_legacy_session_21_player2,Individual RL,closer_to_player2,2,0.751867987389863
individual_rl_legacy_session_21_player2,Individual RL,closer_to_player2,3,0.7544281624751141
individual_rl_legacy_session_21_player2,Individual RL,closer_to_player2,4,0.7336271422651752
individual_rl_legacy_session_21_player2,Individual RL,closer_to_player2,5,0.7883770980508404
individual_rl_legacy_session_21_player2,Individual RL,equal_to_both,0,0.5
individual_rl_legacy_session_21_player2,Individual RL,equal_to_both,1,0.7499804811985877
individual_rl_legacy_session_21_player2,Individual RL,equal_to_both,2,0.994725120110268
individual_rl_legacy_session_21_player2,Individual RL,equal_to_both,3,0.9947856089664608
individual_rl_legacy_session_21_player2,Individual RL,equal_to_both,4,0.9999442744802147
individual_rl_legacy_session_21_player2,Individual RL,equal_to_both,5,0.9998902861413483
individual_rl_legacy_session_22_player1,Individual RL,closer_to_player1,0,0.5
individual_rl_legacy_session_22_player1,Individual RL,closer_to_player1,1,0.7898650087047278
individual_rl_legacy_session_22_player1,Individual RL,closer_to_player1,2,0.8484055959305924
individual_rl_legacy_session_22_player1,Individual RL,closer_to_player1,3,0.902222475556136
individual_rl_legacy_session_22_player1,Individual RL,closer_to_player1,4,0.9428087783588314
individual_rl_legacy_session_22_player1,Individual RL,closer_to_player1,5,0.9689546165583902
individual_rl_legacy_session_22_player1,Individual RL,closer_to_player2,0,0.5
individual_rl_legacy_session_22_player1,Individual RL,closer_to_player2,1,0.5034534579484301
individual_rl_legacy_session_22_player1,Individual RL,closer_to_player2,2,0.5056754570020445
individual_rl_legacy_session_22_player1,Individual RL,closer_to_player2,3,0.5069110482277377
individual_rl_legacy_session_22_player1,Individual RL,closer_to_player2,4,0.9967923806708442
individual_rl_legacy_session_22_player1,Individual RL,closer_to_player2,5,0.9967880204936251
individual_rl_legacy_session_22_player1,Individual RL,equal_to_both,0,0.5
individual_rl_legacy_session_22_player1,Individual RL,equal_to_both,1,0.9853496761815284
individual_rl_legacy_session_22_player1,Individual RL,equal_to_both,2,0.9996477707431557
individual_rl_legacy_session_22_player1,Individual RL,equal_to_both,3,0.9998969936307944
individual_rl_legacy_session_22_player1,Individual RL,equal_to_both,4,0.9999032933608343
individual_rl_legacy_session_22_player1,Individual RL,equal_to_both,5,0.999998728986018
individual_rl_legacy_session_22_player2,Individual RL,closer_to_player1,0,0.5
individual_rl_legacy_session_22_player2,Individual RL,closer_to_player1,1,0.6632252018882077
individual_rl_legacy_session_22_player2,Individual RL,closer_to_player1,2,0.6674309049462327
individual_rl_legacy_session_22_player2,Individual RL,closer_to_player1,3,0.6239181295706723
individual_rl_legacy_session_22_player2,Individual RL,closer_to_player1,4,0.6796033229260559
individual_rl_legacy_session_22_player2,Individual RL,closer_to_player1,5,0.7586075447829747
individual_rl_legacy_session_22_player2,Individual RL,closer_to_player2,0,0.5
individual_rl_legacy_session_22_player2,Individual RL,closer_to_player2,1,0.4968945267027279
individual_rl_legacy_session_22_player2,Individual RL,closer_to_player2,2,0.9987237017569962
individual_rl_legacy_session_22_player2,Individual RL,closer_to_player2,3,0.9999966339406275
individual_rl_legacy_session_22_player2,Individual RL,closer_to_player2,4,0.9999999821724502
individual_rl_legacy_session_22_player2,Individual RL,closer_to_player2,5,0.9999999998116744
individual_rl_legacy_session_22_player2,Individual RL,equal_to_both,0,0.5
individual_rl_legacy_session_22_player2,Individual RL,equal_to_both,1,0.7408062132843523
individual_rl_legacy_session_22_player2,Individual RL,equal_to_both,2,0.7491423478732193
individual_rl_legacy_session_22_player2,Individual RL,equal_to_both,3,0.998091059089208
individual_rl_legacy_session_22_player2,Individual RL,equal_to_both,4,0.9999837891908343
individual_rl_legacy_session_22_player2,Individual RL,equal_to_both,5,0.9999894510465241
individual_rl_legacy_session_23_player1,Individual RL,closer_to_player1,0,0.5
individual_rl_legacy_session_23_player1,Individual RL,closer_to_player1,1,0.7472454286241695
individual_rl_legacy_session_23_player1,Individual RL,closer_to_player1,2,0.997500285474299
individual_rl_legacy_session_23_player1,Individual RL,closer_to_player1,3,0.9991202598189581
individual_rl_legacy_session_23_player1,Individual RL,closer_to_player1,4,0.9999992214021787
individual_rl_legacy_session_23_player1,Individual RL,closer_to_player1,5,0.9999999986127663
individual_rl_legacy_session_23_player1,Individual RL,equal_to_both,0,0.5
individual_rl_legacy_session_23_player1,Individual RL,equal_to_both,1,0.9884111886896124
individual_rl_legacy_session_23_player1,Individual RL,equal_to_both,2,0.9997396829425027
individual_rl_legacy_session_23_player1,Individual RL,equal_to_both,3,0.9997477732494393
individual_rl_legacy_session_23_player1,Individual RL,equal_to_both,4,0.9999939210584339
individual_rl_legacy_session_23_player1,Individual RL,equal_to_both,5,0.9999941452781793
individual_rl_legacy_session_23_player2,Individual RL,closer_to_player1,0,0.5
individual_rl_legacy_session_23_player2,Individual RL,closer_to_player1,1,0.7427598908687161
individual_rl_legacy_session_23_player2,Individual RL,closer_to_player1,2,0.986636086053552
individual_rl_legacy_session_23_player2,Individual RL,closer_to_player1,3,0.9997692093700417
individual_rl_legacy_session_23_player2,Individual RL,closer_to_player1,4,0.9997772030332859
individual_rl_legacy_session_23_player2,Individual RL,closer_to_player1,5,0.9998657756729448
individual_rl_legacy_session_23_player2,Individual RL,equal_to_both,0,0.5
individual_rl_legacy_session_23_player2,Individual RL,equal_to_both,1,0.9878144122049797
individual_rl_legacy_session_23_player2,Individual RL,equal_to_both,2,0.9914615778133575
individual_rl_legacy_session_23_player2,Individual RL,equal_to_both,3,0.9916616238046168
individual_rl_legacy_session_23_player2,Individual RL,equal_to_both,4,0.991727144973964
individual_rl_legacy_session_23_player2,Individual RL,equal_to_both,5,0.9999480984038557
individual_rl_legacy_session_24_player1,Individual RL,closer_to_player1,0,0.5
individual_rl_legacy_session_24_player1,Individual RL,closer_to_player1,1,0.49683276623469225
individual_rl_legacy_session_24_player1,Individual RL,closer_to_player1,2,0.3913482663100059
individual_rl_legacy_session_24_player1,Individual RL,closer_to_player1,3,0.5625963195974336
individual_rl_legacy_session_24_player1,Individual RL,closer_to_player1,4,0.7201395856935846
individual_rl_legacy_session_24_player1,Individual RL,closer_to_player1,5,0.8383216950377541
individual_rl_legacy_session_24_player1,Individual RL,closer_to_player2,0,0.5
individual_rl_legacy_session_24_player1,Individual RL,closer_to_player2,1,0.5034387885400003
individual_rl_legacy_session_24_player1,Individual RL,closer_to_player2,2,0.989704009789926
individual_rl_legacy_session_24_player1,Individual RL,closer_to_player2,3,0.9998230524409505
individual_rl_legacy_session_24_player1,Individual RL,closer_to_player2,4,0.9999953961486189
individual_rl_legacy_session_24_player1,Individual RL,closer_to_player2,5,0.9999998219892791
individual_rl_legacy_session_24_player1,Individual RL,equal_to_both,0,0.5
individual_rl_legacy_session_24_player1,Individual RL,equal_to_both,1,0.6280243742058875
individual_rl_legacy_session_24_player1,Individual RL,equal_to_both,2,0.9997463842713011
individual_rl_legacy_session_24_player1,Individual RL,equal_to_both,3,0.9999985279459316
individual_rl_legacy_session_24_player1,Individual RL,equal_to_both,4,0.9999999982564391
individual_rl_legacy_session_24_player1,Individual RL,equal_to_both,5,0.9999999999959119
individual_rl_legacy_session_24_player2,Individual RL,closer_to_player1,0,0.5
individual_rl_legacy_session_24_player2,Individual RL,closer_to_player1,1,0.5045062884878141
individual_rl_legacy_session_24_player2,Individual RL,closer_to_player1,2,0.5120929989611493
individual_rl_legacy_session_24_player2,Individual RL,closer_to_player1,3,0.5187365469940822
individual_rl_legacy_session_24_player2,Individual RL,closer_to_player1,4,0.5308236763645015
individual_rl_legacy_session_24_player2,Individual RL,closer_to_player1,5,0.5391897245899329
individual_rl_legacy_session_24_player2,Individual RL,closer_to_player2,0,0.5
individual_rl_legacy_session_24_player2,Individual RL,closer_to_player2,1,0.997595615897322
individual_rl_legacy_session_24_player2,Individual RL,closer_to_player2,2,0.9999889988215481
individual_rl_legacy_session_24_player2,Individual RL,closer_to_player2,3,0.9999849749825841
individual_rl_legacy_session_24_player2,Individual RL,closer_to_player2,4,0.9999999536796405
individual_rl_legacy_session_24_player2,Individual RL,closer_to_player2,5,0.9999999997551494
individual_rl_legacy_session_24_player2,Individual RL,equal_to_both,0,0.5
individual_rl_legacy_session_24_player2,Individual RL,equal_to_both,1,0.998931198206293
individual_rl_legacy_session_24_player2,Individual RL,equal_to_both,2,0.999386079651362
individual_rl_legacy_session_24_player2,Individual RL,equal_to_both,3,0.9999964354416504
individual_rl_legacy_session_24_player2,Individual RL,equal_to_both,4,0.9999999957780079
individual_rl_legacy_session_24_player2,Individual RL,equal_to_both,5,0.9999999999901005
individual_rl_legacy_session_25_player1,Individual RL,closer_to_player1,0,0.5
individual_rl_legacy_session_25_player1,Individual RL,closer_to_player1,1,0.5399942026351469
individual_rl_legacy_session_25_player1,Individual RL,closer_to_player1,2,0.4335489226772282
individual_rl_legacy_session_25_player1,Individual RL,closer_to_player1,3,0.6036337863547652
individual_rl_legacy_session_25_player1,Individual RL,closer_to_player1,4,0.7520228174727044
individual_rl_legacy_session_25_player1,Individual RL,closer_to_player1,5,0.858923796755567
individual_rl_legacy_session_25_player1,Individual RL,closer_to_player2,0,0.5
individual_rl_legacy_session_25_player1,Individual RL,closer_to_player2,1,0.5028153297714846
individual_rl_legacy_session_25_player1,Individual RL,closer_to_player2,2,0.7513686751261466
individual_rl_legacy_session_25_player1,Individual RL,closer_to_player2,3,0.7491090928699798
individual_rl_legacy_session_25_player1,Individual RL,closer_to_player2,4,0.7905899607834644
individual_rl_legacy_session_25_player1,Individual RL,closer_to_player2,5,0.7425790826115771
individual_rl_legacy_session_25_player1,Individual RL,equal_to_both,0,0.5
individual_rl_legacy_session_25_player1,Individual RL,equal_to_both,1,0.7462922041869551
individual_rl_legacy_session_25_player1,Individual RL,equal_to_both,2,0.7492908388057844
individual_rl_legacy_session_25_player1,Individual RL,equal_to_both,3,0.996907410397124
individual_rl_legacy_session_25_player1,Individual RL,equal_to_both,4,0.9969295271310722
individual_rl_legacy_session_25_player1,Individual RL,equal_to_both,5,0.9969409063144098
individual_rl_legacy_session_25_player2,Individual RL,closer_to_player1,0,0.5
individual_rl_legacy_session_25_player2,Individual RL,closer_to_player1,1,0.5034814251147168
individual_rl_legacy_session_25_player2,Individual RL,closer_to_player1,2,0.5056057373918807
individual_rl_legacy_session_25_player2,Individual RL,closer_to_player1,3,0.5102017192753915
individual_rl_legacy_session_25_player2,Individual RL,closer_to_player1,4,0.5099604033011333
individual_rl_legacy_session_25_player2,Individual RL,closer_to_player1,5,0.5062039260902337
individual_rl_legacy_session_25_player2,Individual RL,closer_to_player2,0,0.5
individual_rl_legacy_session_25_player2,Individual RL,closer_to_player2,1,0.48032425623638253
individual_rl_legacy_session_25_player2,Individual RL,closer_to_player2,2,0.7377113601197555
individual_rl_legacy_session_25_player2,Individual RL,closer_to_player2,3,0.8228957300658133
individual_rl_legacy_session_25_player2,Individual RL,closer_to_player2,4,0.8924159051303193
individual_rl_legacy_session_25_player2,Individual RL,closer_to_player2,5,0.9401191509123925
individual_rl_legacy_session_25_player2,Individual RL,equal_to_both,0,0.5
individual_rl_legacy_session_25_player2,Individual RL,equal_to_both,1,0.4946326574600084
individual_rl_legacy_session_25_player2,Individual RL,equal_to_both,2,0.9927576642311808
individual_rl_legacy_session_25_player2,Individual RL,equal_to_both,3,0.9928449825950625
individual_rl_legacy_session_25_player2,Individual RL,equal_to_both,4,0.99289281220867
individual_rl_legacy_session_25_player2,Individual RL,equal_to_both,5,0.994562412814771
individual_rl_legacy_session_26_player1,Individual RL,closer_to_player1,0,0.5
individual_rl_legacy_session_26_player1,Individual RL,closer_to_player1,1,0.7902096536025809
individual_rl_legacy_session_26_player1,Individual RL,closer_to_player1,2,0.7355474636259604
individual_rl_legacy_session_26_player1,Individual RL,closer_to_player1,3,0.8217469993985003
individual_rl_legacy_session_26_player1,Individual RL,closer_to_player1,4,0.8915604180372516
individual_rl_legacy_session_26_player1,Individual RL,closer_to_player1,5,0.9395808415728684
individual_rl_legacy_session_26_player1,Individual RL,closer_to_player2,0,0.5
individual_rl_legacy_session_26_player1,Individual RL,closer_to_player2,1,0.8061440737914195
individual_rl_legacy_session_26_player1,Individual RL,closer_to_player2,2,0.8054497270501145
individual_rl_legacy_session_26_player1,Individual RL,closer_to_player2,3,0.7963336122507979
individual_rl_legacy_session_26_player1,Individual RL,closer_to_player2,4,0.7834818820544998
individual_rl_legacy_session_26_player1,Individual RL,closer_to_player2,5,0.8360245577069277
individual_rl_legacy_session_26_player1,Individual RL,equal_to_both,0,0.5
individual_rl_legacy_session_26_player1,Individual RL,equal_to_both,1,0.9948008934782305
individual_rl_legacy_session_26_player1,Individual RL,equal_to_both,2,0.999366191379827
individual_rl_legacy_session_26_player1,Individual RL,equal_to_both,3,0.9999329689498649
individual_rl_legacy_session_26_player1,Individual RL,equal_to_both,4,0.9999407283429842
individual_rl_legacy_session_26_player1,Individual RL,equal_to_both,5,0.9999993428359611
individual_rl_legacy_session_26_player2,Individual RL,closer_to_player1,0,0.5
individual_rl_legacy_session_26_player2,Individual RL,closer_to_player1,1,0.5036312767548372
individual_rl_legacy_session_26_player2,Individual RL,closer_to_player1,2,0.7477643551496149
individual_rl_legacy_session_26_player2,Individual RL,closer_to_player1,3,0.7514584364204087
individual_rl_legacy_session_26_player2,Individual RL,closer_to_player1,4,0.7549154230159273
individual_rl_legacy_session_26_player2,Individual RL,closer_to_player1,5,0.7019536787128353
individual_rl_legacy_session_26_player2,Individual RL,closer_to_player2,0,0.5
individual_rl_legacy_session_26_player2,Individual RL,closer_to_player2,1,0.6633357138796145
individual_rl_legacy_session_26_player2,Individual RL,closer_to_player2,2,0.8568033786294155
individual_rl_legacy_session_26_player2,Individual RL,closer_to_player2,3,0.8305070709731139
individual_rl_legacy_session_26_player2,Individual RL,closer_to_player2,4,0.886382666850873
individual_rl_legacy_session_26_player2,Individual RL,closer_to_player2,5,0.9319341306568202
individual_rl_legacy_session_26_player2,Individual RL,equal_to_both,0,0.5
individual_rl_legacy_session_26_player2,Individual RL,equal_to_both,1,0.8315178320250687
individual_rl_legacy_session_26_player2,Individual RL,equal_to_both,2,0.8315127701503937
individual_rl_legacy_session_26_player2,Individual RL,equal_to_both,3,0.9971940443055501
individual_rl_legacy_session_26_player2,Individual RL,equal_to_both,4,0.9980218330301857
individual_rl_legacy_session_26_player2,Individual RL,equal_to_both,5,0.9988868555187532
individual_rl_legacy_session_27_player1,Individual RL,closer_to_player1,0,0.5
individual_rl_legacy_session_27_player1,Individual RL,closer_to_player1,1,0.9966970737027437
individual_rl_legacy_session_27_player1,Individual RL,closer_to_player1,2,0.996685192886584
individual_rl_legacy_session_27_player1,Individual RL,closer_to_player1,3,0.9999912396966275
individual_rl_legacy_session_27_player1,Individual RL,closer_to_player1,4,0.999989597712353
individual_rl_legacy_session_27_player1,Individual RL,closer_to_player1,5,0.9999999825273329
individual_rl_legacy_session_27_player1,Individual RL,closer_to_player2,0,0.5
individual_rl_legacy_session_27_player1,Individual RL,closer_to_player2,1,0.6594850333754669
individual_rl_legacy_session_27_player1,Individual RL,closer_to_player2,2,0.827516092309598
individual_rl_legacy_session_27_player1,Individual RL,closer_to_player2,3,0.8282155144353642
individual_rl_legacy_session_27_player1,Individual RL,closer_to_player2,4,0.8319588614278287
individual_rl_legacy_session_27_player1,Individual RL,closer_to_player2,5,0.834291540580495
individual_rl_legacy_session_27_player1,Individual RL,equal_to_both,0,0.5
individual_rl_legacy_session_27_player1,Individual RL,equal_to_both,1,0.9813486332362822
individual_rl_legacy_session_27_player1,Individual RL,equal_to_both,2,0.9994605799973357
individual_rl_legacy_session_27_player1,Individual RL,equal_to_both,3,0.9999778928975922
individual_rl_legacy_session_27_player1,Individual RL,equal_to_both,4,0.9999831248769584
individual_rl_legacy_session_27_player1,Individual RL,equal_to_both,5,0.9999993315666327
individual_rl_legacy_session_27_player2,Individual RL,closer_to_player1,0,0.5
individual_rl_legacy_session_27_player2,Individual RL,closer_to_player1,1,0.9831480305064731
individual_rl_legacy_session_27_player2,Individual RL,closer_to_player1,2,0.9835636343457012
individual_rl_legacy_session_27_player2,Individual RL,closer_to_player1,3,0.9997147673315101
individual_rl_legacy_session_27_player2,Individual RL,closer_to_player1,4,0.9997262778055765
individual_rl_legacy_session_27_player2,Individual RL,closer_to_player1,5,0.9999951649033071
individual_rl_legacy_session_27_player2,Individual RL,closer_to_player2,0,0.5
individual_rl_legacy_session_27_player2,Individual RL,closer_to_player2,1,0.859190381968288
individual_rl_legacy_session_27_player2,Individual RL,closer_to_player2,2,0.8836406684111847
individual_rl_legacy_session_27_player2,Individual RL,closer_to_player2,3,0.8593699472800002
individual_rl_legacy_session_27_player2,Individual RL,closer_to_player2,4,0.9109090384862993
individual_rl_legacy_session_27_player2,Individual RL,closer_to_player2,5,0.9489083505714898
individual_rl_legacy_session_27_player2,Individual RL,equal_to_both,0,0.5
individual_rl_legacy_session_27_player2,Individual RL,equal_to_both,1,0.9813699699426862
individual_rl_legacy_session_27_player2,Individual RL,equal_to_both,2,0.982827779035265
individual_rl_legacy_session_27_player2,Individual RL,equal_to_both,3,0.9996966880845007
individual_rl_legacy_session_27_player2,Individual RL,equal_to_both,4,0.9999919602156835
individual_rl_legacy_session_27_player2,Individual RL,equal_to_both,5,0.999999682068827
individual_rl_legacy_session_28_player1,Individual RL,closer_to_player1,0,0.5
individual_rl_legacy_session_28_player1,Individual RL,closer_to_player1,1,0.5047328209581698
individual_rl_legacy_session_28_player1,Individual RL,closer_to_player1,2,0.5030031432961845
individual_rl_legacy_session_28_player1,Individual RL,closer_to_player1,3,0.42183505550274575
individual_rl_legacy_session_28_player1,Individual RL,closer_to_player1,4,0.5934328024776041
individual_rl_legacy_session_28_player1,Individual RL,closer_to_player1,5,0.7461448368646035
individual_rl_legacy_session_28_player1,Individual RL,closer_to_player2,0,0.5
individual_rl_legacy_session_28_player1,Individual RL,closer_to_player2,1,0.5034829801011805
individual_rl_legacy_session_28_player1,Individual RL,closer_to_player2,2,0.5051874762040327
individual_rl_legacy_session_28_player1,Individual RL,closer_to_player2,3,0.5060646121138376
individual_rl_legacy_session_28_player1,Individual RL,closer_to_player2,4,0.5072123405258252
individual_rl_legacy_session_28_player1,Individual RL,closer_to_player2,5,0.5019601747061991
individual_rl_legacy_session_28_player1,Individual RL,equal_to_both,0,0.5
individual_rl_legacy_session_28_player1,Individual RL,equal_to_both,1,0.7453634216880984
individual_rl_legacy_session_28_player1,Individual RL,equal_to_both,2,0.9895352383369729
individual_rl_legacy_session_28_player1,Individual RL,equal_to_both,3,0.9998533622325168
individual_rl_legacy_session_28_player1,Individual RL,equal_to_both,4,0.9999427594655634
individual_rl_legacy_session_28_player1,Individual RL,equal_to_both,5,0.9999455582449386
individual_rl_legacy_session_28_player2,Individual RL,closer_to_player1,0,0.5
individual_rl_legacy_session_28_player2,Individual RL,closer_to_player1,1,0.5044483642994605
individual_rl_legacy_session_28_player2,Individual RL,closer_to_player1,2,0.5026973394283665
individual_rl_legacy_session_28_player2,Individual RL,closer_to_player1,3,0.49936185368392716
individual_rl_legacy_session_28_player2,Individual RL,closer_to_player1,4,0.4948188828444369
individual_rl_legacy_session_28_player2,Individual RL,closer_to_player1,5,0.501092089867181
individual_rl_legacy_session_28_player2,Individual RL,closer_to_player2,0,0.5
individual_rl_legacy_session_28_player2,Individual RL,closer_to_player2,1,0.4861017957342507
individual_rl_legacy_session_28_player2,Individual RL,closer_to_player2,2,0.4896105385831799
individual_rl_legacy_session_28_player2,Individual RL,closer_to_player2,3,0.4839718500011892
individual_rl_legacy_session_28_player2,Individual RL,closer_to_player2,4,0.5263612662115368
individual_rl_legacy_session_28_player2,Individual RL,closer_to_player2,5,0.4538311858980675
individual_rl_legacy_session_28_player2,Individual RL,equal_to_both,0,0.5
individual_rl_legacy_session_28_player2,Individual RL,equal_to_both,1,0.7545886597181659
individual_rl_legacy_session_28_player2,Individual RL,equal_to_both,2,0.9883918806079628
individual_rl_legacy_session_28_player2,Individual RL,equal_to_both,3,0.9913082868054717
individual_rl_legacy_session_28_player2,Individual RL,equal_to_both,4,0.9999061536901062
individual_rl_legacy_session_28_player2,Individual RL,equal_to_both,5,0.9999980391204055
individual_rl_legacy_session_29_player1,Individual RL,closer_to_player1,0,0.5
individual_rl_legacy_session_29_player1,Individual RL,closer_to_player1,1,0.9967033427300342
individual_rl_legacy_session_29_player1,Individual RL,closer_to_player1,2,0.9999797942750795
individual_rl_legacy_session_29_player1,Individual RL,closer_to_player1,3,0.9999800165110408
individual_rl_legacy_session_29_player1,Individual RL,closer_to_player1,4,0.9999762708948681
individual_rl_legacy_session_29_player1,Individual RL,closer_to_player1,5,0.9999999601271851
individual_rl_legacy_session_29_player1,Individual RL,closer_to_player2,0,0.5
individual_rl_legacy_session_29_player1,Individual RL,closer_to_player2,1,0.5024307092413233
individual_rl_legacy_session_29_player1,Individual RL,closer_to_player2,2,0.5035998128974984
individual_rl_legacy_session_29_player1,Individual RL,closer_to_player2,3,0.49830221013355375
individual_rl_legacy_session_29_player1,Individual RL,closer_to_player2,4,0.3753929148648968
individual_rl_legacy_session_29_player1,Individual RL,closer_to_player2,5,0.9985838861124933
individual_rl_legacy_session_29_player1,Individual RL,equal_to_both,0,0.5
individual_rl_legacy_session_29_player1,Individual RL,equal_to_both,1,0.9990680118692236
individual_rl_legacy_session_29_player1,Individual RL,equal_to_both,2,0.9993304303071131
individual_rl_legacy_session_29_player1,Individual RL,equal_to_both,3,0.9999992755904101
individual_rl_legacy_session_29_player1,Individual RL,equal_to_both,4,0.9999999957674347
individual_rl_legacy_session_29_player1,Individual RL,equal_to_both,5,0.9999999999831994
individual_rl_legacy_session_29_player2,Individual RL,closer_to_player1,0,0.5
individual_rl_legacy_session_29_player2,Individual RL,closer_to_player1,1,0.5034053482930911
individual_rl_legacy_session_29_player2,Individual RL,closer_to_player1,2,0.5055976370550641
individual_rl_legacy_session_29_player2,Individual RL,closer_to_player1,3,0.5068166476529183
individual_rl_legacy_session_29_player2,Individual RL,closer_to_player1,4,0.9967911589716195
individual_rl_legacy_session_29_player2,Individual RL,closer_to_player1,5,0.9999803422001197
individual_rl_legacy_session_29_player2,Individual RL,closer_to_player2,0,0.5
individual_rl_legacy_session_29_player2,Individual RL,closer_to_player2,1,0.28817648811826785
individual_rl_legacy_session_29_player2,Individual RL,closer_to_player2,2,0.9978664835111798
individual_rl_legacy_session_29_player2,Individual RL,closer_to_player2,3,0.9999963416981602
individual_rl_legacy_session_29_player2,Individual RL,closer_to_player2,4,0.9999999885147519
individual_rl_legacy_session_29_player2,Individual RL,closer_to_player2,5,0.99999999993816
individual_rl_legacy_session_29_player2,Individual RL,equal_to_both,0,0.5
individual_rl_legacy_session_29_player2,Individual RL,equal_to_both,1,0.682841148860166
individual_rl_legacy_session_29_player2,Individual RL,equal_to_both,2,0.9994908417199029
individual_rl_legacy_session_29_player2,Individual RL,equal_to_both,3,0.999999671535559
individual_rl_legacy_session_29_player2,Individual RL,equal_to_both,4,0.9999999995027278
individual_rl_legacy_session_29_player2,Individual RL,equal_to_both,5,0.9999999999984153
individual_rl_legacy_session_2_player1,Individual RL,closer_to_player1,0,0.5
individual_rl_legacy_session_2_player1,Individual RL,closer_to_player1,1,0.747188864695099
individual_rl_legacy_session_2_player1,Individual RL,closer_to_player1,2,0.7842332269265662
individual_rl_legacy_session_2_player1,Individual RL,closer_to_player1,3,0.8156750038616609
individual_rl_legacy_session_2_player1,Individual RL,closer_to_player1,4,0.83493810309431
individual_rl_legacy_session_2_player1,Individual RL,closer_to_player1,5,0.8764786383719838
individual_rl_legacy_session_2_player1,Individual RL,closer_to_player2,0,0.5
individual_rl_legacy_session_2_player1,Individual RL,closer_to_player2,1,0.502696317293662
individual_rl_legacy_session_2_player1,Individual RL,closer_to_player2,2,0.7513143227072911
individual_rl_legacy_session_2_player1,Individual RL,closer_to_player2,3,0.7600197337687735
individual_rl_legacy_session_2_player1,Individual RL,closer_to_player2,4,0.7584638177107849
individual_rl_legacy_session_2_player1,Individual RL,closer_to_player2,5,0.7054139399376087
individual_rl_legacy_session_2_player1,Individual RL,equal_to_both,0,0.5
individual_rl_legacy_session_2_player1,Individual RL,equal_to_both,1,0.7419984210696886
individual_rl_legacy_session_2_player1,Individual RL,equal_to_both,2,0.9945153137135996
individual_rl_legacy_session_2_player1,Individual RL,equal_to_both,3,0.9948017061152096
individual_rl_legacy_session_2_player1,Individual RL,equal_to_both,4,0.9948406421729872
individual_rl_legacy_session_2_player1,Individual RL,equal_to_both,5,0.9948762519132419
individual_rl_legacy_session_2_player2,Individual RL,closer_to_player1,0,0.5
individual_rl_legacy_session_2_player2,Individual RL,closer_to_player1,1,0.7431134235879426
individual_rl_legacy_session_2_player2,Individual RL,closer_to_player1,2,0.7523722250264193
individual_rl_legacy_session_2_player2,Individual RL,closer_to_player1,3,0.7531946943609422
individual_rl_legacy_session_2_player2,Individual RL,closer_to_player1,4,0.7515939162954637
individual_rl_legacy_session_2_player2,Individual RL,closer_to_player1,5,0.6982253297524177
individual_rl_legacy_session_2_player2,Individual RL,closer_to_player2,0,0.5
individual_rl_legacy_session_2_player2,Individual RL,closer_to_player2,1,0.477272493400982
individual_rl_legacy_session_2_player2,Individual RL,closer_to_player2,2,0.7376933037331357
individual_rl_legacy_session_2_player2,Individual RL,closer_to_player2,3,0.8228957125061189
individual_rl_legacy_session_2_player2,Individual RL,closer_to_player2,4,0.8924159131819722
individual_rl_legacy_session_2_player2,Individual RL,closer_to_player2,5,0.9401191560434534
individual_rl_legacy_session_2_player2,Individual RL,equal_to_both,0,0.5
individual_rl_legacy_session_2_player2,Individual RL,equal_to_both,1,0.9815578044844396
individual_rl_legacy_session_2_player2,Individual RL,equal_to_both,2,0.9914418451516265
individual_rl_legacy_session_2_player2,Individual RL,equal_to_both,3,0.9998429151662618
individual_rl_legacy_session_2_player2,Individual RL,equal_to_both,4,0.9998587886535055
individual_rl_legacy_session_2_player2,Individual RL,equal_to_both,5,0.9999975557975146
individual_rl_legacy_session_3_player1,Individual RL,closer_to_player2,0,0.5
individual_rl_legacy_session_3_player1,Individual RL,closer_to_player2,1,0.5045056491710727
individual_rl_legacy_session_3_player1,Individual RL,closer_to_player2,2,0.5077605776938129
individual_rl_legacy_session_3_player1,Individual RL,closer_to_player2,3,0.5036960704624749
individual_rl_legacy_session_3_player1,Individual RL,closer_to_player2,4,0.5107585693557349
individual_rl_legacy_session_3_player1,Individual RL,closer_to_player2,5,0.5476217107486867
individual_rl_legacy_session_3_player1,Individual RL,equal_to_both,0,0.5
individual_rl_legacy_session_3_player1,Individual RL,equal_to_both,1,0.9938486648523678
individual_rl_legacy_session_3_player1,Individual RL,equal_to_both,2,0.9938929886439222
individual_rl_legacy_session_3_player1,Individual RL,equal_to_both,3,0.9999621390732447
individual_rl_legacy_session_3_player1,Individual RL,equal_to_both,4,0.9999625270855478
individual_rl_legacy_session_3_player1,Individual RL,equal_to_both,5,0.9999997689211553
individual_rl_legacy_session_3_player2,Individual RL,closer_to_player2,0,0.5
individual_rl_legacy_session_3_player2,Individual RL,closer_to_player2,1,0.5832697833302684
individual_rl_legacy_session_3_player2,Individual RL,closer_to_player2,2,0.4768283159560277
individual_rl_legacy_session_3_player2,Individual RL,closer_to_player2,3,0.6457938270441128
individual_rl_legacy_session_3_player2,Individual RL,closer_to_player2,4,0.7848318167092795
individual_rl_legacy_session_3_player2,Individual RL,closer_to_player2,5,0.8802383012817534
individual_rl_legacy_session_3_player2,Individual RL,equal_to_both,0,0.5
individual_rl_legacy_session_3_player2,Individual RL,equal_to_both,1,0.9937677967512144
individual_rl_legacy_session_3_player2,Individual RL,equal_to_both,2,0.9938658207659323
individual_rl_legacy_session_3_player2,Individual RL,equal_to_both,3,0.9938965445985289
individual_rl_legacy_session_3_player2,Individual RL,equal_to_both,4,0.9999793532225026
individual_rl_legacy_session_3_player2,Individual RL,equal_to_both,5,0.9999998727722288
individual_rl_legacy_session_4_player1,Individual RL,closer_to_player1,0,0.5
individual_rl_legacy_session_4_player1,Individual RL,closer_to_player1,1,0.48050838043205074
individual_rl_legacy_session_4_player1,Individual RL,closer_to_player1,2,0.6015063868150132
individual_rl_legacy_session_4_player1,Individual RL,closer_to_player1,3,0.6429453443400108
individual_rl_legacy_session_4_player1,Individual RL,closer_to_player1,4,0.7808074723870837
individual_rl_legacy_session_4_player1,Individual RL,closer_to_player1,5,0.8768482240155554
individual_rl_legacy_session_4_player1,Individual RL,closer_to_player2,0,0.5
individual_rl_legacy_session_4_player1,Individual RL,closer_to_player2,1,0.7438297000377473
individual_rl_legacy_session_4_player1,Individual RL,closer_to_player2,2,0.7428717671691492
individual_rl_legacy_session_4_player1,Individual RL,closer_to_player2,3,0.7465739366767623
individual_rl_legacy_session_4_player1,Individual RL,closer_to_player2,4,0.7514427545640991
individual_rl_legacy_session_4_player1,Individual RL,closer_to_player2,5,0.7439617731585784
individual_rl_legacy_session_4_player1,Individual RL,equal_to_both,0,0.5
individual_rl_legacy_session_4_player1,Individual RL,equal_to_both,1,0.8281481183458697
individual_rl_legacy_session_4_player1,Individual RL,equal_to_both,2,0.8337000577276602
individual_rl_legacy_session_4_player1,Individual RL,equal_to_both,3,0.833709963411423
individual_rl_legacy_session_4_player1,Individual RL,equal_to_both,4,0.8338680612165055
individual_rl_legacy_session_4_player1,Individual RL,equal_to_both,5,0.836546646767399
individual_rl_legacy_session_4_player2,Individual RL,closer_to_player1,0,0.5
individual_rl_legacy_session_4_player2,Individual RL,closer_to_player1,1,0.5034831023384727
individual_rl_legacy_session_4_player2,Individual RL,closer_to_player1,2,0.5055643281327875
individual_rl_legacy_session_4_player2,Individual RL,closer_to_player1,3,0.5099072469273316
individual_rl_legacy_session_4_player2,Individual RL,closer_to_player1,4,0.5123731825016544
individual_rl_legacy_session_4_player2,Individual RL,closer_to_player1,5,0.5127248360077339
individual_rl_legacy_session_4_player2,Individual RL,closer_to_player2,0,0.5
individual_rl_legacy_session_4_player2,Individual RL,closer_to_player2,1,0.4340280710623036
individual_rl_legacy_session_4_player2,Individual RL,closer_to_player2,2,0.7851333782698788
individual_rl_legacy_session_4_player2,Individual RL,closer_to_player2,3,0.7457711264220606
individual_rl_legacy_session_4_player2,Individual RL,closer_to_player2,4,0.8295879319063553
individual_rl_legacy_session_4_player2,Individual RL,closer_to_player2,5,0.8979012194164288
individual_rl_legacy_session_4_player2,Individual RL,equal_to_both,0,0.5
individual_rl_legacy_session_4_player2,Individual RL,equal_to_both,1,0.8237053446214432
individual_rl_legacy_session_4_player2,Individual RL,equal_to_both,2,0.9907660453801316
individual_rl_legacy_session_4_player2,Individual RL,equal_to_both,3,0.9998852368809003
individual_rl_legacy_session_4_player2,Individual RL,equal_to_both,4,0.999936537263928
individual_rl_legacy_session_4_player2,Individual RL,equal_to_both,5,0.9999988171619701
individual_rl_legacy_session_5_player1,Individual RL,closer_to_player1,0,0.5
individual_rl_legacy_session_5_player1,Individual RL,closer_to_player1,1,0.9966454164957811
individual_rl_legacy_session_5_player1,Individual RL,closer_to_player1,2,0.9999791437504608
individual_rl_legacy_session_5_player1,Individual RL,closer_to_player1,3,0.9999998276335021
individual_rl_legacy_session_5_player1,Individual RL,closer_to_player1,4,0.9999999974790302
individual_rl_legacy_session_5_player1,Individual RL,closer_to_player1,5,0.9999999999344751
individual_rl_legacy_session_5_player1,Individual RL,closer_to_player2,0,0.5
individual_rl_legacy_session_5_player1,Individual RL,closer_to_player2,1,0.5034056361594393
individual_rl_legacy_session_5_player1,Individual RL,closer_to_player2,2,0.5055977825991422
individual_rl_legacy_session_5_player1,Individual RL,closer_to_player2,3,0.5068164772685249
individual_rl_legacy_session_5_player1,Individual RL,closer_to_player2,4,0.5114792907612176
individual_rl_legacy_session_5_player1,Individual RL,closer_to_player2,5,0.5139507156791577
individual_rl_legacy_session_5_player1,Individual RL,equal_to_both,0,0.5
individual_rl_legacy_session_5_player1,Individual RL,equal_to_both,1,0.9897514489184429
individual_rl_legacy_session_5_player1,Individual RL,equal_to_both,2,0.9915866261541415
individual_rl_legacy_session_5_player1,Individual RL,equal_to_both,3,0.9916788711261577
individual_rl_legacy_session_5_player1,Individual RL,equal_to_both,4,0.9917380236683941
individual_rl_legacy_session_5_player1,Individual RL,equal_to_both,5,0.9917682507666052
individual_rl_legacy_session_5_player2,Individual RL,closer_to_player1,0,0.5
individual_rl_legacy_session_5_player2,Individual RL,closer_to_player1,1,0.9831802844028213
individual_rl_legacy_session_5_player2,Individual RL,closer_to_player1,2,0.9995552293339918
individual_rl_legacy_session_5_player2,Individual RL,closer_to_player1,3,0.9995715141604283
individual_rl_legacy_session_5_player2,Individual RL,closer_to_player1,4,0.999575990310703
individual_rl_legacy_session_5_player2,Individual RL,closer_to_player1,5,0.9993589794017997
individual_rl_legacy_session_5_player2,Individual RL,closer_to_player2,0,0.5
individual_rl_legacy_session_5_player2,Individual RL,closer_to_player2,1,0.5015793832253759
individual_rl_legacy_session_5_player2,Individual RL,closer_to_player2,2,0.5080994125180981
individual_rl_legacy_session_5_player2,Individual RL,closer_to_player2,3,0.5574982731756626
individual_rl_legacy_session_5_player2,Individual RL,closer_to_player2,4,0.5581308824051944
individual_rl_legacy_session_5_player2,Individual RL,closer_to_player2,5,0.5583507031256473
individual_rl_legacy_session_5_player2,Individual RL,equal_to_both,0,0.5
individual_rl_legacy_session_5_player2,Individual RL,equal_to_both,1,0.9892858280451344
individual_rl_legacy_session_5_player2,Individual RL,equal_to_both,2,0.9895489467673513
individual_rl_legacy_session_5_player2,Individual RL,equal_to_both,3,0.9897001758131987
individual_rl_legacy_session_5_player2,Individual RL,equal_to_both,4,0.9898680306214177
individual_rl_legacy_session_5_player2,Individual RL,equal_to_both,5,0.9914308833025653
individual_rl_legacy_session_6_player1,Individual RL,closer_to_player1,0,0.5
individual_rl_legacy_session_6_player1,Individual RL,closer_to_player1,1,0.6877453374522151
individual_rl_legacy_session_6_player1,Individual RL,closer_to_player1,2,0.9992939318400684
individual_rl_legacy_session_6_player1,Individual RL,closer_to_player1,3,0.9999988011055394
individual_rl_legacy_session_6_player1,Individual RL,closer_to_player1,4,0.9999999962300088
individual_rl_legacy_session_6_player1,Individual RL,closer_to_player1,5,0.9999999999791771
individual_rl_legacy_session_6_player1,Individual RL,equal_to_both,0,0.5
individual_rl_legacy_session_6_player1,Individual RL,equal_to_both,1,0.500026598305112
individual_rl_legacy_session_6_player1,Individual RL,equal_to_both,2,0.9894502455231221
individual_rl_legacy_session_6_player1,Individual RL,equal_to_both,3,0.9895712108541895
individual_rl_legacy_session_6_player1,Individual RL,equal_to_both,4,0.9896469080051955
individual_rl_legacy_session_6_player1,Individual RL,equal_to_both,5,0.9999354699390325
individual_rl_legacy_session_6_player2,Individual RL,closer_to_player1,0,0.5
individual_rl_legacy_session_6_player2,Individual RL,closer_to_player1,1,0.7433434581763575
individual_rl_legacy_session_6_player2,Individual RL,closer_to_player1,2,0.7445259664718475
individual_rl_legacy_session_6_player2,Individual RL,closer_to_player1,3,0.7502284573669817
individual_rl_legacy_session_6_player2,Individual RL,closer_to_player1,4,0.9987988737147072
individual_rl_legacy_session_6_player2,Individual RL,closer_to_player1,5,0.9981714088007636
individual_rl_legacy_session_6_player2,Individual RL,equal_to_both,0,0.5
individual_rl_legacy_session_6_player2,Individual RL,equal_to_both,1,0.500026772438557
individual_rl_legacy_session_6_player2,Individual RL,equal_to_both,2,0.989450251392723
individual_rl_legacy_session_6_player2,Individual RL,equal_to_both,3,0.9895712179373697
individual_rl_legacy_session_6_player2,Individual RL,equal_to_both,4,0.9896469152372168
individual_rl_legacy_session_6_player2,Individual RL,equal_to_both,5,0.9897075593414839
individual_rl_legacy_session_7_player1,Individual RL,closer_to_player1,0,0.5
individual_rl_legacy_session_7_player1,Individual RL,closer_to_player1,1,0.4968930574153169
individual_rl_legacy_session_7_player1,Individual RL,closer_to_player1,2,0.9987237833104524
individual_rl_legacy_session_7_player1,Individual RL,closer_to_player1,3,0.9982467915729648
individual_rl_legacy_session_7_player1,Individual RL,closer_to_player1,4,0.9999984621094055
individual_rl_legacy_session_7_player1,Individual RL,closer_to_player1,5,0.9999999973273436
individual_rl_legacy_session_7_player1,Individual RL,closer_to_player2,0,0.5
individual_rl_legacy_session_7_player1,Individual RL,closer_to_player2,1,0.42505478427887955
individual_rl_legacy_session_7_player1,Individual RL,closer_to_player2,2,0.7265218488738421
individual_rl_legacy_session_7_player1,Individual RL,closer_to_player2,3,0.9617808807543293
individual_rl_legacy_session_7_player1,Individual RL,closer_to_player2,4,0.9517010938313202
individual_rl_legacy_session_7_player1,Individual RL,closer_to_player2,5,0.933757948667534
individual_rl_legacy_session_7_player1,Individual RL,equal_to_both,0,0.5
individual_rl_legacy_session_7_player1,Individual RL,equal_to_both,1,0.74139970674623
individual_rl_legacy_session_7_player1,Individual RL,equal_to_both,2,0.9980879336506971
individual_rl_legacy_session_7_player1,Individual RL,equal_to_both,3,0.9983191413312975
individual_rl_legacy_session_7_player1,Individual RL,equal_to_both,4,0.998333936217627
individual_rl_legacy_session_7_player1,Individual RL,equal_to_both,5,0.9983634759495246
individual_rl_legacy_session_7_player2,Individual RL,closer_to_player1,0,0.5
individual_rl_legacy_session_7_player2,Individual RL,closer_to_player1,1,0.9832137108895894
individual_rl_legacy_session_7_player2,Individual RL,closer_to_player1,2,0.9836366563481778
individual_rl_legacy_session_7_player2,Individual RL,closer_to_player1,3,0.9839040661844326
individual_rl_legacy_session_7_player2,Individual RL,closer_to_player1,4,0.9840654035556772
individual_rl_legacy_session_7_player2,Individual RL,closer_to_player1,5,0.9999011235011896
individual_rl_legacy_session_7_player2,Individual RL,closer_to_player2,0,0.5
individual_rl_legacy_session_7_player2,Individual RL,closer_to_player2,1,0.4377327132999098
individual_rl_legacy_session_7_player2,Individual RL,closer_to_player2,2,0.7085135440672581
individual_rl_legacy_session_7_player2,Individual RL,closer_to_player2,3,0.9998810252521844
individual_rl_legacy_session_7_player2,Individual RL,closer_to_player2,4,0.9999999490185169
individual_rl_legacy_session_7_player2,Individual RL,closer_to_player2,5,0.9999999999616426
individual_rl_legacy_session_7_player2,Individual RL,equal_to_both,0,0.5
individual_rl_legacy_session_7_player2,Individual RL,equal_to_both,1,0.9882819712384762
individual_rl_legacy_session_7_player2,Individual RL,equal_to_both,2,0.9885391132208718
individual_rl_legacy_session_7_player2,Individual RL,equal_to_both,3,0.9886499930944705
individual_rl_legacy_session_7_player2,Individual RL,equal_to_both,4,0.9968679115547987
individual_rl_legacy_session_7_player2,Individual RL,equal_to_both,5,0.9970093113922465
individual_rl_legacy_session_8_player1,Individual RL,closer_to_player1,0,0.5
individual_rl_legacy_session_8_player1,Individual RL,closer_to_player1,1,0.4799416858657798
individual_rl_legacy_session_8_player1,Individual RL,closer_to_player1,2,0.5119326909832517
individual_rl_legacy_session_8_player1,Individual RL,closer_to_player1,3,0.6765143690235962
individual_rl_legacy_session_8_player1,Individual RL,closer_to_player1,4,0.8066905351860962
individual_rl_legacy_session_8_player1,Individual RL,closer_to_player1,5,0.8935261017485563
individual_rl_legacy_session_8_player1,Individual RL,closer_to_player2,0,0.5
individual_rl_legacy_session_8_player1,Individual RL,closer_to_player2,1,0.502442569166552
individual_rl_legacy_session_8_player1,Individual RL,closer_to_player2,2,0.9896284935500866
individual_rl_legacy_session_8_player1,Individual RL,closer_to_player2,3,0.999821693416212
individual_rl_legacy_session_8_player1,Individual RL,closer_to_player2,4,0.9998262644945726
individual_rl_legacy_session_8_player1,Individual RL,closer_to_player2,5,0.9998279763451945
individual_rl_legacy_session_8_player1,Individual RL,equal_to_both,0,0.5
individual_rl_legacy_session_8_player1,Individual RL,equal_to_both,1,0.8265414468364395
individual_rl_legacy_session_8_player1,Individual RL,equal_to_both,2,0.9921837316278812
individual_rl_legacy_session_8_player1,Individual RL,equal_to_both,3,0.993360895733573
individual_rl_legacy_session_8_player1,Individual RL,equal_to_both,4,0.9934278913059421
individual_rl_legacy_session_8_player1,Individual RL,equal_to_both,5,0.9935834850213707
individual_rl_legacy_session_8_player2,Individual RL,closer_to_player1,0,0.5
individual_rl_legacy_session_8_player2,Individual RL,closer_to_player1,1,0.5036461422709362
individual_rl_legacy_session_8_player2,Individual RL,closer_to_player1,2,0.5056210663188263
individual_rl_legacy_session_8_player2,Individual RL,closer_to_player1,3,0.5008843601958719
individual_rl_legacy_session_8_player2,Individual RL,closer_to_player1,4,0.48076848685697354
individual_rl_legacy_session_8_player2,Individual RL,closer_to_player1,5,0.6015087956495137
individual_rl_legacy_session_8_player2,Individual RL,closer_to_player2,0,0.5
individual_rl_legacy_session_8_player2,Individual RL,closer_to_player2,1,0.9975960632155202
individual_rl_legacy_session_8_player2,Individual RL,closer_to_player2,2,0.9962732331531201
individual_rl_legacy_session_8_player2,Individual RL,closer_to_player2,3,0.9999937111638738
individual_rl_legacy_session_8_player2,Individual RL,closer_to_player2,4,0.9999999806352093
individual_rl_legacy_session_8_player2,Individual RL,closer_to_player2,5,0.999999999897808
individual_rl_legacy_session_8_player2,Individual RL,equal_to_both,0,0.5
individual_rl_legacy_session_8_player2,Individual RL,equal_to_both,1,0.8251806573581316
individual_rl_legacy_session_8_player2,Individual RL,equal_to_both,2,0.9992405222978004
individual_rl_legacy_session_8_player2,Individual RL,equal_to_both,3,0.999287622733286
individual_rl_legacy_session_8_player2,Individual RL,equal_to_both,4,0.9999951183403941
individual_rl_legacy_session_8_player2,Individual RL,equal_to_both,5,0.9999989013653083
individual_rl_legacy_session_9_player1,Individual RL,closer_to_player1,0,0.5
individual_rl_legacy_session_9_player1,Individual RL,closer_to_player1,1,0.8316679862654667
individual_rl_legacy_session_9_player1,Individual RL,closer_to_player1,2,0.8307999998184837
individual_rl_legacy_session_9_player1,Individual RL,closer_to_player1,3,0.8065296656026372
individual_rl_legacy_session_9_player1,Individual RL,closer_to_player1,4,0.9999176319539439
individual_rl_legacy_session_9_player1,Individual RL,closer_to_player1,5,0.9999999568009011
individual_rl_legacy_session_9_player1,Individual RL,closer_to_player2,0,0.5
individual_rl_legacy_session_9_player1,Individual RL,closer_to_player2,1,0.983224035728164
individual_rl_legacy_session_9_player1,Individual RL,closer_to_player2,2,0.9836256359874975
individual_rl_legacy_session_9_player1,Individual RL,closer_to_player2,3,0.9838805915485554
individual_rl_legacy_session_9_player1,Individual RL,closer_to_player2,4,0.9837976748220002
individual_rl_legacy_session_9_player1,Individual RL,closer_to_player2,5,0.9999249375336333
individual_rl_legacy_session_9_player1,Individual RL,equal_to_both,0,0.5
individual_rl_legacy_session_9_player1,Individual RL,equal_to_both,1,0.49971724371806747
individual_rl_legacy_session_9_player1,Individual RL,equal_to_both,2,0.7491516596180223
individual_rl_legacy_session_9_player1,Individual RL,equal_to_both,3,0.9974754036014963
individual_rl_legacy_session_9_player1,Individual RL,equal_to_both,4,0.9969775785589459
individual_rl_legacy_session_9_player1,Individual RL,equal_to_both,5,0.998333343783048
individual_rl_legacy_session_9_player2,Individual RL,closer_to_player1,0,0.5
individual_rl_legacy_session_9_player2,Individual RL,closer_to_player1,1,0.6658502676522938
individual_rl_legacy_session_9_player2,Individual RL,closer_to_player1,2,0.6730031220354492
individual_rl_legacy_session_9_player2,Individual RL,closer_to_player1,3,0.8357952388312113
individual_rl_legacy_session_9_player2,Individual RL,closer_to_player1,4,0.8360915583974124
individual_rl_legacy_session_9_player2,Individual RL,closer_to_player1,5,0.9994557006020736
individual_rl_legacy_session_9_player2,Individual RL,closer_to_player2,0,0.5
individual_rl_legacy_session_9_player2,Individual RL,closer_to_player2,1,0.9975977031814399
individual_rl_legacy_session_9_player2,Individual RL,closer_to_player2,2,0.9963320365129569
individual_rl_legacy_session_9_player2,Individual RL,closer_to_player2,3,0.999993806778466
individual_rl_legacy_session_9_player2,Individual RL,closer_to_player2,4,0.9999999809099755
individual_rl_legacy_session_9_player2,Individual RL,closer_to_player2,5,0.9999999998991076
individual_rl_legacy_session_9_player2,Individual RL,equal_to_both,0,0.5
individual_rl_legacy_session_9_player2,Individual RL,equal_to_both,1,0.7482963642576494
individual_rl_legacy_session_9_player2,Individual RL,equal_to_both,2,0.7499620809608665
individual_rl_legacy_session_9_player2,Individual RL,equal_to_both,3,0.9983098090151452
individual_rl_legacy_session_9_player2,Individual RL,equal_to_both,4,0.9983173405843906
individual_rl_legacy_session_9_player2,Individual RL,equal_to_both,5,0.9983187667599377
joint_rl_session_0_player1,Joint RL,closer_to_player1,0,0.5
joint_rl_session_0_player1,Joint RL,closer_to_player1,1,0.7061843857838372
joint_rl_session_0_player1,Joint RL,closer_to_player1,2,0.8321576467379197
joint_rl_session_0_player1,Joint RL,closer_to_player1,3,0.8118295236254065
joint_rl_session_0_player1,Joint RL,closer_to_player1,4,0.7981153592766289
joint_rl_session_0_player1,Joint RL,closer_to_player1,5,0.8218201668797098
joint_rl_session_0_player1,Joint RL,closer_to_player2,0,0.5
joint_rl_session_0_player1,Joint RL,closer_to_player2,1,0.34124374594797646
joint_rl_session_0_player1,Joint RL,closer_to_player2,2,0.5037414401233988
joint_rl_session_0_player1,Joint RL,closer_to_player2,3,0.8198095753913096
joint_rl_session_0_player1,Joint RL,closer_to_player2,4,0.8356373928796059
joint_rl_session_0_player1,Joint RL,closer_to_player2,5,0.8337557995812682
joint_rl_session_0_player1,Joint RL,equal_to_both,0,0.5
joint_rl_session_0_player1,Joint RL,equal_to_both,1,0.8275247936945452
joint_rl_session_0_player1,Joint RL,equal_to_both,2,0.7861636738637331
joint_rl_session_0_player1,Joint RL,equal_to_both,3,0.9998542134385556
joint_rl_session_0_player1,Joint RL,equal_to_both,4,0.9999872882564583
joint_rl_session_0_player1,Joint RL,equal_to_both,5,0.999987341440575
joint_rl_session_0_player2,Joint RL,closer_to_player1,0,0.5
joint_rl_session_0_player2,Joint RL,closer_to_player1,1,0.5034191499431645
joint_rl_session_0_player2,Joint RL,closer_to_player1,2,0.5052085829410137
joint_rl_session_0_player2,Joint RL,closer_to_player1,3,0.5085441336111414
joint_rl_session_0_player2,Joint RL,closer_to_player1,4,0.508705277193759
joint_rl_session_0_player2,Joint RL,closer_to_player1,5,0.5096634979302131
joint_rl_session_0_player2,Joint RL,closer_to_player2,0,0.5
joint_rl_session_0_player2,Joint RL,closer_to_player2,1,0.7057668528665729
joint_rl_session_0_player2,Joint RL,closer_to_player2,2,0.9996124140608272
joint_rl_session_0_player2,Joint RL,closer_to_player2,3,0.9999927357373956
joint_rl_session_0_player2,Joint RL,closer_to_player2,4,0.9999920130944631
joint_rl_session_0_player2,Joint RL,closer_to_player2,5,0.9999999865341413
joint_rl_session_0_player2,Joint RL,equal_to_both,0,0.5
joint_rl_session_0_player2,Joint RL,equal_to_both,1,0.8327822890905955
joint_rl_session_0_player2,Joint RL,equal_to_both,2,0.9996259849071295
joint_rl_session_0_player2,Joint RL,equal_to_both,3,0.9999776591927908
joint_rl_session_0_player2,Joint RL,equal_to_both,4,0.9999783683738886
joint_rl_session_0_player2,Joint RL,equal_to_both,5,0.9999799027342018
joint_rl_session_10_player1,Joint RL,closer_to_player1,0,0.5
joint_rl_session_10_player1,Joint RL,closer_to_player1,1,0.5480761418713797
joint_rl_session_10_player1,Joint RL,closer_to_player1,2,0.6416042243723629
joint_rl_session_10_player1,Joint RL,closer_to_player1,3,0.6129775265926526
joint_rl_session_10_player1,Joint RL,closer_to_player1,4,0.5872728963490831
joint_rl_session_10_player1,Joint RL,closer_to_player1,5,0.4561034426265542
joint_rl_session_10_player1,Joint RL,closer_to_player2,0,0.5
joint_rl_session_10_player1,Joint RL,closer_to_player2,1,0.8248082659735775
joint_rl_session_10_player1,Joint RL,closer_to_player2,2,0.835162258153844
joint_rl_session_10_player1,Joint RL,closer_to_player2,3,0.8340594839223145
joint_rl_session_10_player1,Joint RL,closer_to_player2,4,0.832553236033347
joint_rl_session_10_player1,Joint RL,closer_to_player2,5,0.8345232653097487
joint_rl_session_10_player1,Joint RL,equal_to_both,0,0.5
joint_rl_session_10_player1,Joint RL,equal_to_both,1,0.9915742234664273
joint_rl_session_10_player1,Joint RL,equal_to_both,2,0.9968523860051623
joint_rl_session_10_player1,Joint RL,equal_to_both,3,0.9969648392749837
joint_rl_session_10_player1,Joint RL,equal_to_both,4,0.9970901508864749
joint_rl_session_10_player1,Joint RL,equal_to_both,5,0.9983260355262655
joint_rl_session_10_player2,Joint RL,closer_to_player1,0,0.5
joint_rl_session_10_player2,Joint RL,closer_to_player1,1,0.662263153801019
joint_rl_session_10_player2,Joint RL,closer_to_player1,2,0.831403199665437
joint_rl_session_10_player2,Joint RL,closer_to_player1,3,0.831957138595658
joint_rl_session_10_player2,Joint RL,closer_to_player1,4,0.8357734115716658
joint_rl_session_10_player2,Joint RL,closer_to_player1,5,0.8381078433828488
joint_rl_session_10_player2,Joint RL,closer_to_player2,0,0.5
joint_rl_session_10_player2,Joint RL,closer_to_player2,1,0.4721038720131665
joint_rl_session_10_player2,Joint RL,closer_to_player2,2,0.8246150595998482
joint_rl_session_10_player2,Joint RL,closer_to_player2,3,0.9500472300397355
joint_rl_session_10_player2,Joint RL,closer_to_player2,4,0.9658262310831566
joint_rl_session_10_player2,Joint RL,closer_to_player2,5,0.9379994326471576
joint_rl_session_10_player2,Joint RL,equal_to_both,0,0.5
joint_rl_session_10_player2,Joint RL,equal_to_both,1,0.7469226017654526
joint_rl_session_10_player2,Joint RL,equal_to_both,2,0.7432930226251735
joint_rl_session_10_player2,Joint RL,equal_to_both,3,0.7426929659455416
joint_rl_session_10_player2,Joint RL,equal_to_both,4,0.7426560585058412
joint_rl_session_10_player2,Joint RL,equal_to_both,5,0.7425336404471553
joint_rl_session_11_player1,Joint RL,closer_to_player1,0,0.5
joint_rl_session_11_player1,Joint RL,closer_to_player1,1,0.61305101729506
joint_rl_session_11_player1,Joint RL,closer_to_player1,2,0.6289477932366696
joint_rl_session_11_player1,Joint RL,closer_to_player1,3,0.7762119750208577
joint_rl_session_11_player1,Joint RL,closer_to_player1,4,0.7995658060082261
joint_rl_session_11_player1,Joint RL,closer_to_player1,5,0.999999996371534
joint_rl_session_11_player1,Joint RL,closer_to_player2,0,0.5
joint_rl_session_11_player1,Joint RL,closer_to_player2,1,0.8112860585796642
joint_rl_session_11_player1,Joint RL,closer_to_player2,2,0.8054466805747454
joint_rl_session_11_player1,Joint RL,closer_to_player2,3,0.8348140001684188
joint_rl_session_11_player1,Joint RL,closer_to_player2,4,0.8358509714658613
joint_rl_session_11_player1,Joint RL,closer_to_player2,5,0.8353433465521555
joint_rl_session_11_player1,Joint RL,equal_to_both,0,0.5
joint_rl_session_11_player1,Joint RL,equal_to_both,1,0.8306978983839018
joint_rl_session_11_player1,Joint RL,equal_to_both,2,0.8308876776255308
joint_rl_session_11_player1,Joint RL,equal_to_both,3,0.6652069360401357
joint_rl_session_11_player1,Joint RL,equal_to_both,4,0.8927342603525893
joint_rl_session_11_player1,Joint RL,equal_to_both,5,0.894746789887818
joint_rl_session_11_player2,Joint RL,closer_to_player1,0,0.5
joint_rl_session_11_player2,Joint RL,closer_to_player1,1,0.5033895716153759
joint_rl_session_11_player2,Joint RL,closer_to_player1,2,0.6697752443526528
joint_rl_session_11_player2,Joint RL,closer_to_player1,3,0.6979674595211182
joint_rl_session_11_player2,Joint RL,closer_to_player1,4,0.721900138383137
joint_rl_session_11_player2,Joint RL,closer_to_player1,5,0.742124267093314
joint_rl_session_11_player2,Joint RL,closer_to_player2,0,0.5
joint_rl_session_11_player2,Joint RL,closer_to_player2,1,0.5010973037489178
joint_rl_session_11_player2,Joint RL,closer_to_player2,2,0.6092681129263869
joint_rl_session_11_player2,Joint RL,closer_to_player2,3,0.9994806716777568
joint_rl_session_11_player2,Joint RL,closer_to_player2,4,0.9999995785620291
joint_rl_session_11_player2,Joint RL,closer_to_player2,5,0.9999999947925834
joint_rl_session_11_player2,Joint RL,equal_to_both,0,0.5
joint_rl_session_11_player2,Joint RL,equal_to_both,1,0.331995728384286
joint_rl_session_11_player2,Joint RL,equal_to_both,2,0.5017706258820055
joint_rl_session_11_player2,Joint RL,equal_to_both,3,0.667856721529068
joint_rl_session_11_player2,Joint RL,equal_to_both,4,0.6681391946219715
joint_rl_session_11_player2,Joint RL,equal_to_both,5,0.6681390168454838
joint_rl_session_12_player1,Joint RL,closer_to_player1,0,0.5
joint_rl_session_12_player1,Joint RL,closer_to_player1,1,0.5017020213829825
joint_rl_session_12_player1,Joint RL,closer_to_player1,2,0.5018680506068004
joint_rl_session_12_player1,Joint RL,closer_to_player1,3,0.5190246158115682
joint_rl_session_12_player1,Joint RL,closer_to_player1,4,0.5169082906605147
joint_rl_session_12_player1,Joint RL,closer_to_player1,5,0.5846798670583714
joint_rl_session_12_player1,Joint RL,closer_to_player2,0,0.5
joint_rl_session_12_player1,Joint RL,closer_to_player2,1,0.5017826535977091
joint_rl_session_12_player1,Joint RL,closer_to_player2,2,0.6722162928137968
joint_rl_session_12_player1,Joint RL,closer_to_player2,3,0.6734136194850345
joint_rl_session_12_player1,Joint RL,closer_to_player2,4,0.6767372367134045
joint_rl_session_12_player1,Joint RL,closer_to_player2,5,0.6422189717799244
joint_rl_session_12_player1,Joint RL,equal_to_both,0,0.5
joint_rl_session_12_player1,Joint RL,equal_to_both,1,0.49394142609811853
joint_rl_session_12_player1,Joint RL,equal_to_both,2,0.7401241148328352
joint_rl_session_12_player1,Joint RL,equal_to_both,3,0.7400875687525059
joint_rl_session_12_player1,Joint RL,equal_to_both,4,0.9982099364499594
joint_rl_session_12_player1,Joint RL,equal_to_both,5,0.9982164168955042
joint_rl_session_12_player2,Joint RL,closer_to_player1,0,0.5
joint_rl_session_12_player2,Joint RL,closer_to_player1,1,0.49884846984703396
joint_rl_session_12_player2,Joint RL,closer_to_player1,2,0.4982385150098741
joint_rl_session_12_player2,Joint RL,closer_to_player1,3,0.4997269819105952
joint_rl_session_12_player2,Joint RL,closer_to_player1,4,0.4959560282489252
joint_rl_session_12_player2,Joint RL,closer_to_player1,5,0.5093839541755082
joint_rl_session_12_player2,Joint RL,closer_to_player2,0,0.5
joint_rl_session_12_player2,Joint RL,closer_to_player2,1,0.7086600584662467
joint_rl_session_12_player2,Joint RL,closer_to_player2,2,0.6876068577403328
joint_rl_session_12_player2,Joint RL,closer_to_player2,3,0.646385025651203
joint_rl_session_12_player2,Joint RL,closer_to_player2,4,0.9998895164242652
joint_rl_session_12_player2,Joint RL,closer_to_player2,5,0.9999431790987886
joint_rl_session_12_player2,Joint RL,equal_to_both,0,0.5
joint_rl_session_12_player2,Joint RL,equal_to_both,1,0.9855527620693982
joint_rl_session_12_player2,Joint RL,equal_to_both,2,0.9996564151104941
joint_rl_session_12_player2,Joint RL,equal_to_both,3,0.9999878578160173
joint_rl_session_12_player2,Joint RL,equal_to_both,4,0.9999895556128962
joint_rl_session_12_player2,Joint RL,equal_to_both,5,0.9999924139497038
joint_rl_session_13_player1,Joint RL,closer_to_player1,0,0.5
joint_rl_session_13_player1,Joint RL,closer_to_player1,1,0.8021676729134463
joint_rl_session_13_player1,Joint RL,closer_to_player1,2,0.775411745692972
joint_rl_session_13_player1,Joint RL,closer_to_player1,3,0.814728728613144
joint_rl_session_13_player1,Joint RL,closer_to_player1,4,0.9997810715523371
joint_rl_session_13_player1,Joint RL,closer_to_player1,5,0.9999998904943634
joint_rl_session_13_player1,Joint RL,closer_to_player2,0,0.5
joint_rl_session_13_player1,Joint RL,closer_to_player2,1,0.5009377172782188
joint_rl_session_13_player1,Joint RL,closer_to_player2,2,0.6684904005984945
joint_rl_session_13_player1,Joint RL,closer_to_player2,3,0.843517434217678
joint_rl_session_13_player1,Joint RL,closer_to_player2,4,0.8906595409561202
joint_rl_session_13_player1,Joint RL,closer_to_player2,5,0.9986574089023957
joint_rl_session_13_player1,Joint RL,equal_to_both,0,0.5
joint_rl_session_13_player1,Joint RL,equal_to_both,1,0.5036505541867337
joint_rl_session_13_player1,Joint RL,equal_to_both,2,0.8089408233951505
joint_rl_session_13_player1,Joint RL,equal_to_both,3,0.8033074716680006
joint_rl_session_13_player1,Joint RL,equal_to_both,4,0.8026055882796729
joint_rl_session_13_player1,Joint RL,equal_to_both,5,0.9979882349243081
joint_rl_session_13_player2,Joint RL,closer_to_player1,0,0.5
joint_rl_session_13_player2,Joint RL,closer_to_player1,1,0.5013111135743379
joint_rl_session_13_player2,Joint RL,closer_to_player1,2,0.5048707333859604
joint_rl_session_13_player2,Joint RL,closer_to_player1,3,0.5497899835133984
joint_rl_session_13_player2,Joint RL,closer_to_player1,4,0.6751281920635894
joint_rl_session_13_player2,Joint RL,closer_to_player1,5,0.6736640486185963
joint_rl_session_13_player2,Joint RL,closer_to_player2,0,0.5
joint_rl_session_13_player2,Joint RL,closer_to_player2,1,0.9994030407718308
joint_rl_session_13_player2,Joint RL,closer_to_player2,2,0.9999982674440933
joint_rl_session_13_player2,Joint RL,closer_to_player2,3,0.9999999908969408
joint_rl_session_13_player2,Joint RL,closer_to_player2,4,0.9999999999219633
joint_rl_session_13_player2,Joint RL,closer_to_player2,5,0.9999999999989938
joint_rl_session_13_player2,Joint RL,equal_to_both,0,0.5
joint_rl_session_13_player2,Joint RL,equal_to_both,1,0.741964343253827
joint_rl_session_13_player2,Joint RL,equal_to_both,2,0.7422427733165247
joint_rl_session_13_player2,Joint RL,equal_to_both,3,0.7423477142959638
joint_rl_session_13_player2,Joint RL,equal_to_both,4,0.9909279704799799
joint_rl_session_13_player2,Joint RL,equal_to_both,5,0.9909875528520675
joint_rl_session_14_player1,Joint RL,closer_to_player1,0,0.5
joint_rl_session_14_player1,Joint RL,closer_to_player1,1,0.9980509124483105
joint_rl_session_14_player1,Joint RL,closer_to_player1,2,0.9983475972474984
joint_rl_session_14_player1,Joint RL,closer_to_player1,3,0.9999956374449557
joint_rl_session_14_player1,Joint RL,closer_to_player1,4,0.9999948236491285
joint_rl_session_14_player1,Joint RL,closer_to_player1,5,0.9999999913147952
joint_rl_session_14_player1,Joint RL,closer_to_player2,0,0.5
joint_rl_session_14_player1,Joint RL,closer_to_player2,1,0.6439285708328161
joint_rl_session_14_player1,Joint RL,closer_to_player2,2,0.8335829758989736
joint_rl_session_14_player1,Joint RL,closer_to_player2,3,0.8335325435583743
joint_rl_session_14_player1,Joint RL,closer_to_player2,4,0.7926609725983695
joint_rl_session_14_player1,Joint RL,closer_to_player2,5,0.9995281220504033
joint_rl_session_14_player1,Joint RL,equal_to_both,0,0.5
joint_rl_session_14_player1,Joint RL,equal_to_both,1,0.6665651219736994
joint_rl_session_14_player1,Joint RL,equal_to_both,2,0.9944346951913318
joint_rl_session_14_player1,Joint RL,equal_to_both,3,0.9999172627313219
joint_rl_session_14_player1,Joint RL,equal_to_both,4,0.9999191489485852
joint_rl_session_14_player1,Joint RL,equal_to_both,5,0.9999987613473871
joint_rl_session_14_player2,Joint RL,closer_to_player1,0,0.5
joint_rl_session_14_player2,Joint RL,closer_to_player1,1,0.5006627591725116
joint_rl_session_14_player2,Joint RL,closer_to_player1,2,0.7434430034064959
joint_rl_session_14_player2,Joint RL,closer_to_player1,3,0.9995101763709362
joint_rl_session_14_player2,Joint RL,closer_to_player1,4,0.9999971267146996
joint_rl_session_14_player2,Joint RL,closer_to_player1,5,0.9999994165276918
joint_rl_session_14_player2,Joint RL,closer_to_player2,0,0.5
joint_rl_session_14_player2,Joint RL,closer_to_player2,1,0.49991257470988365
joint_rl_session_14_player2,Joint RL,closer_to_player2,2,0.6673432822850508
joint_rl_session_14_player2,Joint RL,closer_to_player2,3,0.6681816109457674
joint_rl_session_14_player2,Joint RL,closer_to_player2,4,0.9973299851918963
joint_rl_session_14_player2,Joint RL,closer_to_player2,5,0.9999998434457457
joint_rl_session_14_player2,Joint RL,equal_to_both,0,0.5
joint_rl_session_14_player2,Joint RL,equal_to_both,1,0.66308176620443
joint_rl_session_14_player2,Joint RL,equal_to_both,2,0.9928773344231226
joint_rl_session_14_player2,Joint RL,equal_to_both,3,0.993009102926368
joint_rl_session_14_player2,Joint RL,equal_to_both,4,0.9999409461671064
joint_rl_session_14_player2,Joint RL,equal_to_both,5,0.9999417716786865
joint_rl_session_15_player1,Joint RL,closer_to_player1,0,0.5
joint_rl_session_15_player1,Joint RL,closer_to_player1,1,0.46111689025126057
joint_rl_session_15_player1,Joint RL,closer_to_player1,2,0.6664476483100733
joint_rl_session_15_player1,Joint RL,closer_to_player1,3,0.7227556045441647
joint_rl_session_15_player1,Joint RL,closer_to_player1,4,0.9999731051397053
joint_rl_session_15_player1,Joint RL,closer_to_player1,5,0.9999999987358847
joint_rl_session_15_player1,Joint RL,closer_to_player2,0,0.5
joint_rl_session_15_player1,Joint RL,closer_to_player2,1,0.49872237687815435
joint_rl_session_15_player1,Joint RL,closer_to_player2,2,0.4979842915327605
joint_rl_session_15_player1,Joint RL,closer_to_player2,3,0.4973962178993822
joint_rl_session_15_player1,Joint RL,closer_to_player2,4,0.4926228859537802
joint_rl_session_15_player1,Joint RL,closer_to_player2,5,0.5199060642326624
joint_rl_session_15_player1,Joint RL,equal_to_both,0,0.5
joint_rl_session_15_player1,Joint RL,equal_to_both,1,0.5014584792320402
joint_rl_session_15_player1,Joint RL,equal_to_both,2,0.7080660937312703
joint_rl_session_15_player1,Joint RL,equal_to_both,3,0.8284667547112896
joint_rl_session_15_player1,Joint RL,equal_to_both,4,0.786021479440658
joint_rl_session_15_player1,Joint RL,equal_to_both,5,0.999844851028063
joint_rl_session_15_player2,Joint RL,closer_to_player1,0,0.5
joint_rl_session_15_player2,Joint RL,closer_to_player1,1,0.7778111723026537
joint_rl_session_15_player2,Joint RL,closer_to_player1,2,0.9729327264980219
joint_rl_session_15_player2,Joint RL,closer_to_player1,3,0.9990795459483461
joint_rl_session_15_player2,Joint RL,closer_to_player1,4,0.9999696588025712
joint_rl_session_15_player2,Joint RL,closer_to_player1,5,0.9999933267172852
joint_rl_session_15_player2,Joint RL,closer_to_player2,0,0.5
joint_rl_session_15_player2,Joint RL,closer_to_player2,1,0.5710562537791891
joint_rl_session_15_player2,Joint RL,closer_to_player2,2,0.6536703273008134
joint_rl_session_15_player2,Joint RL,closer_to_player2,3,0.6026300879940484
joint_rl_session_15_player2,Joint RL,closer_to_player2,4,0.862861991608356
joint_rl_session_15_player2,Joint RL,closer_to_player2,5,0.8630053710465324
joint_rl_session_15_player2,Joint RL,equal_to_both,0,0.5
joint_rl_session_15_player2,Joint RL,equal_to_both,1,0.8277655698983915
joint_rl_session_15_player2,Joint RL,equal_to_both,2,0.8279861204776201
joint_rl_session_15_player2,Joint RL,equal_to_both,3,0.9959452921823967
joint_rl_session_15_player2,Joint RL,equal_to_both,4,0.9999639581289723
joint_rl_session_15_player2,Joint RL,equal_to_both,5,0.9999766966639707
joint_rl_session_16_player1,Joint RL,closer_to_player1,0,0.5
joint_rl_session_16_player1,Joint RL,closer_to_player1,1,0.8291894046469827
joint_rl_session_16_player1,Joint RL,closer_to_player1,2,0.7961599369875736
joint_rl_session_16_player1,Joint RL,closer_to_player1,3,0.9997911234318574
joint_rl_session_16_player1,Joint RL,closer_to_player1,4,0.999999821663064
joint_rl_session_16_player1,Joint RL,closer_to_player1,5,0.9999999995460973
joint_rl_session_16_player1,Joint RL,closer_to_player2,0,0.5
joint_rl_session_16_player1,Joint RL,closer_to_player2,1,0.7431302337702292
joint_rl_session_16_player1,Joint RL,closer_to_player2,2,0.7081564955515633
joint_rl_session_16_player1,Joint RL,closer_to_player2,3,0.7670210860548716
joint_rl_session_16_player1,Joint RL,closer_to_player2,4,0.99992725150938
joint_rl_session_16_player1,Joint RL,closer_to_player2,5,0.9999017024071604
joint_rl_session_16_player1,Joint RL,equal_to_both,0,0.5
joint_rl_session_16_player1,Joint RL,equal_to_both,1,0.4999946898318788
joint_rl_session_16_player1,Joint RL,equal_to_both,2,0.5016610903167531
joint_rl_session_16_player1,Joint RL,equal_to_both,3,0.4999952115254997
joint_rl_session_16_player1,Joint RL,equal_to_both,4,0.5154106654112518
joint_rl_session_16_player1,Joint RL,equal_to_both,5,0.9875033895687497
joint_rl_session_16_player2,Joint RL,closer_to_player1,0,0.5
joint_rl_session_16_player2,Joint RL,closer_to_player1,1,0.692320400623101
joint_rl_session_16_player2,Joint RL,closer_to_player1,2,0.7233889309702959
joint_rl_session_16_player2,Joint RL,closer_to_player1,3,0.8782398996261719
joint_rl_session_16_player2,Joint RL,closer_to_player1,4,0.9996682682146122
joint_rl_session_16_player2,Joint RL,closer_to_player1,5,0.9999977482259261
joint_rl_session_16_player2,Joint RL,closer_to_player2,0,0.5
joint_rl_session_16_player2,Joint RL,closer_to_player2,1,0.7487212752318674
joint_rl_session_16_player2,Joint RL,closer_to_player2,2,0.5019240203371093
joint_rl_session_16_player2,Joint RL,closer_to_player2,3,0.9995618168716155
joint_rl_session_16_player2,Joint RL,closer_to_player2,4,0.9997380552283573
joint_rl_session_16_player2,Joint RL,closer_to_player2,5,0.9999998897564839
joint_rl_session_16_player2,Joint RL,equal_to_both,0,0.5
joint_rl_session_16_player2,Joint RL,equal_to_both,1,0.9962413030031496
joint_rl_session_16_player2,Joint RL,equal_to_both,2,0.9983129125213104
joint_rl_session_16_player2,Joint RL,equal_to_both,3,0.9999941702245803
joint_rl_session_16_player2,Joint RL,equal_to_both,4,0.999999849627325
joint_rl_session_16_player2,Joint RL,equal_to_both,5,0.9999999434210762
joint_rl_session_17_player1,Joint RL,closer_to_player1,0,0.5
joint_rl_session_17_player1,Joint RL,closer_to_player1,1,0.24853283268222445
joint_rl_session_17_player1,Joint RL,closer_to_player1,2,0.37194828435176697
joint_rl_session_17_player1,Joint RL,closer_to_player1,3,0.33041384149365155
joint_rl_session_17_player1,Joint RL,closer_to_player1,4,0.8261759268664994
joint_rl_session_17_player1,Joint RL,closer_to_player1,5,0.8933963015401996
joint_rl_session_17_player1,Joint RL,closer_to_player2,0,0.5
joint_rl_session_17_player1,Joint RL,closer_to_player2,1,0.5032286449838919
joint_rl_session_17_player1,Joint RL,closer_to_player2,2,0.5083783620560198
joint_rl_session_17_player1,Joint RL,closer_to_player2,3,0.5057607531634912
joint_rl_session_17_player1,Joint RL,closer_to_player2,4,0.4670830027472026
joint_rl_session_17_player1,Joint RL,closer_to_player2,5,0.5215193642327686
joint_rl_session_17_player1,Joint RL,equal_to_both,0,0.5
joint_rl_session_17_player1,Joint RL,equal_to_both,1,0.5272472856089073
joint_rl_session_17_player1,Joint RL,equal_to_both,2,0.5301028067647623
joint_rl_session_17_player1,Joint RL,equal_to_both,3,0.5306983693250534
joint_rl_session_17_player1,Joint RL,equal_to_both,4,0.5387737809376528
joint_rl_session_17_player1,Joint RL,equal_to_both,5,0.6688331980016966
joint_rl_session_17_player2,Joint RL,closer_to_player1,0,0.5
joint_rl_session_17_player2,Joint RL,closer_to_player1,1,0.7492256751435511
joint_rl_session_17_player2,Joint RL,closer_to_player1,2,0.7483527619692832
joint_rl_session_17_player2,Joint RL,closer_to_player1,3,0.753303180351528
joint_rl_session_17_player2,Joint RL,closer_to_player1,4,0.759908886304171
joint_rl_session_17_player2,Joint RL,closer_to_player1,5,0.7615123833172088
joint_rl_session_17_player2,Joint RL,closer_to_player2,0,0.5
joint_rl_session_17_player2,Joint RL,closer_to_player2,1,0.7484708176937048
joint_rl_session_17_player2,Joint RL,closer_to_player2,2,0.999787924538539
joint_rl_session_17_player2,Joint RL,closer_to_player2,3,0.9998554378615759
joint_rl_session_17_player2,Joint RL,closer_to_player2,4,0.9998078500094884
joint_rl_session_17_player2,Joint RL,closer_to_player2,5,0.9999999833499434
joint_rl_session_17_player2,Joint RL,equal_to_both,0,0.5
joint_rl_session_17_player2,Joint RL,equal_to_both,1,0.9894580034772084
joint_rl_session_17_player2,Joint RL,equal_to_both,2,0.9998176406022382
joint_rl_session_17_player2,Joint RL,equal_to_both,3,0.99999524092799
joint_rl_session_17_player2,Joint RL,equal_to_both,4,0.9999954212240202
joint_rl_session_17_player2,Joint RL,equal_to_both,5,0.9999955386997741
joint_rl_session_18_player1,Joint RL,closer_to_player1,0,0.5
joint_rl_session_18_player1,Joint RL,closer_to_player1,1,0.47520440047798124
joint_rl_session_18_player1,Joint RL,closer_to_player1,2,0.5112806638824153
joint_rl_session_18_player1,Joint RL,closer_to_player1,3,0.4773559230590996
joint_rl_session_18_player1,Joint RL,closer_to_player1,4,0.7335493926890783
joint_rl_session_18_player1,Joint RL,closer_to_player1,5,0.7673222703895329
joint_rl_session_18_player1,Joint RL,closer_to_player2,0,0.5
joint_rl_session_18_player1,Joint RL,closer_to_player2,1,0.49670592708044997
joint_rl_session_18_player1,Joint RL,closer_to_player2,2,0.4537539135318449
joint_rl_session_18_player1,Joint RL,closer_to_player2,3,0.6697248881723653
joint_rl_session_18_player1,Joint RL,closer_to_player2,4,0.7255997743822323
joint_rl_session_18_player1,Joint RL,closer_to_player2,5,0.7704833501816829
joint_rl_session_18_player1,Joint RL,equal_to_both,0,0.5
joint_rl_session_18_player1,Joint RL,equal_to_both,1,0.7468795693437242
joint_rl_session_18_player1,Joint RL,equal_to_both,2,0.9982884309614767
joint_rl_session_18_player1,Joint RL,equal_to_both,3,0.999989049351603
joint_rl_session_18_player1,Joint RL,equal_to_both,4,0.9999993343447611
joint_rl_session_18_player1,Joint RL,equal_to_both,5,0.9999993505432954
joint_rl_session_18_player2,Joint RL,closer_to_player1,0,0.5
joint_rl_session_18_player2,Joint RL,closer_to_player1,1,0.5015347953266628
joint_rl_session_18_player2,Joint RL,closer_to_player1,2,0.5009541619068066
joint_rl_session_18_player2,Joint RL,closer_to_player1,3,0.498123129091627
joint_rl_session_18_player2,Joint RL,closer_to_player1,4,0.49593544499690423
joint_rl_session_18_player2,Joint RL,closer_to_player1,5,0.4754137150594639
joint_rl_session_18_player2,Joint RL,closer_to_player2,0,0.5
joint_rl_session_18_player2,Joint RL,closer_to_player2,1,0.5401839155919446
joint_rl_session_18_player2,Joint RL,closer_to_player2,2,0.8167942195235871
joint_rl_session_18_player2,Joint RL,closer_to_player2,3,0.7634343968220016
joint_rl_session_18_player2,Joint RL,closer_to_player2,4,0.9999398712878498
joint_rl_session_18_player2,Joint RL,closer_to_player2,5,0.9999991682808638
joint_rl_session_18_player2,Joint RL,equal_to_both,0,0.5
joint_rl_session_18_player2,Joint RL,equal_to_both,1,0.5000174600937513
joint_rl_session_18_player2,Joint RL,equal_to_both,2,0.5000177959918555
joint_rl_session_18_player2,Joint RL,equal_to_both,3,0.7491466942871048
joint_rl_session_18_player2,Joint RL,equal_to_both,4,0.9996120441191982
joint_rl_session_18_player2,Joint RL,equal_to_both,5,0.9999965042334977
joint_rl_session_19_player1,Joint RL,closer_to_player1,0,0.5
joint_rl_session_19_player1,Joint RL,closer_to_player1,1,0.6863573733067022
joint_rl_session_19_player1,Joint RL,closer_to_player1,2,0.7036961075574943
joint_rl_session_19_player1,Joint RL,closer_to_player1,3,0.6815346431567416
joint_rl_session_19_player1,Joint RL,closer_to_player1,4,0.7556676386204935
joint_rl_session_19_player1,Joint RL,closer_to_player1,5,0.7863460972680856
joint_rl_session_19_player1,Joint RL,closer_to_player2,0,0.5
joint_rl_session_19_player1,Joint RL,closer_to_player2,1,0.6670555386144112
joint_rl_session_19_player1,Joint RL,closer_to_player2,2,0.6766710113176332
joint_rl_session_19_player1,Joint RL,closer_to_player2,3,0.6793656321458644
joint_rl_session_19_player1,Joint RL,closer_to_player2,4,0.6811239404776114
joint_rl_session_19_player1,Joint RL,closer_to_player2,5,0.6798086448895075
joint_rl_session_19_player1,Joint RL,equal_to_both,0,0.5
joint_rl_session_19_player1,Joint RL,equal_to_both,1,0.6159565750129352
joint_rl_session_19_player1,Joint RL,equal_to_both,2,0.7408429098108984
joint_rl_session_19_player1,Joint RL,equal_to_both,3,0.9999106286992393
joint_rl_session_19_player1,Joint RL,equal_to_both,4,0.9999979355153477
joint_rl_session_19_player1,Joint RL,equal_to_both,5,0.999999958964984
joint_rl_session_19_player2,Joint RL,closer_to_player1,0,0.5
joint_rl_session_19_player2,Joint RL,closer_to_player1,1,0.4862809203638119
joint_rl_session_19_player2,Joint RL,closer_to_player1,2,0.4822776606695937
joint_rl_session_19_player2,Joint RL,closer_to_player1,3,0.6643272134595836
joint_rl_session_19_player2,Joint RL,closer_to_player1,4,0.6921550821316295
joint_rl_session_19_player2,Joint RL,closer_to_player1,5,0.7176866809008101
joint_rl_session_19_player2,Joint RL,closer_to_player2,0,0.5
joint_rl_session_19_player2,Joint RL,closer_to_player2,1,0.8739745083608209
joint_rl_session_19_player2,Joint RL,closer_to_player2,2,0.8172217486735054
joint_rl_session_19_player2,Joint RL,closer_to_player2,3,0.9999378726132534
joint_rl_session_19_player2,Joint RL,closer_to_player2,4,0.9999174795596998
joint_rl_session_19_player2,Joint RL,closer_to_player2,5,0.9998955065658549
joint_rl_session_19_player2,Joint RL,equal_to_both,0,0.5
joint_rl_session_19_player2,Joint RL,equal_to_both,1,0.6347668352576924
joint_rl_session_19_player2,Joint RL,equal_to_both,2,0.6999593283488258
joint_rl_session_19_player2,Joint RL,equal_to_both,3,0.7497866812578149
joint_rl_session_19_player2,Joint RL,equal_to_both,4,0.7497835309159302
joint_rl_session_19_player2,Joint RL,equal_to_both,5,0.9996024256204032
joint_rl_session_1_player1,Joint RL,closer_to_player1,0,0.5
joint_rl_session_1_player1,Joint RL,closer_to_player1,1,0.666508463241826
joint_rl_session_1_player1,Joint RL,closer_to_player1,2,0.8690318455213605
joint_rl_session_1_player1,Joint RL,closer_to_player1,3,0.9999651617635706
joint_rl_session_1_player1,Joint RL,closer_to_player1,4,0.999998660691683
joint_rl_session_1_player1,Joint RL,closer_to_player1,5,0.9999999977631672
joint_rl_session_1_player1,Joint RL,closer_to_player2,0,0.5
joint_rl_session_1_player1,Joint RL,closer_to_player2,1,0.8333542126941635
joint_rl_session_1_player1,Joint RL,closer_to_player2,2,0.8341821411498556
joint_rl_session_1_player1,Joint RL,closer_to_player2,3,0.8373670533399804
joint_rl_session_1_player1,Joint RL,closer_to_player2,4,0.8359453329976358
joint_rl_session_1_player1,Joint RL,closer_to_player2,5,0.8317405654832705
joint_rl_session_1_player1,Joint RL,equal_to_both,0,0.5
joint_rl_session_1_player1,Joint RL,equal_to_both,1,0.5000180341835289
joint_rl_session_1_player1,Joint RL,equal_to_both,2,0.5000191967766955
joint_rl_session_1_player1,Joint RL,equal_to_both,3,0.5000200692363922
joint_rl_session_1_player1,Joint RL,equal_to_both,4,0.5000248008755341
joint_rl_session_1_player1,Joint RL,equal_to_both,5,0.5000573832623317
joint_rl_session_1_player2,Joint RL,closer_to_player1,0,0.5
joint_rl_session_1_player2,Joint RL,closer_to_player1,1,0.5013114532694619
joint_rl_session_1_player2,Joint RL,closer_to_player1,2,0.5020696175930096
joint_rl_session_1_player2,Joint RL,closer_to_player1,3,0.6205720195801147
joint_rl_session_1_player2,Joint RL,closer_to_player1,4,0.8274475214979518
joint_rl_session_1_player2,Joint RL,closer_to_player1,5,0.9994783436821488
joint_rl_session_1_player2,Joint RL,closer_to_player2,0,0.5
joint_rl_session_1_player2,Joint RL,closer_to_player2,1,0.49987822325809256
joint_rl_session_1_player2,Joint RL,closer_to_player2,2,0.25083057075814436
joint_rl_session_1_player2,Joint RL,closer_to_player2,3,0.33486478872178616
joint_rl_session_1_player2,Joint RL,closer_to_player2,4,0.7024786498616101
joint_rl_session_1_player2,Joint RL,closer_to_player2,5,0.9984377904264856
joint_rl_session_1_player2,Joint RL,equal_to_both,0,0.5
joint_rl_session_1_player2,Joint RL,equal_to_both,1,0.4999999712771894
joint_rl_session_1_player2,Joint RL,equal_to_both,2,0.4999999543886775
joint_rl_session_1_player2,Joint RL,equal_to_both,3,0.500000400601193
joint_rl_session_1_player2,Joint RL,equal_to_both,4,0.9983014234973965
joint_rl_session_1_player2,Joint RL,equal_to_both,5,0.999994215250715
joint_rl_session_20_player1,Joint RL,closer_to_player1,0,0.5
joint_rl_session_20_player1,Joint RL,closer_to_player1,1,0.872892759703237
joint_rl_session_20_player1,Joint RL,closer_to_player1,2,0.9991204673009338
joint_rl_session_20_player1,Joint RL,closer_to_player1,3,0.9999960784497307
joint_rl_session_20_player1,Joint RL,closer_to_player1,4,0.9999980629905519
joint_rl_session_20_player1,Joint RL,closer_to_player1,5,0.9999990347054176
joint_rl_session_20_player1,Joint RL,closer_to_player2,0,0.5
joint_rl_session_20_player1,Joint RL,closer_to_player2,1,0.5017365514317196
joint_rl_session_20_player1,Joint RL,closer_to_player2,2,0.6708667673143448
joint_rl_session_20_player1,Joint RL,closer_to_player2,3,0.6722795151329154
joint_rl_session_20_player1,Joint RL,closer_to_player2,4,0.6747404641716498
joint_rl_session_20_player1,Joint RL,closer_to_player2,5,0.6705551099072006
joint_rl_session_20_player1,Joint RL,equal_to_both,0,0.5
joint_rl_session_20_player1,Joint RL,equal_to_both,1,0.9938675611373226
joint_rl_session_20_player1,Joint RL,equal_to_both,2,0.9999154785852614
joint_rl_session_20_player1,Joint RL,equal_to_both,3,0.9999750290962105
joint_rl_session_20_player1,Joint RL,equal_to_both,4,0.999975305060968
joint_rl_session_20_player1,Joint RL,equal_to_both,5,0.9999998265272851
joint_rl_session_20_player2,Joint RL,closer_to_player1,0,0.5
joint_rl_session_20_player2,Joint RL,closer_to_player1,1,0.5434121827545795
joint_rl_session_20_player2,Joint RL,closer_to_player1,2,0.6769731347055797
joint_rl_session_20_player2,Joint RL,closer_to_player1,3,0.8768381789677809
joint_rl_session_20_player2,Joint RL,closer_to_player1,4,0.8363335052556228
joint_rl_session_20_player2,Joint RL,closer_to_player1,5,0.8902837693689142
joint_rl_session_20_player2,Joint RL,closer_to_player2,0,0.5
joint_rl_session_20_player2,Joint RL,closer_to_player2,1,0.6789820855338955
joint_rl_session_20_player2,Joint RL,closer_to_player2,2,0.8409474792931172
joint_rl_session_20_player2,Joint RL,closer_to_player2,3,0.9999532998933648
joint_rl_session_20_player2,Joint RL,closer_to_player2,4,0.9999379840017335
joint_rl_session_20_player2,Joint RL,closer_to_player2,5,0.9999214660996607
joint_rl_session_20_player2,Joint RL,equal_to_both,0,0.5
joint_rl_session_20_player2,Joint RL,equal_to_both,1,0.6660924211702995
joint_rl_session_20_player2,Joint RL,equal_to_both,2,0.8312778143154698
joint_rl_session_20_player2,Joint RL,equal_to_both,3,0.9973933878725805
joint_rl_session_20_player2,Joint RL,equal_to_both,4,0.9974094450639653
joint_rl_session_20_player2,Joint RL,equal_to_both,5,0.9994374168184489
joint_rl_session_21_player1,Joint RL,closer_to_player1,0,0.5
joint_rl_session_21_player1,Joint RL,closer_to_player1,1,0.8335403356573208
joint_rl_session_21_player1,Joint RL,closer_to_player1,2,0.9986501027349987
joint_rl_session_21_player1,Joint RL,closer_to_player1,3,0.9998760045671718
joint_rl_session_21_player1,Joint RL,closer_to_player1,4,0.999896897359724
joint_rl_session_21_player1,Joint RL,closer_to_player1,5,0.9999999996753614
joint_rl_session_21_player1,Joint RL,closer_to_player2,0,0.5
joint_rl_session_21_player1,Joint RL,closer_to_player2,1,0.6661544347751982
joint_rl_session_21_player1,Joint RL,closer_to_player2,2,0.6672136825519965
joint_rl_session_21_player1,Joint RL,closer_to_player2,3,0.8350525881546761
joint_rl_session_21_player1,Joint RL,closer_to_player2,4,0.8354399573632697
joint_rl_session_21_player1,Joint RL,closer_to_player2,5,0.8348969384304983
joint_rl_session_21_player1,Joint RL,equal_to_both,0,0.5
joint_rl_session_21_player1,Joint RL,equal_to_both,1,0.7027637299319439
joint_rl_session_21_player1,Joint RL,equal_to_both,2,0.996223513334295
joint_rl_session_21_player1,Joint RL,equal_to_both,3,0.9962337401633343
joint_rl_session_21_player1,Joint RL,equal_to_both,4,0.9999783387433004
joint_rl_session_21_player1,Joint RL,equal_to_both,5,0.9999997730126456
joint_rl_session_21_player2,Joint RL,closer_to_player1,0,0.5
joint_rl_session_21_player2,Joint RL,closer_to_player1,1,0.6212099174907325
joint_rl_session_21_player2,Joint RL,closer_to_player1,2,0.6813236784608057
joint_rl_session_21_player2,Joint RL,closer_to_player1,3,0.7343900624644242
joint_rl_session_21_player2,Joint RL,closer_to_player1,4,0.8228335682235807
joint_rl_session_21_player2,Joint RL,closer_to_player1,5,0.8375867609942493
joint_rl_session_21_player2,Joint RL,closer_to_player2,0,0.5
joint_rl_session_21_player2,Joint RL,closer_to_player2,1,0.8327874036325672
joint_rl_session_21_player2,Joint RL,closer_to_player2,2,0.8683242262407743
joint_rl_session_21_player2,Joint RL,closer_to_player2,3,0.4924971018853423
joint_rl_session_21_player2,Joint RL,closer_to_player2,4,0.9802882562377754
joint_rl_session_21_player2,Joint RL,closer_to_player2,5,0.9999648382895927
joint_rl_session_21_player2,Joint RL,equal_to_both,0,0.5
joint_rl_session_21_player2,Joint RL,equal_to_both,1,0.6690762103741609
joint_rl_session_21_player2,Joint RL,equal_to_both,2,0.8762377746822243
joint_rl_session_21_player2,Joint RL,equal_to_both,3,0.9994993384420616
joint_rl_session_21_player2,Joint RL,equal_to_both,4,0.9999779121428874
joint_rl_session_21_player2,Joint RL,equal_to_both,5,0.9999997688920955
joint_rl_session_22_player1,Joint RL,closer_to_player1,0,0.5
joint_rl_session_22_player1,Joint RL,closer_to_player1,1,0.746419938716481
joint_rl_session_22_player1,Joint RL,closer_to_player1,2,0.69425725718698
joint_rl_session_22_player1,Joint RL,closer_to_player1,3,0.9996867550190667
joint_rl_session_22_player1,Joint RL,closer_to_player1,4,0.9999997329534557
joint_rl_session_22_player1,Joint RL,closer_to_player1,5,0.9999999995514193
joint_rl_session_22_player1,Joint RL,closer_to_player2,0,0.5
joint_rl_session_22_player1,Joint RL,closer_to_player2,1,0.3345509124152935
joint_rl_session_22_player1,Joint RL,closer_to_player2,2,0.3335362705222942
joint_rl_session_22_player1,Joint RL,closer_to_player2,3,0.336053141976061
joint_rl_session_22_player1,Joint RL,closer_to_player2,4,0.3772063113606798
joint_rl_session_22_player1,Joint RL,closer_to_player2,5,0.5326607435095575
joint_rl_session_22_player1,Joint RL,equal_to_both,0,0.5
joint_rl_session_22_player1,Joint RL,equal_to_both,1,0.2593811129587482
joint_rl_session_22_player1,Joint RL,equal_to_both,2,0.5052280873471312
joint_rl_session_22_player1,Joint RL,equal_to_both,3,0.8613198342303314
joint_rl_session_22_player1,Joint RL,equal_to_both,4,0.9949680749919521
joint_rl_session_22_player1,Joint RL,equal_to_both,5,0.9950072926314057
joint_rl_session_22_player2,Joint RL,closer_to_player1,0,0.5
joint_rl_session_22_player2,Joint RL,closer_to_player1,1,0.7498029252997548
joint_rl_session_22_player2,Joint RL,closer_to_player1,2,0.7485610911291548
joint_rl_session_22_player2,Joint RL,closer_to_player1,3,0.6824771436750232
joint_rl_session_22_player2,Joint RL,closer_to_player1,4,0.9985417627212674
joint_rl_session_22_player2,Joint RL,closer_to_player1,5,0.9999953697298464
joint_rl_session_22_player2,Joint RL,closer_to_player2,0,0.5
joint_rl_session_22_player2,Joint RL,closer_to_player2,1,0.6534652708212948
joint_rl_session_22_player2,Joint RL,closer_to_player2,2,0.5871205753235014
joint_rl_session_22_player2,Joint RL,closer_to_player2,3,0.8363072295479305
joint_rl_session_22_player2,Joint RL,closer_to_player2,4,0.9999872005601004
joint_rl_session_22_player2,Joint RL,closer_to_player2,5,0.9999849615712674
joint_rl_session_22_player2,Joint RL,equal_to_both,0,0.5
joint_rl_session_22_player2,Joint RL,equal_to_both,1,0.7413441342117437
joint_rl_session_22_player2,Joint RL,equal_to_both,2,0.7415900862996155
joint_rl_session_22_player2,Joint RL,equal_to_both,3,0.7498264851360288
joint_rl_session_22_player2,Joint RL,equal_to_both,4,0.7499647597053852
joint_rl_session_22_player2,Joint RL,equal_to_both,5,0.7499150114951683
joint_rl_session_23_player1,Joint RL,closer_to_player1,0,0.5
joint_rl_session_23_player1,Joint RL,closer_to_player1,1,0.5258406380111383
joint_rl_session_23_player1,Joint RL,closer_to_player1,2,0.5499592443403324
joint_rl_session_23_player1,Joint RL,closer_to_player1,3,0.7012345989670631
joint_rl_session_23_player1,Joint RL,closer_to_player1,4,0.9131558230129034
joint_rl_session_23_player1,Joint RL,closer_to_player1,5,0.9387162268405964
joint_rl_session_23_player1,Joint RL,closer_to_player2,0,0.5
joint_rl_session_23_player1,Joint RL,closer_to_player2,1,0.5374812705335191
joint_rl_session_23_player1,Joint RL,closer_to_player2,2,0.6470866446085431
joint_rl_session_23_player1,Joint RL,closer_to_player2,3,0.6496503096329319
joint_rl_session_23_player1,Joint RL,closer_to_player2,4,0.7846002040633779
joint_rl_session_23_player1,Joint RL,closer_to_player2,5,0.8492267408655335
joint_rl_session_23_player1,Joint RL,equal_to_both,0,0.5
joint_rl_session_23_player1,Joint RL,equal_to_both,1,0.8213722192569158
joint_rl_session_23_player1,Joint RL,equal_to_both,2,0.9905806415584278
joint_rl_session_23_player1,Joint RL,equal_to_both,3,0.9962604584086864
joint_rl_session_23_player1,Joint RL,equal_to_both,4,0.9999561382524758
joint_rl_session_23_player1,Joint RL,equal_to_both,5,0.9999955727445896
joint_rl_session_23_player2,Joint RL,closer_to_player1,0,0.5
joint_rl_session_23_player2,Joint RL,closer_to_player1,1,0.6926491789464704
joint_rl_session_23_player2,Joint RL,closer_to_player1,2,0.6483113643533027
joint_rl_session_23_player2,Joint RL,closer_to_player1,3,0.7019674601069843
joint_rl_session_23_player2,Joint RL,closer_to_player1,4,0.7486689654031435
joint_rl_session_23_player2,Joint RL,closer_to_player1,5,0.7827144269798306
joint_rl_session_23_player2,Joint RL,closer_to_player2,0,0.5
joint_rl_session_23_player2,Joint RL,closer_to_player2,1,0.6426182268907902
joint_rl_session_23_player2,Joint RL,closer_to_player2,2,0.8335159171082432
joint_rl_session_23_player2,Joint RL,closer_to_player2,3,0.9999812870754002
joint_rl_session_23_player2,Joint RL,closer_to_player2,4,0.99998229893662
joint_rl_session_23_player2,Joint RL,closer_to_player2,5,0.9999999988163659
joint_rl_session_23_player2,Joint RL,equal_to_both,0,0.5
joint_rl_session_23_player2,Joint RL,equal_to_both,1,0.4997948049958099
joint_rl_session_23_player2,Joint RL,equal_to_both,2,0.5054237743914068
joint_rl_session_23_player2,Joint RL,equal_to_both,3,0.5054839611610924
joint_rl_session_23_player2,Joint RL,equal_to_both,4,0.5054419952182877
joint_rl_session_23_player2,Joint RL,equal_to_both,5,0.8024829352828156
joint_rl_session_24_player1,Joint RL,closer_to_player1,0,0.5
joint_rl_session_24_player1,Joint RL,closer_to_player1,1,0.679551839434183
joint_rl_session_24_player1,Joint RL,closer_to_player1,2,0.6584918483915262
joint_rl_session_24_player1,Joint RL,closer_to_player1,3,0.9996989501499823
joint_rl_session_24_player1,Joint RL,closer_to_player1,4,0.9999175334277305
joint_rl_session_24_player1,Joint RL,closer_to_player1,5,0.9998955422387649
joint_rl_session_24_player1,Joint RL,closer_to_player2,0,0.5
joint_rl_session_24_player1,Joint RL,closer_to_player2,1,0.5029819693091298
joint_rl_session_24_player1,Joint RL,closer_to_player2,2,0.5057643343465048
joint_rl_session_24_player1,Joint RL,closer_to_player2,3,0.5132611911007863
joint_rl_session_24_player1,Joint RL,closer_to_player2,4,0.5856817969400273
joint_rl_session_24_player1,Joint RL,closer_to_player2,5,0.7475435733455383
joint_rl_session_24_player1,Joint RL,equal_to_both,0,0.5
joint_rl_session_24_player1,Joint RL,equal_to_both,1,0.2524429111698665
joint_rl_session_24_player1,Joint RL,equal_to_both,2,0.5013663493928828
joint_rl_session_24_player1,Joint RL,equal_to_both,3,0.5030293475067968
joint_rl_session_24_player1,Joint RL,equal_to_both,4,0.942368358062331
joint_rl_session_24_player1,Joint RL,equal_to_both,5,0.9998889493823473
joint_rl_session_24_player2,Joint RL,closer_to_player1,0,0.5
joint_rl_session_24_player2,Joint RL,closer_to_player1,1,0.3371529238934687
joint_rl_session_24_player2,Joint RL,closer_to_player1,2,0.4172635918976926
joint_rl_session_24_player2,Joint RL,closer_to_player1,3,0.6535994365245105
joint_rl_session_24_player2,Joint RL,closer_to_player1,4,0.655631700473711
joint_rl_session_24_player2,Joint RL,closer_to_player1,5,0.6720110303856762
joint_rl_session_24_player2,Joint RL,closer_to_player2,0,0.5
joint_rl_session_24_player2,Joint RL,closer_to_player2,1,0.5662566015044075
joint_rl_session_24_player2,Joint RL,closer_to_player2,2,0.7460437058269856
joint_rl_session_24_player2,Joint RL,closer_to_player2,3,0.9984809061279458
joint_rl_session_24_player2,Joint RL,closer_to_player2,4,0.9999757359162877
joint_rl_session_24_player2,Joint RL,closer_to_player2,5,0.9999999931440862
joint_rl_session_24_player2,Joint RL,equal_to_both,0,0.5
joint_rl_session_24_player2,Joint RL,equal_to_both,1,0.7469150837461703
joint_rl_session_24_player2,Joint RL,equal_to_both,2,0.998288728020656
joint_rl_session_24_player2,Joint RL,equal_to_both,3,0.9999890411848108
joint_rl_session_24_player2,Joint RL,equal_to_both,4,0.9999998721011556
joint_rl_session_24_player2,Joint RL,equal_to_both,5,0.9999999862010367
joint_rl_session_25_player1,Joint RL,closer_to_player1,0,0.5
joint_rl_session_25_player1,Joint RL,closer_to_player1,1,0.6400038649099021
joint_rl_session_25_player1,Joint RL,closer_to_player1,2,0.7109673848818479
joint_rl_session_25_player1,Joint RL,closer_to_player1,3,0.5975774757634899
joint_rl_session_25_player1,Joint RL,closer_to_player1,4,0.498651455018197
joint_rl_session_25_player1,Joint RL,closer_to_player1,5,0.999985537975047
joint_rl_session_25_player1,Joint RL,closer_to_player2,0,0.5
joint_rl_session_25_player1,Joint RL,closer_to_player2,1,0.5032578468436707
joint_rl_session_25_player1,Joint RL,closer_to_player2,2,0.6672316136518281
joint_rl_session_25_player1,Joint RL,closer_to_player2,3,0.6678860899629013
joint_rl_session_25_player1,Joint RL,closer_to_player2,4,0.6677227896287704
joint_rl_session_25_player1,Joint RL,closer_to_player2,5,0.6720676576087241
joint_rl_session_25_player1,Joint RL,equal_to_both,0,0.5
joint_rl_session_25_player1,Joint RL,equal_to_both,1,0.5066757672945024
joint_rl_session_25_player1,Joint RL,equal_to_both,2,0.5074536602037658
joint_rl_session_25_player1,Joint RL,equal_to_both,3,0.753774628429237
joint_rl_session_25_player1,Joint RL,equal_to_both,4,0.7540033376519946
joint_rl_session_25_player1,Joint RL,equal_to_both,5,0.7579505222299723
joint_rl_session_25_player2,Joint RL,closer_to_player1,0,0.5
joint_rl_session_25_player2,Joint RL,closer_to_player1,1,0.5941554416338217
joint_rl_session_25_player2,Joint RL,closer_to_player1,2,0.5056057373918807
joint_rl_session_25_player2,Joint RL,closer_to_player1,3,0.5102017192753915
joint_rl_session_25_player2,Joint RL,closer_to_player1,4,0.5099604033011333
joint_rl_session_25_player2,Joint RL,closer_to_player1,5,0.5062039260902337
joint_rl_session_25_player2,Joint RL,closer_to_player2,0,0.5
joint_rl_session_25_player2,Joint RL,closer_to_player2,1,0.6163157309578233
joint_rl_session_25_player2,Joint RL,closer_to_player2,2,0.833999054775986
joint_rl_session_25_player2,Joint RL,closer_to_player2,3,0.826106049751255
joint_rl_session_25_player2,Joint RL,closer_to_player2,4,0.8507094078203186
joint_rl_session_25_player2,Joint RL,closer_to_player2,5,0.8507830066760066
joint_rl_session_25_player2,Joint RL,equal_to_both,0,0.5
joint_rl_session_25_player2,Joint RL,equal_to_both,1,0.7353909282282435
joint_rl_session_25_player2,Joint RL,equal_to_both,2,0.9941979404863448
joint_rl_session_25_player2,Joint RL,equal_to_both,3,0.994497132405183
joint_rl_session_25_player2,Joint RL,equal_to_both,4,0.9945456102697018
joint_rl_session_25_player2,Joint RL,equal_to_both,5,0.994565283895537
joint_rl_session_26_player1,Joint RL,closer_to_player1,0,0.5
joint_rl_session_26_player1,Joint RL,closer_to_player1,1,0.8305238201579034
joint_rl_session_26_player1,Joint RL,closer_to_player1,2,0.8309138651634637
joint_rl_session_26_player1,Joint RL,closer_to_player1,3,0.8327199451866506
joint_rl_session_26_player1,Joint RL,closer_to_player1,4,0.8490995264962248
joint_rl_session_26_player1,Joint RL,closer_to_player1,5,0.7917183571049118
joint_rl_session_26_player1,Joint RL,closer_to_player2,0,0.5
joint_rl_session_26_player1,Joint RL,closer_to_player2,1,0.5077697703865877
joint_rl_session_26_player1,Joint RL,closer_to_player2,2,0.6475293060313961
joint_rl_session_26_player1,Joint RL,closer_to_player2,3,0.6882875515009254
joint_rl_session_26_player1,Joint RL,closer_to_player2,4,0.8181167398367316
joint_rl_session_26_player1,Joint RL,closer_to_player2,5,0.8262946631834732
joint_rl_session_26_player1,Joint RL,equal_to_both,0,0.5
joint_rl_session_26_player1,Joint RL,equal_to_both,1,0.6654636438136309
joint_rl_session_26_player1,Joint RL,equal_to_both,2,0.9994692725374147
joint_rl_session_26_player1,Joint RL,equal_to_both,3,0.9999990345617684
joint_rl_session_26_player1,Joint RL,equal_to_both,4,0.9999995608854645
joint_rl_session_26_player1,Joint RL,equal_to_both,5,0.9999999984680001
joint_rl_session_26_player2,Joint RL,closer_to_player1,0,0.5
joint_rl_session_26_player2,Joint RL,closer_to_player1,1,0.49438973906592293
joint_rl_session_26_player2,Joint RL,closer_to_player1,2,0.6692128772969322
joint_rl_session_26_player2,Joint RL,closer_to_player1,3,0.66857242155344
joint_rl_session_26_player2,Joint RL,closer_to_player1,4,0.6277274411685451
joint_rl_session_26_player2,Joint RL,closer_to_player1,5,0.6855489671969562
joint_rl_session_26_player2,Joint RL,closer_to_player2,0,0.5
joint_rl_session_26_player2,Joint RL,closer_to_player2,1,0.8351429373980066
joint_rl_session_26_player2,Joint RL,closer_to_player2,2,0.8512052306273937
joint_rl_session_26_player2,Joint RL,closer_to_player2,3,0.9999980789294468
joint_rl_session_26_player2,Joint RL,closer_to_player2,4,0.9999999984448312
joint_rl_session_26_player2,Joint RL,closer_to_player2,5,0.9999999999746715
joint_rl_session_26_player2,Joint RL,equal_to_both,0,0.5
joint_rl_session_26_player2,Joint RL,equal_to_both,1,0.8316420927185441
joint_rl_session_26_player2,Joint RL,equal_to_both,2,0.9980549441568547
joint_rl_session_26_player2,Joint RL,equal_to_both,3,0.9997353441328771
joint_rl_session_26_player2,Joint RL,equal_to_both,4,0.9997680507463023
joint_rl_session_26_player2,Joint RL,equal_to_both,5,0.999999907868853
joint_rl_session_27_player1,Joint RL,closer_to_player1,0,0.5
joint_rl_session_27_player1,Joint RL,closer_to_player1,1,0.8297477937410718
joint_rl_session_27_player1,Joint RL,closer_to_player1,2,0.8315488677616294
joint_rl_session_27_player1,Joint RL,closer_to_player1,3,0.8727973259764491
joint_rl_session_27_player1,Joint RL,closer_to_player1,4,0.9998915300036636
joint_rl_session_27_player1,Joint RL,closer_to_player1,5,0.9999999457024692
joint_rl_session_27_player1,Joint RL,closer_to_player2,0,0.5
joint_rl_session_27_player1,Joint RL,closer_to_player2,1,0.7547728996227048
joint_rl_session_27_player1,Joint RL,closer_to_player2,2,0.7535453803013062
joint_rl_session_27_player1,Joint RL,closer_to_player2,3,0.6871307407358183
joint_rl_session_27_player1,Joint RL,closer_to_player2,4,0.7723253884228664
joint_rl_session_27_player1,Joint RL,closer_to_player2,5,0.8526160540857571
joint_rl_session_27_player1,Joint RL,equal_to_both,0,0.5
joint_rl_session_27_player1,Joint RL,equal_to_both,1,0.7489051392958441
joint_rl_session_27_player1,Joint RL,equal_to_both,2,0.7497278854039977
joint_rl_session_27_player1,Joint RL,equal_to_both,3,0.9969120750692906
joint_rl_session_27_player1,Joint RL,equal_to_both,4,0.996935709936408
joint_rl_session_27_player1,Joint RL,equal_to_both,5,0.9969522751337261
joint_rl_session_27_player2,Joint RL,closer_to_player1,0,0.5
joint_rl_session_27_player2,Joint RL,closer_to_player1,1,0.3340567805298737
joint_rl_session_27_player2,Joint RL,closer_to_player1,2,0.44474058228768815
joint_rl_session_27_player2,Joint RL,closer_to_player1,3,0.47229488724707425
joint_rl_session_27_player2,Joint RL,closer_to_player1,4,0.6798921148516183
joint_rl_session_27_player2,Joint RL,closer_to_player1,5,0.7346744971983776
joint_rl_session_27_player2,Joint RL,closer_to_player2,0,0.5
joint_rl_session_27_player2,Joint RL,closer_to_player2,1,0.7503011661931265
joint_rl_session_27_player2,Joint RL,closer_to_player2,2,0.7495842190295087
joint_rl_session_27_player2,Joint RL,closer_to_player2,3,0.9996877386900376
joint_rl_session_27_player2,Joint RL,closer_to_player2,4,0.9996279415569524
joint_rl_session_27_player2,Joint RL,closer_to_player2,5,0.9999998487930072
joint_rl_session_27_player2,Joint RL,equal_to_both,0,0.5
joint_rl_session_27_player2,Joint RL,equal_to_both,1,0.7406812470630627
joint_rl_session_27_player2,Joint RL,equal_to_both,2,0.7413601945779796
joint_rl_session_27_player2,Joint RL,equal_to_both,3,0.7410905571893551
joint_rl_session_27_player2,Joint RL,equal_to_both,4,0.9915850002617961
joint_rl_session_27_player2,Joint RL,equal_to_both,5,0.9999475857057232
joint_rl_session_28_player1,Joint RL,closer_to_player1,0,0.5
joint_rl_session_28_player1,Joint RL,closer_to_player1,1,0.6919117564646076
joint_rl_session_28_player1,Joint RL,closer_to_player1,2,0.6514338185204516
joint_rl_session_28_player1,Joint RL,closer_to_player1,3,0.9997983010142807
joint_rl_session_28_player1,Joint RL,closer_to_player1,4,0.9999999004126195
joint_rl_session_28_player1,Joint RL,closer_to_player1,5,0.9999998904547522
joint_rl_session_28_player1,Joint RL,closer_to_player2,0,0.5
joint_rl_session_28_player1,Joint RL,closer_to_player2,1,0.5033084204863978
joint_rl_session_28_player1,Joint RL,closer_to_player2,2,0.5012244217914307
joint_rl_session_28_player1,Joint RL,closer_to_player2,3,0.533536130365626
joint_rl_session_28_player1,Joint RL,closer_to_player2,4,0.5675350165628524
joint_rl_session_28_player1,Joint RL,closer_to_player2,5,0.6197232695598683
joint_rl_session_28_player1,Joint RL,equal_to_both,0,0.5
joint_rl_session_28_player1,Joint RL,equal_to_both,1,0.7469062909142525
joint_rl_session_28_player1,Joint RL,equal_to_both,2,0.7499519556105438
joint_rl_session_28_player1,Joint RL,equal_to_both,3,0.749952421983109
joint_rl_session_28_player1,Joint RL,equal_to_both,4,0.7499525977390425
joint_rl_session_28_player1,Joint RL,equal_to_both,5,0.7499819111567236
joint_rl_session_28_player2,Joint RL,closer_to_player1,0,0.5
joint_rl_session_28_player2,Joint RL,closer_to_player1,1,0.5035973922769007
joint_rl_session_28_player2,Joint RL,closer_to_player1,2,0.5054699133270752
joint_rl_session_28_player2,Joint RL,closer_to_player1,3,0.5025207590715614
joint_rl_session_28_player2,Joint RL,closer_to_player1,4,0.4879625954229878
joint_rl_session_28_player2,Joint RL,closer_to_player1,5,0.5333388825093075
joint_rl_session_28_player2,Joint RL,closer_to_player2,0,0.5
joint_rl_session_28_player2,Joint RL,closer_to_player2,1,0.47308186237883754
joint_rl_session_28_player2,Joint RL,closer_to_player2,2,0.7111684261200684
joint_rl_session_28_player2,Joint RL,closer_to_player2,3,0.784888464708141
joint_rl_session_28_player2,Joint RL,closer_to_player2,4,0.9999505844982733
joint_rl_session_28_player2,Joint RL,closer_to_player2,5,0.99997148069657
joint_rl_session_28_player2,Joint RL,equal_to_both,0,0.5
joint_rl_session_28_player2,Joint RL,equal_to_both,1,0.7414000879821937
joint_rl_session_28_player2,Joint RL,equal_to_both,2,0.7416091588611156
joint_rl_session_28_player2,Joint RL,equal_to_both,3,0.9990045179658436
joint_rl_session_28_player2,Joint RL,equal_to_both,4,0.9990235279128552
joint_rl_session_28_player2,Joint RL,equal_to_both,5,0.9998581205673526
joint_rl_session_29_player1,Joint RL,closer_to_player1,0,0.5
joint_rl_session_29_player1,Joint RL,closer_to_player1,1,0.7144934713512717
joint_rl_session_29_player1,Joint RL,closer_to_player1,2,0.8848976285880145
joint_rl_session_29_player1,Joint RL,closer_to_player1,3,0.9028162643516686
joint_rl_session_29_player1,Joint RL,closer_to_player1,4,0.7423499952548546
joint_rl_session_29_player1,Joint RL,closer_to_player1,5,0.6829838357614235
joint_rl_session_29_player1,Joint RL,closer_to_player2,0,0.5
joint_rl_session_29_player1,Joint RL,closer_to_player2,1,0.6654987074210084
joint_rl_session_29_player1,Joint RL,closer_to_player2,2,0.6332778191412044
joint_rl_session_29_player1,Joint RL,closer_to_player2,3,0.7016690728284999
joint_rl_session_29_player1,Joint RL,closer_to_player2,4,0.8243754771783194
joint_rl_session_29_player1,Joint RL,closer_to_player2,5,0.8516499529685793
joint_rl_session_29_player1,Joint RL,equal_to_both,0,0.5
joint_rl_session_29_player1,Joint RL,equal_to_both,1,0.7465228153560706
joint_rl_session_29_player1,Joint RL,equal_to_both,2,0.7534280881239988
joint_rl_session_29_player1,Joint RL,equal_to_both,3,0.7934070382667502
joint_rl_session_29_player1,Joint RL,equal_to_both,4,0.9999843457133251
joint_rl_session_29_player1,Joint RL,equal_to_both,5,0.9999899870061568
joint_rl_session_29_player2,Joint RL,closer_to_player1,0,0.5
joint_rl_session_29_player2,Joint RL,closer_to_player1,1,0.6667747970409316
joint_rl_session_29_player2,Joint RL,closer_to_player1,2,0.6671312572801346
joint_rl_session_29_player2,Joint RL,closer_to_player1,3,0.6657486742738743
joint_rl_session_29_player2,Joint RL,closer_to_player1,4,0.6662313498602369
joint_rl_session_29_player2,Joint RL,closer_to_player1,5,0.6649227799650109
joint_rl_session_29_player2,Joint RL,closer_to_player2,0,0.5
joint_rl_session_29_player2,Joint RL,closer_to_player2,1,0.9021045812823667
joint_rl_session_29_player2,Joint RL,closer_to_player2,2,0.9997173007702361
joint_rl_session_29_player2,Joint RL,closer_to_player2,3,0.9999972930568471
joint_rl_session_29_player2,Joint RL,closer_to_player2,4,0.9999999998591645
joint_rl_session_29_player2,Joint RL,closer_to_player2,5,0.9999999999997546
joint_rl_session_29_player2,Joint RL,equal_to_both,0,0.5
joint_rl_session_29_player2,Joint RL,equal_to_both,1,0.4558475125557341
joint_rl_session_29_player2,Joint RL,equal_to_both,2,0.6575824507944783
joint_rl_session_29_player2,Joint RL,equal_to_both,3,0.6162046542653813
joint_rl_session_29_player2,Joint RL,equal_to_both,4,0.9999264723338228
joint_rl_session_29_player2,Joint RL,equal_to_both,5,0.9999529014985631
joint_rl_session_2_player1,Joint RL,closer_to_player1,0,0.5
joint_rl_session_2_player1,Joint RL,closer_to_player1,1,0.33356910038857085
joint_rl_session_2_player1,Joint RL,closer_to_player1,2,0.3885119839368392
joint_rl_session_2_player1,Joint RL,closer_to_player1,3,0.6624764659483041
joint_rl_session_2_player1,Joint RL,closer_to_player1,4,0.910796513181788
joint_rl_session_2_player1,Joint RL,closer_to_player1,5,0.9488289623553059
joint_rl_session_2_player1,Joint RL,closer_to_player2,0,0.5
joint_rl_session_2_player1,Joint RL,closer_to_player2,1,0.6631942410062582
joint_rl_session_2_player1,Joint RL,closer_to_player2,2,0.672730542181096
joint_rl_session_2_player1,Joint RL,closer_to_player2,3,0.6714598067211912
joint_rl_session_2_player1,Joint RL,closer_to_player2,4,0.6306911606102126
joint_rl_session_2_player1,Joint RL,closer_to_player2,5,0.6872003285744371
joint_rl_session_2_player1,Joint RL,equal_to_both,0,0.5
joint_rl_session_2_player1,Joint RL,equal_to_both,1,0.49647117725885526
joint_rl_session_2_player1,Joint RL,equal_to_both,2,0.828173671064349
joint_rl_session_2_player1,Joint RL,equal_to_both,3,0.9963291371187667
joint_rl_session_2_player1,Joint RL,equal_to_both,4,0.9998760541421614
joint_rl_session_2_player1,Joint RL,equal_to_both,5,0.9999618412063969
joint_rl_session_2_player2,Joint RL,closer_to_player1,0,0.5
joint_rl_session_2_player2,Joint RL,closer_to_player1,1,0.6654330277325858
joint_rl_session_2_player2,Joint RL,closer_to_player1,2,0.666556213735542
joint_rl_session_2_player2,Joint RL,closer_to_player1,3,0.6685630867610644
joint_rl_session_2_player2,Joint RL,closer_to_player1,4,0.66853423062621
joint_rl_session_2_player2,Joint RL,closer_to_player1,5,0.6685599018361769
joint_rl_session_2_player2,Joint RL,closer_to_player2,0,0.5
joint_rl_session_2_player2,Joint RL,closer_to_player2,1,0.8052720965635616
joint_rl_session_2_player2,Joint RL,closer_to_player2,2,0.7816409818614902
joint_rl_session_2_player2,Joint RL,closer_to_player2,3,0.7637768491658538
joint_rl_session_2_player2,Joint RL,closer_to_player2,4,0.7778966092226742
joint_rl_session_2_player2,Joint RL,closer_to_player2,5,0.9999953257186037
joint_rl_session_2_player2,Joint RL,equal_to_both,0,0.5
joint_rl_session_2_player2,Joint RL,equal_to_both,1,0.6609775904256366
joint_rl_session_2_player2,Joint RL,equal_to_both,2,0.6648512354276445
joint_rl_session_2_player2,Joint RL,equal_to_both,3,0.5005925462084951
joint_rl_session_2_player2,Joint RL,equal_to_both,4,0.9409447051267867
joint_rl_session_2_player2,Joint RL,equal_to_both,5,0.9999707595233759
joint_rl_session_3_player1,Joint RL,closer_to_player1,0,0.5
joint_rl_session_3_player1,Joint RL,closer_to_player1,1,0.6673118521767636
joint_rl_session_3_player1,Joint RL,closer_to_player1,2,0.5573471062953628
joint_rl_session_3_player1,Joint RL,closer_to_player1,3,0.7550742275573884
joint_rl_session_3_player1,Joint RL,closer_to_player1,4,0.7791571440852235
joint_rl_session_3_player1,Joint RL,closer_to_player1,5,0.9999972456712498
joint_rl_session_3_player1,Joint RL,closer_to_player2,0,0.5
joint_rl_session_3_player1,Joint RL,closer_to_player2,1,0.6228465678226623
joint_rl_session_3_player1,Joint RL,closer_to_player2,2,0.6752132172460871
joint_rl_session_3_player1,Joint RL,closer_to_player2,3,0.7286431989081986
joint_rl_session_3_player1,Joint RL,closer_to_player2,4,0.7716787306494184
joint_rl_session_3_player1,Joint RL,closer_to_player2,5,0.8121845270358802
joint_rl_session_3_player1,Joint RL,equal_to_both,0,0.5
joint_rl_session_3_player1,Joint RL,equal_to_both,1,0.4985816086552928
joint_rl_session_3_player1,Joint RL,equal_to_both,2,0.9375902127540043
joint_rl_session_3_player1,Joint RL,equal_to_both,3,0.9999850305690571
joint_rl_session_3_player1,Joint RL,equal_to_both,4,0.9999898064986878
joint_rl_session_3_player1,Joint RL,equal_to_both,5,0.9999999648051762
joint_rl_session_3_player2,Joint RL,closer_to_player1,0,0.5
joint_rl_session_3_player2,Joint RL,closer_to_player1,1,0.6438412507379251
joint_rl_session_3_player2,Joint RL,closer_to_player1,2,0.6365716689281418
joint_rl_session_3_player2,Joint RL,closer_to_player1,3,0.6232042627675216
joint_rl_session_3_player2,Joint RL,closer_to_player1,4,0.6179825481642468
joint_rl_session_3_player2,Joint RL,closer_to_player1,5,0.6674710522554607
joint_rl_session_3_player2,Joint RL,closer_to_player2,0,0.5
joint_rl_session_3_player2,Joint RL,closer_to_player2,1,0.8322850947077262
joint_rl_session_3_player2,Joint RL,closer_to_player2,2,0.8341612108673017
joint_rl_session_3_player2,Joint RL,closer_to_player2,3,0.8362869681428049
joint_rl_session_3_player2,Joint RL,closer_to_player2,4,0.8639522300262527
joint_rl_session_3_player2,Joint RL,closer_to_player2,5,0.7969673855500314
joint_rl_session_3_player2,Joint RL,equal_to_both,0,0.5
joint_rl_session_3_player2,Joint RL,equal_to_both,1,0.7499148309649963
joint_rl_session_3_player2,Joint RL,equal_to_both,2,0.9991481536171036
joint_rl_session_3_player2,Joint RL,equal_to_both,3,0.9999971283845821
joint_rl_session_3_player2,Joint RL,equal_to_both,4,0.999999982290039
joint_rl_session_3_player2,Joint RL,equal_to_both,5,0.9999999996229471
joint_rl_session_4_player1,Joint RL,closer_to_player1,0,0.5
joint_rl_session_4_player1,Joint RL,closer_to_player1,1,0.8350789032052436
joint_rl_session_4_player1,Joint RL,closer_to_player1,2,0.820977837060917
joint_rl_session_4_player1,Joint RL,closer_to_player1,3,0.8547411652540392
joint_rl_session_4_player1,Joint RL,closer_to_player1,4,0.9998986817410123
joint_rl_session_4_player1,Joint RL,closer_to_player1,5,0.9999999843882861
joint_rl_session_4_player1,Joint RL,closer_to_player2,0,0.5
joint_rl_session_4_player1,Joint RL,closer_to_player2,1,0.513329498465111
joint_rl_session_4_player1,Joint RL,closer_to_player2,2,0.7679268804826076
joint_rl_session_4_player1,Joint RL,closer_to_player2,3,0.7701073385647496
joint_rl_session_4_player1,Joint RL,closer_to_player2,4,0.773737248779028
joint_rl_session_4_player1,Joint RL,closer_to_player2,5,0.7663303875389051
joint_rl_session_4_player1,Joint RL,equal_to_both,0,0.5
joint_rl_session_4_player1,Joint RL,equal_to_both,1,0.9956680702528518
joint_rl_session_4_player1,Joint RL,equal_to_both,2,0.9990767322264107
joint_rl_session_4_player1,Joint RL,equal_to_both,3,0.999346208818361
joint_rl_session_4_player1,Joint RL,equal_to_both,4,0.9995800750651498
joint_rl_session_4_player1,Joint RL,equal_to_both,5,0.9997319017822083
joint_rl_session_4_player2,Joint RL,closer_to_player1,0,0.5
joint_rl_session_4_player2,Joint RL,closer_to_player1,1,0.45102358701245837
joint_rl_session_4_player2,Joint RL,closer_to_player1,2,0.6393173567035072
joint_rl_session_4_player2,Joint RL,closer_to_player1,3,0.8301312020008056
joint_rl_session_4_player2,Joint RL,closer_to_player1,4,0.8050278351863543
joint_rl_session_4_player2,Joint RL,closer_to_player1,5,0.840864041385033
joint_rl_session_4_player2,Joint RL,closer_to_player2,0,0.5
joint_rl_session_4_player2,Joint RL,closer_to_player2,1,0.815949091953211
joint_rl_session_4_player2,Joint RL,closer_to_player2,2,0.999558588511126
joint_rl_session_4_player2,Joint RL,closer_to_player2,3,0.9999994588634775
joint_rl_session_4_player2,Joint RL,closer_to_player2,4,0.9999996077205744
joint_rl_session_4_player2,Joint RL,closer_to_player2,5,0.9999999994703288
joint_rl_session_4_player2,Joint RL,equal_to_both,0,0.5
joint_rl_session_4_player2,Joint RL,equal_to_both,1,0.4981798647980764
joint_rl_session_4_player2,Joint RL,equal_to_both,2,0.7811036968441513
joint_rl_session_4_player2,Joint RL,equal_to_both,3,0.7449336884495925
joint_rl_session_4_player2,Joint RL,equal_to_both,4,0.8110099830326256
joint_rl_session_4_player2,Joint RL,equal_to_both,5,0.8833186322917275
joint_rl_session_5_player1,Joint RL,closer_to_player1,0,0.5
joint_rl_session_5_player1,Joint RL,closer_to_player1,1,0.8336792605780571
joint_rl_session_5_player1,Joint RL,closer_to_player1,2,0.8343273400978499
joint_rl_session_5_player1,Joint RL,closer_to_player1,3,0.8548369701056737
joint_rl_session_5_player1,Joint RL,closer_to_player1,4,0.8685512696821022
joint_rl_session_5_player1,Joint RL,closer_to_player1,5,0.8992004785031539
joint_rl_session_5_player1,Joint RL,closer_to_player2,0,0.5
joint_rl_session_5_player1,Joint RL,closer_to_player2,1,0.6683628769384997
joint_rl_session_5_player1,Joint RL,closer_to_player2,2,0.6698355790705482
joint_rl_session_5_player1,Joint RL,closer_to_player2,3,0.66924945033391
joint_rl_session_5_player1,Joint RL,closer_to_player2,4,0.8338720423275937
joint_rl_session_5_player1,Joint RL,closer_to_player2,5,0.798180799212043
joint_rl_session_5_player1,Joint RL,equal_to_both,0,0.5
joint_rl_session_5_player1,Joint RL,equal_to_both,1,0.48788226438198545
joint_rl_session_5_player1,Joint RL,equal_to_both,2,0.9888567890738768
joint_rl_session_5_player1,Joint RL,equal_to_both,3,0.9998052071176832
joint_rl_session_5_player1,Joint RL,equal_to_both,4,0.9999948572627557
joint_rl_session_5_player1,Joint RL,equal_to_both,5,0.9999998026793593
joint_rl_session_5_player2,Joint RL,closer_to_player1,0,0.5
joint_rl_session_5_player2,Joint RL,closer_to_player1,1,0.6157022394363236
joint_rl_session_5_player2,Joint RL,closer_to_player1,2,0.5732288202539112
joint_rl_session_5_player2,Joint RL,closer_to_player1,3,0.8003280442584663
joint_rl_session_5_player2,Joint RL,closer_to_player1,4,0.8315249324414927
joint_rl_session_5_player2,Joint RL,closer_to_player1,5,0.8070364441086691
joint_rl_session_5_player2,Joint RL,closer_to_player2,0,0.5
joint_rl_session_5_player2,Joint RL,closer_to_player2,1,0.5820371137700837
joint_rl_session_5_player2,Joint RL,closer_to_player2,2,0.8206383568134683
joint_rl_session_5_player2,Joint RL,closer_to_player2,3,0.999766747092818
joint_rl_session_5_player2,Joint RL,closer_to_player2,4,0.9997115631778092
joint_rl_session_5_player2,Joint RL,closer_to_player2,5,0.9999999833649367
joint_rl_session_5_player2,Joint RL,equal_to_both,0,0.5
joint_rl_session_5_player2,Joint RL,equal_to_both,1,0.9827411102699917
joint_rl_session_5_player2,Joint RL,equal_to_both,2,0.9832353391922188
joint_rl_session_5_player2,Joint RL,equal_to_both,3,0.9834301430926314
joint_rl_session_5_player2,Joint RL,equal_to_both,4,0.9835506448972904
joint_rl_session_5_player2,Joint RL,equal_to_both,5,0.9836619364083028
joint_rl_session_6_player1,Joint RL,closer_to_player1,0,0.5
joint_rl_session_6_player1,Joint RL,closer_to_player1,1,0.6661098806945372
joint_rl_session_6_player1,Joint RL,closer_to_player1,2,0.994966077853641
joint_rl_session_6_player1,Joint RL,closer_to_player1,3,0.9999977102995707
joint_rl_session_6_player1,Joint RL,closer_to_player1,4,0.9999999935923024
joint_rl_session_6_player1,Joint RL,closer_to_player1,5,0.9999999999662613
joint_rl_session_6_player1,Joint RL,closer_to_player2,0,0.5
joint_rl_session_6_player1,Joint RL,closer_to_player2,1,0.5001645230969551
joint_rl_session_6_player1,Joint RL,closer_to_player2,2,0.7391711592685039
joint_rl_session_6_player1,Joint RL,closer_to_player2,3,0.9960018304930451
joint_rl_session_6_player1,Joint RL,closer_to_player2,4,0.9963389451450092
joint_rl_session_6_player1,Joint RL,closer_to_player2,5,0.999983641311331
joint_rl_session_6_player1,Joint RL,equal_to_both,0,0.5
joint_rl_session_6_player1,Joint RL,equal_to_both,1,0.665618864400373
joint_rl_session_6_player1,Joint RL,equal_to_both,2,0.8330463656296878
joint_rl_session_6_player1,Joint RL,equal_to_both,3,0.833323291771349
joint_rl_session_6_player1,Joint RL,equal_to_both,4,0.9988798823953752
joint_rl_session_6_player1,Joint RL,equal_to_both,5,0.9988870032464728
joint_rl_session_6_player2,Joint RL,closer_to_player1,0,0.5
joint_rl_session_6_player2,Joint RL,closer_to_player1,1,0.9876978345701456
joint_rl_session_6_player2,Joint RL,closer_to_player1,2,0.9932576975315733
joint_rl_session_6_player2,Joint RL,closer_to_player1,3,0.9987609269940766
joint_rl_session_6_player2,Joint RL,closer_to_player1,4,0.9999915830272955
joint_rl_session_6_player2,Joint RL,closer_to_player1,5,0.9999977698164842
joint_rl_session_6_player2,Joint RL,closer_to_player2,0,0.5
joint_rl_session_6_player2,Joint RL,closer_to_player2,1,0.9982108435869996
joint_rl_session_6_player2,Joint RL,closer_to_player2,2,0.9999780554256721
joint_rl_session_6_player2,Joint RL,closer_to_player2,3,0.9999998596552213
joint_rl_session_6_player2,Joint RL,closer_to_player2,4,0.9999999985901963
joint_rl_session_6_player2,Joint RL,closer_to_player2,5,0.9999999999789496
joint_rl_session_6_player2,Joint RL,equal_to_both,0,0.5
joint_rl_session_6_player2,Joint RL,equal_to_both,1,0.6665452399182219
joint_rl_session_6_player2,Joint RL,equal_to_both,2,0.9953501894477931
joint_rl_session_6_player2,Joint RL,equal_to_both,3,0.9988020166779396
joint_rl_session_6_player2,Joint RL,equal_to_both,4,0.9994535223379014
joint_rl_session_6_player2,Joint RL,equal_to_both,5,0.9999993464733019
joint_rl_session_7_player1,Joint RL,closer_to_player1,0,0.5
joint_rl_session_7_player1,Joint RL,closer_to_player1,1,0.9995354262117024
joint_rl_session_7_player1,Joint RL,closer_to_player1,2,0.9999994827226777
joint_rl_session_7_player1,Joint RL,closer_to_player1,3,0.9999997166880696
joint_rl_session_7_player1,Joint RL,closer_to_player1,4,0.9999999989407549
joint_rl_session_7_player1,Joint RL,closer_to_player1,5,0.9999999999973939
joint_rl_session_7_player1,Joint RL,closer_to_player2,0,0.5
joint_rl_session_7_player1,Joint RL,closer_to_player2,1,0.4785233418477532
joint_rl_session_7_player1,Joint RL,closer_to_player2,2,0.45488154763508387
joint_rl_session_7_player1,Joint RL,closer_to_player2,3,0.4407878396855948
joint_rl_session_7_player1,Joint RL,closer_to_player2,4,0.41057818386791395
joint_rl_session_7_player1,Joint RL,closer_to_player2,5,0.6963841679948795
joint_rl_session_7_player1,Joint RL,equal_to_both,0,0.5
joint_rl_session_7_player1,Joint RL,equal_to_both,1,0.8237906860463805
joint_rl_session_7_player1,Joint RL,equal_to_both,2,0.9901015744407625
joint_rl_session_7_player1,Joint RL,equal_to_both,3,0.9958790811924851
joint_rl_session_7_player1,Joint RL,equal_to_both,4,0.9993052077774071
joint_rl_session_7_player1,Joint RL,equal_to_both,5,0.9998805320870923
joint_rl_session_7_player2,Joint RL,closer_to_player1,0,0.5
joint_rl_session_7_player2,Joint RL,closer_to_player1,1,0.5034153385405964
joint_rl_session_7_player2,Joint RL,closer_to_player1,2,0.9897027584816056
joint_rl_session_7_player2,Joint RL,closer_to_player1,3,0.9948426574016886
joint_rl_session_7_player2,Joint RL,closer_to_player1,4,0.9998606544070826
joint_rl_session_7_player2,Joint RL,closer_to_player1,5,0.9999976461048579
joint_rl_session_7_player2,Joint RL,closer_to_player2,0,0.5
joint_rl_session_7_player2,Joint RL,closer_to_player2,1,0.5258504591056359
joint_rl_session_7_player2,Joint RL,closer_to_player2,2,0.6646752006008243
joint_rl_session_7_player2,Joint RL,closer_to_player2,3,0.6710699451795289
joint_rl_session_7_player2,Joint RL,closer_to_player2,4,0.8280351259055777
joint_rl_session_7_player2,Joint RL,closer_to_player2,5,0.7725719467102827
joint_rl_session_7_player2,Joint RL,equal_to_both,0,0.5
joint_rl_session_7_player2,Joint RL,equal_to_both,1,0.5028212065101725
joint_rl_session_7_player2,Joint RL,equal_to_both,2,0.8714736648458098
joint_rl_session_7_player2,Joint RL,equal_to_both,3,0.8730790678502016
joint_rl_session_7_player2,Joint RL,equal_to_both,4,0.9987517812208194
joint_rl_session_7_player2,Joint RL,equal_to_both,5,0.9987623958167781
joint_rl_session_8_player1,Joint RL,closer_to_player1,0,0.5
joint_rl_session_8_player1,Joint RL,closer_to_player1,1,0.747157985497737
joint_rl_session_8_player1,Joint RL,closer_to_player1,2,0.78518761991269
joint_rl_session_8_player1,Joint RL,closer_to_player1,3,0.8145548914111436
joint_rl_session_8_player1,Joint RL,closer_to_player1,4,0.582976236586644
joint_rl_session_8_player1,Joint RL,closer_to_player1,5,0.7380079762516905
joint_rl_session_8_player1,Joint RL,closer_to_player2,0,0.5
joint_rl_session_8_player1,Joint RL,closer_to_player2,1,0.4988476401983739
joint_rl_session_8_player1,Joint RL,closer_to_player2,2,0.49818058531507264
joint_rl_session_8_player1,Joint RL,closer_to_player2,3,0.49581539154026233
joint_rl_session_8_player1,Joint RL,closer_to_player2,4,0.6661437963995988
joint_rl_session_8_player1,Joint RL,closer_to_player2,5,0.643425440191775
joint_rl_session_8_player1,Joint RL,equal_to_both,0,0.5
joint_rl_session_8_player1,Joint RL,equal_to_both,1,0.8292274152380313
joint_rl_session_8_player1,Joint RL,equal_to_both,2,0.9939003322906563
joint_rl_session_8_player1,Joint RL,equal_to_both,3,0.9990114772074093
joint_rl_session_8_player1,Joint RL,equal_to_both,4,0.9999775293193638
joint_rl_session_8_player1,Joint RL,equal_to_both,5,0.9999787394998697
joint_rl_session_8_player2,Joint RL,closer_to_player1,0,0.5
joint_rl_session_8_player2,Joint RL,closer_to_player1,1,0.4894051172753418
joint_rl_session_8_player2,Joint RL,closer_to_player1,2,0.52626517156406
joint_rl_session_8_player2,Joint RL,closer_to_player1,3,0.5669868206934855
joint_rl_session_8_player2,Joint RL,closer_to_player1,4,0.45731531007613546
joint_rl_session_8_player2,Joint RL,closer_to_player1,5,0.6441360765355715
joint_rl_session_8_player2,Joint RL,closer_to_player2,0,0.5
joint_rl_session_8_player2,Joint RL,closer_to_player2,1,0.6730908671689022
joint_rl_session_8_player2,Joint RL,closer_to_player2,2,0.6531563599728557
joint_rl_session_8_player2,Joint RL,closer_to_player2,3,0.6702378585314056
joint_rl_session_8_player2,Joint RL,closer_to_player2,4,0.8212713894580647
joint_rl_session_8_player2,Joint RL,closer_to_player2,5,0.8550417361692485
joint_rl_session_8_player2,Joint RL,equal_to_both,0,0.5
joint_rl_session_8_player2,Joint RL,equal_to_both,1,0.6659735337100526
joint_rl_session_8_player2,Joint RL,equal_to_both,2,0.6659997032724786
joint_rl_session_8_player2,Joint RL,equal_to_both,3,0.8320753974353887
joint_rl_session_8_player2,Joint RL,equal_to_both,4,0.832078564425777
joint_rl_session_8_player2,Joint RL,equal_to_both,5,0.8320500441949998
joint_rl_session_9_player1,Joint RL,closer_to_player1,0,0.5
joint_rl_session_9_player1,Joint RL,closer_to_player1,1,0.5423820957770341
joint_rl_session_9_player1,Joint RL,closer_to_player1,2,0.6416292132882683
joint_rl_session_9_player1,Joint RL,closer_to_player1,3,0.679248269814233
joint_rl_session_9_player1,Joint RL,closer_to_player1,4,0.8221458378982244
joint_rl_session_9_player1,Joint RL,closer_to_player1,5,0.8465659565656197
joint_rl_session_9_player1,Joint RL,closer_to_player2,0,0.5
joint_rl_session_9_player1,Joint RL,closer_to_player2,1,0.5071317799301486
joint_rl_session_9_player1,Joint RL,closer_to_player2,2,0.6734064576114732
joint_rl_session_9_player1,Joint RL,closer_to_player2,3,0.8338040716747307
joint_rl_session_9_player1,Joint RL,closer_to_player2,4,0.8333866598147123
joint_rl_session_9_player1,Joint RL,closer_to_player2,5,0.7984817408817837
joint_rl_session_9_player1,Joint RL,equal_to_both,0,0.5
joint_rl_session_9_player1,Joint RL,equal_to_both,1,0.49995485227342773
joint_rl_session_9_player1,Joint RL,equal_to_both,2,0.4986029778646991
joint_rl_session_9_player1,Joint RL,equal_to_both,3,0.5016392121140821
joint_rl_session_9_player1,Joint RL,equal_to_both,4,0.5016334020859943
joint_rl_session_9_player1,Joint RL,equal_to_both,5,0.9546251180822467
joint_rl_session_9_player2,Joint RL,closer_to_player1,0,0.5
joint_rl_session_9_player2,Joint RL,closer_to_player1,1,0.5041922427244669
joint_rl_session_9_player2,Joint RL,closer_to_player1,2,0.5061645862887755
joint_rl_session_9_player2,Joint RL,closer_to_player1,3,0.5059516312599824
joint_rl_session_9_player2,Joint RL,closer_to_player1,4,0.5069483349368199
joint_rl_session_9_player2,Joint RL,closer_to_player1,5,0.5169400493989631
joint_rl_session_9_player2,Joint RL,closer_to_player2,0,0.5
joint_rl_session_9_player2,Joint RL,closer_to_player2,1,0.6072613846776352
joint_rl_session_9_player2,Joint RL,closer_to_player2,2,0.8281606732756531
joint_rl_session_9_player2,Joint RL,closer_to_player2,3,0.8276123445267816
joint_rl_session_9_player2,Joint RL,closer_to_player2,4,0.827583669306796
joint_rl_session_9_player2,Joint RL,closer_to_player2,5,0.8423889402190609
joint_rl_session_9_player2,Joint RL,equal_to_both,0,0.5
joint_rl_session_9_player2,Joint RL,equal_to_both,1,0.5007171259136017
joint_rl_session_9_player2,Joint RL,equal_to_both,2,0.5014171023558791
joint_rl_session_9_player2,Joint RL,equal_to_both,3,0.5014019804029918
joint_rl_session_9_player2,Joint RL,equal_to_both,4,0.8913769677011024
joint_rl_session_9_player2,Joint RL,equal_to_both,5,0.8915226468912325
session_0_player1,Shared agency commitment no signaling,closer_to_player1,0,0.5
session_0_player1,Shared agency commitment no signaling,closer_to_player1,1,0.4558216555549646
session_0_player1,Shared agency commitment no signaling,closer_to_player1,2,0.4917293546795724
session_0_player1,Shared agency commitment no signaling,closer_to_player1,3,0.7714876364794437
session_0_player1,Shared agency commitment no signaling,closer_to_player1,4,0.942870566526642
session_0_player1,Shared agency commitment no signaling,closer_to_player1,5,0.968951091915102
session_0_player1,Shared agency commitment no signaling,closer_to_player2,0,0.5
session_0_player1,Shared agency commitment no signaling,closer_to_player2,1,0.6655297244260886
session_0_player1,Shared agency commitment no signaling,closer_to_player2,2,0.6655308083324382
session_0_player1,Shared agency commitment no signaling,closer_to_player2,3,0.6654495292006463
session_0_player1,Shared agency commitment no signaling,closer_to_player2,4,0.6642666702608615
session_0_player1,Shared agency commitment no signaling,closer_to_player2,5,0.6279023708828173
session_0_player1,Shared agency commitment no signaling,equal_to_both,0,0.5
session_0_player1,Shared agency commitment no signaling,equal_to_both,1,0.4996850160983822
session_0_player1,Shared agency commitment no signaling,equal_to_both,2,0.5003040796696134
session_0_player1,Shared agency commitment no signaling,equal_to_both,3,0.49999899451234664
session_0_player1,Shared agency commitment no signaling,equal_to_both,4,0.5064837434033291
session_0_player1,Shared agency commitment no signaling,equal_to_both,5,0.996765654765503
session_0_player1,Shared agency commitment signaling (Communicative Action Mixture (Legibility Over Alternatives)),closer_to_player1,0,0.5
session_0_player1,Shared agency commitment signaling (Communicative Action Mixture (Legibility Over Alternatives)),closer_to_player1,1,0.6679006640031626
session_0_player1,Shared agency commitment signaling (Communicative Action Mixture (Legibility Over Alternatives)),closer_to_player1,2,0.6413307765759323
session_0_player1,Shared agency commitment signaling (Communicative Action Mixture (Legibility Over Alternatives)),closer_to_player1,3,0.666628164482617
session_0_player1,Shared agency commitment signaling (Communicative Action Mixture (Legibility Over Alternatives)),closer_to_player1,4,0.7208331495856083
session_0_player1,Shared agency commitment signaling (Communicative Action Mixture (Legibility Over Alternatives)),closer_to_player1,5,0.8071628797982305
session_0_player1,Shared agency commitment signaling (Communicative Action Mixture (Legibility Over Alternatives)),closer_to_player2,0,0.5
session_0_player1,Shared agency commitment signaling (Communicative Action Mixture (Legibility Over Alternatives)),closer_to_player2,1,0.6108127171514725
session_0_player1,Shared agency commitment signaling (Communicative Action Mixture (Legibility Over Alternatives)),closer_to_player2,2,0.8118562877938117
session_0_player1,Shared agency commitment signaling (Communicative Action Mixture (Legibility Over Alternatives)),closer_to_player2,3,0.8117122183188051
session_0_player1,Shared agency commitment signaling (Communicative Action Mixture (Legibility Over Alternatives)),closer_to_player2,4,0.8353821876837598
session_0_player1,Shared agency commitment signaling (Communicative Action Mixture (Legibility Over Alternatives)),closer_to_player2,5,0.835074417015881
session_0_player1,Shared agency commitment signaling (Communicative Action Mixture (Legibility Over Alternatives)),equal_to_both,0,0.5
session_0_player1,Shared agency commitment signaling (Communicative Action Mixture (Legibility Over Alternatives)),equal_to_both,1,0.9886510412837684
session_0_player1,Shared agency commitment signaling (Communicative Action Mixture (Legibility Over Alternatives)),equal_to_both,2,0.9893737723384219
session_0_player1,Shared agency commitment signaling (Communicative Action Mixture (Legibility Over Alternatives)),equal_to_both,3,0.9895492014803853
session_0_player1,Shared agency commitment signaling (Communicative Action Mixture (Legibility Over Alternatives)),equal_to_both,4,0.9999347172026213
session_0_player1,Shared agency commitment signaling (Communicative Action Mixture (Legibility Over Alternatives)),equal_to_both,5,0.9999356339362809
session_0_player1,Shared agency no commitment no signaling,closer_to_player1,0,0.5
session_0_player1,Shared agency no commitment no signaling,closer_to_player1,1,0.3339279647178331
session_0_player1,Shared agency no commitment no signaling,closer_to_player1,2,0.36998783108968536
session_0_player1,Shared agency no commitment no signaling,closer_to_player1,3,0.5275344657087316
session_0_player1,Shared agency no commitment no signaling,closer_to_player1,4,0.9986544416912567
session_0_player1,Shared agency no commitment no signaling,closer_to_player1,5,0.9999884639158093
session_0_player1,Shared agency no commitment no signaling,closer_to_player2,0,0.5
session_0_player1,Shared agency no commitment no signaling,closer_to_player2,1,0.33399148239404824
session_0_player1,Shared agency no commitment no signaling,closer_to_player2,2,0.4060992621640315
session_0_player1,Shared agency no commitment no signaling,closer_to_player2,3,0.568829252840878
session_0_player1,Shared agency no commitment no signaling,closer_to_player2,4,0.4968723916168869
session_0_player1,Shared agency no commitment no signaling,closer_to_player2,5,0.5322190472380595
session_0_player1,Shared agency no commitment no signaling,equal_to_both,0,0.5
session_0_player1,Shared agency no commitment no signaling,equal_to_both,1,0.6658418134756626
session_0_player1,Shared agency no commitment no signaling,equal_to_both,2,0.832170675768015
session_0_player1,Shared agency no commitment no signaling,equal_to_both,3,0.778147045657458
session_0_player1,Shared agency no commitment no signaling,equal_to_both,4,0.6667076595094411
session_0_player1,Shared agency no commitment no signaling,equal_to_both,5,0.8325351318146182
session_0_player2,Shared agency commitment no signaling,closer_to_player1,0,0.5
session_0_player2,Shared agency commitment no signaling,closer_to_player1,1,0.3413921795460954
session_0_player2,Shared agency commitment no signaling,closer_to_player1,2,0.3426675683471463
session_0_player2,Shared agency commitment no signaling,closer_to_player1,3,0.6540993355413584
session_0_player2,Shared agency commitment no signaling,closer_to_player1,4,0.683969195956502
session_0_player2,Shared agency commitment no signaling,closer_to_player1,5,0.7173113323893773
session_0_player2,Shared agency commitment no signaling,closer_to_player2,0,0.5
session_0_player2,Shared agency commitment no signaling,closer_to_player2,1,0.48460424296905763
session_0_player2,Shared agency commitment no signaling,closer_to_player2,2,0.8169228894544199
session_0_player2,Shared agency commitment no signaling,closer_to_player2,3,0.9994600726540998
session_0_player2,Shared agency commitment no signaling,closer_to_player2,4,0.9999159448606304
session_0_player2,Shared agency commitment no signaling,closer_to_player2,5,0.8079051333318853
session_0_player2,Shared agency commitment no signaling,equal_to_both,0,0.5
session_0_player2,Shared agency commitment no signaling,equal_to_both,1,0.9986163094923661
session_0_player2,Shared agency commitment no signaling,equal_to_both,2,0.591781915618277
session_0_player2,Shared agency commitment no signaling,equal_to_both,3,0.9976291770257919
session_0_player2,Shared agency commitment no signaling,equal_to_both,4,0.5240610378682498
session_0_player2,Shared agency commitment no signaling,equal_to_both,5,0.9896372950018544
session_0_player2,Shared agency commitment signaling (Communicative Action Mixture (Legibility Over Alternatives)),closer_to_player1,0,0.5
session_0_player2,Shared agency commitment signaling (Communicative Action Mixture (Legibility Over Alternatives)),closer_to_player1,1,0.5284775594337882
session_0_player2,Shared agency commitment signaling (Communicative Action Mixture (Legibility Over Alternatives)),closer_to_player1,2,0.5561726892078173
session_0_player2,Shared agency commitment signaling (Communicative Action Mixture (Legibility Over Alternatives)),closer_to_player1,3,0.5095356825513604
session_0_player2,Shared agency commitment signaling (Communicative Action Mixture (Legibility Over Alternatives)),closer_to_player1,4,0.566741374547604
session_0_player2,Shared agency commitment signaling (Communicative Action Mixture (Legibility Over Alternatives)),closer_to_player1,5,0.6270033793701663
session_0_player2,Shared agency commitment signaling (Communicative Action Mixture (Legibility Over Alternatives)),closer_to_player2,0,0.5
session_0_player2,Shared agency commitment signaling (Communicative Action Mixture (Legibility Over Alternatives)),closer_to_player2,1,0.831463060814451
session_0_player2,Shared agency commitment signaling (Communicative Action Mixture (Legibility Over Alternatives)),closer_to_player2,2,0.7342107378197933
session_0_player2,Shared agency commitment signaling (Communicative Action Mixture (Legibility Over Alternatives)),closer_to_player2,3,0.6666382107075001
session_0_player2,Shared agency commitment signaling (Communicative Action Mixture (Legibility Over Alternatives)),closer_to_player2,4,0.6667101157308876
session_0_player2,Shared agency commitment signaling (Communicative Action Mixture (Legibility Over Alternatives)),closer_to_player2,5,0.8058421553817721
session_0_player2,Shared agency commitment signaling (Communicative Action Mixture (Legibility Over Alternatives)),equal_to_both,0,0.5
session_0_player2,Shared agency commitment signaling (Communicative Action Mixture (Legibility Over Alternatives)),equal_to_both,1,0.49999998573164944
session_0_player2,Shared agency commitment signaling (Communicative Action Mixture (Legibility Over Alternatives)),equal_to_both,2,0.9938491251337791
session_0_player2,Shared agency commitment signaling (Communicative Action Mixture (Legibility Over Alternatives)),equal_to_both,3,0.35420388350201615
session_0_player2,Shared agency commitment signaling (Communicative Action Mixture (Legibility Over Alternatives)),equal_to_both,4,0.9888420237524482
session_0_player2,Shared agency commitment signaling (Communicative Action Mixture (Legibility Over Alternatives)),equal_to_both,5,0.9889225649974991
session_0_player2,Shared agency no commitment no signaling,closer_to_player1,0,0.5
session_0_player2,Shared agency no commitment no signaling,closer_to_player1,1,0.5037987329447629
session_0_player2,Shared agency no commitment no signaling,closer_to_player1,2,0.6671502745150383
session_0_player2,Shared agency no commitment no signaling,closer_to_player1,3,0.6682220648451134
session_0_player2,Shared agency no commitment no signaling,closer_to_player1,4,0.6719416325907946
session_0_player2,Shared agency no commitment no signaling,closer_to_player1,5,0.6685554082328258
session_0_player2,Shared agency no commitment no signaling,closer_to_player2,0,0.5
session_0_player2,Shared agency no commitment no signaling,closer_to_player2,1,0.8314076009865508
session_0_player2,Shared agency no commitment no signaling,closer_to_player2,2,0.9997245472328894
session_0_player2,Shared agency no commitment no signaling,closer_to_player2,3,0.9994768227354149
session_0_player2,Shared agency no commitment no signaling,closer_to_player2,4,0.9999996036809367
session_0_player2,Shared agency no commitment no signaling,closer_to_player2,5,0.9999997540903598
session_0_player2,Shared agency no commitment no signaling,equal_to_both,0,0.5
session_0_player2,Shared agency no commitment no signaling,equal_to_both,1,0.6646028359175226
session_0_player2,Shared agency no commitment no signaling,equal_to_both,2,0.6169522614442872
session_0_player2,Shared agency no commitment no signaling,equal_to_both,3,0.9942234640213669
session_0_player2,Shared agency no commitment no signaling,equal_to_both,4,0.9962788774454413
session_0_player2,Shared agency no commitment no signaling,equal_to_both,5,0.7109180531605338
session_10_player1,Shared agency commitment no signaling,closer_to_player1,0,0.5
session_10_player1,Shared agency commitment no signaling,closer_to_player1,1,0.8319483308044315
session_10_player1,Shared agency commitment no signaling,closer_to_player1,2,0.8330621290372909
session_10_player1,Shared agency commitment no signaling,closer_to_player1,3,0.8322187533346829
session_10_player1,Shared agency commitment no signaling,closer_to_player1,4,0.7692012975286726
session_10_player1,Shared agency commitment no signaling,closer_to_player1,5,0.37017272811448587
session_10_player1,Shared agency commitment no signaling,closer_to_player2,0,0.5
session_10_player1,Shared agency commitment no signaling,closer_to_player2,1,0.8203523630069598
session_10_player1,Shared agency commitment no signaling,closer_to_player2,2,0.8297159257564127
session_10_player1,Shared agency commitment no signaling,closer_to_player2,3,0.8372330351864491
session_10_player1,Shared agency commitment no signaling,closer_to_player2,4,0.8419484944715881
session_10_player1,Shared agency commitment no signaling,closer_to_player2,5,0.8430223368866109
session_10_player1,Shared agency commitment no signaling,equal_to_both,0,0.5
session_10_player1,Shared agency commitment no signaling,equal_to_both,1,0.7446859866434448
session_10_player1,Shared agency commitment no signaling,equal_to_both,2,0.18821397797557107
session_10_player1,Shared agency commitment no signaling,equal_to_both,3,0.5079548989146236
session_10_player1,Shared agency commitment no signaling,equal_to_both,4,0.6833620552105382
session_10_player1,Shared agency commitment no signaling,equal_to_both,5,0.6831779922647405
session_10_player1,Shared agency commitment signaling (Communicative Action Mixture (Legibility Over Alternatives)),closer_to_player1,0,0.5
session_10_player1,Shared agency commitment signaling (Communicative Action Mixture (Legibility Over Alternatives)),closer_to_player1,1,0.47494687095046945
session_10_player1,Shared agency commitment signaling (Communicative Action Mixture (Legibility Over Alternatives)),closer_to_player1,2,0.5114395127604374
session_10_player1,Shared agency commitment signaling (Communicative Action Mixture (Legibility Over Alternatives)),closer_to_player1,3,0.4657859653980547
session_10_player1,Shared agency commitment signaling (Communicative Action Mixture (Legibility Over Alternatives)),closer_to_player1,4,0.4353366566012546
session_10_player1,Shared agency commitment signaling (Communicative Action Mixture (Legibility Over Alternatives)),closer_to_player1,5,0.7226996444023491
session_10_player1,Shared agency commitment signaling (Communicative Action Mixture (Legibility Over Alternatives)),closer_to_player2,0,0.5
session_10_player1,Shared agency commitment signaling (Communicative Action Mixture (Legibility Over Alternatives)),closer_to_player2,1,0.8251830829554239
session_10_player1,Shared agency commitment signaling (Communicative Action Mixture (Legibility Over Alternatives)),closer_to_player2,2,0.8313491808369712
session_10_player1,Shared agency commitment signaling (Communicative Action Mixture (Legibility Over Alternatives)),closer_to_player2,3,0.8373523763320648
session_10_player1,Shared agency commitment signaling (Communicative Action Mixture (Legibility Over Alternatives)),closer_to_player2,4,0.8390139473152592
session_10_player1,Shared agency commitment signaling (Communicative Action Mixture (Legibility Over Alternatives)),closer_to_player2,5,0.8146385150116909
session_10_player1,Shared agency commitment signaling (Communicative Action Mixture (Legibility Over Alternatives)),equal_to_both,0,0.5
session_10_player1,Shared agency commitment signaling (Communicative Action Mixture (Legibility Over Alternatives)),equal_to_both,1,0.9813341169186017
session_10_player1,Shared agency commitment signaling (Communicative Action Mixture (Legibility Over Alternatives)),equal_to_both,2,0.9828477217175132
session_10_player1,Shared agency commitment signaling (Communicative Action Mixture (Legibility Over Alternatives)),equal_to_both,3,0.9831739373970955
session_10_player1,Shared agency commitment signaling (Communicative Action Mixture (Legibility Over Alternatives)),equal_to_both,4,0.999818806440436
session_10_player1,Shared agency commitment signaling (Communicative Action Mixture (Legibility Over Alternatives)),equal_to_both,5,0.9999969045247671
session_10_player1,Shared agency no commitment no signaling,closer_to_player1,0,0.5
session_10_player1,Shared agency no commitment no signaling,closer_to_player1,1,0.4556544582040937
session_10_player1,Shared agency no commitment no signaling,closer_to_player1,2,0.6663667091709157
session_10_player1,Shared agency no commitment no signaling,closer_to_player1,3,0.5001357791916718
session_10_player1,Shared agency no commitment no signaling,closer_to_player1,4,0.5686631841664581
session_10_player1,Shared agency no commitment no signaling,closer_to_player1,5,0.9898035214072378
session_10_player1,Shared agency no commitment no signaling,closer_to_player2,0,0.5
session_10_player1,Shared agency no commitment no signaling,closer_to_player2,1,0.5029614690928709
session_10_player1,Shared agency no commitment no signaling,closer_to_player2,2,0.8298222301919976
session_10_player1,Shared agency no commitment no signaling,closer_to_player2,3,0.8337928804920972
session_10_player1,Shared agency no commitment no signaling,closer_to_player2,4,0.8312952070445828
session_10_player1,Shared agency no commitment no signaling,closer_to_player2,5,0.8325676625278415
session_10_player1,Shared agency no commitment no signaling,equal_to_both,0,0.5
session_10_player1,Shared agency no commitment no signaling,equal_to_both,1,0.2530489217370355
session_10_player1,Shared agency no commitment no signaling,equal_to_both,2,0.5728856969625961
session_10_player1,Shared agency no commitment no signaling,equal_to_both,3,0.5728857740299662
session_10_player1,Shared agency no commitment no signaling,equal_to_both,4,0.99822583396794
session_10_player1,Shared agency no commitment no signaling,equal_to_both,5,0.9991455907351787
session_10_player2,Shared agency commitment no signaling,closer_to_player1,0,0.5
session_10_player2,Shared agency commitment no signaling,closer_to_player1,1,0.4571076204400771
session_10_player2,Shared agency commitment no signaling,closer_to_player1,2,0.6762386210745416
session_10_player2,Shared agency commitment no signaling,closer_to_player1,3,0.728879591090061
session_10_player2,Shared agency commitment no signaling,closer_to_player1,4,0.7741796382338554
session_10_player2,Shared agency commitment no signaling,closer_to_player1,5,0.8088820161089368
session_10_player2,Shared agency commitment no signaling,closer_to_player2,0,0.5
session_10_player2,Shared agency commitment no signaling,closer_to_player2,1,0.5429444329121726
session_10_player2,Shared agency commitment no signaling,closer_to_player2,2,0.4842582088365253
session_10_player2,Shared agency commitment no signaling,closer_to_player2,3,0.43128160466606014
session_10_player2,Shared agency commitment no signaling,closer_to_player2,4,0.6672313724283613
session_10_player2,Shared agency commitment no signaling,closer_to_player2,5,0.9878993236443186
session_10_player2,Shared agency commitment no signaling,equal_to_both,0,0.5
session_10_player2,Shared agency commitment no signaling,equal_to_both,1,0.5143591778010012
session_10_player2,Shared agency commitment no signaling,equal_to_both,2,0.7619886738480104
session_10_player2,Shared agency commitment no signaling,equal_to_both,3,0.7653165625242004
session_10_player2,Shared agency commitment no signaling,equal_to_both,4,0.7693548553241032
session_10_player2,Shared agency commitment no signaling,equal_to_both,5,0.5003270024526044
session_10_player2,Shared agency commitment signaling (Communicative Action Mixture (Legibility Over Alternatives)),closer_to_player1,0,0.5
session_10_player2,Shared agency commitment signaling (Communicative Action Mixture (Legibility Over Alternatives)),closer_to_player1,1,0.5032371096203206
session_10_player2,Shared agency commitment signaling (Communicative Action Mixture (Legibility Over Alternatives)),closer_to_player1,2,0.5056597081944302
session_10_player2,Shared agency commitment signaling (Communicative Action Mixture (Legibility Over Alternatives)),closer_to_player1,3,0.5069682572598398
session_10_player2,Shared agency commitment signaling (Communicative Action Mixture (Legibility Over Alternatives)),closer_to_player1,4,0.5327343552849318
session_10_player2,Shared agency commitment signaling (Communicative Action Mixture (Legibility Over Alternatives)),closer_to_player1,5,0.4930739134428485
session_10_player2,Shared agency commitment signaling (Communicative Action Mixture (Legibility Over Alternatives)),closer_to_player2,0,0.5
session_10_player2,Shared agency commitment signaling (Communicative Action Mixture (Legibility Over Alternatives)),closer_to_player2,1,0.83505041803868
session_10_player2,Shared agency commitment signaling (Communicative Action Mixture (Legibility Over Alternatives)),closer_to_player2,2,0.879212953571077
session_10_player2,Shared agency commitment signaling (Communicative Action Mixture (Legibility Over Alternatives)),closer_to_player2,3,0.9997126545360167
session_10_player2,Shared agency commitment signaling (Communicative Action Mixture (Legibility Over Alternatives)),closer_to_player2,4,0.9996040496671718
session_10_player2,Shared agency commitment signaling (Communicative Action Mixture (Legibility Over Alternatives)),closer_to_player2,5,0.8438972141071989
session_10_player2,Shared agency commitment signaling (Communicative Action Mixture (Legibility Over Alternatives)),equal_to_both,0,0.5
session_10_player2,Shared agency commitment signaling (Communicative Action Mixture (Legibility Over Alternatives)),equal_to_both,1,0.018654366100713485
session_10_player2,Shared agency commitment signaling (Communicative Action Mixture (Legibility Over Alternatives)),equal_to_both,2,0.018654366100713485
session_10_player2,Shared agency commitment signaling (Communicative Action Mixture (Legibility Over Alternatives)),equal_to_both,3,0.0005396360637867186
session_10_player2,Shared agency commitment signaling (Communicative Action Mixture (Legibility Over Alternatives)),equal_to_both,4,0.0004537219669340681
session_10_player2,Shared agency commitment signaling (Communicative Action Mixture (Legibility Over Alternatives)),equal_to_both,5,0.00043615696840239976
session_10_player2,Shared agency no commitment no signaling,closer_to_player1,0,0.5
session_10_player2,Shared agency no commitment no signaling,closer_to_player1,1,0.6397271159648575
session_10_player2,Shared agency no commitment no signaling,closer_to_player1,2,0.6173921891307864
session_10_player2,Shared agency no commitment no signaling,closer_to_player1,3,0.6013211531606438
session_10_player2,Shared agency no commitment no signaling,closer_to_player1,4,0.8346569989111873
session_10_player2,Shared agency no commitment no signaling,closer_to_player1,5,0.726731702916987
session_10_player2,Shared agency no commitment no signaling,closer_to_player2,0,0.5
session_10_player2,Shared agency no commitment no signaling,closer_to_player2,1,0.8886327818614833
session_10_player2,Shared agency no commitment no signaling,closer_to_player2,2,0.9990241098496113
session_10_player2,Shared agency no commitment no signaling,closer_to_player2,3,0.9999982850174414
session_10_player2,Shared agency no commitment no signaling,closer_to_player2,4,0.9989965126956029
session_10_player2,Shared agency no commitment no signaling,closer_to_player2,5,0.9990028766695629
session_10_player2,Shared agency no commitment no signaling,equal_to_both,0,0.5
session_10_player2,Shared agency no commitment no signaling,equal_to_both,1,0.7468974712818113
session_10_player2,Shared agency no commitment no signaling,equal_to_both,2,0.7469191878856343
session_10_player2,Shared agency no commitment no signaling,equal_to_both,3,0.7469372596825561
session_10_player2,Shared agency no commitment no signaling,equal_to_both,4,0.3069214091435682
session_10_player2,Shared agency no commitment no signaling,equal_to_both,5,0.3068723498394077
session_11_player1,Shared agency commitment no signaling,closer_to_player1,0,0.5
session_11_player1,Shared agency commitment no signaling,closer_to_player1,1,0.5605598856014034
session_11_player1,Shared agency commitment no signaling,closer_to_player1,2,0.6042775408221231
session_11_player1,Shared agency commitment no signaling,closer_to_player1,3,0.660100322200225
session_11_player1,Shared agency commitment no signaling,closer_to_player1,4,0.6010031014891859
session_11_player1,Shared agency commitment no signaling,closer_to_player1,5,0.6801782581356584
session_11_player1,Shared agency commitment no signaling,closer_to_player2,0,0.5
session_11_player1,Shared agency commitment no signaling,closer_to_player2,1,0.5011548121151208
session_11_player1,Shared agency commitment no signaling,closer_to_player2,2,0.5018987388462048
session_11_player1,Shared agency commitment no signaling,closer_to_player2,3,0.5022882024838989
session_11_player1,Shared agency commitment no signaling,closer_to_player2,4,0.5038430386289229
session_11_player1,Shared agency commitment no signaling,closer_to_player2,5,0.5046723548254489
session_11_player1,Shared agency commitment no signaling,equal_to_both,0,0.5
session_11_player1,Shared agency commitment no signaling,equal_to_both,1,0.6645603122935714
session_11_player1,Shared agency commitment no signaling,equal_to_both,2,0.7888884438238571
session_11_player1,Shared agency commitment no signaling,equal_to_both,3,0.7789128900298626
session_11_player1,Shared agency commitment no signaling,equal_to_both,4,0.9978031782517295
session_11_player1,Shared agency commitment no signaling,equal_to_both,5,0.9967242800247367
session_11_player1,Shared agency commitment signaling (Communicative Action Mixture (Legibility Over Alternatives)),closer_to_player1,0,0.5
session_11_player1,Shared agency commitment signaling (Communicative Action Mixture (Legibility Over Alternatives)),closer_to_player1,1,0.0018611850521626895
session_11_player1,Shared agency commitment signaling (Communicative Action Mixture (Legibility Over Alternatives)),closer_to_player1,2,0.5669025162772149
session_11_player1,Shared agency commitment signaling (Communicative Action Mixture (Legibility Over Alternatives)),closer_to_player1,3,0.9731456454160952
session_11_player1,Shared agency commitment signaling (Communicative Action Mixture (Legibility Over Alternatives)),closer_to_player1,4,0.9810609246300614
session_11_player1,Shared agency commitment signaling (Communicative Action Mixture (Legibility Over Alternatives)),closer_to_player1,5,0.9861277495443262
session_11_player1,Shared agency commitment signaling (Communicative Action Mixture (Legibility Over Alternatives)),closer_to_player2,0,0.5
session_11_player1,Shared agency commitment signaling (Communicative Action Mixture (Legibility Over Alternatives)),closer_to_player2,1,0.2530253372943313
session_11_player1,Shared agency commitment signaling (Communicative Action Mixture (Legibility Over Alternatives)),closer_to_player2,2,0.5850600228008882
session_11_player1,Shared agency commitment signaling (Communicative Action Mixture (Legibility Over Alternatives)),closer_to_player2,3,0.9619762504454816
session_11_player1,Shared agency commitment signaling (Communicative Action Mixture (Legibility Over Alternatives)),closer_to_player2,4,0.9626382795395148
session_11_player1,Shared agency commitment signaling (Communicative Action Mixture (Legibility Over Alternatives)),closer_to_player2,5,0.9993269561472167
session_11_player1,Shared agency commitment signaling (Communicative Action Mixture (Legibility Over Alternatives)),equal_to_both,0,0.5
session_11_player1,Shared agency commitment signaling (Communicative Action Mixture (Legibility Over Alternatives)),equal_to_both,1,0.7463304167010922
session_11_player1,Shared agency commitment signaling (Communicative Action Mixture (Legibility Over Alternatives)),equal_to_both,2,0.7463212229627164
session_11_player1,Shared agency commitment signaling (Communicative Action Mixture (Legibility Over Alternatives)),equal_to_both,3,0.7493484225661708
session_11_player1,Shared agency commitment signaling (Communicative Action Mixture (Legibility Over Alternatives)),equal_to_both,4,0.7492421639927975
session_11_player1,Shared agency commitment signaling (Communicative Action Mixture (Legibility Over Alternatives)),equal_to_both,5,0.9996086618878646
session_11_player1,Shared agency no commitment no signaling,closer_to_player1,0,0.5
session_11_player1,Shared agency no commitment no signaling,closer_to_player1,1,0.5458213625417849
session_11_player1,Shared agency no commitment no signaling,closer_to_player1,2,0.3866019863335939
session_11_player1,Shared agency no commitment no signaling,closer_to_player1,3,0.7221984502464925
session_11_player1,Shared agency no commitment no signaling,closer_to_player1,4,0.7972668106995154
session_11_player1,Shared agency no commitment no signaling,closer_to_player1,5,0.5706004360797192
session_11_player1,Shared agency no commitment no signaling,closer_to_player2,0,0.5
session_11_player1,Shared agency no commitment no signaling,closer_to_player2,1,0.6683606637931749
session_11_player1,Shared agency no commitment no signaling,closer_to_player2,2,0.6699307026067512
session_11_player1,Shared agency no commitment no signaling,closer_to_player2,3,0.6728804129089986
session_11_player1,Shared agency no commitment no signaling,closer_to_player2,4,0.6735670065772489
session_11_player1,Shared agency no commitment no signaling,closer_to_player2,5,0.49272735286493585
session_11_player1,Shared agency no commitment no signaling,equal_to_both,0,0.5
session_11_player1,Shared agency no commitment no signaling,equal_to_both,1,0.2516790699060906
session_11_player1,Shared agency no commitment no signaling,equal_to_both,2,0.5815431527678898
session_11_player1,Shared agency no commitment no signaling,equal_to_both,3,0.831167590519982
session_11_player1,Shared agency no commitment no signaling,equal_to_both,4,0.8313040086209535
session_11_player1,Shared agency no commitment no signaling,equal_to_both,5,0.9997936210647661
session_11_player2,Shared agency commitment no signaling,closer_to_player1,0,0.5
session_11_player2,Shared agency commitment no signaling,closer_to_player1,1,0.5035329420448583
session_11_player2,Shared agency commitment no signaling,closer_to_player1,2,0.508402135719127
session_11_player2,Shared agency commitment no signaling,closer_to_player1,3,0.5105862930111266
session_11_player2,Shared agency commitment no signaling,closer_to_player1,4,0.5330361475322699
session_11_player2,Shared agency commitment no signaling,closer_to_player1,5,0.5798355956298203
session_11_player2,Shared agency commitment no signaling,closer_to_player2,0,0.5
session_11_player2,Shared agency commitment no signaling,closer_to_player2,1,0.6641002100608026
session_11_player2,Shared agency commitment no signaling,closer_to_player2,2,0.6295557433171786
session_11_player2,Shared agency commitment no signaling,closer_to_player2,3,0.666551537692886
session_11_player2,Shared agency commitment no signaling,closer_to_player2,4,0.6667103342357842
session_11_player2,Shared agency commitment no signaling,closer_to_player2,5,0.6667223272495651
session_11_player2,Shared agency commitment no signaling,equal_to_both,0,0.5
session_11_player2,Shared agency commitment no signaling,equal_to_both,1,0.6643771535152846
session_11_player2,Shared agency commitment no signaling,equal_to_both,2,0.874479533367619
session_11_player2,Shared agency commitment no signaling,equal_to_both,3,0.6647166979243261
session_11_player2,Shared agency commitment no signaling,equal_to_both,4,0.9431166128055438
session_11_player2,Shared agency commitment no signaling,equal_to_both,5,0.9999794078768325
session_11_player2,Shared agency commitment signaling (Communicative Action Mixture (Legibility Over Alternatives)),closer_to_player1,0,0.5
session_11_player2,Shared agency commitment signaling (Communicative Action Mixture (Legibility Over Alternatives)),closer_to_player1,1,0.9898014470678735
session_11_player2,Shared agency commitment signaling (Communicative Action Mixture (Legibility Over Alternatives)),closer_to_player1,2,0.9997470931858794
session_11_player2,Shared agency commitment signaling (Communicative Action Mixture (Legibility Over Alternatives)),closer_to_player1,3,0.9999656192118497
session_11_player2,Shared agency commitment signaling (Communicative Action Mixture (Legibility Over Alternatives)),closer_to_player1,4,0.9999770043382998
session_11_player2,Shared agency commitment signaling (Communicative Action Mixture (Legibility Over Alternatives)),closer_to_player1,5,0.9999934470475093
session_11_player2,Shared agency commitment signaling (Communicative Action Mixture (Legibility Over Alternatives)),closer_to_player2,0,0.5
session_11_player2,Shared agency commitment signaling (Communicative Action Mixture (Legibility Over Alternatives)),closer_to_player2,1,0.9996492399095238
session_11_player2,Shared agency commitment signaling (Communicative Action Mixture (Legibility Over Alternatives)),closer_to_player2,2,0.9999997077983672
session_11_player2,Shared agency commitment signaling (Communicative Action Mixture (Legibility Over Alternatives)),closer_to_player2,3,0.9999998949106637
session_11_player2,Shared agency commitment signaling (Communicative Action Mixture (Legibility Over Alternatives)),closer_to_player2,4,0.9999999998153947
session_11_player2,Shared agency commitment signaling (Communicative Action Mixture (Legibility Over Alternatives)),closer_to_player2,5,0.9999999999480422
session_11_player2,Shared agency commitment signaling (Communicative Action Mixture (Legibility Over Alternatives)),equal_to_both,0,0.5
session_11_player2,Shared agency commitment signaling (Communicative Action Mixture (Legibility Over Alternatives)),equal_to_both,1,0.9903790760733899
session_11_player2,Shared agency commitment signaling (Communicative Action Mixture (Legibility Over Alternatives)),equal_to_both,2,0.9916828636900312
session_11_player2,Shared agency commitment signaling (Communicative Action Mixture (Legibility Over Alternatives)),equal_to_both,3,0.9969220862706254
session_11_player2,Shared agency commitment signaling (Communicative Action Mixture (Legibility Over Alternatives)),equal_to_both,4,0.9969942928204804
session_11_player2,Shared agency commitment signaling (Communicative Action Mixture (Legibility Over Alternatives)),equal_to_both,5,0.999993999091338
session_11_player2,Shared agency no commitment no signaling,closer_to_player1,0,0.5
session_11_player2,Shared agency no commitment no signaling,closer_to_player1,1,0.5006517716123032
session_11_player2,Shared agency no commitment no signaling,closer_to_player1,2,0.5330968234783601
session_11_player2,Shared agency no commitment no signaling,closer_to_player1,3,0.562771934134501
session_11_player2,Shared agency no commitment no signaling,closer_to_player1,4,0.613490594286597
session_11_player2,Shared agency no commitment no signaling,closer_to_player1,5,0.5850698706048133
session_11_player2,Shared agency no commitment no signaling,closer_to_player2,0,0.5
session_11_player2,Shared agency no commitment no signaling,closer_to_player2,1,0.6665443730831482
session_11_player2,Shared agency no commitment no signaling,closer_to_player2,2,0.6310815235794652
session_11_player2,Shared agency no commitment no signaling,closer_to_player2,3,0.5213178799528112
session_11_player2,Shared agency no commitment no signaling,closer_to_player2,4,0.5348665345127397
session_11_player2,Shared agency no commitment no signaling,closer_to_player2,5,0.35190777737919615
session_11_player2,Shared agency no commitment no signaling,equal_to_both,0,0.5
session_11_player2,Shared agency no commitment no signaling,equal_to_both,1,0.996642139046592
session_11_player2,Shared agency no commitment no signaling,equal_to_both,2,0.9983186359646342
session_11_player2,Shared agency no commitment no signaling,equal_to_both,3,0.9999942616583464
session_11_player2,Shared agency no commitment no signaling,equal_to_both,4,0.9999942971454795
session_11_player2,Shared agency no commitment no signaling,equal_to_both,5,0.9999942907579028
session_12_player1,Shared agency commitment no signaling,closer_to_player1,0,0.5
session_12_player1,Shared agency commitment no signaling,closer_to_player1,1,0.6669818217119
session_12_player1,Shared agency commitment no signaling,closer_to_player1,2,0.6929721102561116
session_12_player1,Shared agency commitment no signaling,closer_to_player1,3,0.5816254622979017
session_12_player1,Shared agency commitment no signaling,closer_to_player1,4,0.37946887403074486
session_12_player1,Shared agency commitment no signaling,closer_to_player1,5,0.7407577764501146
session_12_player1,Shared agency commitment no signaling,closer_to_player2,0,0.5
session_12_player1,Shared agency commitment no signaling,closer_to_player2,1,0.5008721353848637
session_12_player1,Shared agency commitment no signaling,closer_to_player2,2,0.5321768666901057
session_12_player1,Shared agency commitment no signaling,closer_to_player2,3,0.5592920803355795
session_12_player1,Shared agency commitment no signaling,closer_to_player2,4,0.5799079452651478
session_12_player1,Shared agency commitment no signaling,closer_to_player2,5,0.5578810355801618
session_12_player1,Shared agency commitment no signaling,equal_to_both,0,0.5
session_12_player1,Shared agency commitment no signaling,equal_to_both,1,0.8273408886012715
session_12_player1,Shared agency commitment no signaling,equal_to_both,2,0.9920937336330594
session_12_player1,Shared agency commitment no signaling,equal_to_both,3,0.999880456477003
session_12_player1,Shared agency commitment no signaling,equal_to_both,4,0.9999875544276381
session_12_player1,Shared agency commitment no signaling,equal_to_both,5,0.9999883521440127
session_12_player1,Shared agency commitment signaling (Communicative Action Mixture (Legibility Over Alternatives)),closer_to_player1,0,0.5
session_12_player1,Shared agency commitment signaling (Communicative Action Mixture (Legibility Over Alternatives)),closer_to_player1,1,0.5287608052425351
session_12_player1,Shared agency commitment signaling (Communicative Action Mixture (Legibility Over Alternatives)),closer_to_player1,2,0.7397941172715496
session_12_player1,Shared agency commitment signaling (Communicative Action Mixture (Legibility Over Alternatives)),closer_to_player1,3,0.9999341653240074
session_12_player1,Shared agency commitment signaling (Communicative Action Mixture (Legibility Over Alternatives)),closer_to_player1,4,0.9477855896101551
session_12_player1,Shared agency commitment signaling (Communicative Action Mixture (Legibility Over Alternatives)),closer_to_player1,5,0.9999904486521531
session_12_player1,Shared agency commitment signaling (Communicative Action Mixture (Legibility Over Alternatives)),closer_to_player2,0,0.5
session_12_player1,Shared agency commitment signaling (Communicative Action Mixture (Legibility Over Alternatives)),closer_to_player2,1,0.749991531847658
session_12_player1,Shared agency commitment signaling (Communicative Action Mixture (Legibility Over Alternatives)),closer_to_player2,2,0.7527887396544091
session_12_player1,Shared agency commitment signaling (Communicative Action Mixture (Legibility Over Alternatives)),closer_to_player2,3,0.7534091688378818
session_12_player1,Shared agency commitment signaling (Communicative Action Mixture (Legibility Over Alternatives)),closer_to_player2,4,0.7557406796249628
session_12_player1,Shared agency commitment signaling (Communicative Action Mixture (Legibility Over Alternatives)),closer_to_player2,5,0.7548911300671535
session_12_player1,Shared agency commitment signaling (Communicative Action Mixture (Legibility Over Alternatives)),equal_to_both,0,0.5
session_12_player1,Shared agency commitment signaling (Communicative Action Mixture (Legibility Over Alternatives)),equal_to_both,1,0.6611125085867892
session_12_player1,Shared agency commitment signaling (Communicative Action Mixture (Legibility Over Alternatives)),equal_to_both,2,0.9981586724554438
session_12_player1,Shared agency commitment signaling (Communicative Action Mixture (Legibility Over Alternatives)),equal_to_both,3,0.9999851950743842
session_12_player1,Shared agency commitment signaling (Communicative Action Mixture (Legibility Over Alternatives)),equal_to_both,4,0.9999862353684076
session_12_player1,Shared agency commitment signaling (Communicative Action Mixture (Legibility Over Alternatives)),equal_to_both,5,0.9999997404716797
session_12_player1,Shared agency no commitment no signaling,closer_to_player1,0,0.5
session_12_player1,Shared agency no commitment no signaling,closer_to_player1,1,0.8345592876693481
session_12_player1,Shared agency no commitment no signaling,closer_to_player1,2,0.7533908651358379
session_12_player1,Shared agency no commitment no signaling,closer_to_player1,3,0.5567600972498633
session_12_player1,Shared agency no commitment no signaling,closer_to_player1,4,0.23426519844075758
session_12_player1,Shared agency no commitment no signaling,closer_to_player1,5,0.7346580262561715
session_12_player1,Shared agency no commitment no signaling,closer_to_player2,0,0.5
session_12_player1,Shared agency no commitment no signaling,closer_to_player2,1,0.49857591227022907
session_12_player1,Shared agency no commitment no signaling,closer_to_player2,2,0.5283073704590127
session_12_player1,Shared agency no commitment no signaling,closer_to_player2,3,0.5547239772817588
session_12_player1,Shared agency no commitment no signaling,closer_to_player2,4,0.576029713843447
session_12_player1,Shared agency no commitment no signaling,closer_to_player2,5,0.5306896407801684
session_12_player1,Shared agency no commitment no signaling,equal_to_both,0,0.5
session_12_player1,Shared agency no commitment no signaling,equal_to_both,1,0.9928821216460747
session_12_player1,Shared agency no commitment no signaling,equal_to_both,2,0.9930339991266539
session_12_player1,Shared agency no commitment no signaling,equal_to_both,3,0.48609712132330607
session_12_player1,Shared agency no commitment no signaling,equal_to_both,4,0.9881741057718431
session_12_player1,Shared agency no commitment no signaling,equal_to_both,5,0.9883239755845162
session_12_player2,Shared agency commitment no signaling,closer_to_player1,0,0.5
session_12_player2,Shared agency commitment no signaling,closer_to_player1,1,0.33658853624111384
session_12_player2,Shared agency commitment no signaling,closer_to_player1,2,0.33828964237192033
session_12_player2,Shared agency commitment no signaling,closer_to_player1,3,0.45488540040699027
session_12_player2,Shared agency commitment no signaling,closer_to_player1,4,0.6619015221722925
session_12_player2,Shared agency commitment no signaling,closer_to_player1,5,0.6685716356160437
session_12_player2,Shared agency commitment no signaling,closer_to_player2,0,0.5
session_12_player2,Shared agency commitment no signaling,closer_to_player2,1,0.4568800347009588
session_12_player2,Shared agency commitment no signaling,closer_to_player2,2,0.5095836047307994
session_12_player2,Shared agency commitment no signaling,closer_to_player2,3,0.5786362159404863
session_12_player2,Shared agency commitment no signaling,closer_to_player2,4,0.491315069963859
session_12_player2,Shared agency commitment no signaling,closer_to_player2,5,0.5998671094968904
session_12_player2,Shared agency commitment no signaling,equal_to_both,0,0.5
session_12_player2,Shared agency commitment no signaling,equal_to_both,1,0.49997558940443726
session_12_player2,Shared agency commitment no signaling,equal_to_both,2,0.5019507586700972
session_12_player2,Shared agency commitment no signaling,equal_to_both,3,0.6645408782115405
session_12_player2,Shared agency commitment no signaling,equal_to_both,4,0.6646528475255448
session_12_player2,Shared agency commitment no signaling,equal_to_both,5,0.6646645789646772
session_12_player2,Shared agency commitment signaling (Communicative Action Mixture (Legibility Over Alternatives)),closer_to_player1,0,0.5
session_12_player2,Shared agency commitment signaling (Communicative Action Mixture (Legibility Over Alternatives)),closer_to_player1,1,0.509732206239994
session_12_player2,Shared agency commitment signaling (Communicative Action Mixture (Legibility Over Alternatives)),closer_to_player1,2,0.671957336644454
session_12_player2,Shared agency commitment signaling (Communicative Action Mixture (Legibility Over Alternatives)),closer_to_player1,3,0.6764736279253188
session_12_player2,Shared agency commitment signaling (Communicative Action Mixture (Legibility Over Alternatives)),closer_to_player1,4,0.6796026565800911
session_12_player2,Shared agency commitment signaling (Communicative Action Mixture (Legibility Over Alternatives)),closer_to_player1,5,0.690376856537041
session_12_player2,Shared agency commitment signaling (Communicative Action Mixture (Legibility Over Alternatives)),closer_to_player2,0,0.5
session_12_player2,Shared agency commitment signaling (Communicative Action Mixture (Legibility Over Alternatives)),closer_to_player2,1,0.7492433483760708
session_12_player2,Shared agency commitment signaling (Communicative Action Mixture (Legibility Over Alternatives)),closer_to_player2,2,0.751802345421281
session_12_player2,Shared agency commitment signaling (Communicative Action Mixture (Legibility Over Alternatives)),closer_to_player2,3,0.782586057294431
session_12_player2,Shared agency commitment signaling (Communicative Action Mixture (Legibility Over Alternatives)),closer_to_player2,4,0.7581118102077398
session_12_player2,Shared agency commitment signaling (Communicative Action Mixture (Legibility Over Alternatives)),closer_to_player2,5,0.8412080431385491
session_12_player2,Shared agency commitment signaling (Communicative Action Mixture (Legibility Over Alternatives)),equal_to_both,0,0.5
session_12_player2,Shared agency commitment signaling (Communicative Action Mixture (Legibility Over Alternatives)),equal_to_both,1,0.6695182252764651
session_12_player2,Shared agency commitment signaling (Communicative Action Mixture (Legibility Over Alternatives)),equal_to_both,2,0.6511019024954227
session_12_player2,Shared agency commitment signaling (Communicative Action Mixture (Legibility Over Alternatives)),equal_to_both,3,0.992058000509474
session_12_player2,Shared agency commitment signaling (Communicative Action Mixture (Legibility Over Alternatives)),equal_to_both,4,0.9962340681705769
session_12_player2,Shared agency commitment signaling (Communicative Action Mixture (Legibility Over Alternatives)),equal_to_both,5,0.9998951291699442
session_12_player2,Shared agency no commitment no signaling,closer_to_player1,0,0.5
session_12_player2,Shared agency no commitment no signaling,closer_to_player1,1,0.17081743201587865
session_12_player2,Shared agency no commitment no signaling,closer_to_player1,2,0.17123184060140562
session_12_player2,Shared agency no commitment no signaling,closer_to_player1,3,0.2872111031383395
session_12_player2,Shared agency no commitment no signaling,closer_to_player1,4,0.4936775250785092
session_12_player2,Shared agency no commitment no signaling,closer_to_player1,5,0.18244999740103493
session_12_player2,Shared agency no commitment no signaling,closer_to_player2,0,0.5
session_12_player2,Shared agency no commitment no signaling,closer_to_player2,1,0.4495135059056558
session_12_player2,Shared agency no commitment no signaling,closer_to_player2,2,0.46207140848736533
session_12_player2,Shared agency no commitment no signaling,closer_to_player2,3,0.5688066241429435
session_12_player2,Shared agency no commitment no signaling,closer_to_player2,4,0.12006788027285704
session_12_player2,Shared agency no commitment no signaling,closer_to_player2,5,0.19365768745538728
session_12_player2,Shared agency no commitment no signaling,equal_to_both,0,0.5
session_12_player2,Shared agency no commitment no signaling,equal_to_both,1,0.5000421147361925
session_12_player2,Shared agency no commitment no signaling,equal_to_both,2,0.5004664829075166
session_12_player2,Shared agency no commitment no signaling,equal_to_both,3,0.8926050092709888
session_12_player2,Shared agency no commitment no signaling,equal_to_both,4,0.8927153612714198
session_12_player2,Shared agency no commitment no signaling,equal_to_both,5,0.9978581902036424
session_13_player1,Shared agency commitment no signaling,closer_to_player1,0,0.5
session_13_player1,Shared agency commitment no signaling,closer_to_player1,1,0.7791678865839264
session_13_player1,Shared agency commitment no signaling,closer_to_player1,2,0.7811030084071329
session_13_player1,Shared agency commitment no signaling,closer_to_player1,3,0.7821620226928641
session_13_player1,Shared agency commitment no signaling,closer_to_player1,4,0.999999999998418
session_13_player1,Shared agency commitment no signaling,closer_to_player1,5,0.9999999999999903
session_13_player1,Shared agency commitment no signaling,closer_to_player2,0,0.5
session_13_player1,Shared agency commitment no signaling,closer_to_player2,1,0.5012738031549893
session_13_player1,Shared agency commitment no signaling,closer_to_player2,2,0.5020632485231097
session_13_player1,Shared agency commitment no signaling,closer_to_player2,3,0.5026415301115613
session_13_player1,Shared agency commitment no signaling,closer_to_player2,4,0.49884889274872934
session_13_player1,Shared agency commitment no signaling,closer_to_player2,5,0.49634009565109877
session_13_player1,Shared agency commitment no signaling,equal_to_both,0,0.5
session_13_player1,Shared agency commitment no signaling,equal_to_both,1,0.6642399875072803
session_13_player1,Shared agency commitment no signaling,equal_to_both,2,0.8272821676989044
session_13_player1,Shared agency commitment no signaling,equal_to_both,3,0.8307766231824051
session_13_player1,Shared agency commitment no signaling,equal_to_both,4,0.9968430802346447
session_13_player1,Shared agency commitment no signaling,equal_to_both,5,0.9988764894674893
session_13_player1,Shared agency commitment signaling (Communicative Action Mixture (Legibility Over Alternatives)),closer_to_player1,0,0.5
session_13_player1,Shared agency commitment signaling (Communicative Action Mixture (Legibility Over Alternatives)),closer_to_player1,1,0.7507559927301133
session_13_player1,Shared agency commitment signaling (Communicative Action Mixture (Legibility Over Alternatives)),closer_to_player1,2,0.9970344709666279
session_13_player1,Shared agency commitment signaling (Communicative Action Mixture (Legibility Over Alternatives)),closer_to_player1,3,0.9994966554126528
session_13_player1,Shared agency commitment signaling (Communicative Action Mixture (Legibility Over Alternatives)),closer_to_player1,4,0.999733643888797
session_13_player1,Shared agency commitment signaling (Communicative Action Mixture (Legibility Over Alternatives)),closer_to_player1,5,0.9999993311912077
session_13_player1,Shared agency commitment signaling (Communicative Action Mixture (Legibility Over Alternatives)),closer_to_player2,0,0.5
session_13_player1,Shared agency commitment signaling (Communicative Action Mixture (Legibility Over Alternatives)),closer_to_player2,1,0.28581866446212995
session_13_player1,Shared agency commitment signaling (Communicative Action Mixture (Legibility Over Alternatives)),closer_to_player2,2,0.46344676050970507
session_13_player1,Shared agency commitment signaling (Communicative Action Mixture (Legibility Over Alternatives)),closer_to_player2,3,0.7093941747943826
session_13_player1,Shared agency commitment signaling (Communicative Action Mixture (Legibility Over Alternatives)),closer_to_player2,4,0.7537351191495644
session_13_player1,Shared agency commitment signaling (Communicative Action Mixture (Legibility Over Alternatives)),closer_to_player2,5,0.6665821756707189
session_13_player1,Shared agency commitment signaling (Communicative Action Mixture (Legibility Over Alternatives)),equal_to_both,0,0.5
session_13_player1,Shared agency commitment signaling (Communicative Action Mixture (Legibility Over Alternatives)),equal_to_both,1,0.26464622727803033
session_13_player1,Shared agency commitment signaling (Communicative Action Mixture (Legibility Over Alternatives)),equal_to_both,2,0.5032797781830123
session_13_player1,Shared agency commitment signaling (Communicative Action Mixture (Legibility Over Alternatives)),equal_to_both,3,0.49516322118811157
session_13_player1,Shared agency commitment signaling (Communicative Action Mixture (Legibility Over Alternatives)),equal_to_both,4,0.49520062317398095
session_13_player1,Shared agency commitment signaling (Communicative Action Mixture (Legibility Over Alternatives)),equal_to_both,5,0.5706839254440582
session_13_player1,Shared agency no commitment no signaling,closer_to_player1,0,0.5
session_13_player1,Shared agency no commitment no signaling,closer_to_player1,1,0.6889155930902401
session_13_player1,Shared agency no commitment no signaling,closer_to_player1,2,0.6320926143272624
session_13_player1,Shared agency no commitment no signaling,closer_to_player1,3,0.7540548340568797
session_13_player1,Shared agency no commitment no signaling,closer_to_player1,4,0.9999820625970911
session_13_player1,Shared agency no commitment no signaling,closer_to_player1,5,0.999999998738764
session_13_player1,Shared agency no commitment no signaling,closer_to_player2,0,0.5
session_13_player1,Shared agency no commitment no signaling,closer_to_player2,1,0.5300247502071546
session_13_player1,Shared agency no commitment no signaling,closer_to_player2,2,0.5574028473556739
session_13_player1,Shared agency no commitment no signaling,closer_to_player2,3,0.5198876479447488
session_13_player1,Shared agency no commitment no signaling,closer_to_player2,4,0.44568306378767697
session_13_player1,Shared agency no commitment no signaling,closer_to_player2,5,0.6113276337115804
session_13_player1,Shared agency no commitment no signaling,equal_to_both,0,0.5
session_13_player1,Shared agency no commitment no signaling,equal_to_both,1,0.7405206047258769
session_13_player1,Shared agency no commitment no signaling,equal_to_both,2,0.7496345904263321
session_13_player1,Shared agency no commitment no signaling,equal_to_both,3,0.7496867989311506
session_13_player1,Shared agency no commitment no signaling,equal_to_both,4,0.7456384457965761
session_13_player1,Shared agency no commitment no signaling,equal_to_both,5,0.6791947309851212
session_13_player2,Shared agency commitment no signaling,closer_to_player1,0,0.5
session_13_player2,Shared agency commitment no signaling,closer_to_player1,1,0.743345204949866
session_13_player2,Shared agency commitment no signaling,closer_to_player1,2,0.7523558628059227
session_13_player2,Shared agency commitment no signaling,closer_to_player1,3,0.752985071167092
session_13_player2,Shared agency commitment no signaling,closer_to_player1,4,0.7531603052353337
session_13_player2,Shared agency commitment no signaling,closer_to_player1,5,0.7543632028963702
session_13_player2,Shared agency commitment no signaling,closer_to_player2,0,0.5
session_13_player2,Shared agency commitment no signaling,closer_to_player2,1,0.6872317932883357
session_13_player2,Shared agency commitment no signaling,closer_to_player2,2,0.7038688022212819
session_13_player2,Shared agency commitment no signaling,closer_to_player2,3,0.6709475654463329
session_13_player2,Shared agency commitment no signaling,closer_to_player2,4,0.7824585458899352
session_13_player2,Shared agency commitment no signaling,closer_to_player2,5,0.7835159415114666
session_13_player2,Shared agency commitment no signaling,equal_to_both,0,0.5
session_13_player2,Shared agency commitment no signaling,equal_to_both,1,0.8208601885604153
session_13_player2,Shared agency commitment no signaling,equal_to_both,2,0.9931636604991717
session_13_player2,Shared agency commitment no signaling,equal_to_both,3,0.9944423799148243
session_13_player2,Shared agency commitment no signaling,equal_to_both,4,0.9997898160620241
session_13_player2,Shared agency commitment no signaling,equal_to_both,5,0.9997935127467242
session_13_player2,Shared agency commitment signaling (Communicative Action Mixture (Legibility Over Alternatives)),closer_to_player1,0,0.5
session_13_player2,Shared agency commitment signaling (Communicative Action Mixture (Legibility Over Alternatives)),closer_to_player1,1,0.9899073235192037
session_13_player2,Shared agency commitment signaling (Communicative Action Mixture (Legibility Over Alternatives)),closer_to_player1,2,0.877833265590751
session_13_player2,Shared agency commitment signaling (Communicative Action Mixture (Legibility Over Alternatives)),closer_to_player1,3,0.5249244587771348
session_13_player2,Shared agency commitment signaling (Communicative Action Mixture (Legibility Over Alternatives)),closer_to_player1,4,0.983987097182585
session_13_player2,Shared agency commitment signaling (Communicative Action Mixture (Legibility Over Alternatives)),closer_to_player1,5,0.9837706901397105
session_13_player2,Shared agency commitment signaling (Communicative Action Mixture (Legibility Over Alternatives)),closer_to_player2,0,0.5
session_13_player2,Shared agency commitment signaling (Communicative Action Mixture (Legibility Over Alternatives)),closer_to_player2,1,0.6519255650175632
session_13_player2,Shared agency commitment signaling (Communicative Action Mixture (Legibility Over Alternatives)),closer_to_player2,2,0.5007021448108723
session_13_player2,Shared agency commitment signaling (Communicative Action Mixture (Legibility Over Alternatives)),closer_to_player2,3,0.9507134231557806
session_13_player2,Shared agency commitment signaling (Communicative Action Mixture (Legibility Over Alternatives)),closer_to_player2,4,0.9999906781074581
session_13_player2,Shared agency commitment signaling (Communicative Action Mixture (Legibility Over Alternatives)),closer_to_player2,5,0.9999999953860417
session_13_player2,Shared agency commitment signaling (Communicative Action Mixture (Legibility Over Alternatives)),equal_to_both,0,0.5
session_13_player2,Shared agency commitment signaling (Communicative Action Mixture (Legibility Over Alternatives)),equal_to_both,1,0.982832194716597
session_13_player2,Shared agency commitment signaling (Communicative Action Mixture (Legibility Over Alternatives)),equal_to_both,2,0.9913788877259632
session_13_player2,Shared agency commitment signaling (Communicative Action Mixture (Legibility Over Alternatives)),equal_to_both,3,0.9996331235180032
session_13_player2,Shared agency commitment signaling (Communicative Action Mixture (Legibility Over Alternatives)),equal_to_both,4,0.9996418119710229
session_13_player2,Shared agency commitment signaling (Communicative Action Mixture (Legibility Over Alternatives)),equal_to_both,5,0.999993895361935
session_13_player2,Shared agency no commitment no signaling,closer_to_player1,0,0.5
session_13_player2,Shared agency no commitment no signaling,closer_to_player1,1,0.30584048435842054
session_13_player2,Shared agency no commitment no signaling,closer_to_player1,2,0.4249129087355296
session_13_player2,Shared agency no commitment no signaling,closer_to_player1,3,0.8158606542219399
session_13_player2,Shared agency no commitment no signaling,closer_to_player1,4,0.7919977113331171
session_13_player2,Shared agency no commitment no signaling,closer_to_player1,5,0.6663090790706532
session_13_player2,Shared agency no commitment no signaling,closer_to_player2,0,0.5
session_13_player2,Shared agency no commitment no signaling,closer_to_player2,1,0.12592541820260272
session_13_player2,Shared agency no commitment no signaling,closer_to_player2,2,0.6519377720295613
session_13_player2,Shared agency no commitment no signaling,closer_to_player2,3,0.666663595414561
session_13_player2,Shared agency no commitment no signaling,closer_to_player2,4,0.6666666638450733
session_13_player2,Shared agency no commitment no signaling,closer_to_player2,5,0.6666666666536297
session_13_player2,Shared agency no commitment no signaling,equal_to_both,0,0.5
session_13_player2,Shared agency no commitment no signaling,equal_to_both,1,0.7432519851273236
session_13_player2,Shared agency no commitment no signaling,equal_to_both,2,0.42626341960141634
session_13_player2,Shared agency no commitment no signaling,equal_to_both,3,0.25237409946704964
session_13_player2,Shared agency no commitment no signaling,equal_to_both,4,0.5014593488780623
session_13_player2,Shared agency no commitment no signaling,equal_to_both,5,0.8230933326939973
session_14_player1,Shared agency commitment no signaling,closer_to_player1,0,0.5
session_14_player1,Shared agency commitment no signaling,closer_to_player1,1,0.49992005751147683
session_14_player1,Shared agency commitment no signaling,closer_to_player1,2,0.9999845838090891
session_14_player1,Shared agency commitment no signaling,closer_to_player1,3,0.9999999991379666
session_14_player1,Shared agency commitment no signaling,closer_to_player1,4,0.9999999999997962
session_14_player1,Shared agency commitment no signaling,closer_to_player1,5,0.9999999999999385
session_14_player1,Shared agency commitment no signaling,closer_to_player2,0,0.5
session_14_player1,Shared agency commitment no signaling,closer_to_player2,1,0.9826559249348005
session_14_player1,Shared agency commitment no signaling,closer_to_player2,2,0.9912693808606603
session_14_player1,Shared agency commitment no signaling,closer_to_player2,3,0.9917727840155035
session_14_player1,Shared agency commitment no signaling,closer_to_player2,4,0.991953148952244
session_14_player1,Shared agency commitment no signaling,closer_to_player2,5,0.9920325061991866
session_14_player1,Shared agency commitment no signaling,equal_to_both,0,0.5
session_14_player1,Shared agency commitment no signaling,equal_to_both,1,0.9905538663845835
session_14_player1,Shared agency commitment no signaling,equal_to_both,2,0.6931325964097498
session_14_player1,Shared agency commitment no signaling,equal_to_both,3,0.9865220540630576
session_14_player1,Shared agency commitment no signaling,equal_to_both,4,0.9996332729254729
session_14_player1,Shared agency commitment no signaling,equal_to_both,5,0.9999859036390497
session_14_player1,Shared agency commitment signaling (Communicative Action Mixture (Legibility Over Alternatives)),closer_to_player1,0,0.5
session_14_player1,Shared agency commitment signaling (Communicative Action Mixture (Legibility Over Alternatives)),closer_to_player1,1,0.8609833469576836
session_14_player1,Shared agency commitment signaling (Communicative Action Mixture (Legibility Over Alternatives)),closer_to_player1,2,0.8847777708527911
session_14_player1,Shared agency commitment signaling (Communicative Action Mixture (Legibility Over Alternatives)),closer_to_player1,3,0.8593869987153395
session_14_player1,Shared agency commitment signaling (Communicative Action Mixture (Legibility Over Alternatives)),closer_to_player1,4,0.9109202486528504
session_14_player1,Shared agency commitment signaling (Communicative Action Mixture (Legibility Over Alternatives)),closer_to_player1,5,0.9489157053934285
session_14_player1,Shared agency commitment signaling (Communicative Action Mixture (Legibility Over Alternatives)),closer_to_player2,0,0.5
session_14_player1,Shared agency commitment signaling (Communicative Action Mixture (Legibility Over Alternatives)),closer_to_player2,1,0.5193198001470595
session_14_player1,Shared agency commitment signaling (Communicative Action Mixture (Legibility Over Alternatives)),closer_to_player2,2,0.6061612434479193
session_14_player1,Shared agency commitment signaling (Communicative Action Mixture (Legibility Over Alternatives)),closer_to_player2,3,0.7774418354860476
session_14_player1,Shared agency commitment signaling (Communicative Action Mixture (Legibility Over Alternatives)),closer_to_player2,4,0.7479336424700956
session_14_player1,Shared agency commitment signaling (Communicative Action Mixture (Legibility Over Alternatives)),closer_to_player2,5,0.7107597765785851
session_14_player1,Shared agency commitment signaling (Communicative Action Mixture (Legibility Over Alternatives)),equal_to_both,0,0.5
session_14_player1,Shared agency commitment signaling (Communicative Action Mixture (Legibility Over Alternatives)),equal_to_both,1,0.9966310466926466
session_14_player1,Shared agency commitment signaling (Communicative Action Mixture (Legibility Over Alternatives)),equal_to_both,2,0.9967446361935964
session_14_player1,Shared agency commitment signaling (Communicative Action Mixture (Legibility Over Alternatives)),equal_to_both,3,0.9968289489536578
session_14_player1,Shared agency commitment signaling (Communicative Action Mixture (Legibility Over Alternatives)),equal_to_both,4,0.9969775251026909
session_14_player1,Shared agency commitment signaling (Communicative Action Mixture (Legibility Over Alternatives)),equal_to_both,5,0.9982630552154294
session_14_player1,Shared agency no commitment no signaling,closer_to_player1,0,0.5
session_14_player1,Shared agency no commitment no signaling,closer_to_player1,1,0.7645632347701241
session_14_player1,Shared agency no commitment no signaling,closer_to_player1,2,0.8265387573010896
session_14_player1,Shared agency no commitment no signaling,closer_to_player1,3,0.7424742737149289
session_14_player1,Shared agency no commitment no signaling,closer_to_player1,4,0.999918591663036
session_14_player1,Shared agency no commitment no signaling,closer_to_player1,5,0.999891834699337
session_14_player1,Shared agency no commitment no signaling,closer_to_player2,0,0.5
session_14_player1,Shared agency no commitment no signaling,closer_to_player2,1,0.5001550684794529
session_14_player1,Shared agency no commitment no signaling,closer_to_player2,2,0.5002736042863217
session_14_player1,Shared agency no commitment no signaling,closer_to_player2,3,0.5002565606522971
session_14_player1,Shared agency no commitment no signaling,closer_to_player2,4,0.5000460880897303
session_14_player1,Shared agency no commitment no signaling,closer_to_player2,5,0.19994344363509695
session_14_player1,Shared agency no commitment no signaling,equal_to_both,0,0.5
session_14_player1,Shared agency no commitment no signaling,equal_to_both,1,0.25527786606610664
session_14_player1,Shared agency no commitment no signaling,equal_to_both,2,0.2552685282641192
session_14_player1,Shared agency no commitment no signaling,equal_to_both,3,0.8781091531204468
session_14_player1,Shared agency no commitment no signaling,equal_to_both,4,0.8782722774779287
session_14_player1,Shared agency no commitment no signaling,equal_to_both,5,0.9994588610536278
session_14_player2,Shared agency commitment no signaling,closer_to_player1,0,0.5
session_14_player2,Shared agency commitment no signaling,closer_to_player1,1,0.48947734505612067
session_14_player2,Shared agency commitment no signaling,closer_to_player1,2,0.4795355177696947
session_14_player2,Shared agency commitment no signaling,closer_to_player1,3,0.46979838317355993
session_14_player2,Shared agency commitment no signaling,closer_to_player1,4,0.4571095584550639
session_14_player2,Shared agency commitment no signaling,closer_to_player1,5,0.34608197380936295
session_14_player2,Shared agency commitment no signaling,closer_to_player2,0,0.5
session_14_player2,Shared agency commitment no signaling,closer_to_player2,1,0.7927403258320624
session_14_player2,Shared agency commitment no signaling,closer_to_player2,2,0.4999533480454575
session_14_player2,Shared agency commitment no signaling,closer_to_player2,3,0.9859144997078284
session_14_player2,Shared agency commitment no signaling,closer_to_player2,4,0.9999997208633207
session_14_player2,Shared agency commitment no signaling,closer_to_player2,5,0.9999999999492835
session_14_player2,Shared agency commitment no signaling,equal_to_both,0,0.5
session_14_player2,Shared agency commitment no signaling,equal_to_both,1,0.28796652230893854
session_14_player2,Shared agency commitment no signaling,equal_to_both,2,0.29514509441366604
session_14_player2,Shared agency commitment no signaling,equal_to_both,3,0.7151991165600983
session_14_player2,Shared agency commitment no signaling,equal_to_both,4,0.8694234230097759
session_14_player2,Shared agency commitment no signaling,equal_to_both,5,0.9989072122995001
session_14_player2,Shared agency commitment signaling (Communicative Action Mixture (Legibility Over Alternatives)),closer_to_player1,0,0.5
session_14_player2,Shared agency commitment signaling (Communicative Action Mixture (Legibility Over Alternatives)),closer_to_player1,1,0.6648974000807081
session_14_player2,Shared agency commitment signaling (Communicative Action Mixture (Legibility Over Alternatives)),closer_to_player1,2,0.8317679828282252
session_14_player2,Shared agency commitment signaling (Communicative Action Mixture (Legibility Over Alternatives)),closer_to_player1,3,0.8356834495884815
session_14_player2,Shared agency commitment signaling (Communicative Action Mixture (Legibility Over Alternatives)),closer_to_player1,4,0.8358964180001899
session_14_player2,Shared agency commitment signaling (Communicative Action Mixture (Legibility Over Alternatives)),closer_to_player1,5,0.8367004256251193
session_14_player2,Shared agency commitment signaling (Communicative Action Mixture (Legibility Over Alternatives)),closer_to_player2,0,0.5
session_14_player2,Shared agency commitment signaling (Communicative Action Mixture (Legibility Over Alternatives)),closer_to_player2,1,0.6644385107681706
session_14_player2,Shared agency commitment signaling (Communicative Action Mixture (Legibility Over Alternatives)),closer_to_player2,2,0.6800848036999656
session_14_player2,Shared agency commitment signaling (Communicative Action Mixture (Legibility Over Alternatives)),closer_to_player2,3,0.764783109751227
session_14_player2,Shared agency commitment signaling (Communicative Action Mixture (Legibility Over Alternatives)),closer_to_player2,4,0.8462303699981061
session_14_player2,Shared agency commitment signaling (Communicative Action Mixture (Legibility Over Alternatives)),closer_to_player2,5,0.9091593952705119
session_14_player2,Shared agency commitment signaling (Communicative Action Mixture (Legibility Over Alternatives)),equal_to_both,0,0.5
session_14_player2,Shared agency commitment signaling (Communicative Action Mixture (Legibility Over Alternatives)),equal_to_both,1,0.9966356156276021
session_14_player2,Shared agency commitment signaling (Communicative Action Mixture (Legibility Over Alternatives)),equal_to_both,2,0.9999791902450735
session_14_player2,Shared agency commitment signaling (Communicative Action Mixture (Legibility Over Alternatives)),equal_to_both,3,0.9999794038132986
session_14_player2,Shared agency commitment signaling (Communicative Action Mixture (Legibility Over Alternatives)),equal_to_both,4,0.9999795232244136
session_14_player2,Shared agency commitment signaling (Communicative Action Mixture (Legibility Over Alternatives)),equal_to_both,5,0.9999999317144057
session_14_player2,Shared agency no commitment no signaling,closer_to_player1,0,0.5
session_14_player2,Shared agency no commitment no signaling,closer_to_player1,1,0.7198766893491622
session_14_player2,Shared agency no commitment no signaling,closer_to_player1,2,0.09735426281432062
session_14_player2,Shared agency no commitment no signaling,closer_to_player1,3,0.29903015662376
session_14_player2,Shared agency no commitment no signaling,closer_to_player1,4,0.2695201523036144
session_14_player2,Shared agency no commitment no signaling,closer_to_player1,5,0.2362261442480398
session_14_player2,Shared agency no commitment no signaling,closer_to_player2,0,0.5
session_14_player2,Shared agency no commitment no signaling,closer_to_player2,1,0.4393224458541538
session_14_player2,Shared agency no commitment no signaling,closer_to_player2,2,0.5232807996026941
session_14_player2,Shared agency no commitment no signaling,closer_to_player2,3,0.5544004860133798
session_14_player2,Shared agency no commitment no signaling,closer_to_player2,4,0.9141497572941577
session_14_player2,Shared agency no commitment no signaling,closer_to_player2,5,0.9536040505972094
session_14_player2,Shared agency no commitment no signaling,equal_to_both,0,0.5
session_14_player2,Shared agency no commitment no signaling,equal_to_both,1,0.7441825868423382
session_14_player2,Shared agency no commitment no signaling,equal_to_both,2,0.9994937369922372
session_14_player2,Shared agency no commitment no signaling,equal_to_both,3,0.9995183257714495
session_14_player2,Shared agency no commitment no signaling,equal_to_both,4,0.9999102712389252
session_14_player2,Shared agency no commitment no signaling,equal_to_both,5,0.9999113470404756
session_15_player1,Shared agency commitment no signaling,closer_to_player1,0,0.5
session_15_player1,Shared agency commitment no signaling,closer_to_player1,1,0.4379019244140966
session_15_player1,Shared agency commitment no signaling,closer_to_player1,2,0.25034770903197273
session_15_player1,Shared agency commitment no signaling,closer_to_player1,3,0.28739926372059593
session_15_player1,Shared agency commitment no signaling,closer_to_player1,4,0.5002847510443701
session_15_player1,Shared agency commitment no signaling,closer_to_player1,5,0.45058950583816326
session_15_player1,Shared agency commitment no signaling,closer_to_player2,0,0.5
session_15_player1,Shared agency commitment no signaling,closer_to_player2,1,0.6131235673968908
session_15_player1,Shared agency commitment no signaling,closer_to_player2,2,0.5709036045399739
session_15_player1,Shared agency commitment no signaling,closer_to_player2,3,0.7071792052401835
session_15_player1,Shared agency commitment no signaling,closer_to_player2,4,0.9752318577911573
session_15_player1,Shared agency commitment no signaling,closer_to_player2,5,0.9505509568712723
session_15_player1,Shared agency commitment no signaling,equal_to_both,0,0.5
session_15_player1,Shared agency commitment no signaling,equal_to_both,1,0.7087933464852156
session_15_player1,Shared agency commitment no signaling,equal_to_both,2,0.8326864143850465
session_15_player1,Shared agency commitment no signaling,equal_to_both,3,0.15405001985206399
session_15_player1,Shared agency commitment no signaling,equal_to_both,4,0.5600735630447901
session_15_player1,Shared agency commitment no signaling,equal_to_both,5,0.5604515870198503
session_15_player1,Shared agency commitment signaling (Communicative Action Mixture (Legibility Over Alternatives)),closer_to_player1,0,0.5
session_15_player1,Shared agency commitment signaling (Communicative Action Mixture (Legibility Over Alternatives)),closer_to_player1,1,0.8344727533596884
session_15_player1,Shared agency commitment signaling (Communicative Action Mixture (Legibility Over Alternatives)),closer_to_player1,2,0.8343216440833429
session_15_player1,Shared agency commitment signaling (Communicative Action Mixture (Legibility Over Alternatives)),closer_to_player1,3,0.8548244678067688
session_15_player1,Shared agency commitment signaling (Communicative Action Mixture (Legibility Over Alternatives)),closer_to_player1,4,0.757776005919228
session_15_player1,Shared agency commitment signaling (Communicative Action Mixture (Legibility Over Alternatives)),closer_to_player1,5,0.8409165972562738
session_15_player1,Shared agency commitment signaling (Communicative Action Mixture (Legibility Over Alternatives)),closer_to_player2,0,0.5
session_15_player1,Shared agency commitment signaling (Communicative Action Mixture (Legibility Over Alternatives)),closer_to_player2,1,0.7076220161766682
session_15_player1,Shared agency commitment signaling (Communicative Action Mixture (Legibility Over Alternatives)),closer_to_player2,2,0.6571835221672334
session_15_player1,Shared agency commitment signaling (Communicative Action Mixture (Legibility Over Alternatives)),closer_to_player2,3,0.8285292334649732
session_15_player1,Shared agency commitment signaling (Communicative Action Mixture (Legibility Over Alternatives)),closer_to_player2,4,0.8367600769773388
session_15_player1,Shared agency commitment signaling (Communicative Action Mixture (Legibility Over Alternatives)),closer_to_player2,5,0.8318792071679565
session_15_player1,Shared agency commitment signaling (Communicative Action Mixture (Legibility Over Alternatives)),equal_to_both,0,0.5
session_15_player1,Shared agency commitment signaling (Communicative Action Mixture (Legibility Over Alternatives)),equal_to_both,1,0.5051210389176278
session_15_player1,Shared agency commitment signaling (Communicative Action Mixture (Legibility Over Alternatives)),equal_to_both,2,0.8677368649739535
session_15_player1,Shared agency commitment signaling (Communicative Action Mixture (Legibility Over Alternatives)),equal_to_both,3,0.9959667768127636
session_15_player1,Shared agency commitment signaling (Communicative Action Mixture (Legibility Over Alternatives)),equal_to_both,4,0.9998630107643591
session_15_player1,Shared agency commitment signaling (Communicative Action Mixture (Legibility Over Alternatives)),equal_to_both,5,0.9999950465793636
session_15_player1,Shared agency no commitment no signaling,closer_to_player1,0,0.5
session_15_player1,Shared agency no commitment no signaling,closer_to_player1,1,0.6882562666467691
session_15_player1,Shared agency no commitment no signaling,closer_to_player1,2,0.7735647650190365
session_15_player1,Shared agency no commitment no signaling,closer_to_player1,3,0.8536229196979188
session_15_player1,Shared agency no commitment no signaling,closer_to_player1,4,0.9143061069185803
session_15_player1,Shared agency no commitment no signaling,closer_to_player1,5,0.9534266383125649
session_15_player1,Shared agency no commitment no signaling,closer_to_player2,0,0.5
session_15_player1,Shared agency no commitment no signaling,closer_to_player2,1,0.6610950066642677
session_15_player1,Shared agency no commitment no signaling,closer_to_player2,2,0.3695615138909379
session_15_player1,Shared agency no commitment no signaling,closer_to_player2,3,0.6818593948334315
session_15_player1,Shared agency no commitment no signaling,closer_to_player2,4,0.6810468860582128
session_15_player1,Shared agency no commitment no signaling,closer_to_player2,5,0.6852350258422909
session_15_player1,Shared agency no commitment no signaling,equal_to_both,0,0.5
session_15_player1,Shared agency no commitment no signaling,equal_to_both,1,0.7055632205651206
session_15_player1,Shared agency no commitment no signaling,equal_to_both,2,0.8331805863809617
session_15_player1,Shared agency no commitment no signaling,equal_to_both,3,0.7501196010370977
session_15_player1,Shared agency no commitment no signaling,equal_to_both,4,0.9995743523356699
session_15_player1,Shared agency no commitment no signaling,equal_to_both,5,0.9999956221436487
session_15_player2,Shared agency commitment no signaling,closer_to_player1,0,0.5
session_15_player2,Shared agency commitment no signaling,closer_to_player1,1,0.5040571597339023
session_15_player2,Shared agency commitment no signaling,closer_to_player1,2,0.506403026383635
session_15_player2,Shared agency commitment no signaling,closer_to_player1,3,0.5077362636789116
session_15_player2,Shared agency commitment no signaling,closer_to_player1,4,0.25177173093151456
session_15_player2,Shared agency commitment no signaling,closer_to_player1,5,0.2840449793811649
session_15_player2,Shared agency commitment no signaling,closer_to_player2,0,0.5
session_15_player2,Shared agency commitment no signaling,closer_to_player2,1,0.3344294753340122
session_15_player2,Shared agency commitment no signaling,closer_to_player2,2,0.9731119224335004
session_15_player2,Shared agency commitment no signaling,closer_to_player2,3,0.9999931762847204
session_15_player2,Shared agency commitment no signaling,closer_to_player2,4,0.9999955249793508
session_15_player2,Shared agency commitment no signaling,closer_to_player2,5,0.9999955903672587
session_15_player2,Shared agency commitment no signaling,equal_to_both,0,0.5
session_15_player2,Shared agency commitment no signaling,equal_to_both,1,0.624560474819058
session_15_player2,Shared agency commitment no signaling,equal_to_both,2,0.5455886654024554
session_15_player2,Shared agency commitment no signaling,equal_to_both,3,0.9692492869823361
session_15_player2,Shared agency commitment no signaling,equal_to_both,4,0.9999641842293081
session_15_player2,Shared agency commitment no signaling,equal_to_both,5,0.9999998526860764
session_15_player2,Shared agency commitment signaling (Communicative Action Mixture (Legibility Over Alternatives)),closer_to_player1,0,0.5
session_15_player2,Shared agency commitment signaling (Communicative Action Mixture (Legibility Over Alternatives)),closer_to_player1,1,0.6858644177344525
session_15_player2,Shared agency commitment signaling (Communicative Action Mixture (Legibility Over Alternatives)),closer_to_player1,2,0.7172768647739208
session_15_player2,Shared agency commitment signaling (Communicative Action Mixture (Legibility Over Alternatives)),closer_to_player1,3,0.7431692746303034
session_15_player2,Shared agency commitment signaling (Communicative Action Mixture (Legibility Over Alternatives)),closer_to_player1,4,0.6726460548088983
session_15_player2,Shared agency commitment signaling (Communicative Action Mixture (Legibility Over Alternatives)),closer_to_player1,5,0.7548141315340501
session_15_player2,Shared agency commitment signaling (Communicative Action Mixture (Legibility Over Alternatives)),closer_to_player2,0,0.5
session_15_player2,Shared agency commitment signaling (Communicative Action Mixture (Legibility Over Alternatives)),closer_to_player2,1,0.6350389604922952
session_15_player2,Shared agency commitment signaling (Communicative Action Mixture (Legibility Over Alternatives)),closer_to_player2,2,0.6798729964874021
session_15_player2,Shared agency commitment signaling (Communicative Action Mixture (Legibility Over Alternatives)),closer_to_player2,3,0.7903624174755359
session_15_player2,Shared agency commitment signaling (Communicative Action Mixture (Legibility Over Alternatives)),closer_to_player2,4,0.7431177574669577
session_15_player2,Shared agency commitment signaling (Communicative Action Mixture (Legibility Over Alternatives)),closer_to_player2,5,0.9998282048198188
session_15_player2,Shared agency commitment signaling (Communicative Action Mixture (Legibility Over Alternatives)),equal_to_both,0,0.5
session_15_player2,Shared agency commitment signaling (Communicative Action Mixture (Legibility Over Alternatives)),equal_to_both,1,0.8288674598011587
session_15_player2,Shared agency commitment signaling (Communicative Action Mixture (Legibility Over Alternatives)),equal_to_both,2,0.8300343400229329
session_15_player2,Shared agency commitment signaling (Communicative Action Mixture (Legibility Over Alternatives)),equal_to_both,3,0.9944971436051829
session_15_player2,Shared agency commitment signaling (Communicative Action Mixture (Legibility Over Alternatives)),equal_to_both,4,0.9945329256591356
session_15_player2,Shared agency commitment signaling (Communicative Action Mixture (Legibility Over Alternatives)),equal_to_both,5,0.9946110296531815
session_15_player2,Shared agency no commitment no signaling,closer_to_player1,0,0.5
session_15_player2,Shared agency no commitment no signaling,closer_to_player1,1,0.4285986287890071
session_15_player2,Shared agency no commitment no signaling,closer_to_player1,2,0.3651807865867501
session_15_player2,Shared agency no commitment no signaling,closer_to_player1,3,0.7105530947120844
session_15_player2,Shared agency no commitment no signaling,closer_to_player1,4,0.6930455176581136
session_15_player2,Shared agency no commitment no signaling,closer_to_player1,5,0.7086604197125298
session_15_player2,Shared agency no commitment no signaling,closer_to_player2,0,0.5
session_15_player2,Shared agency no commitment no signaling,closer_to_player2,1,0.9986146573945464
session_15_player2,Shared agency no commitment no signaling,closer_to_player2,2,0.6792055845173666
session_15_player2,Shared agency no commitment no signaling,closer_to_player2,3,0.9737817359726885
session_15_player2,Shared agency no commitment no signaling,closer_to_player2,4,0.9741127184419222
session_15_player2,Shared agency no commitment no signaling,closer_to_player2,5,0.9742328471832904
session_15_player2,Shared agency no commitment no signaling,equal_to_both,0,0.5
session_15_player2,Shared agency no commitment no signaling,equal_to_both,1,0.4558645178160785
session_15_player2,Shared agency no commitment no signaling,equal_to_both,2,0.5491370263230732
session_15_player2,Shared agency no commitment no signaling,equal_to_both,3,0.8513892954313899
session_15_player2,Shared agency no commitment no signaling,equal_to_both,4,0.8820235988788294
session_15_player2,Shared agency no commitment no signaling,equal_to_both,5,0.9996890158194867
session_16_player1,Shared agency commitment no signaling,closer_to_player1,0,0.5
session_16_player1,Shared agency commitment no signaling,closer_to_player1,1,0.6662996484504317
session_16_player1,Shared agency commitment no signaling,closer_to_player1,2,0.6661394264244017
session_16_player1,Shared agency commitment no signaling,closer_to_player1,3,0.8693411064588498
session_16_player1,Shared agency commitment no signaling,closer_to_player1,4,0.9187540963739481
session_16_player1,Shared agency commitment no signaling,closer_to_player1,5,0.9537475805998378
session_16_player1,Shared agency commitment no signaling,closer_to_player2,0,0.5
session_16_player1,Shared agency commitment no signaling,closer_to_player2,1,0.6594727566976631
session_16_player1,Shared agency commitment no signaling,closer_to_player2,2,0.6667236955758519
session_16_player1,Shared agency commitment no signaling,closer_to_player2,3,0.8305715784951301
session_16_player1,Shared agency commitment no signaling,closer_to_player2,4,0.5202082189218059
session_16_player1,Shared agency commitment no signaling,closer_to_player2,5,0.8165275539264615
session_16_player1,Shared agency commitment no signaling,equal_to_both,0,0.5
session_16_player1,Shared agency commitment no signaling,equal_to_both,1,0.49996934663682685
session_16_player1,Shared agency commitment no signaling,equal_to_both,2,0.49996196959705963
session_16_player1,Shared agency commitment no signaling,equal_to_both,3,0.49983301472419367
session_16_player1,Shared agency commitment no signaling,equal_to_both,4,0.4967684761428983
session_16_player1,Shared agency commitment no signaling,equal_to_both,5,0.5000375802132784
session_16_player1,Shared agency commitment signaling (Communicative Action Mixture (Legibility Over Alternatives)),closer_to_player1,0,0.5
session_16_player1,Shared agency commitment signaling (Communicative Action Mixture (Legibility Over Alternatives)),closer_to_player1,1,0.6691194096124554
session_16_player1,Shared agency commitment signaling (Communicative Action Mixture (Legibility Over Alternatives)),closer_to_player1,2,0.7394660698435184
session_16_player1,Shared agency commitment signaling (Communicative Action Mixture (Legibility Over Alternatives)),closer_to_player1,3,0.8129440010640444
session_16_player1,Shared agency commitment signaling (Communicative Action Mixture (Legibility Over Alternatives)),closer_to_player1,4,0.7603708964365216
session_16_player1,Shared agency commitment signaling (Communicative Action Mixture (Legibility Over Alternatives)),closer_to_player1,5,0.720840443479697
session_16_player1,Shared agency commitment signaling (Communicative Action Mixture (Legibility Over Alternatives)),closer_to_player2,0,0.5
session_16_player1,Shared agency commitment signaling (Communicative Action Mixture (Legibility Over Alternatives)),closer_to_player2,1,0.8227543518094422
session_16_player1,Shared agency commitment signaling (Communicative Action Mixture (Legibility Over Alternatives)),closer_to_player2,2,0.8347741052656891
session_16_player1,Shared agency commitment signaling (Communicative Action Mixture (Legibility Over Alternatives)),closer_to_player2,3,0.9980231119336466
session_16_player1,Shared agency commitment signaling (Communicative Action Mixture (Legibility Over Alternatives)),closer_to_player2,4,0.9999679551100317
session_16_player1,Shared agency commitment signaling (Communicative Action Mixture (Legibility Over Alternatives)),closer_to_player2,5,0.9999939186088037
session_16_player1,Shared agency commitment signaling (Communicative Action Mixture (Legibility Over Alternatives)),equal_to_both,0,0.5
session_16_player1,Shared agency commitment signaling (Communicative Action Mixture (Legibility Over Alternatives)),equal_to_both,1,0.499669406904269
session_16_player1,Shared agency commitment signaling (Communicative Action Mixture (Legibility Over Alternatives)),equal_to_both,2,0.7483137198441778
session_16_player1,Shared agency commitment signaling (Communicative Action Mixture (Legibility Over Alternatives)),equal_to_both,3,0.9966412026238118
session_16_player1,Shared agency commitment signaling (Communicative Action Mixture (Legibility Over Alternatives)),equal_to_both,4,0.9983138182820039
session_16_player1,Shared agency commitment signaling (Communicative Action Mixture (Legibility Over Alternatives)),equal_to_both,5,0.9999970690732679
session_16_player1,Shared agency no commitment no signaling,closer_to_player1,0,0.5
session_16_player1,Shared agency no commitment no signaling,closer_to_player1,1,0.8020598723896575
session_16_player1,Shared agency no commitment no signaling,closer_to_player1,2,0.7171435132419293
session_16_player1,Shared agency no commitment no signaling,closer_to_player1,3,0.9999760150307924
session_16_player1,Shared agency no commitment no signaling,closer_to_player1,4,0.999969610146372
session_16_player1,Shared agency no commitment no signaling,closer_to_player1,5,0.9999646508160482
session_16_player1,Shared agency no commitment no signaling,closer_to_player2,0,0.5
session_16_player1,Shared agency no commitment no signaling,closer_to_player2,1,0.5208068643981734
session_16_player1,Shared agency no commitment no signaling,closer_to_player2,2,0.5255078057538568
session_16_player1,Shared agency no commitment no signaling,closer_to_player2,3,0.503493469737446
session_16_player1,Shared agency no commitment no signaling,closer_to_player2,4,0.5059662687297398
session_16_player1,Shared agency no commitment no signaling,closer_to_player2,5,0.05337240555116338
session_16_player1,Shared agency no commitment no signaling,equal_to_both,0,0.5
session_16_player1,Shared agency no commitment no signaling,equal_to_both,1,0.7446677315688157
session_16_player1,Shared agency no commitment no signaling,equal_to_both,2,0.7447744950826504
session_16_player1,Shared agency no commitment no signaling,equal_to_both,3,0.9995474412474827
session_16_player1,Shared agency no commitment no signaling,equal_to_both,4,0.9996097410466829
session_16_player1,Shared agency no commitment no signaling,equal_to_both,5,0.9999987767859502
session_16_player2,Shared agency commitment no signaling,closer_to_player1,0,0.5
session_16_player2,Shared agency commitment no signaling,closer_to_player1,1,0.491827412529319
session_16_player2,Shared agency commitment no signaling,closer_to_player1,2,0.7825150389067811
session_16_player2,Shared agency commitment no signaling,closer_to_player1,3,0.8042190748987098
session_16_player2,Shared agency commitment no signaling,closer_to_player1,4,0.7786634088090959
session_16_player2,Shared agency commitment no signaling,closer_to_player1,5,0.8472281852485034
session_16_player2,Shared agency commitment no signaling,closer_to_player2,0,0.5
session_16_player2,Shared agency commitment no signaling,closer_to_player2,1,0.5975507767265966
session_16_player2,Shared agency commitment no signaling,closer_to_player2,2,0.8027495840523525
session_16_player2,Shared agency commitment no signaling,closer_to_player2,3,0.9629564924161859
session_16_player2,Shared agency commitment no signaling,closer_to_player2,4,0.9804019232386302
session_16_player2,Shared agency commitment no signaling,closer_to_player2,5,0.989977265358359
session_16_player2,Shared agency commitment no signaling,equal_to_both,0,0.5
session_16_player2,Shared agency commitment no signaling,equal_to_both,1,0.7468508155478242
session_16_player2,Shared agency commitment no signaling,equal_to_both,2,0.7469122474483695
session_16_player2,Shared agency commitment no signaling,equal_to_both,3,0.5008316808699862
session_16_player2,Shared agency commitment no signaling,equal_to_both,4,0.8183963433811285
session_16_player2,Shared agency commitment no signaling,equal_to_both,5,0.840446125314248
session_16_player2,Shared agency commitment signaling (Communicative Action Mixture (Legibility Over Alternatives)),closer_to_player1,0,0.5
session_16_player2,Shared agency commitment signaling (Communicative Action Mixture (Legibility Over Alternatives)),closer_to_player1,1,0.6759098078207483
session_16_player2,Shared agency commitment signaling (Communicative Action Mixture (Legibility Over Alternatives)),closer_to_player1,2,0.8317723017832166
session_16_player2,Shared agency commitment signaling (Communicative Action Mixture (Legibility Over Alternatives)),closer_to_player1,3,0.8335204794262704
session_16_player2,Shared agency commitment signaling (Communicative Action Mixture (Legibility Over Alternatives)),closer_to_player1,4,0.8365007531017699
session_16_player2,Shared agency commitment signaling (Communicative Action Mixture (Legibility Over Alternatives)),closer_to_player1,5,0.8502752793914224
session_16_player2,Shared agency commitment signaling (Communicative Action Mixture (Legibility Over Alternatives)),closer_to_player2,0,0.5
session_16_player2,Shared agency commitment signaling (Communicative Action Mixture (Legibility Over Alternatives)),closer_to_player2,1,0.6648690976259788
session_16_player2,Shared agency commitment signaling (Communicative Action Mixture (Legibility Over Alternatives)),closer_to_player2,2,0.8331639745081475
session_16_player2,Shared agency commitment signaling (Communicative Action Mixture (Legibility Over Alternatives)),closer_to_player2,3,0.9999813802010683
session_16_player2,Shared agency commitment signaling (Communicative Action Mixture (Legibility Over Alternatives)),closer_to_player2,4,0.999999529154632
session_16_player2,Shared agency commitment signaling (Communicative Action Mixture (Legibility Over Alternatives)),closer_to_player2,5,0.9999995325302837
session_16_player2,Shared agency commitment signaling (Communicative Action Mixture (Legibility Over Alternatives)),equal_to_both,0,0.5
session_16_player2,Shared agency commitment signaling (Communicative Action Mixture (Legibility Over Alternatives)),equal_to_both,1,0.9904309302896791
session_16_player2,Shared agency commitment signaling (Communicative Action Mixture (Legibility Over Alternatives)),equal_to_both,2,0.9968852192822062
session_16_player2,Shared agency commitment signaling (Communicative Action Mixture (Legibility Over Alternatives)),equal_to_both,3,0.9999772302370302
session_16_player2,Shared agency commitment signaling (Communicative Action Mixture (Legibility Over Alternatives)),equal_to_both,4,0.9999995192018001
session_16_player2,Shared agency commitment signaling (Communicative Action Mixture (Legibility Over Alternatives)),equal_to_both,5,0.9999997617887071
session_16_player2,Shared agency no commitment no signaling,closer_to_player1,0,0.5
session_16_player2,Shared agency no commitment no signaling,closer_to_player1,1,0.5030318512700561
session_16_player2,Shared agency no commitment no signaling,closer_to_player1,2,0.5051123431782484
session_16_player2,Shared agency no commitment no signaling,closer_to_player1,3,0.7579630191118792
session_16_player2,Shared agency no commitment no signaling,closer_to_player1,4,0.7624079336240435
session_16_player2,Shared agency no commitment no signaling,closer_to_player1,5,0.7616107240347374
session_16_player2,Shared agency no commitment no signaling,closer_to_player2,0,0.5
session_16_player2,Shared agency no commitment no signaling,closer_to_player2,1,0.33331717938016825
session_16_player2,Shared agency no commitment no signaling,closer_to_player2,2,0.1999600312483226
session_16_player2,Shared agency no commitment no signaling,closer_to_player2,3,0.11105954328201337
session_16_player2,Shared agency no commitment no signaling,closer_to_player2,4,0.058417588342280634
session_16_player2,Shared agency no commitment no signaling,closer_to_player2,5,1.0
session_16_player2,Shared agency no commitment no signaling,equal_to_both,0,0.5
session_16_player2,Shared agency no commitment no signaling,equal_to_both,1,0.5036545934903924
session_16_player2,Shared agency no commitment no signaling,equal_to_both,2,0.5035623460389266
session_16_player2,Shared agency no commitment no signaling,equal_to_both,3,0.5035290472558244
session_16_player2,Shared agency no commitment no signaling,equal_to_both,4,0.9282425750320418
session_16_player2,Shared agency no commitment no signaling,equal_to_both,5,0.9298752827678789
session_17_player1,Shared agency commitment no signaling,closer_to_player1,0,0.5
session_17_player1,Shared agency commitment no signaling,closer_to_player1,1,0.5666957209282384
session_17_player1,Shared agency commitment no signaling,closer_to_player1,2,0.2522038143558579
session_17_player1,Shared agency commitment no signaling,closer_to_player1,3,0.21090180905204137
session_17_player1,Shared agency commitment no signaling,closer_to_player1,4,0.030740902939780237
session_17_player1,Shared agency commitment no signaling,closer_to_player1,5,0.4995621505087635
session_17_player1,Shared agency commitment no signaling,closer_to_player2,0,0.5
session_17_player1,Shared agency commitment no signaling,closer_to_player2,1,0.506514392398249
session_17_player1,Shared agency commitment no signaling,closer_to_player2,2,0.5541324806563702
session_17_player1,Shared agency commitment no signaling,closer_to_player2,3,0.5435576679908795
session_17_player1,Shared agency commitment no signaling,closer_to_player2,4,0.7866465102493555
session_17_player1,Shared agency commitment no signaling,closer_to_player2,5,0.8491937622089628
session_17_player1,Shared agency commitment no signaling,equal_to_both,0,0.5
session_17_player1,Shared agency commitment no signaling,equal_to_both,1,0.9910033475845712
session_17_player1,Shared agency commitment no signaling,equal_to_both,2,0.9997667657883851
session_17_player1,Shared agency commitment no signaling,equal_to_both,3,0.9997782963055096
session_17_player1,Shared agency commitment no signaling,equal_to_both,4,0.9997842608069756
session_17_player1,Shared agency commitment no signaling,equal_to_both,5,0.9997876227137326
session_17_player1,Shared agency commitment signaling (Communicative Action Mixture (Legibility Over Alternatives)),closer_to_player1,0,0.5
session_17_player1,Shared agency commitment signaling (Communicative Action Mixture (Legibility Over Alternatives)),closer_to_player1,1,0.6672395376346566
session_17_player1,Shared agency commitment signaling (Communicative Action Mixture (Legibility Over Alternatives)),closer_to_player1,2,0.33808405422242066
session_17_player1,Shared agency commitment signaling (Communicative Action Mixture (Legibility Over Alternatives)),closer_to_player1,3,0.6074395179817799
session_17_player1,Shared agency commitment signaling (Communicative Action Mixture (Legibility Over Alternatives)),closer_to_player1,4,0.9425159610237918
session_17_player1,Shared agency commitment signaling (Communicative Action Mixture (Legibility Over Alternatives)),closer_to_player1,5,0.9999762091985964
session_17_player1,Shared agency commitment signaling (Communicative Action Mixture (Legibility Over Alternatives)),closer_to_player2,0,0.5
session_17_player1,Shared agency commitment signaling (Communicative Action Mixture (Legibility Over Alternatives)),closer_to_player2,1,0.5016753669235869
session_17_player1,Shared agency commitment signaling (Communicative Action Mixture (Legibility Over Alternatives)),closer_to_player2,2,0.6632350247077308
session_17_player1,Shared agency commitment signaling (Communicative Action Mixture (Legibility Over Alternatives)),closer_to_player2,3,0.6705621399125644
session_17_player1,Shared agency commitment signaling (Communicative Action Mixture (Legibility Over Alternatives)),closer_to_player2,4,0.7104255653903454
session_17_player1,Shared agency commitment signaling (Communicative Action Mixture (Legibility Over Alternatives)),closer_to_player2,5,0.6784394691507291
session_17_player1,Shared agency commitment signaling (Communicative Action Mixture (Legibility Over Alternatives)),equal_to_both,0,0.5
session_17_player1,Shared agency commitment signaling (Communicative Action Mixture (Legibility Over Alternatives)),equal_to_both,1,0.7414216143795065
session_17_player1,Shared agency commitment signaling (Communicative Action Mixture (Legibility Over Alternatives)),equal_to_both,2,0.9944930576879345
session_17_player1,Shared agency commitment signaling (Communicative Action Mixture (Legibility Over Alternatives)),equal_to_both,3,0.9998997735624207
session_17_player1,Shared agency commitment signaling (Communicative Action Mixture (Legibility Over Alternatives)),equal_to_both,4,0.999989355792459
session_17_player1,Shared agency commitment signaling (Communicative Action Mixture (Legibility Over Alternatives)),equal_to_both,5,0.9999973933463044
session_17_player1,Shared agency no commitment no signaling,closer_to_player1,0,0.5
session_17_player1,Shared agency no commitment no signaling,closer_to_player1,1,0.43408426059141303
session_17_player1,Shared agency no commitment no signaling,closer_to_player1,2,0.6950972106986182
session_17_player1,Shared agency no commitment no signaling,closer_to_player1,3,0.999683512417122
session_17_player1,Shared agency no commitment no signaling,closer_to_player1,4,0.9999997200253636
session_17_player1,Shared agency no commitment no signaling,closer_to_player1,5,0.9999999995002543
session_17_player1,Shared agency no commitment no signaling,closer_to_player2,0,0.5
session_17_player1,Shared agency no commitment no signaling,closer_to_player2,1,0.3338085701495154
session_17_player1,Shared agency no commitment no signaling,closer_to_player2,2,0.34297622889561347
session_17_player1,Shared agency no commitment no signaling,closer_to_player2,3,0.6933139616183753
session_17_player1,Shared agency no commitment no signaling,closer_to_player2,4,0.45884975505750264
session_17_player1,Shared agency no commitment no signaling,closer_to_player2,5,0.576507138287417
session_17_player1,Shared agency no commitment no signaling,equal_to_both,0,0.5
session_17_player1,Shared agency no commitment no signaling,equal_to_both,1,0.9883270970381562
session_17_player1,Shared agency no commitment no signaling,equal_to_both,2,0.9967166527015475
session_17_player1,Shared agency no commitment no signaling,equal_to_both,3,0.9967418630479443
session_17_player1,Shared agency no commitment no signaling,equal_to_both,4,0.9997739895564963
session_17_player1,Shared agency no commitment no signaling,equal_to_both,5,0.9997774359997698
session_17_player2,Shared agency commitment no signaling,closer_to_player1,0,0.5
session_17_player2,Shared agency commitment no signaling,closer_to_player1,1,0.5027252768547887
session_17_player2,Shared agency commitment no signaling,closer_to_player1,2,0.5044033936432892
session_17_player2,Shared agency commitment no signaling,closer_to_player1,3,0.7502519251039379
session_17_player2,Shared agency commitment no signaling,closer_to_player1,4,0.7525665660622267
session_17_player2,Shared agency commitment no signaling,closer_to_player1,5,0.7567576472425299
session_17_player2,Shared agency commitment no signaling,closer_to_player2,0,0.5
session_17_player2,Shared agency commitment no signaling,closer_to_player2,1,0.6653139813187744
session_17_player2,Shared agency commitment no signaling,closer_to_player2,2,0.7042899199394591
session_17_player2,Shared agency commitment no signaling,closer_to_player2,3,0.8361488551524848
session_17_player2,Shared agency commitment no signaling,closer_to_player2,4,0.7692651674632004
session_17_player2,Shared agency commitment no signaling,closer_to_player2,5,0.8556967082418344
session_17_player2,Shared agency commitment no signaling,equal_to_both,0,0.5
session_17_player2,Shared agency commitment no signaling,equal_to_both,1,0.7414501055947964
session_17_player2,Shared agency commitment no signaling,equal_to_both,2,0.7502481568967104
session_17_player2,Shared agency commitment no signaling,equal_to_both,3,0.9999379315921553
session_17_player2,Shared agency commitment no signaling,equal_to_both,4,0.9999916929183311
session_17_player2,Shared agency commitment no signaling,equal_to_both,5,0.9999920318384474
session_17_player2,Shared agency commitment signaling (Communicative Action Mixture (Legibility Over Alternatives)),closer_to_player1,0,0.5
session_17_player2,Shared agency commitment signaling (Communicative Action Mixture (Legibility Over Alternatives)),closer_to_player1,1,0.6611060534146377
session_17_player2,Shared agency commitment signaling (Communicative Action Mixture (Legibility Over Alternatives)),closer_to_player1,2,0.7561174648837882
session_17_player2,Shared agency commitment signaling (Communicative Action Mixture (Legibility Over Alternatives)),closer_to_player1,3,0.7584329743179191
session_17_player2,Shared agency commitment signaling (Communicative Action Mixture (Legibility Over Alternatives)),closer_to_player1,4,0.9908899956341074
session_17_player2,Shared agency commitment signaling (Communicative Action Mixture (Legibility Over Alternatives)),closer_to_player1,5,0.9998048793713218
session_17_player2,Shared agency commitment signaling (Communicative Action Mixture (Legibility Over Alternatives)),closer_to_player2,0,0.5
session_17_player2,Shared agency commitment signaling (Communicative Action Mixture (Legibility Over Alternatives)),closer_to_player2,1,0.6600514462122541
session_17_player2,Shared agency commitment signaling (Communicative Action Mixture (Legibility Over Alternatives)),closer_to_player2,2,0.829377788082242
session_17_player2,Shared agency commitment signaling (Communicative Action Mixture (Legibility Over Alternatives)),closer_to_player2,3,0.8273574193820278
session_17_player2,Shared agency commitment signaling (Communicative Action Mixture (Legibility Over Alternatives)),closer_to_player2,4,0.8113629910983837
session_17_player2,Shared agency commitment signaling (Communicative Action Mixture (Legibility Over Alternatives)),closer_to_player2,5,0.8690539900727302
session_17_player2,Shared agency commitment signaling (Communicative Action Mixture (Legibility Over Alternatives)),equal_to_both,0,0.5
session_17_player2,Shared agency commitment signaling (Communicative Action Mixture (Legibility Over Alternatives)),equal_to_both,1,0.7474422729910923
session_17_player2,Shared agency commitment signaling (Communicative Action Mixture (Legibility Over Alternatives)),equal_to_both,2,0.7565446638530858
session_17_player2,Shared agency commitment signaling (Communicative Action Mixture (Legibility Over Alternatives)),equal_to_both,3,0.7231962250013422
session_17_player2,Shared agency commitment signaling (Communicative Action Mixture (Legibility Over Alternatives)),equal_to_both,4,0.9655454540755648
session_17_player2,Shared agency commitment signaling (Communicative Action Mixture (Legibility Over Alternatives)),equal_to_both,5,0.9674840072062119
session_17_player2,Shared agency no commitment no signaling,closer_to_player1,0,0.5
session_17_player2,Shared agency no commitment no signaling,closer_to_player1,1,0.7470493188768899
session_17_player2,Shared agency no commitment no signaling,closer_to_player1,2,0.7481807608939568
session_17_player2,Shared agency no commitment no signaling,closer_to_player1,3,0.5029412290232698
session_17_player2,Shared agency no commitment no signaling,closer_to_player1,4,0.5029581531493427
session_17_player2,Shared agency no commitment no signaling,closer_to_player1,5,0.9860364879743093
session_17_player2,Shared agency no commitment no signaling,closer_to_player2,0,0.5
session_17_player2,Shared agency no commitment no signaling,closer_to_player2,1,0.5958250703350912
session_17_player2,Shared agency no commitment no signaling,closer_to_player2,2,0.8341747103832081
session_17_player2,Shared agency no commitment no signaling,closer_to_player2,3,0.8361816655733296
session_17_player2,Shared agency no commitment no signaling,closer_to_player2,4,0.8219580890166079
session_17_player2,Shared agency no commitment no signaling,closer_to_player2,5,0.855706352334459
session_17_player2,Shared agency no commitment no signaling,equal_to_both,0,0.5
session_17_player2,Shared agency no commitment no signaling,equal_to_both,1,0.7414175321361607
session_17_player2,Shared agency no commitment no signaling,equal_to_both,2,0.9980879409754265
session_17_player2,Shared agency no commitment no signaling,equal_to_both,3,0.99998064829632
session_17_player2,Shared agency no commitment no signaling,equal_to_both,4,0.9999915989878709
session_17_player2,Shared agency no commitment no signaling,equal_to_both,5,0.9999919256920146
session_18_player1,Shared agency commitment no signaling,closer_to_player1,0,0.5
session_18_player1,Shared agency commitment no signaling,closer_to_player1,1,0.6107509144729367
session_18_player1,Shared agency commitment no signaling,closer_to_player1,2,0.7331765651167576
session_18_player1,Shared agency commitment no signaling,closer_to_player1,3,0.703652848380262
session_18_player1,Shared agency commitment no signaling,closer_to_player1,4,0.6862365800615206
session_18_player1,Shared agency commitment no signaling,closer_to_player1,5,0.6766894135355739
session_18_player1,Shared agency commitment no signaling,closer_to_player2,0,0.5
session_18_player1,Shared agency commitment no signaling,closer_to_player2,1,0.7396036164101676
session_18_player1,Shared agency commitment no signaling,closer_to_player2,2,0.7511888320895554
session_18_player1,Shared agency commitment no signaling,closer_to_player2,3,0.9992285199578673
session_18_player1,Shared agency commitment no signaling,closer_to_player2,4,0.8414196119979924
session_18_player1,Shared agency commitment no signaling,closer_to_player2,5,0.9994041753832815
session_18_player1,Shared agency commitment no signaling,equal_to_both,0,0.5
session_18_player1,Shared agency commitment no signaling,equal_to_both,1,0.9986948499816863
session_18_player1,Shared agency commitment no signaling,equal_to_both,2,0.9993447601584515
session_18_player1,Shared agency commitment no signaling,equal_to_both,3,0.9999988764308894
session_18_player1,Shared agency commitment no signaling,equal_to_both,4,0.999999043890751
session_18_player1,Shared agency commitment no signaling,equal_to_both,5,0.9999992529933396
session_18_player1,Shared agency commitment signaling (Communicative Action Mixture (Legibility Over Alternatives)),closer_to_player1,0,0.5
session_18_player1,Shared agency commitment signaling (Communicative Action Mixture (Legibility Over Alternatives)),closer_to_player1,1,0.6247433471117932
session_18_player1,Shared agency commitment signaling (Communicative Action Mixture (Legibility Over Alternatives)),closer_to_player1,2,0.6465444321237128
session_18_player1,Shared agency commitment signaling (Communicative Action Mixture (Legibility Over Alternatives)),closer_to_player1,3,0.902473457588633
session_18_player1,Shared agency commitment signaling (Communicative Action Mixture (Legibility Over Alternatives)),closer_to_player1,4,0.9430389377606638
session_18_player1,Shared agency commitment signaling (Communicative Action Mixture (Legibility Over Alternatives)),closer_to_player1,5,0.9690696920253838
session_18_player1,Shared agency commitment signaling (Communicative Action Mixture (Legibility Over Alternatives)),closer_to_player2,0,0.5
session_18_player1,Shared agency commitment signaling (Communicative Action Mixture (Legibility Over Alternatives)),closer_to_player2,1,0.5011819059313668
session_18_player1,Shared agency commitment signaling (Communicative Action Mixture (Legibility Over Alternatives)),closer_to_player2,2,0.5017313222589114
session_18_player1,Shared agency commitment signaling (Communicative Action Mixture (Legibility Over Alternatives)),closer_to_player2,3,0.5023529400761356
session_18_player1,Shared agency commitment signaling (Communicative Action Mixture (Legibility Over Alternatives)),closer_to_player2,4,0.5072654707913363
session_18_player1,Shared agency commitment signaling (Communicative Action Mixture (Legibility Over Alternatives)),closer_to_player2,5,0.47822247617252395
session_18_player1,Shared agency commitment signaling (Communicative Action Mixture (Legibility Over Alternatives)),equal_to_both,0,0.5
session_18_player1,Shared agency commitment signaling (Communicative Action Mixture (Legibility Over Alternatives)),equal_to_both,1,0.49998370918291585
session_18_player1,Shared agency commitment signaling (Communicative Action Mixture (Legibility Over Alternatives)),equal_to_both,2,0.49997079143790274
session_18_player1,Shared agency commitment signaling (Communicative Action Mixture (Legibility Over Alternatives)),equal_to_both,3,0.49972091425088433
session_18_player1,Shared agency commitment signaling (Communicative Action Mixture (Legibility Over Alternatives)),equal_to_both,4,0.9992215667413658
session_18_player1,Shared agency commitment signaling (Communicative Action Mixture (Legibility Over Alternatives)),equal_to_both,5,0.9999986917250128
session_18_player1,Shared agency no commitment no signaling,closer_to_player1,0,0.5
session_18_player1,Shared agency no commitment no signaling,closer_to_player1,1,0.543154844016179
session_18_player1,Shared agency no commitment no signaling,closer_to_player1,2,0.46400320633678865
session_18_player1,Shared agency no commitment no signaling,closer_to_player1,3,0.337512705818282
session_18_player1,Shared agency no commitment no signaling,closer_to_player1,4,0.6529433528026379
session_18_player1,Shared agency no commitment no signaling,closer_to_player1,5,0.99938451218235
session_18_player1,Shared agency no commitment no signaling,closer_to_player2,0,0.5
session_18_player1,Shared agency no commitment no signaling,closer_to_player2,1,0.46704506987445255
session_18_player1,Shared agency no commitment no signaling,closer_to_player2,2,0.33859156282974684
session_18_player1,Shared agency no commitment no signaling,closer_to_player2,3,0.5389447222134849
session_18_player1,Shared agency no commitment no signaling,closer_to_player2,4,0.7565329347278467
session_18_player1,Shared agency no commitment no signaling,closer_to_player2,5,0.7983449959830088
session_18_player1,Shared agency no commitment no signaling,equal_to_both,0,0.5
session_18_player1,Shared agency no commitment no signaling,equal_to_both,1,0.8318575155595679
session_18_player1,Shared agency no commitment no signaling,equal_to_both,2,0.8331192260325798
session_18_player1,Shared agency no commitment no signaling,equal_to_both,3,0.999728330540537
session_18_player1,Shared agency no commitment no signaling,equal_to_both,4,0.9997332902165574
session_18_player1,Shared agency no commitment no signaling,equal_to_both,5,0.7110901732331825
session_18_player2,Shared agency commitment no signaling,closer_to_player1,0,0.5
session_18_player2,Shared agency commitment no signaling,closer_to_player1,1,0.5038138180773545
session_18_player2,Shared agency commitment no signaling,closer_to_player1,2,0.5077043231824475
session_18_player2,Shared agency commitment no signaling,closer_to_player1,3,0.5085589102202124
session_18_player2,Shared agency commitment no signaling,closer_to_player1,4,0.5068256413089746
session_18_player2,Shared agency commitment no signaling,closer_to_player1,5,0.3490653332546098
session_18_player2,Shared agency commitment no signaling,closer_to_player2,0,0.5
session_18_player2,Shared agency commitment no signaling,closer_to_player2,1,0.18249961800212522
session_18_player2,Shared agency commitment no signaling,closer_to_player2,2,0.979285107909831
session_18_player2,Shared agency commitment no signaling,closer_to_player2,3,0.5336717314106806
session_18_player2,Shared agency commitment no signaling,closer_to_player2,4,0.9885997959956152
session_18_player2,Shared agency commitment no signaling,closer_to_player2,5,0.9999640325764654
session_18_player2,Shared agency commitment no signaling,equal_to_both,0,0.5
session_18_player2,Shared agency commitment no signaling,equal_to_both,1,0.16740025350291388
session_18_player2,Shared agency commitment no signaling,equal_to_both,2,0.5648789191713091
session_18_player2,Shared agency commitment no signaling,equal_to_both,3,0.8695492935311799
session_18_player2,Shared agency commitment no signaling,equal_to_both,4,0.8556302771863028
session_18_player2,Shared agency commitment no signaling,equal_to_both,5,0.999941495750329
session_18_player2,Shared agency commitment signaling (Communicative Action Mixture (Legibility Over Alternatives)),closer_to_player1,0,0.5
session_18_player2,Shared agency commitment signaling (Communicative Action Mixture (Legibility Over Alternatives)),closer_to_player1,1,0.5424213157043482
session_18_player2,Shared agency commitment signaling (Communicative Action Mixture (Legibility Over Alternatives)),closer_to_player1,2,0.6575347799607006
session_18_player2,Shared agency commitment signaling (Communicative Action Mixture (Legibility Over Alternatives)),closer_to_player1,3,0.5063705397916937
session_18_player2,Shared agency commitment signaling (Communicative Action Mixture (Legibility Over Alternatives)),closer_to_player1,4,0.8241143239754036
session_18_player2,Shared agency commitment signaling (Communicative Action Mixture (Legibility Over Alternatives)),closer_to_player1,5,0.8270177617913906
session_18_player2,Shared agency commitment signaling (Communicative Action Mixture (Legibility Over Alternatives)),closer_to_player2,0,0.5
session_18_player2,Shared agency commitment signaling (Communicative Action Mixture (Legibility Over Alternatives)),closer_to_player2,1,0.5282280190260512
session_18_player2,Shared agency commitment signaling (Communicative Action Mixture (Legibility Over Alternatives)),closer_to_player2,2,0.432600134694553
session_18_player2,Shared agency commitment signaling (Communicative Action Mixture (Legibility Over Alternatives)),closer_to_player2,3,0.5264267877493661
session_18_player2,Shared agency commitment signaling (Communicative Action Mixture (Legibility Over Alternatives)),closer_to_player2,4,0.40063431468903676
session_18_player2,Shared agency commitment signaling (Communicative Action Mixture (Legibility Over Alternatives)),closer_to_player2,5,0.44966645006801853
session_18_player2,Shared agency commitment signaling (Communicative Action Mixture (Legibility Over Alternatives)),equal_to_both,0,0.5
session_18_player2,Shared agency commitment signaling (Communicative Action Mixture (Legibility Over Alternatives)),equal_to_both,1,0.5149196906629475
session_18_player2,Shared agency commitment signaling (Communicative Action Mixture (Legibility Over Alternatives)),equal_to_both,2,0.9967695777089094
session_18_player2,Shared agency commitment signaling (Communicative Action Mixture (Legibility Over Alternatives)),equal_to_both,3,0.9968272215718698
session_18_player2,Shared agency commitment signaling (Communicative Action Mixture (Legibility Over Alternatives)),equal_to_both,4,0.9968440894826014
session_18_player2,Shared agency commitment signaling (Communicative Action Mixture (Legibility Over Alternatives)),equal_to_both,5,0.9999944488504608
session_18_player2,Shared agency no commitment no signaling,closer_to_player1,0,0.5
session_18_player2,Shared agency no commitment no signaling,closer_to_player1,1,0.49848345619959006
session_18_player2,Shared agency no commitment no signaling,closer_to_player1,2,0.6676809592733424
session_18_player2,Shared agency no commitment no signaling,closer_to_player1,3,0.8365495451161798
session_18_player2,Shared agency no commitment no signaling,closer_to_player1,4,0.998655302785333
session_18_player2,Shared agency no commitment no signaling,closer_to_player1,5,0.6795065195202885
session_18_player2,Shared agency no commitment no signaling,closer_to_player2,0,0.5
session_18_player2,Shared agency no commitment no signaling,closer_to_player2,1,0.7871103776325171
session_18_player2,Shared agency no commitment no signaling,closer_to_player2,2,0.9450005245882896
session_18_player2,Shared agency no commitment no signaling,closer_to_player2,3,0.3614889895739494
session_18_player2,Shared agency no commitment no signaling,closer_to_player2,4,0.9898891866436762
session_18_player2,Shared agency no commitment no signaling,closer_to_player2,5,0.9974619458650759
session_18_player2,Shared agency no commitment no signaling,equal_to_both,0,0.5
session_18_player2,Shared agency no commitment no signaling,equal_to_both,1,0.4577763635335182
session_18_player2,Shared agency no commitment no signaling,equal_to_both,2,0.8332021541114655
session_18_player2,Shared agency no commitment no signaling,equal_to_both,3,0.6086357785886126
session_18_player2,Shared agency no commitment no signaling,equal_to_both,4,0.6655373697804082
session_18_player2,Shared agency no commitment no signaling,equal_to_both,5,0.6666626173207034
session_19_player1,Shared agency commitment no signaling,closer_to_player1,0,0.5
session_19_player1,Shared agency commitment no signaling,closer_to_player1,1,0.8311325226499419
session_19_player1,Shared agency commitment no signaling,closer_to_player1,2,0.8309349887862543
session_19_player1,Shared agency commitment no signaling,closer_to_player1,3,0.9999918670012061
session_19_player1,Shared agency commitment no signaling,closer_to_player1,4,0.9999962132508927
session_19_player1,Shared agency commitment no signaling,closer_to_player1,5,0.9999999847642426
session_19_player1,Shared agency commitment no signaling,closer_to_player2,0,0.5
session_19_player1,Shared agency commitment no signaling,closer_to_player2,1,0.8317322029047265
session_19_player1,Shared agency commitment no signaling,closer_to_player2,2,0.9155473222404905
session_19_player1,Shared agency commitment no signaling,closer_to_player2,3,0.918010067568197
session_19_player1,Shared agency commitment no signaling,closer_to_player2,4,0.9174746073874739
session_19_player1,Shared agency commitment no signaling,closer_to_player2,5,0.9998278526148465
session_19_player1,Shared agency commitment no signaling,equal_to_both,0,0.5
session_19_player1,Shared agency commitment no signaling,equal_to_both,1,0.9938485771731178
session_19_player1,Shared agency commitment no signaling,equal_to_both,2,0.6739379692166713
session_19_player1,Shared agency commitment no signaling,equal_to_both,3,0.991376664865782
session_19_player1,Shared agency commitment no signaling,equal_to_both,4,0.9969133591322858
session_19_player1,Shared agency commitment no signaling,equal_to_both,5,0.9999937273445549
session_19_player1,Shared agency commitment signaling (Communicative Action Mixture (Legibility Over Alternatives)),closer_to_player1,0,0.5
session_19_player1,Shared agency commitment signaling (Communicative Action Mixture (Legibility Over Alternatives)),closer_to_player1,1,0.8126007214814597
session_19_player1,Shared agency commitment signaling (Communicative Action Mixture (Legibility Over Alternatives)),closer_to_player1,2,0.8289698920915014
session_19_player1,Shared agency commitment signaling (Communicative Action Mixture (Legibility Over Alternatives)),closer_to_player1,3,0.7734120982938314
session_19_player1,Shared agency commitment signaling (Communicative Action Mixture (Legibility Over Alternatives)),closer_to_player1,4,0.9999999776097911
session_19_player1,Shared agency commitment signaling (Communicative Action Mixture (Legibility Over Alternatives)),closer_to_player1,5,0.9999999779578078
session_19_player1,Shared agency commitment signaling (Communicative Action Mixture (Legibility Over Alternatives)),closer_to_player2,0,0.5
session_19_player1,Shared agency commitment signaling (Communicative Action Mixture (Legibility Over Alternatives)),closer_to_player2,1,0.25340043997219586
session_19_player1,Shared agency commitment signaling (Communicative Action Mixture (Legibility Over Alternatives)),closer_to_player2,2,0.6164816650245202
session_19_player1,Shared agency commitment signaling (Communicative Action Mixture (Legibility Over Alternatives)),closer_to_player2,3,0.9746984447492091
session_19_player1,Shared agency commitment signaling (Communicative Action Mixture (Legibility Over Alternatives)),closer_to_player2,4,0.9753107037647972
session_19_player1,Shared agency commitment signaling (Communicative Action Mixture (Legibility Over Alternatives)),closer_to_player2,5,0.9994737381914758
session_19_player1,Shared agency commitment signaling (Communicative Action Mixture (Legibility Over Alternatives)),equal_to_both,0,0.5
session_19_player1,Shared agency commitment signaling (Communicative Action Mixture (Legibility Over Alternatives)),equal_to_both,1,0.9932543426307188
session_19_player1,Shared agency commitment signaling (Communicative Action Mixture (Legibility Over Alternatives)),equal_to_both,2,0.9944718128840608
session_19_player1,Shared agency commitment signaling (Communicative Action Mixture (Legibility Over Alternatives)),equal_to_both,3,0.9979353102878115
session_19_player1,Shared agency commitment signaling (Communicative Action Mixture (Legibility Over Alternatives)),equal_to_both,4,0.9979764193381238
session_19_player1,Shared agency commitment signaling (Communicative Action Mixture (Legibility Over Alternatives)),equal_to_both,5,0.9999959755227065
session_19_player1,Shared agency no commitment no signaling,closer_to_player1,0,0.5
session_19_player1,Shared agency no commitment no signaling,closer_to_player1,1,0.834054207286313
session_19_player1,Shared agency no commitment no signaling,closer_to_player1,2,0.8092877151554746
session_19_player1,Shared agency no commitment no signaling,closer_to_player1,3,0.7895479342987218
session_19_player1,Shared agency no commitment no signaling,closer_to_player1,4,0.7077917911880129
session_19_player1,Shared agency no commitment no signaling,closer_to_player1,5,0.6304871124330625
session_19_player1,Shared agency no commitment no signaling,closer_to_player2,0,0.5
session_19_player1,Shared agency no commitment no signaling,closer_to_player2,1,0.7492992048568957
session_19_player1,Shared agency no commitment no signaling,closer_to_player2,2,0.9933288574590958
session_19_player1,Shared agency no commitment no signaling,closer_to_player2,3,0.999909461346671
session_19_player1,Shared agency no commitment no signaling,closer_to_player2,4,0.9999123649688497
session_19_player1,Shared agency no commitment no signaling,closer_to_player2,5,0.9998734958975923
session_19_player1,Shared agency no commitment no signaling,equal_to_both,0,0.5
session_19_player1,Shared agency no commitment no signaling,equal_to_both,1,0.995246376904239
session_19_player1,Shared agency no commitment no signaling,equal_to_both,2,0.9969373202270556
session_19_player1,Shared agency no commitment no signaling,equal_to_both,3,0.9969514249871256
session_19_player1,Shared agency no commitment no signaling,equal_to_both,4,0.969559953148097
session_19_player1,Shared agency no commitment no signaling,equal_to_both,5,0.9727021932560861
session_19_player2,Shared agency commitment no signaling,closer_to_player1,0,0.5
session_19_player2,Shared agency commitment no signaling,closer_to_player1,1,0.6402209871508017
session_19_player2,Shared agency commitment no signaling,closer_to_player1,2,0.8307452941255296
session_19_player2,Shared agency commitment no signaling,closer_to_player1,3,0.8374675238034349
session_19_player2,Shared agency commitment no signaling,closer_to_player1,4,0.8364706959081931
session_19_player2,Shared agency commitment no signaling,closer_to_player1,5,0.8011503469844575
session_19_player2,Shared agency commitment no signaling,closer_to_player2,0,0.5
session_19_player2,Shared agency commitment no signaling,closer_to_player2,1,0.8315972037092038
session_19_player2,Shared agency commitment no signaling,closer_to_player2,2,0.9995725014041875
session_19_player2,Shared agency commitment no signaling,closer_to_player2,3,0.999998868570107
session_19_player2,Shared agency commitment no signaling,closer_to_player2,4,0.9999986674814695
session_19_player2,Shared agency commitment no signaling,closer_to_player2,5,0.9999999977578266
session_19_player2,Shared agency commitment no signaling,equal_to_both,0,0.5
session_19_player2,Shared agency commitment no signaling,equal_to_both,1,0.25311692729098456
session_19_player2,Shared agency commitment no signaling,equal_to_both,2,0.8216267750415298
session_19_player2,Shared agency commitment no signaling,equal_to_both,3,0.9982806522851863
session_19_player2,Shared agency commitment no signaling,equal_to_both,4,0.998307305665411
session_19_player2,Shared agency commitment no signaling,equal_to_both,5,0.9983158434086497
session_19_player2,Shared agency commitment signaling (Communicative Action Mixture (Legibility Over Alternatives)),closer_to_player1,0,0.5
session_19_player2,Shared agency commitment signaling (Communicative Action Mixture (Legibility Over Alternatives)),closer_to_player1,1,0.5432595564388917
session_19_player2,Shared agency commitment signaling (Communicative Action Mixture (Legibility Over Alternatives)),closer_to_player1,2,0.6539603154254175
session_19_player2,Shared agency commitment signaling (Communicative Action Mixture (Legibility Over Alternatives)),closer_to_player1,3,0.661651704305168
session_19_player2,Shared agency commitment signaling (Communicative Action Mixture (Legibility Over Alternatives)),closer_to_player1,4,0.6654606605855036
session_19_player2,Shared agency commitment signaling (Communicative Action Mixture (Legibility Over Alternatives)),closer_to_player1,5,0.6318439425762304
session_19_player2,Shared agency commitment signaling (Communicative Action Mixture (Legibility Over Alternatives)),closer_to_player2,0,0.5
session_19_player2,Shared agency commitment signaling (Communicative Action Mixture (Legibility Over Alternatives)),closer_to_player2,1,0.9995973145365816
session_19_player2,Shared agency commitment signaling (Communicative Action Mixture (Legibility Over Alternatives)),closer_to_player2,2,0.9139847852349419
session_19_player2,Shared agency commitment signaling (Communicative Action Mixture (Legibility Over Alternatives)),closer_to_player2,3,0.5078567876526755
session_19_player2,Shared agency commitment signaling (Communicative Action Mixture (Legibility Over Alternatives)),closer_to_player2,4,0.9958880687624384
session_19_player2,Shared agency commitment signaling (Communicative Action Mixture (Legibility Over Alternatives)),closer_to_player2,5,0.6426748493410672
session_19_player2,Shared agency commitment signaling (Communicative Action Mixture (Legibility Over Alternatives)),equal_to_both,0,0.5
session_19_player2,Shared agency commitment signaling (Communicative Action Mixture (Legibility Over Alternatives)),equal_to_both,1,0.8291198118916568
session_19_player2,Shared agency commitment signaling (Communicative Action Mixture (Legibility Over Alternatives)),equal_to_both,2,0.9954010449127998
session_19_player2,Shared agency commitment signaling (Communicative Action Mixture (Legibility Over Alternatives)),equal_to_both,3,0.9999558639466087
session_19_player2,Shared agency commitment signaling (Communicative Action Mixture (Legibility Over Alternatives)),equal_to_both,4,0.999956731260497
session_19_player2,Shared agency commitment signaling (Communicative Action Mixture (Legibility Over Alternatives)),equal_to_both,5,0.9999572280446088
session_19_player2,Shared agency no commitment no signaling,closer_to_player1,0,0.5
session_19_player2,Shared agency no commitment no signaling,closer_to_player1,1,0.5570652146957521
session_19_player2,Shared agency no commitment no signaling,closer_to_player1,2,0.6001146499128117
session_19_player2,Shared agency no commitment no signaling,closer_to_player1,3,0.6361911383158225
session_19_player2,Shared agency no commitment no signaling,closer_to_player1,4,0.653888903141338
session_19_player2,Shared agency no commitment no signaling,closer_to_player1,5,0.6297054761472364
session_19_player2,Shared agency no commitment no signaling,closer_to_player2,0,0.5
session_19_player2,Shared agency no commitment no signaling,closer_to_player2,1,0.4989551331010276
session_19_player2,Shared agency no commitment no signaling,closer_to_player2,2,0.9808155405841205
session_19_player2,Shared agency no commitment no signaling,closer_to_player2,3,0.9999931615604036
session_19_player2,Shared agency no commitment no signaling,closer_to_player2,4,0.9999999940170039
session_19_player2,Shared agency no commitment no signaling,closer_to_player2,5,0.9999999999783337
session_19_player2,Shared agency no commitment no signaling,equal_to_both,0,0.5
session_19_player2,Shared agency no commitment no signaling,equal_to_both,1,0.4993225879723434
session_19_player2,Shared agency no commitment no signaling,equal_to_both,2,0.7474790109720365
session_19_player2,Shared agency no commitment no signaling,equal_to_both,3,0.7461833342378674
session_19_player2,Shared agency no commitment no signaling,equal_to_both,4,0.6866115282341201
session_19_player2,Shared agency no commitment no signaling,equal_to_both,5,0.9999182545774754
session_1_player1,Shared agency commitment no signaling,closer_to_player1,0,0.5
session_1_player1,Shared agency commitment no signaling,closer_to_player1,1,0.47292123680104625
session_1_player1,Shared agency commitment no signaling,closer_to_player1,2,0.5091559322969358
session_1_player1,Shared agency commitment no signaling,closer_to_player1,3,0.7710300772888367
session_1_player1,Shared agency commitment no signaling,closer_to_player1,4,0.738532616881491
session_1_player1,Shared agency commitment no signaling,closer_to_player1,5,0.9999872248162052
session_1_player1,Shared agency commitment no signaling,closer_to_player2,0,0.5
session_1_player1,Shared agency commitment no signaling,closer_to_player2,1,0.33564976470224756
session_1_player1,Shared agency commitment no signaling,closer_to_player2,2,0.7335907362967621
session_1_player1,Shared agency commitment no signaling,closer_to_player2,3,0.7198783774463354
session_1_player1,Shared agency commitment no signaling,closer_to_player2,4,0.9990417041502706
session_1_player1,Shared agency commitment no signaling,closer_to_player2,5,0.9999973384181118
session_1_player1,Shared agency commitment no signaling,equal_to_both,0,0.5
session_1_player1,Shared agency commitment no signaling,equal_to_both,1,0.25083348879106265
session_1_player1,Shared agency commitment no signaling,equal_to_both,2,0.5932750348366976
session_1_player1,Shared agency commitment no signaling,equal_to_both,3,0.8449323468868332
session_1_player1,Shared agency commitment no signaling,equal_to_both,4,0.9998055261129084
session_1_player1,Shared agency commitment no signaling,equal_to_both,5,0.9998599653522862
session_1_player1,Shared agency commitment signaling (Communicative Action Mixture (Legibility Over Alternatives)),closer_to_player1,0,0.5
session_1_player1,Shared agency commitment signaling (Communicative Action Mixture (Legibility Over Alternatives)),closer_to_player1,1,0.501760218830848
session_1_player1,Shared agency commitment signaling (Communicative Action Mixture (Legibility Over Alternatives)),closer_to_player1,2,0.5376647035817294
session_1_player1,Shared agency commitment signaling (Communicative Action Mixture (Legibility Over Alternatives)),closer_to_player1,3,0.9860637598767221
session_1_player1,Shared agency commitment signaling (Communicative Action Mixture (Legibility Over Alternatives)),closer_to_player1,4,0.9999515427771065
session_1_player1,Shared agency commitment signaling (Communicative Action Mixture (Legibility Over Alternatives)),closer_to_player1,5,0.9999999966304691
session_1_player1,Shared agency commitment signaling (Communicative Action Mixture (Legibility Over Alternatives)),closer_to_player2,0,0.5
session_1_player1,Shared agency commitment signaling (Communicative Action Mixture (Legibility Over Alternatives)),closer_to_player2,1,0.5092692942060474
session_1_player1,Shared agency commitment signaling (Communicative Action Mixture (Legibility Over Alternatives)),closer_to_player2,2,0.6443116816915153
session_1_player1,Shared agency commitment signaling (Communicative Action Mixture (Legibility Over Alternatives)),closer_to_player2,3,0.6202764327108238
session_1_player1,Shared agency commitment signaling (Communicative Action Mixture (Legibility Over Alternatives)),closer_to_player2,4,0.6952730994022431
session_1_player1,Shared agency commitment signaling (Communicative Action Mixture (Legibility Over Alternatives)),closer_to_player2,5,0.6069690652331001
session_1_player1,Shared agency commitment signaling (Communicative Action Mixture (Legibility Over Alternatives)),equal_to_both,0,0.5
session_1_player1,Shared agency commitment signaling (Communicative Action Mixture (Legibility Over Alternatives)),equal_to_both,1,0.9894533864828278
session_1_player1,Shared agency commitment signaling (Communicative Action Mixture (Legibility Over Alternatives)),equal_to_both,2,0.9946941969098622
session_1_player1,Shared agency commitment signaling (Communicative Action Mixture (Legibility Over Alternatives)),equal_to_both,3,0.9999418947445674
session_1_player1,Shared agency commitment signaling (Communicative Action Mixture (Legibility Over Alternatives)),equal_to_both,4,0.9999450924826658
session_1_player1,Shared agency commitment signaling (Communicative Action Mixture (Legibility Over Alternatives)),equal_to_both,5,0.9999994165213556
session_1_player1,Shared agency no commitment no signaling,closer_to_player1,0,0.5
session_1_player1,Shared agency no commitment no signaling,closer_to_player1,1,0.002405615355417397
session_1_player1,Shared agency no commitment no signaling,closer_to_player1,2,0.0036643808130721266
session_1_player1,Shared agency no commitment no signaling,closer_to_player1,3,0.9582901977751757
session_1_player1,Shared agency no commitment no signaling,closer_to_player1,4,0.9999862390839416
session_1_player1,Shared agency no commitment no signaling,closer_to_player1,5,0.9999999976224507
session_1_player1,Shared agency no commitment no signaling,closer_to_player2,0,0.5
session_1_player1,Shared agency no commitment no signaling,closer_to_player2,1,0.34122260539758525
session_1_player1,Shared agency no commitment no signaling,closer_to_player2,2,0.6552879945781426
session_1_player1,Shared agency no commitment no signaling,closer_to_player2,3,0.8182463987164531
session_1_player1,Shared agency no commitment no signaling,closer_to_player2,4,0.8371976634646474
session_1_player1,Shared agency no commitment no signaling,closer_to_player2,5,0.8379997138366103
session_1_player1,Shared agency no commitment no signaling,equal_to_both,0,0.5
session_1_player1,Shared agency no commitment no signaling,equal_to_both,1,0.5000859667949441
session_1_player1,Shared agency no commitment no signaling,equal_to_both,2,0.5001070218514859
session_1_player1,Shared agency no commitment no signaling,equal_to_both,3,0.9966376068689404
session_1_player1,Shared agency no commitment no signaling,equal_to_both,4,0.336393642963649
session_1_player1,Shared agency no commitment no signaling,equal_to_both,5,0.3367577148276483
session_1_player2,Shared agency commitment no signaling,closer_to_player1,0,0.5
session_1_player2,Shared agency commitment no signaling,closer_to_player1,1,0.6637579720744834
session_1_player2,Shared agency commitment no signaling,closer_to_player1,2,0.6710008162620205
session_1_player2,Shared agency commitment no signaling,closer_to_player1,3,0.5573674161587236
session_1_player2,Shared agency commitment no signaling,closer_to_player1,4,0.5582229691010502
session_1_player2,Shared agency commitment no signaling,closer_to_player1,5,0.5711655603241254
session_1_player2,Shared agency commitment no signaling,closer_to_player2,0,0.5
session_1_player2,Shared agency commitment no signaling,closer_to_player2,1,0.8740578832738831
session_1_player2,Shared agency commitment no signaling,closer_to_player2,2,0.9999567445181498
session_1_player2,Shared agency commitment no signaling,closer_to_player2,3,0.9999912816636227
session_1_player2,Shared agency commitment no signaling,closer_to_player2,4,0.999851218435648
session_1_player2,Shared agency commitment no signaling,closer_to_player2,5,0.9999999109354386
session_1_player2,Shared agency commitment no signaling,equal_to_both,0,0.5
session_1_player2,Shared agency commitment no signaling,equal_to_both,1,0.7498558996212527
session_1_player2,Shared agency commitment no signaling,equal_to_both,2,0.7507895559625671
session_1_player2,Shared agency commitment no signaling,equal_to_both,3,0.9983285174242191
session_1_player2,Shared agency commitment no signaling,equal_to_both,4,0.9983400594744067
session_1_player2,Shared agency commitment no signaling,equal_to_both,5,0.999994187326007
session_1_player2,Shared agency commitment signaling (Communicative Action Mixture (Legibility Over Alternatives)),closer_to_player1,0,0.5
session_1_player2,Shared agency commitment signaling (Communicative Action Mixture (Legibility Over Alternatives)),closer_to_player1,1,0.663389390071553
session_1_player2,Shared agency commitment signaling (Communicative Action Mixture (Legibility Over Alternatives)),closer_to_player1,2,0.8315152724925662
session_1_player2,Shared agency commitment signaling (Communicative Action Mixture (Legibility Over Alternatives)),closer_to_player1,3,0.7155073496002085
session_1_player2,Shared agency commitment signaling (Communicative Action Mixture (Legibility Over Alternatives)),closer_to_player1,4,0.3986516910767332
session_1_player2,Shared agency commitment signaling (Communicative Action Mixture (Legibility Over Alternatives)),closer_to_player1,5,0.668912008124117
session_1_player2,Shared agency commitment signaling (Communicative Action Mixture (Legibility Over Alternatives)),closer_to_player2,0,0.5
session_1_player2,Shared agency commitment signaling (Communicative Action Mixture (Legibility Over Alternatives)),closer_to_player2,1,0.8036866695957291
session_1_player2,Shared agency commitment signaling (Communicative Action Mixture (Legibility Over Alternatives)),closer_to_player2,2,0.8454955233609951
session_1_player2,Shared agency commitment signaling (Communicative Action Mixture (Legibility Over Alternatives)),closer_to_player2,3,0.7888526032363584
session_1_player2,Shared agency commitment signaling (Communicative Action Mixture (Legibility Over Alternatives)),closer_to_player2,4,0.7414591217028286
session_1_player2,Shared agency commitment signaling (Communicative Action Mixture (Legibility Over Alternatives)),closer_to_player2,5,0.9999572984714199
session_1_player2,Shared agency commitment signaling (Communicative Action Mixture (Legibility Over Alternatives)),equal_to_both,0,0.5
session_1_player2,Shared agency commitment signaling (Communicative Action Mixture (Legibility Over Alternatives)),equal_to_both,1,0.9888203092909075
session_1_player2,Shared agency commitment signaling (Communicative Action Mixture (Legibility Over Alternatives)),equal_to_both,2,0.9997960323349148
session_1_player2,Shared agency commitment signaling (Communicative Action Mixture (Legibility Over Alternatives)),equal_to_both,3,0.9999943955690351
session_1_player2,Shared agency commitment signaling (Communicative Action Mixture (Legibility Over Alternatives)),equal_to_both,4,0.9999953398665407
session_1_player2,Shared agency commitment signaling (Communicative Action Mixture (Legibility Over Alternatives)),equal_to_both,5,0.9999998743823231
session_1_player2,Shared agency no commitment no signaling,closer_to_player1,0,0.5
session_1_player2,Shared agency no commitment no signaling,closer_to_player1,1,0.9832111864272776
session_1_player2,Shared agency no commitment no signaling,closer_to_player1,2,0.9995552527348353
session_1_player2,Shared agency no commitment no signaling,closer_to_player1,3,0.6504892364756486
session_1_player2,Shared agency no commitment no signaling,closer_to_player1,4,0.6562302905959708
session_1_player2,Shared agency no commitment no signaling,closer_to_player1,5,0.6598284749453023
session_1_player2,Shared agency no commitment no signaling,closer_to_player2,0,0.5
session_1_player2,Shared agency no commitment no signaling,closer_to_player2,1,0.6658639692723851
session_1_player2,Shared agency no commitment no signaling,closer_to_player2,2,0.8571794261337566
session_1_player2,Shared agency no commitment no signaling,closer_to_player2,3,0.8767844052332524
session_1_player2,Shared agency no commitment no signaling,closer_to_player2,4,0.8342078319579702
session_1_player2,Shared agency no commitment no signaling,closer_to_player2,5,0.8786527228511141
session_1_player2,Shared agency no commitment no signaling,equal_to_both,0,0.5
session_1_player2,Shared agency no commitment no signaling,equal_to_both,1,0.4985289727739136
session_1_player2,Shared agency no commitment no signaling,equal_to_both,2,0.49841495628962557
session_1_player2,Shared agency no commitment no signaling,equal_to_both,3,0.003342928648158424
session_1_player2,Shared agency no commitment no signaling,equal_to_both,4,0.0033198451676626595
session_1_player2,Shared agency no commitment no signaling,equal_to_both,5,0.8124119152525027
session_20_player1,Shared agency commitment no signaling,closer_to_player1,0,0.5
session_20_player1,Shared agency commitment no signaling,closer_to_player1,1,0.3072510164957574
session_20_player1,Shared agency commitment no signaling,closer_to_player1,2,0.7791471287196662
session_20_player1,Shared agency commitment no signaling,closer_to_player1,3,0.753040554892953
session_20_player1,Shared agency commitment no signaling,closer_to_player1,4,0.827132148410711
session_20_player1,Shared agency commitment no signaling,closer_to_player1,5,0.8479409751434585
session_20_player1,Shared agency commitment no signaling,closer_to_player2,0,0.5
session_20_player1,Shared agency commitment no signaling,closer_to_player2,1,0.4571043675741415
session_20_player1,Shared agency commitment no signaling,closer_to_player2,2,0.6770063516868738
session_20_player1,Shared agency commitment no signaling,closer_to_player2,3,0.732640208418753
session_20_player1,Shared agency commitment no signaling,closer_to_player2,4,0.45886906993228865
session_20_player1,Shared agency commitment no signaling,closer_to_player2,5,0.5158387514443906
session_20_player1,Shared agency commitment no signaling,equal_to_both,0,0.5
session_20_player1,Shared agency commitment no signaling,equal_to_both,1,0.7482891806159591
session_20_player1,Shared agency commitment no signaling,equal_to_both,2,0.7499507701969346
session_20_player1,Shared agency commitment no signaling,equal_to_both,3,0.9991485886631534
session_20_player1,Shared agency commitment no signaling,equal_to_both,4,0.9988374800174499
session_20_player1,Shared agency commitment no signaling,equal_to_both,5,0.9988290992468039
session_20_player1,Shared agency commitment signaling (Communicative Action Mixture (Legibility Over Alternatives)),closer_to_player1,0,0.5
session_20_player1,Shared agency commitment signaling (Communicative Action Mixture (Legibility Over Alternatives)),closer_to_player1,1,0.508253249133508
session_20_player1,Shared agency commitment signaling (Communicative Action Mixture (Legibility Over Alternatives)),closer_to_player1,2,0.6974395978262029
session_20_player1,Shared agency commitment signaling (Communicative Action Mixture (Legibility Over Alternatives)),closer_to_player1,3,0.7480260671239759
session_20_player1,Shared agency commitment signaling (Communicative Action Mixture (Legibility Over Alternatives)),closer_to_player1,4,0.547485098373698
session_20_player1,Shared agency commitment signaling (Communicative Action Mixture (Legibility Over Alternatives)),closer_to_player1,5,0.5121229661721006
session_20_player1,Shared agency commitment signaling (Communicative Action Mixture (Legibility Over Alternatives)),closer_to_player2,0,0.5
session_20_player1,Shared agency commitment signaling (Communicative Action Mixture (Legibility Over Alternatives)),closer_to_player2,1,0.6647412778779301
session_20_player1,Shared agency commitment signaling (Communicative Action Mixture (Legibility Over Alternatives)),closer_to_player2,2,0.6622861176286133
session_20_player1,Shared agency commitment signaling (Communicative Action Mixture (Legibility Over Alternatives)),closer_to_player2,3,0.621719159757295
session_20_player1,Shared agency commitment signaling (Communicative Action Mixture (Legibility Over Alternatives)),closer_to_player2,4,0.5040281810701172
session_20_player1,Shared agency commitment signaling (Communicative Action Mixture (Legibility Over Alternatives)),closer_to_player2,5,0.8383224420678581
session_20_player1,Shared agency commitment signaling (Communicative Action Mixture (Legibility Over Alternatives)),equal_to_both,0,0.5
session_20_player1,Shared agency commitment signaling (Communicative Action Mixture (Legibility Over Alternatives)),equal_to_both,1,0.9881842061936242
session_20_player1,Shared agency commitment signaling (Communicative Action Mixture (Legibility Over Alternatives)),equal_to_both,2,0.9887527186691362
session_20_player1,Shared agency commitment signaling (Communicative Action Mixture (Legibility Over Alternatives)),equal_to_both,3,0.9978275005926616
session_20_player1,Shared agency commitment signaling (Communicative Action Mixture (Legibility Over Alternatives)),equal_to_both,4,0.9998593684458831
session_20_player1,Shared agency commitment signaling (Communicative Action Mixture (Legibility Over Alternatives)),equal_to_both,5,0.9999912138599476
session_20_player1,Shared agency no commitment no signaling,closer_to_player1,0,0.5
session_20_player1,Shared agency no commitment no signaling,closer_to_player1,1,0.626187619744221
session_20_player1,Shared agency no commitment no signaling,closer_to_player1,2,0.8313921926846874
session_20_player1,Shared agency no commitment no signaling,closer_to_player1,3,0.8299169279768922
session_20_player1,Shared agency no commitment no signaling,closer_to_player1,4,0.8438445634752139
session_20_player1,Shared agency no commitment no signaling,closer_to_player1,5,0.8185986956816178
session_20_player1,Shared agency no commitment no signaling,closer_to_player2,0,0.5
session_20_player1,Shared agency no commitment no signaling,closer_to_player2,1,0.5019257458237554
session_20_player1,Shared agency no commitment no signaling,closer_to_player2,2,0.6681711302486534
session_20_player1,Shared agency no commitment no signaling,closer_to_player2,3,0.3613679372725797
session_20_player1,Shared agency no commitment no signaling,closer_to_player2,4,0.48967933490188814
session_20_player1,Shared agency no commitment no signaling,closer_to_player2,5,0.4971476481884532
session_20_player1,Shared agency no commitment no signaling,equal_to_both,0,0.5
session_20_player1,Shared agency no commitment no signaling,equal_to_both,1,0.7483396289658305
session_20_player1,Shared agency no commitment no signaling,equal_to_both,2,0.9983095525355388
session_20_player1,Shared agency no commitment no signaling,equal_to_both,3,0.9999894804045506
session_20_player1,Shared agency no commitment no signaling,equal_to_both,4,0.9996769088343145
session_20_player1,Shared agency no commitment no signaling,equal_to_both,5,0.9996900537706415
session_20_player2,Shared agency commitment no signaling,closer_to_player1,0,0.5
session_20_player2,Shared agency commitment no signaling,closer_to_player1,1,0.47150530115423406
session_20_player2,Shared agency commitment no signaling,closer_to_player1,2,0.5475813655078489
session_20_player2,Shared agency commitment no signaling,closer_to_player1,3,0.6700563061168694
session_20_player2,Shared agency commitment no signaling,closer_to_player1,4,0.669164927360831
session_20_player2,Shared agency commitment no signaling,closer_to_player1,5,0.49670620353437184
session_20_player2,Shared agency commitment no signaling,closer_to_player2,0,0.5
session_20_player2,Shared agency commitment no signaling,closer_to_player2,1,0.9996226898691973
session_20_player2,Shared agency commitment no signaling,closer_to_player2,2,0.9999317261251567
session_20_player2,Shared agency commitment no signaling,closer_to_player2,3,0.9999137385459842
session_20_player2,Shared agency commitment no signaling,closer_to_player2,4,0.9999999985249014
session_20_player2,Shared agency commitment no signaling,closer_to_player2,5,0.9999999999361364
session_20_player2,Shared agency commitment no signaling,equal_to_both,0,0.5
session_20_player2,Shared agency commitment no signaling,equal_to_both,1,0.995186402751544
session_20_player2,Shared agency commitment no signaling,equal_to_both,2,0.9999555326057628
session_20_player2,Shared agency commitment no signaling,equal_to_both,3,0.999999277615631
session_20_player2,Shared agency commitment no signaling,equal_to_both,4,0.9999995801064003
session_20_player2,Shared agency commitment no signaling,equal_to_both,5,0.9999997002237759
session_20_player2,Shared agency commitment signaling (Communicative Action Mixture (Legibility Over Alternatives)),closer_to_player1,0,0.5
session_20_player2,Shared agency commitment signaling (Communicative Action Mixture (Legibility Over Alternatives)),closer_to_player1,1,0.5036409833134872
session_20_player2,Shared agency commitment signaling (Communicative Action Mixture (Legibility Over Alternatives)),closer_to_player1,2,0.5076793873169125
session_20_player2,Shared agency commitment signaling (Communicative Action Mixture (Legibility Over Alternatives)),closer_to_player1,3,0.5111244260454222
session_20_player2,Shared agency commitment signaling (Communicative Action Mixture (Legibility Over Alternatives)),closer_to_player1,4,0.511925129325983
session_20_player2,Shared agency commitment signaling (Communicative Action Mixture (Legibility Over Alternatives)),closer_to_player1,5,0.5110246956599376
session_20_player2,Shared agency commitment signaling (Communicative Action Mixture (Legibility Over Alternatives)),closer_to_player2,0,0.5
session_20_player2,Shared agency commitment signaling (Communicative Action Mixture (Legibility Over Alternatives)),closer_to_player2,1,0.834190603056443
session_20_player2,Shared agency commitment signaling (Communicative Action Mixture (Legibility Over Alternatives)),closer_to_player2,2,0.8058435188282379
session_20_player2,Shared agency commitment signaling (Communicative Action Mixture (Legibility Over Alternatives)),closer_to_player2,3,0.8472875124800939
session_20_player2,Shared agency commitment signaling (Communicative Action Mixture (Legibility Over Alternatives)),closer_to_player2,4,0.9998519936498873
session_20_player2,Shared agency commitment signaling (Communicative Action Mixture (Legibility Over Alternatives)),closer_to_player2,5,0.9999999013932342
session_20_player2,Shared agency commitment signaling (Communicative Action Mixture (Legibility Over Alternatives)),equal_to_both,0,0.5
session_20_player2,Shared agency commitment signaling (Communicative Action Mixture (Legibility Over Alternatives)),equal_to_both,1,0.823561374859182
session_20_player2,Shared agency commitment signaling (Communicative Action Mixture (Legibility Over Alternatives)),equal_to_both,2,0.9896645086037082
session_20_player2,Shared agency commitment signaling (Communicative Action Mixture (Legibility Over Alternatives)),equal_to_both,3,0.9943390140160231
session_20_player2,Shared agency commitment signaling (Communicative Action Mixture (Legibility Over Alternatives)),equal_to_both,4,0.9999388048915868
session_20_player2,Shared agency commitment signaling (Communicative Action Mixture (Legibility Over Alternatives)),equal_to_both,5,0.9999399273949274
session_20_player2,Shared agency no commitment no signaling,closer_to_player1,0,0.5
session_20_player2,Shared agency no commitment no signaling,closer_to_player1,1,0.3414431742219839
session_20_player2,Shared agency no commitment no signaling,closer_to_player1,2,0.342831066922453
session_20_player2,Shared agency no commitment no signaling,closer_to_player1,3,0.5267258554079585
session_20_player2,Shared agency no commitment no signaling,closer_to_player1,4,0.5446059578173998
session_20_player2,Shared agency no commitment no signaling,closer_to_player1,5,0.5466166532783098
session_20_player2,Shared agency no commitment no signaling,closer_to_player2,0,0.5
session_20_player2,Shared agency no commitment no signaling,closer_to_player2,1,0.6673496463889412
session_20_player2,Shared agency no commitment no signaling,closer_to_player2,2,0.6667716149740478
session_20_player2,Shared agency no commitment no signaling,closer_to_player2,3,0.6666667139411787
session_20_player2,Shared agency no commitment no signaling,closer_to_player2,4,0.6668619539627062
session_20_player2,Shared agency no commitment no signaling,closer_to_player2,5,0.6660828939317612
session_20_player2,Shared agency no commitment no signaling,equal_to_both,0,0.5
session_20_player2,Shared agency no commitment no signaling,equal_to_both,1,0.7469197493919724
session_20_player2,Shared agency no commitment no signaling,equal_to_both,2,0.501656404878577
session_20_player2,Shared agency no commitment no signaling,equal_to_both,3,0.8185481893706592
session_20_player2,Shared agency no commitment no signaling,equal_to_both,4,0.8305791486614358
session_20_player2,Shared agency no commitment no signaling,equal_to_both,5,0.9995014304384358
session_21_player1,Shared agency commitment no signaling,closer_to_player1,0,0.5
session_21_player1,Shared agency commitment no signaling,closer_to_player1,1,0.748188093927585
session_21_player1,Shared agency commitment no signaling,closer_to_player1,2,0.7858708676496604
session_21_player1,Shared agency commitment no signaling,closer_to_player1,3,0.7453853741555688
session_21_player1,Shared agency commitment no signaling,closer_to_player1,4,0.8292367043760757
session_21_player1,Shared agency commitment no signaling,closer_to_player1,5,0.5000067699502762
session_21_player1,Shared agency commitment no signaling,closer_to_player2,0,0.5
session_21_player1,Shared agency commitment no signaling,closer_to_player2,1,0.8224814771394717
session_21_player1,Shared agency commitment no signaling,closer_to_player2,2,0.8220601763972836
session_21_player1,Shared agency commitment no signaling,closer_to_player2,3,0.6651084991952348
session_21_player1,Shared agency commitment no signaling,closer_to_player2,4,0.9815505856740362
session_21_player1,Shared agency commitment no signaling,closer_to_player2,5,0.9999143162304295
session_21_player1,Shared agency commitment no signaling,equal_to_both,0,0.5
session_21_player1,Shared agency commitment no signaling,equal_to_both,1,0.4946396264027639
session_21_player1,Shared agency commitment no signaling,equal_to_both,2,0.994772618712338
session_21_player1,Shared agency commitment no signaling,equal_to_both,3,0.9999440237136429
session_21_player1,Shared agency commitment no signaling,equal_to_both,4,0.9998900588982329
session_21_player1,Shared agency commitment no signaling,equal_to_both,5,0.9999988360852441
session_21_player1,Shared agency commitment signaling (Communicative Action Mixture (Legibility Over Alternatives)),closer_to_player1,0,0.5
session_21_player1,Shared agency commitment signaling (Communicative Action Mixture (Legibility Over Alternatives)),closer_to_player1,1,0.5010625992806034
session_21_player1,Shared agency commitment signaling (Communicative Action Mixture (Legibility Over Alternatives)),closer_to_player1,2,0.8177024465933229
session_21_player1,Shared agency commitment signaling (Communicative Action Mixture (Legibility Over Alternatives)),closer_to_player1,3,0.8323969870765682
session_21_player1,Shared agency commitment signaling (Communicative Action Mixture (Legibility Over Alternatives)),closer_to_player1,4,0.8465077991989443
session_21_player1,Shared agency commitment signaling (Communicative Action Mixture (Legibility Over Alternatives)),closer_to_player1,5,0.8223262661766438
session_21_player1,Shared agency commitment signaling (Communicative Action Mixture (Legibility Over Alternatives)),closer_to_player2,0,0.5
session_21_player1,Shared agency commitment signaling (Communicative Action Mixture (Legibility Over Alternatives)),closer_to_player2,1,0.33002632858912295
session_21_player1,Shared agency commitment signaling (Communicative Action Mixture (Legibility Over Alternatives)),closer_to_player2,2,0.41558504165223503
session_21_player1,Shared agency commitment signaling (Communicative Action Mixture (Legibility Over Alternatives)),closer_to_player2,3,0.5355881130443553
session_21_player1,Shared agency commitment signaling (Communicative Action Mixture (Legibility Over Alternatives)),closer_to_player2,4,0.7436481157838023
session_21_player1,Shared agency commitment signaling (Communicative Action Mixture (Legibility Over Alternatives)),closer_to_player2,5,0.9938234270986971
session_21_player1,Shared agency commitment signaling (Communicative Action Mixture (Legibility Over Alternatives)),equal_to_both,0,0.5
session_21_player1,Shared agency commitment signaling (Communicative Action Mixture (Legibility Over Alternatives)),equal_to_both,1,0.9923838785233979
session_21_player1,Shared agency commitment signaling (Communicative Action Mixture (Legibility Over Alternatives)),equal_to_both,2,0.9964799315341685
session_21_player1,Shared agency commitment signaling (Communicative Action Mixture (Legibility Over Alternatives)),equal_to_both,3,0.9965264614083664
session_21_player1,Shared agency commitment signaling (Communicative Action Mixture (Legibility Over Alternatives)),equal_to_both,4,0.9999569290613405
session_21_player1,Shared agency commitment signaling (Communicative Action Mixture (Legibility Over Alternatives)),equal_to_both,5,0.9999783078866534
session_21_player1,Shared agency no commitment no signaling,closer_to_player1,0,0.5
session_21_player1,Shared agency no commitment no signaling,closer_to_player1,1,0.3345828694297839
session_21_player1,Shared agency no commitment no signaling,closer_to_player1,2,0.6591550646082839
session_21_player1,Shared agency no commitment no signaling,closer_to_player1,3,0.9855063958749876
session_21_player1,Shared agency no commitment no signaling,closer_to_player1,4,0.9935818515913307
session_21_player1,Shared agency no commitment no signaling,closer_to_player1,5,0.9968143061896614
session_21_player1,Shared agency no commitment no signaling,closer_to_player2,0,0.5
session_21_player1,Shared agency no commitment no signaling,closer_to_player2,1,0.663374648226608
session_21_player1,Shared agency no commitment no signaling,closer_to_player2,2,0.6592948672858007
session_21_player1,Shared agency no commitment no signaling,closer_to_player2,3,0.49503070735264615
session_21_player1,Shared agency no commitment no signaling,closer_to_player2,4,0.499217133704202
session_21_player1,Shared agency no commitment no signaling,closer_to_player2,5,0.471741631396803
session_21_player1,Shared agency no commitment no signaling,equal_to_both,0,0.5
session_21_player1,Shared agency no commitment no signaling,equal_to_both,1,0.49437429964713253
session_21_player1,Shared agency no commitment no signaling,equal_to_both,2,0.49791561906721854
session_21_player1,Shared agency no commitment no signaling,equal_to_both,3,0.6668522170756718
session_21_player1,Shared agency no commitment no signaling,equal_to_both,4,0.963269528205759
session_21_player1,Shared agency no commitment no signaling,equal_to_both,5,0.9999893207152907
session_21_player2,Shared agency commitment no signaling,closer_to_player1,0,0.5
session_21_player2,Shared agency commitment no signaling,closer_to_player1,1,0.25394891224762317
session_21_player2,Shared agency commitment no signaling,closer_to_player1,2,0.25307891744781236
session_21_player2,Shared agency commitment no signaling,closer_to_player1,3,0.2545838121414673
session_21_player2,Shared agency commitment no signaling,closer_to_player1,4,0.25417663495522175
session_21_player2,Shared agency commitment no signaling,closer_to_player1,5,0.2686711945074143
session_21_player2,Shared agency commitment no signaling,closer_to_player2,0,0.5
session_21_player2,Shared agency commitment no signaling,closer_to_player2,1,0.6970667474507612
session_21_player2,Shared agency commitment no signaling,closer_to_player2,2,0.6974081369908047
session_21_player2,Shared agency commitment no signaling,closer_to_player2,3,0.9893271949191594
session_21_player2,Shared agency commitment no signaling,closer_to_player2,4,0.9894626421426925
session_21_player2,Shared agency commitment no signaling,closer_to_player2,5,0.9895133099360952
session_21_player2,Shared agency commitment no signaling,equal_to_both,0,0.5
session_21_player2,Shared agency commitment no signaling,equal_to_both,1,0.9947255032308844
session_21_player2,Shared agency commitment no signaling,equal_to_both,2,0.9895707013187992
session_21_player2,Shared agency commitment no signaling,equal_to_both,3,0.9998885577886338
session_21_player2,Shared agency commitment no signaling,equal_to_both,4,0.9998902701668779
session_21_player2,Shared agency commitment no signaling,equal_to_both,5,0.9999988428073575
session_21_player2,Shared agency commitment signaling (Communicative Action Mixture (Legibility Over Alternatives)),closer_to_player1,0,0.5
session_21_player2,Shared agency commitment signaling (Communicative Action Mixture (Legibility Over Alternatives)),closer_to_player1,1,0.6583940257010842
session_21_player2,Shared agency commitment signaling (Communicative Action Mixture (Legibility Over Alternatives)),closer_to_player1,2,0.6655158680343859
session_21_player2,Shared agency commitment signaling (Communicative Action Mixture (Legibility Over Alternatives)),closer_to_player1,3,0.7164541083604993
session_21_player2,Shared agency commitment signaling (Communicative Action Mixture (Legibility Over Alternatives)),closer_to_player1,4,0.6646862066640945
session_21_player2,Shared agency commitment signaling (Communicative Action Mixture (Legibility Over Alternatives)),closer_to_player1,5,0.8334002477145345
session_21_player2,Shared agency commitment signaling (Communicative Action Mixture (Legibility Over Alternatives)),closer_to_player2,0,0.5
session_21_player2,Shared agency commitment signaling (Communicative Action Mixture (Legibility Over Alternatives)),closer_to_player2,1,0.7183796032331164
session_21_player2,Shared agency commitment signaling (Communicative Action Mixture (Legibility Over Alternatives)),closer_to_player2,2,0.9997899642918345
session_21_player2,Shared agency commitment signaling (Communicative Action Mixture (Legibility Over Alternatives)),closer_to_player2,3,0.9999998573521302
session_21_player2,Shared agency commitment signaling (Communicative Action Mixture (Legibility Over Alternatives)),closer_to_player2,4,0.9999999994796595
session_21_player2,Shared agency commitment signaling (Communicative Action Mixture (Legibility Over Alternatives)),closer_to_player2,5,0.9999999996933816
session_21_player2,Shared agency commitment signaling (Communicative Action Mixture (Legibility Over Alternatives)),equal_to_both,0,0.5
session_21_player2,Shared agency commitment signaling (Communicative Action Mixture (Legibility Over Alternatives)),equal_to_both,1,0.991965685392589
session_21_player2,Shared agency commitment signaling (Communicative Action Mixture (Legibility Over Alternatives)),equal_to_both,2,0.9964632572592288
session_21_player2,Shared agency commitment signaling (Communicative Action Mixture (Legibility Over Alternatives)),equal_to_both,3,0.9965426894316222
session_21_player2,Shared agency commitment signaling (Communicative Action Mixture (Legibility Over Alternatives)),equal_to_both,4,0.9999783943881645
session_21_player2,Shared agency commitment signaling (Communicative Action Mixture (Legibility Over Alternatives)),equal_to_both,5,0.9999997547579763
session_21_player2,Shared agency no commitment no signaling,closer_to_player1,0,0.5
session_21_player2,Shared agency no commitment no signaling,closer_to_player1,1,0.49880776471878246
session_21_player2,Shared agency no commitment no signaling,closer_to_player1,2,0.3317115889148612
session_21_player2,Shared agency no commitment no signaling,closer_to_player1,3,0.3300634209693365
session_21_player2,Shared agency no commitment no signaling,closer_to_player1,4,0.33183609911719575
session_21_player2,Shared agency no commitment no signaling,closer_to_player1,5,0.07644219055288888
session_21_player2,Shared agency no commitment no signaling,closer_to_player2,0,0.5
session_21_player2,Shared agency no commitment no signaling,closer_to_player2,1,0.4993435153137938
session_21_player2,Shared agency no commitment no signaling,closer_to_player2,2,0.4853939578504041
session_21_player2,Shared agency no commitment no signaling,closer_to_player2,3,0.6667083931199368
session_21_player2,Shared agency no commitment no signaling,closer_to_player2,4,0.4999999684849257
session_21_player2,Shared agency no commitment no signaling,closer_to_player2,5,0.5003293588410584
session_21_player2,Shared agency no commitment no signaling,equal_to_both,0,0.5
session_21_player2,Shared agency no commitment no signaling,equal_to_both,1,0.6665773206755548
session_21_player2,Shared agency no commitment no signaling,equal_to_both,2,0.6689175505249737
session_21_player2,Shared agency no commitment no signaling,equal_to_both,3,0.7101548757902202
session_21_player2,Shared agency no commitment no signaling,equal_to_both,4,0.83323892650735
session_21_player2,Shared agency no commitment no signaling,equal_to_both,5,0.6358351859106236
session_22_player1,Shared agency commitment no signaling,closer_to_player1,0,0.5
session_22_player1,Shared agency commitment no signaling,closer_to_player1,1,0.8334082640428592
session_22_player1,Shared agency commitment no signaling,closer_to_player1,2,0.9999442762690697
session_22_player1,Shared agency commitment no signaling,closer_to_player1,3,0.9999999732315933
session_22_player1,Shared agency commitment no signaling,closer_to_player1,4,0.999999978502576
session_22_player1,Shared agency commitment no signaling,closer_to_player1,5,0.9999999999747538
session_22_player1,Shared agency commitment no signaling,closer_to_player2,0,0.5
session_22_player1,Shared agency commitment no signaling,closer_to_player2,1,0.8284957909480051
session_22_player1,Shared agency commitment no signaling,closer_to_player2,2,0.8351998384884843
session_22_player1,Shared agency commitment no signaling,closer_to_player2,3,0.8356921280669019
session_22_player1,Shared agency commitment no signaling,closer_to_player2,4,0.8361706138032741
session_22_player1,Shared agency commitment no signaling,closer_to_player2,5,0.838261251223967
session_22_player1,Shared agency commitment no signaling,equal_to_both,0,0.5
session_22_player1,Shared agency commitment no signaling,equal_to_both,1,0.6690656267528127
session_22_player1,Shared agency commitment no signaling,equal_to_both,2,0.8293180467555152
session_22_player1,Shared agency commitment no signaling,equal_to_both,3,0.829370780537451
session_22_player1,Shared agency commitment no signaling,equal_to_both,4,0.9978072723521909
session_22_player1,Shared agency commitment no signaling,equal_to_both,5,0.9980726812613748
session_22_player1,Shared agency commitment signaling (Communicative Action Mixture (Legibility Over Alternatives)),closer_to_player1,0,0.5
session_22_player1,Shared agency commitment signaling (Communicative Action Mixture (Legibility Over Alternatives)),closer_to_player1,1,0.3333519462410177
session_22_player1,Shared agency commitment signaling (Communicative Action Mixture (Legibility Over Alternatives)),closer_to_player1,2,0.4371289662980155
session_22_player1,Shared agency commitment signaling (Communicative Action Mixture (Legibility Over Alternatives)),closer_to_player1,3,0.4468235284909818
session_22_player1,Shared agency commitment signaling (Communicative Action Mixture (Legibility Over Alternatives)),closer_to_player1,4,0.9972954666495836
session_22_player1,Shared agency commitment signaling (Communicative Action Mixture (Legibility Over Alternatives)),closer_to_player1,5,0.9996640080391582
session_22_player1,Shared agency commitment signaling (Communicative Action Mixture (Legibility Over Alternatives)),closer_to_player2,0,0.5
session_22_player1,Shared agency commitment signaling (Communicative Action Mixture (Legibility Over Alternatives)),closer_to_player2,1,0.5023959744056011
session_22_player1,Shared agency commitment signaling (Communicative Action Mixture (Legibility Over Alternatives)),closer_to_player2,2,0.5070395003054521
session_22_player1,Shared agency commitment signaling (Communicative Action Mixture (Legibility Over Alternatives)),closer_to_player2,3,0.5141889943320997
session_22_player1,Shared agency commitment signaling (Communicative Action Mixture (Legibility Over Alternatives)),closer_to_player2,4,0.4855219598581939
session_22_player1,Shared agency commitment signaling (Communicative Action Mixture (Legibility Over Alternatives)),closer_to_player2,5,0.4438673025618629
session_22_player1,Shared agency commitment signaling (Communicative Action Mixture (Legibility Over Alternatives)),equal_to_both,0,0.5
session_22_player1,Shared agency commitment signaling (Communicative Action Mixture (Legibility Over Alternatives)),equal_to_both,1,0.8208429685868692
session_22_player1,Shared agency commitment signaling (Communicative Action Mixture (Legibility Over Alternatives)),equal_to_both,2,0.6299850210342556
session_22_player1,Shared agency commitment signaling (Communicative Action Mixture (Legibility Over Alternatives)),equal_to_both,3,0.9882098289762532
session_22_player1,Shared agency commitment signaling (Communicative Action Mixture (Legibility Over Alternatives)),equal_to_both,4,0.9902454310553023
session_22_player1,Shared agency commitment signaling (Communicative Action Mixture (Legibility Over Alternatives)),equal_to_both,5,0.9911493094053608
session_22_player1,Shared agency no commitment no signaling,closer_to_player1,0,0.5
session_22_player1,Shared agency no commitment no signaling,closer_to_player1,1,0.66812646109799
session_22_player1,Shared agency no commitment no signaling,closer_to_player1,2,0.8383455495643748
session_22_player1,Shared agency no commitment no signaling,closer_to_player1,3,0.8368635704205634
session_22_player1,Shared agency no commitment no signaling,closer_to_player1,4,0.7943770966239991
session_22_player1,Shared agency no commitment no signaling,closer_to_player1,5,0.754522798289982
session_22_player1,Shared agency no commitment no signaling,closer_to_player2,0,0.5
session_22_player1,Shared agency no commitment no signaling,closer_to_player2,1,0.5034195937987984
session_22_player1,Shared agency no commitment no signaling,closer_to_player2,2,0.505643865638758
session_22_player1,Shared agency no commitment no signaling,closer_to_player2,3,0.5039104807615482
session_22_player1,Shared agency no commitment no signaling,closer_to_player2,4,0.7546961476237799
session_22_player1,Shared agency no commitment no signaling,closer_to_player2,5,0.7550388590609343
session_22_player1,Shared agency no commitment no signaling,equal_to_both,0,0.5
session_22_player1,Shared agency no commitment no signaling,equal_to_both,1,0.6601666339239325
session_22_player1,Shared agency no commitment no signaling,equal_to_both,2,0.8291189480375865
session_22_player1,Shared agency no commitment no signaling,equal_to_both,3,0.829151430773195
session_22_player1,Shared agency no commitment no signaling,equal_to_both,4,0.9975896960416527
session_22_player1,Shared agency no commitment no signaling,equal_to_both,5,0.9978509126799958
session_22_player2,Shared agency commitment no signaling,closer_to_player1,0,0.5
session_22_player2,Shared agency commitment no signaling,closer_to_player1,1,0.668224662545912
session_22_player2,Shared agency commitment no signaling,closer_to_player1,2,0.6667447173967785
session_22_player2,Shared agency commitment no signaling,closer_to_player1,3,0.8341778682581173
session_22_player2,Shared agency commitment no signaling,closer_to_player1,4,0.8347347800892875
session_22_player2,Shared agency commitment no signaling,closer_to_player1,5,0.999574799655553
session_22_player2,Shared agency commitment no signaling,closer_to_player2,0,0.5
session_22_player2,Shared agency commitment no signaling,closer_to_player2,1,0.8605866453008656
session_22_player2,Shared agency commitment no signaling,closer_to_player2,2,0.8850391653759956
session_22_player2,Shared agency commitment no signaling,closer_to_player2,3,0.7072617231970907
session_22_player2,Shared agency commitment no signaling,closer_to_player2,4,0.7077650573686913
session_22_player2,Shared agency commitment no signaling,closer_to_player2,5,0.560438046426284
session_22_player2,Shared agency commitment no signaling,equal_to_both,0,0.5
session_22_player2,Shared agency commitment no signaling,equal_to_both,1,0.6642202994647114
session_22_player2,Shared agency commitment no signaling,equal_to_both,2,0.6642142267730803
session_22_player2,Shared agency commitment no signaling,equal_to_both,3,0.49812090646470475
session_22_player2,Shared agency commitment no signaling,equal_to_both,4,0.500043850080487
session_22_player2,Shared agency commitment no signaling,equal_to_both,5,0.9461570070213323
session_22_player2,Shared agency commitment signaling (Communicative Action Mixture (Legibility Over Alternatives)),closer_to_player1,0,0.5
session_22_player2,Shared agency commitment signaling (Communicative Action Mixture (Legibility Over Alternatives)),closer_to_player1,1,0.8243213684930729
session_22_player2,Shared agency commitment signaling (Communicative Action Mixture (Legibility Over Alternatives)),closer_to_player1,2,0.7490679324837365
session_22_player2,Shared agency commitment signaling (Communicative Action Mixture (Legibility Over Alternatives)),closer_to_player1,3,0.8323910467048788
session_22_player2,Shared agency commitment signaling (Communicative Action Mixture (Legibility Over Alternatives)),closer_to_player1,4,0.8047315218415644
session_22_player2,Shared agency commitment signaling (Communicative Action Mixture (Legibility Over Alternatives)),closer_to_player1,5,0.8407011265569141
session_22_player2,Shared agency commitment signaling (Communicative Action Mixture (Legibility Over Alternatives)),closer_to_player2,0,0.5
session_22_player2,Shared agency commitment signaling (Communicative Action Mixture (Legibility Over Alternatives)),closer_to_player2,1,0.8346923085622233
session_22_player2,Shared agency commitment signaling (Communicative Action Mixture (Legibility Over Alternatives)),closer_to_player2,2,0.8097382480531463
session_22_player2,Shared agency commitment signaling (Communicative Action Mixture (Legibility Over Alternatives)),closer_to_player2,3,0.8368774857604331
session_22_player2,Shared agency commitment signaling (Communicative Action Mixture (Legibility Over Alternatives)),closer_to_player2,4,0.9999881606445955
session_22_player2,Shared agency commitment signaling (Communicative Action Mixture (Legibility Over Alternatives)),closer_to_player2,5,0.9999999992992423
session_22_player2,Shared agency commitment signaling (Communicative Action Mixture (Legibility Over Alternatives)),equal_to_both,0,0.5
session_22_player2,Shared agency commitment signaling (Communicative Action Mixture (Legibility Over Alternatives)),equal_to_both,1,0.6603497697878318
session_22_player2,Shared agency commitment signaling (Communicative Action Mixture (Legibility Over Alternatives)),equal_to_both,2,0.8237301640383287
session_22_player2,Shared agency commitment signaling (Communicative Action Mixture (Legibility Over Alternatives)),equal_to_both,3,0.9977787685371405
session_22_player2,Shared agency commitment signaling (Communicative Action Mixture (Legibility Over Alternatives)),equal_to_both,4,0.7843350216874846
session_22_player2,Shared agency commitment signaling (Communicative Action Mixture (Legibility Over Alternatives)),equal_to_both,5,0.7843305835107603
session_22_player2,Shared agency no commitment no signaling,closer_to_player1,0,0.5
session_22_player2,Shared agency no commitment no signaling,closer_to_player1,1,0.6657406890455225
session_22_player2,Shared agency no commitment no signaling,closer_to_player1,2,0.6676195251539215
session_22_player2,Shared agency no commitment no signaling,closer_to_player1,3,0.6716484857224133
session_22_player2,Shared agency no commitment no signaling,closer_to_player1,4,0.8424441941386084
session_22_player2,Shared agency no commitment no signaling,closer_to_player1,5,0.8453882561843863
session_22_player2,Shared agency no commitment no signaling,closer_to_player2,0,0.5
session_22_player2,Shared agency no commitment no signaling,closer_to_player2,1,0.5581683200476389
session_22_player2,Shared agency no commitment no signaling,closer_to_player2,2,0.24888487446935798
session_22_player2,Shared agency no commitment no signaling,closer_to_player2,3,0.6680875621480022
session_22_player2,Shared agency no commitment no signaling,closer_to_player2,4,0.2539658310117379
session_22_player2,Shared agency no commitment no signaling,closer_to_player2,5,0.9986567686875134
session_22_player2,Shared agency no commitment no signaling,equal_to_both,0,0.5
session_22_player2,Shared agency no commitment no signaling,equal_to_both,1,0.6650119578823769
session_22_player2,Shared agency no commitment no signaling,equal_to_both,2,0.6650476113707252
session_22_player2,Shared agency no commitment no signaling,equal_to_both,3,0.4989643306472075
session_22_player2,Shared agency no commitment no signaling,equal_to_both,4,0.20569353152541126
session_22_player2,Shared agency no commitment no signaling,equal_to_both,5,0.31798382071019055
session_23_player1,Shared agency commitment no signaling,closer_to_player1,0,0.5
session_23_player1,Shared agency commitment no signaling,closer_to_player1,1,0.4925750537566688
session_23_player1,Shared agency commitment no signaling,closer_to_player1,2,0.4958074860842615
session_23_player1,Shared agency commitment no signaling,closer_to_player1,3,0.5265189670311976
session_23_player1,Shared agency commitment no signaling,closer_to_player1,4,0.4205112423482427
session_23_player1,Shared agency commitment no signaling,closer_to_player1,5,0.3764937396739444
session_23_player1,Shared agency commitment no signaling,closer_to_player2,0,0.5
session_23_player1,Shared agency commitment no signaling,closer_to_player2,1,0.504915382494879
session_23_player1,Shared agency commitment no signaling,closer_to_player2,2,0.8354325577222991
session_23_player1,Shared agency commitment no signaling,closer_to_player2,3,0.6677740052930113
session_23_player1,Shared agency commitment no signaling,closer_to_player2,4,0.9837465368333449
session_23_player1,Shared agency commitment no signaling,closer_to_player2,5,0.9846946875092986
session_23_player1,Shared agency commitment no signaling,equal_to_both,0,0.5
session_23_player1,Shared agency commitment no signaling,equal_to_both,1,0.7444812049214914
session_23_player1,Shared agency commitment no signaling,equal_to_both,2,0.9894408165646421
session_23_player1,Shared agency commitment no signaling,equal_to_both,3,0.9998504862633852
session_23_player1,Shared agency commitment no signaling,equal_to_both,4,0.9998549677577397
session_23_player1,Shared agency commitment no signaling,equal_to_both,5,0.9399200241445571
session_23_player1,Shared agency commitment signaling (Communicative Action Mixture (Legibility Over Alternatives)),closer_to_player1,0,0.5
session_23_player1,Shared agency commitment signaling (Communicative Action Mixture (Legibility Over Alternatives)),closer_to_player1,1,0.5686497006839053
session_23_player1,Shared agency commitment signaling (Communicative Action Mixture (Legibility Over Alternatives)),closer_to_player1,2,0.8845959827848077
session_23_player1,Shared agency commitment signaling (Communicative Action Mixture (Legibility Over Alternatives)),closer_to_player1,3,0.8593137924553481
session_23_player1,Shared agency commitment signaling (Communicative Action Mixture (Legibility Over Alternatives)),closer_to_player1,4,0.9109095554702572
session_23_player1,Shared agency commitment signaling (Communicative Action Mixture (Legibility Over Alternatives)),closer_to_player1,5,0.9489087293823446
session_23_player1,Shared agency commitment signaling (Communicative Action Mixture (Legibility Over Alternatives)),closer_to_player2,0,0.5
session_23_player1,Shared agency commitment signaling (Communicative Action Mixture (Legibility Over Alternatives)),closer_to_player2,1,0.8274035275779097
session_23_player1,Shared agency commitment signaling (Communicative Action Mixture (Legibility Over Alternatives)),closer_to_player2,2,0.848251702987147
session_23_player1,Shared agency commitment signaling (Communicative Action Mixture (Legibility Over Alternatives)),closer_to_player2,3,0.8465536503140662
session_23_player1,Shared agency commitment signaling (Communicative Action Mixture (Legibility Over Alternatives)),closer_to_player2,4,0.845024857669138
session_23_player1,Shared agency commitment signaling (Communicative Action Mixture (Legibility Over Alternatives)),closer_to_player2,5,0.8473083826401492
session_23_player1,Shared agency commitment signaling (Communicative Action Mixture (Legibility Over Alternatives)),equal_to_both,0,0.5
session_23_player1,Shared agency commitment signaling (Communicative Action Mixture (Legibility Over Alternatives)),equal_to_both,1,0.9827983842544424
session_23_player1,Shared agency commitment signaling (Communicative Action Mixture (Legibility Over Alternatives)),equal_to_both,2,0.9995348145322303
session_23_player1,Shared agency commitment signaling (Communicative Action Mixture (Legibility Over Alternatives)),equal_to_both,3,0.9995579099404865
session_23_player1,Shared agency commitment signaling (Communicative Action Mixture (Legibility Over Alternatives)),equal_to_both,4,0.9995685234336575
session_23_player1,Shared agency commitment signaling (Communicative Action Mixture (Legibility Over Alternatives)),equal_to_both,5,0.9999926450543775
session_23_player1,Shared agency no commitment no signaling,closer_to_player1,0,0.5
session_23_player1,Shared agency no commitment no signaling,closer_to_player1,1,0.49743758349298517
session_23_player1,Shared agency no commitment no signaling,closer_to_player1,2,0.6954071081690598
session_23_player1,Shared agency no commitment no signaling,closer_to_player1,3,0.9996840027730322
session_23_player1,Shared agency no commitment no signaling,closer_to_player1,4,0.9999990304624904
session_23_player1,Shared agency no commitment no signaling,closer_to_player1,5,0.998783511792989
session_23_player1,Shared agency no commitment no signaling,closer_to_player2,0,0.5
session_23_player1,Shared agency no commitment no signaling,closer_to_player2,1,0.7065430620738603
session_23_player1,Shared agency no commitment no signaling,closer_to_player2,2,0.35406089118238687
session_23_player1,Shared agency no commitment no signaling,closer_to_player2,3,0.5555411770595454
session_23_player1,Shared agency no commitment no signaling,closer_to_player2,4,0.5606382457391385
session_23_player1,Shared agency no commitment no signaling,closer_to_player2,5,0.5334382743579
session_23_player1,Shared agency no commitment no signaling,equal_to_both,0,0.5
session_23_player1,Shared agency no commitment no signaling,equal_to_both,1,0.5814707223442258
session_23_player1,Shared agency no commitment no signaling,equal_to_both,2,0.39889383763406844
session_23_player1,Shared agency no commitment no signaling,equal_to_both,3,0.7838304404632255
session_23_player1,Shared agency no commitment no signaling,equal_to_both,4,0.9741554645947925
session_23_player1,Shared agency no commitment no signaling,equal_to_both,5,0.9996024541830314
session_23_player2,Shared agency commitment no signaling,closer_to_player1,0,0.5
session_23_player2,Shared agency commitment no signaling,closer_to_player1,1,0.5035190287170141
session_23_player2,Shared agency commitment no signaling,closer_to_player1,2,0.5054334026870888
session_23_player2,Shared agency commitment no signaling,closer_to_player1,3,0.506974683987598
session_23_player2,Shared agency commitment no signaling,closer_to_player1,4,0.5088931349671373
session_23_player2,Shared agency commitment no signaling,closer_to_player1,5,0.473926094121786
session_23_player2,Shared agency commitment no signaling,closer_to_player2,0,0.5
session_23_player2,Shared agency commitment no signaling,closer_to_player2,1,0.6660550011071794
session_23_player2,Shared agency commitment no signaling,closer_to_player2,2,0.6665773598936218
session_23_player2,Shared agency commitment no signaling,closer_to_player2,3,0.781647944239065
session_23_player2,Shared agency commitment no signaling,closer_to_player2,4,0.9999905323209534
session_23_player2,Shared agency commitment no signaling,closer_to_player2,5,0.9999999992286381
session_23_player2,Shared agency commitment no signaling,equal_to_both,0,0.5
session_23_player2,Shared agency commitment no signaling,equal_to_both,1,0.5133760883691605
session_23_player2,Shared agency commitment no signaling,equal_to_both,2,0.5147769997107927
session_23_player2,Shared agency commitment no signaling,equal_to_both,3,0.5150740796867683
session_23_player2,Shared agency commitment no signaling,equal_to_both,4,0.7489498141821915
session_23_player2,Shared agency commitment no signaling,equal_to_both,5,0.9984038337043433
session_23_player2,Shared agency commitment signaling (Communicative Action Mixture (Legibility Over Alternatives)),closer_to_player1,0,0.5
session_23_player2,Shared agency commitment signaling (Communicative Action Mixture (Legibility Over Alternatives)),closer_to_player1,1,0.6626042270597772
session_23_player2,Shared agency commitment signaling (Communicative Action Mixture (Legibility Over Alternatives)),closer_to_player1,2,0.6699776545366111
session_23_player2,Shared agency commitment signaling (Communicative Action Mixture (Legibility Over Alternatives)),closer_to_player1,3,0.6712414359507624
session_23_player2,Shared agency commitment signaling (Communicative Action Mixture (Legibility Over Alternatives)),closer_to_player1,4,0.5356369061356349
session_23_player2,Shared agency commitment signaling (Communicative Action Mixture (Legibility Over Alternatives)),closer_to_player1,5,0.5453795261090378
session_23_player2,Shared agency commitment signaling (Communicative Action Mixture (Legibility Over Alternatives)),closer_to_player2,0,0.5
session_23_player2,Shared agency commitment signaling (Communicative Action Mixture (Legibility Over Alternatives)),closer_to_player2,1,0.8738976632847103
session_23_player2,Shared agency commitment signaling (Communicative Action Mixture (Legibility Over Alternatives)),closer_to_player2,2,0.9998052324251206
session_23_player2,Shared agency commitment signaling (Communicative Action Mixture (Legibility Over Alternatives)),closer_to_player2,3,0.9999998937271957
session_23_player2,Shared agency commitment signaling (Communicative Action Mixture (Legibility Over Alternatives)),closer_to_player2,4,0.9996899192128567
session_23_player2,Shared agency commitment signaling (Communicative Action Mixture (Legibility Over Alternatives)),closer_to_player2,5,0.9999995302096977
session_23_player2,Shared agency commitment signaling (Communicative Action Mixture (Legibility Over Alternatives)),equal_to_both,0,0.5
session_23_player2,Shared agency commitment signaling (Communicative Action Mixture (Legibility Over Alternatives)),equal_to_both,1,0.017199807147374166
session_23_player2,Shared agency commitment signaling (Communicative Action Mixture (Legibility Over Alternatives)),equal_to_both,2,0.01678211160257518
session_23_player2,Shared agency commitment signaling (Communicative Action Mixture (Legibility Over Alternatives)),equal_to_both,3,0.7315973955107095
session_23_player2,Shared agency commitment signaling (Communicative Action Mixture (Legibility Over Alternatives)),equal_to_both,4,0.9961031512897383
session_23_player2,Shared agency commitment signaling (Communicative Action Mixture (Legibility Over Alternatives)),equal_to_both,5,0.9999329713947425
session_23_player2,Shared agency no commitment no signaling,closer_to_player1,0,0.5
session_23_player2,Shared agency no commitment no signaling,closer_to_player1,1,0.7396371296948072
session_23_player2,Shared agency no commitment no signaling,closer_to_player1,2,0.9989049721098029
session_23_player2,Shared agency no commitment no signaling,closer_to_player1,3,0.9991164120652328
session_23_player2,Shared agency no commitment no signaling,closer_to_player1,4,0.9999980485537425
session_23_player2,Shared agency no commitment no signaling,closer_to_player1,5,0.9999996859401167
session_23_player2,Shared agency no commitment no signaling,closer_to_player2,0,0.5
session_23_player2,Shared agency no commitment no signaling,closer_to_player2,1,0.36171456192833135
session_23_player2,Shared agency no commitment no signaling,closer_to_player2,2,0.6779935388546097
session_23_player2,Shared agency no commitment no signaling,closer_to_player2,3,0.6462811455729047
session_23_player2,Shared agency no commitment no signaling,closer_to_player2,4,0.6261213882466711
session_23_player2,Shared agency no commitment no signaling,closer_to_player2,5,0.9999663083612251
session_23_player2,Shared agency no commitment no signaling,equal_to_both,0,0.5
session_23_player2,Shared agency no commitment no signaling,equal_to_both,1,0.4385876004415461
session_23_player2,Shared agency no commitment no signaling,equal_to_both,2,0.5229020922639385
session_23_player2,Shared agency no commitment no signaling,equal_to_both,3,0.2500420287165456
session_23_player2,Shared agency no commitment no signaling,equal_to_both,4,0.6926929904152106
session_23_player2,Shared agency no commitment no signaling,equal_to_both,5,0.9818451551299441
session_24_player1,Shared agency commitment no signaling,closer_to_player1,0,0.5
session_24_player1,Shared agency commitment no signaling,closer_to_player1,1,0.8328808209217713
session_24_player1,Shared agency commitment no signaling,closer_to_player1,2,0.8304426892961502
session_24_player1,Shared agency commitment no signaling,closer_to_player1,3,0.8316605093669506
session_24_player1,Shared agency commitment no signaling,closer_to_player1,4,0.8067638053257341
session_24_player1,Shared agency commitment no signaling,closer_to_player1,5,0.8334234592454456
session_24_player1,Shared agency commitment no signaling,closer_to_player2,0,0.5
session_24_player1,Shared agency commitment no signaling,closer_to_player2,1,0.5029930955773947
session_24_player1,Shared agency commitment no signaling,closer_to_player2,2,0.6634037095865305
session_24_player1,Shared agency commitment no signaling,closer_to_player2,3,0.6228495957839671
session_24_player1,Shared agency commitment no signaling,closer_to_player2,4,0.8344549450551221
session_24_player1,Shared agency commitment no signaling,closer_to_player2,5,0.836239311291214
session_24_player1,Shared agency commitment no signaling,equal_to_both,0,0.5
session_24_player1,Shared agency commitment no signaling,equal_to_both,1,0.7465179081912804
session_24_player1,Shared agency commitment no signaling,equal_to_both,2,0.749931409769999
session_24_player1,Shared agency commitment no signaling,equal_to_both,3,0.9982871589255258
session_24_player1,Shared agency commitment no signaling,equal_to_both,4,0.9982959810715137
session_24_player1,Shared agency commitment no signaling,equal_to_both,5,0.9983039710540391
session_24_player1,Shared agency commitment signaling (Communicative Action Mixture (Legibility Over Alternatives)),closer_to_player1,0,0.5
session_24_player1,Shared agency commitment signaling (Communicative Action Mixture (Legibility Over Alternatives)),closer_to_player1,1,0.8739274126560174
session_24_player1,Shared agency commitment signaling (Communicative Action Mixture (Legibility Over Alternatives)),closer_to_player1,2,0.8172217094434112
session_24_player1,Shared agency commitment signaling (Communicative Action Mixture (Legibility Over Alternatives)),closer_to_player1,3,0.8761590913741678
session_24_player1,Shared agency commitment signaling (Communicative Action Mixture (Legibility Over Alternatives)),closer_to_player1,4,0.9998839574152649
session_24_player1,Shared agency commitment signaling (Communicative Action Mixture (Legibility Over Alternatives)),closer_to_player1,5,0.9999796907113515
session_24_player1,Shared agency commitment signaling (Communicative Action Mixture (Legibility Over Alternatives)),closer_to_player2,0,0.5
session_24_player1,Shared agency commitment signaling (Communicative Action Mixture (Legibility Over Alternatives)),closer_to_player2,1,0.5030329112737785
session_24_player1,Shared agency commitment signaling (Communicative Action Mixture (Legibility Over Alternatives)),closer_to_player2,2,0.828426535333257
session_24_player1,Shared agency commitment signaling (Communicative Action Mixture (Legibility Over Alternatives)),closer_to_player2,3,0.8357259651482009
session_24_player1,Shared agency commitment signaling (Communicative Action Mixture (Legibility Over Alternatives)),closer_to_player2,4,0.8380802996845128
session_24_player1,Shared agency commitment signaling (Communicative Action Mixture (Legibility Over Alternatives)),closer_to_player2,5,0.8504109004580164
session_24_player1,Shared agency commitment signaling (Communicative Action Mixture (Legibility Over Alternatives)),equal_to_both,0,0.5
session_24_player1,Shared agency commitment signaling (Communicative Action Mixture (Legibility Over Alternatives)),equal_to_both,1,0.9893313483100914
session_24_player1,Shared agency commitment signaling (Communicative Action Mixture (Legibility Over Alternatives)),equal_to_both,2,0.9998127777789211
session_24_player1,Shared agency commitment signaling (Communicative Action Mixture (Legibility Over Alternatives)),equal_to_both,3,0.999995037939336
session_24_player1,Shared agency commitment signaling (Communicative Action Mixture (Legibility Over Alternatives)),equal_to_both,4,0.9999954514028788
session_24_player1,Shared agency commitment signaling (Communicative Action Mixture (Legibility Over Alternatives)),equal_to_both,5,0.9999998787883448
session_24_player1,Shared agency no commitment no signaling,closer_to_player1,0,0.5
session_24_player1,Shared agency no commitment no signaling,closer_to_player1,1,0.7079759910746558
session_24_player1,Shared agency no commitment no signaling,closer_to_player1,2,0.006101795839864564
session_24_player1,Shared agency no commitment no signaling,closer_to_player1,3,0.7005198194439481
session_24_player1,Shared agency no commitment no signaling,closer_to_player1,4,0.9916700201712046
session_24_player1,Shared agency no commitment no signaling,closer_to_player1,5,0.9999102424331389
session_24_player1,Shared agency no commitment no signaling,closer_to_player2,0,0.5
session_24_player1,Shared agency no commitment no signaling,closer_to_player2,1,0.5000250629349848
session_24_player1,Shared agency no commitment no signaling,closer_to_player2,2,0.29350840068383865
session_24_player1,Shared agency no commitment no signaling,closer_to_player2,3,0.419108474138437
session_24_player1,Shared agency no commitment no signaling,closer_to_player2,4,0.6525677013169325
session_24_player1,Shared agency no commitment no signaling,closer_to_player2,5,0.7514191590466339
session_24_player1,Shared agency no commitment no signaling,equal_to_both,0,0.5
session_24_player1,Shared agency no commitment no signaling,equal_to_both,1,0.749768745295636
session_24_player1,Shared agency no commitment no signaling,equal_to_both,2,0.35522265615482096
session_24_player1,Shared agency no commitment no signaling,equal_to_both,3,0.6537173676094983
session_24_player1,Shared agency no commitment no signaling,equal_to_both,4,0.9985715873542912
session_24_player1,Shared agency no commitment no signaling,equal_to_both,5,0.5125968080064878
session_24_player2,Shared agency commitment no signaling,closer_to_player1,0,0.5
session_24_player2,Shared agency commitment no signaling,closer_to_player1,1,0.6674115164565319
session_24_player2,Shared agency commitment no signaling,closer_to_player1,2,0.6697570950460202
session_24_player2,Shared agency commitment no signaling,closer_to_player1,3,0.6706544747599478
session_24_player2,Shared agency commitment no signaling,closer_to_player1,4,0.5095909382424395
session_24_player2,Shared agency commitment no signaling,closer_to_player1,5,0.5178824613556161
session_24_player2,Shared agency commitment no signaling,closer_to_player2,0,0.5
session_24_player2,Shared agency commitment no signaling,closer_to_player2,1,0.5287377327814778
session_24_player2,Shared agency commitment no signaling,closer_to_player2,2,0.8680761542854448
session_24_player2,Shared agency commitment no signaling,closer_to_player2,3,0.8593674588615615
session_24_player2,Shared agency commitment no signaling,closer_to_player2,4,0.9109096235018525
session_24_player2,Shared agency commitment no signaling,closer_to_player2,5,0.9489087296088744
session_24_player2,Shared agency commitment no signaling,equal_to_both,0,0.5
session_24_player2,Shared agency commitment no signaling,equal_to_both,1,0.9915903062119764
session_24_player2,Shared agency commitment no signaling,equal_to_both,2,0.9917129541536528
session_24_player2,Shared agency commitment no signaling,equal_to_both,3,0.9999250884356827
session_24_player2,Shared agency commitment no signaling,equal_to_both,4,0.9999988442107959
session_24_player2,Shared agency commitment no signaling,equal_to_both,5,0.9999990859716624
session_24_player2,Shared agency commitment signaling (Communicative Action Mixture (Legibility Over Alternatives)),closer_to_player1,0,0.5
session_24_player2,Shared agency commitment signaling (Communicative Action Mixture (Legibility Over Alternatives)),closer_to_player1,1,0.3416907531715055
session_24_player2,Shared agency commitment signaling (Communicative Action Mixture (Legibility Over Alternatives)),closer_to_player1,2,0.315534068500995
session_24_player2,Shared agency commitment signaling (Communicative Action Mixture (Legibility Over Alternatives)),closer_to_player1,3,0.362366809588498
session_24_player2,Shared agency commitment signaling (Communicative Action Mixture (Legibility Over Alternatives)),closer_to_player1,4,0.49624495304554905
session_24_player2,Shared agency commitment signaling (Communicative Action Mixture (Legibility Over Alternatives)),closer_to_player1,5,0.5002880950376734
session_24_player2,Shared agency commitment signaling (Communicative Action Mixture (Legibility Over Alternatives)),closer_to_player2,0,0.5
session_24_player2,Shared agency commitment signaling (Communicative Action Mixture (Legibility Over Alternatives)),closer_to_player2,1,0.8048232144118693
session_24_player2,Shared agency commitment signaling (Communicative Action Mixture (Legibility Over Alternatives)),closer_to_player2,2,0.7818867257879517
session_24_player2,Shared agency commitment signaling (Communicative Action Mixture (Legibility Over Alternatives)),closer_to_player2,3,0.8072795884410632
session_24_player2,Shared agency commitment signaling (Communicative Action Mixture (Legibility Over Alternatives)),closer_to_player2,4,0.9999831770363704
session_24_player2,Shared agency commitment signaling (Communicative Action Mixture (Legibility Over Alternatives)),closer_to_player2,5,0.9999999989060041
session_24_player2,Shared agency commitment signaling (Communicative Action Mixture (Legibility Over Alternatives)),equal_to_both,0,0.5
session_24_player2,Shared agency commitment signaling (Communicative Action Mixture (Legibility Over Alternatives)),equal_to_both,1,0.989331316828633
session_24_player2,Shared agency commitment signaling (Communicative Action Mixture (Legibility Over Alternatives)),equal_to_both,2,0.9895327191858129
session_24_player2,Shared agency commitment signaling (Communicative Action Mixture (Legibility Over Alternatives)),equal_to_both,3,0.9998880000907464
session_24_player2,Shared agency commitment signaling (Communicative Action Mixture (Legibility Over Alternatives)),equal_to_both,4,0.9999980872689467
session_24_player2,Shared agency commitment signaling (Communicative Action Mixture (Legibility Over Alternatives)),equal_to_both,5,0.9999981787303195
session_24_player2,Shared agency no commitment no signaling,closer_to_player1,0,0.5
session_24_player2,Shared agency no commitment no signaling,closer_to_player1,1,0.49961280226306015
session_24_player2,Shared agency no commitment no signaling,closer_to_player1,2,0.6669274333456009
session_24_player2,Shared agency no commitment no signaling,closer_to_player1,3,0.6659330196918117
session_24_player2,Shared agency no commitment no signaling,closer_to_player1,4,0.6669345146184665
session_24_player2,Shared agency no commitment no signaling,closer_to_player1,5,0.6668229465993822
session_24_player2,Shared agency no commitment no signaling,closer_to_player2,0,0.5
session_24_player2,Shared agency no commitment no signaling,closer_to_player2,1,0.8536175946065474
session_24_player2,Shared agency no commitment no signaling,closer_to_player2,2,0.8663493945437767
session_24_player2,Shared agency no commitment no signaling,closer_to_player2,3,0.8673744586317961
session_24_player2,Shared agency no commitment no signaling,closer_to_player2,4,0.9999999994619378
session_24_player2,Shared agency no commitment no signaling,closer_to_player2,5,0.9999999999986477
session_24_player2,Shared agency no commitment no signaling,equal_to_both,0,0.5
session_24_player2,Shared agency no commitment no signaling,equal_to_both,1,0.6830672322768823
session_24_player2,Shared agency no commitment no signaling,equal_to_both,2,0.49701133472855247
session_24_player2,Shared agency no commitment no signaling,equal_to_both,3,0.4969615285530127
session_24_player2,Shared agency no commitment no signaling,equal_to_both,4,0.5028037033098804
session_24_player2,Shared agency no commitment no signaling,equal_to_both,5,0.9974702918398697
session_25_player1,Shared agency commitment no signaling,closer_to_player1,0,0.5
session_25_player1,Shared agency commitment no signaling,closer_to_player1,1,0.5277351917677203
session_25_player1,Shared agency commitment no signaling,closer_to_player1,2,0.7192045659693852
session_25_player1,Shared agency commitment no signaling,closer_to_player1,3,0.7351712198375685
session_25_player1,Shared agency commitment no signaling,closer_to_player1,4,0.7603340627471291
session_25_player1,Shared agency commitment no signaling,closer_to_player1,5,0.7152955708782748
session_25_player1,Shared agency commitment no signaling,closer_to_player2,0,0.5
session_25_player1,Shared agency commitment no signaling,closer_to_player2,1,0.7432928509936636
session_25_player1,Shared agency commitment no signaling,closer_to_player2,2,0.7446090811412986
session_25_player1,Shared agency commitment no signaling,closer_to_player2,3,0.7454521577773277
session_25_player1,Shared agency commitment no signaling,closer_to_player2,4,0.7568653424334633
session_25_player1,Shared agency commitment no signaling,closer_to_player2,5,0.559678514254086
session_25_player1,Shared agency commitment no signaling,equal_to_both,0,0.5
session_25_player1,Shared agency commitment no signaling,equal_to_both,1,0.5088027009464556
session_25_player1,Shared agency commitment no signaling,equal_to_both,2,0.5087814560331182
session_25_player1,Shared agency commitment no signaling,equal_to_both,3,0.8689030518319305
session_25_player1,Shared agency commitment no signaling,equal_to_both,4,0.9980812729438129
session_25_player1,Shared agency commitment no signaling,equal_to_both,5,0.9999664057050647
session_25_player1,Shared agency commitment signaling (Communicative Action Mixture (Legibility Over Alternatives)),closer_to_player1,0,0.5
session_25_player1,Shared agency commitment signaling (Communicative Action Mixture (Legibility Over Alternatives)),closer_to_player1,1,0.6668161056192398
session_25_player1,Shared agency commitment signaling (Communicative Action Mixture (Legibility Over Alternatives)),closer_to_player1,2,0.6648678550230754
session_25_player1,Shared agency commitment signaling (Communicative Action Mixture (Legibility Over Alternatives)),closer_to_player1,3,0.6362427077978311
session_25_player1,Shared agency commitment signaling (Communicative Action Mixture (Legibility Over Alternatives)),closer_to_player1,4,0.6940184038673971
session_25_player1,Shared agency commitment signaling (Communicative Action Mixture (Legibility Over Alternatives)),closer_to_player1,5,0.7720413333159684
session_25_player1,Shared agency commitment signaling (Communicative Action Mixture (Legibility Over Alternatives)),closer_to_player2,0,0.5
session_25_player1,Shared agency commitment signaling (Communicative Action Mixture (Legibility Over Alternatives)),closer_to_player2,1,0.5022152991843173
session_25_player1,Shared agency commitment signaling (Communicative Action Mixture (Legibility Over Alternatives)),closer_to_player2,2,0.47435850073652935
session_25_player1,Shared agency commitment signaling (Communicative Action Mixture (Legibility Over Alternatives)),closer_to_player2,3,0.5213377402393381
session_25_player1,Shared agency commitment signaling (Communicative Action Mixture (Legibility Over Alternatives)),closer_to_player2,4,0.46737118244963344
session_25_player1,Shared agency commitment signaling (Communicative Action Mixture (Legibility Over Alternatives)),closer_to_player2,5,0.4156285074145474
session_25_player1,Shared agency commitment signaling (Communicative Action Mixture (Legibility Over Alternatives)),equal_to_both,0,0.5
session_25_player1,Shared agency commitment signaling (Communicative Action Mixture (Legibility Over Alternatives)),equal_to_both,1,0.9853200338868444
session_25_player1,Shared agency commitment signaling (Communicative Action Mixture (Legibility Over Alternatives)),equal_to_both,2,0.9916015423320308
session_25_player1,Shared agency commitment signaling (Communicative Action Mixture (Legibility Over Alternatives)),equal_to_both,3,0.9998503140195301
session_25_player1,Shared agency commitment signaling (Communicative Action Mixture (Legibility Over Alternatives)),equal_to_both,4,0.9998592272604059
session_25_player1,Shared agency commitment signaling (Communicative Action Mixture (Legibility Over Alternatives)),equal_to_both,5,0.9999975897494517
session_25_player1,Shared agency no commitment no signaling,closer_to_player1,0,0.5
session_25_player1,Shared agency no commitment no signaling,closer_to_player1,1,0.7076426286453946
session_25_player1,Shared agency no commitment no signaling,closer_to_player1,2,0.8342003581372909
session_25_player1,Shared agency no commitment no signaling,closer_to_player1,3,0.8323018535024996
session_25_player1,Shared agency no commitment no signaling,closer_to_player1,4,0.8462173928463192
session_25_player1,Shared agency no commitment no signaling,closer_to_player1,5,0.820967620727111
session_25_player1,Shared agency no commitment no signaling,closer_to_player2,0,0.5
session_25_player1,Shared agency no commitment no signaling,closer_to_player2,1,0.3873668995449366
session_25_player1,Shared agency no commitment no signaling,closer_to_player2,2,0.5044452533892135
session_25_player1,Shared agency no commitment no signaling,closer_to_player2,3,0.500588194879278
session_25_player1,Shared agency no commitment no signaling,closer_to_player2,4,0.5148840107588386
session_25_player1,Shared agency no commitment no signaling,closer_to_player2,5,0.5538647978893413
session_25_player2,Shared agency commitment no signaling,closer_to_player1,0,0.5
session_25_player2,Shared agency commitment no signaling,closer_to_player1,1,0.6631675401944047
session_25_player2,Shared agency commitment no signaling,closer_to_player1,2,0.66235274897834
session_25_player2,Shared agency commitment no signaling,closer_to_player1,3,0.6240107149392548
session_25_player2,Shared agency commitment no signaling,closer_to_player1,4,0.6808143634048122
session_25_player2,Shared agency commitment no signaling,closer_to_player1,5,0.726918870376906
session_25_player2,Shared agency commitment no signaling,closer_to_player2,0,0.5
session_25_player2,Shared agency commitment no signaling,closer_to_player2,1,0.25404329859314534
session_25_player2,Shared agency commitment no signaling,closer_to_player2,2,0.7346672688639819
session_25_player2,Shared agency commitment no signaling,closer_to_player2,3,0.7565721244812496
session_25_player2,Shared agency commitment no signaling,closer_to_player2,4,0.7352349480767524
session_25_player2,Shared agency commitment no signaling,closer_to_player2,5,0.7858222756670162
session_25_player2,Shared agency commitment no signaling,equal_to_both,0,0.5
session_25_player2,Shared agency commitment no signaling,equal_to_both,1,0.9913101642099935
session_25_player2,Shared agency commitment no signaling,equal_to_both,2,0.9915969353678762
session_25_player2,Shared agency commitment no signaling,equal_to_both,3,0.9916889928402242
session_25_player2,Shared agency commitment no signaling,equal_to_both,4,0.9917477471703766
session_25_player2,Shared agency commitment no signaling,equal_to_both,5,0.9999483515976223
session_25_player2,Shared agency commitment signaling (Communicative Action Mixture (Legibility Over Alternatives)),closer_to_player1,0,0.5
session_25_player2,Shared agency commitment signaling (Communicative Action Mixture (Legibility Over Alternatives)),closer_to_player1,1,0.5008396896661745
session_25_player2,Shared agency commitment signaling (Communicative Action Mixture (Legibility Over Alternatives)),closer_to_player1,2,0.5017725312819462
session_25_player2,Shared agency commitment signaling (Communicative Action Mixture (Legibility Over Alternatives)),closer_to_player1,3,0.5008556907546154
session_25_player2,Shared agency commitment signaling (Communicative Action Mixture (Legibility Over Alternatives)),closer_to_player1,4,0.6705103454391778
session_25_player2,Shared agency commitment signaling (Communicative Action Mixture (Legibility Over Alternatives)),closer_to_player1,5,0.6683988289191524
session_25_player2,Shared agency commitment signaling (Communicative Action Mixture (Legibility Over Alternatives)),closer_to_player2,0,0.5
session_25_player2,Shared agency commitment signaling (Communicative Action Mixture (Legibility Over Alternatives)),closer_to_player2,1,0.5248605061702872
session_25_player2,Shared agency commitment signaling (Communicative Action Mixture (Legibility Over Alternatives)),closer_to_player2,2,0.7119299033773473
session_25_player2,Shared agency commitment signaling (Communicative Action Mixture (Legibility Over Alternatives)),closer_to_player2,3,0.726586869686059
session_25_player2,Shared agency commitment signaling (Communicative Action Mixture (Legibility Over Alternatives)),closer_to_player2,4,0.7807044783192296
session_25_player2,Shared agency commitment signaling (Communicative Action Mixture (Legibility Over Alternatives)),closer_to_player2,5,0.7910171621279303
session_25_player2,Shared agency commitment signaling (Communicative Action Mixture (Legibility Over Alternatives)),equal_to_both,0,0.5
session_25_player2,Shared agency commitment signaling (Communicative Action Mixture (Legibility Over Alternatives)),equal_to_both,1,0.7421687333512945
session_25_player2,Shared agency commitment signaling (Communicative Action Mixture (Legibility Over Alternatives)),equal_to_both,2,0.988534244528197
session_25_player2,Shared agency commitment signaling (Communicative Action Mixture (Legibility Over Alternatives)),equal_to_both,3,0.9968161482880491
session_25_player2,Shared agency commitment signaling (Communicative Action Mixture (Legibility Over Alternatives)),equal_to_both,4,0.9999773062703976
session_25_player2,Shared agency commitment signaling (Communicative Action Mixture (Legibility Over Alternatives)),equal_to_both,5,0.9999961261599204
session_25_player2,Shared agency no commitment no signaling,closer_to_player1,0,0.5
session_25_player2,Shared agency no commitment no signaling,closer_to_player1,1,0.4751117470711135
session_25_player2,Shared agency no commitment no signaling,closer_to_player1,2,0.667428043783135
session_25_player2,Shared agency no commitment no signaling,closer_to_player1,3,0.4552698167993152
session_25_player2,Shared agency no commitment no signaling,closer_to_player1,4,0.17825033870647575
session_25_player2,Shared agency no commitment no signaling,closer_to_player1,5,0.232589885095803
session_25_player2,Shared agency no commitment no signaling,closer_to_player2,0,0.5
session_25_player2,Shared agency no commitment no signaling,closer_to_player2,1,0.5161601300504901
session_25_player2,Shared agency no commitment no signaling,closer_to_player2,2,0.8169954234322016
session_25_player2,Shared agency no commitment no signaling,closer_to_player2,3,0.6688895599547435
session_25_player2,Shared agency no commitment no signaling,closer_to_player2,4,0.9814773525436639
session_25_player2,Shared agency no commitment no signaling,closer_to_player2,5,0.9999825586722487
session_25_player2,Shared agency no commitment no signaling,equal_to_both,0,0.5
session_25_player2,Shared agency no commitment no signaling,equal_to_both,1,0.017262796612705054
session_25_player2,Shared agency no commitment no signaling,equal_to_both,2,0.016733650548732517
session_25_player2,Shared agency no commitment no signaling,equal_to_both,3,0.016530214526122494
session_25_player2,Shared agency no commitment no signaling,equal_to_both,4,0.016358963396882115
session_25_player2,Shared agency no commitment no signaling,equal_to_both,5,0.015566130501360747
session_26_player1,Shared agency commitment no signaling,closer_to_player1,0,0.5
session_26_player1,Shared agency commitment no signaling,closer_to_player1,1,0.3121888581359869
session_26_player1,Shared agency commitment no signaling,closer_to_player1,2,0.6094457818046437
session_26_player1,Shared agency commitment no signaling,closer_to_player1,3,0.9816304808129229
session_26_player1,Shared agency commitment no signaling,closer_to_player1,4,0.9996698644398493
session_26_player1,Shared agency commitment no signaling,closer_to_player1,5,0.999686933279532
session_26_player1,Shared agency commitment no signaling,closer_to_player2,0,0.5
session_26_player1,Shared agency commitment no signaling,closer_to_player2,1,0.49667848560675565
session_26_player1,Shared agency commitment no signaling,closer_to_player2,2,0.5746306321752567
session_26_player1,Shared agency commitment no signaling,closer_to_player2,3,0.5025309671348213
session_26_player1,Shared agency commitment no signaling,closer_to_player2,4,0.5014802257642786
session_26_player1,Shared agency commitment no signaling,closer_to_player2,5,0.3336245409157686
session_26_player1,Shared agency commitment no signaling,equal_to_both,0,0.5
session_26_player1,Shared agency commitment no signaling,equal_to_both,1,0.8326152748831416
session_26_player1,Shared agency commitment no signaling,equal_to_both,2,0.9999985519730813
session_26_player1,Shared agency commitment no signaling,equal_to_both,3,0.9999999924506447
session_26_player1,Shared agency commitment no signaling,equal_to_both,4,0.9999999964150063
session_26_player1,Shared agency commitment no signaling,equal_to_both,5,0.9999999989906225
session_26_player1,Shared agency commitment signaling (Communicative Action Mixture (Legibility Over Alternatives)),closer_to_player1,0,0.5
session_26_player1,Shared agency commitment signaling (Communicative Action Mixture (Legibility Over Alternatives)),closer_to_player1,1,0.4560756696467406
session_26_player1,Shared agency commitment signaling (Communicative Action Mixture (Legibility Over Alternatives)),closer_to_player1,2,0.5788237141610385
session_26_player1,Shared agency commitment signaling (Communicative Action Mixture (Legibility Over Alternatives)),closer_to_player1,3,0.9993259470568789
session_26_player1,Shared agency commitment signaling (Communicative Action Mixture (Legibility Over Alternatives)),closer_to_player1,4,0.9991402417422119
session_26_player1,Shared agency commitment signaling (Communicative Action Mixture (Legibility Over Alternatives)),closer_to_player1,5,0.9999995699762114
session_26_player1,Shared agency commitment signaling (Communicative Action Mixture (Legibility Over Alternatives)),closer_to_player2,0,0.5
session_26_player1,Shared agency commitment signaling (Communicative Action Mixture (Legibility Over Alternatives)),closer_to_player2,1,0.6632572212783775
session_26_player1,Shared agency commitment signaling (Communicative Action Mixture (Legibility Over Alternatives)),closer_to_player2,2,0.8232341987707129
session_26_player1,Shared agency commitment signaling (Communicative Action Mixture (Legibility Over Alternatives)),closer_to_player2,3,0.9944021259032456
session_26_player1,Shared agency commitment signaling (Communicative Action Mixture (Legibility Over Alternatives)),closer_to_player2,4,0.9967222485890465
session_26_player1,Shared agency commitment signaling (Communicative Action Mixture (Legibility Over Alternatives)),closer_to_player2,5,0.9999785998584646
session_26_player1,Shared agency commitment signaling (Communicative Action Mixture (Legibility Over Alternatives)),equal_to_both,0,0.5
session_26_player1,Shared agency commitment signaling (Communicative Action Mixture (Legibility Over Alternatives)),equal_to_both,1,0.251678073685911
session_26_player1,Shared agency commitment signaling (Communicative Action Mixture (Legibility Over Alternatives)),equal_to_both,2,0.8282396836373523
session_26_player1,Shared agency commitment signaling (Communicative Action Mixture (Legibility Over Alternatives)),equal_to_both,3,0.9991107794786698
session_26_player1,Shared agency commitment signaling (Communicative Action Mixture (Legibility Over Alternatives)),equal_to_both,4,0.999146815289289
session_26_player1,Shared agency commitment signaling (Communicative Action Mixture (Legibility Over Alternatives)),equal_to_both,5,0.9999971111090897
session_26_player1,Shared agency no commitment no signaling,closer_to_player1,0,0.5
session_26_player1,Shared agency no commitment no signaling,closer_to_player1,1,0.3121888581359869
session_26_player1,Shared agency no commitment no signaling,closer_to_player1,2,0.6094457818046437
session_26_player1,Shared agency no commitment no signaling,closer_to_player1,3,0.9816304808129229
session_26_player1,Shared agency no commitment no signaling,closer_to_player1,4,0.9996698644398493
session_26_player1,Shared agency no commitment no signaling,closer_to_player1,5,0.999686933279532
session_26_player1,Shared agency no commitment no signaling,closer_to_player2,0,0.5
session_26_player1,Shared agency no commitment no signaling,closer_to_player2,1,0.501182076550914
session_26_player1,Shared agency no commitment no signaling,closer_to_player2,2,0.6723029396432141
session_26_player1,Shared agency no commitment no signaling,closer_to_player2,3,0.6758978083663978
session_26_player1,Shared agency no commitment no signaling,closer_to_player2,4,0.6822452255504156
session_26_player1,Shared agency no commitment no signaling,closer_to_player2,5,0.6528635117909479
session_26_player1,Shared agency no commitment no signaling,equal_to_both,0,0.5
session_26_player1,Shared agency no commitment no signaling,equal_to_both,1,0.7491170413712593
session_26_player1,Shared agency no commitment no signaling,equal_to_both,2,0.7499589142452096
session_26_player1,Shared agency no commitment no signaling,equal_to_both,3,0.7416439090986063
session_26_player1,Shared agency no commitment no signaling,equal_to_both,4,0.9995829984329532
session_26_player1,Shared agency no commitment no signaling,equal_to_both,5,0.9995784966145775
session_26_player2,Shared agency commitment no signaling,closer_to_player1,0,0.5
session_26_player2,Shared agency commitment no signaling,closer_to_player1,1,0.7398915492072083
session_26_player2,Shared agency commitment no signaling,closer_to_player1,2,0.74705202033188
session_26_player2,Shared agency commitment no signaling,closer_to_player1,3,0.7493036554950846
session_26_player2,Shared agency commitment no signaling,closer_to_player1,4,0.8059261134371439
session_26_player2,Shared agency commitment no signaling,closer_to_player1,5,0.9999452306756389
session_26_player2,Shared agency commitment no signaling,closer_to_player2,0,0.5
session_26_player2,Shared agency commitment no signaling,closer_to_player2,1,0.37088746029978753
session_26_player2,Shared agency commitment no signaling,closer_to_player2,2,0.204607740810278
session_26_player2,Shared agency commitment no signaling,closer_to_player2,3,0.9881984746312722
session_26_player2,Shared agency commitment no signaling,closer_to_player2,4,0.9999978700233249
session_26_player2,Shared agency commitment no signaling,closer_to_player2,5,0.9999999996928692
session_26_player2,Shared agency commitment no signaling,equal_to_both,0,0.5
session_26_player2,Shared agency commitment no signaling,equal_to_both,1,0.8335178583371143
session_26_player2,Shared agency commitment no signaling,equal_to_both,2,0.9999986941988661
session_26_player2,Shared agency commitment no signaling,equal_to_both,3,0.9999999956455196
session_26_player2,Shared agency commitment no signaling,equal_to_both,4,0.9999999999732145
session_26_player2,Shared agency commitment no signaling,equal_to_both,5,0.9999999999770738
session_26_player2,Shared agency commitment signaling (Communicative Action Mixture (Legibility Over Alternatives)),closer_to_player1,0,0.5
session_26_player2,Shared agency commitment signaling (Communicative Action Mixture (Legibility Over Alternatives)),closer_to_player1,1,0.503471723399392
session_26_player2,Shared agency commitment signaling (Communicative Action Mixture (Legibility Over Alternatives)),closer_to_player1,2,0.5060857359316648
session_26_player2,Shared agency commitment signaling (Communicative Action Mixture (Legibility Over Alternatives)),closer_to_player1,3,0.5100449171884693
session_26_player2,Shared agency commitment signaling (Communicative Action Mixture (Legibility Over Alternatives)),closer_to_player1,4,0.5085028591307081
session_26_player2,Shared agency commitment signaling (Communicative Action Mixture (Legibility Over Alternatives)),closer_to_player1,5,0.4992866028019708
session_26_player2,Shared agency commitment signaling (Communicative Action Mixture (Legibility Over Alternatives)),closer_to_player2,0,0.5
session_26_player2,Shared agency commitment signaling (Communicative Action Mixture (Legibility Over Alternatives)),closer_to_player2,1,0.829996499631989
session_26_player2,Shared agency commitment signaling (Communicative Action Mixture (Legibility Over Alternatives)),closer_to_player2,2,0.6668010976753186
session_26_player2,Shared agency commitment signaling (Communicative Action Mixture (Legibility Over Alternatives)),closer_to_player2,3,0.9919651966212782
session_26_player2,Shared agency commitment signaling (Communicative Action Mixture (Legibility Over Alternatives)),closer_to_player2,4,0.9941735424604632
session_26_player2,Shared agency commitment signaling (Communicative Action Mixture (Legibility Over Alternatives)),closer_to_player2,5,0.9999993357458297
session_26_player2,Shared agency commitment signaling (Communicative Action Mixture (Legibility Over Alternatives)),equal_to_both,0,0.5
session_26_player2,Shared agency commitment signaling (Communicative Action Mixture (Legibility Over Alternatives)),equal_to_both,1,0.9925007968458839
session_26_player2,Shared agency commitment signaling (Communicative Action Mixture (Legibility Over Alternatives)),equal_to_both,2,0.9946204502913538
session_26_player2,Shared agency commitment signaling (Communicative Action Mixture (Legibility Over Alternatives)),equal_to_both,3,0.9999313100664002
session_26_player2,Shared agency commitment signaling (Communicative Action Mixture (Legibility Over Alternatives)),equal_to_both,4,0.9999433972488713
session_26_player2,Shared agency commitment signaling (Communicative Action Mixture (Legibility Over Alternatives)),equal_to_both,5,0.9999994014165923
session_26_player2,Shared agency no commitment no signaling,closer_to_player1,0,0.5
session_26_player2,Shared agency no commitment no signaling,closer_to_player1,1,0.7398915492072083
session_26_player2,Shared agency no commitment no signaling,closer_to_player1,2,0.74705202033188
session_26_player2,Shared agency no commitment no signaling,closer_to_player1,3,0.7493036554950846
session_26_player2,Shared agency no commitment no signaling,closer_to_player1,4,0.8059261134371439
session_26_player2,Shared agency no commitment no signaling,closer_to_player1,5,0.9999452306756389
session_26_player2,Shared agency no commitment no signaling,closer_to_player2,0,0.5
session_26_player2,Shared agency no commitment no signaling,closer_to_player2,1,0.6944000264506681
session_26_player2,Shared agency no commitment no signaling,closer_to_player2,2,0.7175019778943028
session_26_player2,Shared agency no commitment no signaling,closer_to_player2,3,0.6655078177636474
session_26_player2,Shared agency no commitment no signaling,closer_to_player2,4,0.5775690762826685
session_26_player2,Shared agency no commitment no signaling,closer_to_player2,5,0.6837779619911974
session_26_player2,Shared agency no commitment no signaling,equal_to_both,0,0.5
session_26_player2,Shared agency no commitment no signaling,equal_to_both,1,0.7498237681213465
session_26_player2,Shared agency no commitment no signaling,equal_to_both,2,0.6577429238044341
session_26_player2,Shared agency no commitment no signaling,equal_to_both,3,0.9965242102765559
session_26_player2,Shared agency no commitment no signaling,equal_to_both,4,0.9983406082499557
session_26_player2,Shared agency no commitment no signaling,equal_to_both,5,0.9999910095596993
session_27_player1,Shared agency commitment no signaling,closer_to_player1,0,0.5
session_27_player1,Shared agency commitment no signaling,closer_to_player1,1,0.6658814047924381
session_27_player1,Shared agency commitment no signaling,closer_to_player1,2,0.693634028686492
session_27_player1,Shared agency commitment no signaling,closer_to_player1,3,0.33949926150683346
session_27_player1,Shared agency commitment no signaling,closer_to_player1,4,0.31668659052472803
session_27_player1,Shared agency commitment no signaling,closer_to_player1,5,0.3915510800688333
session_27_player1,Shared agency commitment no signaling,closer_to_player2,0,0.5
session_27_player1,Shared agency commitment no signaling,closer_to_player2,1,0.5036949815884237
session_27_player1,Shared agency commitment no signaling,closer_to_player2,2,0.6694977876694033
session_27_player1,Shared agency commitment no signaling,closer_to_player2,3,0.6702711164433323
session_27_player1,Shared agency commitment no signaling,closer_to_player2,4,0.6546447483946777
session_27_player1,Shared agency commitment no signaling,closer_to_player2,5,0.6821035221439042
session_27_player1,Shared agency commitment no signaling,equal_to_both,0,0.5
session_27_player1,Shared agency commitment no signaling,equal_to_both,1,0.9952462195709668
session_27_player1,Shared agency commitment no signaling,equal_to_both,2,0.9969362490704058
session_27_player1,Shared agency commitment no signaling,equal_to_both,3,0.9999809211313115
session_27_player1,Shared agency commitment no signaling,equal_to_both,4,0.9999812827797869
session_27_player1,Shared agency commitment no signaling,equal_to_both,5,0.9999822409351141
session_27_player1,Shared agency commitment signaling (Communicative Action Mixture (Legibility Over Alternatives)),closer_to_player1,0,0.5
session_27_player1,Shared agency commitment signaling (Communicative Action Mixture (Legibility Over Alternatives)),closer_to_player1,1,0.2512453807863962
session_27_player1,Shared agency commitment signaling (Communicative Action Mixture (Legibility Over Alternatives)),closer_to_player1,2,0.3323296904936687
session_27_player1,Shared agency commitment signaling (Communicative Action Mixture (Legibility Over Alternatives)),closer_to_player1,3,0.1925148653972109
session_27_player1,Shared agency commitment signaling (Communicative Action Mixture (Legibility Over Alternatives)),closer_to_player1,4,0.5182638072907618
session_27_player1,Shared agency commitment signaling (Communicative Action Mixture (Legibility Over Alternatives)),closer_to_player1,5,0.5192618321445387
session_27_player1,Shared agency commitment signaling (Communicative Action Mixture (Legibility Over Alternatives)),closer_to_player2,0,0.5
session_27_player1,Shared agency commitment signaling (Communicative Action Mixture (Legibility Over Alternatives)),closer_to_player2,1,0.6639447972353385
session_27_player1,Shared agency commitment signaling (Communicative Action Mixture (Legibility Over Alternatives)),closer_to_player2,2,0.6706350738805966
session_27_player1,Shared agency commitment signaling (Communicative Action Mixture (Legibility Over Alternatives)),closer_to_player2,3,0.6717786863343135
session_27_player1,Shared agency commitment signaling (Communicative Action Mixture (Legibility Over Alternatives)),closer_to_player2,4,0.6754365061636606
session_27_player1,Shared agency commitment signaling (Communicative Action Mixture (Legibility Over Alternatives)),closer_to_player2,5,0.6720341290257722
session_27_player1,Shared agency commitment signaling (Communicative Action Mixture (Legibility Over Alternatives)),equal_to_both,0,0.5
session_27_player1,Shared agency commitment signaling (Communicative Action Mixture (Legibility Over Alternatives)),equal_to_both,1,0.7414960386298994
session_27_player1,Shared agency commitment signaling (Communicative Action Mixture (Legibility Over Alternatives)),equal_to_both,2,0.9989208760648428
session_27_player1,Shared agency commitment signaling (Communicative Action Mixture (Legibility Over Alternatives)),equal_to_both,3,0.9999884622784202
session_27_player1,Shared agency commitment signaling (Communicative Action Mixture (Legibility Over Alternatives)),equal_to_both,4,0.9999889866095726
session_27_player1,Shared agency commitment signaling (Communicative Action Mixture (Legibility Over Alternatives)),equal_to_both,5,0.9999996789382607
session_27_player1,Shared agency no commitment no signaling,closer_to_player1,0,0.5
session_27_player1,Shared agency no commitment no signaling,closer_to_player1,1,0.6124543820501843
session_27_player1,Shared agency no commitment no signaling,closer_to_player1,2,0.42428070075261143
session_27_player1,Shared agency no commitment no signaling,closer_to_player1,3,0.3950641597017858
session_27_player1,Shared agency no commitment no signaling,closer_to_player1,4,0.06622314690007255
session_27_player1,Shared agency no commitment no signaling,closer_to_player1,5,0.5271664642430473
session_27_player1,Shared agency no commitment no signaling,closer_to_player2,0,0.5
session_27_player1,Shared agency no commitment no signaling,closer_to_player2,1,0.39620698677998906
session_27_player1,Shared agency no commitment no signaling,closer_to_player2,2,0.7375131122622701
session_27_player1,Shared agency no commitment no signaling,closer_to_player2,3,0.7973208676686774
session_27_player1,Shared agency no commitment no signaling,closer_to_player2,4,0.8399934543839738
session_27_player1,Shared agency no commitment no signaling,closer_to_player2,5,0.8016939240857631
session_27_player1,Shared agency no commitment no signaling,equal_to_both,0,0.5
session_27_player1,Shared agency no commitment no signaling,equal_to_both,1,0.9952462195709668
session_27_player1,Shared agency no commitment no signaling,equal_to_both,2,0.9952763903448891
session_27_player1,Shared agency no commitment no signaling,equal_to_both,3,0.9999753966016355
session_27_player1,Shared agency no commitment no signaling,equal_to_both,4,0.9999812499560038
session_27_player1,Shared agency no commitment no signaling,equal_to_both,5,0.99998224064124
session_27_player2,Shared agency commitment no signaling,closer_to_player1,0,0.5
session_27_player2,Shared agency commitment no signaling,closer_to_player1,1,0.5021714850029532
session_27_player2,Shared agency commitment no signaling,closer_to_player1,2,0.33758927356902796
session_27_player2,Shared agency commitment no signaling,closer_to_player1,3,0.3366130794692042
session_27_player2,Shared agency commitment no signaling,closer_to_player1,4,0.6234963130701914
session_27_player2,Shared agency commitment no signaling,closer_to_player1,5,0.5010203546154991
session_27_player2,Shared agency commitment no signaling,closer_to_player2,0,0.5
session_27_player2,Shared agency commitment no signaling,closer_to_player2,1,0.3054242669625106
session_27_player2,Shared agency commitment no signaling,closer_to_player2,2,0.28407121099664506
session_27_player2,Shared agency commitment no signaling,closer_to_player2,3,0.28120673745144376
session_27_player2,Shared agency commitment no signaling,closer_to_player2,4,0.30441008082507537
session_27_player2,Shared agency commitment no signaling,closer_to_player2,5,0.7528691590608254
session_27_player2,Shared agency commitment no signaling,equal_to_both,0,0.5
session_27_player2,Shared agency commitment no signaling,equal_to_both,1,0.7482643660435802
session_27_player2,Shared agency commitment no signaling,equal_to_both,2,0.9966511215665328
session_27_player2,Shared agency commitment no signaling,equal_to_both,3,0.9983227370390799
session_27_player2,Shared agency commitment no signaling,equal_to_both,4,0.9982893158993571
session_27_player2,Shared agency commitment no signaling,equal_to_both,5,0.9999924597202359
session_27_player2,Shared agency commitment signaling (Communicative Action Mixture (Legibility Over Alternatives)),closer_to_player1,0,0.5
session_27_player2,Shared agency commitment signaling (Communicative Action Mixture (Legibility Over Alternatives)),closer_to_player1,1,0.9961807935526815
session_27_player2,Shared agency commitment signaling (Communicative Action Mixture (Legibility Over Alternatives)),closer_to_player1,2,0.9980184875157907
session_27_player2,Shared agency commitment signaling (Communicative Action Mixture (Legibility Over Alternatives)),closer_to_player1,3,0.9999826113960562
session_27_player2,Shared agency commitment signaling (Communicative Action Mixture (Legibility Over Alternatives)),closer_to_player1,4,0.9999894362599586
session_27_player2,Shared agency commitment signaling (Communicative Action Mixture (Legibility Over Alternatives)),closer_to_player1,5,0.99999996253772
session_27_player2,Shared agency commitment signaling (Communicative Action Mixture (Legibility Over Alternatives)),closer_to_player2,0,0.5
session_27_player2,Shared agency commitment signaling (Communicative Action Mixture (Legibility Over Alternatives)),closer_to_player2,1,0.618238239178872
session_27_player2,Shared agency commitment signaling (Communicative Action Mixture (Legibility Over Alternatives)),closer_to_player2,2,0.5778619148995263
session_27_player2,Shared agency commitment signaling (Communicative Action Mixture (Legibility Over Alternatives)),closer_to_player2,3,0.9998921853305639
session_27_player2,Shared agency commitment signaling (Communicative Action Mixture (Legibility Over Alternatives)),closer_to_player2,4,0.9303845400758378
session_27_player2,Shared agency commitment signaling (Communicative Action Mixture (Legibility Over Alternatives)),closer_to_player2,5,0.8848540795112528
session_27_player2,Shared agency commitment signaling (Communicative Action Mixture (Legibility Over Alternatives)),equal_to_both,0,0.5
session_27_player2,Shared agency commitment signaling (Communicative Action Mixture (Legibility Over Alternatives)),equal_to_both,1,0.9891954294303826
session_27_player2,Shared agency commitment signaling (Communicative Action Mixture (Legibility Over Alternatives)),equal_to_both,2,0.9997347528481955
session_27_player2,Shared agency commitment signaling (Communicative Action Mixture (Legibility Over Alternatives)),equal_to_both,3,0.999734975454375
session_27_player2,Shared agency commitment signaling (Communicative Action Mixture (Legibility Over Alternatives)),equal_to_both,4,0.9999796995936938
session_27_player2,Shared agency commitment signaling (Communicative Action Mixture (Legibility Over Alternatives)),equal_to_both,5,0.9999920038933832
session_27_player2,Shared agency no commitment no signaling,closer_to_player1,0,0.5
session_27_player2,Shared agency no commitment no signaling,closer_to_player1,1,0.5033554562903196
session_27_player2,Shared agency no commitment no signaling,closer_to_player1,2,0.5095080317493755
session_27_player2,Shared agency no commitment no signaling,closer_to_player1,3,0.5582085358408119
session_27_player2,Shared agency no commitment no signaling,closer_to_player1,4,0.4718949112801245
session_27_player2,Shared agency no commitment no signaling,closer_to_player1,5,0.41295663674953476
session_27_player2,Shared agency no commitment no signaling,closer_to_player2,0,0.5
session_27_player2,Shared agency no commitment no signaling,closer_to_player2,1,0.597887052610769
session_27_player2,Shared agency no commitment no signaling,closer_to_player2,2,0.7812449869858572
session_27_player2,Shared agency no commitment no signaling,closer_to_player2,3,0.4457212824843057
session_27_player2,Shared agency no commitment no signaling,closer_to_player2,4,0.7479690696321715
session_27_player2,Shared agency no commitment no signaling,closer_to_player2,5,0.7529160539560268
session_27_player2,Shared agency no commitment no signaling,equal_to_both,0,0.5
session_27_player2,Shared agency no commitment no signaling,equal_to_both,1,0.4999434886573301
session_27_player2,Shared agency no commitment no signaling,equal_to_both,2,0.7483255456059237
session_27_player2,Shared agency no commitment no signaling,equal_to_both,3,0.7483814691920876
session_27_player2,Shared agency no commitment no signaling,equal_to_both,4,0.9981310782999022
session_27_player2,Shared agency no commitment no signaling,equal_to_both,5,0.9998526728797235
session_28_player1,Shared agency commitment no signaling,closer_to_player1,0,0.5
session_28_player1,Shared agency commitment no signaling,closer_to_player1,1,0.5804011573264175
session_28_player1,Shared agency commitment no signaling,closer_to_player1,2,0.8998177888329804
session_28_player1,Shared agency commitment no signaling,closer_to_player1,3,0.4501640463917172
session_28_player1,Shared agency commitment no signaling,closer_to_player1,4,0.9583354963151871
session_28_player1,Shared agency commitment no signaling,closer_to_player1,5,0.9751037707393737
session_28_player1,Shared agency commitment no signaling,closer_to_player2,0,0.5
session_28_player1,Shared agency commitment no signaling,closer_to_player2,1,0.22840638920442655
session_28_player1,Shared agency commitment no signaling,closer_to_player2,2,0.39111100476316585
session_28_player1,Shared agency commitment no signaling,closer_to_player2,3,0.7036447079221154
session_28_player1,Shared agency commitment no signaling,closer_to_player2,4,0.7039523636199605
session_28_player1,Shared agency commitment no signaling,closer_to_player2,5,0.7042040083885927
session_28_player1,Shared agency commitment no signaling,equal_to_both,0,0.5
session_28_player1,Shared agency commitment no signaling,equal_to_both,1,0.5069218264897585
session_28_player1,Shared agency commitment no signaling,equal_to_both,2,0.5083798893429846
session_28_player1,Shared agency commitment no signaling,equal_to_both,3,0.865776539579141
session_28_player1,Shared agency commitment no signaling,equal_to_both,4,0.9980414064421201
session_28_player1,Shared agency commitment no signaling,equal_to_both,5,0.9980652077085927
session_28_player1,Shared agency commitment signaling (Communicative Action Mixture (Legibility Over Alternatives)),closer_to_player1,0,0.5
session_28_player1,Shared agency commitment signaling (Communicative Action Mixture (Legibility Over Alternatives)),closer_to_player1,1,0.28936437317027935
session_28_player1,Shared agency commitment signaling (Communicative Action Mixture (Legibility Over Alternatives)),closer_to_player1,2,0.3466255337528856
session_28_player1,Shared agency commitment signaling (Communicative Action Mixture (Legibility Over Alternatives)),closer_to_player1,3,0.4010542300392103
session_28_player1,Shared agency commitment signaling (Communicative Action Mixture (Legibility Over Alternatives)),closer_to_player1,4,0.31201197338153935
session_28_player1,Shared agency commitment signaling (Communicative Action Mixture (Legibility Over Alternatives)),closer_to_player1,5,0.4037689502310462
session_28_player1,Shared agency commitment signaling (Communicative Action Mixture (Legibility Over Alternatives)),closer_to_player2,0,0.5
session_28_player1,Shared agency commitment signaling (Communicative Action Mixture (Legibility Over Alternatives)),closer_to_player2,1,0.6631850055086348
session_28_player1,Shared agency commitment signaling (Communicative Action Mixture (Legibility Over Alternatives)),closer_to_player2,2,0.6700239074261254
session_28_player1,Shared agency commitment signaling (Communicative Action Mixture (Legibility Over Alternatives)),closer_to_player2,3,0.6709472672570412
session_28_player1,Shared agency commitment signaling (Communicative Action Mixture (Legibility Over Alternatives)),closer_to_player2,4,0.67145710719892
session_28_player1,Shared agency commitment signaling (Communicative Action Mixture (Legibility Over Alternatives)),closer_to_player2,5,0.6691401485891365
session_28_player1,Shared agency commitment signaling (Communicative Action Mixture (Legibility Over Alternatives)),equal_to_both,0,0.5
session_28_player1,Shared agency commitment signaling (Communicative Action Mixture (Legibility Over Alternatives)),equal_to_both,1,0.981334115936914
session_28_player1,Shared agency commitment signaling (Communicative Action Mixture (Legibility Over Alternatives)),equal_to_both,2,0.9994596369199514
session_28_player1,Shared agency commitment signaling (Communicative Action Mixture (Legibility Over Alternatives)),equal_to_both,3,0.9995463366946572
session_28_player1,Shared agency commitment signaling (Communicative Action Mixture (Legibility Over Alternatives)),equal_to_both,4,0.8843050491699652
session_28_player1,Shared agency commitment signaling (Communicative Action Mixture (Legibility Over Alternatives)),equal_to_both,5,0.8862886054634569
session_28_player1,Shared agency no commitment no signaling,closer_to_player1,0,0.5
session_28_player1,Shared agency no commitment no signaling,closer_to_player1,1,0.5036798998152957
session_28_player1,Shared agency no commitment no signaling,closer_to_player1,2,0.8591672645874255
session_28_player1,Shared agency no commitment no signaling,closer_to_player1,3,0.6772261190120177
session_28_player1,Shared agency no commitment no signaling,closer_to_player1,4,0.9983140105531364
session_28_player1,Shared agency no commitment no signaling,closer_to_player1,5,0.9984660693273436
session_28_player1,Shared agency no commitment no signaling,closer_to_player2,0,0.5
session_28_player1,Shared agency no commitment no signaling,closer_to_player2,1,0.5068235049796959
session_28_player1,Shared agency no commitment no signaling,closer_to_player2,2,0.5118106704767693
session_28_player1,Shared agency no commitment no signaling,closer_to_player2,3,0.7659623868879387
session_28_player1,Shared agency no commitment no signaling,closer_to_player2,4,0.7640113023205425
session_28_player1,Shared agency no commitment no signaling,closer_to_player2,5,0.7784184201948836
session_28_player1,Shared agency no commitment no signaling,equal_to_both,0,0.5
session_28_player1,Shared agency no commitment no signaling,equal_to_both,1,0.5077745292592423
session_28_player1,Shared agency no commitment no signaling,equal_to_both,2,0.508387559894328
session_28_player1,Shared agency no commitment no signaling,equal_to_both,3,0.8580252465848944
session_28_player1,Shared agency no commitment no signaling,equal_to_both,4,0.998025369601937
session_28_player1,Shared agency no commitment no signaling,equal_to_both,5,0.9980736022724206
session_28_player2,Shared agency commitment no signaling,closer_to_player1,0,0.5
session_28_player2,Shared agency commitment no signaling,closer_to_player1,1,0.2568011091531835
session_28_player2,Shared agency commitment no signaling,closer_to_player1,2,0.7285201463674018
session_28_player2,Shared agency commitment no signaling,closer_to_player1,3,0.735870577903712
session_28_player2,Shared agency commitment no signaling,closer_to_player1,4,0.7544702729561047
session_28_player2,Shared agency commitment no signaling,closer_to_player1,5,0.7579170171982408
session_28_player2,Shared agency commitment no signaling,closer_to_player2,0,0.5
session_28_player2,Shared agency commitment no signaling,closer_to_player2,1,0.8599999245675152
session_28_player2,Shared agency commitment no signaling,closer_to_player2,2,0.8849225862734794
session_28_player2,Shared agency commitment no signaling,closer_to_player2,3,0.7791302745608126
session_28_player2,Shared agency commitment no signaling,closer_to_player2,4,0.8215723063222798
session_28_player2,Shared agency commitment no signaling,closer_to_player2,5,0.9374635648351225
session_28_player2,Shared agency commitment no signaling,equal_to_both,0,0.5
session_28_player2,Shared agency commitment no signaling,equal_to_both,1,0.7414003048584048
session_28_player2,Shared agency commitment no signaling,equal_to_both,2,0.9989181672506611
session_28_player2,Shared agency commitment no signaling,equal_to_both,3,0.9989451715045463
session_28_player2,Shared agency commitment no signaling,equal_to_both,4,0.9997828455055353
session_28_player2,Shared agency commitment no signaling,equal_to_both,5,0.9997876199139419
session_28_player2,Shared agency commitment signaling (Communicative Action Mixture (Legibility Over Alternatives)),closer_to_player1,0,0.5
session_28_player2,Shared agency commitment signaling (Communicative Action Mixture (Legibility Over Alternatives)),closer_to_player1,1,0.6653310552798414
session_28_player2,Shared agency commitment signaling (Communicative Action Mixture (Legibility Over Alternatives)),closer_to_player1,2,0.6667396731694741
session_28_player2,Shared agency commitment signaling (Communicative Action Mixture (Legibility Over Alternatives)),closer_to_player1,3,0.6630228462869886
session_28_player2,Shared agency commitment signaling (Communicative Action Mixture (Legibility Over Alternatives)),closer_to_player1,4,0.6604437468606831
session_28_player2,Shared agency commitment signaling (Communicative Action Mixture (Legibility Over Alternatives)),closer_to_player1,5,0.6999817695907531
session_28_player2,Shared agency commitment signaling (Communicative Action Mixture (Legibility Over Alternatives)),closer_to_player2,0,0.5
session_28_player2,Shared agency commitment signaling (Communicative Action Mixture (Legibility Over Alternatives)),closer_to_player2,1,0.6730770805344882
session_28_player2,Shared agency commitment signaling (Communicative Action Mixture (Legibility Over Alternatives)),closer_to_player2,2,0.6725058559063283
session_28_player2,Shared agency commitment signaling (Communicative Action Mixture (Legibility Over Alternatives)),closer_to_player2,3,0.6663175499153934
session_28_player2,Shared agency commitment signaling (Communicative Action Mixture (Legibility Over Alternatives)),closer_to_player2,4,0.6765810718429849
session_28_player2,Shared agency commitment signaling (Communicative Action Mixture (Legibility Over Alternatives)),closer_to_player2,5,0.7103667681764566
session_28_player2,Shared agency commitment signaling (Communicative Action Mixture (Legibility Over Alternatives)),equal_to_both,0,0.5
session_28_player2,Shared agency commitment signaling (Communicative Action Mixture (Legibility Over Alternatives)),equal_to_both,1,0.9813341136724889
session_28_player2,Shared agency commitment signaling (Communicative Action Mixture (Legibility Over Alternatives)),equal_to_both,2,0.9828477248697595
session_28_player2,Shared agency commitment signaling (Communicative Action Mixture (Legibility Over Alternatives)),equal_to_both,3,0.9996969720348835
session_28_player2,Shared agency commitment signaling (Communicative Action Mixture (Legibility Over Alternatives)),equal_to_both,4,0.9999919648827206
session_28_player2,Shared agency commitment signaling (Communicative Action Mixture (Legibility Over Alternatives)),equal_to_both,5,0.9999996799547272
session_28_player2,Shared agency no commitment no signaling,closer_to_player1,0,0.5
session_28_player2,Shared agency no commitment no signaling,closer_to_player1,1,0.6666731474963224
session_28_player2,Shared agency no commitment no signaling,closer_to_player1,2,0.6692842457433693
session_28_player2,Shared agency no commitment no signaling,closer_to_player1,3,0.7118952632328561
session_28_player2,Shared agency no commitment no signaling,closer_to_player1,4,0.9990864737169446
session_28_player2,Shared agency no commitment no signaling,closer_to_player1,5,0.9997654858200268
session_28_player2,Shared agency no commitment no signaling,closer_to_player2,0,0.5
session_28_player2,Shared agency no commitment no signaling,closer_to_player2,1,0.7887109966935866
session_28_player2,Shared agency no commitment no signaling,closer_to_player2,2,0.5585253266509379
session_28_player2,Shared agency no commitment no signaling,closer_to_player2,3,0.582186264104096
session_28_player2,Shared agency no commitment no signaling,closer_to_player2,4,0.5565658338853082
session_28_player2,Shared agency no commitment no signaling,closer_to_player2,5,0.6016579223839306
session_28_player2,Shared agency no commitment no signaling,equal_to_both,0,0.5
session_28_player2,Shared agency no commitment no signaling,equal_to_both,1,0.745330503249154
session_28_player2,Shared agency no commitment no signaling,equal_to_both,2,0.5000626751953807
session_28_player2,Shared agency no commitment no signaling,equal_to_both,3,0.785219656911113
session_28_player2,Shared agency no commitment no signaling,equal_to_both,4,0.9993824585751604
session_28_player2,Shared agency no commitment no signaling,equal_to_both,5,0.9995568451360675
session_29_player1,Shared agency commitment no signaling,closer_to_player1,0,0.5
session_29_player1,Shared agency commitment no signaling,closer_to_player1,1,0.5275078064495465
session_29_player1,Shared agency commitment no signaling,closer_to_player1,2,0.5542534241157236
session_29_player1,Shared agency commitment no signaling,closer_to_player1,3,0.8844084711085096
session_29_player1,Shared agency commitment no signaling,closer_to_player1,4,0.7423563555446259
session_29_player1,Shared agency commitment no signaling,closer_to_player1,5,0.8123077016199146
session_29_player1,Shared agency commitment no signaling,closer_to_player2,0,0.5
session_29_player1,Shared agency commitment no signaling,closer_to_player2,1,0.6685466019741276
session_29_player1,Shared agency commitment no signaling,closer_to_player2,2,0.674614776981905
session_29_player1,Shared agency commitment no signaling,closer_to_player2,3,0.4698921114865243
session_29_player1,Shared agency commitment no signaling,closer_to_player2,4,0.36788389290756607
session_29_player1,Shared agency commitment no signaling,closer_to_player2,5,0.5211892879859116
session_29_player1,Shared agency commitment no signaling,equal_to_both,0,0.5
session_29_player1,Shared agency commitment no signaling,equal_to_both,1,0.49999492779297977
session_29_player1,Shared agency commitment no signaling,equal_to_both,2,0.49996229681379867
session_29_player1,Shared agency commitment no signaling,equal_to_both,3,0.9997007638914176
session_29_player1,Shared agency commitment no signaling,equal_to_both,4,0.9999997775825691
session_29_player1,Shared agency commitment no signaling,equal_to_both,5,0.9999999996312086
session_29_player1,Shared agency commitment signaling (Communicative Action Mixture (Legibility Over Alternatives)),closer_to_player1,0,0.5
session_29_player1,Shared agency commitment signaling (Communicative Action Mixture (Legibility Over Alternatives)),closer_to_player1,1,0.47356257345113356
session_29_player1,Shared agency commitment signaling (Communicative Action Mixture (Legibility Over Alternatives)),closer_to_player1,2,0.45113484892814393
session_29_player1,Shared agency commitment signaling (Communicative Action Mixture (Legibility Over Alternatives)),closer_to_player1,3,0.2683562000727287
session_29_player1,Shared agency commitment signaling (Communicative Action Mixture (Legibility Over Alternatives)),closer_to_player1,4,0.3068785643491047
session_29_player1,Shared agency commitment signaling (Communicative Action Mixture (Legibility Over Alternatives)),closer_to_player1,5,0.5934301021098852
session_29_player1,Shared agency commitment signaling (Communicative Action Mixture (Legibility Over Alternatives)),closer_to_player2,0,0.5
session_29_player1,Shared agency commitment signaling (Communicative Action Mixture (Legibility Over Alternatives)),closer_to_player2,1,0.6633609669441078
session_29_player1,Shared agency commitment signaling (Communicative Action Mixture (Legibility Over Alternatives)),closer_to_player2,2,0.6649607072190121
session_29_player1,Shared agency commitment signaling (Communicative Action Mixture (Legibility Over Alternatives)),closer_to_player2,3,0.6711366666034936
session_29_player1,Shared agency commitment signaling (Communicative Action Mixture (Legibility Over Alternatives)),closer_to_player2,4,0.6691495875453016
session_29_player1,Shared agency commitment signaling (Communicative Action Mixture (Legibility Over Alternatives)),closer_to_player2,5,0.6587967198422099
session_29_player1,Shared agency commitment signaling (Communicative Action Mixture (Legibility Over Alternatives)),equal_to_both,0,0.5
session_29_player1,Shared agency commitment signaling (Communicative Action Mixture (Legibility Over Alternatives)),equal_to_both,1,0.7520339083752487
session_29_player1,Shared agency commitment signaling (Communicative Action Mixture (Legibility Over Alternatives)),equal_to_both,2,0.9982869911381067
session_29_player1,Shared agency commitment signaling (Communicative Action Mixture (Legibility Over Alternatives)),equal_to_both,3,0.9983254052925242
session_29_player1,Shared agency commitment signaling (Communicative Action Mixture (Legibility Over Alternatives)),equal_to_both,4,0.9983938561291577
session_29_player1,Shared agency commitment signaling (Communicative Action Mixture (Legibility Over Alternatives)),equal_to_both,5,0.9999955201444974
session_29_player1,Shared agency no commitment no signaling,closer_to_player1,0,0.5
session_29_player1,Shared agency no commitment no signaling,closer_to_player1,1,0.5022926147705457
session_29_player1,Shared agency no commitment no signaling,closer_to_player1,2,0.6670906986396711
session_29_player1,Shared agency no commitment no signaling,closer_to_player1,3,0.345652195631607
session_29_player1,Shared agency no commitment no signaling,closer_to_player1,4,0.6654117424189318
session_29_player1,Shared agency no commitment no signaling,closer_to_player1,5,0.666668021928834
session_29_player1,Shared agency no commitment no signaling,closer_to_player2,0,0.5
session_29_player1,Shared agency no commitment no signaling,closer_to_player2,1,0.6676052622384402
session_29_player1,Shared agency no commitment no signaling,closer_to_player2,2,0.6717783474785107
session_29_player1,Shared agency no commitment no signaling,closer_to_player2,3,0.5143206880385285
session_29_player1,Shared agency no commitment no signaling,closer_to_player2,4,0.5119136887069529
session_29_player1,Shared agency no commitment no signaling,closer_to_player2,5,0.5084575104997926
session_29_player1,Shared agency no commitment no signaling,equal_to_both,0,0.5
session_29_player1,Shared agency no commitment no signaling,equal_to_both,1,0.9827974264286369
session_29_player1,Shared agency no commitment no signaling,equal_to_both,2,0.9832195137306833
session_29_player1,Shared agency no commitment no signaling,equal_to_both,3,0.9997076435044808
session_29_player1,Shared agency no commitment no signaling,equal_to_both,4,0.9999923627509336
session_29_player1,Shared agency no commitment no signaling,equal_to_both,5,0.9999926607729147
session_29_player2,Shared agency commitment no signaling,closer_to_player1,0,0.5
session_29_player2,Shared agency commitment no signaling,closer_to_player1,1,0.6941910916633877
session_29_player2,Shared agency commitment no signaling,closer_to_player1,2,0.7215086694126409
session_29_player2,Shared agency commitment no signaling,closer_to_player1,3,0.7482348301324402
session_29_player2,Shared agency commitment no signaling,closer_to_player1,4,0.7748154750049027
session_29_player2,Shared agency commitment no signaling,closer_to_player1,5,0.8088656167997265
session_29_player2,Shared agency commitment no signaling,closer_to_player2,0,0.5
session_29_player2,Shared agency commitment no signaling,closer_to_player2,1,0.5758923863925557
session_29_player2,Shared agency commitment no signaling,closer_to_player2,2,0.6181918265707945
session_29_player2,Shared agency commitment no signaling,closer_to_player2,3,0.7639813483972735
session_29_player2,Shared agency commitment no signaling,closer_to_player2,4,0.7236275533660419
session_29_player2,Shared agency commitment no signaling,closer_to_player2,5,0.6975969764788147
session_29_player2,Shared agency commitment no signaling,equal_to_both,0,0.5
session_29_player2,Shared agency commitment no signaling,equal_to_both,1,0.4999953080925889
session_29_player2,Shared agency commitment no signaling,equal_to_both,2,0.4999627345465521
session_29_player2,Shared agency commitment no signaling,equal_to_both,3,0.9997007644152021
session_29_player2,Shared agency commitment no signaling,equal_to_both,4,0.9999997775829584
session_29_player2,Shared agency commitment no signaling,equal_to_both,5,0.9999999996312092
session_29_player2,Shared agency commitment signaling (Communicative Action Mixture (Legibility Over Alternatives)),closer_to_player1,0,0.5
session_29_player2,Shared agency commitment signaling (Communicative Action Mixture (Legibility Over Alternatives)),closer_to_player1,1,0.4760595274105624
session_29_player2,Shared agency commitment signaling (Communicative Action Mixture (Legibility Over Alternatives)),closer_to_player1,2,0.4514562621488942
session_29_player2,Shared agency commitment signaling (Communicative Action Mixture (Legibility Over Alternatives)),closer_to_player1,3,0.49978232665576633
session_29_player2,Shared agency commitment signaling (Communicative Action Mixture (Legibility Over Alternatives)),closer_to_player1,4,0.45301284733603703
session_29_player2,Shared agency commitment signaling (Communicative Action Mixture (Legibility Over Alternatives)),closer_to_player1,5,0.4068810882327756
session_29_player2,Shared agency commitment signaling (Communicative Action Mixture (Legibility Over Alternatives)),closer_to_player2,0,0.5
session_29_player2,Shared agency commitment signaling (Communicative Action Mixture (Legibility Over Alternatives)),closer_to_player2,1,0.6854342727813627
session_29_player2,Shared agency commitment signaling (Communicative Action Mixture (Legibility Over Alternatives)),closer_to_player2,2,0.6684943322241965
session_29_player2,Shared agency commitment signaling (Communicative Action Mixture (Legibility Over Alternatives)),closer_to_player2,3,0.7236541476977653
session_29_player2,Shared agency commitment signaling (Communicative Action Mixture (Legibility Over Alternatives)),closer_to_player2,4,0.7486679887631853
session_29_player2,Shared agency commitment signaling (Communicative Action Mixture (Legibility Over Alternatives)),closer_to_player2,5,0.7515841802426736
session_29_player2,Shared agency commitment signaling (Communicative Action Mixture (Legibility Over Alternatives)),equal_to_both,0,0.5
session_29_player2,Shared agency commitment signaling (Communicative Action Mixture (Legibility Over Alternatives)),equal_to_both,1,0.9915627478926129
session_29_player2,Shared agency commitment signaling (Communicative Action Mixture (Legibility Over Alternatives)),equal_to_both,2,0.996852073322491
session_29_player2,Shared agency commitment signaling (Communicative Action Mixture (Legibility Over Alternatives)),equal_to_both,3,0.9968671210503492
session_29_player2,Shared agency commitment signaling (Communicative Action Mixture (Legibility Over Alternatives)),equal_to_both,4,0.9968951024904696
session_29_player2,Shared agency commitment signaling (Communicative Action Mixture (Legibility Over Alternatives)),equal_to_both,5,0.9999946117220884
session_29_player2,Shared agency no commitment no signaling,closer_to_player1,0,0.5
session_29_player2,Shared agency no commitment no signaling,closer_to_player1,1,0.5011606474526885
session_29_player2,Shared agency no commitment no signaling,closer_to_player1,2,0.3312856154075509
session_29_player2,Shared agency no commitment no signaling,closer_to_player1,3,0.40194234095029996
session_29_player2,Shared agency no commitment no signaling,closer_to_player1,4,0.23800609766957137
session_29_player2,Shared agency no commitment no signaling,closer_to_player1,5,0.26021703484582964
session_29_player2,Shared agency no commitment no signaling,closer_to_player2,0,0.5
session_29_player2,Shared agency no commitment no signaling,closer_to_player2,1,0.44597201135792014
session_29_player2,Shared agency no commitment no signaling,closer_to_player2,2,0.5060839596527226
session_29_player2,Shared agency no commitment no signaling,closer_to_player2,3,0.5398512731440865
session_29_player2,Shared agency no commitment no signaling,closer_to_player2,4,0.5158869159619958
session_29_player2,Shared agency no commitment no signaling,closer_to_player2,5,0.6210339893669555
session_29_player2,Shared agency no commitment no signaling,equal_to_both,0,0.5
session_29_player2,Shared agency no commitment no signaling,equal_to_both,1,0.9827981835512246
session_29_player2,Shared agency no commitment no signaling,equal_to_both,2,0.9832194171875298
session_29_player2,Shared agency no commitment no signaling,equal_to_both,3,0.9997076455762064
session_29_player2,Shared agency no commitment no signaling,equal_to_both,4,0.9999923628908444
session_29_player2,Shared agency no commitment no signaling,equal_to_both,5,0.9999926608336921
session_2_player1,Shared agency commitment no signaling,closer_to_player1,0,0.5
session_2_player1,Shared agency commitment no signaling,closer_to_player1,1,0.7221436824955779
session_2_player1,Shared agency commitment no signaling,closer_to_player1,2,0.7106143932365018
session_2_player1,Shared agency commitment no signaling,closer_to_player1,3,0.7848005871729654
session_2_player1,Shared agency commitment no signaling,closer_to_player1,4,0.8170458520384202
session_2_player1,Shared agency commitment no signaling,closer_to_player1,5,0.8936902113810916
session_2_player1,Shared agency commitment no signaling,closer_to_player2,0,0.5
session_2_player1,Shared agency commitment no signaling,closer_to_player2,1,0.5067908621980127
session_2_player1,Shared agency commitment no signaling,closer_to_player2,2,0.511718627490878
session_2_player1,Shared agency commitment no signaling,closer_to_player2,3,0.5156212614521835
session_2_player1,Shared agency commitment no signaling,closer_to_player2,4,0.5177523267047137
session_2_player1,Shared agency commitment no signaling,closer_to_player2,5,0.5256164546644008
session_2_player1,Shared agency commitment no signaling,equal_to_both,0,0.5
session_2_player1,Shared agency commitment no signaling,equal_to_both,1,0.5012050941389496
session_2_player1,Shared agency commitment no signaling,equal_to_both,2,0.527867128307059
session_2_player1,Shared agency commitment no signaling,equal_to_both,3,0.4997487279650783
session_2_player1,Shared agency commitment no signaling,equal_to_both,4,0.6652878435329371
session_2_player1,Shared agency commitment no signaling,equal_to_both,5,0.9986573144248553
session_2_player1,Shared agency commitment signaling (Communicative Action Mixture (Legibility Over Alternatives)),closer_to_player1,0,0.5
session_2_player1,Shared agency commitment signaling (Communicative Action Mixture (Legibility Over Alternatives)),closer_to_player1,1,0.6672865644896263
session_2_player1,Shared agency commitment signaling (Communicative Action Mixture (Legibility Over Alternatives)),closer_to_player1,2,0.6646474449655146
session_2_player1,Shared agency commitment signaling (Communicative Action Mixture (Legibility Over Alternatives)),closer_to_player1,3,0.6891279894837387
session_2_player1,Shared agency commitment signaling (Communicative Action Mixture (Legibility Over Alternatives)),closer_to_player1,4,0.7346041309586021
session_2_player1,Shared agency commitment signaling (Communicative Action Mixture (Legibility Over Alternatives)),closer_to_player1,5,0.7223540756057232
session_2_player1,Shared agency commitment signaling (Communicative Action Mixture (Legibility Over Alternatives)),closer_to_player2,0,0.5
session_2_player1,Shared agency commitment signaling (Communicative Action Mixture (Legibility Over Alternatives)),closer_to_player2,1,0.49865086004324005
session_2_player1,Shared agency commitment signaling (Communicative Action Mixture (Legibility Over Alternatives)),closer_to_player2,2,0.49401018347624776
session_2_player1,Shared agency commitment signaling (Communicative Action Mixture (Legibility Over Alternatives)),closer_to_player2,3,0.6670930042495001
session_2_player1,Shared agency commitment signaling (Communicative Action Mixture (Legibility Over Alternatives)),closer_to_player2,4,0.6282831208418691
session_2_player1,Shared agency commitment signaling (Communicative Action Mixture (Legibility Over Alternatives)),closer_to_player2,5,0.6833945506477845
session_2_player1,Shared agency commitment signaling (Communicative Action Mixture (Legibility Over Alternatives)),equal_to_both,0,0.5
session_2_player1,Shared agency commitment signaling (Communicative Action Mixture (Legibility Over Alternatives)),equal_to_both,1,0.9937861171073064
session_2_player1,Shared agency commitment signaling (Communicative Action Mixture (Legibility Over Alternatives)),equal_to_both,2,0.6590523673214876
session_2_player1,Shared agency commitment signaling (Communicative Action Mixture (Legibility Over Alternatives)),equal_to_both,3,0.9980890453163976
session_2_player1,Shared agency commitment signaling (Communicative Action Mixture (Legibility Over Alternatives)),equal_to_both,4,0.9981846481544496
session_2_player1,Shared agency commitment signaling (Communicative Action Mixture (Legibility Over Alternatives)),equal_to_both,5,0.9999968165120182
session_2_player1,Shared agency no commitment no signaling,closer_to_player1,0,0.5
session_2_player1,Shared agency no commitment no signaling,closer_to_player1,1,0.6958280997397726
session_2_player1,Shared agency no commitment no signaling,closer_to_player1,2,0.6853583655066288
session_2_player1,Shared agency no commitment no signaling,closer_to_player1,3,0.7417543375924449
session_2_player1,Shared agency no commitment no signaling,closer_to_player1,4,0.8924159082312435
session_2_player1,Shared agency no commitment no signaling,closer_to_player1,5,0.9401191506392443
session_2_player1,Shared agency no commitment no signaling,closer_to_player2,0,0.5
session_2_player1,Shared agency no commitment no signaling,closer_to_player2,1,0.31733184583023616
session_2_player1,Shared agency no commitment no signaling,closer_to_player2,2,0.360158827185605
session_2_player1,Shared agency no commitment no signaling,closer_to_player2,3,0.28363907561643187
session_2_player1,Shared agency no commitment no signaling,closer_to_player2,4,0.22014822400399495
session_2_player1,Shared agency no commitment no signaling,closer_to_player2,5,0.6125027942547732
session_2_player1,Shared agency no commitment no signaling,equal_to_both,0,0.5
session_2_player1,Shared agency no commitment no signaling,equal_to_both,1,0.6668692554111101
session_2_player1,Shared agency no commitment no signaling,equal_to_both,2,0.6668824189811677
session_2_player1,Shared agency no commitment no signaling,equal_to_both,3,0.9587292630021472
session_2_player1,Shared agency no commitment no signaling,equal_to_both,4,0.9346126560928664
session_2_player1,Shared agency no commitment no signaling,equal_to_both,5,0.6645699469087621
session_2_player2,Shared agency commitment no signaling,closer_to_player1,0,0.5
session_2_player2,Shared agency commitment no signaling,closer_to_player1,1,0.5031661278827672
session_2_player2,Shared agency commitment no signaling,closer_to_player1,2,0.6670161860021876
session_2_player2,Shared agency commitment no signaling,closer_to_player1,3,0.6713071429073811
session_2_player2,Shared agency commitment no signaling,closer_to_player1,4,0.6729743713901118
session_2_player2,Shared agency commitment no signaling,closer_to_player1,5,0.6732552203787566
session_2_player2,Shared agency commitment no signaling,closer_to_player2,0,0.5
session_2_player2,Shared agency commitment no signaling,closer_to_player2,1,0.6477752662345456
session_2_player2,Shared agency commitment no signaling,closer_to_player2,2,0.8343130615006484
session_2_player2,Shared agency commitment no signaling,closer_to_player2,3,0.8548304478790186
session_2_player2,Shared agency commitment no signaling,closer_to_player2,4,0.8385242131862767
session_2_player2,Shared agency commitment no signaling,closer_to_player2,5,0.8939552337628234
session_2_player2,Shared agency commitment no signaling,equal_to_both,0,0.5
session_2_player2,Shared agency commitment no signaling,equal_to_both,1,0.664374698033566
session_2_player2,Shared agency commitment no signaling,equal_to_both,2,0.41792351104168196
session_2_player2,Shared agency commitment no signaling,equal_to_both,3,0.27909237432912276
session_2_player2,Shared agency commitment no signaling,equal_to_both,4,0.7316999034126243
session_2_player2,Shared agency commitment no signaling,equal_to_both,5,0.6667940145524239
session_2_player2,Shared agency commitment signaling (Communicative Action Mixture (Legibility Over Alternatives)),closer_to_player1,0,0.5
session_2_player2,Shared agency commitment signaling (Communicative Action Mixture (Legibility Over Alternatives)),closer_to_player1,1,0.7183159516337381
session_2_player2,Shared agency commitment signaling (Communicative Action Mixture (Legibility Over Alternatives)),closer_to_player1,2,0.7663389504634921
session_2_player2,Shared agency commitment signaling (Communicative Action Mixture (Legibility Over Alternatives)),closer_to_player1,3,0.7962754863294684
session_2_player2,Shared agency commitment signaling (Communicative Action Mixture (Legibility Over Alternatives)),closer_to_player1,4,0.8126370821830949
session_2_player2,Shared agency commitment signaling (Communicative Action Mixture (Legibility Over Alternatives)),closer_to_player1,5,0.8209960443607806
session_2_player2,Shared agency commitment signaling (Communicative Action Mixture (Legibility Over Alternatives)),closer_to_player2,0,0.5
session_2_player2,Shared agency commitment signaling (Communicative Action Mixture (Legibility Over Alternatives)),closer_to_player2,1,0.6896259119126084
session_2_player2,Shared agency commitment signaling (Communicative Action Mixture (Legibility Over Alternatives)),closer_to_player2,2,0.8302663907899738
session_2_player2,Shared agency commitment signaling (Communicative Action Mixture (Legibility Over Alternatives)),closer_to_player2,3,0.8324486127747842
session_2_player2,Shared agency commitment signaling (Communicative Action Mixture (Legibility Over Alternatives)),closer_to_player2,4,0.8489538381749501
session_2_player2,Shared agency commitment signaling (Communicative Action Mixture (Legibility Over Alternatives)),closer_to_player2,5,0.8491656629522307
session_2_player2,Shared agency commitment signaling (Communicative Action Mixture (Legibility Over Alternatives)),equal_to_both,0,0.5
session_2_player2,Shared agency commitment signaling (Communicative Action Mixture (Legibility Over Alternatives)),equal_to_both,1,0.49557814983404963
session_2_player2,Shared agency commitment signaling (Communicative Action Mixture (Legibility Over Alternatives)),equal_to_both,2,0.8353933072941002
session_2_player2,Shared agency commitment signaling (Communicative Action Mixture (Legibility Over Alternatives)),equal_to_both,3,0.9995453048339946
session_2_player2,Shared agency commitment signaling (Communicative Action Mixture (Legibility Over Alternatives)),equal_to_both,4,0.9999437912837013
session_2_player2,Shared agency commitment signaling (Communicative Action Mixture (Legibility Over Alternatives)),equal_to_both,5,0.9999994131160903
session_2_player2,Shared agency no commitment no signaling,closer_to_player1,0,0.5
session_2_player2,Shared agency no commitment no signaling,closer_to_player1,1,0.5015042255026531
session_2_player2,Shared agency no commitment no signaling,closer_to_player1,2,0.5051897502917669
session_2_player2,Shared agency no commitment no signaling,closer_to_player1,3,0.6708324394294246
session_2_player2,Shared agency no commitment no signaling,closer_to_player1,4,0.6702312894032728
session_2_player2,Shared agency no commitment no signaling,closer_to_player1,5,0.6341089572250985
session_2_player2,Shared agency no commitment no signaling,closer_to_player2,0,0.5
session_2_player2,Shared agency no commitment no signaling,closer_to_player2,1,0.249933183547091
session_2_player2,Shared agency no commitment no signaling,closer_to_player2,2,0.7380091231476389
session_2_player2,Shared agency no commitment no signaling,closer_to_player2,3,0.9999717297546109
session_2_player2,Shared agency no commitment no signaling,closer_to_player2,4,0.9999999952260137
session_2_player2,Shared agency no commitment no signaling,closer_to_player2,5,0.9999999999978124
session_2_player2,Shared agency no commitment no signaling,equal_to_both,0,0.5
session_2_player2,Shared agency no commitment no signaling,equal_to_both,1,0.8299260784487433
session_2_player2,Shared agency no commitment no signaling,equal_to_both,2,0.9999640039056845
session_2_player2,Shared agency no commitment no signaling,equal_to_both,3,0.99995183678316
session_2_player2,Shared agency no commitment no signaling,equal_to_both,4,0.7369458590999534
session_2_player2,Shared agency no commitment no signaling,equal_to_both,5,0.6666737012216296
session_3_player1,Shared agency commitment no signaling,closer_to_player1,0,0.5
session_3_player1,Shared agency commitment no signaling,closer_to_player1,1,0.6654326905691957
session_3_player1,Shared agency commitment no signaling,closer_to_player1,2,0.7160359789897891
session_3_player1,Shared agency commitment no signaling,closer_to_player1,3,0.8712043580619296
session_3_player1,Shared agency commitment no signaling,closer_to_player1,4,0.9996894904368308
session_3_player1,Shared agency commitment no signaling,closer_to_player1,5,0.999999529584164
session_3_player1,Shared agency commitment no signaling,closer_to_player2,0,0.5
session_3_player1,Shared agency commitment no signaling,closer_to_player2,1,0.7393125079217959
session_3_player1,Shared agency commitment no signaling,closer_to_player2,2,0.6942000870404668
session_3_player1,Shared agency commitment no signaling,closer_to_player2,3,0.7555227312866247
session_3_player1,Shared agency commitment no signaling,closer_to_player2,4,0.985606332346463
session_3_player1,Shared agency commitment no signaling,closer_to_player2,5,0.9995914499197527
session_3_player1,Shared agency commitment no signaling,equal_to_both,0,0.5
session_3_player1,Shared agency commitment no signaling,equal_to_both,1,0.3344540823964648
session_3_player1,Shared agency commitment no signaling,equal_to_both,2,0.5518603838685284
session_3_player1,Shared agency commitment no signaling,equal_to_both,3,0.9980267617644264
session_3_player1,Shared agency commitment no signaling,equal_to_both,4,0.9999889910380982
session_3_player1,Shared agency commitment no signaling,equal_to_both,5,0.9999958802421037
session_3_player1,Shared agency commitment signaling (Communicative Action Mixture (Legibility Over Alternatives)),closer_to_player1,0,0.5
session_3_player1,Shared agency commitment signaling (Communicative Action Mixture (Legibility Over Alternatives)),closer_to_player1,1,0.9992928256014496
session_3_player1,Shared agency commitment signaling (Communicative Action Mixture (Legibility Over Alternatives)),closer_to_player1,2,0.9994247472674909
session_3_player1,Shared agency commitment signaling (Communicative Action Mixture (Legibility Over Alternatives)),closer_to_player1,3,0.9999989245042064
session_3_player1,Shared agency commitment signaling (Communicative Action Mixture (Legibility Over Alternatives)),closer_to_player1,4,0.9999989644041857
session_3_player1,Shared agency commitment signaling (Communicative Action Mixture (Legibility Over Alternatives)),closer_to_player1,5,0.9999999982917003
session_3_player1,Shared agency commitment signaling (Communicative Action Mixture (Legibility Over Alternatives)),closer_to_player2,0,0.5
session_3_player1,Shared agency commitment signaling (Communicative Action Mixture (Legibility Over Alternatives)),closer_to_player2,1,0.6682854062993444
session_3_player1,Shared agency commitment signaling (Communicative Action Mixture (Legibility Over Alternatives)),closer_to_player2,2,0.6467385126268306
session_3_player1,Shared agency commitment signaling (Communicative Action Mixture (Legibility Over Alternatives)),closer_to_player2,3,0.6161150664083831
session_3_player1,Shared agency commitment signaling (Communicative Action Mixture (Legibility Over Alternatives)),closer_to_player2,4,0.6887669940727309
session_3_player1,Shared agency commitment signaling (Communicative Action Mixture (Legibility Over Alternatives)),closer_to_player2,5,0.8294892302326065
session_3_player1,Shared agency commitment signaling (Communicative Action Mixture (Legibility Over Alternatives)),equal_to_both,0,0.5
session_3_player1,Shared agency commitment signaling (Communicative Action Mixture (Legibility Over Alternatives)),equal_to_both,1,0.827604889209182
session_3_player1,Shared agency commitment signaling (Communicative Action Mixture (Legibility Over Alternatives)),equal_to_both,2,0.9963542341085923
session_3_player1,Shared agency commitment signaling (Communicative Action Mixture (Legibility Over Alternatives)),equal_to_both,3,0.9999144158706826
session_3_player1,Shared agency commitment signaling (Communicative Action Mixture (Legibility Over Alternatives)),equal_to_both,4,0.9999980540322359
session_3_player1,Shared agency commitment signaling (Communicative Action Mixture (Legibility Over Alternatives)),equal_to_both,5,0.9999997094770207
session_3_player1,Shared agency no commitment no signaling,closer_to_player1,0,0.5
session_3_player1,Shared agency no commitment no signaling,closer_to_player1,1,0.49942757940842303
session_3_player1,Shared agency no commitment no signaling,closer_to_player1,2,0.42823221900964104
session_3_player1,Shared agency no commitment no signaling,closer_to_player1,3,0.6612852966116332
session_3_player1,Shared agency no commitment no signaling,closer_to_player1,4,0.7712648282501259
session_3_player1,Shared agency no commitment no signaling,closer_to_player1,5,0.5823819461124512
session_3_player1,Shared agency no commitment no signaling,closer_to_player2,0,0.5
session_3_player1,Shared agency no commitment no signaling,closer_to_player2,1,0.5056327256025671
session_3_player1,Shared agency no commitment no signaling,closer_to_player2,2,0.4993594863233341
session_3_player1,Shared agency no commitment no signaling,closer_to_player2,3,0.5310491016281416
session_3_player1,Shared agency no commitment no signaling,closer_to_player2,4,0.4572823410504903
session_3_player1,Shared agency no commitment no signaling,closer_to_player2,5,0.5136063162805121
session_3_player1,Shared agency no commitment no signaling,equal_to_both,0,0.5
session_3_player1,Shared agency no commitment no signaling,equal_to_both,1,0.6623566015862307
session_3_player1,Shared agency no commitment no signaling,equal_to_both,2,0.7912633541485112
session_3_player1,Shared agency no commitment no signaling,equal_to_both,3,0.6662968743238321
session_3_player1,Shared agency no commitment no signaling,equal_to_both,4,0.3713121100505738
session_3_player1,Shared agency no commitment no signaling,equal_to_both,5,0.6665306710628112
session_3_player2,Shared agency commitment no signaling,closer_to_player1,0,0.5
session_3_player2,Shared agency commitment no signaling,closer_to_player1,1,0.6634650102178649
session_3_player2,Shared agency commitment no signaling,closer_to_player1,2,0.6702526439540365
session_3_player2,Shared agency commitment no signaling,closer_to_player1,3,0.6712074578791064
session_3_player2,Shared agency commitment no signaling,closer_to_player1,4,0.6290148090254158
session_3_player2,Shared agency commitment no signaling,closer_to_player1,5,0.4680125929261271
session_3_player2,Shared agency commitment no signaling,closer_to_player2,0,0.5
session_3_player2,Shared agency commitment no signaling,closer_to_player2,1,0.7807453308986381
session_3_player2,Shared agency commitment no signaling,closer_to_player2,2,0.799700333652783
session_3_player2,Shared agency commitment no signaling,closer_to_player2,3,0.8022440476204002
session_3_player2,Shared agency commitment no signaling,closer_to_player2,4,0.999999999999996
session_3_player2,Shared agency commitment no signaling,closer_to_player2,5,1.0
session_3_player2,Shared agency commitment no signaling,equal_to_both,0,0.5
session_3_player2,Shared agency commitment no signaling,equal_to_both,1,0.7482796740947442
session_3_player2,Shared agency commitment no signaling,equal_to_both,2,0.9975068775629721
session_3_player2,Shared agency commitment no signaling,equal_to_both,3,0.6575447821365303
session_3_player2,Shared agency commitment no signaling,equal_to_both,4,0.6576164531315737
session_3_player2,Shared agency commitment no signaling,equal_to_both,5,0.6582207359548213
session_3_player2,Shared agency commitment signaling (Communicative Action Mixture (Legibility Over Alternatives)),closer_to_player1,0,0.5
session_3_player2,Shared agency commitment signaling (Communicative Action Mixture (Legibility Over Alternatives)),closer_to_player1,1,0.9796460145596413
session_3_player2,Shared agency commitment signaling (Communicative Action Mixture (Legibility Over Alternatives)),closer_to_player1,2,0.9861205591301481
session_3_player2,Shared agency commitment signaling (Communicative Action Mixture (Legibility Over Alternatives)),closer_to_player1,3,0.9997411700169364
session_3_player2,Shared agency commitment signaling (Communicative Action Mixture (Legibility Over Alternatives)),closer_to_player1,4,0.9999876710047036
session_3_player2,Shared agency commitment signaling (Communicative Action Mixture (Legibility Over Alternatives)),closer_to_player1,5,0.9999946360176543
session_3_player2,Shared agency commitment signaling (Communicative Action Mixture (Legibility Over Alternatives)),closer_to_player2,0,0.5
session_3_player2,Shared agency commitment signaling (Communicative Action Mixture (Legibility Over Alternatives)),closer_to_player2,1,0.8342861280968515
session_3_player2,Shared agency commitment signaling (Communicative Action Mixture (Legibility Over Alternatives)),closer_to_player2,2,0.8357438128679807
session_3_player2,Shared agency commitment signaling (Communicative Action Mixture (Legibility Over Alternatives)),closer_to_player2,3,0.8377171832557057
session_3_player2,Shared agency commitment signaling (Communicative Action Mixture (Legibility Over Alternatives)),closer_to_player2,4,0.8234899622360755
session_3_player2,Shared agency commitment signaling (Communicative Action Mixture (Legibility Over Alternatives)),closer_to_player2,5,0.7997205435555456
session_3_player2,Shared agency commitment signaling (Communicative Action Mixture (Legibility Over Alternatives)),equal_to_both,0,0.5
session_3_player2,Shared agency commitment signaling (Communicative Action Mixture (Legibility Over Alternatives)),equal_to_both,1,0.6626140108619595
session_3_player2,Shared agency commitment signaling (Communicative Action Mixture (Legibility Over Alternatives)),equal_to_both,2,0.9952427611036964
session_3_player2,Shared agency commitment signaling (Communicative Action Mixture (Legibility Over Alternatives)),equal_to_both,3,0.995386572034382
session_3_player2,Shared agency commitment signaling (Communicative Action Mixture (Legibility Over Alternatives)),equal_to_both,4,0.998849817638405
session_3_player2,Shared agency commitment signaling (Communicative Action Mixture (Legibility Over Alternatives)),equal_to_both,5,0.9999973938655883
session_3_player2,Shared agency no commitment no signaling,closer_to_player1,0,0.5
session_3_player2,Shared agency no commitment no signaling,closer_to_player1,1,0.6655123870669455
session_3_player2,Shared agency no commitment no signaling,closer_to_player1,2,0.6665672458823746
session_3_player2,Shared agency no commitment no signaling,closer_to_player1,3,0.6665770923466247
session_3_player2,Shared agency no commitment no signaling,closer_to_player1,4,0.6666101033717459
session_3_player2,Shared agency no commitment no signaling,closer_to_player1,5,0.7271063211529761
session_3_player2,Shared agency no commitment no signaling,closer_to_player2,0,0.5
session_3_player2,Shared agency no commitment no signaling,closer_to_player2,1,0.2868590069221341
session_3_player2,Shared agency no commitment no signaling,closer_to_player2,2,0.44401613144048646
session_3_player2,Shared agency no commitment no signaling,closer_to_player2,3,0.5435916850508327
session_3_player2,Shared agency no commitment no signaling,closer_to_player2,4,0.5289052442883587
session_3_player2,Shared agency no commitment no signaling,closer_to_player2,5,0.33441984920691153
session_3_player2,Shared agency no commitment no signaling,equal_to_both,0,0.5
session_3_player2,Shared agency no commitment no signaling,equal_to_both,1,0.6663841806137708
session_3_player2,Shared agency no commitment no signaling,equal_to_both,2,0.430743464588448
session_3_player2,Shared agency no commitment no signaling,equal_to_both,3,0.6664119977729795
session_3_player2,Shared agency no commitment no signaling,equal_to_both,4,0.6666653093595367
session_3_player2,Shared agency no commitment no signaling,equal_to_both,5,0.6706253159222393
session_4_player1,Shared agency commitment no signaling,closer_to_player1,0,0.5
session_4_player1,Shared agency commitment no signaling,closer_to_player1,1,0.8311377901312648
session_4_player1,Shared agency commitment no signaling,closer_to_player1,2,0.8562594498971272
session_4_player1,Shared agency commitment no signaling,closer_to_player1,3,0.8302533355809181
session_4_player1,Shared agency commitment no signaling,closer_to_player1,4,0.8861572783913777
session_4_player1,Shared agency commitment no signaling,closer_to_player1,5,0.9317286147951022
session_4_player1,Shared agency commitment no signaling,closer_to_player2,0,0.5
session_4_player1,Shared agency commitment no signaling,closer_to_player2,1,0.6660577979648866
session_4_player1,Shared agency commitment no signaling,closer_to_player2,2,0.49887910733362695
session_4_player1,Shared agency commitment no signaling,closer_to_player2,3,0.5724796452490178
session_4_player1,Shared agency commitment no signaling,closer_to_player2,4,0.8185556112484537
session_4_player1,Shared agency commitment no signaling,closer_to_player2,5,0.8335554082023814
session_4_player1,Shared agency commitment no signaling,equal_to_both,0,0.5
session_4_player1,Shared agency commitment no signaling,equal_to_both,1,0.7471273421362427
session_4_player1,Shared agency commitment no signaling,equal_to_both,2,0.9990931616570403
session_4_player1,Shared agency commitment no signaling,equal_to_both,3,0.9814093848239996
session_4_player1,Shared agency commitment no signaling,equal_to_both,4,0.5624758109629927
session_4_player1,Shared agency commitment no signaling,equal_to_both,5,0.9962910966457659
session_4_player1,Shared agency commitment signaling (Communicative Action Mixture (Legibility Over Alternatives)),closer_to_player1,0,0.5
session_4_player1,Shared agency commitment signaling (Communicative Action Mixture (Legibility Over Alternatives)),closer_to_player1,1,0.8331962703465283
session_4_player1,Shared agency commitment signaling (Communicative Action Mixture (Legibility Over Alternatives)),closer_to_player1,2,0.8387922813057961
session_4_player1,Shared agency commitment signaling (Communicative Action Mixture (Legibility Over Alternatives)),closer_to_player1,3,0.8337331062669199
session_4_player1,Shared agency commitment signaling (Communicative Action Mixture (Legibility Over Alternatives)),closer_to_player1,4,0.8246288345300128
session_4_player1,Shared agency commitment signaling (Communicative Action Mixture (Legibility Over Alternatives)),closer_to_player1,5,0.8093856896392667
session_4_player1,Shared agency commitment signaling (Communicative Action Mixture (Legibility Over Alternatives)),closer_to_player2,0,0.5
session_4_player1,Shared agency commitment signaling (Communicative Action Mixture (Legibility Over Alternatives)),closer_to_player2,1,0.5190038388107886
session_4_player1,Shared agency commitment signaling (Communicative Action Mixture (Legibility Over Alternatives)),closer_to_player2,2,0.5098131994441653
session_4_player1,Shared agency commitment signaling (Communicative Action Mixture (Legibility Over Alternatives)),closer_to_player2,3,0.5196153262989536
session_4_player1,Shared agency commitment signaling (Communicative Action Mixture (Legibility Over Alternatives)),closer_to_player2,4,0.5770783541517881
session_4_player1,Shared agency commitment signaling (Communicative Action Mixture (Legibility Over Alternatives)),closer_to_player2,5,0.5507153735814176
session_4_player1,Shared agency commitment signaling (Communicative Action Mixture (Legibility Over Alternatives)),equal_to_both,0,0.5
session_4_player1,Shared agency commitment signaling (Communicative Action Mixture (Legibility Over Alternatives)),equal_to_both,1,0.7446621624035683
session_4_player1,Shared agency commitment signaling (Communicative Action Mixture (Legibility Over Alternatives)),equal_to_both,2,0.7499067547594594
session_4_player1,Shared agency commitment signaling (Communicative Action Mixture (Legibility Over Alternatives)),equal_to_both,3,0.749998103102639
session_4_player1,Shared agency commitment signaling (Communicative Action Mixture (Legibility Over Alternatives)),equal_to_both,4,0.9991481663884557
session_4_player1,Shared agency commitment signaling (Communicative Action Mixture (Legibility Over Alternatives)),equal_to_both,5,0.9999971237279578
session_4_player1,Shared agency no commitment no signaling,closer_to_player1,0,0.5
session_4_player1,Shared agency no commitment no signaling,closer_to_player1,1,0.33198369834524166
session_4_player1,Shared agency no commitment no signaling,closer_to_player1,2,0.3824839079484578
session_4_player1,Shared agency no commitment no signaling,closer_to_player1,3,0.6936375807146308
session_4_player1,Shared agency no commitment no signaling,closer_to_player1,4,0.43448673142524524
session_4_player1,Shared agency no commitment no signaling,closer_to_player1,5,0.8439528137132498
session_4_player1,Shared agency no commitment no signaling,closer_to_player2,0,0.5
session_4_player1,Shared agency no commitment no signaling,closer_to_player2,1,0.5010125124724925
session_4_player1,Shared agency no commitment no signaling,closer_to_player2,2,0.47324824641616575
session_4_player1,Shared agency no commitment no signaling,closer_to_player2,3,0.4436986301698185
session_4_player1,Shared agency no commitment no signaling,closer_to_player2,4,0.19815854182886636
session_4_player1,Shared agency no commitment no signaling,closer_to_player2,5,0.3377406727781842
session_4_player1,Shared agency no commitment no signaling,equal_to_both,0,0.5
session_4_player1,Shared agency no commitment no signaling,equal_to_both,1,0.6629707725697442
session_4_player1,Shared agency no commitment no signaling,equal_to_both,2,0.8292916993763396
session_4_player1,Shared agency no commitment no signaling,equal_to_both,3,0.5804621274890654
session_4_player1,Shared agency no commitment no signaling,equal_to_both,4,0.747617999253424
session_4_player1,Shared agency no commitment no signaling,equal_to_both,5,0.9964430774884317
session_4_player2,Shared agency commitment no signaling,closer_to_player1,0,0.5
session_4_player2,Shared agency commitment no signaling,closer_to_player1,1,0.5059752703722905
session_4_player2,Shared agency commitment no signaling,closer_to_player1,2,0.5068530008739197
session_4_player2,Shared agency commitment no signaling,closer_to_player1,3,0.5091244854533333
session_4_player2,Shared agency commitment no signaling,closer_to_player1,4,0.27061217498495876
session_4_player2,Shared agency commitment no signaling,closer_to_player1,5,0.7602066083997643
session_4_player2,Shared agency commitment no signaling,closer_to_player2,0,0.5
session_4_player2,Shared agency commitment no signaling,closer_to_player2,1,0.4553019673767464
session_4_player2,Shared agency commitment no signaling,closer_to_player2,2,0.7808520880867406
session_4_player2,Shared agency commitment no signaling,closer_to_player2,3,0.8984358750603256
session_4_player2,Shared agency commitment no signaling,closer_to_player2,4,0.6670658385923591
session_4_player2,Shared agency commitment no signaling,closer_to_player2,5,0.667210782254692
session_4_player2,Shared agency commitment no signaling,equal_to_both,0,0.5
session_4_player2,Shared agency commitment no signaling,equal_to_both,1,0.7476489157413801
session_4_player2,Shared agency commitment no signaling,equal_to_both,2,0.7476170041606731
session_4_player2,Shared agency commitment no signaling,equal_to_both,3,0.7474570564558598
session_4_player2,Shared agency commitment no signaling,equal_to_both,4,0.7461447213915948
session_4_player2,Shared agency commitment no signaling,equal_to_both,5,0.6861261181659584
session_4_player2,Shared agency commitment signaling (Communicative Action Mixture (Legibility Over Alternatives)),closer_to_player1,0,0.5
session_4_player2,Shared agency commitment signaling (Communicative Action Mixture (Legibility Over Alternatives)),closer_to_player1,1,0.6360013813450561
session_4_player2,Shared agency commitment signaling (Communicative Action Mixture (Legibility Over Alternatives)),closer_to_player1,2,0.6104812736202507
session_4_player2,Shared agency commitment signaling (Communicative Action Mixture (Legibility Over Alternatives)),closer_to_player1,3,0.6638113687607138
session_4_player2,Shared agency commitment signaling (Communicative Action Mixture (Legibility Over Alternatives)),closer_to_player1,4,0.8302055244897204
session_4_player2,Shared agency commitment signaling (Communicative Action Mixture (Legibility Over Alternatives)),closer_to_player1,5,0.8380574321586675
session_4_player2,Shared agency commitment signaling (Communicative Action Mixture (Legibility Over Alternatives)),closer_to_player2,0,0.5
session_4_player2,Shared agency commitment signaling (Communicative Action Mixture (Legibility Over Alternatives)),closer_to_player2,1,0.7523123358045715
session_4_player2,Shared agency commitment signaling (Communicative Action Mixture (Legibility Over Alternatives)),closer_to_player2,2,0.7573619114975783
session_4_player2,Shared agency commitment signaling (Communicative Action Mixture (Legibility Over Alternatives)),closer_to_player2,3,0.7603651506682136
session_4_player2,Shared agency commitment signaling (Communicative Action Mixture (Legibility Over Alternatives)),closer_to_player2,4,0.2753107462198444
session_4_player2,Shared agency commitment signaling (Communicative Action Mixture (Legibility Over Alternatives)),closer_to_player2,5,0.2602875786912968
session_4_player2,Shared agency commitment signaling (Communicative Action Mixture (Legibility Over Alternatives)),equal_to_both,0,0.5
session_4_player2,Shared agency commitment signaling (Communicative Action Mixture (Legibility Over Alternatives)),equal_to_both,1,0.49981055599274427
session_4_player2,Shared agency commitment signaling (Communicative Action Mixture (Legibility Over Alternatives)),equal_to_both,2,0.9938017099393435
session_4_player2,Shared agency commitment signaling (Communicative Action Mixture (Legibility Over Alternatives)),equal_to_both,3,0.9938724092686597
session_4_player2,Shared agency commitment signaling (Communicative Action Mixture (Legibility Over Alternatives)),equal_to_both,4,0.9999619580292404
session_4_player2,Shared agency commitment signaling (Communicative Action Mixture (Legibility Over Alternatives)),equal_to_both,5,0.9999810876068598
session_4_player2,Shared agency no commitment no signaling,closer_to_player1,0,0.5
session_4_player2,Shared agency no commitment no signaling,closer_to_player1,1,0.5032471432741931
session_4_player2,Shared agency no commitment no signaling,closer_to_player1,2,0.6670196739295733
session_4_player2,Shared agency no commitment no signaling,closer_to_player1,3,0.6731671446090218
session_4_player2,Shared agency no commitment no signaling,closer_to_player1,4,0.6758528075903691
session_4_player2,Shared agency no commitment no signaling,closer_to_player1,5,0.6749830068888812
session_4_player2,Shared agency no commitment no signaling,closer_to_player2,0,0.5
session_4_player2,Shared agency no commitment no signaling,closer_to_player2,1,0.6684140671170926
session_4_player2,Shared agency no commitment no signaling,closer_to_player2,2,0.9711545326004228
session_4_player2,Shared agency no commitment no signaling,closer_to_player2,3,0.99998457015351
session_4_player2,Shared agency no commitment no signaling,closer_to_player2,4,0.9999998955958684
session_4_player2,Shared agency no commitment no signaling,closer_to_player2,5,0.999999999933439
session_4_player2,Shared agency no commitment no signaling,equal_to_both,0,0.5
session_4_player2,Shared agency no commitment no signaling,equal_to_both,1,0.49760424635050793
session_4_player2,Shared agency no commitment no signaling,equal_to_both,2,0.4572361476746541
session_4_player2,Shared agency no commitment no signaling,equal_to_both,3,0.6618646866227648
session_4_player2,Shared agency no commitment no signaling,equal_to_both,4,0.9560570952790103
session_4_player2,Shared agency no commitment no signaling,equal_to_both,5,0.6578844982731772
session_5_player1,Shared agency commitment no signaling,closer_to_player1,0,0.5
session_5_player1,Shared agency commitment no signaling,closer_to_player1,1,0.663758108922778
session_5_player1,Shared agency commitment no signaling,closer_to_player1,2,0.694998688337348
session_5_player1,Shared agency commitment no signaling,closer_to_player1,3,0.7275644978891528
session_5_player1,Shared agency commitment no signaling,closer_to_player1,4,0.714554157891607
session_5_player1,Shared agency commitment no signaling,closer_to_player1,5,0.520120557596888
session_5_player1,Shared agency commitment no signaling,closer_to_player2,0,0.5
session_5_player1,Shared agency commitment no signaling,closer_to_player2,1,0.6673519241051368
session_5_player1,Shared agency commitment no signaling,closer_to_player2,2,0.6669049747663749
session_5_player1,Shared agency commitment no signaling,closer_to_player2,3,0.8309886594414152
session_5_player1,Shared agency commitment no signaling,closer_to_player2,4,0.8613935840158827
session_5_player1,Shared agency commitment no signaling,closer_to_player2,5,0.8851740288130986
session_5_player1,Shared agency commitment no signaling,equal_to_both,0,0.5
session_5_player1,Shared agency commitment no signaling,equal_to_both,1,0.9905214071590773
session_5_player1,Shared agency commitment no signaling,equal_to_both,2,0.998927243992125
session_5_player1,Shared agency commitment no signaling,equal_to_both,3,0.9999890719341233
session_5_player1,Shared agency commitment no signaling,equal_to_both,4,0.9999995120688812
session_5_player1,Shared agency commitment no signaling,equal_to_both,5,0.9999995814895548
session_5_player1,Shared agency commitment signaling (Communicative Action Mixture (Legibility Over Alternatives)),closer_to_player1,0,0.5
session_5_player1,Shared agency commitment signaling (Communicative Action Mixture (Legibility Over Alternatives)),closer_to_player1,1,0.29360208900672086
session_5_player1,Shared agency commitment signaling (Communicative Action Mixture (Legibility Over Alternatives)),closer_to_player1,2,0.6707269209022564
session_5_player1,Shared agency commitment signaling (Communicative Action Mixture (Legibility Over Alternatives)),closer_to_player1,3,0.5870209899444351
session_5_player1,Shared agency commitment signaling (Communicative Action Mixture (Legibility Over Alternatives)),closer_to_player1,4,0.627817675249957
session_5_player1,Shared agency commitment signaling (Communicative Action Mixture (Legibility Over Alternatives)),closer_to_player1,5,0.6522269578047787
session_5_player1,Shared agency commitment signaling (Communicative Action Mixture (Legibility Over Alternatives)),closer_to_player2,0,0.5
session_5_player1,Shared agency commitment signaling (Communicative Action Mixture (Legibility Over Alternatives)),closer_to_player2,1,0.5036459600487387
session_5_player1,Shared agency commitment signaling (Communicative Action Mixture (Legibility Over Alternatives)),closer_to_player2,2,0.504758502876892
session_5_player1,Shared agency commitment signaling (Communicative Action Mixture (Legibility Over Alternatives)),closer_to_player2,3,0.5096982776865812
session_5_player1,Shared agency commitment signaling (Communicative Action Mixture (Legibility Over Alternatives)),closer_to_player2,4,0.5135545605257406
session_5_player1,Shared agency commitment signaling (Communicative Action Mixture (Legibility Over Alternatives)),closer_to_player2,5,0.5090681033423053
session_5_player1,Shared agency commitment signaling (Communicative Action Mixture (Legibility Over Alternatives)),equal_to_both,0,0.5
session_5_player1,Shared agency commitment signaling (Communicative Action Mixture (Legibility Over Alternatives)),equal_to_both,1,0.8262715064246563
session_5_player1,Shared agency commitment signaling (Communicative Action Mixture (Legibility Over Alternatives)),equal_to_both,2,0.9931367107330983
session_5_player1,Shared agency commitment signaling (Communicative Action Mixture (Legibility Over Alternatives)),equal_to_both,3,0.9944450623660357
session_5_player1,Shared agency commitment signaling (Communicative Action Mixture (Legibility Over Alternatives)),equal_to_both,4,0.9999329603306369
session_5_player1,Shared agency commitment signaling (Communicative Action Mixture (Legibility Over Alternatives)),equal_to_both,5,0.9999356291627732
session_5_player1,Shared agency no commitment no signaling,closer_to_player1,0,0.5
session_5_player1,Shared agency no commitment no signaling,closer_to_player1,1,0.8302922336602016
session_5_player1,Shared agency no commitment no signaling,closer_to_player1,2,0.5512589509290831
session_5_player1,Shared agency no commitment no signaling,closer_to_player1,3,0.8334622886840376
session_5_player1,Shared agency no commitment no signaling,closer_to_player1,4,0.8396390522213856
session_5_player1,Shared agency no commitment no signaling,closer_to_player1,5,0.6554432692123157
session_5_player1,Shared agency no commitment no signaling,closer_to_player2,0,0.5
session_5_player1,Shared agency no commitment no signaling,closer_to_player2,1,0.6660030856845164
session_5_player1,Shared agency no commitment no signaling,closer_to_player2,2,0.668889063282068
session_5_player1,Shared agency no commitment no signaling,closer_to_player2,3,0.8331743552738707
session_5_player1,Shared agency no commitment no signaling,closer_to_player2,4,0.861410563275563
session_5_player1,Shared agency no commitment no signaling,closer_to_player2,5,0.8851905588377251
session_5_player1,Shared agency no commitment no signaling,equal_to_both,0,0.5
session_5_player1,Shared agency no commitment no signaling,equal_to_both,1,0.49999974185734625
session_5_player1,Shared agency no commitment no signaling,equal_to_both,2,0.5000001227599818
session_5_player1,Shared agency no commitment no signaling,equal_to_both,3,0.5000383185359065
session_5_player1,Shared agency no commitment no signaling,equal_to_both,4,0.4990819215394131
session_5_player1,Shared agency no commitment no signaling,equal_to_both,5,0.4999989944604648
session_5_player2,Shared agency commitment no signaling,closer_to_player1,0,0.5
session_5_player2,Shared agency commitment no signaling,closer_to_player1,1,0.5033194904237476
session_5_player2,Shared agency commitment no signaling,closer_to_player1,2,0.5056673047459861
session_5_player2,Shared agency commitment no signaling,closer_to_player1,3,0.507179318092401
session_5_player2,Shared agency commitment no signaling,closer_to_player1,4,0.5172698737496989
session_5_player2,Shared agency commitment no signaling,closer_to_player1,5,0.503350236543122
session_5_player2,Shared agency commitment no signaling,closer_to_player2,0,0.5
session_5_player2,Shared agency commitment no signaling,closer_to_player2,1,0.5204862040364058
session_5_player2,Shared agency commitment no signaling,closer_to_player2,2,0.5343739656002581
session_5_player2,Shared agency commitment no signaling,closer_to_player2,3,0.5105851400188609
session_5_player2,Shared agency commitment no signaling,closer_to_player2,4,0.774243920720515
session_5_player2,Shared agency commitment no signaling,closer_to_player2,5,0.9998363308947277
session_5_player2,Shared agency commitment no signaling,equal_to_both,0,0.5
session_5_player2,Shared agency commitment no signaling,equal_to_both,1,0.7491870175818218
session_5_player2,Shared agency commitment no signaling,equal_to_both,2,0.9938821831146034
session_5_player2,Shared agency commitment no signaling,equal_to_both,3,0.9999076080203013
session_5_player2,Shared agency commitment no signaling,equal_to_both,4,0.9999960517908608
session_5_player2,Shared agency commitment no signaling,equal_to_both,5,0.9999999075797902
session_5_player2,Shared agency commitment signaling (Communicative Action Mixture (Legibility Over Alternatives)),closer_to_player1,0,0.5
session_5_player2,Shared agency commitment signaling (Communicative Action Mixture (Legibility Over Alternatives)),closer_to_player1,1,0.6614054916667731
session_5_player2,Shared agency commitment signaling (Communicative Action Mixture (Legibility Over Alternatives)),closer_to_player1,2,0.3646318256625513
session_5_player2,Shared agency commitment signaling (Communicative Action Mixture (Legibility Over Alternatives)),closer_to_player1,3,0.6197349689166124
session_5_player2,Shared agency commitment signaling (Communicative Action Mixture (Legibility Over Alternatives)),closer_to_player1,4,0.6680631932143188
session_5_player2,Shared agency commitment signaling (Communicative Action Mixture (Legibility Over Alternatives)),closer_to_player1,5,0.6636342761757472
session_5_player2,Shared agency commitment signaling (Communicative Action Mixture (Legibility Over Alternatives)),closer_to_player2,0,0.5
session_5_player2,Shared agency commitment signaling (Communicative Action Mixture (Legibility Over Alternatives)),closer_to_player2,1,0.45437559611368084
session_5_player2,Shared agency commitment signaling (Communicative Action Mixture (Legibility Over Alternatives)),closer_to_player2,2,0.5056820007145794
session_5_player2,Shared agency commitment signaling (Communicative Action Mixture (Legibility Over Alternatives)),closer_to_player2,3,0.5616857608471344
session_5_player2,Shared agency commitment signaling (Communicative Action Mixture (Legibility Over Alternatives)),closer_to_player2,4,0.6130242973767789
session_5_player2,Shared agency commitment signaling (Communicative Action Mixture (Legibility Over Alternatives)),closer_to_player2,5,0.2602192229753762
session_5_player2,Shared agency commitment signaling (Communicative Action Mixture (Legibility Over Alternatives)),equal_to_both,0,0.5
session_5_player2,Shared agency commitment signaling (Communicative Action Mixture (Legibility Over Alternatives)),equal_to_both,1,0.6644666761301649
session_5_player2,Shared agency commitment signaling (Communicative Action Mixture (Legibility Over Alternatives)),equal_to_both,2,0.8365533897502121
session_5_player2,Shared agency commitment signaling (Communicative Action Mixture (Legibility Over Alternatives)),equal_to_both,3,0.9980396671228399
session_5_player2,Shared agency commitment signaling (Communicative Action Mixture (Legibility Over Alternatives)),equal_to_both,4,0.9980575247275602
session_5_player2,Shared agency commitment signaling (Communicative Action Mixture (Legibility Over Alternatives)),equal_to_both,5,0.9980712551891733
session_5_player2,Shared agency no commitment no signaling,closer_to_player1,0,0.5
session_5_player2,Shared agency no commitment no signaling,closer_to_player1,1,0.5284922339737866
session_5_player2,Shared agency no commitment no signaling,closer_to_player1,2,0.5562884561633678
session_5_player2,Shared agency no commitment no signaling,closer_to_player1,3,0.5818201087741323
session_5_player2,Shared agency no commitment no signaling,closer_to_player1,4,0.6317248741850449
session_5_player2,Shared agency no commitment no signaling,closer_to_player1,5,0.5443766273775038
session_5_player2,Shared agency no commitment no signaling,closer_to_player2,0,0.5
session_5_player2,Shared agency no commitment no signaling,closer_to_player2,1,0.8108924853496821
session_5_player2,Shared agency no commitment no signaling,closer_to_player2,2,0.7979602710743542
session_5_player2,Shared agency no commitment no signaling,closer_to_player2,3,0.7774481057427579
session_5_player2,Shared agency no commitment no signaling,closer_to_player2,4,0.9995262689430978
session_5_player2,Shared agency no commitment no signaling,closer_to_player2,5,0.9999974625288689
session_5_player2,Shared agency no commitment no signaling,equal_to_both,0,0.5
session_5_player2,Shared agency no commitment no signaling,equal_to_both,1,0.49979339207945983
session_5_player2,Shared agency no commitment no signaling,equal_to_both,2,0.25087141165209464
session_5_player2,Shared agency no commitment no signaling,equal_to_both,3,0.5973875405854475
session_5_player2,Shared agency no commitment no signaling,equal_to_both,4,0.8439017459714098
session_5_player2,Shared agency no commitment no signaling,equal_to_both,5,0.7832358762807441
session_6_player1,Shared agency commitment no signaling,closer_to_player1,0,0.5
session_6_player1,Shared agency commitment no signaling,closer_to_player1,1,0.7471404152133836
session_6_player1,Shared agency commitment no signaling,closer_to_player1,2,0.6942956111215887
session_6_player1,Shared agency commitment no signaling,closer_to_player1,3,0.5000211195649222
session_6_player1,Shared agency commitment no signaling,closer_to_player1,4,0.5000000045695844
session_6_player1,Shared agency commitment no signaling,closer_to_player1,5,0.5000519047148025
session_6_player1,Shared agency commitment no signaling,closer_to_player2,0,0.5
session_6_player1,Shared agency commitment no signaling,closer_to_player2,1,0.5282130449631586
session_6_player1,Shared agency commitment no signaling,closer_to_player2,2,0.5355924045533338
session_6_player1,Shared agency commitment no signaling,closer_to_player2,3,0.7510790308757465
session_6_player1,Shared agency commitment no signaling,closer_to_player2,4,0.303263688936666
session_6_player1,Shared agency commitment no signaling,closer_to_player2,5,0.720112347836399
session_6_player1,Shared agency commitment no signaling,equal_to_both,0,0.5
session_6_player1,Shared agency commitment no signaling,equal_to_both,1,0.6664139132857122
session_6_player1,Shared agency commitment no signaling,equal_to_both,2,0.8309685727244746
session_6_player1,Shared agency commitment no signaling,equal_to_both,3,0.830956162246108
session_6_player1,Shared agency commitment no signaling,equal_to_both,4,0.7900175227002829
session_6_player1,Shared agency commitment no signaling,equal_to_both,5,0.9999440905127877
session_6_player1,Shared agency commitment signaling (Communicative Action Mixture (Legibility Over Alternatives)),closer_to_player1,0,0.5
session_6_player1,Shared agency commitment signaling (Communicative Action Mixture (Legibility Over Alternatives)),closer_to_player1,1,0.8053305268943941
session_6_player1,Shared agency commitment signaling (Communicative Action Mixture (Legibility Over Alternatives)),closer_to_player1,2,0.9589242823673659
session_6_player1,Shared agency commitment signaling (Communicative Action Mixture (Legibility Over Alternatives)),closer_to_player1,3,0.9738166067617292
session_6_player1,Shared agency commitment signaling (Communicative Action Mixture (Legibility Over Alternatives)),closer_to_player1,4,0.9999124471197375
session_6_player1,Shared agency commitment signaling (Communicative Action Mixture (Legibility Over Alternatives)),closer_to_player1,5,0.999999976845385
session_6_player1,Shared agency commitment signaling (Communicative Action Mixture (Legibility Over Alternatives)),closer_to_player2,0,0.5
session_6_player1,Shared agency commitment signaling (Communicative Action Mixture (Legibility Over Alternatives)),closer_to_player2,1,0.8190762263675717
session_6_player1,Shared agency commitment signaling (Communicative Action Mixture (Legibility Over Alternatives)),closer_to_player2,2,0.5285970010470792
session_6_player1,Shared agency commitment signaling (Communicative Action Mixture (Legibility Over Alternatives)),closer_to_player2,3,0.7840212504474869
session_6_player1,Shared agency commitment signaling (Communicative Action Mixture (Legibility Over Alternatives)),closer_to_player2,4,0.8305591199573631
session_6_player1,Shared agency commitment signaling (Communicative Action Mixture (Legibility Over Alternatives)),closer_to_player2,5,0.8342397832957791
session_6_player1,Shared agency commitment signaling (Communicative Action Mixture (Legibility Over Alternatives)),equal_to_both,0,0.5
session_6_player1,Shared agency commitment signaling (Communicative Action Mixture (Legibility Over Alternatives)),equal_to_both,1,0.9891423420932405
session_6_player1,Shared agency commitment signaling (Communicative Action Mixture (Legibility Over Alternatives)),equal_to_both,2,0.989692503845126
session_6_player1,Shared agency commitment signaling (Communicative Action Mixture (Legibility Over Alternatives)),equal_to_both,3,0.9998580786777534
session_6_player1,Shared agency commitment signaling (Communicative Action Mixture (Legibility Over Alternatives)),equal_to_both,4,0.9998663492346784
session_6_player1,Shared agency commitment signaling (Communicative Action Mixture (Legibility Over Alternatives)),equal_to_both,5,0.9999979552133352
session_6_player1,Shared agency no commitment no signaling,closer_to_player1,0,0.5
session_6_player1,Shared agency no commitment no signaling,closer_to_player1,1,0.7512614757661487
session_6_player1,Shared agency no commitment no signaling,closer_to_player1,2,0.7519634095621448
session_6_player1,Shared agency no commitment no signaling,closer_to_player1,3,0.9983779422375569
session_6_player1,Shared agency no commitment no signaling,closer_to_player1,4,0.519523159408989
session_6_player1,Shared agency no commitment no signaling,closer_to_player1,5,0.9623774460416183
session_6_player1,Shared agency no commitment no signaling,closer_to_player2,0,0.5
session_6_player1,Shared agency no commitment no signaling,closer_to_player2,1,0.5003932194327526
session_6_player1,Shared agency no commitment no signaling,closer_to_player2,2,0.6582253586985097
session_6_player1,Shared agency no commitment no signaling,closer_to_player2,3,0.692949754526075
session_6_player1,Shared agency no commitment no signaling,closer_to_player2,4,0.6420131477686549
session_6_player1,Shared agency no commitment no signaling,closer_to_player2,5,0.7112701497404416
session_6_player1,Shared agency no commitment no signaling,equal_to_both,0,0.5
session_6_player1,Shared agency no commitment no signaling,equal_to_both,1,0.49721184420917536
session_6_player1,Shared agency no commitment no signaling,equal_to_both,2,0.7840036922606521
session_6_player1,Shared agency no commitment no signaling,equal_to_both,3,0.9998751977685426
session_6_player1,Shared agency no commitment no signaling,equal_to_both,4,0.9999995847794968
session_6_player1,Shared agency no commitment no signaling,equal_to_both,5,0.9999996452368016
session_6_player2,Shared agency commitment no signaling,closer_to_player1,0,0.5
session_6_player2,Shared agency commitment no signaling,closer_to_player1,1,0.7495682515419599
session_6_player2,Shared agency commitment no signaling,closer_to_player1,2,0.9969609947716969
session_6_player2,Shared agency commitment no signaling,closer_to_player1,3,0.9999671737834519
session_6_player2,Shared agency commitment no signaling,closer_to_player1,4,0.9999989521651123
session_6_player2,Shared agency commitment no signaling,closer_to_player1,5,0.999999483524443
session_6_player2,Shared agency commitment no signaling,closer_to_player2,0,0.5
session_6_player2,Shared agency commitment no signaling,closer_to_player2,1,0.4976128721397164
session_6_player2,Shared agency commitment no signaling,closer_to_player2,2,0.5911357338547815
session_6_player2,Shared agency commitment no signaling,closer_to_player2,3,0.8430693237120152
session_6_player2,Shared agency commitment no signaling,closer_to_player2,4,0.8980675884389447
session_6_player2,Shared agency commitment no signaling,closer_to_player2,5,0.9398459005571267
session_6_player2,Shared agency commitment no signaling,equal_to_both,0,0.5
session_6_player2,Shared agency commitment no signaling,equal_to_both,1,0.8299024339605433
session_6_player2,Shared agency commitment no signaling,equal_to_both,2,0.9993697498402762
session_6_player2,Shared agency commitment no signaling,equal_to_both,3,0.9994466220727335
session_6_player2,Shared agency commitment no signaling,equal_to_both,4,0.9994747898858098
session_6_player2,Shared agency commitment no signaling,equal_to_both,5,0.9995490274197366
session_6_player2,Shared agency commitment signaling (Communicative Action Mixture (Legibility Over Alternatives)),closer_to_player1,0,0.5
session_6_player2,Shared agency commitment signaling (Communicative Action Mixture (Legibility Over Alternatives)),closer_to_player1,1,0.5042715389043789
session_6_player2,Shared agency commitment signaling (Communicative Action Mixture (Legibility Over Alternatives)),closer_to_player1,2,0.49896074747276026
session_6_player2,Shared agency commitment signaling (Communicative Action Mixture (Legibility Over Alternatives)),closer_to_player1,3,0.5047394504055808
session_6_player2,Shared agency commitment signaling (Communicative Action Mixture (Legibility Over Alternatives)),closer_to_player1,4,0.6204848814375242
session_6_player2,Shared agency commitment signaling (Communicative Action Mixture (Legibility Over Alternatives)),closer_to_player1,5,0.8346613091103047
session_6_player2,Shared agency commitment signaling (Communicative Action Mixture (Legibility Over Alternatives)),closer_to_player2,0,0.5
session_6_player2,Shared agency commitment signaling (Communicative Action Mixture (Legibility Over Alternatives)),closer_to_player2,1,0.5040881839795363
session_6_player2,Shared agency commitment signaling (Communicative Action Mixture (Legibility Over Alternatives)),closer_to_player2,2,0.8168779312605784
session_6_player2,Shared agency commitment signaling (Communicative Action Mixture (Legibility Over Alternatives)),closer_to_player2,3,0.84059684058382
session_6_player2,Shared agency commitment signaling (Communicative Action Mixture (Legibility Over Alternatives)),closer_to_player2,4,0.8414081577885401
session_6_player2,Shared agency commitment signaling (Communicative Action Mixture (Legibility Over Alternatives)),closer_to_player2,5,0.8435215657908529
session_6_player2,Shared agency commitment signaling (Communicative Action Mixture (Legibility Over Alternatives)),equal_to_both,0,0.5
session_6_player2,Shared agency commitment signaling (Communicative Action Mixture (Legibility Over Alternatives)),equal_to_both,1,0.8232083752064184
session_6_player2,Shared agency commitment signaling (Communicative Action Mixture (Legibility Over Alternatives)),equal_to_both,2,0.9991793750637857
session_6_player2,Shared agency commitment signaling (Communicative Action Mixture (Legibility Over Alternatives)),equal_to_both,3,0.9997851867784798
session_6_player2,Shared agency commitment signaling (Communicative Action Mixture (Legibility Over Alternatives)),equal_to_both,4,0.9998516858108237
session_6_player2,Shared agency commitment signaling (Communicative Action Mixture (Legibility Over Alternatives)),equal_to_both,5,0.9998571179043753
session_6_player2,Shared agency no commitment no signaling,closer_to_player1,0,0.5
session_6_player2,Shared agency no commitment no signaling,closer_to_player1,1,0.7502262030112614
session_6_player2,Shared agency no commitment no signaling,closer_to_player1,2,0.7529080430556965
session_6_player2,Shared agency no commitment no signaling,closer_to_player1,3,0.750575908061297
session_6_player2,Shared agency no commitment no signaling,closer_to_player1,4,0.6892360389381526
session_6_player2,Shared agency no commitment no signaling,closer_to_player1,5,0.7745729236292578
session_6_player2,Shared agency no commitment no signaling,closer_to_player2,0,0.5
session_6_player2,Shared agency no commitment no signaling,closer_to_player2,1,0.1714704660206109
session_6_player2,Shared agency no commitment no signaling,closer_to_player2,2,0.20643775586008228
session_6_player2,Shared agency no commitment no signaling,closer_to_player2,3,0.3368002449291556
session_6_player2,Shared agency no commitment no signaling,closer_to_player2,4,0.3367545309709772
session_6_player2,Shared agency no commitment no signaling,closer_to_player2,5,0.5899472375190831
session_6_player2,Shared agency no commitment no signaling,equal_to_both,0,0.5
session_6_player2,Shared agency no commitment no signaling,equal_to_both,1,0.8315863657933011
session_6_player2,Shared agency no commitment no signaling,equal_to_both,2,0.8767652300074468
session_6_player2,Shared agency no commitment no signaling,equal_to_both,3,0.7595893379678175
session_6_player2,Shared agency no commitment no signaling,equal_to_both,4,0.6632343276421472
session_6_player2,Shared agency no commitment no signaling,equal_to_both,5,0.6667793424104627
session_7_player1,Shared agency commitment no signaling,closer_to_player1,0,0.5
session_7_player1,Shared agency commitment no signaling,closer_to_player1,1,0.7083642167186577
session_7_player1,Shared agency commitment no signaling,closer_to_player1,2,0.6517318930105248
session_7_player1,Shared agency commitment no signaling,closer_to_player1,3,0.6188763992113562
session_7_player1,Shared agency commitment no signaling,closer_to_player1,4,0.5922175625670256
session_7_player1,Shared agency commitment no signaling,closer_to_player1,5,0.5968205013741558
session_7_player1,Shared agency commitment no signaling,closer_to_player2,0,0.5
session_7_player1,Shared agency commitment no signaling,closer_to_player2,1,0.4982536042675809
session_7_player1,Shared agency commitment no signaling,closer_to_player2,2,0.6666201247214297
session_7_player1,Shared agency commitment no signaling,closer_to_player2,3,0.7967079136359582
session_7_player1,Shared agency commitment no signaling,closer_to_player2,4,0.7953268458963141
session_7_player1,Shared agency commitment no signaling,closer_to_player2,5,0.7598568046298119
session_7_player1,Shared agency commitment no signaling,equal_to_both,0,0.5
session_7_player1,Shared agency commitment no signaling,equal_to_both,1,0.7483203626442612
session_7_player1,Shared agency commitment no signaling,equal_to_both,2,0.7483278934114077
session_7_player1,Shared agency commitment no signaling,equal_to_both,3,0.9983152377098368
session_7_player1,Shared agency commitment no signaling,equal_to_both,4,0.9999840087090837
session_7_player1,Shared agency commitment no signaling,equal_to_both,5,0.9999843361396588
session_7_player1,Shared agency commitment signaling (Communicative Action Mixture (Legibility Over Alternatives)),closer_to_player1,0,0.5
session_7_player1,Shared agency commitment signaling (Communicative Action Mixture (Legibility Over Alternatives)),closer_to_player1,1,0.8330194349119345
session_7_player1,Shared agency commitment signaling (Communicative Action Mixture (Legibility Over Alternatives)),closer_to_player1,2,0.8320397708094377
session_7_player1,Shared agency commitment signaling (Communicative Action Mixture (Legibility Over Alternatives)),closer_to_player1,3,0.8340144036854822
session_7_player1,Shared agency commitment signaling (Communicative Action Mixture (Legibility Over Alternatives)),closer_to_player1,4,0.8198026245675556
session_7_player1,Shared agency commitment signaling (Communicative Action Mixture (Legibility Over Alternatives)),closer_to_player1,5,0.8535765845163273
session_7_player1,Shared agency commitment signaling (Communicative Action Mixture (Legibility Over Alternatives)),closer_to_player2,0,0.5
session_7_player1,Shared agency commitment signaling (Communicative Action Mixture (Legibility Over Alternatives)),closer_to_player2,1,0.5034832167830069
session_7_player1,Shared agency commitment signaling (Communicative Action Mixture (Legibility Over Alternatives)),closer_to_player2,2,0.505723221013218
session_7_player1,Shared agency commitment signaling (Communicative Action Mixture (Legibility Over Alternatives)),closer_to_player2,3,0.505191917076715
session_7_player1,Shared agency commitment signaling (Communicative Action Mixture (Legibility Over Alternatives)),closer_to_player2,4,0.5083203757265395
session_7_player1,Shared agency commitment signaling (Communicative Action Mixture (Legibility Over Alternatives)),closer_to_player2,5,0.5077155372636363
session_7_player1,Shared agency commitment signaling (Communicative Action Mixture (Legibility Over Alternatives)),equal_to_both,0,0.5
session_7_player1,Shared agency commitment signaling (Communicative Action Mixture (Legibility Over Alternatives)),equal_to_both,1,0.9829793381277376
session_7_player1,Shared agency commitment signaling (Communicative Action Mixture (Legibility Over Alternatives)),equal_to_both,2,0.983251285346578
session_7_player1,Shared agency commitment signaling (Communicative Action Mixture (Legibility Over Alternatives)),equal_to_both,3,0.9997086112930705
session_7_player1,Shared agency commitment signaling (Communicative Action Mixture (Legibility Over Alternatives)),equal_to_both,4,0.9999923998699051
session_7_player1,Shared agency commitment signaling (Communicative Action Mixture (Legibility Over Alternatives)),equal_to_both,5,0.9999997118765913
session_7_player1,Shared agency no commitment no signaling,closer_to_player1,0,0.5
session_7_player1,Shared agency no commitment no signaling,closer_to_player1,1,0.5480748134662474
session_7_player1,Shared agency no commitment no signaling,closer_to_player1,2,0.5811421652967798
session_7_player1,Shared agency no commitment no signaling,closer_to_player1,3,0.5935555200854705
session_7_player1,Shared agency no commitment no signaling,closer_to_player1,4,0.9705413668885536
session_7_player1,Shared agency no commitment no signaling,closer_to_player1,5,0.98494242010603
session_7_player1,Shared agency no commitment no signaling,closer_to_player2,0,0.5
session_7_player1,Shared agency no commitment no signaling,closer_to_player2,1,0.6243661569088398
session_7_player1,Shared agency no commitment no signaling,closer_to_player2,2,0.5839357151211867
session_7_player1,Shared agency no commitment no signaling,closer_to_player2,3,0.7330490752582257
session_7_player1,Shared agency no commitment no signaling,closer_to_player2,4,0.7800517344946001
session_7_player1,Shared agency no commitment no signaling,closer_to_player2,5,0.82246584134027
session_7_player1,Shared agency no commitment no signaling,equal_to_both,0,0.5
session_7_player1,Shared agency no commitment no signaling,equal_to_both,1,0.4999870822411662
session_7_player1,Shared agency no commitment no signaling,equal_to_both,2,0.9982978380065101
session_7_player1,Shared agency no commitment no signaling,equal_to_both,3,0.9983015114750748
session_7_player1,Shared agency no commitment no signaling,equal_to_both,4,0.9999971428063958
session_7_player1,Shared agency no commitment no signaling,equal_to_both,5,0.9999999904584831
session_7_player2,Shared agency commitment no signaling,closer_to_player1,0,0.5
session_7_player2,Shared agency commitment no signaling,closer_to_player1,1,0.6678327663914502
session_7_player2,Shared agency commitment no signaling,closer_to_player1,2,0.6704639194500603
session_7_player2,Shared agency commitment no signaling,closer_to_player1,3,0.671033460310266
session_7_player2,Shared agency commitment no signaling,closer_to_player1,4,0.6715559831936644
session_7_player2,Shared agency commitment no signaling,closer_to_player1,5,0.6704420778461095
session_7_player2,Shared agency commitment no signaling,closer_to_player2,0,0.5
session_7_player2,Shared agency commitment no signaling,closer_to_player2,1,0.5696523904398045
session_7_player2,Shared agency commitment no signaling,closer_to_player2,2,0.7729279117037807
session_7_player2,Shared agency commitment no signaling,closer_to_player2,3,0.8528504464487809
session_7_player2,Shared agency commitment no signaling,closer_to_player2,4,0.9142409730912743
session_7_player2,Shared agency commitment no signaling,closer_to_player2,5,0.9533878907335616
session_7_player2,Shared agency commitment no signaling,equal_to_both,0,0.5
session_7_player2,Shared agency commitment no signaling,equal_to_both,1,0.7446617024348318
session_7_player2,Shared agency commitment no signaling,equal_to_both,2,0.7447643927450638
session_7_player2,Shared agency commitment no signaling,equal_to_both,3,0.7498892825589933
session_7_player2,Shared agency commitment no signaling,equal_to_both,4,0.749459536063479
session_7_player2,Shared agency commitment no signaling,equal_to_both,5,0.9998921326631102
session_7_player2,Shared agency commitment signaling (Communicative Action Mixture (Legibility Over Alternatives)),closer_to_player1,0,0.5
session_7_player2,Shared agency commitment signaling (Communicative Action Mixture (Legibility Over Alternatives)),closer_to_player1,1,0.8233164636627602
session_7_player2,Shared agency commitment signaling (Communicative Action Mixture (Legibility Over Alternatives)),closer_to_player1,2,0.8241561829520356
session_7_player2,Shared agency commitment signaling (Communicative Action Mixture (Legibility Over Alternatives)),closer_to_player1,3,0.5177298874780581
session_7_player2,Shared agency commitment signaling (Communicative Action Mixture (Legibility Over Alternatives)),closer_to_player1,4,0.7784279971120375
session_7_player2,Shared agency commitment signaling (Communicative Action Mixture (Legibility Over Alternatives)),closer_to_player1,5,0.7750381606219464
session_7_player2,Shared agency commitment signaling (Communicative Action Mixture (Legibility Over Alternatives)),closer_to_player2,0,0.5
session_7_player2,Shared agency commitment signaling (Communicative Action Mixture (Legibility Over Alternatives)),closer_to_player2,1,0.4924297139177453
session_7_player2,Shared agency commitment signaling (Communicative Action Mixture (Legibility Over Alternatives)),closer_to_player2,2,0.6796184378758339
session_7_player2,Shared agency commitment signaling (Communicative Action Mixture (Legibility Over Alternatives)),closer_to_player2,3,0.7339585780407444
session_7_player2,Shared agency commitment signaling (Communicative Action Mixture (Legibility Over Alternatives)),closer_to_player2,4,0.7538168547485352
session_7_player2,Shared agency commitment signaling (Communicative Action Mixture (Legibility Over Alternatives)),closer_to_player2,5,0.7961496936792346
session_7_player2,Shared agency commitment signaling (Communicative Action Mixture (Legibility Over Alternatives)),equal_to_both,0,0.5
session_7_player2,Shared agency commitment signaling (Communicative Action Mixture (Legibility Over Alternatives)),equal_to_both,1,0.9817784801897437
session_7_player2,Shared agency commitment signaling (Communicative Action Mixture (Legibility Over Alternatives)),equal_to_both,2,0.9994907453467917
session_7_player2,Shared agency commitment signaling (Communicative Action Mixture (Legibility Over Alternatives)),equal_to_both,3,0.9995591589048518
session_7_player2,Shared agency commitment signaling (Communicative Action Mixture (Legibility Over Alternatives)),equal_to_both,4,0.9999883163967443
session_7_player2,Shared agency commitment signaling (Communicative Action Mixture (Legibility Over Alternatives)),equal_to_both,5,0.9999890419957057
session_7_player2,Shared agency no commitment no signaling,closer_to_player1,0,0.5
session_7_player2,Shared agency no commitment no signaling,closer_to_player1,1,0.5009403618487426
session_7_player2,Shared agency no commitment no signaling,closer_to_player1,2,0.4973492567784649
session_7_player2,Shared agency no commitment no signaling,closer_to_player1,3,0.5229958998612579
session_7_player2,Shared agency no commitment no signaling,closer_to_player1,4,0.4364349084651924
session_7_player2,Shared agency no commitment no signaling,closer_to_player1,5,0.5190780231226301
session_7_player2,Shared agency no commitment no signaling,closer_to_player2,0,0.5
session_7_player2,Shared agency no commitment no signaling,closer_to_player2,1,0.498076270719167
session_7_player2,Shared agency no commitment no signaling,closer_to_player2,2,0.2913879273376875
session_7_player2,Shared agency no commitment no signaling,closer_to_player2,3,0.33074239484573653
session_7_player2,Shared agency no commitment no signaling,closer_to_player2,4,0.6268945660600775
session_7_player2,Shared agency no commitment no signaling,closer_to_player2,5,0.8854542671445943
session_7_player2,Shared agency no commitment no signaling,equal_to_both,0,0.5
session_7_player2,Shared agency no commitment no signaling,equal_to_both,1,0.501364608387687
session_7_player2,Shared agency no commitment no signaling,equal_to_both,2,0.0017105302868798266
session_7_player2,Shared agency no commitment no signaling,equal_to_both,3,0.0017066202947236921
session_7_player2,Shared agency no commitment no signaling,equal_to_both,4,0.8323825995282677
session_7_player2,Shared agency no commitment no signaling,equal_to_both,5,0.9998362456081671
session_8_player1,Shared agency commitment no signaling,closer_to_player1,0,0.5
session_8_player1,Shared agency commitment no signaling,closer_to_player1,1,0.6402365557456509
session_8_player1,Shared agency commitment no signaling,closer_to_player1,2,0.6458246622330522
session_8_player1,Shared agency commitment no signaling,closer_to_player1,3,0.5431148952668553
session_8_player1,Shared agency commitment no signaling,closer_to_player1,4,0.5276978547714655
session_8_player1,Shared agency commitment no signaling,closer_to_player1,5,0.9126693254172301
session_8_player1,Shared agency commitment no signaling,closer_to_player2,0,0.5
session_8_player1,Shared agency commitment no signaling,closer_to_player2,1,0.5032362322813082
session_8_player1,Shared agency commitment no signaling,closer_to_player2,2,0.5054297392519081
session_8_player1,Shared agency commitment no signaling,closer_to_player2,3,0.5065211929257218
session_8_player1,Shared agency commitment no signaling,closer_to_player2,4,0.5070830802037704
session_8_player1,Shared agency commitment no signaling,closer_to_player2,5,0.5310599905952079
session_8_player1,Shared agency commitment no signaling,equal_to_both,0,0.5
session_8_player1,Shared agency commitment no signaling,equal_to_both,1,0.4997601919293143
session_8_player1,Shared agency commitment no signaling,equal_to_both,2,0.49950725813240116
session_8_player1,Shared agency commitment no signaling,equal_to_both,3,0.4962669311377347
session_8_player1,Shared agency commitment no signaling,equal_to_both,4,0.6841995306673472
session_8_player1,Shared agency commitment no signaling,equal_to_both,5,0.9995492299803228
session_8_player1,Shared agency commitment signaling (Communicative Action Mixture (Legibility Over Alternatives)),closer_to_player1,0,0.5
session_8_player1,Shared agency commitment signaling (Communicative Action Mixture (Legibility Over Alternatives)),closer_to_player1,1,0.5411513745525149
session_8_player1,Shared agency commitment signaling (Communicative Action Mixture (Legibility Over Alternatives)),closer_to_player1,2,0.5771581533793634
session_8_player1,Shared agency commitment signaling (Communicative Action Mixture (Legibility Over Alternatives)),closer_to_player1,3,0.7285050657430031
session_8_player1,Shared agency commitment signaling (Communicative Action Mixture (Legibility Over Alternatives)),closer_to_player1,4,0.9987584364866818
session_8_player1,Shared agency commitment signaling (Communicative Action Mixture (Legibility Over Alternatives)),closer_to_player1,5,0.9999978985841501
session_8_player1,Shared agency commitment signaling (Communicative Action Mixture (Legibility Over Alternatives)),closer_to_player2,0,0.5
session_8_player1,Shared agency commitment signaling (Communicative Action Mixture (Legibility Over Alternatives)),closer_to_player2,1,0.6581163170566507
session_8_player1,Shared agency commitment signaling (Communicative Action Mixture (Legibility Over Alternatives)),closer_to_player2,2,0.8193019069826762
session_8_player1,Shared agency commitment signaling (Communicative Action Mixture (Legibility Over Alternatives)),closer_to_player2,3,0.8295767517607993
session_8_player1,Shared agency commitment signaling (Communicative Action Mixture (Legibility Over Alternatives)),closer_to_player2,4,0.9998060922273578
session_8_player1,Shared agency commitment signaling (Communicative Action Mixture (Legibility Over Alternatives)),closer_to_player2,5,0.9999642777978123
session_8_player1,Shared agency commitment signaling (Communicative Action Mixture (Legibility Over Alternatives)),equal_to_both,0,0.5
session_8_player1,Shared agency commitment signaling (Communicative Action Mixture (Legibility Over Alternatives)),equal_to_both,1,0.8241033815855237
session_8_player1,Shared agency commitment signaling (Communicative Action Mixture (Legibility Over Alternatives)),equal_to_both,2,0.8296928452212238
session_8_player1,Shared agency commitment signaling (Communicative Action Mixture (Legibility Over Alternatives)),equal_to_both,3,0.9986963613017945
session_8_player1,Shared agency commitment signaling (Communicative Action Mixture (Legibility Over Alternatives)),equal_to_both,4,0.9998130657665224
session_8_player1,Shared agency commitment signaling (Communicative Action Mixture (Legibility Over Alternatives)),equal_to_both,5,0.9998225156411452
session_8_player1,Shared agency no commitment no signaling,closer_to_player1,0,0.5
session_8_player1,Shared agency no commitment no signaling,closer_to_player1,1,0.6126633821334108
session_8_player1,Shared agency no commitment no signaling,closer_to_player1,2,0.5601984935065933
session_8_player1,Shared agency no commitment no signaling,closer_to_player1,3,0.8547872539706859
session_8_player1,Shared agency no commitment no signaling,closer_to_player1,4,0.8383790226191384
session_8_player1,Shared agency no commitment no signaling,closer_to_player1,5,0.8232967543113597
session_8_player1,Shared agency no commitment no signaling,closer_to_player2,0,0.5
session_8_player1,Shared agency no commitment no signaling,closer_to_player2,1,0.6648803501280202
session_8_player1,Shared agency no commitment no signaling,closer_to_player2,2,0.6598490808122066
session_8_player1,Shared agency no commitment no signaling,closer_to_player2,3,0.6908781349881704
session_8_player1,Shared agency no commitment no signaling,closer_to_player2,4,0.614702999379673
session_8_player1,Shared agency no commitment no signaling,closer_to_player2,5,0.7054635936919228
session_8_player1,Shared agency no commitment no signaling,equal_to_both,0,0.5
session_8_player1,Shared agency no commitment no signaling,equal_to_both,1,0.49999868925650687
session_8_player1,Shared agency no commitment no signaling,equal_to_both,2,0.49999836836818895
session_8_player1,Shared agency no commitment no signaling,equal_to_both,3,0.9982983380087999
session_8_player1,Shared agency no commitment no signaling,equal_to_both,4,0.9983048763877317
session_8_player1,Shared agency no commitment no signaling,equal_to_both,5,0.998336235396249
session_8_player2,Shared agency commitment no signaling,closer_to_player1,0,0.5
session_8_player2,Shared agency commitment no signaling,closer_to_player1,1,0.6691346827680698
session_8_player2,Shared agency commitment no signaling,closer_to_player1,2,0.7134541990004161
session_8_player2,Shared agency commitment no signaling,closer_to_player1,3,0.8248514964036353
session_8_player2,Shared agency commitment no signaling,closer_to_player1,4,0.8576499596062321
session_8_player2,Shared agency commitment no signaling,closer_to_player1,5,0.8231905328321575
session_8_player2,Shared agency commitment no signaling,closer_to_player2,0,0.5
session_8_player2,Shared agency commitment no signaling,closer_to_player2,1,0.5016317661858313
session_8_player2,Shared agency commitment no signaling,closer_to_player2,2,0.5450781343719326
session_8_player2,Shared agency commitment no signaling,closer_to_player2,3,0.49174045452307147
session_8_player2,Shared agency commitment no signaling,closer_to_player2,4,0.7188379436626828
session_8_player2,Shared agency commitment no signaling,closer_to_player2,5,0.8695249456484935
session_8_player2,Shared agency commitment no signaling,equal_to_both,0,0.5
session_8_player2,Shared agency commitment no signaling,equal_to_both,1,0.5177600187306148
session_8_player2,Shared agency commitment no signaling,equal_to_both,2,0.7668901220789164
session_8_player2,Shared agency commitment no signaling,equal_to_both,3,0.9979854895175253
session_8_player2,Shared agency commitment no signaling,equal_to_both,4,0.9980099666478265
session_8_player2,Shared agency commitment no signaling,equal_to_both,5,0.9983987500688878
session_8_player2,Shared agency commitment signaling (Communicative Action Mixture (Legibility Over Alternatives)),closer_to_player1,0,0.5
session_8_player2,Shared agency commitment signaling (Communicative Action Mixture (Legibility Over Alternatives)),closer_to_player1,1,0.8277904229243326
session_8_player2,Shared agency commitment signaling (Communicative Action Mixture (Legibility Over Alternatives)),closer_to_player1,2,0.8298083072752979
session_8_player2,Shared agency commitment signaling (Communicative Action Mixture (Legibility Over Alternatives)),closer_to_player1,3,0.8303828991668168
session_8_player2,Shared agency commitment signaling (Communicative Action Mixture (Legibility Over Alternatives)),closer_to_player1,4,0.8254560127485862
session_8_player2,Shared agency commitment signaling (Communicative Action Mixture (Legibility Over Alternatives)),closer_to_player1,5,0.8364237803819146
session_8_player2,Shared agency commitment signaling (Communicative Action Mixture (Legibility Over Alternatives)),closer_to_player2,0,0.5
session_8_player2,Shared agency commitment signaling (Communicative Action Mixture (Legibility Over Alternatives)),closer_to_player2,1,0.9990654961070513
session_8_player2,Shared agency commitment signaling (Communicative Action Mixture (Legibility Over Alternatives)),closer_to_player2,2,0.9999962414979436
session_8_player2,Shared agency commitment signaling (Communicative Action Mixture (Legibility Over Alternatives)),closer_to_player2,3,0.9999998789150305
session_8_player2,Shared agency commitment signaling (Communicative Action Mixture (Legibility Over Alternatives)),closer_to_player2,4,0.9999999643566118
session_8_player2,Shared agency commitment signaling (Communicative Action Mixture (Legibility Over Alternatives)),closer_to_player2,5,0.9999999998124117
session_8_player2,Shared agency commitment signaling (Communicative Action Mixture (Legibility Over Alternatives)),equal_to_both,0,0.5
session_8_player2,Shared agency commitment signaling (Communicative Action Mixture (Legibility Over Alternatives)),equal_to_both,1,0.6628157916362839
session_8_player2,Shared agency commitment signaling (Communicative Action Mixture (Legibility Over Alternatives)),equal_to_both,2,0.9943177982233
session_8_player2,Shared agency commitment signaling (Communicative Action Mixture (Legibility Over Alternatives)),equal_to_both,3,0.9978388066945477
session_8_player2,Shared agency commitment signaling (Communicative Action Mixture (Legibility Over Alternatives)),equal_to_both,4,0.9999259928455762
session_8_player2,Shared agency commitment signaling (Communicative Action Mixture (Legibility Over Alternatives)),equal_to_both,5,0.9999868044351992
session_8_player2,Shared agency no commitment no signaling,closer_to_player1,0,0.5
session_8_player2,Shared agency no commitment no signaling,closer_to_player1,1,0.5033220757098036
session_8_player2,Shared agency no commitment no signaling,closer_to_player1,2,0.6666149258452337
session_8_player2,Shared agency no commitment no signaling,closer_to_player1,3,0.6677450938095144
session_8_player2,Shared agency no commitment no signaling,closer_to_player1,4,0.6343368135176809
session_8_player2,Shared agency no commitment no signaling,closer_to_player1,5,0.687293269506037
session_8_player2,Shared agency no commitment no signaling,closer_to_player2,0,0.5
session_8_player2,Shared agency no commitment no signaling,closer_to_player2,1,0.3354178725072616
session_8_player2,Shared agency no commitment no signaling,closer_to_player2,2,0.4292670708381064
session_8_player2,Shared agency no commitment no signaling,closer_to_player2,3,0.46995292321368476
session_8_player2,Shared agency no commitment no signaling,closer_to_player2,4,0.439086026674409
session_8_player2,Shared agency no commitment no signaling,closer_to_player2,5,0.9968202252377036
session_8_player2,Shared agency no commitment no signaling,equal_to_both,0,0.5
session_8_player2,Shared agency no commitment no signaling,equal_to_both,1,0.9937675895753889
session_8_player2,Shared agency no commitment no signaling,equal_to_both,2,0.9999325587385278
session_8_player2,Shared agency no commitment no signaling,equal_to_both,3,0.9999988287077953
session_8_player2,Shared agency no commitment no signaling,equal_to_both,4,0.9999989091415177
session_8_player2,Shared agency no commitment no signaling,equal_to_both,5,0.9999999811229963
session_9_player1,Shared agency commitment no signaling,closer_to_player1,0,0.5
session_9_player1,Shared agency commitment no signaling,closer_to_player1,1,0.752947984037174
session_9_player1,Shared agency commitment no signaling,closer_to_player1,2,0.7896310502883266
session_9_player1,Shared agency commitment no signaling,closer_to_player1,3,0.789739665839946
session_9_player1,Shared agency commitment no signaling,closer_to_player1,4,1.0
session_9_player1,Shared agency commitment no signaling,closer_to_player1,5,1.0
session_9_player1,Shared agency commitment no signaling,closer_to_player2,0,0.5
session_9_player1,Shared agency commitment no signaling,closer_to_player2,1,0.504007748431144
session_9_player1,Shared agency commitment no signaling,closer_to_player2,2,0.5086253556582642
session_9_player1,Shared agency commitment no signaling,closer_to_player2,3,0.5128804274407261
session_9_player1,Shared agency commitment no signaling,closer_to_player2,4,0.5103113360919282
session_9_player1,Shared agency commitment no signaling,closer_to_player2,5,0.5074040289530111
session_9_player1,Shared agency commitment no signaling,equal_to_both,0,0.5
session_9_player1,Shared agency commitment no signaling,equal_to_both,1,0.8321817100090013
session_9_player1,Shared agency commitment no signaling,equal_to_both,2,0.8333295051088899
session_9_player1,Shared agency commitment no signaling,equal_to_both,3,0.9994318942037025
session_9_player1,Shared agency commitment no signaling,equal_to_both,4,0.999998065267098
session_9_player1,Shared agency commitment no signaling,equal_to_both,5,0.9999981417217046
session_9_player1,Shared agency commitment signaling (Communicative Action Mixture (Legibility Over Alternatives)),closer_to_player1,0,0.5
session_9_player1,Shared agency commitment signaling (Communicative Action Mixture (Legibility Over Alternatives)),closer_to_player1,1,0.8719254765481027
session_9_player1,Shared agency commitment signaling (Communicative Action Mixture (Legibility Over Alternatives)),closer_to_player1,2,0.7253390765892299
session_9_player1,Shared agency commitment signaling (Communicative Action Mixture (Legibility Over Alternatives)),closer_to_player1,3,0.43297495728183905
session_9_player1,Shared agency commitment signaling (Communicative Action Mixture (Legibility Over Alternatives)),closer_to_player1,4,0.7149462952994191
session_9_player1,Shared agency commitment signaling (Communicative Action Mixture (Legibility Over Alternatives)),closer_to_player1,5,0.6977113888687282
session_9_player1,Shared agency commitment signaling (Communicative Action Mixture (Legibility Over Alternatives)),closer_to_player2,0,0.5
session_9_player1,Shared agency commitment signaling (Communicative Action Mixture (Legibility Over Alternatives)),closer_to_player2,1,0.661408784922048
session_9_player1,Shared agency commitment signaling (Communicative Action Mixture (Legibility Over Alternatives)),closer_to_player2,2,0.8306635724600459
session_9_player1,Shared agency commitment signaling (Communicative Action Mixture (Legibility Over Alternatives)),closer_to_player2,3,0.832704627103159
session_9_player1,Shared agency commitment signaling (Communicative Action Mixture (Legibility Over Alternatives)),closer_to_player2,4,0.7919924985348752
session_9_player1,Shared agency commitment signaling (Communicative Action Mixture (Legibility Over Alternatives)),closer_to_player2,5,0.8489669269220986
session_9_player1,Shared agency commitment signaling (Communicative Action Mixture (Legibility Over Alternatives)),equal_to_both,0,0.5
session_9_player1,Shared agency commitment signaling (Communicative Action Mixture (Legibility Over Alternatives)),equal_to_both,1,0.7446634722039023
session_9_player1,Shared agency commitment signaling (Communicative Action Mixture (Legibility Over Alternatives)),equal_to_both,2,0.7498959676381308
session_9_player1,Shared agency commitment signaling (Communicative Action Mixture (Legibility Over Alternatives)),equal_to_both,3,0.749695871411363
session_9_player1,Shared agency commitment signaling (Communicative Action Mixture (Legibility Over Alternatives)),equal_to_both,4,0.999170679818211
session_9_player1,Shared agency commitment signaling (Communicative Action Mixture (Legibility Over Alternatives)),equal_to_both,5,0.9999972325411164
session_9_player1,Shared agency no commitment no signaling,closer_to_player1,0,0.5
session_9_player1,Shared agency no commitment no signaling,closer_to_player1,1,0.499426835780488
session_9_player1,Shared agency no commitment no signaling,closer_to_player1,2,0.6926475935785749
session_9_player1,Shared agency no commitment no signaling,closer_to_player1,3,0.7147849066828357
session_9_player1,Shared agency no commitment no signaling,closer_to_player1,4,0.7520068992105916
session_9_player1,Shared agency no commitment no signaling,closer_to_player1,5,0.7797765427620824
session_9_player1,Shared agency no commitment no signaling,closer_to_player2,0,0.5
session_9_player1,Shared agency no commitment no signaling,closer_to_player2,1,0.6892872584340526
session_9_player1,Shared agency no commitment no signaling,closer_to_player2,2,0.6263768897382845
session_9_player1,Shared agency no commitment no signaling,closer_to_player2,3,0.2737403382470767
session_9_player1,Shared agency no commitment no signaling,closer_to_player2,4,0.30654620670432997
session_9_player1,Shared agency no commitment no signaling,closer_to_player2,5,0.5632393733997173
session_9_player1,Shared agency no commitment no signaling,equal_to_both,0,0.5
session_9_player1,Shared agency no commitment no signaling,equal_to_both,1,0.26856384473163625
session_9_player1,Shared agency no commitment no signaling,equal_to_both,2,0.503484569339654
session_9_player1,Shared agency no commitment no signaling,equal_to_both,3,0.33622681153570877
session_9_player1,Shared agency no commitment no signaling,equal_to_both,4,0.39181106048049585
session_9_player1,Shared agency no commitment no signaling,equal_to_both,5,0.16798877796546902
session_9_player2,Shared agency commitment no signaling,closer_to_player1,0,0.5
session_9_player2,Shared agency commitment no signaling,closer_to_player1,1,0.458347276210459
session_9_player2,Shared agency commitment no signaling,closer_to_player1,2,0.752676593439202
session_9_player2,Shared agency commitment no signaling,closer_to_player1,3,0.753531547978722
session_9_player2,Shared agency commitment no signaling,closer_to_player1,4,0.5082108644271748
session_9_player2,Shared agency commitment no signaling,closer_to_player1,5,0.502958910653693
session_9_player2,Shared agency commitment no signaling,closer_to_player2,0,0.5
session_9_player2,Shared agency commitment no signaling,closer_to_player2,1,0.5023934041249061
session_9_player2,Shared agency commitment no signaling,closer_to_player2,2,0.5587098332653044
session_9_player2,Shared agency commitment no signaling,closer_to_player2,3,0.5023490022252326
session_9_player2,Shared agency commitment no signaling,closer_to_player2,4,0.4253320545100683
session_9_player2,Shared agency commitment no signaling,closer_to_player2,5,0.7864467934732562
session_9_player2,Shared agency commitment no signaling,equal_to_both,0,0.5
session_9_player2,Shared agency commitment no signaling,equal_to_both,1,0.49757232417470476
session_9_player2,Shared agency commitment no signaling,equal_to_both,2,0.4571230332807932
session_9_player2,Shared agency commitment no signaling,equal_to_both,3,0.6660339791630635
session_9_player2,Shared agency commitment no signaling,equal_to_both,4,0.9133740183033995
session_9_player2,Shared agency commitment no signaling,equal_to_both,5,0.9994533154619226
session_9_player2,Shared agency commitment signaling (Communicative Action Mixture (Legibility Over Alternatives)),closer_to_player1,0,0.5
session_9_player2,Shared agency commitment signaling (Communicative Action Mixture (Legibility Over Alternatives)),closer_to_player1,1,0.6620825526822108
session_9_player2,Shared agency commitment signaling (Communicative Action Mixture (Legibility Over Alternatives)),closer_to_player1,2,0.8297433992320818
session_9_player2,Shared agency commitment signaling (Communicative Action Mixture (Legibility Over Alternatives)),closer_to_player1,3,0.5269362790740555
session_9_player2,Shared agency commitment signaling (Communicative Action Mixture (Legibility Over Alternatives)),closer_to_player1,4,0.8011569473236665
session_9_player2,Shared agency commitment signaling (Communicative Action Mixture (Legibility Over Alternatives)),closer_to_player1,5,0.8403319037018254
session_9_player2,Shared agency commitment signaling (Communicative Action Mixture (Legibility Over Alternatives)),closer_to_player2,0,0.5
session_9_player2,Shared agency commitment signaling (Communicative Action Mixture (Legibility Over Alternatives)),closer_to_player2,1,0.8315270070589355
session_9_player2,Shared agency commitment signaling (Communicative Action Mixture (Legibility Over Alternatives)),closer_to_player2,2,0.9422736997010611
session_9_player2,Shared agency commitment signaling (Communicative Action Mixture (Legibility Over Alternatives)),closer_to_player2,3,0.9997694286745887
session_9_player2,Shared agency commitment signaling (Communicative Action Mixture (Legibility Over Alternatives)),closer_to_player2,4,0.9997719328746394
session_9_player2,Shared agency commitment signaling (Communicative Action Mixture (Legibility Over Alternatives)),closer_to_player2,5,0.9999999800448999
session_9_player2,Shared agency commitment signaling (Communicative Action Mixture (Legibility Over Alternatives)),equal_to_both,0,0.5
session_9_player2,Shared agency commitment signaling (Communicative Action Mixture (Legibility Over Alternatives)),equal_to_both,1,0.7440996228976919
session_9_player2,Shared agency commitment signaling (Communicative Action Mixture (Legibility Over Alternatives)),equal_to_both,2,0.9917469527554095
session_9_player2,Shared agency commitment signaling (Communicative Action Mixture (Legibility Over Alternatives)),equal_to_both,3,0.9918838308901496
session_9_player2,Shared agency commitment signaling (Communicative Action Mixture (Legibility Over Alternatives)),equal_to_both,4,0.9969265055741829
session_9_player2,Shared agency commitment signaling (Communicative Action Mixture (Legibility Over Alternatives)),equal_to_both,5,0.9969384336996544
session_9_player2,Shared agency no commitment no signaling,closer_to_player1,0,0.5
session_9_player2,Shared agency no commitment no signaling,closer_to_player1,1,0.5008209608589981
session_9_player2,Shared agency no commitment no signaling,closer_to_player1,2,0.6696994242378432
session_9_player2,Shared agency no commitment no signaling,closer_to_player1,3,0.6712903769641506
session_9_player2,Shared agency no commitment no signaling,closer_to_player1,4,0.6749757832045908
session_9_player2,Shared agency no commitment no signaling,closer_to_player1,5,0.6854430374164621
session_9_player2,Shared agency no commitment no signaling,closer_to_player2,0,0.5
session_9_player2,Shared agency no commitment no signaling,closer_to_player2,1,0.5003717467526659
session_9_player2,Shared agency no commitment no signaling,closer_to_player2,2,0.7774408025641194
session_9_player2,Shared agency no commitment no signaling,closer_to_player2,3,0.33754510127058285
session_9_player2,Shared agency no commitment no signaling,closer_to_player2,4,0.6587642664183929
session_9_player2,Shared agency no commitment no signaling,closer_to_player2,5,0.6587735363213386
session_9_player2,Shared agency no commitment no signaling,equal_to_both,0,0.5
session_9_player2,Shared agency no commitment no signaling,equal_to_both,1,0.4313224269993902
session_9_player2,Shared agency no commitment no signaling,equal_to_both,2,0.6666645505774976
session_9_player2,Shared agency no commitment no signaling,equal_to_both,3,0.500829827529164
session_9_player2,Shared agency no commitment no signaling,equal_to_both,4,0.5008354284696835
session_9_player2,Shared agency no commitment no signaling,equal_to_both,5,0.5008587540373854
