lambda,alpha,fit_stage,commitment_nll,signaling_nll,binomial_nll,sim_commitment_human_weighted_average,sim_signaling_human_weighted_average,sim_commitment_equal_to_both,sim_signaling_equal_to_both,raw_trials,summary_path,trials_path,command,average_success_percent,average_efficiency_percent,average_commitment_percent,average_signaling_percent,equal_success_percent,equal_efficiency_percent,equal_commitment_percent,equal_signaling_percent,average_btom_step1_percent,equal_btom_step1_percent
0.0,0.0,joint_grid,205.66568314473415,214.87807236493023,420.5437555096644,0.49291862284820026,0.2789397980438099,0.43333333333333335,0.3805970149253731,/Users/chengshaozhe/Documents/DukeECClab/code/multiplePlayerGridGame_socketIO/dataAnalysis/raw_data/model_model_simulations/joint_rl/no_latent_joint_rl_shared_agency_baseline/shared_agency_commitment_no_signaling_lambda_sweep/always_signal_vs_always_signal_2p3g_raw_trials_beta_3_lambda_0_alpha_0_sessions_0_to_29.json.zst,/Users/chengshaozhe/Documents/DukeECClab/code/multiplePlayerGridGame_socketIO/dataAnalysis/model_model/joint_rl/outputs/no_latent_joint_rl_shared_agency_baseline/simulations/shared_agency_commitment_no_signaling_lambda_sweep/always_signal_vs_always_signal_2p3g_summary_beta_3_lambda_0_alpha_0_sessions_0_to_29.json,/Users/chengshaozhe/Documents/DukeECClab/code/multiplePlayerGridGame_socketIO/dataAnalysis/model_model/joint_rl/outputs/no_latent_joint_rl_shared_agency_baseline/simulations/shared_agency_commitment_no_signaling_lambda_sweep/always_signal_vs_always_signal_2p3g_trials_beta_3_lambda_0_alpha_0_sessions_0_to_29.json,node /Users/chengshaozhe/Documents/DukeECClab/code/multiplePlayerGridGame_socketIO/dataAnalysis/scripts/simulate_always_signal_vs_always_signal_2p3g.js --sessions 30 --trials 12 --seed 42 --lambda 0.0 --alpha 0.0 --beta 3.0 --score logposterior --horizon 1 --unshaped-joint-rl --compact-diagnostics --output-dir /Users/chengshaozhe/Documents/DukeECClab/code/multiplePlayerGridGame_socketIO/dataAnalysis/model_model/joint_rl/outputs/no_latent_joint_rl_shared_agency_baseline/simulations/shared_agency_commitment_no_signaling_lambda_sweep --raw-output-dir /Users/chengshaozhe/Documents/DukeECClab/code/multiplePlayerGridGame_socketIO/dataAnalysis/raw_data/model_model_simulations/joint_rl/no_latent_joint_rl_shared_agency_baseline/shared_agency_commitment_no_signaling_lambda_sweep,88.05555555555556,77.9306851715346,46.71296296296295,26.65145502645502,96.66666666666667,87.52699550813941,38.05555555555555,37.77777777777777,57.816384785168204,63.81570605837287
0.0,0.1,joint_grid,214.08647498715771,207.53947533563667,421.6259503227944,0.44432707355242557,0.3061024595229267,0.4,0.4375,/Users/chengshaozhe/Documents/DukeECClab/code/multiplePlayerGridGame_socketIO/dataAnalysis/raw_data/model_model_simulations/joint_rl/no_latent_joint_rl_shared_agency_baseline/shared_agency_commitment_signaling_joint_lambda_alpha_sweep/always_signal_vs_always_signal_2p3g_raw_trials_beta_3_lambda_0_alpha_0p1_sessions_0_to_29.json.zst,/Users/chengshaozhe/Documents/DukeECClab/code/multiplePlayerGridGame_socketIO/dataAnalysis/model_model/joint_rl/outputs/no_latent_joint_rl_shared_agency_baseline/simulations/shared_agency_commitment_signaling_joint_lambda_alpha_sweep/always_signal_vs_always_signal_2p3g_summary_beta_3_lambda_0_alpha_0p1_sessions_0_to_29.json,/Users/chengshaozhe/Documents/DukeECClab/code/multiplePlayerGridGame_socketIO/dataAnalysis/model_model/joint_rl/outputs/no_latent_joint_rl_shared_agency_baseline/simulations/shared_agency_commitment_signaling_joint_lambda_alpha_sweep/always_signal_vs_always_signal_2p3g_trials_beta_3_lambda_0_alpha_0p1_sessions_0_to_29.json,node /Users/chengshaozhe/Documents/DukeECClab/code/multiplePlayerGridGame_socketIO/dataAnalysis/scripts/simulate_always_signal_vs_always_signal_2p3g.js --sessions 30 --trials 12 --seed 42 --lambda 0.0 --alpha 0.1 --beta 3.0 --score logposterior --horizon 1 --unshaped-joint-rl --compact-diagnostics --output-dir /Users/chengshaozhe/Documents/DukeECClab/code/multiplePlayerGridGame_socketIO/dataAnalysis/model_model/joint_rl/outputs/no_latent_joint_rl_shared_agency_baseline/simulations/shared_agency_commitment_signaling_joint_lambda_alpha_sweep --raw-output-dir /Users/chengshaozhe/Documents/DukeECClab/code/multiplePlayerGridGame_socketIO/dataAnalysis/raw_data/model_model_simulations/joint_rl/no_latent_joint_rl_shared_agency_baseline/shared_agency_commitment_signaling_joint_lambda_alpha_sweep,84.16666666666667,77.57018447004293,40.0,30.02314814814815,93.33333333333333,85.72194931950479,34.166666666666664,45.55555555555556,60.143611773843055,69.01107586916116
0.0,0.2,joint_grid,221.22078116718205,196.88560087517124,418.1063820423533,0.41279342723004697,0.34758386964832766,0.37777777777777777,0.45,/Users/chengshaozhe/Documents/DukeECClab/code/multiplePlayerGridGame_socketIO/dataAnalysis/raw_data/model_model_simulations/joint_rl/no_latent_joint_rl_shared_agency_baseline/shared_agency_commitment_signaling_joint_lambda_alpha_sweep/always_signal_vs_always_signal_2p3g_raw_trials_beta_3_lambda_0_alpha_0p2_sessions_0_to_29.json.zst,/Users/chengshaozhe/Documents/DukeECClab/code/multiplePlayerGridGame_socketIO/dataAnalysis/model_model/joint_rl/outputs/no_latent_joint_rl_shared_agency_baseline/simulations/shared_agency_commitment_signaling_joint_lambda_alpha_sweep/always_signal_vs_always_signal_2p3g_summary_beta_3_lambda_0_alpha_0p2_sessions_0_to_29.json,/Users/chengshaozhe/Documents/DukeECClab/code/multiplePlayerGridGame_socketIO/dataAnalysis/model_model/joint_rl/outputs/no_latent_joint_rl_shared_agency_baseline/simulations/shared_agency_commitment_signaling_joint_lambda_alpha_sweep/always_signal_vs_always_signal_2p3g_trials_beta_3_lambda_0_alpha_0p2_sessions_0_to_29.json,node /Users/chengshaozhe/Documents/DukeECClab/code/multiplePlayerGridGame_socketIO/dataAnalysis/scripts/simulate_always_signal_vs_always_signal_2p3g.js --sessions 30 --trials 12 --seed 42 --lambda 0.0 --alpha 0.2 --beta 3.0 --score logposterior --horizon 1 --unshaped-joint-rl --compact-diagnostics --output-dir /Users/chengshaozhe/Documents/DukeECClab/code/multiplePlayerGridGame_socketIO/dataAnalysis/model_model/joint_rl/outputs/no_latent_joint_rl_shared_agency_baseline/simulations/shared_agency_commitment_signaling_joint_lambda_alpha_sweep --raw-output-dir /Users/chengshaozhe/Documents/DukeECClab/code/multiplePlayerGridGame_socketIO/dataAnalysis/raw_data/model_model_simulations/joint_rl/no_latent_joint_rl_shared_agency_baseline/shared_agency_commitment_signaling_joint_lambda_alpha_sweep,83.61111111111111,76.84010784855533,36.97089947089947,34.36838624338623,96.66666666666667,84.83400024006751,33.88888888888888,45.83333333333333,63.477485967890026,68.13640314025022
0.0,0.3,joint_grid,227.76363906396153,193.81143124568126,421.5750703096428,0.3979655712050078,0.3693813662274554,0.35,0.5,/Users/chengshaozhe/Documents/DukeECClab/code/multiplePlayerGridGame_socketIO/dataAnalysis/raw_data/model_model_simulations/joint_rl/no_latent_joint_rl_shared_agency_baseline/shared_agency_commitment_signaling_joint_lambda_alpha_sweep/always_signal_vs_always_signal_2p3g_raw_trials_beta_3_lambda_0_alpha_0p3_sessions_0_to_29.json.zst,/Users/chengshaozhe/Documents/DukeECClab/code/multiplePlayerGridGame_socketIO/dataAnalysis/model_model/joint_rl/outputs/no_latent_joint_rl_shared_agency_baseline/simulations/shared_agency_commitment_signaling_joint_lambda_alpha_sweep/always_signal_vs_always_signal_2p3g_summary_beta_3_lambda_0_alpha_0p3_sessions_0_to_29.json,/Users/chengshaozhe/Documents/DukeECClab/code/multiplePlayerGridGame_socketIO/dataAnalysis/model_model/joint_rl/outputs/no_latent_joint_rl_shared_agency_baseline/simulations/shared_agency_commitment_signaling_joint_lambda_alpha_sweep/always_signal_vs_always_signal_2p3g_trials_beta_3_lambda_0_alpha_0p3_sessions_0_to_29.json,node /Users/chengshaozhe/Documents/DukeECClab/code/multiplePlayerGridGame_socketIO/dataAnalysis/scripts/simulate_always_signal_vs_always_signal_2p3g.js --sessions 30 --trials 12 --seed 42 --lambda 0.0 --alpha 0.3 --beta 3.0 --score logposterior --horizon 1 --unshaped-joint-rl --compact-diagnostics --output-dir /Users/chengshaozhe/Documents/DukeECClab/code/multiplePlayerGridGame_socketIO/dataAnalysis/model_model/joint_rl/outputs/no_latent_joint_rl_shared_agency_baseline/simulations/shared_agency_commitment_signaling_joint_lambda_alpha_sweep --raw-output-dir /Users/chengshaozhe/Documents/DukeECClab/code/multiplePlayerGridGame_socketIO/dataAnalysis/raw_data/model_model_simulations/joint_rl/no_latent_joint_rl_shared_agency_baseline/shared_agency_commitment_signaling_joint_lambda_alpha_sweep,86.11111111111111,74.71627085778144,36.63359788359788,35.76719576719577,96.66666666666667,82.08098566260976,28.333333333333332,51.944444444444436,63.797549875503144,70.68375621547463
0.0,0.4,joint_grid,232.99922319161544,191.19593617120142,424.19515936281687,0.37578247261345854,0.3750421401476471,0.3388888888888889,0.47761194029850745,/Users/chengshaozhe/Documents/DukeECClab/code/multiplePlayerGridGame_socketIO/dataAnalysis/raw_data/model_model_simulations/joint_rl/no_latent_joint_rl_shared_agency_baseline/shared_agency_commitment_signaling_joint_lambda_alpha_sweep/always_signal_vs_always_signal_2p3g_raw_trials_beta_3_lambda_0_alpha_0p4_sessions_0_to_29.json.zst,/Users/chengshaozhe/Documents/DukeECClab/code/multiplePlayerGridGame_socketIO/dataAnalysis/model_model/joint_rl/outputs/no_latent_joint_rl_shared_agency_baseline/simulations/shared_agency_commitment_signaling_joint_lambda_alpha_sweep/always_signal_vs_always_signal_2p3g_summary_beta_3_lambda_0_alpha_0p4_sessions_0_to_29.json,/Users/chengshaozhe/Documents/DukeECClab/code/multiplePlayerGridGame_socketIO/dataAnalysis/model_model/joint_rl/outputs/no_latent_joint_rl_shared_agency_baseline/simulations/shared_agency_commitment_signaling_joint_lambda_alpha_sweep/always_signal_vs_always_signal_2p3g_trials_beta_3_lambda_0_alpha_0p4_sessions_0_to_29.json,node /Users/chengshaozhe/Documents/DukeECClab/code/multiplePlayerGridGame_socketIO/dataAnalysis/scripts/simulate_always_signal_vs_always_signal_2p3g.js --sessions 30 --trials 12 --seed 42 --lambda 0.0 --alpha 0.4 --beta 3.0 --score logposterior --horizon 1 --unshaped-joint-rl --compact-diagnostics --output-dir /Users/chengshaozhe/Documents/DukeECClab/code/multiplePlayerGridGame_socketIO/dataAnalysis/model_model/joint_rl/outputs/no_latent_joint_rl_shared_agency_baseline/simulations/shared_agency_commitment_signaling_joint_lambda_alpha_sweep --raw-output-dir /Users/chengshaozhe/Documents/DukeECClab/code/multiplePlayerGridGame_socketIO/dataAnalysis/raw_data/model_model_simulations/joint_rl/no_latent_joint_rl_shared_agency_baseline/shared_agency_commitment_signaling_joint_lambda_alpha_sweep,83.05555555555556,74.44049140800907,32.572089947089935,35.97949735449736,93.33333333333333,84.0858007641663,25.27777777777777,47.22222222222222,63.56874448079001,68.61490086497243
0.0,0.5,joint_grid,228.74519007698586,193.71445465940457,422.45964473639043,0.3926056338028169,0.3625265388435887,0.34444444444444444,0.47692307692307695,/Users/chengshaozhe/Documents/DukeECClab/code/multiplePlayerGridGame_socketIO/dataAnalysis/raw_data/model_model_simulations/joint_rl/no_latent_joint_rl_shared_agency_baseline/shared_agency_commitment_signaling_joint_lambda_alpha_sweep/always_signal_vs_always_signal_2p3g_raw_trials_beta_3_lambda_0_alpha_0p5_sessions_0_to_29.json.zst,/Users/chengshaozhe/Documents/DukeECClab/code/multiplePlayerGridGame_socketIO/dataAnalysis/model_model/joint_rl/outputs/no_latent_joint_rl_shared_agency_baseline/simulations/shared_agency_commitment_signaling_joint_lambda_alpha_sweep/always_signal_vs_always_signal_2p3g_summary_beta_3_lambda_0_alpha_0p5_sessions_0_to_29.json,/Users/chengshaozhe/Documents/DukeECClab/code/multiplePlayerGridGame_socketIO/dataAnalysis/model_model/joint_rl/outputs/no_latent_joint_rl_shared_agency_baseline/simulations/shared_agency_commitment_signaling_joint_lambda_alpha_sweep/always_signal_vs_always_signal_2p3g_trials_beta_3_lambda_0_alpha_0p5_sessions_0_to_29.json,node /Users/chengshaozhe/Documents/DukeECClab/code/multiplePlayerGridGame_socketIO/dataAnalysis/scripts/simulate_always_signal_vs_always_signal_2p3g.js --sessions 30 --trials 12 --seed 42 --lambda 0.0 --alpha 0.5 --beta 3.0 --score logposterior --horizon 1 --unshaped-joint-rl --compact-diagnostics --output-dir /Users/chengshaozhe/Documents/DukeECClab/code/multiplePlayerGridGame_socketIO/dataAnalysis/model_model/joint_rl/outputs/no_latent_joint_rl_shared_agency_baseline/simulations/shared_agency_commitment_signaling_joint_lambda_alpha_sweep --raw-output-dir /Users/chengshaozhe/Documents/DukeECClab/code/multiplePlayerGridGame_socketIO/dataAnalysis/raw_data/model_model_simulations/joint_rl/no_latent_joint_rl_shared_agency_baseline/shared_agency_commitment_signaling_joint_lambda_alpha_sweep,83.61111111111111,74.41028043961023,34.42724867724867,34.65740740740741,93.33333333333333,84.1698136527236,23.888888888888886,47.41379310344828,62.0137130211545,67.41946678724032
0.0,0.6,joint_grid,242.12817771231605,194.68295390148447,436.8111316138005,0.359585289514867,0.36511074480218725,0.3,0.4765625,/Users/chengshaozhe/Documents/DukeECClab/code/multiplePlayerGridGame_socketIO/dataAnalysis/raw_data/model_model_simulations/joint_rl/no_latent_joint_rl_shared_agency_baseline/shared_agency_commitment_signaling_joint_lambda_alpha_sweep/always_signal_vs_always_signal_2p3g_raw_trials_beta_3_lambda_0_alpha_0p6_sessions_0_to_29.json.zst,/Users/chengshaozhe/Documents/DukeECClab/code/multiplePlayerGridGame_socketIO/dataAnalysis/model_model/joint_rl/outputs/no_latent_joint_rl_shared_agency_baseline/simulations/shared_agency_commitment_signaling_joint_lambda_alpha_sweep/always_signal_vs_always_signal_2p3g_summary_beta_3_lambda_0_alpha_0p6_sessions_0_to_29.json,/Users/chengshaozhe/Documents/DukeECClab/code/multiplePlayerGridGame_socketIO/dataAnalysis/model_model/joint_rl/outputs/no_latent_joint_rl_shared_agency_baseline/simulations/shared_agency_commitment_signaling_joint_lambda_alpha_sweep/always_signal_vs_always_signal_2p3g_trials_beta_3_lambda_0_alpha_0p6_sessions_0_to_29.json,node /Users/chengshaozhe/Documents/DukeECClab/code/multiplePlayerGridGame_socketIO/dataAnalysis/scripts/simulate_always_signal_vs_always_signal_2p3g.js --sessions 30 --trials 12 --seed 42 --lambda 0.0 --alpha 0.6 --beta 3.0 --score logposterior --horizon 1 --unshaped-joint-rl --compact-diagnostics --output-dir /Users/chengshaozhe/Documents/DukeECClab/code/multiplePlayerGridGame_socketIO/dataAnalysis/model_model/joint_rl/outputs/no_latent_joint_rl_shared_agency_baseline/simulations/shared_agency_commitment_signaling_joint_lambda_alpha_sweep --raw-output-dir /Users/chengshaozhe/Documents/DukeECClab/code/multiplePlayerGridGame_socketIO/dataAnalysis/raw_data/model_model_simulations/joint_rl/no_latent_joint_rl_shared_agency_baseline/shared_agency_commitment_signaling_joint_lambda_alpha_sweep,82.5,74.14255863108832,30.87632275132275,34.90608465608466,94.44444444444444,85.4211324041704,18.678160919540232,47.12643678160919,61.17740791889551,62.58989343662928
0.0,0.7,joint_grid,240.07379477960728,199.62602469164312,439.6998194712504,0.37633020344287943,0.36548466012696884,0.29444444444444445,0.5307692307692308,/Users/chengshaozhe/Documents/DukeECClab/code/multiplePlayerGridGame_socketIO/dataAnalysis/raw_data/model_model_simulations/joint_rl/no_latent_joint_rl_shared_agency_baseline/shared_agency_commitment_signaling_joint_lambda_alpha_sweep/always_signal_vs_always_signal_2p3g_raw_trials_beta_3_lambda_0_alpha_0p7_sessions_0_to_29.json.zst,/Users/chengshaozhe/Documents/DukeECClab/code/multiplePlayerGridGame_socketIO/dataAnalysis/model_model/joint_rl/outputs/no_latent_joint_rl_shared_agency_baseline/simulations/shared_agency_commitment_signaling_joint_lambda_alpha_sweep/always_signal_vs_always_signal_2p3g_summary_beta_3_lambda_0_alpha_0p7_sessions_0_to_29.json,/Users/chengshaozhe/Documents/DukeECClab/code/multiplePlayerGridGame_socketIO/dataAnalysis/model_model/joint_rl/outputs/no_latent_joint_rl_shared_agency_baseline/simulations/shared_agency_commitment_signaling_joint_lambda_alpha_sweep/always_signal_vs_always_signal_2p3g_trials_beta_3_lambda_0_alpha_0p7_sessions_0_to_29.json,node /Users/chengshaozhe/Documents/DukeECClab/code/multiplePlayerGridGame_socketIO/dataAnalysis/scripts/simulate_always_signal_vs_always_signal_2p3g.js --sessions 30 --trials 12 --seed 42 --lambda 0.0 --alpha 0.7 --beta 3.0 --score logposterior --horizon 1 --unshaped-joint-rl --compact-diagnostics --output-dir /Users/chengshaozhe/Documents/DukeECClab/code/multiplePlayerGridGame_socketIO/dataAnalysis/model_model/joint_rl/outputs/no_latent_joint_rl_shared_agency_baseline/simulations/shared_agency_commitment_signaling_joint_lambda_alpha_sweep --raw-output-dir /Users/chengshaozhe/Documents/DukeECClab/code/multiplePlayerGridGame_socketIO/dataAnalysis/raw_data/model_model_simulations/joint_rl/no_latent_joint_rl_shared_agency_baseline/shared_agency_commitment_signaling_joint_lambda_alpha_sweep,82.77777777777777,73.44937360346209,31.92592592592592,34.65079365079365,94.44444444444444,84.09394439927028,15.517241379310345,52.87356321839079,61.015425867482655,65.42661662900625
0.0,0.8,joint_grid,229.5941266068803,191.59061318819602,421.1847397950763,0.3928794992175274,0.3771239104193885,0.3388888888888889,0.5075757575757576,/Users/chengshaozhe/Documents/DukeECClab/code/multiplePlayerGridGame_socketIO/dataAnalysis/raw_data/model_model_simulations/joint_rl/no_latent_joint_rl_shared_agency_baseline/shared_agency_commitment_signaling_joint_lambda_alpha_sweep/always_signal_vs_always_signal_2p3g_raw_trials_beta_3_lambda_0_alpha_0p8_sessions_0_to_29.json.zst,/Users/chengshaozhe/Documents/DukeECClab/code/multiplePlayerGridGame_socketIO/dataAnalysis/model_model/joint_rl/outputs/no_latent_joint_rl_shared_agency_baseline/simulations/shared_agency_commitment_signaling_joint_lambda_alpha_sweep/always_signal_vs_always_signal_2p3g_summary_beta_3_lambda_0_alpha_0p8_sessions_0_to_29.json,/Users/chengshaozhe/Documents/DukeECClab/code/multiplePlayerGridGame_socketIO/dataAnalysis/model_model/joint_rl/outputs/no_latent_joint_rl_shared_agency_baseline/simulations/shared_agency_commitment_signaling_joint_lambda_alpha_sweep/always_signal_vs_always_signal_2p3g_trials_beta_3_lambda_0_alpha_0p8_sessions_0_to_29.json,node /Users/chengshaozhe/Documents/DukeECClab/code/multiplePlayerGridGame_socketIO/dataAnalysis/scripts/simulate_always_signal_vs_always_signal_2p3g.js --sessions 30 --trials 12 --seed 42 --lambda 0.0 --alpha 0.8 --beta 3.0 --score logposterior --horizon 1 --unshaped-joint-rl --compact-diagnostics --output-dir /Users/chengshaozhe/Documents/DukeECClab/code/multiplePlayerGridGame_socketIO/dataAnalysis/model_model/joint_rl/outputs/no_latent_joint_rl_shared_agency_baseline/simulations/shared_agency_commitment_signaling_joint_lambda_alpha_sweep --raw-output-dir /Users/chengshaozhe/Documents/DukeECClab/code/multiplePlayerGridGame_socketIO/dataAnalysis/raw_data/model_model_simulations/joint_rl/no_latent_joint_rl_shared_agency_baseline/shared_agency_commitment_signaling_joint_lambda_alpha_sweep,83.88888888888889,72.40205363034289,33.959656084656075,36.29894179894179,91.11111111111111,84.0226894679718,23.333333333333332,51.944444444444436,61.183546977508804,66.45877308805356
0.0,0.9,joint_grid,230.25047759561997,189.92997807356323,420.1804556691832,0.40011737089201876,0.38656380890276515,0.3277777777777778,0.5147058823529411,/Users/chengshaozhe/Documents/DukeECClab/code/multiplePlayerGridGame_socketIO/dataAnalysis/raw_data/model_model_simulations/joint_rl/no_latent_joint_rl_shared_agency_baseline/shared_agency_commitment_signaling_joint_lambda_alpha_sweep/always_signal_vs_always_signal_2p3g_raw_trials_beta_3_lambda_0_alpha_0p9_sessions_0_to_29.json.zst,/Users/chengshaozhe/Documents/DukeECClab/code/multiplePlayerGridGame_socketIO/dataAnalysis/model_model/joint_rl/outputs/no_latent_joint_rl_shared_agency_baseline/simulations/shared_agency_commitment_signaling_joint_lambda_alpha_sweep/always_signal_vs_always_signal_2p3g_summary_beta_3_lambda_0_alpha_0p9_sessions_0_to_29.json,/Users/chengshaozhe/Documents/DukeECClab/code/multiplePlayerGridGame_socketIO/dataAnalysis/model_model/joint_rl/outputs/no_latent_joint_rl_shared_agency_baseline/simulations/shared_agency_commitment_signaling_joint_lambda_alpha_sweep/always_signal_vs_always_signal_2p3g_trials_beta_3_lambda_0_alpha_0p9_sessions_0_to_29.json,node /Users/chengshaozhe/Documents/DukeECClab/code/multiplePlayerGridGame_socketIO/dataAnalysis/scripts/simulate_always_signal_vs_always_signal_2p3g.js --sessions 30 --trials 12 --seed 42 --lambda 0.0 --alpha 0.9 --beta 3.0 --score logposterior --horizon 1 --unshaped-joint-rl --compact-diagnostics --output-dir /Users/chengshaozhe/Documents/DukeECClab/code/multiplePlayerGridGame_socketIO/dataAnalysis/model_model/joint_rl/outputs/no_latent_joint_rl_shared_agency_baseline/simulations/shared_agency_commitment_signaling_joint_lambda_alpha_sweep --raw-output-dir /Users/chengshaozhe/Documents/DukeECClab/code/multiplePlayerGridGame_socketIO/dataAnalysis/raw_data/model_model_simulations/joint_rl/no_latent_joint_rl_shared_agency_baseline/shared_agency_commitment_signaling_joint_lambda_alpha_sweep,85.27777777777777,72.01808522327808,36.09920634920634,37.234788359788354,94.44444444444444,81.11232588116162,23.61111111111111,51.66666666666666,61.59299469150954,67.10823696790018
0.0,1.0,joint_grid,231.95629940140122,194.31981199544595,426.27611139684717,0.3835680751173709,0.36053096830072684,0.3333333333333333,0.48484848484848486,/Users/chengshaozhe/Documents/DukeECClab/code/multiplePlayerGridGame_socketIO/dataAnalysis/raw_data/model_model_simulations/joint_rl/no_latent_joint_rl_shared_agency_baseline/shared_agency_commitment_signaling_joint_lambda_alpha_sweep/always_signal_vs_always_signal_2p3g_raw_trials_beta_3_lambda_0_alpha_1_sessions_0_to_29.json.zst,/Users/chengshaozhe/Documents/DukeECClab/code/multiplePlayerGridGame_socketIO/dataAnalysis/model_model/joint_rl/outputs/no_latent_joint_rl_shared_agency_baseline/simulations/shared_agency_commitment_signaling_joint_lambda_alpha_sweep/always_signal_vs_always_signal_2p3g_summary_beta_3_lambda_0_alpha_1_sessions_0_to_29.json,/Users/chengshaozhe/Documents/DukeECClab/code/multiplePlayerGridGame_socketIO/dataAnalysis/model_model/joint_rl/outputs/no_latent_joint_rl_shared_agency_baseline/simulations/shared_agency_commitment_signaling_joint_lambda_alpha_sweep/always_signal_vs_always_signal_2p3g_trials_beta_3_lambda_0_alpha_1_sessions_0_to_29.json,node /Users/chengshaozhe/Documents/DukeECClab/code/multiplePlayerGridGame_socketIO/dataAnalysis/scripts/simulate_always_signal_vs_always_signal_2p3g.js --sessions 30 --trials 12 --seed 42 --lambda 0.0 --alpha 1.0 --beta 3.0 --score logposterior --horizon 1 --unshaped-joint-rl --compact-diagnostics --output-dir /Users/chengshaozhe/Documents/DukeECClab/code/multiplePlayerGridGame_socketIO/dataAnalysis/model_model/joint_rl/outputs/no_latent_joint_rl_shared_agency_baseline/simulations/shared_agency_commitment_signaling_joint_lambda_alpha_sweep --raw-output-dir /Users/chengshaozhe/Documents/DukeECClab/code/multiplePlayerGridGame_socketIO/dataAnalysis/raw_data/model_model_simulations/joint_rl/no_latent_joint_rl_shared_agency_baseline/shared_agency_commitment_signaling_joint_lambda_alpha_sweep,83.88888888888889,71.64406600127526,34.156746031746025,34.179894179894184,91.11111111111111,82.03276903247512,22.77777777777778,48.61111111111111,61.229821885227345,66.2996706818919
0.05,0.0,joint_grid,188.34509735289706,201.22117010476492,389.566267457662,0.6071596244131455,0.3224686166401894,0.5833333333333334,0.41333333333333333,/Users/chengshaozhe/Documents/DukeECClab/code/multiplePlayerGridGame_socketIO/dataAnalysis/raw_data/model_model_simulations/joint_rl/no_latent_joint_rl_shared_agency_baseline/shared_agency_commitment_no_signaling_lambda_sweep/always_signal_vs_always_signal_2p3g_raw_trials_beta_3_lambda_0p05_alpha_0_sessions_0_to_29.json.zst,/Users/chengshaozhe/Documents/DukeECClab/code/multiplePlayerGridGame_socketIO/dataAnalysis/model_model/joint_rl/outputs/no_latent_joint_rl_shared_agency_baseline/simulations/shared_agency_commitment_no_signaling_lambda_sweep/always_signal_vs_always_signal_2p3g_summary_beta_3_lambda_0p05_alpha_0_sessions_0_to_29.json,/Users/chengshaozhe/Documents/DukeECClab/code/multiplePlayerGridGame_socketIO/dataAnalysis/model_model/joint_rl/outputs/no_latent_joint_rl_shared_agency_baseline/simulations/shared_agency_commitment_no_signaling_lambda_sweep/always_signal_vs_always_signal_2p3g_trials_beta_3_lambda_0p05_alpha_0_sessions_0_to_29.json,node /Users/chengshaozhe/Documents/DukeECClab/code/multiplePlayerGridGame_socketIO/dataAnalysis/scripts/simulate_always_signal_vs_always_signal_2p3g.js --sessions 30 --trials 12 --seed 42 --lambda 0.05 --alpha 0.0 --beta 3.0 --score logposterior --horizon 1 --unshaped-joint-rl --compact-diagnostics --output-dir /Users/chengshaozhe/Documents/DukeECClab/code/multiplePlayerGridGame_socketIO/dataAnalysis/model_model/joint_rl/outputs/no_latent_joint_rl_shared_agency_baseline/simulations/shared_agency_commitment_no_signaling_lambda_sweep --raw-output-dir /Users/chengshaozhe/Documents/DukeECClab/code/multiplePlayerGridGame_socketIO/dataAnalysis/raw_data/model_model_simulations/joint_rl/no_latent_joint_rl_shared_agency_baseline/shared_agency_commitment_no_signaling_lambda_sweep,89.16666666666667,82.67265298748383,59.42460317460318,32.007275132275126,100.0,91.10930730877617,58.6111111111111,43.33333333333333,61.49144740107511,66.21775149650254
0.05,0.1,joint_grid,196.8389084862834,197.70216895174178,394.5410774380252,0.5517996870109546,0.33754693045136763,0.49444444444444446,0.4166666666666667,/Users/chengshaozhe/Documents/DukeECClab/code/multiplePlayerGridGame_socketIO/dataAnalysis/raw_data/model_model_simulations/joint_rl/no_latent_joint_rl_shared_agency_baseline/shared_agency_commitment_signaling_joint_lambda_alpha_sweep/always_signal_vs_always_signal_2p3g_raw_trials_beta_3_lambda_0p05_alpha_0p1_sessions_0_to_29.json.zst,/Users/chengshaozhe/Documents/DukeECClab/code/multiplePlayerGridGame_socketIO/dataAnalysis/model_model/joint_rl/outputs/no_latent_joint_rl_shared_agency_baseline/simulations/shared_agency_commitment_signaling_joint_lambda_alpha_sweep/always_signal_vs_always_signal_2p3g_summary_beta_3_lambda_0p05_alpha_0p1_sessions_0_to_29.json,/Users/chengshaozhe/Documents/DukeECClab/code/multiplePlayerGridGame_socketIO/dataAnalysis/model_model/joint_rl/outputs/no_latent_joint_rl_shared_agency_baseline/simulations/shared_agency_commitment_signaling_joint_lambda_alpha_sweep/always_signal_vs_always_signal_2p3g_trials_beta_3_lambda_0p05_alpha_0p1_sessions_0_to_29.json,node /Users/chengshaozhe/Documents/DukeECClab/code/multiplePlayerGridGame_socketIO/dataAnalysis/scripts/simulate_always_signal_vs_always_signal_2p3g.js --sessions 30 --trials 12 --seed 42 --lambda 0.05 --alpha 0.1 --beta 3.0 --score logposterior --horizon 1 --unshaped-joint-rl --compact-diagnostics --output-dir /Users/chengshaozhe/Documents/DukeECClab/code/multiplePlayerGridGame_socketIO/dataAnalysis/model_model/joint_rl/outputs/no_latent_joint_rl_shared_agency_baseline/simulations/shared_agency_commitment_signaling_joint_lambda_alpha_sweep --raw-output-dir /Users/chengshaozhe/Documents/DukeECClab/code/multiplePlayerGridGame_socketIO/dataAnalysis/raw_data/model_model_simulations/joint_rl/no_latent_joint_rl_shared_agency_baseline/shared_agency_commitment_signaling_joint_lambda_alpha_sweep,89.72222222222223,81.76157763753399,52.99603174603173,33.2473544973545,97.77777777777777,90.88038288728434,46.66666666666667,42.5,62.796556352705345,65.86620078948242
0.05,0.2,joint_grid,193.49433265587243,188.90702049177355,382.401353147646,0.5126760563380282,0.3862779458588527,0.5277777777777778,0.4338235294117647,/Users/chengshaozhe/Documents/DukeECClab/code/multiplePlayerGridGame_socketIO/dataAnalysis/raw_data/model_model_simulations/joint_rl/no_latent_joint_rl_shared_agency_baseline/shared_agency_commitment_signaling_joint_lambda_alpha_sweep/always_signal_vs_always_signal_2p3g_raw_trials_beta_3_lambda_0p05_alpha_0p2_sessions_0_to_29.json.zst,/Users/chengshaozhe/Documents/DukeECClab/code/multiplePlayerGridGame_socketIO/dataAnalysis/model_model/joint_rl/outputs/no_latent_joint_rl_shared_agency_baseline/simulations/shared_agency_commitment_signaling_joint_lambda_alpha_sweep/always_signal_vs_always_signal_2p3g_summary_beta_3_lambda_0p05_alpha_0p2_sessions_0_to_29.json,/Users/chengshaozhe/Documents/DukeECClab/code/multiplePlayerGridGame_socketIO/dataAnalysis/model_model/joint_rl/outputs/no_latent_joint_rl_shared_agency_baseline/simulations/shared_agency_commitment_signaling_joint_lambda_alpha_sweep/always_signal_vs_always_signal_2p3g_trials_beta_3_lambda_0p05_alpha_0p2_sessions_0_to_29.json,node /Users/chengshaozhe/Documents/DukeECClab/code/multiplePlayerGridGame_socketIO/dataAnalysis/scripts/simulate_always_signal_vs_always_signal_2p3g.js --sessions 30 --trials 12 --seed 42 --lambda 0.05 --alpha 0.2 --beta 3.0 --score logposterior --horizon 1 --unshaped-joint-rl --compact-diagnostics --output-dir /Users/chengshaozhe/Documents/DukeECClab/code/multiplePlayerGridGame_socketIO/dataAnalysis/model_model/joint_rl/outputs/no_latent_joint_rl_shared_agency_baseline/simulations/shared_agency_commitment_signaling_joint_lambda_alpha_sweep --raw-output-dir /Users/chengshaozhe/Documents/DukeECClab/code/multiplePlayerGridGame_socketIO/dataAnalysis/raw_data/model_model_simulations/joint_rl/no_latent_joint_rl_shared_agency_baseline/shared_agency_commitment_signaling_joint_lambda_alpha_sweep,88.88888888888889,81.05609441514784,49.014550264550266,38.49867724867725,98.88888888888889,88.04151324323539,50.83333333333333,43.888888888888886,63.93131516715622,65.45075467858223
0.05,0.3,joint_grid,202.78150518675147,197.46751771147376,400.24902289822523,0.47007042253521125,0.33861744055003495,0.4722222222222222,0.4246575342465753,/Users/chengshaozhe/Documents/DukeECClab/code/multiplePlayerGridGame_socketIO/dataAnalysis/raw_data/model_model_simulations/joint_rl/no_latent_joint_rl_shared_agency_baseline/shared_agency_commitment_signaling_joint_lambda_alpha_sweep/always_signal_vs_always_signal_2p3g_raw_trials_beta_3_lambda_0p05_alpha_0p3_sessions_0_to_29.json.zst,/Users/chengshaozhe/Documents/DukeECClab/code/multiplePlayerGridGame_socketIO/dataAnalysis/model_model/joint_rl/outputs/no_latent_joint_rl_shared_agency_baseline/simulations/shared_agency_commitment_signaling_joint_lambda_alpha_sweep/always_signal_vs_always_signal_2p3g_summary_beta_3_lambda_0p05_alpha_0p3_sessions_0_to_29.json,/Users/chengshaozhe/Documents/DukeECClab/code/multiplePlayerGridGame_socketIO/dataAnalysis/model_model/joint_rl/outputs/no_latent_joint_rl_shared_agency_baseline/simulations/shared_agency_commitment_signaling_joint_lambda_alpha_sweep/always_signal_vs_always_signal_2p3g_trials_beta_3_lambda_0p05_alpha_0p3_sessions_0_to_29.json,node /Users/chengshaozhe/Documents/DukeECClab/code/multiplePlayerGridGame_socketIO/dataAnalysis/scripts/simulate_always_signal_vs_always_signal_2p3g.js --sessions 30 --trials 12 --seed 42 --lambda 0.05 --alpha 0.3 --beta 3.0 --score logposterior --horizon 1 --unshaped-joint-rl --compact-diagnostics --output-dir /Users/chengshaozhe/Documents/DukeECClab/code/multiplePlayerGridGame_socketIO/dataAnalysis/model_model/joint_rl/outputs/no_latent_joint_rl_shared_agency_baseline/simulations/shared_agency_commitment_signaling_joint_lambda_alpha_sweep --raw-output-dir /Users/chengshaozhe/Documents/DukeECClab/code/multiplePlayerGridGame_socketIO/dataAnalysis/raw_data/model_model_simulations/joint_rl/no_latent_joint_rl_shared_agency_baseline/shared_agency_commitment_signaling_joint_lambda_alpha_sweep,88.05555555555556,80.31978511360514,43.93518518518518,33.60780423280423,97.77777777777777,88.6335164257636,42.22222222222223,43.05555555555555,61.07531446456007,63.3160766597927
0.05,0.4,joint_grid,201.47068791652117,192.45862328877968,393.92931120530085,0.46279342723004696,0.3699434025098753,0.4888888888888889,0.4928571428571429,/Users/chengshaozhe/Documents/DukeECClab/code/multiplePlayerGridGame_socketIO/dataAnalysis/raw_data/model_model_simulations/joint_rl/no_latent_joint_rl_shared_agency_baseline/shared_agency_commitment_signaling_joint_lambda_alpha_sweep/always_signal_vs_always_signal_2p3g_raw_trials_beta_3_lambda_0p05_alpha_0p4_sessions_0_to_29.json.zst,/Users/chengshaozhe/Documents/DukeECClab/code/multiplePlayerGridGame_socketIO/dataAnalysis/model_model/joint_rl/outputs/no_latent_joint_rl_shared_agency_baseline/simulations/shared_agency_commitment_signaling_joint_lambda_alpha_sweep/always_signal_vs_always_signal_2p3g_summary_beta_3_lambda_0p05_alpha_0p4_sessions_0_to_29.json,/Users/chengshaozhe/Documents/DukeECClab/code/multiplePlayerGridGame_socketIO/dataAnalysis/model_model/joint_rl/outputs/no_latent_joint_rl_shared_agency_baseline/simulations/shared_agency_commitment_signaling_joint_lambda_alpha_sweep/always_signal_vs_always_signal_2p3g_trials_beta_3_lambda_0p05_alpha_0p4_sessions_0_to_29.json,node /Users/chengshaozhe/Documents/DukeECClab/code/multiplePlayerGridGame_socketIO/dataAnalysis/scripts/simulate_always_signal_vs_always_signal_2p3g.js --sessions 30 --trials 12 --seed 42 --lambda 0.05 --alpha 0.4 --beta 3.0 --score logposterior --horizon 1 --unshaped-joint-rl --compact-diagnostics --output-dir /Users/chengshaozhe/Documents/DukeECClab/code/multiplePlayerGridGame_socketIO/dataAnalysis/model_model/joint_rl/outputs/no_latent_joint_rl_shared_agency_baseline/simulations/shared_agency_commitment_signaling_joint_lambda_alpha_sweep --raw-output-dir /Users/chengshaozhe/Documents/DukeECClab/code/multiplePlayerGridGame_socketIO/dataAnalysis/raw_data/model_model_simulations/joint_rl/no_latent_joint_rl_shared_agency_baseline/shared_agency_commitment_signaling_joint_lambda_alpha_sweep,87.22222222222223,78.72027161848504,42.81084656084656,35.56547619047618,97.77777777777777,85.8208837289397,46.38888888888889,50.27777777777778,62.099771494723434,65.51257158884654
0.05,0.5,joint_grid,206.68012382009078,192.1930541918087,398.8731780118995,0.4574726134585289,0.3752473446820893,0.4444444444444444,0.5,/Users/chengshaozhe/Documents/DukeECClab/code/multiplePlayerGridGame_socketIO/dataAnalysis/raw_data/model_model_simulations/joint_rl/no_latent_joint_rl_shared_agency_baseline/shared_agency_commitment_signaling_joint_lambda_alpha_sweep/always_signal_vs_always_signal_2p3g_raw_trials_beta_3_lambda_0p05_alpha_0p5_sessions_0_to_29.json.zst,/Users/chengshaozhe/Documents/DukeECClab/code/multiplePlayerGridGame_socketIO/dataAnalysis/model_model/joint_rl/outputs/no_latent_joint_rl_shared_agency_baseline/simulations/shared_agency_commitment_signaling_joint_lambda_alpha_sweep/always_signal_vs_always_signal_2p3g_summary_beta_3_lambda_0p05_alpha_0p5_sessions_0_to_29.json,/Users/chengshaozhe/Documents/DukeECClab/code/multiplePlayerGridGame_socketIO/dataAnalysis/model_model/joint_rl/outputs/no_latent_joint_rl_shared_agency_baseline/simulations/shared_agency_commitment_signaling_joint_lambda_alpha_sweep/always_signal_vs_always_signal_2p3g_trials_beta_3_lambda_0p05_alpha_0p5_sessions_0_to_29.json,node /Users/chengshaozhe/Documents/DukeECClab/code/multiplePlayerGridGame_socketIO/dataAnalysis/scripts/simulate_always_signal_vs_always_signal_2p3g.js --sessions 30 --trials 12 --seed 42 --lambda 0.05 --alpha 0.5 --beta 3.0 --score logposterior --horizon 1 --unshaped-joint-rl --compact-diagnostics --output-dir /Users/chengshaozhe/Documents/DukeECClab/code/multiplePlayerGridGame_socketIO/dataAnalysis/model_model/joint_rl/outputs/no_latent_joint_rl_shared_agency_baseline/simulations/shared_agency_commitment_signaling_joint_lambda_alpha_sweep --raw-output-dir /Users/chengshaozhe/Documents/DukeECClab/code/multiplePlayerGridGame_socketIO/dataAnalysis/raw_data/model_model_simulations/joint_rl/no_latent_joint_rl_shared_agency_baseline/shared_agency_commitment_signaling_joint_lambda_alpha_sweep,88.05555555555556,78.33981242205071,41.46494708994709,36.68981481481481,96.66666666666667,87.15893863993577,37.06896551724138,50.86206896551724,63.39914207355611,68.71108896723463
0.05,0.6,joint_grid,218.06774031280835,189.60630979186942,407.6740501046778,0.4244131455399061,0.4056268032214857,0.3888888888888889,0.5684931506849316,/Users/chengshaozhe/Documents/DukeECClab/code/multiplePlayerGridGame_socketIO/dataAnalysis/raw_data/model_model_simulations/joint_rl/no_latent_joint_rl_shared_agency_baseline/shared_agency_commitment_signaling_joint_lambda_alpha_sweep/always_signal_vs_always_signal_2p3g_raw_trials_beta_3_lambda_0p05_alpha_0p6_sessions_0_to_29.json.zst,/Users/chengshaozhe/Documents/DukeECClab/code/multiplePlayerGridGame_socketIO/dataAnalysis/model_model/joint_rl/outputs/no_latent_joint_rl_shared_agency_baseline/simulations/shared_agency_commitment_signaling_joint_lambda_alpha_sweep/always_signal_vs_always_signal_2p3g_summary_beta_3_lambda_0p05_alpha_0p6_sessions_0_to_29.json,/Users/chengshaozhe/Documents/DukeECClab/code/multiplePlayerGridGame_socketIO/dataAnalysis/model_model/joint_rl/outputs/no_latent_joint_rl_shared_agency_baseline/simulations/shared_agency_commitment_signaling_joint_lambda_alpha_sweep/always_signal_vs_always_signal_2p3g_trials_beta_3_lambda_0p05_alpha_0p6_sessions_0_to_29.json,node /Users/chengshaozhe/Documents/DukeECClab/code/multiplePlayerGridGame_socketIO/dataAnalysis/scripts/simulate_always_signal_vs_always_signal_2p3g.js --sessions 30 --trials 12 --seed 42 --lambda 0.05 --alpha 0.6 --beta 3.0 --score logposterior --horizon 1 --unshaped-joint-rl --compact-diagnostics --output-dir /Users/chengshaozhe/Documents/DukeECClab/code/multiplePlayerGridGame_socketIO/dataAnalysis/model_model/joint_rl/outputs/no_latent_joint_rl_shared_agency_baseline/simulations/shared_agency_commitment_signaling_joint_lambda_alpha_sweep --raw-output-dir /Users/chengshaozhe/Documents/DukeECClab/code/multiplePlayerGridGame_socketIO/dataAnalysis/raw_data/model_model_simulations/joint_rl/no_latent_joint_rl_shared_agency_baseline/shared_agency_commitment_signaling_joint_lambda_alpha_sweep,88.61111111111111,79.37446240091882,39.563492063492056,39.61970899470899,94.44444444444444,89.12818495526184,34.166666666666664,58.333333333333336,65.10573734272538,73.52373257954308
0.05,0.7,joint_grid,212.22412555066285,188.259535955869,400.48366150653186,0.4429186228482003,0.41564875310822846,0.4166666666666667,0.5540540540540541,/Users/chengshaozhe/Documents/DukeECClab/code/multiplePlayerGridGame_socketIO/dataAnalysis/raw_data/model_model_simulations/joint_rl/no_latent_joint_rl_shared_agency_baseline/shared_agency_commitment_signaling_joint_lambda_alpha_sweep/always_signal_vs_always_signal_2p3g_raw_trials_beta_3_lambda_0p05_alpha_0p7_sessions_0_to_29.json.zst,/Users/chengshaozhe/Documents/DukeECClab/code/multiplePlayerGridGame_socketIO/dataAnalysis/model_model/joint_rl/outputs/no_latent_joint_rl_shared_agency_baseline/simulations/shared_agency_commitment_signaling_joint_lambda_alpha_sweep/always_signal_vs_always_signal_2p3g_summary_beta_3_lambda_0p05_alpha_0p7_sessions_0_to_29.json,/Users/chengshaozhe/Documents/DukeECClab/code/multiplePlayerGridGame_socketIO/dataAnalysis/model_model/joint_rl/outputs/no_latent_joint_rl_shared_agency_baseline/simulations/shared_agency_commitment_signaling_joint_lambda_alpha_sweep/always_signal_vs_always_signal_2p3g_trials_beta_3_lambda_0p05_alpha_0p7_sessions_0_to_29.json,node /Users/chengshaozhe/Documents/DukeECClab/code/multiplePlayerGridGame_socketIO/dataAnalysis/scripts/simulate_always_signal_vs_always_signal_2p3g.js --sessions 30 --trials 12 --seed 42 --lambda 0.05 --alpha 0.7 --beta 3.0 --score logposterior --horizon 1 --unshaped-joint-rl --compact-diagnostics --output-dir /Users/chengshaozhe/Documents/DukeECClab/code/multiplePlayerGridGame_socketIO/dataAnalysis/model_model/joint_rl/outputs/no_latent_joint_rl_shared_agency_baseline/simulations/shared_agency_commitment_signaling_joint_lambda_alpha_sweep --raw-output-dir /Users/chengshaozhe/Documents/DukeECClab/code/multiplePlayerGridGame_socketIO/dataAnalysis/raw_data/model_model_simulations/joint_rl/no_latent_joint_rl_shared_agency_baseline/shared_agency_commitment_signaling_joint_lambda_alpha_sweep,88.61111111111111,80.11949508861295,42.41137566137565,40.53042328042327,94.44444444444444,88.55063979373834,37.222222222222214,55.83333333333334,64.60452325458758,70.35017329669692
0.05,0.8,joint_grid,210.4911456162584,186.5828116380165,397.0739572542749,0.44874804381846634,0.4223835578002244,0.45,0.5555555555555556,/Users/chengshaozhe/Documents/DukeECClab/code/multiplePlayerGridGame_socketIO/dataAnalysis/raw_data/model_model_simulations/joint_rl/no_latent_joint_rl_shared_agency_baseline/shared_agency_commitment_signaling_joint_lambda_alpha_sweep/always_signal_vs_always_signal_2p3g_raw_trials_beta_3_lambda_0p05_alpha_0p8_sessions_0_to_29.json.zst,/Users/chengshaozhe/Documents/DukeECClab/code/multiplePlayerGridGame_socketIO/dataAnalysis/model_model/joint_rl/outputs/no_latent_joint_rl_shared_agency_baseline/simulations/shared_agency_commitment_signaling_joint_lambda_alpha_sweep/always_signal_vs_always_signal_2p3g_summary_beta_3_lambda_0p05_alpha_0p8_sessions_0_to_29.json,/Users/chengshaozhe/Documents/DukeECClab/code/multiplePlayerGridGame_socketIO/dataAnalysis/model_model/joint_rl/outputs/no_latent_joint_rl_shared_agency_baseline/simulations/shared_agency_commitment_signaling_joint_lambda_alpha_sweep/always_signal_vs_always_signal_2p3g_trials_beta_3_lambda_0p05_alpha_0p8_sessions_0_to_29.json,node /Users/chengshaozhe/Documents/DukeECClab/code/multiplePlayerGridGame_socketIO/dataAnalysis/scripts/simulate_always_signal_vs_always_signal_2p3g.js --sessions 30 --trials 12 --seed 42 --lambda 0.05 --alpha 0.8 --beta 3.0 --score logposterior --horizon 1 --unshaped-joint-rl --compact-diagnostics --output-dir /Users/chengshaozhe/Documents/DukeECClab/code/multiplePlayerGridGame_socketIO/dataAnalysis/model_model/joint_rl/outputs/no_latent_joint_rl_shared_agency_baseline/simulations/shared_agency_commitment_signaling_joint_lambda_alpha_sweep --raw-output-dir /Users/chengshaozhe/Documents/DukeECClab/code/multiplePlayerGridGame_socketIO/dataAnalysis/raw_data/model_model_simulations/joint_rl/no_latent_joint_rl_shared_agency_baseline/shared_agency_commitment_signaling_joint_lambda_alpha_sweep,89.44444444444444,78.76838879791838,42.648809523809526,41.34920634920634,94.44444444444444,87.86329557740162,43.05555555555555,56.388888888888886,64.69273753474243,70.75491061071467
0.05,0.9,joint_grid,197.872632222617,184.82795781647235,382.7005900390893,0.487206572769953,0.43870356331994503,0.5055555555555555,0.5746268656716418,/Users/chengshaozhe/Documents/DukeECClab/code/multiplePlayerGridGame_socketIO/dataAnalysis/raw_data/model_model_simulations/joint_rl/no_latent_joint_rl_shared_agency_baseline/shared_agency_commitment_signaling_joint_lambda_alpha_sweep/always_signal_vs_always_signal_2p3g_raw_trials_beta_3_lambda_0p05_alpha_0p9_sessions_0_to_29.json.zst,/Users/chengshaozhe/Documents/DukeECClab/code/multiplePlayerGridGame_socketIO/dataAnalysis/model_model/joint_rl/outputs/no_latent_joint_rl_shared_agency_baseline/simulations/shared_agency_commitment_signaling_joint_lambda_alpha_sweep/always_signal_vs_always_signal_2p3g_summary_beta_3_lambda_0p05_alpha_0p9_sessions_0_to_29.json,/Users/chengshaozhe/Documents/DukeECClab/code/multiplePlayerGridGame_socketIO/dataAnalysis/model_model/joint_rl/outputs/no_latent_joint_rl_shared_agency_baseline/simulations/shared_agency_commitment_signaling_joint_lambda_alpha_sweep/always_signal_vs_always_signal_2p3g_trials_beta_3_lambda_0p05_alpha_0p9_sessions_0_to_29.json,node /Users/chengshaozhe/Documents/DukeECClab/code/multiplePlayerGridGame_socketIO/dataAnalysis/scripts/simulate_always_signal_vs_always_signal_2p3g.js --sessions 30 --trials 12 --seed 42 --lambda 0.05 --alpha 0.9 --beta 3.0 --score logposterior --horizon 1 --unshaped-joint-rl --compact-diagnostics --output-dir /Users/chengshaozhe/Documents/DukeECClab/code/multiplePlayerGridGame_socketIO/dataAnalysis/model_model/joint_rl/outputs/no_latent_joint_rl_shared_agency_baseline/simulations/shared_agency_commitment_signaling_joint_lambda_alpha_sweep --raw-output-dir /Users/chengshaozhe/Documents/DukeECClab/code/multiplePlayerGridGame_socketIO/dataAnalysis/raw_data/model_model_simulations/joint_rl/no_latent_joint_rl_shared_agency_baseline/shared_agency_commitment_signaling_joint_lambda_alpha_sweep,88.88888888888889,77.66470224927085,46.68320105820106,42.169312169312164,95.55555555555556,85.84882623352118,47.1264367816092,58.045977011494266,65.22167698179815,73.07173847878897
0.05,1.0,joint_grid,199.6932749882884,185.70456933633312,385.39784432462153,0.4723004694835681,0.4131315091667432,0.5,0.5208333333333334,/Users/chengshaozhe/Documents/DukeECClab/code/multiplePlayerGridGame_socketIO/dataAnalysis/raw_data/model_model_simulations/joint_rl/no_latent_joint_rl_shared_agency_baseline/shared_agency_commitment_signaling_joint_lambda_alpha_sweep/always_signal_vs_always_signal_2p3g_raw_trials_beta_3_lambda_0p05_alpha_1_sessions_0_to_29.json.zst,/Users/chengshaozhe/Documents/DukeECClab/code/multiplePlayerGridGame_socketIO/dataAnalysis/model_model/joint_rl/outputs/no_latent_joint_rl_shared_agency_baseline/simulations/shared_agency_commitment_signaling_joint_lambda_alpha_sweep/always_signal_vs_always_signal_2p3g_summary_beta_3_lambda_0p05_alpha_1_sessions_0_to_29.json,/Users/chengshaozhe/Documents/DukeECClab/code/multiplePlayerGridGame_socketIO/dataAnalysis/model_model/joint_rl/outputs/no_latent_joint_rl_shared_agency_baseline/simulations/shared_agency_commitment_signaling_joint_lambda_alpha_sweep/always_signal_vs_always_signal_2p3g_trials_beta_3_lambda_0p05_alpha_1_sessions_0_to_29.json,node /Users/chengshaozhe/Documents/DukeECClab/code/multiplePlayerGridGame_socketIO/dataAnalysis/scripts/simulate_always_signal_vs_always_signal_2p3g.js --sessions 30 --trials 12 --seed 42 --lambda 0.05 --alpha 1.0 --beta 3.0 --score logposterior --horizon 1 --unshaped-joint-rl --compact-diagnostics --output-dir /Users/chengshaozhe/Documents/DukeECClab/code/multiplePlayerGridGame_socketIO/dataAnalysis/model_model/joint_rl/outputs/no_latent_joint_rl_shared_agency_baseline/simulations/shared_agency_commitment_signaling_joint_lambda_alpha_sweep --raw-output-dir /Users/chengshaozhe/Documents/DukeECClab/code/multiplePlayerGridGame_socketIO/dataAnalysis/raw_data/model_model_simulations/joint_rl/no_latent_joint_rl_shared_agency_baseline/shared_agency_commitment_signaling_joint_lambda_alpha_sweep,88.05555555555556,77.92953745312587,45.44973544973546,40.482804232804234,94.44444444444444,86.87101618258093,48.333333333333336,52.77777777777778,64.79501870883749,69.35035403025913
0.1,0.0,joint_grid,173.9502432371462,200.25169826148328,374.2019414986295,0.6698356807511736,0.3331884649220025,0.7833333333333333,0.4492753623188406,/Users/chengshaozhe/Documents/DukeECClab/code/multiplePlayerGridGame_socketIO/dataAnalysis/raw_data/model_model_simulations/joint_rl/no_latent_joint_rl_shared_agency_baseline/shared_agency_commitment_no_signaling_lambda_sweep/always_signal_vs_always_signal_2p3g_raw_trials_beta_3_lambda_0p1_alpha_0_sessions_0_to_29.json.zst,/Users/chengshaozhe/Documents/DukeECClab/code/multiplePlayerGridGame_socketIO/dataAnalysis/model_model/joint_rl/outputs/no_latent_joint_rl_shared_agency_baseline/simulations/shared_agency_commitment_no_signaling_lambda_sweep/always_signal_vs_always_signal_2p3g_summary_beta_3_lambda_0p1_alpha_0_sessions_0_to_29.json,/Users/chengshaozhe/Documents/DukeECClab/code/multiplePlayerGridGame_socketIO/dataAnalysis/model_model/joint_rl/outputs/no_latent_joint_rl_shared_agency_baseline/simulations/shared_agency_commitment_no_signaling_lambda_sweep/always_signal_vs_always_signal_2p3g_trials_beta_3_lambda_0p1_alpha_0_sessions_0_to_29.json,node /Users/chengshaozhe/Documents/DukeECClab/code/multiplePlayerGridGame_socketIO/dataAnalysis/scripts/simulate_always_signal_vs_always_signal_2p3g.js --sessions 30 --trials 12 --seed 42 --lambda 0.1 --alpha 0.0 --beta 3.0 --score logposterior --horizon 1 --unshaped-joint-rl --compact-diagnostics --output-dir /Users/chengshaozhe/Documents/DukeECClab/code/multiplePlayerGridGame_socketIO/dataAnalysis/model_model/joint_rl/outputs/no_latent_joint_rl_shared_agency_baseline/simulations/shared_agency_commitment_no_signaling_lambda_sweep --raw-output-dir /Users/chengshaozhe/Documents/DukeECClab/code/multiplePlayerGridGame_socketIO/dataAnalysis/raw_data/model_model_simulations/joint_rl/no_latent_joint_rl_shared_agency_baseline/shared_agency_commitment_no_signaling_lambda_sweep,86.11111111111111,85.14792836623056,66.88161375661376,32.41732804232804,97.77777777777777,93.58948443078344,79.72222222222223,45.55555555555556,62.21230113849633,69.07188403038181
0.1,0.1,joint_grid,175.36787422338267,198.45605425147915,373.8239284748618,0.6272300469483568,0.3468233943423178,0.7277777777777777,0.4642857142857143,/Users/chengshaozhe/Documents/DukeECClab/code/multiplePlayerGridGame_socketIO/dataAnalysis/raw_data/model_model_simulations/joint_rl/no_latent_joint_rl_shared_agency_baseline/shared_agency_commitment_signaling_alpha_sweep/always_signal_vs_always_signal_2p3g_raw_trials_beta_3_lambda_0p1_alpha_0p1_sessions_0_to_29.json.zst,/Users/chengshaozhe/Documents/DukeECClab/code/multiplePlayerGridGame_socketIO/dataAnalysis/model_model/joint_rl/outputs/no_latent_joint_rl_shared_agency_baseline/simulations/shared_agency_commitment_signaling_alpha_sweep/always_signal_vs_always_signal_2p3g_summary_beta_3_lambda_0p1_alpha_0p1_sessions_0_to_29.json,/Users/chengshaozhe/Documents/DukeECClab/code/multiplePlayerGridGame_socketIO/dataAnalysis/model_model/joint_rl/outputs/no_latent_joint_rl_shared_agency_baseline/simulations/shared_agency_commitment_signaling_alpha_sweep/always_signal_vs_always_signal_2p3g_trials_beta_3_lambda_0p1_alpha_0p1_sessions_0_to_29.json,node /Users/chengshaozhe/Documents/DukeECClab/code/multiplePlayerGridGame_socketIO/dataAnalysis/scripts/simulate_always_signal_vs_always_signal_2p3g.js --sessions 30 --trials 12 --seed 42 --lambda 0.1 --alpha 0.1 --beta 3.0 --score logposterior --horizon 1 --unshaped-joint-rl --compact-diagnostics --output-dir /Users/chengshaozhe/Documents/DukeECClab/code/multiplePlayerGridGame_socketIO/dataAnalysis/model_model/joint_rl/outputs/no_latent_joint_rl_shared_agency_baseline/simulations/shared_agency_commitment_signaling_alpha_sweep --raw-output-dir /Users/chengshaozhe/Documents/DukeECClab/code/multiplePlayerGridGame_socketIO/dataAnalysis/raw_data/model_model_simulations/joint_rl/no_latent_joint_rl_shared_agency_baseline/shared_agency_commitment_signaling_alpha_sweep,86.94444444444444,84.80182303308871,61.32605820105819,33.2771164021164,97.77777777777777,93.2520446374613,73.05555555555556,49.44444444444444,62.73484166435367,71.37070226091862
0.1,0.2,joint_grid,175.4027477699837,194.1117095536528,369.5144573236365,0.6051643192488263,0.37273830227488225,0.7222222222222222,0.5073529411764706,/Users/chengshaozhe/Documents/DukeECClab/code/multiplePlayerGridGame_socketIO/dataAnalysis/raw_data/model_model_simulations/joint_rl/no_latent_joint_rl_shared_agency_baseline/shared_agency_commitment_signaling_alpha_sweep/always_signal_vs_always_signal_2p3g_raw_trials_beta_3_lambda_0p1_alpha_0p2_sessions_0_to_29.json.zst,/Users/chengshaozhe/Documents/DukeECClab/code/multiplePlayerGridGame_socketIO/dataAnalysis/model_model/joint_rl/outputs/no_latent_joint_rl_shared_agency_baseline/simulations/shared_agency_commitment_signaling_alpha_sweep/always_signal_vs_always_signal_2p3g_summary_beta_3_lambda_0p1_alpha_0p2_sessions_0_to_29.json,/Users/chengshaozhe/Documents/DukeECClab/code/multiplePlayerGridGame_socketIO/dataAnalysis/model_model/joint_rl/outputs/no_latent_joint_rl_shared_agency_baseline/simulations/shared_agency_commitment_signaling_alpha_sweep/always_signal_vs_always_signal_2p3g_trials_beta_3_lambda_0p1_alpha_0p2_sessions_0_to_29.json,node /Users/chengshaozhe/Documents/DukeECClab/code/multiplePlayerGridGame_socketIO/dataAnalysis/scripts/simulate_always_signal_vs_always_signal_2p3g.js --sessions 30 --trials 12 --seed 42 --lambda 0.1 --alpha 0.2 --beta 3.0 --score logposterior --horizon 1 --unshaped-joint-rl --compact-diagnostics --output-dir /Users/chengshaozhe/Documents/DukeECClab/code/multiplePlayerGridGame_socketIO/dataAnalysis/model_model/joint_rl/outputs/no_latent_joint_rl_shared_agency_baseline/simulations/shared_agency_commitment_signaling_alpha_sweep --raw-output-dir /Users/chengshaozhe/Documents/DukeECClab/code/multiplePlayerGridGame_socketIO/dataAnalysis/raw_data/model_model_simulations/joint_rl/no_latent_joint_rl_shared_agency_baseline/shared_agency_commitment_signaling_alpha_sweep,88.05555555555556,84.40858011401943,58.52513227513227,35.79034391534391,97.77777777777777,93.43431018705141,71.38888888888889,53.333333333333336,64.5318060249681,73.20805605522256
0.1,0.3,joint_grid,178.2373376784443,192.36617101078411,370.6035086892284,0.5902973395931143,0.3769784696675902,0.6777777777777778,0.5079365079365079,/Users/chengshaozhe/Documents/DukeECClab/code/multiplePlayerGridGame_socketIO/dataAnalysis/raw_data/model_model_simulations/joint_rl/no_latent_joint_rl_shared_agency_baseline/shared_agency_commitment_signaling_alpha_sweep/always_signal_vs_always_signal_2p3g_raw_trials_beta_3_lambda_0p1_alpha_0p3_sessions_0_to_29.json.zst,/Users/chengshaozhe/Documents/DukeECClab/code/multiplePlayerGridGame_socketIO/dataAnalysis/model_model/joint_rl/outputs/no_latent_joint_rl_shared_agency_baseline/simulations/shared_agency_commitment_signaling_alpha_sweep/always_signal_vs_always_signal_2p3g_summary_beta_3_lambda_0p1_alpha_0p3_sessions_0_to_29.json,/Users/chengshaozhe/Documents/DukeECClab/code/multiplePlayerGridGame_socketIO/dataAnalysis/model_model/joint_rl/outputs/no_latent_joint_rl_shared_agency_baseline/simulations/shared_agency_commitment_signaling_alpha_sweep/always_signal_vs_always_signal_2p3g_trials_beta_3_lambda_0p1_alpha_0p3_sessions_0_to_29.json,node /Users/chengshaozhe/Documents/DukeECClab/code/multiplePlayerGridGame_socketIO/dataAnalysis/scripts/simulate_always_signal_vs_always_signal_2p3g.js --sessions 30 --trials 12 --seed 42 --lambda 0.1 --alpha 0.3 --beta 3.0 --score logposterior --horizon 1 --unshaped-joint-rl --compact-diagnostics --output-dir /Users/chengshaozhe/Documents/DukeECClab/code/multiplePlayerGridGame_socketIO/dataAnalysis/model_model/joint_rl/outputs/no_latent_joint_rl_shared_agency_baseline/simulations/shared_agency_commitment_signaling_alpha_sweep --raw-output-dir /Users/chengshaozhe/Documents/DukeECClab/code/multiplePlayerGridGame_socketIO/dataAnalysis/raw_data/model_model_simulations/joint_rl/no_latent_joint_rl_shared_agency_baseline/shared_agency_commitment_signaling_alpha_sweep,85.27777777777777,84.02686154948583,56.86838624338625,35.49933862433862,95.55555555555556,92.37215763472811,66.37931034482759,52.01149425287356,64.88086950942024,71.68079604626782
0.1,0.4,joint_grid,178.19736159901296,189.90188662160665,368.09924822061964,0.6052034428794992,0.3989163639646113,0.6777777777777778,0.5579710144927537,/Users/chengshaozhe/Documents/DukeECClab/code/multiplePlayerGridGame_socketIO/dataAnalysis/raw_data/model_model_simulations/joint_rl/no_latent_joint_rl_shared_agency_baseline/shared_agency_commitment_signaling_alpha_sweep/always_signal_vs_always_signal_2p3g_raw_trials_beta_3_lambda_0p1_alpha_0p4_sessions_0_to_29.json.zst,/Users/chengshaozhe/Documents/DukeECClab/code/multiplePlayerGridGame_socketIO/dataAnalysis/model_model/joint_rl/outputs/no_latent_joint_rl_shared_agency_baseline/simulations/shared_agency_commitment_signaling_alpha_sweep/always_signal_vs_always_signal_2p3g_summary_beta_3_lambda_0p1_alpha_0p4_sessions_0_to_29.json,/Users/chengshaozhe/Documents/DukeECClab/code/multiplePlayerGridGame_socketIO/dataAnalysis/model_model/joint_rl/outputs/no_latent_joint_rl_shared_agency_baseline/simulations/shared_agency_commitment_signaling_alpha_sweep/always_signal_vs_always_signal_2p3g_trials_beta_3_lambda_0p1_alpha_0p4_sessions_0_to_29.json,node /Users/chengshaozhe/Documents/DukeECClab/code/multiplePlayerGridGame_socketIO/dataAnalysis/scripts/simulate_always_signal_vs_always_signal_2p3g.js --sessions 30 --trials 12 --seed 42 --lambda 0.1 --alpha 0.4 --beta 3.0 --score logposterior --horizon 1 --unshaped-joint-rl --compact-diagnostics --output-dir /Users/chengshaozhe/Documents/DukeECClab/code/multiplePlayerGridGame_socketIO/dataAnalysis/model_model/joint_rl/outputs/no_latent_joint_rl_shared_agency_baseline/simulations/shared_agency_commitment_signaling_alpha_sweep --raw-output-dir /Users/chengshaozhe/Documents/DukeECClab/code/multiplePlayerGridGame_socketIO/dataAnalysis/raw_data/model_model_simulations/joint_rl/no_latent_joint_rl_shared_agency_baseline/shared_agency_commitment_signaling_alpha_sweep,86.94444444444444,83.91074969887627,59.01521164021164,38.68584656084656,96.66666666666667,93.6445757056011,68.6111111111111,56.666666666666664,65.36776879356732,74.42666236118738
0.1,0.5,joint_grid,184.5023422267829,186.5644696374336,371.0668118642165,0.5661189358372457,0.4099071308095998,0.6111111111111112,0.5298507462686567,/Users/chengshaozhe/Documents/DukeECClab/code/multiplePlayerGridGame_socketIO/dataAnalysis/raw_data/model_model_simulations/joint_rl/no_latent_joint_rl_shared_agency_baseline/shared_agency_commitment_signaling_alpha_sweep/always_signal_vs_always_signal_2p3g_raw_trials_beta_3_lambda_0p1_alpha_0p5_sessions_0_to_29.json.zst,/Users/chengshaozhe/Documents/DukeECClab/code/multiplePlayerGridGame_socketIO/dataAnalysis/model_model/joint_rl/outputs/no_latent_joint_rl_shared_agency_baseline/simulations/shared_agency_commitment_signaling_alpha_sweep/always_signal_vs_always_signal_2p3g_summary_beta_3_lambda_0p1_alpha_0p5_sessions_0_to_29.json,/Users/chengshaozhe/Documents/DukeECClab/code/multiplePlayerGridGame_socketIO/dataAnalysis/model_model/joint_rl/outputs/no_latent_joint_rl_shared_agency_baseline/simulations/shared_agency_commitment_signaling_alpha_sweep/always_signal_vs_always_signal_2p3g_trials_beta_3_lambda_0p1_alpha_0p5_sessions_0_to_29.json,node /Users/chengshaozhe/Documents/DukeECClab/code/multiplePlayerGridGame_socketIO/dataAnalysis/scripts/simulate_always_signal_vs_always_signal_2p3g.js --sessions 30 --trials 12 --seed 42 --lambda 0.1 --alpha 0.5 --beta 3.0 --score logposterior --horizon 1 --unshaped-joint-rl --compact-diagnostics --output-dir /Users/chengshaozhe/Documents/DukeECClab/code/multiplePlayerGridGame_socketIO/dataAnalysis/model_model/joint_rl/outputs/no_latent_joint_rl_shared_agency_baseline/simulations/shared_agency_commitment_signaling_alpha_sweep --raw-output-dir /Users/chengshaozhe/Documents/DukeECClab/code/multiplePlayerGridGame_socketIO/dataAnalysis/raw_data/model_model_simulations/joint_rl/no_latent_joint_rl_shared_agency_baseline/shared_agency_commitment_signaling_alpha_sweep,87.5,82.94697913302235,54.908068783068785,39.76190476190476,94.44444444444444,93.21049764423823,60.27777777777777,52.77777777777778,65.64729416266513,71.7170384435823
0.1,0.6,joint_grid,186.19875023690867,191.5138074579594,377.71255769486805,0.5666666666666667,0.38141411320483554,0.5833333333333334,0.5144927536231884,/Users/chengshaozhe/Documents/DukeECClab/code/multiplePlayerGridGame_socketIO/dataAnalysis/raw_data/model_model_simulations/joint_rl/no_latent_joint_rl_shared_agency_baseline/shared_agency_commitment_signaling_alpha_sweep/always_signal_vs_always_signal_2p3g_raw_trials_beta_3_lambda_0p1_alpha_0p6_sessions_0_to_29.json.zst,/Users/chengshaozhe/Documents/DukeECClab/code/multiplePlayerGridGame_socketIO/dataAnalysis/model_model/joint_rl/outputs/no_latent_joint_rl_shared_agency_baseline/simulations/shared_agency_commitment_signaling_alpha_sweep/always_signal_vs_always_signal_2p3g_summary_beta_3_lambda_0p1_alpha_0p6_sessions_0_to_29.json,/Users/chengshaozhe/Documents/DukeECClab/code/multiplePlayerGridGame_socketIO/dataAnalysis/model_model/joint_rl/outputs/no_latent_joint_rl_shared_agency_baseline/simulations/shared_agency_commitment_signaling_alpha_sweep/always_signal_vs_always_signal_2p3g_trials_beta_3_lambda_0p1_alpha_0p6_sessions_0_to_29.json,node /Users/chengshaozhe/Documents/DukeECClab/code/multiplePlayerGridGame_socketIO/dataAnalysis/scripts/simulate_always_signal_vs_always_signal_2p3g.js --sessions 30 --trials 12 --seed 42 --lambda 0.1 --alpha 0.6 --beta 3.0 --score logposterior --horizon 1 --unshaped-joint-rl --compact-diagnostics --output-dir /Users/chengshaozhe/Documents/DukeECClab/code/multiplePlayerGridGame_socketIO/dataAnalysis/model_model/joint_rl/outputs/no_latent_joint_rl_shared_agency_baseline/simulations/shared_agency_commitment_signaling_alpha_sweep --raw-output-dir /Users/chengshaozhe/Documents/DukeECClab/code/multiplePlayerGridGame_socketIO/dataAnalysis/raw_data/model_model_simulations/joint_rl/no_latent_joint_rl_shared_agency_baseline/shared_agency_commitment_signaling_alpha_sweep,86.94444444444444,83.0093536609954,56.32936507936507,36.81878306878306,94.44444444444444,93.74676110437292,59.16666666666668,53.05555555555556,64.69653363451422,71.9272147200678
0.1,0.7,joint_grid,186.58784625305873,193.02519850735285,379.6130447604116,0.5797730829420971,0.3691193147367006,0.5833333333333334,0.5,/Users/chengshaozhe/Documents/DukeECClab/code/multiplePlayerGridGame_socketIO/dataAnalysis/raw_data/model_model_simulations/joint_rl/no_latent_joint_rl_shared_agency_baseline/shared_agency_commitment_signaling_alpha_sweep/always_signal_vs_always_signal_2p3g_raw_trials_beta_3_lambda_0p1_alpha_0p7_sessions_0_to_29.json.zst,/Users/chengshaozhe/Documents/DukeECClab/code/multiplePlayerGridGame_socketIO/dataAnalysis/model_model/joint_rl/outputs/no_latent_joint_rl_shared_agency_baseline/simulations/shared_agency_commitment_signaling_alpha_sweep/always_signal_vs_always_signal_2p3g_summary_beta_3_lambda_0p1_alpha_0p7_sessions_0_to_29.json,/Users/chengshaozhe/Documents/DukeECClab/code/multiplePlayerGridGame_socketIO/dataAnalysis/model_model/joint_rl/outputs/no_latent_joint_rl_shared_agency_baseline/simulations/shared_agency_commitment_signaling_alpha_sweep/always_signal_vs_always_signal_2p3g_trials_beta_3_lambda_0p1_alpha_0p7_sessions_0_to_29.json,node /Users/chengshaozhe/Documents/DukeECClab/code/multiplePlayerGridGame_socketIO/dataAnalysis/scripts/simulate_always_signal_vs_always_signal_2p3g.js --sessions 30 --trials 12 --seed 42 --lambda 0.1 --alpha 0.7 --beta 3.0 --score logposterior --horizon 1 --unshaped-joint-rl --compact-diagnostics --output-dir /Users/chengshaozhe/Documents/DukeECClab/code/multiplePlayerGridGame_socketIO/dataAnalysis/model_model/joint_rl/outputs/no_latent_joint_rl_shared_agency_baseline/simulations/shared_agency_commitment_signaling_alpha_sweep --raw-output-dir /Users/chengshaozhe/Documents/DukeECClab/code/multiplePlayerGridGame_socketIO/dataAnalysis/raw_data/model_model_simulations/joint_rl/no_latent_joint_rl_shared_agency_baseline/shared_agency_commitment_signaling_alpha_sweep,88.33333333333333,82.91049629726447,57.17923280423282,35.79695767195767,95.55555555555556,92.75906490763946,58.611111111111114,51.944444444444436,63.675846195469646,71.29636158542382
0.1,0.8,joint_grid,179.59405991480895,192.01604328903744,371.6101032038464,0.5831768388106416,0.38354629483426655,0.6611111111111111,0.5367647058823529,/Users/chengshaozhe/Documents/DukeECClab/code/multiplePlayerGridGame_socketIO/dataAnalysis/raw_data/model_model_simulations/joint_rl/no_latent_joint_rl_shared_agency_baseline/shared_agency_commitment_signaling_alpha_sweep/always_signal_vs_always_signal_2p3g_raw_trials_beta_3_lambda_0p1_alpha_0p8_sessions_0_to_29.json.zst,/Users/chengshaozhe/Documents/DukeECClab/code/multiplePlayerGridGame_socketIO/dataAnalysis/model_model/joint_rl/outputs/no_latent_joint_rl_shared_agency_baseline/simulations/shared_agency_commitment_signaling_alpha_sweep/always_signal_vs_always_signal_2p3g_summary_beta_3_lambda_0p1_alpha_0p8_sessions_0_to_29.json,/Users/chengshaozhe/Documents/DukeECClab/code/multiplePlayerGridGame_socketIO/dataAnalysis/model_model/joint_rl/outputs/no_latent_joint_rl_shared_agency_baseline/simulations/shared_agency_commitment_signaling_alpha_sweep/always_signal_vs_always_signal_2p3g_trials_beta_3_lambda_0p1_alpha_0p8_sessions_0_to_29.json,node /Users/chengshaozhe/Documents/DukeECClab/code/multiplePlayerGridGame_socketIO/dataAnalysis/scripts/simulate_always_signal_vs_always_signal_2p3g.js --sessions 30 --trials 12 --seed 42 --lambda 0.1 --alpha 0.8 --beta 3.0 --score logposterior --horizon 1 --unshaped-joint-rl --compact-diagnostics --output-dir /Users/chengshaozhe/Documents/DukeECClab/code/multiplePlayerGridGame_socketIO/dataAnalysis/model_model/joint_rl/outputs/no_latent_joint_rl_shared_agency_baseline/simulations/shared_agency_commitment_signaling_alpha_sweep --raw-output-dir /Users/chengshaozhe/Documents/DukeECClab/code/multiplePlayerGridGame_socketIO/dataAnalysis/raw_data/model_model_simulations/joint_rl/no_latent_joint_rl_shared_agency_baseline/shared_agency_commitment_signaling_alpha_sweep,88.61111111111111,82.89466660664048,56.92791005291006,37.070767195767196,96.66666666666667,91.65329721853843,66.94444444444444,55.55555555555556,64.79989268022997,71.6813691508616
0.1,0.9,joint_grid,181.39347021396782,192.33660279260798,373.7300730065758,0.6035602503912363,0.3812363935174377,0.6388888888888888,0.5298507462686567,/Users/chengshaozhe/Documents/DukeECClab/code/multiplePlayerGridGame_socketIO/dataAnalysis/raw_data/model_model_simulations/joint_rl/no_latent_joint_rl_shared_agency_baseline/shared_agency_commitment_signaling_alpha_sweep/always_signal_vs_always_signal_2p3g_raw_trials_beta_3_lambda_0p1_alpha_0p9_sessions_0_to_29.json.zst,/Users/chengshaozhe/Documents/DukeECClab/code/multiplePlayerGridGame_socketIO/dataAnalysis/model_model/joint_rl/outputs/no_latent_joint_rl_shared_agency_baseline/simulations/shared_agency_commitment_signaling_alpha_sweep/always_signal_vs_always_signal_2p3g_summary_beta_3_lambda_0p1_alpha_0p9_sessions_0_to_29.json,/Users/chengshaozhe/Documents/DukeECClab/code/multiplePlayerGridGame_socketIO/dataAnalysis/model_model/joint_rl/outputs/no_latent_joint_rl_shared_agency_baseline/simulations/shared_agency_commitment_signaling_alpha_sweep/always_signal_vs_always_signal_2p3g_trials_beta_3_lambda_0p1_alpha_0p9_sessions_0_to_29.json,node /Users/chengshaozhe/Documents/DukeECClab/code/multiplePlayerGridGame_socketIO/dataAnalysis/scripts/simulate_always_signal_vs_always_signal_2p3g.js --sessions 30 --trials 12 --seed 42 --lambda 0.1 --alpha 0.9 --beta 3.0 --score logposterior --horizon 1 --unshaped-joint-rl --compact-diagnostics --output-dir /Users/chengshaozhe/Documents/DukeECClab/code/multiplePlayerGridGame_socketIO/dataAnalysis/model_model/joint_rl/outputs/no_latent_joint_rl_shared_agency_baseline/simulations/shared_agency_commitment_signaling_alpha_sweep --raw-output-dir /Users/chengshaozhe/Documents/DukeECClab/code/multiplePlayerGridGame_socketIO/dataAnalysis/raw_data/model_model_simulations/joint_rl/no_latent_joint_rl_shared_agency_baseline/shared_agency_commitment_signaling_alpha_sweep,89.16666666666667,83.02919279047651,60.20171957671957,36.15410052910052,97.77777777777777,91.3365193312415,66.66666666666666,54.59770114942528,64.34315434302582,72.86345531555477
0.1,1.0,joint_grid,181.57094337841784,194.24414704829178,375.8150904267096,0.5886932707355242,0.3620890885089668,0.6333333333333333,0.49264705882352944,/Users/chengshaozhe/Documents/DukeECClab/code/multiplePlayerGridGame_socketIO/dataAnalysis/raw_data/model_model_simulations/joint_rl/no_latent_joint_rl_shared_agency_baseline/shared_agency_commitment_signaling_alpha_sweep/always_signal_vs_always_signal_2p3g_raw_trials_beta_3_lambda_0p1_alpha_1_sessions_0_to_29.json.zst,/Users/chengshaozhe/Documents/DukeECClab/code/multiplePlayerGridGame_socketIO/dataAnalysis/model_model/joint_rl/outputs/no_latent_joint_rl_shared_agency_baseline/simulations/shared_agency_commitment_signaling_alpha_sweep/always_signal_vs_always_signal_2p3g_summary_beta_3_lambda_0p1_alpha_1_sessions_0_to_29.json,/Users/chengshaozhe/Documents/DukeECClab/code/multiplePlayerGridGame_socketIO/dataAnalysis/model_model/joint_rl/outputs/no_latent_joint_rl_shared_agency_baseline/simulations/shared_agency_commitment_signaling_alpha_sweep/always_signal_vs_always_signal_2p3g_trials_beta_3_lambda_0p1_alpha_1_sessions_0_to_29.json,node /Users/chengshaozhe/Documents/DukeECClab/code/multiplePlayerGridGame_socketIO/dataAnalysis/scripts/simulate_always_signal_vs_always_signal_2p3g.js --sessions 30 --trials 12 --seed 42 --lambda 0.1 --alpha 1.0 --beta 3.0 --score logposterior --horizon 1 --unshaped-joint-rl --compact-diagnostics --output-dir /Users/chengshaozhe/Documents/DukeECClab/code/multiplePlayerGridGame_socketIO/dataAnalysis/model_model/joint_rl/outputs/no_latent_joint_rl_shared_agency_baseline/simulations/shared_agency_commitment_signaling_alpha_sweep --raw-output-dir /Users/chengshaozhe/Documents/DukeECClab/code/multiplePlayerGridGame_socketIO/dataAnalysis/raw_data/model_model_simulations/joint_rl/no_latent_joint_rl_shared_agency_baseline/shared_agency_commitment_signaling_alpha_sweep,88.61111111111111,83.0964982057188,58.947751322751316,35.11574074074073,96.66666666666667,93.49414797544313,67.2222222222222,50.55555555555556,64.33170660686177,71.51596038979969
0.15,0.0,joint_grid,177.5946633096653,197.29921061916446,374.89387392882975,0.7199921752738654,0.33885601032981433,0.8111111111111111,0.4264705882352941,/Users/chengshaozhe/Documents/DukeECClab/code/multiplePlayerGridGame_socketIO/dataAnalysis/raw_data/model_model_simulations/joint_rl/no_latent_joint_rl_shared_agency_baseline/shared_agency_commitment_no_signaling_lambda_sweep/always_signal_vs_always_signal_2p3g_raw_trials_beta_3_lambda_0p15_alpha_0_sessions_0_to_29.json.zst,/Users/chengshaozhe/Documents/DukeECClab/code/multiplePlayerGridGame_socketIO/dataAnalysis/model_model/joint_rl/outputs/no_latent_joint_rl_shared_agency_baseline/simulations/shared_agency_commitment_no_signaling_lambda_sweep/always_signal_vs_always_signal_2p3g_summary_beta_3_lambda_0p15_alpha_0_sessions_0_to_29.json,/Users/chengshaozhe/Documents/DukeECClab/code/multiplePlayerGridGame_socketIO/dataAnalysis/model_model/joint_rl/outputs/no_latent_joint_rl_shared_agency_baseline/simulations/shared_agency_commitment_no_signaling_lambda_sweep/always_signal_vs_always_signal_2p3g_trials_beta_3_lambda_0p15_alpha_0_sessions_0_to_29.json,node /Users/chengshaozhe/Documents/DukeECClab/code/multiplePlayerGridGame_socketIO/dataAnalysis/scripts/simulate_always_signal_vs_always_signal_2p3g.js --sessions 30 --trials 12 --seed 42 --lambda 0.15 --alpha 0.0 --beta 3.0 --score logposterior --horizon 1 --unshaped-joint-rl --compact-diagnostics --output-dir /Users/chengshaozhe/Documents/DukeECClab/code/multiplePlayerGridGame_socketIO/dataAnalysis/model_model/joint_rl/outputs/no_latent_joint_rl_shared_agency_baseline/simulations/shared_agency_commitment_no_signaling_lambda_sweep --raw-output-dir /Users/chengshaozhe/Documents/DukeECClab/code/multiplePlayerGridGame_socketIO/dataAnalysis/raw_data/model_model_simulations/joint_rl/no_latent_joint_rl_shared_agency_baseline/shared_agency_commitment_no_signaling_lambda_sweep,90.83333333333333,86.43536184827033,72.43716931216932,33.19113756613757,100.0,95.47461489128155,84.72222222222221,43.05555555555555,62.08620513172784,66.58809745936834
0.15,0.1,joint_grid,178.05689884745127,198.7030291796953,376.75992802714654,0.7143974960876369,0.3398972364621019,0.7944444444444444,0.4453125,/Users/chengshaozhe/Documents/DukeECClab/code/multiplePlayerGridGame_socketIO/dataAnalysis/raw_data/model_model_simulations/joint_rl/no_latent_joint_rl_shared_agency_baseline/shared_agency_commitment_signaling_joint_lambda_alpha_sweep/always_signal_vs_always_signal_2p3g_raw_trials_beta_3_lambda_0p15_alpha_0p1_sessions_0_to_29.json.zst,/Users/chengshaozhe/Documents/DukeECClab/code/multiplePlayerGridGame_socketIO/dataAnalysis/model_model/joint_rl/outputs/no_latent_joint_rl_shared_agency_baseline/simulations/shared_agency_commitment_signaling_joint_lambda_alpha_sweep/always_signal_vs_always_signal_2p3g_summary_beta_3_lambda_0p15_alpha_0p1_sessions_0_to_29.json,/Users/chengshaozhe/Documents/DukeECClab/code/multiplePlayerGridGame_socketIO/dataAnalysis/model_model/joint_rl/outputs/no_latent_joint_rl_shared_agency_baseline/simulations/shared_agency_commitment_signaling_joint_lambda_alpha_sweep/always_signal_vs_always_signal_2p3g_trials_beta_3_lambda_0p15_alpha_0p1_sessions_0_to_29.json,node /Users/chengshaozhe/Documents/DukeECClab/code/multiplePlayerGridGame_socketIO/dataAnalysis/scripts/simulate_always_signal_vs_always_signal_2p3g.js --sessions 30 --trials 12 --seed 42 --lambda 0.15 --alpha 0.1 --beta 3.0 --score logposterior --horizon 1 --unshaped-joint-rl --compact-diagnostics --output-dir /Users/chengshaozhe/Documents/DukeECClab/code/multiplePlayerGridGame_socketIO/dataAnalysis/model_model/joint_rl/outputs/no_latent_joint_rl_shared_agency_baseline/simulations/shared_agency_commitment_signaling_joint_lambda_alpha_sweep --raw-output-dir /Users/chengshaozhe/Documents/DukeECClab/code/multiplePlayerGridGame_socketIO/dataAnalysis/raw_data/model_model_simulations/joint_rl/no_latent_joint_rl_shared_agency_baseline/shared_agency_commitment_signaling_joint_lambda_alpha_sweep,90.0,86.13326353070276,72.255291005291,32.634920634920626,100.0,95.71801564448623,84.19540229885057,45.97701149425287,62.20795775764076,67.908611739646
0.15,0.2,joint_grid,176.20738073848446,189.86816861113817,366.07554934962263,0.6701877934272301,0.39286099671495206,0.75,0.5303030303030303,/Users/chengshaozhe/Documents/DukeECClab/code/multiplePlayerGridGame_socketIO/dataAnalysis/raw_data/model_model_simulations/joint_rl/no_latent_joint_rl_shared_agency_baseline/shared_agency_commitment_signaling_joint_lambda_alpha_sweep/always_signal_vs_always_signal_2p3g_raw_trials_beta_3_lambda_0p15_alpha_0p2_sessions_0_to_29.json.zst,/Users/chengshaozhe/Documents/DukeECClab/code/multiplePlayerGridGame_socketIO/dataAnalysis/model_model/joint_rl/outputs/no_latent_joint_rl_shared_agency_baseline/simulations/shared_agency_commitment_signaling_joint_lambda_alpha_sweep/always_signal_vs_always_signal_2p3g_summary_beta_3_lambda_0p15_alpha_0p2_sessions_0_to_29.json,/Users/chengshaozhe/Documents/DukeECClab/code/multiplePlayerGridGame_socketIO/dataAnalysis/model_model/joint_rl/outputs/no_latent_joint_rl_shared_agency_baseline/simulations/shared_agency_commitment_signaling_joint_lambda_alpha_sweep/always_signal_vs_always_signal_2p3g_trials_beta_3_lambda_0p15_alpha_0p2_sessions_0_to_29.json,node /Users/chengshaozhe/Documents/DukeECClab/code/multiplePlayerGridGame_socketIO/dataAnalysis/scripts/simulate_always_signal_vs_always_signal_2p3g.js --sessions 30 --trials 12 --seed 42 --lambda 0.15 --alpha 0.2 --beta 3.0 --score logposterior --horizon 1 --unshaped-joint-rl --compact-diagnostics --output-dir /Users/chengshaozhe/Documents/DukeECClab/code/multiplePlayerGridGame_socketIO/dataAnalysis/model_model/joint_rl/outputs/no_latent_joint_rl_shared_agency_baseline/simulations/shared_agency_commitment_signaling_joint_lambda_alpha_sweep --raw-output-dir /Users/chengshaozhe/Documents/DukeECClab/code/multiplePlayerGridGame_socketIO/dataAnalysis/raw_data/model_model_simulations/joint_rl/no_latent_joint_rl_shared_agency_baseline/shared_agency_commitment_signaling_joint_lambda_alpha_sweep,90.83333333333333,86.09488888622876,67.42394179894178,37.63492063492063,100.0,95.3968509140923,80.7471264367816,54.59770114942529,65.04183761988783,74.29539725623621
0.15,0.3,joint_grid,176.3705502698028,190.12882045363858,366.4993707234414,0.6775430359937403,0.3964352653187541,0.7555555555555555,0.5507246376811594,/Users/chengshaozhe/Documents/DukeECClab/code/multiplePlayerGridGame_socketIO/dataAnalysis/raw_data/model_model_simulations/joint_rl/no_latent_joint_rl_shared_agency_baseline/shared_agency_commitment_signaling_joint_lambda_alpha_sweep/always_signal_vs_always_signal_2p3g_raw_trials_beta_3_lambda_0p15_alpha_0p3_sessions_0_to_29.json.zst,/Users/chengshaozhe/Documents/DukeECClab/code/multiplePlayerGridGame_socketIO/dataAnalysis/model_model/joint_rl/outputs/no_latent_joint_rl_shared_agency_baseline/simulations/shared_agency_commitment_signaling_joint_lambda_alpha_sweep/always_signal_vs_always_signal_2p3g_summary_beta_3_lambda_0p15_alpha_0p3_sessions_0_to_29.json,/Users/chengshaozhe/Documents/DukeECClab/code/multiplePlayerGridGame_socketIO/dataAnalysis/model_model/joint_rl/outputs/no_latent_joint_rl_shared_agency_baseline/simulations/shared_agency_commitment_signaling_joint_lambda_alpha_sweep/always_signal_vs_always_signal_2p3g_trials_beta_3_lambda_0p15_alpha_0p3_sessions_0_to_29.json,node /Users/chengshaozhe/Documents/DukeECClab/code/multiplePlayerGridGame_socketIO/dataAnalysis/scripts/simulate_always_signal_vs_always_signal_2p3g.js --sessions 30 --trials 12 --seed 42 --lambda 0.15 --alpha 0.3 --beta 3.0 --score logposterior --horizon 1 --unshaped-joint-rl --compact-diagnostics --output-dir /Users/chengshaozhe/Documents/DukeECClab/code/multiplePlayerGridGame_socketIO/dataAnalysis/model_model/joint_rl/outputs/no_latent_joint_rl_shared_agency_baseline/simulations/shared_agency_commitment_signaling_joint_lambda_alpha_sweep --raw-output-dir /Users/chengshaozhe/Documents/DukeECClab/code/multiplePlayerGridGame_socketIO/dataAnalysis/raw_data/model_model_simulations/joint_rl/no_latent_joint_rl_shared_agency_baseline/shared_agency_commitment_signaling_joint_lambda_alpha_sweep,90.83333333333333,86.25654373270504,68.44907407407406,38.09126984126984,100.0,95.87876443479891,83.33333333333333,55.7471264367816,65.29056757456362,75.19797467857113
0.15,0.4,joint_grid,176.00718739293535,190.06506991775512,366.0722573106905,0.6645539906103286,0.41179706977048225,0.7444444444444445,0.5869565217391305,/Users/chengshaozhe/Documents/DukeECClab/code/multiplePlayerGridGame_socketIO/dataAnalysis/raw_data/model_model_simulations/joint_rl/no_latent_joint_rl_shared_agency_baseline/shared_agency_commitment_signaling_joint_lambda_alpha_sweep/always_signal_vs_always_signal_2p3g_raw_trials_beta_3_lambda_0p15_alpha_0p4_sessions_0_to_29.json.zst,/Users/chengshaozhe/Documents/DukeECClab/code/multiplePlayerGridGame_socketIO/dataAnalysis/model_model/joint_rl/outputs/no_latent_joint_rl_shared_agency_baseline/simulations/shared_agency_commitment_signaling_joint_lambda_alpha_sweep/always_signal_vs_always_signal_2p3g_summary_beta_3_lambda_0p15_alpha_0p4_sessions_0_to_29.json,/Users/chengshaozhe/Documents/DukeECClab/code/multiplePlayerGridGame_socketIO/dataAnalysis/model_model/joint_rl/outputs/no_latent_joint_rl_shared_agency_baseline/simulations/shared_agency_commitment_signaling_joint_lambda_alpha_sweep/always_signal_vs_always_signal_2p3g_trials_beta_3_lambda_0p15_alpha_0p4_sessions_0_to_29.json,node /Users/chengshaozhe/Documents/DukeECClab/code/multiplePlayerGridGame_socketIO/dataAnalysis/scripts/simulate_always_signal_vs_always_signal_2p3g.js --sessions 30 --trials 12 --seed 42 --lambda 0.15 --alpha 0.4 --beta 3.0 --score logposterior --horizon 1 --unshaped-joint-rl --compact-diagnostics --output-dir /Users/chengshaozhe/Documents/DukeECClab/code/multiplePlayerGridGame_socketIO/dataAnalysis/model_model/joint_rl/outputs/no_latent_joint_rl_shared_agency_baseline/simulations/shared_agency_commitment_signaling_joint_lambda_alpha_sweep --raw-output-dir /Users/chengshaozhe/Documents/DukeECClab/code/multiplePlayerGridGame_socketIO/dataAnalysis/raw_data/model_model_simulations/joint_rl/no_latent_joint_rl_shared_agency_baseline/shared_agency_commitment_signaling_joint_lambda_alpha_sweep,91.94444444444444,85.56420615697284,66.89814814814814,39.53703703703703,100.0,96.15593973927308,81.1111111111111,59.16666666666666,65.06190422827184,75.61928061918314
0.15,0.5,joint_grid,175.4970423566111,186.79508282407178,362.2921251806829,0.6774256651017214,0.410911188999548,0.7666666666666667,0.5294117647058824,/Users/chengshaozhe/Documents/DukeECClab/code/multiplePlayerGridGame_socketIO/dataAnalysis/raw_data/model_model_simulations/joint_rl/no_latent_joint_rl_shared_agency_baseline/shared_agency_commitment_signaling_joint_lambda_alpha_sweep/always_signal_vs_always_signal_2p3g_raw_trials_beta_3_lambda_0p15_alpha_0p5_sessions_0_to_29.json.zst,/Users/chengshaozhe/Documents/DukeECClab/code/multiplePlayerGridGame_socketIO/dataAnalysis/model_model/joint_rl/outputs/no_latent_joint_rl_shared_agency_baseline/simulations/shared_agency_commitment_signaling_joint_lambda_alpha_sweep/always_signal_vs_always_signal_2p3g_summary_beta_3_lambda_0p15_alpha_0p5_sessions_0_to_29.json,/Users/chengshaozhe/Documents/DukeECClab/code/multiplePlayerGridGame_socketIO/dataAnalysis/model_model/joint_rl/outputs/no_latent_joint_rl_shared_agency_baseline/simulations/shared_agency_commitment_signaling_joint_lambda_alpha_sweep/always_signal_vs_always_signal_2p3g_trials_beta_3_lambda_0p15_alpha_0p5_sessions_0_to_29.json,node /Users/chengshaozhe/Documents/DukeECClab/code/multiplePlayerGridGame_socketIO/dataAnalysis/scripts/simulate_always_signal_vs_always_signal_2p3g.js --sessions 30 --trials 12 --seed 42 --lambda 0.15 --alpha 0.5 --beta 3.0 --score logposterior --horizon 1 --unshaped-joint-rl --compact-diagnostics --output-dir /Users/chengshaozhe/Documents/DukeECClab/code/multiplePlayerGridGame_socketIO/dataAnalysis/model_model/joint_rl/outputs/no_latent_joint_rl_shared_agency_baseline/simulations/shared_agency_commitment_signaling_joint_lambda_alpha_sweep --raw-output-dir /Users/chengshaozhe/Documents/DukeECClab/code/multiplePlayerGridGame_socketIO/dataAnalysis/raw_data/model_model_simulations/joint_rl/no_latent_joint_rl_shared_agency_baseline/shared_agency_commitment_signaling_joint_lambda_alpha_sweep,91.94444444444444,85.6614856412139,67.68386243386243,39.9589947089947,97.77777777777777,95.60198654702633,77.77777777777779,51.388888888888886,65.21487514056558,72.70282701205043
0.15,0.6,joint_grid,178.3778288766219,192.01556729787671,370.3933961744986,0.6239436619718309,0.37873563218390804,0.6833333333333333,0.5,/Users/chengshaozhe/Documents/DukeECClab/code/multiplePlayerGridGame_socketIO/dataAnalysis/raw_data/model_model_simulations/joint_rl/no_latent_joint_rl_shared_agency_baseline/shared_agency_commitment_signaling_joint_lambda_alpha_sweep/always_signal_vs_always_signal_2p3g_raw_trials_beta_3_lambda_0p15_alpha_0p6_sessions_0_to_29.json.zst,/Users/chengshaozhe/Documents/DukeECClab/code/multiplePlayerGridGame_socketIO/dataAnalysis/model_model/joint_rl/outputs/no_latent_joint_rl_shared_agency_baseline/simulations/shared_agency_commitment_signaling_joint_lambda_alpha_sweep/always_signal_vs_always_signal_2p3g_summary_beta_3_lambda_0p15_alpha_0p6_sessions_0_to_29.json,/Users/chengshaozhe/Documents/DukeECClab/code/multiplePlayerGridGame_socketIO/dataAnalysis/model_model/joint_rl/outputs/no_latent_joint_rl_shared_agency_baseline/simulations/shared_agency_commitment_signaling_joint_lambda_alpha_sweep/always_signal_vs_always_signal_2p3g_trials_beta_3_lambda_0p15_alpha_0p6_sessions_0_to_29.json,node /Users/chengshaozhe/Documents/DukeECClab/code/multiplePlayerGridGame_socketIO/dataAnalysis/scripts/simulate_always_signal_vs_always_signal_2p3g.js --sessions 30 --trials 12 --seed 42 --lambda 0.15 --alpha 0.6 --beta 3.0 --score logposterior --horizon 1 --unshaped-joint-rl --compact-diagnostics --output-dir /Users/chengshaozhe/Documents/DukeECClab/code/multiplePlayerGridGame_socketIO/dataAnalysis/model_model/joint_rl/outputs/no_latent_joint_rl_shared_agency_baseline/simulations/shared_agency_commitment_signaling_joint_lambda_alpha_sweep --raw-output-dir /Users/chengshaozhe/Documents/DukeECClab/code/multiplePlayerGridGame_socketIO/dataAnalysis/raw_data/model_model_simulations/joint_rl/no_latent_joint_rl_shared_agency_baseline/shared_agency_commitment_signaling_joint_lambda_alpha_sweep,89.16666666666667,85.74097228570267,63.010582010582006,36.61706349206349,95.55555555555556,95.60762809721142,73.88888888888889,49.722222222222214,64.04792939646063,71.60080953796658
0.15,0.7,joint_grid,175.41584084324,191.25134718103118,366.6671880242712,0.6348591549295775,0.38664670190157446,0.7277777777777777,0.5289855072463768,/Users/chengshaozhe/Documents/DukeECClab/code/multiplePlayerGridGame_socketIO/dataAnalysis/raw_data/model_model_simulations/joint_rl/no_latent_joint_rl_shared_agency_baseline/shared_agency_commitment_signaling_joint_lambda_alpha_sweep/always_signal_vs_always_signal_2p3g_raw_trials_beta_3_lambda_0p15_alpha_0p7_sessions_0_to_29.json.zst,/Users/chengshaozhe/Documents/DukeECClab/code/multiplePlayerGridGame_socketIO/dataAnalysis/model_model/joint_rl/outputs/no_latent_joint_rl_shared_agency_baseline/simulations/shared_agency_commitment_signaling_joint_lambda_alpha_sweep/always_signal_vs_always_signal_2p3g_summary_beta_3_lambda_0p15_alpha_0p7_sessions_0_to_29.json,/Users/chengshaozhe/Documents/DukeECClab/code/multiplePlayerGridGame_socketIO/dataAnalysis/model_model/joint_rl/outputs/no_latent_joint_rl_shared_agency_baseline/simulations/shared_agency_commitment_signaling_joint_lambda_alpha_sweep/always_signal_vs_always_signal_2p3g_trials_beta_3_lambda_0p15_alpha_0p7_sessions_0_to_29.json,node /Users/chengshaozhe/Documents/DukeECClab/code/multiplePlayerGridGame_socketIO/dataAnalysis/scripts/simulate_always_signal_vs_always_signal_2p3g.js --sessions 30 --trials 12 --seed 42 --lambda 0.15 --alpha 0.7 --beta 3.0 --score logposterior --horizon 1 --unshaped-joint-rl --compact-diagnostics --output-dir /Users/chengshaozhe/Documents/DukeECClab/code/multiplePlayerGridGame_socketIO/dataAnalysis/model_model/joint_rl/outputs/no_latent_joint_rl_shared_agency_baseline/simulations/shared_agency_commitment_signaling_joint_lambda_alpha_sweep --raw-output-dir /Users/chengshaozhe/Documents/DukeECClab/code/multiplePlayerGridGame_socketIO/dataAnalysis/raw_data/model_model_simulations/joint_rl/no_latent_joint_rl_shared_agency_baseline/shared_agency_commitment_signaling_joint_lambda_alpha_sweep,91.38888888888889,84.99723538615781,63.60449735449737,37.172619047619044,96.66666666666667,95.4241541637375,77.22222222222221,52.222222222222214,64.25991949947404,72.6623966633442
0.15,0.8,joint_grid,175.21175359970573,188.70631612883767,363.9180697285434,0.6385758998435055,0.40304363166472795,0.7333333333333333,0.5390625,/Users/chengshaozhe/Documents/DukeECClab/code/multiplePlayerGridGame_socketIO/dataAnalysis/raw_data/model_model_simulations/joint_rl/no_latent_joint_rl_shared_agency_baseline/shared_agency_commitment_signaling_joint_lambda_alpha_sweep/always_signal_vs_always_signal_2p3g_raw_trials_beta_3_lambda_0p15_alpha_0p8_sessions_0_to_29.json.zst,/Users/chengshaozhe/Documents/DukeECClab/code/multiplePlayerGridGame_socketIO/dataAnalysis/model_model/joint_rl/outputs/no_latent_joint_rl_shared_agency_baseline/simulations/shared_agency_commitment_signaling_joint_lambda_alpha_sweep/always_signal_vs_always_signal_2p3g_summary_beta_3_lambda_0p15_alpha_0p8_sessions_0_to_29.json,/Users/chengshaozhe/Documents/DukeECClab/code/multiplePlayerGridGame_socketIO/dataAnalysis/model_model/joint_rl/outputs/no_latent_joint_rl_shared_agency_baseline/simulations/shared_agency_commitment_signaling_joint_lambda_alpha_sweep/always_signal_vs_always_signal_2p3g_trials_beta_3_lambda_0p15_alpha_0p8_sessions_0_to_29.json,node /Users/chengshaozhe/Documents/DukeECClab/code/multiplePlayerGridGame_socketIO/dataAnalysis/scripts/simulate_always_signal_vs_always_signal_2p3g.js --sessions 30 --trials 12 --seed 42 --lambda 0.15 --alpha 0.8 --beta 3.0 --score logposterior --horizon 1 --unshaped-joint-rl --compact-diagnostics --output-dir /Users/chengshaozhe/Documents/DukeECClab/code/multiplePlayerGridGame_socketIO/dataAnalysis/model_model/joint_rl/outputs/no_latent_joint_rl_shared_agency_baseline/simulations/shared_agency_commitment_signaling_joint_lambda_alpha_sweep --raw-output-dir /Users/chengshaozhe/Documents/DukeECClab/code/multiplePlayerGridGame_socketIO/dataAnalysis/raw_data/model_model_simulations/joint_rl/no_latent_joint_rl_shared_agency_baseline/shared_agency_commitment_signaling_joint_lambda_alpha_sweep,91.66666666666666,85.28882474680064,62.9728835978836,38.26058201058201,96.66666666666667,95.38660333918956,79.88505747126436,53.16091954022988,65.49754470190548,72.35261602368308
0.15,0.9,joint_grid,179.95066202774757,187.45886536377407,367.40952739152164,0.627660406885759,0.40023862770614843,0.6666666666666666,0.5147058823529411,/Users/chengshaozhe/Documents/DukeECClab/code/multiplePlayerGridGame_socketIO/dataAnalysis/raw_data/model_model_simulations/joint_rl/no_latent_joint_rl_shared_agency_baseline/shared_agency_commitment_signaling_joint_lambda_alpha_sweep/always_signal_vs_always_signal_2p3g_raw_trials_beta_3_lambda_0p15_alpha_0p9_sessions_0_to_29.json.zst,/Users/chengshaozhe/Documents/DukeECClab/code/multiplePlayerGridGame_socketIO/dataAnalysis/model_model/joint_rl/outputs/no_latent_joint_rl_shared_agency_baseline/simulations/shared_agency_commitment_signaling_joint_lambda_alpha_sweep/always_signal_vs_always_signal_2p3g_summary_beta_3_lambda_0p15_alpha_0p9_sessions_0_to_29.json,/Users/chengshaozhe/Documents/DukeECClab/code/multiplePlayerGridGame_socketIO/dataAnalysis/model_model/joint_rl/outputs/no_latent_joint_rl_shared_agency_baseline/simulations/shared_agency_commitment_signaling_joint_lambda_alpha_sweep/always_signal_vs_always_signal_2p3g_trials_beta_3_lambda_0p15_alpha_0p9_sessions_0_to_29.json,node /Users/chengshaozhe/Documents/DukeECClab/code/multiplePlayerGridGame_socketIO/dataAnalysis/scripts/simulate_always_signal_vs_always_signal_2p3g.js --sessions 30 --trials 12 --seed 42 --lambda 0.15 --alpha 0.9 --beta 3.0 --score logposterior --horizon 1 --unshaped-joint-rl --compact-diagnostics --output-dir /Users/chengshaozhe/Documents/DukeECClab/code/multiplePlayerGridGame_socketIO/dataAnalysis/model_model/joint_rl/outputs/no_latent_joint_rl_shared_agency_baseline/simulations/shared_agency_commitment_signaling_joint_lambda_alpha_sweep --raw-output-dir /Users/chengshaozhe/Documents/DukeECClab/code/multiplePlayerGridGame_socketIO/dataAnalysis/raw_data/model_model_simulations/joint_rl/no_latent_joint_rl_shared_agency_baseline/shared_agency_commitment_signaling_joint_lambda_alpha_sweep,92.22222222222223,85.07897060970853,62.87367724867724,38.63756613756613,94.44444444444444,96.2776425190641,72.77777777777776,49.16666666666666,65.01676974953074,72.13582180424342
0.15,1.0,joint_grid,177.55658982484988,188.3616526558877,365.9182424807376,0.6109154929577465,0.3918868740672778,0.6888888888888889,0.49242424242424243,/Users/chengshaozhe/Documents/DukeECClab/code/multiplePlayerGridGame_socketIO/dataAnalysis/raw_data/model_model_simulations/joint_rl/no_latent_joint_rl_shared_agency_baseline/shared_agency_commitment_signaling_joint_lambda_alpha_sweep/always_signal_vs_always_signal_2p3g_raw_trials_beta_3_lambda_0p15_alpha_1_sessions_0_to_29.json.zst,/Users/chengshaozhe/Documents/DukeECClab/code/multiplePlayerGridGame_socketIO/dataAnalysis/model_model/joint_rl/outputs/no_latent_joint_rl_shared_agency_baseline/simulations/shared_agency_commitment_signaling_joint_lambda_alpha_sweep/always_signal_vs_always_signal_2p3g_summary_beta_3_lambda_0p15_alpha_1_sessions_0_to_29.json,/Users/chengshaozhe/Documents/DukeECClab/code/multiplePlayerGridGame_socketIO/dataAnalysis/model_model/joint_rl/outputs/no_latent_joint_rl_shared_agency_baseline/simulations/shared_agency_commitment_signaling_joint_lambda_alpha_sweep/always_signal_vs_always_signal_2p3g_trials_beta_3_lambda_0p15_alpha_1_sessions_0_to_29.json,node /Users/chengshaozhe/Documents/DukeECClab/code/multiplePlayerGridGame_socketIO/dataAnalysis/scripts/simulate_always_signal_vs_always_signal_2p3g.js --sessions 30 --trials 12 --seed 42 --lambda 0.15 --alpha 1.0 --beta 3.0 --score logposterior --horizon 1 --unshaped-joint-rl --compact-diagnostics --output-dir /Users/chengshaozhe/Documents/DukeECClab/code/multiplePlayerGridGame_socketIO/dataAnalysis/model_model/joint_rl/outputs/no_latent_joint_rl_shared_agency_baseline/simulations/shared_agency_commitment_signaling_joint_lambda_alpha_sweep --raw-output-dir /Users/chengshaozhe/Documents/DukeECClab/code/multiplePlayerGridGame_socketIO/dataAnalysis/raw_data/model_model_simulations/joint_rl/no_latent_joint_rl_shared_agency_baseline/shared_agency_commitment_signaling_joint_lambda_alpha_sweep,90.27777777777779,85.3396545938694,61.5079365079365,37.89351851851851,94.44444444444444,95.99106988690322,75.55555555555554,49.722222222222214,65.51614291553075,71.3082628075983
0.3,0.0,joint_grid,183.43010325480867,193.66548056155273,377.0955838163614,0.7698748043818466,0.35901544177406247,0.8722222222222222,0.4393939393939394,/Users/chengshaozhe/Documents/DukeECClab/code/multiplePlayerGridGame_socketIO/dataAnalysis/raw_data/model_model_simulations/joint_rl/no_latent_joint_rl_shared_agency_baseline/shared_agency_commitment_no_signaling_lambda_sweep/always_signal_vs_always_signal_2p3g_raw_trials_beta_3_lambda_0p3_alpha_0_sessions_0_to_29.json.zst,/Users/chengshaozhe/Documents/DukeECClab/code/multiplePlayerGridGame_socketIO/dataAnalysis/model_model/joint_rl/outputs/no_latent_joint_rl_shared_agency_baseline/simulations/shared_agency_commitment_no_signaling_lambda_sweep/always_signal_vs_always_signal_2p3g_summary_beta_3_lambda_0p3_alpha_0_sessions_0_to_29.json,/Users/chengshaozhe/Documents/DukeECClab/code/multiplePlayerGridGame_socketIO/dataAnalysis/model_model/joint_rl/outputs/no_latent_joint_rl_shared_agency_baseline/simulations/shared_agency_commitment_no_signaling_lambda_sweep/always_signal_vs_always_signal_2p3g_trials_beta_3_lambda_0p3_alpha_0_sessions_0_to_29.json,node /Users/chengshaozhe/Documents/DukeECClab/code/multiplePlayerGridGame_socketIO/dataAnalysis/scripts/simulate_always_signal_vs_always_signal_2p3g.js --sessions 30 --trials 12 --seed 42 --lambda 0.3 --alpha 0.0 --beta 3.0 --score logposterior --horizon 1 --unshaped-joint-rl --compact-diagnostics --output-dir /Users/chengshaozhe/Documents/DukeECClab/code/multiplePlayerGridGame_socketIO/dataAnalysis/model_model/joint_rl/outputs/no_latent_joint_rl_shared_agency_baseline/simulations/shared_agency_commitment_no_signaling_lambda_sweep --raw-output-dir /Users/chengshaozhe/Documents/DukeECClab/code/multiplePlayerGridGame_socketIO/dataAnalysis/raw_data/model_model_simulations/joint_rl/no_latent_joint_rl_shared_agency_baseline/shared_agency_commitment_no_signaling_lambda_sweep,92.5,89.27574522222338,78.81613756613758,34.82142857142858,100.0,98.75097364321502,95.97701149425288,43.678160919540225,66.48621396849052,70.66499559614839
0.3,0.1,joint_grid,186.8607814921703,191.72779380081835,378.58857529298865,0.7831377151799688,0.3770569720345836,0.8722222222222222,0.5,/Users/chengshaozhe/Documents/DukeECClab/code/multiplePlayerGridGame_socketIO/dataAnalysis/raw_data/model_model_simulations/joint_rl/no_latent_joint_rl_shared_agency_baseline/shared_agency_commitment_signaling_joint_lambda_alpha_sweep/always_signal_vs_always_signal_2p3g_raw_trials_beta_3_lambda_0p3_alpha_0p1_sessions_0_to_29.json.zst,/Users/chengshaozhe/Documents/DukeECClab/code/multiplePlayerGridGame_socketIO/dataAnalysis/model_model/joint_rl/outputs/no_latent_joint_rl_shared_agency_baseline/simulations/shared_agency_commitment_signaling_joint_lambda_alpha_sweep/always_signal_vs_always_signal_2p3g_summary_beta_3_lambda_0p3_alpha_0p1_sessions_0_to_29.json,/Users/chengshaozhe/Documents/DukeECClab/code/multiplePlayerGridGame_socketIO/dataAnalysis/model_model/joint_rl/outputs/no_latent_joint_rl_shared_agency_baseline/simulations/shared_agency_commitment_signaling_joint_lambda_alpha_sweep/always_signal_vs_always_signal_2p3g_trials_beta_3_lambda_0p3_alpha_0p1_sessions_0_to_29.json,node /Users/chengshaozhe/Documents/DukeECClab/code/multiplePlayerGridGame_socketIO/dataAnalysis/scripts/simulate_always_signal_vs_always_signal_2p3g.js --sessions 30 --trials 12 --seed 42 --lambda 0.3 --alpha 0.1 --beta 3.0 --score logposterior --horizon 1 --unshaped-joint-rl --compact-diagnostics --output-dir /Users/chengshaozhe/Documents/DukeECClab/code/multiplePlayerGridGame_socketIO/dataAnalysis/model_model/joint_rl/outputs/no_latent_joint_rl_shared_agency_baseline/simulations/shared_agency_commitment_signaling_joint_lambda_alpha_sweep --raw-output-dir /Users/chengshaozhe/Documents/DukeECClab/code/multiplePlayerGridGame_socketIO/dataAnalysis/raw_data/model_model_simulations/joint_rl/no_latent_joint_rl_shared_agency_baseline/shared_agency_commitment_signaling_joint_lambda_alpha_sweep,93.33333333333333,89.41146515569814,80.84325396825398,36.34259259259259,100.0,98.8620522995523,96.1111111111111,49.72222222222223,67.24044187144872,73.52340861391869
0.3,0.2,joint_grid,185.51839483093585,188.38417530148647,373.9025701324223,0.7829420970266041,0.3974238695052308,0.8944444444444445,0.5220588235294118,/Users/chengshaozhe/Documents/DukeECClab/code/multiplePlayerGridGame_socketIO/dataAnalysis/raw_data/model_model_simulations/joint_rl/no_latent_joint_rl_shared_agency_baseline/shared_agency_commitment_signaling_joint_lambda_alpha_sweep/always_signal_vs_always_signal_2p3g_raw_trials_beta_3_lambda_0p3_alpha_0p2_sessions_0_to_29.json.zst,/Users/chengshaozhe/Documents/DukeECClab/code/multiplePlayerGridGame_socketIO/dataAnalysis/model_model/joint_rl/outputs/no_latent_joint_rl_shared_agency_baseline/simulations/shared_agency_commitment_signaling_joint_lambda_alpha_sweep/always_signal_vs_always_signal_2p3g_summary_beta_3_lambda_0p3_alpha_0p2_sessions_0_to_29.json,/Users/chengshaozhe/Documents/DukeECClab/code/multiplePlayerGridGame_socketIO/dataAnalysis/model_model/joint_rl/outputs/no_latent_joint_rl_shared_agency_baseline/simulations/shared_agency_commitment_signaling_joint_lambda_alpha_sweep/always_signal_vs_always_signal_2p3g_trials_beta_3_lambda_0p3_alpha_0p2_sessions_0_to_29.json,node /Users/chengshaozhe/Documents/DukeECClab/code/multiplePlayerGridGame_socketIO/dataAnalysis/scripts/simulate_always_signal_vs_always_signal_2p3g.js --sessions 30 --trials 12 --seed 42 --lambda 0.3 --alpha 0.2 --beta 3.0 --score logposterior --horizon 1 --unshaped-joint-rl --compact-diagnostics --output-dir /Users/chengshaozhe/Documents/DukeECClab/code/multiplePlayerGridGame_socketIO/dataAnalysis/model_model/joint_rl/outputs/no_latent_joint_rl_shared_agency_baseline/simulations/shared_agency_commitment_signaling_joint_lambda_alpha_sweep --raw-output-dir /Users/chengshaozhe/Documents/DukeECClab/code/multiplePlayerGridGame_socketIO/dataAnalysis/raw_data/model_model_simulations/joint_rl/no_latent_joint_rl_shared_agency_baseline/shared_agency_commitment_signaling_joint_lambda_alpha_sweep,93.05555555555556,89.25414673007614,79.43452380952381,38.3531746031746,98.88888888888889,98.67204395221638,98.27586206896551,53.16091954022988,67.89945411371919,74.84789709665863
0.3,0.3,joint_grid,186.37756936461182,188.85628261587706,375.2338519804889,0.7849374021909233,0.38929179590099133,0.8944444444444445,0.5,/Users/chengshaozhe/Documents/DukeECClab/code/multiplePlayerGridGame_socketIO/dataAnalysis/raw_data/model_model_simulations/joint_rl/no_latent_joint_rl_shared_agency_baseline/shared_agency_commitment_signaling_joint_lambda_alpha_sweep/always_signal_vs_always_signal_2p3g_raw_trials_beta_3_lambda_0p3_alpha_0p3_sessions_0_to_29.json.zst,/Users/chengshaozhe/Documents/DukeECClab/code/multiplePlayerGridGame_socketIO/dataAnalysis/model_model/joint_rl/outputs/no_latent_joint_rl_shared_agency_baseline/simulations/shared_agency_commitment_signaling_joint_lambda_alpha_sweep/always_signal_vs_always_signal_2p3g_summary_beta_3_lambda_0p3_alpha_0p3_sessions_0_to_29.json,/Users/chengshaozhe/Documents/DukeECClab/code/multiplePlayerGridGame_socketIO/dataAnalysis/model_model/joint_rl/outputs/no_latent_joint_rl_shared_agency_baseline/simulations/shared_agency_commitment_signaling_joint_lambda_alpha_sweep/always_signal_vs_always_signal_2p3g_trials_beta_3_lambda_0p3_alpha_0p3_sessions_0_to_29.json,node /Users/chengshaozhe/Documents/DukeECClab/code/multiplePlayerGridGame_socketIO/dataAnalysis/scripts/simulate_always_signal_vs_always_signal_2p3g.js --sessions 30 --trials 12 --seed 42 --lambda 0.3 --alpha 0.3 --beta 3.0 --score logposterior --horizon 1 --unshaped-joint-rl --compact-diagnostics --output-dir /Users/chengshaozhe/Documents/DukeECClab/code/multiplePlayerGridGame_socketIO/dataAnalysis/model_model/joint_rl/outputs/no_latent_joint_rl_shared_agency_baseline/simulations/shared_agency_commitment_signaling_joint_lambda_alpha_sweep --raw-output-dir /Users/chengshaozhe/Documents/DukeECClab/code/multiplePlayerGridGame_socketIO/dataAnalysis/raw_data/model_model_simulations/joint_rl/no_latent_joint_rl_shared_agency_baseline/shared_agency_commitment_signaling_joint_lambda_alpha_sweep,93.88888888888889,89.43417404403203,79.95701058201057,37.66203703703704,98.88888888888889,98.34612466077984,98.27586206896551,50.574712643678154,67.41757325987695,73.29808419012538
0.3,0.4,joint_grid,184.86821070312234,186.9788362506855,371.8470469538079,0.7773082942097026,0.40018470588797833,0.8777777777777778,0.4859154929577465,/Users/chengshaozhe/Documents/DukeECClab/code/multiplePlayerGridGame_socketIO/dataAnalysis/raw_data/model_model_simulations/joint_rl/no_latent_joint_rl_shared_agency_baseline/shared_agency_commitment_signaling_joint_lambda_alpha_sweep/always_signal_vs_always_signal_2p3g_raw_trials_beta_3_lambda_0p3_alpha_0p4_sessions_0_to_29.json.zst,/Users/chengshaozhe/Documents/DukeECClab/code/multiplePlayerGridGame_socketIO/dataAnalysis/model_model/joint_rl/outputs/no_latent_joint_rl_shared_agency_baseline/simulations/shared_agency_commitment_signaling_joint_lambda_alpha_sweep/always_signal_vs_always_signal_2p3g_summary_beta_3_lambda_0p3_alpha_0p4_sessions_0_to_29.json,/Users/chengshaozhe/Documents/DukeECClab/code/multiplePlayerGridGame_socketIO/dataAnalysis/model_model/joint_rl/outputs/no_latent_joint_rl_shared_agency_baseline/simulations/shared_agency_commitment_signaling_joint_lambda_alpha_sweep/always_signal_vs_always_signal_2p3g_trials_beta_3_lambda_0p3_alpha_0p4_sessions_0_to_29.json,node /Users/chengshaozhe/Documents/DukeECClab/code/multiplePlayerGridGame_socketIO/dataAnalysis/scripts/simulate_always_signal_vs_always_signal_2p3g.js --sessions 30 --trials 12 --seed 42 --lambda 0.3 --alpha 0.4 --beta 3.0 --score logposterior --horizon 1 --unshaped-joint-rl --compact-diagnostics --output-dir /Users/chengshaozhe/Documents/DukeECClab/code/multiplePlayerGridGame_socketIO/dataAnalysis/model_model/joint_rl/outputs/no_latent_joint_rl_shared_agency_baseline/simulations/shared_agency_commitment_signaling_joint_lambda_alpha_sweep --raw-output-dir /Users/chengshaozhe/Documents/DukeECClab/code/multiplePlayerGridGame_socketIO/dataAnalysis/raw_data/model_model_simulations/joint_rl/no_latent_joint_rl_shared_agency_baseline/shared_agency_commitment_signaling_joint_lambda_alpha_sweep,94.16666666666667,88.94414560722778,78.35317460317461,39.23941798941799,97.77777777777777,98.40980618997861,93.96551724137932,47.98850574712644,67.7949146802043,71.58260667724512
0.3,0.5,joint_grid,182.17334108069502,188.6958815697256,370.8692226504206,0.7661189358372457,0.3892626700928875,0.8833333333333333,0.4652777777777778,/Users/chengshaozhe/Documents/DukeECClab/code/multiplePlayerGridGame_socketIO/dataAnalysis/raw_data/model_model_simulations/joint_rl/no_latent_joint_rl_shared_agency_baseline/shared_agency_commitment_signaling_joint_lambda_alpha_sweep/always_signal_vs_always_signal_2p3g_raw_trials_beta_3_lambda_0p3_alpha_0p5_sessions_0_to_29.json.zst,/Users/chengshaozhe/Documents/DukeECClab/code/multiplePlayerGridGame_socketIO/dataAnalysis/model_model/joint_rl/outputs/no_latent_joint_rl_shared_agency_baseline/simulations/shared_agency_commitment_signaling_joint_lambda_alpha_sweep/always_signal_vs_always_signal_2p3g_summary_beta_3_lambda_0p3_alpha_0p5_sessions_0_to_29.json,/Users/chengshaozhe/Documents/DukeECClab/code/multiplePlayerGridGame_socketIO/dataAnalysis/model_model/joint_rl/outputs/no_latent_joint_rl_shared_agency_baseline/simulations/shared_agency_commitment_signaling_joint_lambda_alpha_sweep/always_signal_vs_always_signal_2p3g_trials_beta_3_lambda_0p3_alpha_0p5_sessions_0_to_29.json,node /Users/chengshaozhe/Documents/DukeECClab/code/multiplePlayerGridGame_socketIO/dataAnalysis/scripts/simulate_always_signal_vs_always_signal_2p3g.js --sessions 30 --trials 12 --seed 42 --lambda 0.3 --alpha 0.5 --beta 3.0 --score logposterior --horizon 1 --unshaped-joint-rl --compact-diagnostics --output-dir /Users/chengshaozhe/Documents/DukeECClab/code/multiplePlayerGridGame_socketIO/dataAnalysis/model_model/joint_rl/outputs/no_latent_joint_rl_shared_agency_baseline/simulations/shared_agency_commitment_signaling_joint_lambda_alpha_sweep --raw-output-dir /Users/chengshaozhe/Documents/DukeECClab/code/multiplePlayerGridGame_socketIO/dataAnalysis/raw_data/model_model_simulations/joint_rl/no_latent_joint_rl_shared_agency_baseline/shared_agency_commitment_signaling_joint_lambda_alpha_sweep,93.05555555555556,88.99298496965841,76.54761904761905,38.22751322751322,98.88888888888889,98.2580081955082,94.16666666666667,46.38888888888889,66.35671892436758,69.48080114170986
0.3,0.6,joint_grid,178.91017545921747,192.96640953710934,371.8765849963268,0.727112676056338,0.36497364719096875,0.8222222222222222,0.4015151515151515,/Users/chengshaozhe/Documents/DukeECClab/code/multiplePlayerGridGame_socketIO/dataAnalysis/raw_data/model_model_simulations/joint_rl/no_latent_joint_rl_shared_agency_baseline/shared_agency_commitment_signaling_joint_lambda_alpha_sweep/always_signal_vs_always_signal_2p3g_raw_trials_beta_3_lambda_0p3_alpha_0p6_sessions_0_to_29.json.zst,/Users/chengshaozhe/Documents/DukeECClab/code/multiplePlayerGridGame_socketIO/dataAnalysis/model_model/joint_rl/outputs/no_latent_joint_rl_shared_agency_baseline/simulations/shared_agency_commitment_signaling_joint_lambda_alpha_sweep/always_signal_vs_always_signal_2p3g_summary_beta_3_lambda_0p3_alpha_0p6_sessions_0_to_29.json,/Users/chengshaozhe/Documents/DukeECClab/code/multiplePlayerGridGame_socketIO/dataAnalysis/model_model/joint_rl/outputs/no_latent_joint_rl_shared_agency_baseline/simulations/shared_agency_commitment_signaling_joint_lambda_alpha_sweep/always_signal_vs_always_signal_2p3g_trials_beta_3_lambda_0p3_alpha_0p6_sessions_0_to_29.json,node /Users/chengshaozhe/Documents/DukeECClab/code/multiplePlayerGridGame_socketIO/dataAnalysis/scripts/simulate_always_signal_vs_always_signal_2p3g.js --sessions 30 --trials 12 --seed 42 --lambda 0.3 --alpha 0.6 --beta 3.0 --score logposterior --horizon 1 --unshaped-joint-rl --compact-diagnostics --output-dir /Users/chengshaozhe/Documents/DukeECClab/code/multiplePlayerGridGame_socketIO/dataAnalysis/model_model/joint_rl/outputs/no_latent_joint_rl_shared_agency_baseline/simulations/shared_agency_commitment_signaling_joint_lambda_alpha_sweep --raw-output-dir /Users/chengshaozhe/Documents/DukeECClab/code/multiplePlayerGridGame_socketIO/dataAnalysis/raw_data/model_model_simulations/joint_rl/no_latent_joint_rl_shared_agency_baseline/shared_agency_commitment_signaling_joint_lambda_alpha_sweep,93.05555555555556,88.46028681628096,73.25727513227513,36.256613756613746,98.88888888888889,98.30876259755571,90.80459770114942,39.94252873563218,65.66020876089341,67.19562851097575
0.3,0.7,joint_grid,178.0104121527935,188.8913579457219,366.9017700985154,0.7161971830985917,0.385782354273055,0.8,0.4609375,/Users/chengshaozhe/Documents/DukeECClab/code/multiplePlayerGridGame_socketIO/dataAnalysis/raw_data/model_model_simulations/joint_rl/no_latent_joint_rl_shared_agency_baseline/shared_agency_commitment_signaling_joint_lambda_alpha_sweep/always_signal_vs_always_signal_2p3g_raw_trials_beta_3_lambda_0p3_alpha_0p7_sessions_0_to_29.json.zst,/Users/chengshaozhe/Documents/DukeECClab/code/multiplePlayerGridGame_socketIO/dataAnalysis/model_model/joint_rl/outputs/no_latent_joint_rl_shared_agency_baseline/simulations/shared_agency_commitment_signaling_joint_lambda_alpha_sweep/always_signal_vs_always_signal_2p3g_summary_beta_3_lambda_0p3_alpha_0p7_sessions_0_to_29.json,/Users/chengshaozhe/Documents/DukeECClab/code/multiplePlayerGridGame_socketIO/dataAnalysis/model_model/joint_rl/outputs/no_latent_joint_rl_shared_agency_baseline/simulations/shared_agency_commitment_signaling_joint_lambda_alpha_sweep/always_signal_vs_always_signal_2p3g_trials_beta_3_lambda_0p3_alpha_0p7_sessions_0_to_29.json,node /Users/chengshaozhe/Documents/DukeECClab/code/multiplePlayerGridGame_socketIO/dataAnalysis/scripts/simulate_always_signal_vs_always_signal_2p3g.js --sessions 30 --trials 12 --seed 42 --lambda 0.3 --alpha 0.7 --beta 3.0 --score logposterior --horizon 1 --unshaped-joint-rl --compact-diagnostics --output-dir /Users/chengshaozhe/Documents/DukeECClab/code/multiplePlayerGridGame_socketIO/dataAnalysis/model_model/joint_rl/outputs/no_latent_joint_rl_shared_agency_baseline/simulations/shared_agency_commitment_signaling_joint_lambda_alpha_sweep --raw-output-dir /Users/chengshaozhe/Documents/DukeECClab/code/multiplePlayerGridGame_socketIO/dataAnalysis/raw_data/model_model_simulations/joint_rl/no_latent_joint_rl_shared_agency_baseline/shared_agency_commitment_signaling_joint_lambda_alpha_sweep,93.61111111111111,88.5305481613439,72.19246031746032,38.00925925925926,97.77777777777777,98.67472326524052,87.35632183908045,46.83908045977011,66.99137526920535,71.36367875581632
0.3,0.8,joint_grid,177.98998801952305,194.65619301349767,372.64618103302075,0.719640062597809,0.3566359582429701,0.8222222222222222,0.46923076923076923,/Users/chengshaozhe/Documents/DukeECClab/code/multiplePlayerGridGame_socketIO/dataAnalysis/raw_data/model_model_simulations/joint_rl/no_latent_joint_rl_shared_agency_baseline/shared_agency_commitment_signaling_joint_lambda_alpha_sweep/always_signal_vs_always_signal_2p3g_raw_trials_beta_3_lambda_0p3_alpha_0p8_sessions_0_to_29.json.zst,/Users/chengshaozhe/Documents/DukeECClab/code/multiplePlayerGridGame_socketIO/dataAnalysis/model_model/joint_rl/outputs/no_latent_joint_rl_shared_agency_baseline/simulations/shared_agency_commitment_signaling_joint_lambda_alpha_sweep/always_signal_vs_always_signal_2p3g_summary_beta_3_lambda_0p3_alpha_0p8_sessions_0_to_29.json,/Users/chengshaozhe/Documents/DukeECClab/code/multiplePlayerGridGame_socketIO/dataAnalysis/model_model/joint_rl/outputs/no_latent_joint_rl_shared_agency_baseline/simulations/shared_agency_commitment_signaling_joint_lambda_alpha_sweep/always_signal_vs_always_signal_2p3g_trials_beta_3_lambda_0p3_alpha_0p8_sessions_0_to_29.json,node /Users/chengshaozhe/Documents/DukeECClab/code/multiplePlayerGridGame_socketIO/dataAnalysis/scripts/simulate_always_signal_vs_always_signal_2p3g.js --sessions 30 --trials 12 --seed 42 --lambda 0.3 --alpha 0.8 --beta 3.0 --score logposterior --horizon 1 --unshaped-joint-rl --compact-diagnostics --output-dir /Users/chengshaozhe/Documents/DukeECClab/code/multiplePlayerGridGame_socketIO/dataAnalysis/model_model/joint_rl/outputs/no_latent_joint_rl_shared_agency_baseline/simulations/shared_agency_commitment_signaling_joint_lambda_alpha_sweep --raw-output-dir /Users/chengshaozhe/Documents/DukeECClab/code/multiplePlayerGridGame_socketIO/dataAnalysis/raw_data/model_model_simulations/joint_rl/no_latent_joint_rl_shared_agency_baseline/shared_agency_commitment_signaling_joint_lambda_alpha_sweep,92.22222222222223,88.23197995999793,71.79232804232804,34.45767195767195,97.77777777777777,98.41842648092648,87.5,50.83333333333333,65.0307304302946,72.61717534818018
0.3,0.9,joint_grid,178.44300577419213,194.68492136325054,373.12792713744267,0.7123630672926449,0.35535404729486886,0.7944444444444444,0.44029850746268656,/Users/chengshaozhe/Documents/DukeECClab/code/multiplePlayerGridGame_socketIO/dataAnalysis/raw_data/model_model_simulations/joint_rl/no_latent_joint_rl_shared_agency_baseline/shared_agency_commitment_signaling_joint_lambda_alpha_sweep/always_signal_vs_always_signal_2p3g_raw_trials_beta_3_lambda_0p3_alpha_0p9_sessions_0_to_29.json.zst,/Users/chengshaozhe/Documents/DukeECClab/code/multiplePlayerGridGame_socketIO/dataAnalysis/model_model/joint_rl/outputs/no_latent_joint_rl_shared_agency_baseline/simulations/shared_agency_commitment_signaling_joint_lambda_alpha_sweep/always_signal_vs_always_signal_2p3g_summary_beta_3_lambda_0p3_alpha_0p9_sessions_0_to_29.json,/Users/chengshaozhe/Documents/DukeECClab/code/multiplePlayerGridGame_socketIO/dataAnalysis/model_model/joint_rl/outputs/no_latent_joint_rl_shared_agency_baseline/simulations/shared_agency_commitment_signaling_joint_lambda_alpha_sweep/always_signal_vs_always_signal_2p3g_trials_beta_3_lambda_0p3_alpha_0p9_sessions_0_to_29.json,node /Users/chengshaozhe/Documents/DukeECClab/code/multiplePlayerGridGame_socketIO/dataAnalysis/scripts/simulate_always_signal_vs_always_signal_2p3g.js --sessions 30 --trials 12 --seed 42 --lambda 0.3 --alpha 0.9 --beta 3.0 --score logposterior --horizon 1 --unshaped-joint-rl --compact-diagnostics --output-dir /Users/chengshaozhe/Documents/DukeECClab/code/multiplePlayerGridGame_socketIO/dataAnalysis/model_model/joint_rl/outputs/no_latent_joint_rl_shared_agency_baseline/simulations/shared_agency_commitment_signaling_joint_lambda_alpha_sweep --raw-output-dir /Users/chengshaozhe/Documents/DukeECClab/code/multiplePlayerGridGame_socketIO/dataAnalysis/raw_data/model_model_simulations/joint_rl/no_latent_joint_rl_shared_agency_baseline/shared_agency_commitment_signaling_joint_lambda_alpha_sweep,91.11111111111111,88.46533120971823,72.23214285714286,34.71230158730158,96.66666666666667,98.77782171532172,83.88888888888889,46.666666666666664,65.28873495526355,71.67023824559222
0.3,1.0,joint_grid,178.18663291265258,193.72022867395597,371.90686158660856,0.7289906103286385,0.3635566958949975,0.8333333333333334,0.4857142857142857,/Users/chengshaozhe/Documents/DukeECClab/code/multiplePlayerGridGame_socketIO/dataAnalysis/raw_data/model_model_simulations/joint_rl/no_latent_joint_rl_shared_agency_baseline/shared_agency_commitment_signaling_joint_lambda_alpha_sweep/always_signal_vs_always_signal_2p3g_raw_trials_beta_3_lambda_0p3_alpha_1_sessions_0_to_29.json.zst,/Users/chengshaozhe/Documents/DukeECClab/code/multiplePlayerGridGame_socketIO/dataAnalysis/model_model/joint_rl/outputs/no_latent_joint_rl_shared_agency_baseline/simulations/shared_agency_commitment_signaling_joint_lambda_alpha_sweep/always_signal_vs_always_signal_2p3g_summary_beta_3_lambda_0p3_alpha_1_sessions_0_to_29.json,/Users/chengshaozhe/Documents/DukeECClab/code/multiplePlayerGridGame_socketIO/dataAnalysis/model_model/joint_rl/outputs/no_latent_joint_rl_shared_agency_baseline/simulations/shared_agency_commitment_signaling_joint_lambda_alpha_sweep/always_signal_vs_always_signal_2p3g_trials_beta_3_lambda_0p3_alpha_1_sessions_0_to_29.json,node /Users/chengshaozhe/Documents/DukeECClab/code/multiplePlayerGridGame_socketIO/dataAnalysis/scripts/simulate_always_signal_vs_always_signal_2p3g.js --sessions 30 --trials 12 --seed 42 --lambda 0.3 --alpha 1.0 --beta 3.0 --score logposterior --horizon 1 --unshaped-joint-rl --compact-diagnostics --output-dir /Users/chengshaozhe/Documents/DukeECClab/code/multiplePlayerGridGame_socketIO/dataAnalysis/model_model/joint_rl/outputs/no_latent_joint_rl_shared_agency_baseline/simulations/shared_agency_commitment_signaling_joint_lambda_alpha_sweep --raw-output-dir /Users/chengshaozhe/Documents/DukeECClab/code/multiplePlayerGridGame_socketIO/dataAnalysis/raw_data/model_model_simulations/joint_rl/no_latent_joint_rl_shared_agency_baseline/shared_agency_commitment_signaling_joint_lambda_alpha_sweep,91.94444444444444,88.56428589260148,73.88888888888889,35.205026455026456,97.77777777777777,98.59402865652866,89.44444444444443,50.83333333333333,65.03524980764044,72.50466673498761
0.5,0.0,joint_grid,191.0627324226212,188.18410232434823,379.2468347469694,0.7993740219092331,0.38948443290187224,0.8944444444444445,0.45652173913043476,/Users/chengshaozhe/Documents/DukeECClab/code/multiplePlayerGridGame_socketIO/dataAnalysis/raw_data/model_model_simulations/joint_rl/no_latent_joint_rl_shared_agency_baseline/shared_agency_commitment_no_signaling_lambda_sweep/always_signal_vs_always_signal_2p3g_raw_trials_beta_3_lambda_0p5_alpha_0_sessions_0_to_29.json.zst,/Users/chengshaozhe/Documents/DukeECClab/code/multiplePlayerGridGame_socketIO/dataAnalysis/model_model/joint_rl/outputs/no_latent_joint_rl_shared_agency_baseline/simulations/shared_agency_commitment_no_signaling_lambda_sweep/always_signal_vs_always_signal_2p3g_summary_beta_3_lambda_0p5_alpha_0_sessions_0_to_29.json,/Users/chengshaozhe/Documents/DukeECClab/code/multiplePlayerGridGame_socketIO/dataAnalysis/model_model/joint_rl/outputs/no_latent_joint_rl_shared_agency_baseline/simulations/shared_agency_commitment_no_signaling_lambda_sweep/always_signal_vs_always_signal_2p3g_trials_beta_3_lambda_0p5_alpha_0_sessions_0_to_29.json,node /Users/chengshaozhe/Documents/DukeECClab/code/multiplePlayerGridGame_socketIO/dataAnalysis/scripts/simulate_always_signal_vs_always_signal_2p3g.js --sessions 30 --trials 12 --seed 42 --lambda 0.5 --alpha 0.0 --beta 3.0 --score logposterior --horizon 1 --unshaped-joint-rl --compact-diagnostics --output-dir /Users/chengshaozhe/Documents/DukeECClab/code/multiplePlayerGridGame_socketIO/dataAnalysis/model_model/joint_rl/outputs/no_latent_joint_rl_shared_agency_baseline/simulations/shared_agency_commitment_no_signaling_lambda_sweep --raw-output-dir /Users/chengshaozhe/Documents/DukeECClab/code/multiplePlayerGridGame_socketIO/dataAnalysis/raw_data/model_model_simulations/joint_rl/no_latent_joint_rl_shared_agency_baseline/shared_agency_commitment_no_signaling_lambda_sweep,91.94444444444444,89.62727799830974,81.28968253968253,38.00264550264551,98.88888888888889,99.20029443736343,96.26436781609195,45.97701149425287,68.77444391100414,73.40984028325401
0.5,0.1,joint_grid,192.53212511285116,185.67458736693925,378.20671247979044,0.8051643192488263,0.4094298078199083,0.8833333333333333,0.4927536231884058,/Users/chengshaozhe/Documents/DukeECClab/code/multiplePlayerGridGame_socketIO/dataAnalysis/raw_data/model_model_simulations/joint_rl/no_latent_joint_rl_shared_agency_baseline/shared_agency_commitment_signaling_joint_lambda_alpha_sweep/always_signal_vs_always_signal_2p3g_raw_trials_beta_3_lambda_0p5_alpha_0p1_sessions_0_to_29.json.zst,/Users/chengshaozhe/Documents/DukeECClab/code/multiplePlayerGridGame_socketIO/dataAnalysis/model_model/joint_rl/outputs/no_latent_joint_rl_shared_agency_baseline/simulations/shared_agency_commitment_signaling_joint_lambda_alpha_sweep/always_signal_vs_always_signal_2p3g_summary_beta_3_lambda_0p5_alpha_0p1_sessions_0_to_29.json,/Users/chengshaozhe/Documents/DukeECClab/code/multiplePlayerGridGame_socketIO/dataAnalysis/model_model/joint_rl/outputs/no_latent_joint_rl_shared_agency_baseline/simulations/shared_agency_commitment_signaling_joint_lambda_alpha_sweep/always_signal_vs_always_signal_2p3g_trials_beta_3_lambda_0p5_alpha_0p1_sessions_0_to_29.json,node /Users/chengshaozhe/Documents/DukeECClab/code/multiplePlayerGridGame_socketIO/dataAnalysis/scripts/simulate_always_signal_vs_always_signal_2p3g.js --sessions 30 --trials 12 --seed 42 --lambda 0.5 --alpha 0.1 --beta 3.0 --score logposterior --horizon 1 --unshaped-joint-rl --compact-diagnostics --output-dir /Users/chengshaozhe/Documents/DukeECClab/code/multiplePlayerGridGame_socketIO/dataAnalysis/model_model/joint_rl/outputs/no_latent_joint_rl_shared_agency_baseline/simulations/shared_agency_commitment_signaling_joint_lambda_alpha_sweep --raw-output-dir /Users/chengshaozhe/Documents/DukeECClab/code/multiplePlayerGridGame_socketIO/dataAnalysis/raw_data/model_model_simulations/joint_rl/no_latent_joint_rl_shared_agency_baseline/shared_agency_commitment_signaling_joint_lambda_alpha_sweep,93.05555555555556,89.75043297017504,82.6984126984127,39.95701058201058,100.0,99.22298303548305,97.22222222222221,48.888888888888886,69.60725030098534,74.26953149843497
0.5,0.2,joint_grid,187.89123053952352,186.05424387940872,373.94547441893224,0.7901017214397497,0.41322563508161886,0.9,0.5073529411764706,/Users/chengshaozhe/Documents/DukeECClab/code/multiplePlayerGridGame_socketIO/dataAnalysis/raw_data/model_model_simulations/joint_rl/no_latent_joint_rl_shared_agency_baseline/shared_agency_commitment_signaling_joint_lambda_alpha_sweep/always_signal_vs_always_signal_2p3g_raw_trials_beta_3_lambda_0p5_alpha_0p2_sessions_0_to_29.json.zst,/Users/chengshaozhe/Documents/DukeECClab/code/multiplePlayerGridGame_socketIO/dataAnalysis/model_model/joint_rl/outputs/no_latent_joint_rl_shared_agency_baseline/simulations/shared_agency_commitment_signaling_joint_lambda_alpha_sweep/always_signal_vs_always_signal_2p3g_summary_beta_3_lambda_0p5_alpha_0p2_sessions_0_to_29.json,/Users/chengshaozhe/Documents/DukeECClab/code/multiplePlayerGridGame_socketIO/dataAnalysis/model_model/joint_rl/outputs/no_latent_joint_rl_shared_agency_baseline/simulations/shared_agency_commitment_signaling_joint_lambda_alpha_sweep/always_signal_vs_always_signal_2p3g_trials_beta_3_lambda_0p5_alpha_0p2_sessions_0_to_29.json,node /Users/chengshaozhe/Documents/DukeECClab/code/multiplePlayerGridGame_socketIO/dataAnalysis/scripts/simulate_always_signal_vs_always_signal_2p3g.js --sessions 30 --trials 12 --seed 42 --lambda 0.5 --alpha 0.2 --beta 3.0 --score logposterior --horizon 1 --unshaped-joint-rl --compact-diagnostics --output-dir /Users/chengshaozhe/Documents/DukeECClab/code/multiplePlayerGridGame_socketIO/dataAnalysis/model_model/joint_rl/outputs/no_latent_joint_rl_shared_agency_baseline/simulations/shared_agency_commitment_signaling_joint_lambda_alpha_sweep --raw-output-dir /Users/chengshaozhe/Documents/DukeECClab/code/multiplePlayerGridGame_socketIO/dataAnalysis/raw_data/model_model_simulations/joint_rl/no_latent_joint_rl_shared_agency_baseline/shared_agency_commitment_signaling_joint_lambda_alpha_sweep,93.05555555555556,90.11269099433783,80.90277777777779,40.3042328042328,100.0,99.16943473193473,97.5,49.44444444444444,69.43219850969979,73.70830756978835
0.5,0.3,joint_grid,189.4125504762714,187.53892028977882,376.9514707660502,0.7957355242566511,0.3997113200505691,0.8944444444444445,0.4927536231884058,/Users/chengshaozhe/Documents/DukeECClab/code/multiplePlayerGridGame_socketIO/dataAnalysis/raw_data/model_model_simulations/joint_rl/no_latent_joint_rl_shared_agency_baseline/shared_agency_commitment_signaling_joint_lambda_alpha_sweep/always_signal_vs_always_signal_2p3g_raw_trials_beta_3_lambda_0p5_alpha_0p3_sessions_0_to_29.json.zst,/Users/chengshaozhe/Documents/DukeECClab/code/multiplePlayerGridGame_socketIO/dataAnalysis/model_model/joint_rl/outputs/no_latent_joint_rl_shared_agency_baseline/simulations/shared_agency_commitment_signaling_joint_lambda_alpha_sweep/always_signal_vs_always_signal_2p3g_summary_beta_3_lambda_0p5_alpha_0p3_sessions_0_to_29.json,/Users/chengshaozhe/Documents/DukeECClab/code/multiplePlayerGridGame_socketIO/dataAnalysis/model_model/joint_rl/outputs/no_latent_joint_rl_shared_agency_baseline/simulations/shared_agency_commitment_signaling_joint_lambda_alpha_sweep/always_signal_vs_always_signal_2p3g_trials_beta_3_lambda_0p5_alpha_0p3_sessions_0_to_29.json,node /Users/chengshaozhe/Documents/DukeECClab/code/multiplePlayerGridGame_socketIO/dataAnalysis/scripts/simulate_always_signal_vs_always_signal_2p3g.js --sessions 30 --trials 12 --seed 42 --lambda 0.5 --alpha 0.3 --beta 3.0 --score logposterior --horizon 1 --unshaped-joint-rl --compact-diagnostics --output-dir /Users/chengshaozhe/Documents/DukeECClab/code/multiplePlayerGridGame_socketIO/dataAnalysis/model_model/joint_rl/outputs/no_latent_joint_rl_shared_agency_baseline/simulations/shared_agency_commitment_signaling_joint_lambda_alpha_sweep --raw-output-dir /Users/chengshaozhe/Documents/DukeECClab/code/multiplePlayerGridGame_socketIO/dataAnalysis/raw_data/model_model_simulations/joint_rl/no_latent_joint_rl_shared_agency_baseline/shared_agency_commitment_signaling_joint_lambda_alpha_sweep,93.61111111111111,90.09720588420986,81.65343915343914,38.96494708994708,100.0,99.28559634809635,97.5,47.77777777777778,68.90932521055717,73.1367294784662
0.5,0.4,joint_grid,188.83993226820547,189.0138790168603,377.8538112850658,0.7918622848200312,0.3945186211331216,0.9055555555555556,0.4855072463768116,/Users/chengshaozhe/Documents/DukeECClab/code/multiplePlayerGridGame_socketIO/dataAnalysis/raw_data/model_model_simulations/joint_rl/no_latent_joint_rl_shared_agency_baseline/shared_agency_commitment_signaling_joint_lambda_alpha_sweep/always_signal_vs_always_signal_2p3g_raw_trials_beta_3_lambda_0p5_alpha_0p4_sessions_0_to_29.json.zst,/Users/chengshaozhe/Documents/DukeECClab/code/multiplePlayerGridGame_socketIO/dataAnalysis/model_model/joint_rl/outputs/no_latent_joint_rl_shared_agency_baseline/simulations/shared_agency_commitment_signaling_joint_lambda_alpha_sweep/always_signal_vs_always_signal_2p3g_summary_beta_3_lambda_0p5_alpha_0p4_sessions_0_to_29.json,/Users/chengshaozhe/Documents/DukeECClab/code/multiplePlayerGridGame_socketIO/dataAnalysis/model_model/joint_rl/outputs/no_latent_joint_rl_shared_agency_baseline/simulations/shared_agency_commitment_signaling_joint_lambda_alpha_sweep/always_signal_vs_always_signal_2p3g_trials_beta_3_lambda_0p5_alpha_0p4_sessions_0_to_29.json,node /Users/chengshaozhe/Documents/DukeECClab/code/multiplePlayerGridGame_socketIO/dataAnalysis/scripts/simulate_always_signal_vs_always_signal_2p3g.js --sessions 30 --trials 12 --seed 42 --lambda 0.5 --alpha 0.4 --beta 3.0 --score logposterior --horizon 1 --unshaped-joint-rl --compact-diagnostics --output-dir /Users/chengshaozhe/Documents/DukeECClab/code/multiplePlayerGridGame_socketIO/dataAnalysis/model_model/joint_rl/outputs/no_latent_joint_rl_shared_agency_baseline/simulations/shared_agency_commitment_signaling_joint_lambda_alpha_sweep --raw-output-dir /Users/chengshaozhe/Documents/DukeECClab/code/multiplePlayerGridGame_socketIO/dataAnalysis/raw_data/model_model_simulations/joint_rl/no_latent_joint_rl_shared_agency_baseline/shared_agency_commitment_signaling_joint_lambda_alpha_sweep,94.44444444444444,90.09788185433028,80.96891534391534,38.68055555555554,100.0,99.27372550289218,98.05555555555556,46.666666666666664,68.41881239128004,71.92877622645901
0.5,0.5,joint_grid,187.48341708933495,186.59290013210824,374.0763172214432,0.7902582159624413,0.40860956306358603,0.8944444444444445,0.5075757575757576,/Users/chengshaozhe/Documents/DukeECClab/code/multiplePlayerGridGame_socketIO/dataAnalysis/raw_data/model_model_simulations/joint_rl/no_latent_joint_rl_shared_agency_baseline/shared_agency_commitment_signaling_joint_lambda_alpha_sweep/always_signal_vs_always_signal_2p3g_raw_trials_beta_3_lambda_0p5_alpha_0p5_sessions_0_to_29.json.zst,/Users/chengshaozhe/Documents/DukeECClab/code/multiplePlayerGridGame_socketIO/dataAnalysis/model_model/joint_rl/outputs/no_latent_joint_rl_shared_agency_baseline/simulations/shared_agency_commitment_signaling_joint_lambda_alpha_sweep/always_signal_vs_always_signal_2p3g_summary_beta_3_lambda_0p5_alpha_0p5_sessions_0_to_29.json,/Users/chengshaozhe/Documents/DukeECClab/code/multiplePlayerGridGame_socketIO/dataAnalysis/model_model/joint_rl/outputs/no_latent_joint_rl_shared_agency_baseline/simulations/shared_agency_commitment_signaling_joint_lambda_alpha_sweep/always_signal_vs_always_signal_2p3g_trials_beta_3_lambda_0p5_alpha_0p5_sessions_0_to_29.json,node /Users/chengshaozhe/Documents/DukeECClab/code/multiplePlayerGridGame_socketIO/dataAnalysis/scripts/simulate_always_signal_vs_always_signal_2p3g.js --sessions 30 --trials 12 --seed 42 --lambda 0.5 --alpha 0.5 --beta 3.0 --score logposterior --horizon 1 --unshaped-joint-rl --compact-diagnostics --output-dir /Users/chengshaozhe/Documents/DukeECClab/code/multiplePlayerGridGame_socketIO/dataAnalysis/model_model/joint_rl/outputs/no_latent_joint_rl_shared_agency_baseline/simulations/shared_agency_commitment_signaling_joint_lambda_alpha_sweep --raw-output-dir /Users/chengshaozhe/Documents/DukeECClab/code/multiplePlayerGridGame_socketIO/dataAnalysis/raw_data/model_model_simulations/joint_rl/no_latent_joint_rl_shared_agency_baseline/shared_agency_commitment_signaling_joint_lambda_alpha_sweep,93.61111111111111,89.91046056199825,81.12433862433862,39.53373015873016,100.0,99.27372550289218,98.05555555555556,48.05555555555555,68.61323870962326,72.48204401716013
0.5,0.6,joint_grid,186.37552058609083,189.74565097662443,376.1211715627153,0.786697965571205,0.38433569480355123,0.9055555555555556,0.4492753623188406,/Users/chengshaozhe/Documents/DukeECClab/code/multiplePlayerGridGame_socketIO/dataAnalysis/raw_data/model_model_simulations/joint_rl/no_latent_joint_rl_shared_agency_baseline/shared_agency_commitment_signaling_joint_lambda_alpha_sweep/always_signal_vs_always_signal_2p3g_raw_trials_beta_3_lambda_0p5_alpha_0p6_sessions_0_to_29.json.zst,/Users/chengshaozhe/Documents/DukeECClab/code/multiplePlayerGridGame_socketIO/dataAnalysis/model_model/joint_rl/outputs/no_latent_joint_rl_shared_agency_baseline/simulations/shared_agency_commitment_signaling_joint_lambda_alpha_sweep/always_signal_vs_always_signal_2p3g_summary_beta_3_lambda_0p5_alpha_0p6_sessions_0_to_29.json,/Users/chengshaozhe/Documents/DukeECClab/code/multiplePlayerGridGame_socketIO/dataAnalysis/model_model/joint_rl/outputs/no_latent_joint_rl_shared_agency_baseline/simulations/shared_agency_commitment_signaling_joint_lambda_alpha_sweep/always_signal_vs_always_signal_2p3g_trials_beta_3_lambda_0p5_alpha_0p6_sessions_0_to_29.json,node /Users/chengshaozhe/Documents/DukeECClab/code/multiplePlayerGridGame_socketIO/dataAnalysis/scripts/simulate_always_signal_vs_always_signal_2p3g.js --sessions 30 --trials 12 --seed 42 --lambda 0.5 --alpha 0.6 --beta 3.0 --score logposterior --horizon 1 --unshaped-joint-rl --compact-diagnostics --output-dir /Users/chengshaozhe/Documents/DukeECClab/code/multiplePlayerGridGame_socketIO/dataAnalysis/model_model/joint_rl/outputs/no_latent_joint_rl_shared_agency_baseline/simulations/shared_agency_commitment_signaling_joint_lambda_alpha_sweep --raw-output-dir /Users/chengshaozhe/Documents/DukeECClab/code/multiplePlayerGridGame_socketIO/dataAnalysis/raw_data/model_model_simulations/joint_rl/no_latent_joint_rl_shared_agency_baseline/shared_agency_commitment_signaling_joint_lambda_alpha_sweep,94.16666666666667,90.17047780812662,80.95568783068784,37.79100529100529,100.0,99.38590499007165,99.16666666666667,42.49999999999999,67.56667044768808,69.45043614871145
0.5,0.7,joint_grid,191.40042966467104,191.66050415664253,383.0609338213136,0.7998435054773083,0.37739340378409997,0.8777777777777778,0.4772727272727273,/Users/chengshaozhe/Documents/DukeECClab/code/multiplePlayerGridGame_socketIO/dataAnalysis/raw_data/model_model_simulations/joint_rl/no_latent_joint_rl_shared_agency_baseline/shared_agency_commitment_signaling_joint_lambda_alpha_sweep/always_signal_vs_always_signal_2p3g_raw_trials_beta_3_lambda_0p5_alpha_0p7_sessions_0_to_29.json.zst,/Users/chengshaozhe/Documents/DukeECClab/code/multiplePlayerGridGame_socketIO/dataAnalysis/model_model/joint_rl/outputs/no_latent_joint_rl_shared_agency_baseline/simulations/shared_agency_commitment_signaling_joint_lambda_alpha_sweep/always_signal_vs_always_signal_2p3g_summary_beta_3_lambda_0p5_alpha_0p7_sessions_0_to_29.json,/Users/chengshaozhe/Documents/DukeECClab/code/multiplePlayerGridGame_socketIO/dataAnalysis/model_model/joint_rl/outputs/no_latent_joint_rl_shared_agency_baseline/simulations/shared_agency_commitment_signaling_joint_lambda_alpha_sweep/always_signal_vs_always_signal_2p3g_trials_beta_3_lambda_0p5_alpha_0p7_sessions_0_to_29.json,node /Users/chengshaozhe/Documents/DukeECClab/code/multiplePlayerGridGame_socketIO/dataAnalysis/scripts/simulate_always_signal_vs_always_signal_2p3g.js --sessions 30 --trials 12 --seed 42 --lambda 0.5 --alpha 0.7 --beta 3.0 --score logposterior --horizon 1 --unshaped-joint-rl --compact-diagnostics --output-dir /Users/chengshaozhe/Documents/DukeECClab/code/multiplePlayerGridGame_socketIO/dataAnalysis/model_model/joint_rl/outputs/no_latent_joint_rl_shared_agency_baseline/simulations/shared_agency_commitment_signaling_joint_lambda_alpha_sweep --raw-output-dir /Users/chengshaozhe/Documents/DukeECClab/code/multiplePlayerGridGame_socketIO/dataAnalysis/raw_data/model_model_simulations/joint_rl/no_latent_joint_rl_shared_agency_baseline/shared_agency_commitment_signaling_joint_lambda_alpha_sweep,95.27777777777777,89.56663502025604,82.58267195767196,36.17724867724868,100.0,99.27550612967279,97.5,45.55555555555556,66.8782582963283,71.33493447923162
0.5,0.8,joint_grid,187.1862305393778,191.0105617878595,378.1967923272373,0.786658841940532,0.38054661466772416,0.8777777777777778,0.4921875,/Users/chengshaozhe/Documents/DukeECClab/code/multiplePlayerGridGame_socketIO/dataAnalysis/raw_data/model_model_simulations/joint_rl/no_latent_joint_rl_shared_agency_baseline/shared_agency_commitment_signaling_joint_lambda_alpha_sweep/always_signal_vs_always_signal_2p3g_raw_trials_beta_3_lambda_0p5_alpha_0p8_sessions_0_to_29.json.zst,/Users/chengshaozhe/Documents/DukeECClab/code/multiplePlayerGridGame_socketIO/dataAnalysis/model_model/joint_rl/outputs/no_latent_joint_rl_shared_agency_baseline/simulations/shared_agency_commitment_signaling_joint_lambda_alpha_sweep/always_signal_vs_always_signal_2p3g_summary_beta_3_lambda_0p5_alpha_0p8_sessions_0_to_29.json,/Users/chengshaozhe/Documents/DukeECClab/code/multiplePlayerGridGame_socketIO/dataAnalysis/model_model/joint_rl/outputs/no_latent_joint_rl_shared_agency_baseline/simulations/shared_agency_commitment_signaling_joint_lambda_alpha_sweep/always_signal_vs_always_signal_2p3g_trials_beta_3_lambda_0p5_alpha_0p8_sessions_0_to_29.json,node /Users/chengshaozhe/Documents/DukeECClab/code/multiplePlayerGridGame_socketIO/dataAnalysis/scripts/simulate_always_signal_vs_always_signal_2p3g.js --sessions 30 --trials 12 --seed 42 --lambda 0.5 --alpha 0.8 --beta 3.0 --score logposterior --horizon 1 --unshaped-joint-rl --compact-diagnostics --output-dir /Users/chengshaozhe/Documents/DukeECClab/code/multiplePlayerGridGame_socketIO/dataAnalysis/model_model/joint_rl/outputs/no_latent_joint_rl_shared_agency_baseline/simulations/shared_agency_commitment_signaling_joint_lambda_alpha_sweep --raw-output-dir /Users/chengshaozhe/Documents/DukeECClab/code/multiplePlayerGridGame_socketIO/dataAnalysis/raw_data/model_model_simulations/joint_rl/no_latent_joint_rl_shared_agency_baseline/shared_agency_commitment_signaling_joint_lambda_alpha_sweep,94.72222222222221,89.48693359110025,79.94047619047619,36.35582010582011,100.0,99.11400867650867,96.38888888888889,47.22222222222222,66.87313905028155,72.4869759786556
0.5,0.9,joint_grid,184.61985533950883,197.64328066987338,382.2631360093822,0.7755477308294209,0.3436264822134388,0.8722222222222222,0.41304347826086957,/Users/chengshaozhe/Documents/DukeECClab/code/multiplePlayerGridGame_socketIO/dataAnalysis/raw_data/model_model_simulations/joint_rl/no_latent_joint_rl_shared_agency_baseline/shared_agency_commitment_signaling_joint_lambda_alpha_sweep/always_signal_vs_always_signal_2p3g_raw_trials_beta_3_lambda_0p5_alpha_0p9_sessions_0_to_29.json.zst,/Users/chengshaozhe/Documents/DukeECClab/code/multiplePlayerGridGame_socketIO/dataAnalysis/model_model/joint_rl/outputs/no_latent_joint_rl_shared_agency_baseline/simulations/shared_agency_commitment_signaling_joint_lambda_alpha_sweep/always_signal_vs_always_signal_2p3g_summary_beta_3_lambda_0p5_alpha_0p9_sessions_0_to_29.json,/Users/chengshaozhe/Documents/DukeECClab/code/multiplePlayerGridGame_socketIO/dataAnalysis/model_model/joint_rl/outputs/no_latent_joint_rl_shared_agency_baseline/simulations/shared_agency_commitment_signaling_joint_lambda_alpha_sweep/always_signal_vs_always_signal_2p3g_trials_beta_3_lambda_0p5_alpha_0p9_sessions_0_to_29.json,node /Users/chengshaozhe/Documents/DukeECClab/code/multiplePlayerGridGame_socketIO/dataAnalysis/scripts/simulate_always_signal_vs_always_signal_2p3g.js --sessions 30 --trials 12 --seed 42 --lambda 0.5 --alpha 0.9 --beta 3.0 --score logposterior --horizon 1 --unshaped-joint-rl --compact-diagnostics --output-dir /Users/chengshaozhe/Documents/DukeECClab/code/multiplePlayerGridGame_socketIO/dataAnalysis/model_model/joint_rl/outputs/no_latent_joint_rl_shared_agency_baseline/simulations/shared_agency_commitment_signaling_joint_lambda_alpha_sweep --raw-output-dir /Users/chengshaozhe/Documents/DukeECClab/code/multiplePlayerGridGame_socketIO/dataAnalysis/raw_data/model_model_simulations/joint_rl/no_latent_joint_rl_shared_agency_baseline/shared_agency_commitment_signaling_joint_lambda_alpha_sweep,94.16666666666667,89.66580366282747,79.99669312169311,33.29034391534391,100.0,99.10668266918267,93.88888888888887,39.44444444444444,65.45241359218916,68.99063326002778
0.5,1.0,joint_grid,185.72666385427172,193.82268363815348,379.5493474924252,0.7828638497652581,0.3631127394409733,0.8888888888888888,0.4791666666666667,/Users/chengshaozhe/Documents/DukeECClab/code/multiplePlayerGridGame_socketIO/dataAnalysis/raw_data/model_model_simulations/joint_rl/no_latent_joint_rl_shared_agency_baseline/shared_agency_commitment_signaling_joint_lambda_alpha_sweep/always_signal_vs_always_signal_2p3g_raw_trials_beta_3_lambda_0p5_alpha_1_sessions_0_to_29.json.zst,/Users/chengshaozhe/Documents/DukeECClab/code/multiplePlayerGridGame_socketIO/dataAnalysis/model_model/joint_rl/outputs/no_latent_joint_rl_shared_agency_baseline/simulations/shared_agency_commitment_signaling_joint_lambda_alpha_sweep/always_signal_vs_always_signal_2p3g_summary_beta_3_lambda_0p5_alpha_1_sessions_0_to_29.json,/Users/chengshaozhe/Documents/DukeECClab/code/multiplePlayerGridGame_socketIO/dataAnalysis/model_model/joint_rl/outputs/no_latent_joint_rl_shared_agency_baseline/simulations/shared_agency_commitment_signaling_joint_lambda_alpha_sweep/always_signal_vs_always_signal_2p3g_trials_beta_3_lambda_0p5_alpha_1_sessions_0_to_29.json,node /Users/chengshaozhe/Documents/DukeECClab/code/multiplePlayerGridGame_socketIO/dataAnalysis/scripts/simulate_always_signal_vs_always_signal_2p3g.js --sessions 30 --trials 12 --seed 42 --lambda 0.5 --alpha 1.0 --beta 3.0 --score logposterior --horizon 1 --unshaped-joint-rl --compact-diagnostics --output-dir /Users/chengshaozhe/Documents/DukeECClab/code/multiplePlayerGridGame_socketIO/dataAnalysis/model_model/joint_rl/outputs/no_latent_joint_rl_shared_agency_baseline/simulations/shared_agency_commitment_signaling_joint_lambda_alpha_sweep --raw-output-dir /Users/chengshaozhe/Documents/DukeECClab/code/multiplePlayerGridGame_socketIO/dataAnalysis/raw_data/model_model_simulations/joint_rl/no_latent_joint_rl_shared_agency_baseline/shared_agency_commitment_signaling_joint_lambda_alpha_sweep,94.16666666666667,89.66480319202752,80.36044973544973,35.12235449735449,100.0,99.34709272209271,95.55555555555554,48.05555555555554,66.44934123514886,72.59323374125334
1.0,0.0,joint_grid,195.85995329985363,189.40883533690425,385.2687886367579,0.8181533646322379,0.38324968970913603,0.9,0.45774647887323944,/Users/chengshaozhe/Documents/DukeECClab/code/multiplePlayerGridGame_socketIO/dataAnalysis/raw_data/model_model_simulations/joint_rl/no_latent_joint_rl_shared_agency_baseline/shared_agency_commitment_no_signaling_lambda_sweep/always_signal_vs_always_signal_2p3g_raw_trials_beta_3_lambda_1_alpha_0_sessions_0_to_29.json.zst,/Users/chengshaozhe/Documents/DukeECClab/code/multiplePlayerGridGame_socketIO/dataAnalysis/model_model/joint_rl/outputs/no_latent_joint_rl_shared_agency_baseline/simulations/shared_agency_commitment_no_signaling_lambda_sweep/always_signal_vs_always_signal_2p3g_summary_beta_3_lambda_1_alpha_0_sessions_0_to_29.json,/Users/chengshaozhe/Documents/DukeECClab/code/multiplePlayerGridGame_socketIO/dataAnalysis/model_model/joint_rl/outputs/no_latent_joint_rl_shared_agency_baseline/simulations/shared_agency_commitment_no_signaling_lambda_sweep/always_signal_vs_always_signal_2p3g_trials_beta_3_lambda_1_alpha_0_sessions_0_to_29.json,node /Users/chengshaozhe/Documents/DukeECClab/code/multiplePlayerGridGame_socketIO/dataAnalysis/scripts/simulate_always_signal_vs_always_signal_2p3g.js --sessions 30 --trials 12 --seed 42 --lambda 1.0 --alpha 0.0 --beta 3.0 --score logposterior --horizon 1 --unshaped-joint-rl --compact-diagnostics --output-dir /Users/chengshaozhe/Documents/DukeECClab/code/multiplePlayerGridGame_socketIO/dataAnalysis/model_model/joint_rl/outputs/no_latent_joint_rl_shared_agency_baseline/simulations/shared_agency_commitment_no_signaling_lambda_sweep --raw-output-dir /Users/chengshaozhe/Documents/DukeECClab/code/multiplePlayerGridGame_socketIO/dataAnalysis/raw_data/model_model_simulations/joint_rl/no_latent_joint_rl_shared_agency_baseline/shared_agency_commitment_no_signaling_lambda_sweep,93.33333333333333,90.43714383059618,83.95171957671957,37.797619047619044,100.0,99.5820707070707,96.66666666666667,45.55555555555556,68.83002201551906,72.8516405660592
1.0,0.1,joint_grid,195.9550649351168,187.9143542215105,383.8694191566273,0.818114241001565,0.3953459363274064,0.9,0.4927536231884058,/Users/chengshaozhe/Documents/DukeECClab/code/multiplePlayerGridGame_socketIO/dataAnalysis/raw_data/model_model_simulations/joint_rl/no_latent_joint_rl_shared_agency_baseline/shared_agency_commitment_signaling_joint_lambda_alpha_sweep/always_signal_vs_always_signal_2p3g_raw_trials_beta_3_lambda_1_alpha_0p1_sessions_0_to_29.json.zst,/Users/chengshaozhe/Documents/DukeECClab/code/multiplePlayerGridGame_socketIO/dataAnalysis/model_model/joint_rl/outputs/no_latent_joint_rl_shared_agency_baseline/simulations/shared_agency_commitment_signaling_joint_lambda_alpha_sweep/always_signal_vs_always_signal_2p3g_summary_beta_3_lambda_1_alpha_0p1_sessions_0_to_29.json,/Users/chengshaozhe/Documents/DukeECClab/code/multiplePlayerGridGame_socketIO/dataAnalysis/model_model/joint_rl/outputs/no_latent_joint_rl_shared_agency_baseline/simulations/shared_agency_commitment_signaling_joint_lambda_alpha_sweep/always_signal_vs_always_signal_2p3g_trials_beta_3_lambda_1_alpha_0p1_sessions_0_to_29.json,node /Users/chengshaozhe/Documents/DukeECClab/code/multiplePlayerGridGame_socketIO/dataAnalysis/scripts/simulate_always_signal_vs_always_signal_2p3g.js --sessions 30 --trials 12 --seed 42 --lambda 1.0 --alpha 0.1 --beta 3.0 --score logposterior --horizon 1 --unshaped-joint-rl --compact-diagnostics --output-dir /Users/chengshaozhe/Documents/DukeECClab/code/multiplePlayerGridGame_socketIO/dataAnalysis/model_model/joint_rl/outputs/no_latent_joint_rl_shared_agency_baseline/simulations/shared_agency_commitment_signaling_joint_lambda_alpha_sweep --raw-output-dir /Users/chengshaozhe/Documents/DukeECClab/code/multiplePlayerGridGame_socketIO/dataAnalysis/raw_data/model_model_simulations/joint_rl/no_latent_joint_rl_shared_agency_baseline/shared_agency_commitment_signaling_joint_lambda_alpha_sweep,93.88888888888889,90.22818684475429,83.79298941798942,38.528439153439145,100.0,99.58207070707071,97.22222222222221,49.44444444444444,69.2092081857411,74.64546448106691
1.0,0.2,joint_grid,195.1676001374624,191.03930924599308,386.20690938345547,0.8181142410015649,0.3951102714085681,0.9166666666666666,0.5,/Users/chengshaozhe/Documents/DukeECClab/code/multiplePlayerGridGame_socketIO/dataAnalysis/raw_data/model_model_simulations/joint_rl/no_latent_joint_rl_shared_agency_baseline/shared_agency_commitment_signaling_joint_lambda_alpha_sweep/always_signal_vs_always_signal_2p3g_raw_trials_beta_3_lambda_1_alpha_0p2_sessions_0_to_29.json.zst,/Users/chengshaozhe/Documents/DukeECClab/code/multiplePlayerGridGame_socketIO/dataAnalysis/model_model/joint_rl/outputs/no_latent_joint_rl_shared_agency_baseline/simulations/shared_agency_commitment_signaling_joint_lambda_alpha_sweep/always_signal_vs_always_signal_2p3g_summary_beta_3_lambda_1_alpha_0p2_sessions_0_to_29.json,/Users/chengshaozhe/Documents/DukeECClab/code/multiplePlayerGridGame_socketIO/dataAnalysis/model_model/joint_rl/outputs/no_latent_joint_rl_shared_agency_baseline/simulations/shared_agency_commitment_signaling_joint_lambda_alpha_sweep/always_signal_vs_always_signal_2p3g_trials_beta_3_lambda_1_alpha_0p2_sessions_0_to_29.json,node /Users/chengshaozhe/Documents/DukeECClab/code/multiplePlayerGridGame_socketIO/dataAnalysis/scripts/simulate_always_signal_vs_always_signal_2p3g.js --sessions 30 --trials 12 --seed 42 --lambda 1.0 --alpha 0.2 --beta 3.0 --score logposterior --horizon 1 --unshaped-joint-rl --compact-diagnostics --output-dir /Users/chengshaozhe/Documents/DukeECClab/code/multiplePlayerGridGame_socketIO/dataAnalysis/model_model/joint_rl/outputs/no_latent_joint_rl_shared_agency_baseline/simulations/shared_agency_commitment_signaling_joint_lambda_alpha_sweep --raw-output-dir /Users/chengshaozhe/Documents/DukeECClab/code/multiplePlayerGridGame_socketIO/dataAnalysis/raw_data/model_model_simulations/joint_rl/no_latent_joint_rl_shared_agency_baseline/shared_agency_commitment_signaling_joint_lambda_alpha_sweep,93.88888888888889,90.62175871600473,84.34854497354497,38.48875661375661,100.0,99.60583398083399,98.6111111111111,48.61111111111111,69.27508187192063,73.95346897330123
1.0,0.3,joint_grid,191.9387734695188,192.09981166217173,384.0385851316905,0.805320813771518,0.38985086605429947,0.8944444444444445,0.5,/Users/chengshaozhe/Documents/DukeECClab/code/multiplePlayerGridGame_socketIO/dataAnalysis/raw_data/model_model_simulations/joint_rl/no_latent_joint_rl_shared_agency_baseline/shared_agency_commitment_signaling_joint_lambda_alpha_sweep/always_signal_vs_always_signal_2p3g_raw_trials_beta_3_lambda_1_alpha_0p3_sessions_0_to_29.json.zst,/Users/chengshaozhe/Documents/DukeECClab/code/multiplePlayerGridGame_socketIO/dataAnalysis/model_model/joint_rl/outputs/no_latent_joint_rl_shared_agency_baseline/simulations/shared_agency_commitment_signaling_joint_lambda_alpha_sweep/always_signal_vs_always_signal_2p3g_summary_beta_3_lambda_1_alpha_0p3_sessions_0_to_29.json,/Users/chengshaozhe/Documents/DukeECClab/code/multiplePlayerGridGame_socketIO/dataAnalysis/model_model/joint_rl/outputs/no_latent_joint_rl_shared_agency_baseline/simulations/shared_agency_commitment_signaling_joint_lambda_alpha_sweep/always_signal_vs_always_signal_2p3g_trials_beta_3_lambda_1_alpha_0p3_sessions_0_to_29.json,node /Users/chengshaozhe/Documents/DukeECClab/code/multiplePlayerGridGame_socketIO/dataAnalysis/scripts/simulate_always_signal_vs_always_signal_2p3g.js --sessions 30 --trials 12 --seed 42 --lambda 1.0 --alpha 0.3 --beta 3.0 --score logposterior --horizon 1 --unshaped-joint-rl --compact-diagnostics --output-dir /Users/chengshaozhe/Documents/DukeECClab/code/multiplePlayerGridGame_socketIO/dataAnalysis/model_model/joint_rl/outputs/no_latent_joint_rl_shared_agency_baseline/simulations/shared_agency_commitment_signaling_joint_lambda_alpha_sweep --raw-output-dir /Users/chengshaozhe/Documents/DukeECClab/code/multiplePlayerGridGame_socketIO/dataAnalysis/raw_data/model_model_simulations/joint_rl/no_latent_joint_rl_shared_agency_baseline/shared_agency_commitment_signaling_joint_lambda_alpha_sweep,94.16666666666667,90.56940828865432,82.96626984126985,37.572751322751316,100.0,99.63669817836485,97.5,47.77777777777778,68.4025403041016,73.60635415866994
1.0,0.4,joint_grid,194.45776599200175,190.0037878688528,384.46155386085456,0.8125195618153365,0.40296645618344523,0.8944444444444445,0.5285714285714286,/Users/chengshaozhe/Documents/DukeECClab/code/multiplePlayerGridGame_socketIO/dataAnalysis/raw_data/model_model_simulations/joint_rl/no_latent_joint_rl_shared_agency_baseline/shared_agency_commitment_signaling_joint_lambda_alpha_sweep/always_signal_vs_always_signal_2p3g_raw_trials_beta_3_lambda_1_alpha_0p4_sessions_0_to_29.json.zst,/Users/chengshaozhe/Documents/DukeECClab/code/multiplePlayerGridGame_socketIO/dataAnalysis/model_model/joint_rl/outputs/no_latent_joint_rl_shared_agency_baseline/simulations/shared_agency_commitment_signaling_joint_lambda_alpha_sweep/always_signal_vs_always_signal_2p3g_summary_beta_3_lambda_1_alpha_0p4_sessions_0_to_29.json,/Users/chengshaozhe/Documents/DukeECClab/code/multiplePlayerGridGame_socketIO/dataAnalysis/model_model/joint_rl/outputs/no_latent_joint_rl_shared_agency_baseline/simulations/shared_agency_commitment_signaling_joint_lambda_alpha_sweep/always_signal_vs_always_signal_2p3g_trials_beta_3_lambda_1_alpha_0p4_sessions_0_to_29.json,node /Users/chengshaozhe/Documents/DukeECClab/code/multiplePlayerGridGame_socketIO/dataAnalysis/scripts/simulate_always_signal_vs_always_signal_2p3g.js --sessions 30 --trials 12 --seed 42 --lambda 1.0 --alpha 0.4 --beta 3.0 --score logposterior --horizon 1 --unshaped-joint-rl --compact-diagnostics --output-dir /Users/chengshaozhe/Documents/DukeECClab/code/multiplePlayerGridGame_socketIO/dataAnalysis/model_model/joint_rl/outputs/no_latent_joint_rl_shared_agency_baseline/simulations/shared_agency_commitment_signaling_joint_lambda_alpha_sweep --raw-output-dir /Users/chengshaozhe/Documents/DukeECClab/code/multiplePlayerGridGame_socketIO/dataAnalysis/raw_data/model_model_simulations/joint_rl/no_latent_joint_rl_shared_agency_baseline/shared_agency_commitment_signaling_joint_lambda_alpha_sweep,95.0,90.28869671627608,83.7962962962963,38.75,100.0,99.62898212898214,97.5,51.11111111111111,68.62895983761113,74.85540215673262
1.0,0.5,joint_grid,194.0072655578952,187.6423677542097,381.6496333121049,0.8108763693270735,0.4099702955336114,0.8888888888888888,0.5217391304347826,/Users/chengshaozhe/Documents/DukeECClab/code/multiplePlayerGridGame_socketIO/dataAnalysis/raw_data/model_model_simulations/joint_rl/no_latent_joint_rl_shared_agency_baseline/shared_agency_commitment_signaling_joint_lambda_alpha_sweep/always_signal_vs_always_signal_2p3g_raw_trials_beta_3_lambda_1_alpha_0p5_sessions_0_to_29.json.zst,/Users/chengshaozhe/Documents/DukeECClab/code/multiplePlayerGridGame_socketIO/dataAnalysis/model_model/joint_rl/outputs/no_latent_joint_rl_shared_agency_baseline/simulations/shared_agency_commitment_signaling_joint_lambda_alpha_sweep/always_signal_vs_always_signal_2p3g_summary_beta_3_lambda_1_alpha_0p5_sessions_0_to_29.json,/Users/chengshaozhe/Documents/DukeECClab/code/multiplePlayerGridGame_socketIO/dataAnalysis/model_model/joint_rl/outputs/no_latent_joint_rl_shared_agency_baseline/simulations/shared_agency_commitment_signaling_joint_lambda_alpha_sweep/always_signal_vs_always_signal_2p3g_trials_beta_3_lambda_1_alpha_0p5_sessions_0_to_29.json,node /Users/chengshaozhe/Documents/DukeECClab/code/multiplePlayerGridGame_socketIO/dataAnalysis/scripts/simulate_always_signal_vs_always_signal_2p3g.js --sessions 30 --trials 12 --seed 42 --lambda 1.0 --alpha 0.5 --beta 3.0 --score logposterior --horizon 1 --unshaped-joint-rl --compact-diagnostics --output-dir /Users/chengshaozhe/Documents/DukeECClab/code/multiplePlayerGridGame_socketIO/dataAnalysis/model_model/joint_rl/outputs/no_latent_joint_rl_shared_agency_baseline/simulations/shared_agency_commitment_signaling_joint_lambda_alpha_sweep --raw-output-dir /Users/chengshaozhe/Documents/DukeECClab/code/multiplePlayerGridGame_socketIO/dataAnalysis/raw_data/model_model_simulations/joint_rl/no_latent_joint_rl_shared_agency_baseline/shared_agency_commitment_signaling_joint_lambda_alpha_sweep,94.16666666666667,90.29257120378152,83.42923280423283,39.338624338624335,100.0,99.62898212898214,96.66666666666667,49.99999999999999,69.02049203098947,74.61074191002052
1.0,0.6,joint_grid,192.1918288871662,190.64424720133758,382.8360760885038,0.805320813771518,0.3830007126607575,0.8888888888888888,0.45714285714285713,/Users/chengshaozhe/Documents/DukeECClab/code/multiplePlayerGridGame_socketIO/dataAnalysis/raw_data/model_model_simulations/joint_rl/no_latent_joint_rl_shared_agency_baseline/shared_agency_commitment_signaling_joint_lambda_alpha_sweep/always_signal_vs_always_signal_2p3g_raw_trials_beta_3_lambda_1_alpha_0p6_sessions_0_to_29.json.zst,/Users/chengshaozhe/Documents/DukeECClab/code/multiplePlayerGridGame_socketIO/dataAnalysis/model_model/joint_rl/outputs/no_latent_joint_rl_shared_agency_baseline/simulations/shared_agency_commitment_signaling_joint_lambda_alpha_sweep/always_signal_vs_always_signal_2p3g_summary_beta_3_lambda_1_alpha_0p6_sessions_0_to_29.json,/Users/chengshaozhe/Documents/DukeECClab/code/multiplePlayerGridGame_socketIO/dataAnalysis/model_model/joint_rl/outputs/no_latent_joint_rl_shared_agency_baseline/simulations/shared_agency_commitment_signaling_joint_lambda_alpha_sweep/always_signal_vs_always_signal_2p3g_trials_beta_3_lambda_1_alpha_0p6_sessions_0_to_29.json,node /Users/chengshaozhe/Documents/DukeECClab/code/multiplePlayerGridGame_socketIO/dataAnalysis/scripts/simulate_always_signal_vs_always_signal_2p3g.js --sessions 30 --trials 12 --seed 42 --lambda 1.0 --alpha 0.6 --beta 3.0 --score logposterior --horizon 1 --unshaped-joint-rl --compact-diagnostics --output-dir /Users/chengshaozhe/Documents/DukeECClab/code/multiplePlayerGridGame_socketIO/dataAnalysis/model_model/joint_rl/outputs/no_latent_joint_rl_shared_agency_baseline/simulations/shared_agency_commitment_signaling_joint_lambda_alpha_sweep --raw-output-dir /Users/chengshaozhe/Documents/DukeECClab/code/multiplePlayerGridGame_socketIO/dataAnalysis/raw_data/model_model_simulations/joint_rl/no_latent_joint_rl_shared_agency_baseline/shared_agency_commitment_signaling_joint_lambda_alpha_sweep,95.0,90.26675178510496,83.03240740740742,37.013888888888886,100.0,99.69842657342657,97.77777777777777,43.888888888888886,67.61923397177637,71.29973565484684
1.0,0.7,joint_grid,196.23589483561085,192.09065457413712,388.32654940974794,0.816510172143975,0.37343117846761376,0.8888888888888888,0.4420289855072464,/Users/chengshaozhe/Documents/DukeECClab/code/multiplePlayerGridGame_socketIO/dataAnalysis/raw_data/model_model_simulations/joint_rl/no_latent_joint_rl_shared_agency_baseline/shared_agency_commitment_signaling_joint_lambda_alpha_sweep/always_signal_vs_always_signal_2p3g_raw_trials_beta_3_lambda_1_alpha_0p7_sessions_0_to_29.json.zst,/Users/chengshaozhe/Documents/DukeECClab/code/multiplePlayerGridGame_socketIO/dataAnalysis/model_model/joint_rl/outputs/no_latent_joint_rl_shared_agency_baseline/simulations/shared_agency_commitment_signaling_joint_lambda_alpha_sweep/always_signal_vs_always_signal_2p3g_summary_beta_3_lambda_1_alpha_0p7_sessions_0_to_29.json,/Users/chengshaozhe/Documents/DukeECClab/code/multiplePlayerGridGame_socketIO/dataAnalysis/model_model/joint_rl/outputs/no_latent_joint_rl_shared_agency_baseline/simulations/shared_agency_commitment_signaling_joint_lambda_alpha_sweep/always_signal_vs_always_signal_2p3g_trials_beta_3_lambda_1_alpha_0p7_sessions_0_to_29.json,node /Users/chengshaozhe/Documents/DukeECClab/code/multiplePlayerGridGame_socketIO/dataAnalysis/scripts/simulate_always_signal_vs_always_signal_2p3g.js --sessions 30 --trials 12 --seed 42 --lambda 1.0 --alpha 0.7 --beta 3.0 --score logposterior --horizon 1 --unshaped-joint-rl --compact-diagnostics --output-dir /Users/chengshaozhe/Documents/DukeECClab/code/multiplePlayerGridGame_socketIO/dataAnalysis/model_model/joint_rl/outputs/no_latent_joint_rl_shared_agency_baseline/simulations/shared_agency_commitment_signaling_joint_lambda_alpha_sweep --raw-output-dir /Users/chengshaozhe/Documents/DukeECClab/code/multiplePlayerGridGame_socketIO/dataAnalysis/raw_data/model_model_simulations/joint_rl/no_latent_joint_rl_shared_agency_baseline/shared_agency_commitment_signaling_joint_lambda_alpha_sweep,95.55555555555556,90.15846038514687,84.03108465608466,36.3723544973545,100.0,99.71124708624708,98.6111111111111,43.888888888888886,66.96399289747713,71.3182437490765
1.0,0.8,joint_grid,197.07118553630374,191.38968918359356,388.46087471989733,0.8182707355242568,0.3861867054068946,0.8833333333333333,0.5149253731343284,/Users/chengshaozhe/Documents/DukeECClab/code/multiplePlayerGridGame_socketIO/dataAnalysis/raw_data/model_model_simulations/joint_rl/no_latent_joint_rl_shared_agency_baseline/shared_agency_commitment_signaling_joint_lambda_alpha_sweep/always_signal_vs_always_signal_2p3g_raw_trials_beta_3_lambda_1_alpha_0p8_sessions_0_to_29.json.zst,/Users/chengshaozhe/Documents/DukeECClab/code/multiplePlayerGridGame_socketIO/dataAnalysis/model_model/joint_rl/outputs/no_latent_joint_rl_shared_agency_baseline/simulations/shared_agency_commitment_signaling_joint_lambda_alpha_sweep/always_signal_vs_always_signal_2p3g_summary_beta_3_lambda_1_alpha_0p8_sessions_0_to_29.json,/Users/chengshaozhe/Documents/DukeECClab/code/multiplePlayerGridGame_socketIO/dataAnalysis/model_model/joint_rl/outputs/no_latent_joint_rl_shared_agency_baseline/simulations/shared_agency_commitment_signaling_joint_lambda_alpha_sweep/always_signal_vs_always_signal_2p3g_trials_beta_3_lambda_1_alpha_0p8_sessions_0_to_29.json,node /Users/chengshaozhe/Documents/DukeECClab/code/multiplePlayerGridGame_socketIO/dataAnalysis/scripts/simulate_always_signal_vs_always_signal_2p3g.js --sessions 30 --trials 12 --seed 42 --lambda 1.0 --alpha 0.8 --beta 3.0 --score logposterior --horizon 1 --unshaped-joint-rl --compact-diagnostics --output-dir /Users/chengshaozhe/Documents/DukeECClab/code/multiplePlayerGridGame_socketIO/dataAnalysis/model_model/joint_rl/outputs/no_latent_joint_rl_shared_agency_baseline/simulations/shared_agency_commitment_signaling_joint_lambda_alpha_sweep --raw-output-dir /Users/chengshaozhe/Documents/DukeECClab/code/multiplePlayerGridGame_socketIO/dataAnalysis/raw_data/model_model_simulations/joint_rl/no_latent_joint_rl_shared_agency_baseline/shared_agency_commitment_signaling_joint_lambda_alpha_sweep,95.55555555555556,89.813445831799,84.2063492063492,36.504629629629626,100.0,99.32307044807045,98.33333333333333,49.99999999999999,67.04157384430997,74.19108632000656
1.0,0.9,joint_grid,193.62954087741986,194.63994542906647,388.26948630648633,0.8088028169014085,0.36523985951121335,0.8888888888888888,0.4357142857142857,/Users/chengshaozhe/Documents/DukeECClab/code/multiplePlayerGridGame_socketIO/dataAnalysis/raw_data/model_model_simulations/joint_rl/no_latent_joint_rl_shared_agency_baseline/shared_agency_commitment_signaling_joint_lambda_alpha_sweep/always_signal_vs_always_signal_2p3g_raw_trials_beta_3_lambda_1_alpha_0p9_sessions_0_to_29.json.zst,/Users/chengshaozhe/Documents/DukeECClab/code/multiplePlayerGridGame_socketIO/dataAnalysis/model_model/joint_rl/outputs/no_latent_joint_rl_shared_agency_baseline/simulations/shared_agency_commitment_signaling_joint_lambda_alpha_sweep/always_signal_vs_always_signal_2p3g_summary_beta_3_lambda_1_alpha_0p9_sessions_0_to_29.json,/Users/chengshaozhe/Documents/DukeECClab/code/multiplePlayerGridGame_socketIO/dataAnalysis/model_model/joint_rl/outputs/no_latent_joint_rl_shared_agency_baseline/simulations/shared_agency_commitment_signaling_joint_lambda_alpha_sweep/always_signal_vs_always_signal_2p3g_trials_beta_3_lambda_1_alpha_0p9_sessions_0_to_29.json,node /Users/chengshaozhe/Documents/DukeECClab/code/multiplePlayerGridGame_socketIO/dataAnalysis/scripts/simulate_always_signal_vs_always_signal_2p3g.js --sessions 30 --trials 12 --seed 42 --lambda 1.0 --alpha 0.9 --beta 3.0 --score logposterior --horizon 1 --unshaped-joint-rl --compact-diagnostics --output-dir /Users/chengshaozhe/Documents/DukeECClab/code/multiplePlayerGridGame_socketIO/dataAnalysis/model_model/joint_rl/outputs/no_latent_joint_rl_shared_agency_baseline/simulations/shared_agency_commitment_signaling_joint_lambda_alpha_sweep --raw-output-dir /Users/chengshaozhe/Documents/DukeECClab/code/multiplePlayerGridGame_socketIO/dataAnalysis/raw_data/model_model_simulations/joint_rl/no_latent_joint_rl_shared_agency_baseline/shared_agency_commitment_signaling_joint_lambda_alpha_sweep,95.55555555555556,89.96321933871536,83.6441798941799,35.38690476190476,100.0,99.65569153069153,98.88888888888889,42.22222222222222,66.32030943231574,70.4097775886833
1.0,1.0,joint_grid,192.15220416378497,188.3923353442883,380.5445395080733,0.8050469483568075,0.39803337533890865,0.8944444444444445,0.4928571428571429,/Users/chengshaozhe/Documents/DukeECClab/code/multiplePlayerGridGame_socketIO/dataAnalysis/raw_data/model_model_simulations/joint_rl/no_latent_joint_rl_shared_agency_baseline/shared_agency_commitment_signaling_joint_lambda_alpha_sweep/always_signal_vs_always_signal_2p3g_raw_trials_beta_3_lambda_1_alpha_1_sessions_0_to_29.json.zst,/Users/chengshaozhe/Documents/DukeECClab/code/multiplePlayerGridGame_socketIO/dataAnalysis/model_model/joint_rl/outputs/no_latent_joint_rl_shared_agency_baseline/simulations/shared_agency_commitment_signaling_joint_lambda_alpha_sweep/always_signal_vs_always_signal_2p3g_summary_beta_3_lambda_1_alpha_1_sessions_0_to_29.json,/Users/chengshaozhe/Documents/DukeECClab/code/multiplePlayerGridGame_socketIO/dataAnalysis/model_model/joint_rl/outputs/no_latent_joint_rl_shared_agency_baseline/simulations/shared_agency_commitment_signaling_joint_lambda_alpha_sweep/always_signal_vs_always_signal_2p3g_trials_beta_3_lambda_1_alpha_1_sessions_0_to_29.json,node /Users/chengshaozhe/Documents/DukeECClab/code/multiplePlayerGridGame_socketIO/dataAnalysis/scripts/simulate_always_signal_vs_always_signal_2p3g.js --sessions 30 --trials 12 --seed 42 --lambda 1.0 --alpha 1.0 --beta 3.0 --score logposterior --horizon 1 --unshaped-joint-rl --compact-diagnostics --output-dir /Users/chengshaozhe/Documents/DukeECClab/code/multiplePlayerGridGame_socketIO/dataAnalysis/model_model/joint_rl/outputs/no_latent_joint_rl_shared_agency_baseline/simulations/shared_agency_commitment_signaling_joint_lambda_alpha_sweep --raw-output-dir /Users/chengshaozhe/Documents/DukeECClab/code/multiplePlayerGridGame_socketIO/dataAnalysis/raw_data/model_model_simulations/joint_rl/no_latent_joint_rl_shared_agency_baseline/shared_agency_commitment_signaling_joint_lambda_alpha_sweep,95.55555555555556,89.86526176278159,82.48015873015872,38.660714285714285,100.0,99.42780367780368,99.44444444444446,49.44444444444444,67.94895384742003,73.39542069001142
