participantId,group,distanceCondition,stepFromNewGoal,posterior
human_1d1f4cf9-e5f0-4ef5-8d74-ab6b134f25eb_player1,Human-Human,closer_to_player1,0,0.5
human_1d1f4cf9-e5f0-4ef5-8d74-ab6b134f25eb_player1,Human-Human,closer_to_player1,1,0.7610969852590125
human_1d1f4cf9-e5f0-4ef5-8d74-ab6b134f25eb_player1,Human-Human,closer_to_player2,0,0.5
human_1d1f4cf9-e5f0-4ef5-8d74-ab6b134f25eb_player1,Human-Human,closer_to_player2,1,0.5556681857388913
human_1d1f4cf9-e5f0-4ef5-8d74-ab6b134f25eb_player1,Human-Human,closer_to_player2,2,0.6001381422531904
human_1d1f4cf9-e5f0-4ef5-8d74-ab6b134f25eb_player1,Human-Human,closer_to_player2,3,0.6297473313141361
human_1d1f4cf9-e5f0-4ef5-8d74-ab6b134f25eb_player1,Human-Human,closer_to_player2,4,0.6473964210771558
human_1d1f4cf9-e5f0-4ef5-8d74-ab6b134f25eb_player1,Human-Human,closer_to_player2,5,0.48994133399258255
human_1d1f4cf9-e5f0-4ef5-8d74-ab6b134f25eb_player1,Human-Human,equal_to_both,0,0.5
human_1d1f4cf9-e5f0-4ef5-8d74-ab6b134f25eb_player1,Human-Human,equal_to_both,1,0.9998350871766676
human_1d1f4cf9-e5f0-4ef5-8d74-ab6b134f25eb_player1,Human-Human,equal_to_both,2,0.9999998774023262
human_1d1f4cf9-e5f0-4ef5-8d74-ab6b134f25eb_player1,Human-Human,equal_to_both,3,0.9999999997966965
human_1d1f4cf9-e5f0-4ef5-8d74-ab6b134f25eb_player1,Human-Human,equal_to_both,4,0.9999999999999937
human_1d1f4cf9-e5f0-4ef5-8d74-ab6b134f25eb_player2,Human-Human,closer_to_player1,0,0.5
human_1d1f4cf9-e5f0-4ef5-8d74-ab6b134f25eb_player2,Human-Human,closer_to_player1,1,0.5837699035652202
human_1d1f4cf9-e5f0-4ef5-8d74-ab6b134f25eb_player2,Human-Human,closer_to_player1,2,0.6526817184938031
human_1d1f4cf9-e5f0-4ef5-8d74-ab6b134f25eb_player2,Human-Human,closer_to_player1,3,0.6875227631527007
human_1d1f4cf9-e5f0-4ef5-8d74-ab6b134f25eb_player2,Human-Human,closer_to_player1,4,0.575179202186764
human_1d1f4cf9-e5f0-4ef5-8d74-ab6b134f25eb_player2,Human-Human,closer_to_player1,5,0.6183462114957742
human_1d1f4cf9-e5f0-4ef5-8d74-ab6b134f25eb_player2,Human-Human,closer_to_player2,0,0.5
human_1d1f4cf9-e5f0-4ef5-8d74-ab6b134f25eb_player2,Human-Human,closer_to_player2,1,0.75
human_1d1f4cf9-e5f0-4ef5-8d74-ab6b134f25eb_player2,Human-Human,closer_to_player2,2,0.75
human_1d1f4cf9-e5f0-4ef5-8d74-ab6b134f25eb_player2,Human-Human,closer_to_player2,3,0.8030189664333062
human_1d1f4cf9-e5f0-4ef5-8d74-ab6b134f25eb_player2,Human-Human,closer_to_player2,4,0.8680660563578637
human_1d1f4cf9-e5f0-4ef5-8d74-ab6b134f25eb_player2,Human-Human,closer_to_player2,5,1.0
human_1d1f4cf9-e5f0-4ef5-8d74-ab6b134f25eb_player2,Human-Human,equal_to_both,0,0.5
human_1d1f4cf9-e5f0-4ef5-8d74-ab6b134f25eb_player2,Human-Human,equal_to_both,1,0.9998825003927388
human_1d1f4cf9-e5f0-4ef5-8d74-ab6b134f25eb_player2,Human-Human,equal_to_both,2,0.9999999721483802
human_1d1f4cf9-e5f0-4ef5-8d74-ab6b134f25eb_player2,Human-Human,equal_to_both,3,0.9999999999877399
human_1d1f4cf9-e5f0-4ef5-8d74-ab6b134f25eb_player2,Human-Human,equal_to_both,4,0.9999999999999883
human_1d1f4cf9-e5f0-4ef5-8d74-ab6b134f25eb_player2,Human-Human,equal_to_both,5,1.0
human_2ed9e54f-be52-49b9-a758-abb5f5ef5150_player1,Human-Human,closer_to_player1,0,0.5
human_2ed9e54f-be52-49b9-a758-abb5f5ef5150_player1,Human-Human,closer_to_player1,1,0.7758663205053183
human_2ed9e54f-be52-49b9-a758-abb5f5ef5150_player1,Human-Human,closer_to_player1,2,0.9990273989644152
human_2ed9e54f-be52-49b9-a758-abb5f5ef5150_player1,Human-Human,closer_to_player1,3,0.9994993689858838
human_2ed9e54f-be52-49b9-a758-abb5f5ef5150_player1,Human-Human,closer_to_player1,4,0.9999989177410552
human_2ed9e54f-be52-49b9-a758-abb5f5ef5150_player1,Human-Human,closer_to_player1,5,0.9999999073165421
human_2ed9e54f-be52-49b9-a758-abb5f5ef5150_player1,Human-Human,closer_to_player2,0,0.5
human_2ed9e54f-be52-49b9-a758-abb5f5ef5150_player1,Human-Human,closer_to_player2,1,0.5643468117143627
human_2ed9e54f-be52-49b9-a758-abb5f5ef5150_player1,Human-Human,closer_to_player2,2,0.7661981599827906
human_2ed9e54f-be52-49b9-a758-abb5f5ef5150_player1,Human-Human,closer_to_player2,3,0.8135802831034291
human_2ed9e54f-be52-49b9-a758-abb5f5ef5150_player1,Human-Human,closer_to_player2,4,0.9938132445648598
human_2ed9e54f-be52-49b9-a758-abb5f5ef5150_player1,Human-Human,closer_to_player2,5,0.9913394910632052
human_2ed9e54f-be52-49b9-a758-abb5f5ef5150_player1,Human-Human,equal_to_both,0,0.5
human_2ed9e54f-be52-49b9-a758-abb5f5ef5150_player1,Human-Human,equal_to_both,1,0.9881953842690856
human_2ed9e54f-be52-49b9-a758-abb5f5ef5150_player1,Human-Human,equal_to_both,2,0.9937023417007346
human_2ed9e54f-be52-49b9-a758-abb5f5ef5150_player1,Human-Human,equal_to_both,3,0.9997984017054925
human_2ed9e54f-be52-49b9-a758-abb5f5ef5150_player1,Human-Human,equal_to_both,4,0.9999426067878808
human_2ed9e54f-be52-49b9-a758-abb5f5ef5150_player1,Human-Human,equal_to_both,5,0.9999958210741623
human_2ed9e54f-be52-49b9-a758-abb5f5ef5150_player2,Human-Human,closer_to_player1,0,0.5
human_2ed9e54f-be52-49b9-a758-abb5f5ef5150_player2,Human-Human,closer_to_player1,1,0.6657746251635556
human_2ed9e54f-be52-49b9-a758-abb5f5ef5150_player2,Human-Human,closer_to_player1,2,0.8289636684410461
human_2ed9e54f-be52-49b9-a758-abb5f5ef5150_player2,Human-Human,closer_to_player1,3,0.9954633613724827
human_2ed9e54f-be52-49b9-a758-abb5f5ef5150_player2,Human-Human,closer_to_player1,4,0.9999534564587451
human_2ed9e54f-be52-49b9-a758-abb5f5ef5150_player2,Human-Human,closer_to_player1,5,0.9999549572522817
human_2ed9e54f-be52-49b9-a758-abb5f5ef5150_player2,Human-Human,closer_to_player2,0,0.5
human_2ed9e54f-be52-49b9-a758-abb5f5ef5150_player2,Human-Human,closer_to_player2,1,0.5917598717018703
human_2ed9e54f-be52-49b9-a758-abb5f5ef5150_player2,Human-Human,closer_to_player2,2,0.9998678341166193
human_2ed9e54f-be52-49b9-a758-abb5f5ef5150_player2,Human-Human,closer_to_player2,3,0.9999999741183311
human_2ed9e54f-be52-49b9-a758-abb5f5ef5150_player2,Human-Human,closer_to_player2,4,0.9999999999912986
human_2ed9e54f-be52-49b9-a758-abb5f5ef5150_player2,Human-Human,closer_to_player2,5,0.9999999999914267
human_2ed9e54f-be52-49b9-a758-abb5f5ef5150_player2,Human-Human,equal_to_both,0,0.5
human_2ed9e54f-be52-49b9-a758-abb5f5ef5150_player2,Human-Human,equal_to_both,1,0.6469751269876017
human_2ed9e54f-be52-49b9-a758-abb5f5ef5150_player2,Human-Human,equal_to_both,2,0.8093352216337104
human_2ed9e54f-be52-49b9-a758-abb5f5ef5150_player2,Human-Human,equal_to_both,3,0.810699870971279
human_2ed9e54f-be52-49b9-a758-abb5f5ef5150_player2,Human-Human,equal_to_both,4,0.9998812307482887
human_2ed9e54f-be52-49b9-a758-abb5f5ef5150_player2,Human-Human,equal_to_both,5,0.999940134707057
human_31e13002-490a-484d-a0f6-1781673d477a_player1,Human-Human,closer_to_player1,0,0.5
human_31e13002-490a-484d-a0f6-1781673d477a_player1,Human-Human,closer_to_player1,1,0.9999960864970585
human_31e13002-490a-484d-a0f6-1781673d477a_player1,Human-Human,closer_to_player1,2,0.9999999999121916
human_31e13002-490a-484d-a0f6-1781673d477a_player1,Human-Human,closer_to_player1,3,0.9999999999999942
human_31e13002-490a-484d-a0f6-1781673d477a_player1,Human-Human,closer_to_player1,4,1.0
human_31e13002-490a-484d-a0f6-1781673d477a_player1,Human-Human,closer_to_player1,5,1.0
human_31e13002-490a-484d-a0f6-1781673d477a_player1,Human-Human,closer_to_player2,0,0.5
human_31e13002-490a-484d-a0f6-1781673d477a_player1,Human-Human,closer_to_player2,1,0.8331305670518907
human_31e13002-490a-484d-a0f6-1781673d477a_player1,Human-Human,closer_to_player2,2,0.9999999999862887
human_31e13002-490a-484d-a0f6-1781673d477a_player1,Human-Human,closer_to_player2,3,0.9999999999999997
human_31e13002-490a-484d-a0f6-1781673d477a_player1,Human-Human,closer_to_player2,4,1.0
human_31e13002-490a-484d-a0f6-1781673d477a_player1,Human-Human,closer_to_player2,5,1.0
human_31e13002-490a-484d-a0f6-1781673d477a_player1,Human-Human,equal_to_both,0,0.5
human_31e13002-490a-484d-a0f6-1781673d477a_player1,Human-Human,equal_to_both,1,0.8074978962467192
human_31e13002-490a-484d-a0f6-1781673d477a_player1,Human-Human,equal_to_both,2,0.9342216287053232
human_31e13002-490a-484d-a0f6-1781673d477a_player1,Human-Human,equal_to_both,3,0.9649005955159408
human_31e13002-490a-484d-a0f6-1781673d477a_player1,Human-Human,equal_to_both,4,0.9892557193366378
human_31e13002-490a-484d-a0f6-1781673d477a_player1,Human-Human,equal_to_both,5,0.9999663225993152
human_31e13002-490a-484d-a0f6-1781673d477a_player2,Human-Human,closer_to_player1,0,0.5
human_31e13002-490a-484d-a0f6-1781673d477a_player2,Human-Human,closer_to_player1,1,0.9999960864970585
human_31e13002-490a-484d-a0f6-1781673d477a_player2,Human-Human,closer_to_player1,2,0.9999999999121916
human_31e13002-490a-484d-a0f6-1781673d477a_player2,Human-Human,closer_to_player1,3,0.9999999999999942
human_31e13002-490a-484d-a0f6-1781673d477a_player2,Human-Human,closer_to_player1,4,1.0
human_31e13002-490a-484d-a0f6-1781673d477a_player2,Human-Human,closer_to_player1,5,1.0
human_31e13002-490a-484d-a0f6-1781673d477a_player2,Human-Human,closer_to_player2,0,0.5
human_31e13002-490a-484d-a0f6-1781673d477a_player2,Human-Human,closer_to_player2,1,0.8331305670518907
human_31e13002-490a-484d-a0f6-1781673d477a_player2,Human-Human,closer_to_player2,2,0.9999999999862887
human_31e13002-490a-484d-a0f6-1781673d477a_player2,Human-Human,closer_to_player2,3,0.9999999999999997
human_31e13002-490a-484d-a0f6-1781673d477a_player2,Human-Human,closer_to_player2,4,1.0
human_31e13002-490a-484d-a0f6-1781673d477a_player2,Human-Human,closer_to_player2,5,1.0
human_31e13002-490a-484d-a0f6-1781673d477a_player2,Human-Human,equal_to_both,0,0.5
human_31e13002-490a-484d-a0f6-1781673d477a_player2,Human-Human,equal_to_both,1,0.9167974257294883
human_31e13002-490a-484d-a0f6-1781673d477a_player2,Human-Human,equal_to_both,2,0.9999792275796336
human_31e13002-490a-484d-a0f6-1781673d477a_player2,Human-Human,equal_to_both,3,0.9999938976841308
human_31e13002-490a-484d-a0f6-1781673d477a_player2,Human-Human,equal_to_both,4,0.9999969735612456
human_31e13002-490a-484d-a0f6-1781673d477a_player2,Human-Human,equal_to_both,5,0.9999978264615303
human_6558f174-56b6-4592-b53b-bf9ff8c7f3ca_player1,Human-Human,closer_to_player1,0,0.5
human_6558f174-56b6-4592-b53b-bf9ff8c7f3ca_player1,Human-Human,closer_to_player1,1,0.4921405262446865
human_6558f174-56b6-4592-b53b-bf9ff8c7f3ca_player1,Human-Human,closer_to_player1,2,0.5233941255187619
human_6558f174-56b6-4592-b53b-bf9ff8c7f3ca_player1,Human-Human,closer_to_player1,3,0.9999948278062525
human_6558f174-56b6-4592-b53b-bf9ff8c7f3ca_player1,Human-Human,closer_to_player1,4,0.9999999999458297
human_6558f174-56b6-4592-b53b-bf9ff8c7f3ca_player1,Human-Human,closer_to_player1,5,0.9999999999999979
human_6558f174-56b6-4592-b53b-bf9ff8c7f3ca_player1,Human-Human,closer_to_player2,0,0.5
human_6558f174-56b6-4592-b53b-bf9ff8c7f3ca_player1,Human-Human,closer_to_player2,1,0.557449882018272
human_6558f174-56b6-4592-b53b-bf9ff8c7f3ca_player1,Human-Human,closer_to_player2,2,0.603148666997699
human_6558f174-56b6-4592-b53b-bf9ff8c7f3ca_player1,Human-Human,closer_to_player2,3,0.6294358273447516
human_6558f174-56b6-4592-b53b-bf9ff8c7f3ca_player1,Human-Human,closer_to_player2,4,0.5745940088981039
human_6558f174-56b6-4592-b53b-bf9ff8c7f3ca_player1,Human-Human,closer_to_player2,5,0.7918057676495893
human_6558f174-56b6-4592-b53b-bf9ff8c7f3ca_player1,Human-Human,equal_to_both,0,0.5
human_6558f174-56b6-4592-b53b-bf9ff8c7f3ca_player1,Human-Human,equal_to_both,1,0.49696220775128125
human_6558f174-56b6-4592-b53b-bf9ff8c7f3ca_player1,Human-Human,equal_to_both,2,0.49252366574531464
human_6558f174-56b6-4592-b53b-bf9ff8c7f3ca_player1,Human-Human,equal_to_both,3,0.8297205134808497
human_6558f174-56b6-4592-b53b-bf9ff8c7f3ca_player1,Human-Human,equal_to_both,4,0.9995417032425138
human_6558f174-56b6-4592-b53b-bf9ff8c7f3ca_player1,Human-Human,equal_to_both,5,0.9992720146880222
human_6558f174-56b6-4592-b53b-bf9ff8c7f3ca_player2,Human-Human,closer_to_player1,0,0.5
human_6558f174-56b6-4592-b53b-bf9ff8c7f3ca_player2,Human-Human,closer_to_player1,1,0.9906036652189317
human_6558f174-56b6-4592-b53b-bf9ff8c7f3ca_player2,Human-Human,closer_to_player1,2,0.9997020217112024
human_6558f174-56b6-4592-b53b-bf9ff8c7f3ca_player2,Human-Human,closer_to_player1,3,0.9958970340174629
human_6558f174-56b6-4592-b53b-bf9ff8c7f3ca_player2,Human-Human,closer_to_player1,4,0.9975161628765413
human_6558f174-56b6-4592-b53b-bf9ff8c7f3ca_player2,Human-Human,closer_to_player1,5,0.9984536555407922
human_6558f174-56b6-4592-b53b-bf9ff8c7f3ca_player2,Human-Human,closer_to_player2,0,0.5
human_6558f174-56b6-4592-b53b-bf9ff8c7f3ca_player2,Human-Human,closer_to_player2,1,0.8286947001987223
human_6558f174-56b6-4592-b53b-bf9ff8c7f3ca_player2,Human-Human,closer_to_player2,2,0.7987978385244943
human_6558f174-56b6-4592-b53b-bf9ff8c7f3ca_player2,Human-Human,closer_to_player2,3,0.9975624630252788
human_6558f174-56b6-4592-b53b-bf9ff8c7f3ca_player2,Human-Human,closer_to_player2,4,0.9980106372236341
human_6558f174-56b6-4592-b53b-bf9ff8c7f3ca_player2,Human-Human,closer_to_player2,5,0.9985780571869926
human_6558f174-56b6-4592-b53b-bf9ff8c7f3ca_player2,Human-Human,equal_to_both,0,0.5
human_6558f174-56b6-4592-b53b-bf9ff8c7f3ca_player2,Human-Human,equal_to_both,1,0.9953178060048816
human_6558f174-56b6-4592-b53b-bf9ff8c7f3ca_player2,Human-Human,equal_to_both,2,0.9999503864008329
human_6558f174-56b6-4592-b53b-bf9ff8c7f3ca_player2,Human-Human,equal_to_both,3,0.9999863451322186
human_6558f174-56b6-4592-b53b-bf9ff8c7f3ca_player2,Human-Human,equal_to_both,4,0.9999931162527319
human_6558f174-56b6-4592-b53b-bf9ff8c7f3ca_player2,Human-Human,equal_to_both,5,0.9999844889787585
human_6b3ca33d-6a91-4de7-aaef-b55bcb13d712_player1,Human-Human,closer_to_player1,0,0.5
human_6b3ca33d-6a91-4de7-aaef-b55bcb13d712_player1,Human-Human,closer_to_player1,1,0.6658317771763281
human_6b3ca33d-6a91-4de7-aaef-b55bcb13d712_player1,Human-Human,closer_to_player1,2,0.9999999999460397
human_6b3ca33d-6a91-4de7-aaef-b55bcb13d712_player1,Human-Human,closer_to_player1,3,0.9999999999999973
human_6b3ca33d-6a91-4de7-aaef-b55bcb13d712_player1,Human-Human,closer_to_player1,4,1.0
human_6b3ca33d-6a91-4de7-aaef-b55bcb13d712_player1,Human-Human,closer_to_player2,0,0.5
human_6b3ca33d-6a91-4de7-aaef-b55bcb13d712_player1,Human-Human,closer_to_player2,1,0.4437193561718176
human_6b3ca33d-6a91-4de7-aaef-b55bcb13d712_player1,Human-Human,closer_to_player2,2,0.5290988871715112
human_6b3ca33d-6a91-4de7-aaef-b55bcb13d712_player1,Human-Human,closer_to_player2,3,0.6625148868003875
human_6b3ca33d-6a91-4de7-aaef-b55bcb13d712_player1,Human-Human,closer_to_player2,4,0.5009597066484218
human_6b3ca33d-6a91-4de7-aaef-b55bcb13d712_player1,Human-Human,closer_to_player2,5,0.501312359455788
human_6b3ca33d-6a91-4de7-aaef-b55bcb13d712_player1,Human-Human,equal_to_both,0,0.5
human_6b3ca33d-6a91-4de7-aaef-b55bcb13d712_player1,Human-Human,equal_to_both,1,0.8330327504296369
human_6b3ca33d-6a91-4de7-aaef-b55bcb13d712_player1,Human-Human,equal_to_both,2,0.8114703115173447
human_6b3ca33d-6a91-4de7-aaef-b55bcb13d712_player1,Human-Human,equal_to_both,3,0.8367038647385726
human_6b3ca33d-6a91-4de7-aaef-b55bcb13d712_player1,Human-Human,equal_to_both,4,0.9999589428471978
human_6b3ca33d-6a91-4de7-aaef-b55bcb13d712_player1,Human-Human,equal_to_both,5,0.9999692520734423
human_6b3ca33d-6a91-4de7-aaef-b55bcb13d712_player2,Human-Human,closer_to_player1,0,0.5
human_6b3ca33d-6a91-4de7-aaef-b55bcb13d712_player2,Human-Human,closer_to_player1,1,0.5004626996384021
human_6b3ca33d-6a91-4de7-aaef-b55bcb13d712_player2,Human-Human,closer_to_player1,2,0.519001100382714
human_6b3ca33d-6a91-4de7-aaef-b55bcb13d712_player2,Human-Human,closer_to_player1,3,0.6032075841263963
human_6b3ca33d-6a91-4de7-aaef-b55bcb13d712_player2,Human-Human,closer_to_player1,4,0.5866794912556006
human_6b3ca33d-6a91-4de7-aaef-b55bcb13d712_player2,Human-Human,closer_to_player1,5,0.928839449599213
human_6b3ca33d-6a91-4de7-aaef-b55bcb13d712_player2,Human-Human,closer_to_player2,0,0.5
human_6b3ca33d-6a91-4de7-aaef-b55bcb13d712_player2,Human-Human,closer_to_player2,1,0.708906393903014
human_6b3ca33d-6a91-4de7-aaef-b55bcb13d712_player2,Human-Human,closer_to_player2,2,0.755531371456518
human_6b3ca33d-6a91-4de7-aaef-b55bcb13d712_player2,Human-Human,closer_to_player2,3,0.8649479000417969
human_6b3ca33d-6a91-4de7-aaef-b55bcb13d712_player2,Human-Human,closer_to_player2,4,0.6666701018131742
human_6b3ca33d-6a91-4de7-aaef-b55bcb13d712_player2,Human-Human,closer_to_player2,5,0.6666706667797375
human_6b3ca33d-6a91-4de7-aaef-b55bcb13d712_player2,Human-Human,equal_to_both,0,0.5
human_6b3ca33d-6a91-4de7-aaef-b55bcb13d712_player2,Human-Human,equal_to_both,1,0.8625211733700806
human_6b3ca33d-6a91-4de7-aaef-b55bcb13d712_player2,Human-Human,equal_to_both,2,0.8928942215610864
human_6b3ca33d-6a91-4de7-aaef-b55bcb13d712_player2,Human-Human,equal_to_both,3,0.9225084096911331
human_6b3ca33d-6a91-4de7-aaef-b55bcb13d712_player2,Human-Human,equal_to_both,4,0.9499239734862877
human_6b3ca33d-6a91-4de7-aaef-b55bcb13d712_player2,Human-Human,equal_to_both,5,0.9728001965699394
human_74ea1778-cc30-4c70-92fe-ee112edef228_player1,Human-Human,closer_to_player1,0,0.5
human_74ea1778-cc30-4c70-92fe-ee112edef228_player1,Human-Human,closer_to_player1,1,0.6664143229799627
human_74ea1778-cc30-4c70-92fe-ee112edef228_player1,Human-Human,closer_to_player1,2,0.49999999999322975
human_74ea1778-cc30-4c70-92fe-ee112edef228_player1,Human-Human,closer_to_player1,3,0.9999999999999997
human_74ea1778-cc30-4c70-92fe-ee112edef228_player1,Human-Human,closer_to_player1,4,1.0
human_74ea1778-cc30-4c70-92fe-ee112edef228_player1,Human-Human,closer_to_player1,5,1.0
human_74ea1778-cc30-4c70-92fe-ee112edef228_player1,Human-Human,closer_to_player2,0,0.5
human_74ea1778-cc30-4c70-92fe-ee112edef228_player1,Human-Human,closer_to_player2,1,0.49875997925827686
human_74ea1778-cc30-4c70-92fe-ee112edef228_player1,Human-Human,closer_to_player2,2,0.49800801914150933
human_74ea1778-cc30-4c70-92fe-ee112edef228_player1,Human-Human,closer_to_player2,3,0.49740884084345577
human_74ea1778-cc30-4c70-92fe-ee112edef228_player1,Human-Human,closer_to_player2,4,0.5028234218165908
human_74ea1778-cc30-4c70-92fe-ee112edef228_player1,Human-Human,closer_to_player2,5,0.5081342871482177
human_74ea1778-cc30-4c70-92fe-ee112edef228_player1,Human-Human,equal_to_both,0,0.5
human_74ea1778-cc30-4c70-92fe-ee112edef228_player1,Human-Human,equal_to_both,1,0.5294936473348867
human_74ea1778-cc30-4c70-92fe-ee112edef228_player1,Human-Human,equal_to_both,2,0.7837404559851654
human_74ea1778-cc30-4c70-92fe-ee112edef228_player1,Human-Human,equal_to_both,3,0.9223855583814817
human_74ea1778-cc30-4c70-92fe-ee112edef228_player1,Human-Human,equal_to_both,4,0.9499239007137211
human_74ea1778-cc30-4c70-92fe-ee112edef228_player1,Human-Human,equal_to_both,5,0.9728001965058405
human_74ea1778-cc30-4c70-92fe-ee112edef228_player2,Human-Human,closer_to_player1,0,0.5
human_74ea1778-cc30-4c70-92fe-ee112edef228_player2,Human-Human,closer_to_player1,1,0.6663865121579194
human_74ea1778-cc30-4c70-92fe-ee112edef228_player2,Human-Human,closer_to_player1,2,0.016199494406152586
human_74ea1778-cc30-4c70-92fe-ee112edef228_player2,Human-Human,closer_to_player1,3,0.9974620527564545
human_74ea1778-cc30-4c70-92fe-ee112edef228_player2,Human-Human,closer_to_player1,4,0.9999994160148351
human_74ea1778-cc30-4c70-92fe-ee112edef228_player2,Human-Human,closer_to_player2,0,0.5
human_74ea1778-cc30-4c70-92fe-ee112edef228_player2,Human-Human,closer_to_player2,1,0.7522729293055819
human_74ea1778-cc30-4c70-92fe-ee112edef228_player2,Human-Human,closer_to_player2,2,0.5031787232258744
human_74ea1778-cc30-4c70-92fe-ee112edef228_player2,Human-Human,closer_to_player2,3,0.5644907054173365
human_74ea1778-cc30-4c70-92fe-ee112edef228_player2,Human-Human,closer_to_player2,4,0.5191512750958277
human_74ea1778-cc30-4c70-92fe-ee112edef228_player2,Human-Human,closer_to_player2,5,0.6819747015397162
human_74ea1778-cc30-4c70-92fe-ee112edef228_player2,Human-Human,equal_to_both,0,0.5
human_74ea1778-cc30-4c70-92fe-ee112edef228_player2,Human-Human,equal_to_both,1,0.8623331686079408
human_74ea1778-cc30-4c70-92fe-ee112edef228_player2,Human-Human,equal_to_both,2,0.8928941182115633
human_74ea1778-cc30-4c70-92fe-ee112edef228_player2,Human-Human,equal_to_both,3,0.9225084097021692
human_74ea1778-cc30-4c70-92fe-ee112edef228_player2,Human-Human,equal_to_both,4,0.9248859602341392
human_74ea1778-cc30-4c70-92fe-ee112edef228_player2,Human-Human,equal_to_both,5,0.959200294854961
human_975b16bb-4262-4523-94e3-02521faeb953_player1,Human-Human,closer_to_player1,0,0.5
human_975b16bb-4262-4523-94e3-02521faeb953_player1,Human-Human,closer_to_player1,1,0.6408583745425108
human_975b16bb-4262-4523-94e3-02521faeb953_player1,Human-Human,closer_to_player1,2,0.9999999999713998
human_975b16bb-4262-4523-94e3-02521faeb953_player1,Human-Human,closer_to_player1,3,0.9999999999999988
human_975b16bb-4262-4523-94e3-02521faeb953_player1,Human-Human,closer_to_player1,4,0.9999999999999991
human_975b16bb-4262-4523-94e3-02521faeb953_player1,Human-Human,closer_to_player1,5,1.0
human_975b16bb-4262-4523-94e3-02521faeb953_player1,Human-Human,closer_to_player2,0,0.5
human_975b16bb-4262-4523-94e3-02521faeb953_player1,Human-Human,closer_to_player2,1,0.7866069160794745
human_975b16bb-4262-4523-94e3-02521faeb953_player1,Human-Human,closer_to_player2,2,0.835485601613121
human_975b16bb-4262-4523-94e3-02521faeb953_player1,Human-Human,closer_to_player2,3,0.872009619848239
human_975b16bb-4262-4523-94e3-02521faeb953_player1,Human-Human,closer_to_player2,4,0.9339266233379064
human_975b16bb-4262-4523-94e3-02521faeb953_player1,Human-Human,closer_to_player2,5,0.8676105035003211
human_975b16bb-4262-4523-94e3-02521faeb953_player1,Human-Human,equal_to_both,0,0.5
human_975b16bb-4262-4523-94e3-02521faeb953_player1,Human-Human,equal_to_both,1,0.9979717672800003
human_975b16bb-4262-4523-94e3-02521faeb953_player1,Human-Human,equal_to_both,2,0.7450385274815193
human_975b16bb-4262-4523-94e3-02521faeb953_player1,Human-Human,equal_to_both,3,0.5002160006083084
human_975b16bb-4262-4523-94e3-02521faeb953_player1,Human-Human,equal_to_both,4,0.5001045554048901
human_975b16bb-4262-4523-94e3-02521faeb953_player1,Human-Human,equal_to_both,5,6.0272455241611594e-05
human_975b16bb-4262-4523-94e3-02521faeb953_player2,Human-Human,closer_to_player1,0,0.5
human_975b16bb-4262-4523-94e3-02521faeb953_player2,Human-Human,closer_to_player1,1,0.597733828883907
human_975b16bb-4262-4523-94e3-02521faeb953_player2,Human-Human,closer_to_player1,2,0.4837166004684626
human_975b16bb-4262-4523-94e3-02521faeb953_player2,Human-Human,closer_to_player1,3,0.35936252594631446
human_975b16bb-4262-4523-94e3-02521faeb953_player2,Human-Human,closer_to_player1,4,0.4731147296509998
human_975b16bb-4262-4523-94e3-02521faeb953_player2,Human-Human,closer_to_player1,5,0.5248663739022997
human_975b16bb-4262-4523-94e3-02521faeb953_player2,Human-Human,closer_to_player2,0,0.5
human_975b16bb-4262-4523-94e3-02521faeb953_player2,Human-Human,closer_to_player2,1,0.7496862997620424
human_975b16bb-4262-4523-94e3-02521faeb953_player2,Human-Human,closer_to_player2,2,0.7499990985413996
human_975b16bb-4262-4523-94e3-02521faeb953_player2,Human-Human,closer_to_player2,3,0.7499990985413995
human_975b16bb-4262-4523-94e3-02521faeb953_player2,Human-Human,closer_to_player2,4,0.9999958951560095
human_975b16bb-4262-4523-94e3-02521faeb953_player2,Human-Human,closer_to_player2,5,0.9999990985034832
human_975b16bb-4262-4523-94e3-02521faeb953_player2,Human-Human,equal_to_both,0,0.5
human_975b16bb-4262-4523-94e3-02521faeb953_player2,Human-Human,equal_to_both,1,0.9984572571582225
human_975b16bb-4262-4523-94e3-02521faeb953_player2,Human-Human,equal_to_both,2,0.9997759901221247
human_975b16bb-4262-4523-94e3-02521faeb953_player2,Human-Human,equal_to_both,3,0.9999363117902984
human_975b16bb-4262-4523-94e3-02521faeb953_player2,Human-Human,equal_to_both,4,0.9999999513277752
human_975b16bb-4262-4523-94e3-02521faeb953_player2,Human-Human,equal_to_both,5,0.9999999999446392
human_9efbe63f-05a0-4f24-b469-a246d7732c10_player1,Human-Human,closer_to_player1,0,0.5
human_9efbe63f-05a0-4f24-b469-a246d7732c10_player1,Human-Human,closer_to_player1,1,0.6681964389159392
human_9efbe63f-05a0-4f24-b469-a246d7732c10_player1,Human-Human,closer_to_player1,2,0.7532819409662297
human_9efbe63f-05a0-4f24-b469-a246d7732c10_player1,Human-Human,closer_to_player1,3,0.5084950164528806
human_9efbe63f-05a0-4f24-b469-a246d7732c10_player1,Human-Human,closer_to_player1,4,0.5407940693458594
human_9efbe63f-05a0-4f24-b469-a246d7732c10_player1,Human-Human,closer_to_player1,5,0.5372703475911973
human_9efbe63f-05a0-4f24-b469-a246d7732c10_player1,Human-Human,closer_to_player2,0,0.5
human_9efbe63f-05a0-4f24-b469-a246d7732c10_player1,Human-Human,closer_to_player2,1,0.6824463679372866
human_9efbe63f-05a0-4f24-b469-a246d7732c10_player1,Human-Human,closer_to_player2,2,0.5317741031013605
human_9efbe63f-05a0-4f24-b469-a246d7732c10_player1,Human-Human,closer_to_player2,3,0.3291623428460427
human_9efbe63f-05a0-4f24-b469-a246d7732c10_player1,Human-Human,closer_to_player2,4,0.49961072433677867
human_9efbe63f-05a0-4f24-b469-a246d7732c10_player1,Human-Human,closer_to_player2,5,0.49999953889981497
human_9efbe63f-05a0-4f24-b469-a246d7732c10_player1,Human-Human,equal_to_both,0,0.5
human_9efbe63f-05a0-4f24-b469-a246d7732c10_player1,Human-Human,equal_to_both,1,0.2779029746702491
human_9efbe63f-05a0-4f24-b469-a246d7732c10_player1,Human-Human,equal_to_both,2,0.23308364772836979
human_9efbe63f-05a0-4f24-b469-a246d7732c10_player1,Human-Human,equal_to_both,3,0.1942276232672163
human_9efbe63f-05a0-4f24-b469-a246d7732c10_player1,Human-Human,equal_to_both,4,0.4999239102421578
human_9efbe63f-05a0-4f24-b469-a246d7732c10_player1,Human-Human,equal_to_both,5,0.7495162970562416
human_9efbe63f-05a0-4f24-b469-a246d7732c10_player2,Human-Human,closer_to_player1,0,0.5
human_9efbe63f-05a0-4f24-b469-a246d7732c10_player2,Human-Human,closer_to_player1,1,0.4999324406259067
human_9efbe63f-05a0-4f24-b469-a246d7732c10_player2,Human-Human,closer_to_player1,2,0.49702962974235243
human_9efbe63f-05a0-4f24-b469-a246d7732c10_player2,Human-Human,closer_to_player1,3,0.49618304437596006
human_9efbe63f-05a0-4f24-b469-a246d7732c10_player2,Human-Human,closer_to_player1,4,0.5016779841075327
human_9efbe63f-05a0-4f24-b469-a246d7732c10_player2,Human-Human,closer_to_player1,5,0.6254007751032068
human_9efbe63f-05a0-4f24-b469-a246d7732c10_player2,Human-Human,closer_to_player2,0,0.5
human_9efbe63f-05a0-4f24-b469-a246d7732c10_player2,Human-Human,closer_to_player2,1,0.5291823644155517
human_9efbe63f-05a0-4f24-b469-a246d7732c10_player2,Human-Human,closer_to_player2,2,0.3335220013071428
human_9efbe63f-05a0-4f24-b469-a246d7732c10_player2,Human-Human,closer_to_player2,3,0.36833959411990963
human_9efbe63f-05a0-4f24-b469-a246d7732c10_player2,Human-Human,closer_to_player2,4,0.4303751745328212
human_9efbe63f-05a0-4f24-b469-a246d7732c10_player2,Human-Human,closer_to_player2,5,0.4998948966195073
human_9efbe63f-05a0-4f24-b469-a246d7732c10_player2,Human-Human,equal_to_both,0,0.5
human_9efbe63f-05a0-4f24-b469-a246d7732c10_player2,Human-Human,equal_to_both,1,0.5078114174412643
human_9efbe63f-05a0-4f24-b469-a246d7732c10_player2,Human-Human,equal_to_both,2,0.5048506244340828
human_9efbe63f-05a0-4f24-b469-a246d7732c10_player2,Human-Human,equal_to_both,3,0.49335998520984736
human_9efbe63f-05a0-4f24-b469-a246d7732c10_player2,Human-Human,equal_to_both,4,0.8151500855502695
human_9efbe63f-05a0-4f24-b469-a246d7732c10_player2,Human-Human,equal_to_both,5,0.8237173063210143
human_a5a659ea-c541-4c54-9bad-d736222acbb9_player1,Human-Human,closer_to_player1,0,0.5
human_a5a659ea-c541-4c54-9bad-d736222acbb9_player1,Human-Human,closer_to_player1,1,0.7327662305398402
human_a5a659ea-c541-4c54-9bad-d736222acbb9_player1,Human-Human,closer_to_player1,2,0.8464756590825853
human_a5a659ea-c541-4c54-9bad-d736222acbb9_player1,Human-Human,closer_to_player1,3,0.8709880557286174
human_a5a659ea-c541-4c54-9bad-d736222acbb9_player1,Human-Human,closer_to_player1,4,1.0
human_a5a659ea-c541-4c54-9bad-d736222acbb9_player1,Human-Human,closer_to_player1,5,1.0
human_a5a659ea-c541-4c54-9bad-d736222acbb9_player1,Human-Human,closer_to_player2,0,0.5
human_a5a659ea-c541-4c54-9bad-d736222acbb9_player1,Human-Human,closer_to_player2,1,0.7778175897575377
human_a5a659ea-c541-4c54-9bad-d736222acbb9_player1,Human-Human,closer_to_player2,2,0.666666666484789
human_a5a659ea-c541-4c54-9bad-d736222acbb9_player1,Human-Human,closer_to_player2,3,0.6666666666666549
human_a5a659ea-c541-4c54-9bad-d736222acbb9_player1,Human-Human,closer_to_player2,4,1.0
human_a5a659ea-c541-4c54-9bad-d736222acbb9_player1,Human-Human,closer_to_player2,5,1.0
human_a5a659ea-c541-4c54-9bad-d736222acbb9_player1,Human-Human,equal_to_both,0,0.5
human_a5a659ea-c541-4c54-9bad-d736222acbb9_player1,Human-Human,equal_to_both,1,0.922227435174305
human_a5a659ea-c541-4c54-9bad-d736222acbb9_player1,Human-Human,equal_to_both,2,0.9999730366577473
human_a5a659ea-c541-4c54-9bad-d736222acbb9_player1,Human-Human,equal_to_both,3,0.9999999919034034
human_a5a659ea-c541-4c54-9bad-d736222acbb9_player1,Human-Human,equal_to_both,4,0.999999999996002
human_a5a659ea-c541-4c54-9bad-d736222acbb9_player1,Human-Human,equal_to_both,5,0.9999999999999964
human_a5a659ea-c541-4c54-9bad-d736222acbb9_player2,Human-Human,closer_to_player1,0,0.5
human_a5a659ea-c541-4c54-9bad-d736222acbb9_player2,Human-Human,closer_to_player1,1,0.9999950973371947
human_a5a659ea-c541-4c54-9bad-d736222acbb9_player2,Human-Human,closer_to_player1,2,0.9999999999035367
human_a5a659ea-c541-4c54-9bad-d736222acbb9_player2,Human-Human,closer_to_player1,3,0.999999999999994
human_a5a659ea-c541-4c54-9bad-d736222acbb9_player2,Human-Human,closer_to_player1,4,1.0
human_a5a659ea-c541-4c54-9bad-d736222acbb9_player2,Human-Human,closer_to_player2,0,0.5
human_a5a659ea-c541-4c54-9bad-d736222acbb9_player2,Human-Human,closer_to_player2,1,0.7778175897575377
human_a5a659ea-c541-4c54-9bad-d736222acbb9_player2,Human-Human,closer_to_player2,2,0.9999999997271835
human_a5a659ea-c541-4c54-9bad-d736222acbb9_player2,Human-Human,closer_to_player2,3,0.9999999999999823
human_a5a659ea-c541-4c54-9bad-d736222acbb9_player2,Human-Human,closer_to_player2,4,1.0
human_a5a659ea-c541-4c54-9bad-d736222acbb9_player2,Human-Human,closer_to_player2,5,1.0
human_a5a659ea-c541-4c54-9bad-d736222acbb9_player2,Human-Human,equal_to_both,0,0.5
human_a5a659ea-c541-4c54-9bad-d736222acbb9_player2,Human-Human,equal_to_both,1,0.9224619106204887
human_a5a659ea-c541-4c54-9bad-d736222acbb9_player2,Human-Human,equal_to_both,2,0.9999735214293445
human_a5a659ea-c541-4c54-9bad-d736222acbb9_player2,Human-Human,equal_to_both,3,0.9999999935147383
human_a5a659ea-c541-4c54-9bad-d736222acbb9_player2,Human-Human,equal_to_both,4,0.999999999997299
human_a5a659ea-c541-4c54-9bad-d736222acbb9_player2,Human-Human,equal_to_both,5,0.9999999999999974
human_a9a91c71-c38b-4e78-9be4-3c2f5c450004_player1,Human-Human,closer_to_player1,0,0.5
human_a9a91c71-c38b-4e78-9be4-3c2f5c450004_player1,Human-Human,closer_to_player1,1,0.7719967379973406
human_a9a91c71-c38b-4e78-9be4-3c2f5c450004_player1,Human-Human,closer_to_player1,2,0.9999970091559733
human_a9a91c71-c38b-4e78-9be4-3c2f5c450004_player1,Human-Human,closer_to_player1,3,0.9999999998981758
human_a9a91c71-c38b-4e78-9be4-3c2f5c450004_player1,Human-Human,closer_to_player1,4,0.9999999999998723
human_a9a91c71-c38b-4e78-9be4-3c2f5c450004_player1,Human-Human,closer_to_player1,5,0.9999999999999994
human_a9a91c71-c38b-4e78-9be4-3c2f5c450004_player1,Human-Human,closer_to_player2,0,0.5
human_a9a91c71-c38b-4e78-9be4-3c2f5c450004_player1,Human-Human,closer_to_player2,1,0.5000019593112898
human_a9a91c71-c38b-4e78-9be4-3c2f5c450004_player1,Human-Human,closer_to_player2,2,0.5875488040438023
human_a9a91c71-c38b-4e78-9be4-3c2f5c450004_player1,Human-Human,closer_to_player2,3,0.999838987143276
human_a9a91c71-c38b-4e78-9be4-3c2f5c450004_player1,Human-Human,closer_to_player2,4,0.9999999788290438
human_a9a91c71-c38b-4e78-9be4-3c2f5c450004_player1,Human-Human,equal_to_both,0,0.5
human_a9a91c71-c38b-4e78-9be4-3c2f5c450004_player1,Human-Human,equal_to_both,1,0.9170051673010096
human_a9a91c71-c38b-4e78-9be4-3c2f5c450004_player1,Human-Human,equal_to_both,2,0.9998908652672269
human_a9a91c71-c38b-4e78-9be4-3c2f5c450004_player1,Human-Human,equal_to_both,3,0.9999980328216052
human_a9a91c71-c38b-4e78-9be4-3c2f5c450004_player1,Human-Human,equal_to_both,4,0.9999999300171112
human_a9a91c71-c38b-4e78-9be4-3c2f5c450004_player1,Human-Human,equal_to_both,5,0.9999999439479949
human_a9a91c71-c38b-4e78-9be4-3c2f5c450004_player2,Human-Human,closer_to_player1,0,0.5
human_a9a91c71-c38b-4e78-9be4-3c2f5c450004_player2,Human-Human,closer_to_player1,1,0.7721575168646538
human_a9a91c71-c38b-4e78-9be4-3c2f5c450004_player2,Human-Human,closer_to_player1,2,0.9996954528307037
human_a9a91c71-c38b-4e78-9be4-3c2f5c450004_player2,Human-Human,closer_to_player1,3,0.9999866433244934
human_a9a91c71-c38b-4e78-9be4-3c2f5c450004_player2,Human-Human,closer_to_player1,4,0.9992930387566636
human_a9a91c71-c38b-4e78-9be4-3c2f5c450004_player2,Human-Human,closer_to_player1,5,0.9995461729351651
human_a9a91c71-c38b-4e78-9be4-3c2f5c450004_player2,Human-Human,closer_to_player2,0,0.5
human_a9a91c71-c38b-4e78-9be4-3c2f5c450004_player2,Human-Human,closer_to_player2,1,0.3721550638411249
human_a9a91c71-c38b-4e78-9be4-3c2f5c450004_player2,Human-Human,closer_to_player2,2,0.34370058044987317
human_a9a91c71-c38b-4e78-9be4-3c2f5c450004_player2,Human-Human,closer_to_player2,3,1.149581395851065e-11
human_a9a91c71-c38b-4e78-9be4-3c2f5c450004_player2,Human-Human,closer_to_player2,4,3.1226183062535345e-07
human_a9a91c71-c38b-4e78-9be4-3c2f5c450004_player2,Human-Human,closer_to_player2,5,0.0045460283782253795
human_a9a91c71-c38b-4e78-9be4-3c2f5c450004_player2,Human-Human,equal_to_both,0,0.5
human_a9a91c71-c38b-4e78-9be4-3c2f5c450004_player2,Human-Human,equal_to_both,1,0.9938069081784184
human_a9a91c71-c38b-4e78-9be4-3c2f5c450004_player2,Human-Human,equal_to_both,2,0.9980158828211088
human_a9a91c71-c38b-4e78-9be4-3c2f5c450004_player2,Human-Human,equal_to_both,3,0.9808907244678727
human_a9a91c71-c38b-4e78-9be4-3c2f5c450004_player2,Human-Human,equal_to_both,4,0.9969852337057028
human_a9a91c71-c38b-4e78-9be4-3c2f5c450004_player2,Human-Human,equal_to_both,5,0.9981290364756525
human_b40d6c2e-46aa-4680-8f62-ef715fd65b79_player1,Human-Human,closer_to_player1,0,0.5
human_b40d6c2e-46aa-4680-8f62-ef715fd65b79_player1,Human-Human,closer_to_player1,1,0.9014860901047935
human_b40d6c2e-46aa-4680-8f62-ef715fd65b79_player1,Human-Human,closer_to_player1,2,0.9999994932753625
human_b40d6c2e-46aa-4680-8f62-ef715fd65b79_player1,Human-Human,closer_to_player1,3,0.9999999916807759
human_b40d6c2e-46aa-4680-8f62-ef715fd65b79_player1,Human-Human,closer_to_player1,4,0.9999999958107223
human_b40d6c2e-46aa-4680-8f62-ef715fd65b79_player1,Human-Human,closer_to_player1,5,0.9999999979050399
human_b40d6c2e-46aa-4680-8f62-ef715fd65b79_player1,Human-Human,closer_to_player2,0,0.5
human_b40d6c2e-46aa-4680-8f62-ef715fd65b79_player1,Human-Human,closer_to_player2,1,0.6673376730895297
human_b40d6c2e-46aa-4680-8f62-ef715fd65b79_player1,Human-Human,closer_to_player2,2,0.8020357552973173
human_b40d6c2e-46aa-4680-8f62-ef715fd65b79_player1,Human-Human,closer_to_player2,3,0.9036336415266678
human_b40d6c2e-46aa-4680-8f62-ef715fd65b79_player1,Human-Human,closer_to_player2,4,0.9613262096247487
human_b40d6c2e-46aa-4680-8f62-ef715fd65b79_player1,Human-Human,closer_to_player2,5,0.9704504730455676
human_b40d6c2e-46aa-4680-8f62-ef715fd65b79_player1,Human-Human,equal_to_both,0,0.5
human_b40d6c2e-46aa-4680-8f62-ef715fd65b79_player1,Human-Human,equal_to_both,1,0.6649852688577654
human_b40d6c2e-46aa-4680-8f62-ef715fd65b79_player1,Human-Human,equal_to_both,2,0.798765205578555
human_b40d6c2e-46aa-4680-8f62-ef715fd65b79_player1,Human-Human,equal_to_both,3,0.904627957260908
human_b40d6c2e-46aa-4680-8f62-ef715fd65b79_player1,Human-Human,equal_to_both,4,0.9999996300023271
human_b40d6c2e-46aa-4680-8f62-ef715fd65b79_player2,Human-Human,closer_to_player1,0,0.5
human_b40d6c2e-46aa-4680-8f62-ef715fd65b79_player2,Human-Human,closer_to_player1,1,0.8708555410347536
human_b40d6c2e-46aa-4680-8f62-ef715fd65b79_player2,Human-Human,closer_to_player1,2,0.9190753784440416
human_b40d6c2e-46aa-4680-8f62-ef715fd65b79_player2,Human-Human,closer_to_player1,3,0.9529387787894726
human_b40d6c2e-46aa-4680-8f62-ef715fd65b79_player2,Human-Human,closer_to_player1,4,0.9812337784422267
human_b40d6c2e-46aa-4680-8f62-ef715fd65b79_player2,Human-Human,closer_to_player1,5,0.9971136484058922
human_b40d6c2e-46aa-4680-8f62-ef715fd65b79_player2,Human-Human,closer_to_player2,0,0.5
human_b40d6c2e-46aa-4680-8f62-ef715fd65b79_player2,Human-Human,closer_to_player2,1,0.9983940360748051
human_b40d6c2e-46aa-4680-8f62-ef715fd65b79_player2,Human-Human,closer_to_player2,2,0.9986908786305687
human_b40d6c2e-46aa-4680-8f62-ef715fd65b79_player2,Human-Human,closer_to_player2,3,0.9990648229954654
human_b40d6c2e-46aa-4680-8f62-ef715fd65b79_player2,Human-Human,closer_to_player2,4,1.0
human_b40d6c2e-46aa-4680-8f62-ef715fd65b79_player2,Human-Human,closer_to_player2,5,1.0
human_b40d6c2e-46aa-4680-8f62-ef715fd65b79_player2,Human-Human,equal_to_both,0,0.5
human_b40d6c2e-46aa-4680-8f62-ef715fd65b79_player2,Human-Human,equal_to_both,1,0.663860928511299
human_b40d6c2e-46aa-4680-8f62-ef715fd65b79_player2,Human-Human,equal_to_both,2,0.797468404941439
human_b40d6c2e-46aa-4680-8f62-ef715fd65b79_player2,Human-Human,equal_to_both,3,0.9036826878605558
human_b40d6c2e-46aa-4680-8f62-ef715fd65b79_player2,Human-Human,equal_to_both,4,0.999999623758994
human_bf70b991-4d12-4b4f-9ce5-57687e7d0c35_player1,Human-Human,closer_to_player1,0,0.5
human_bf70b991-4d12-4b4f-9ce5-57687e7d0c35_player1,Human-Human,closer_to_player1,1,0.66663688087427
human_bf70b991-4d12-4b4f-9ce5-57687e7d0c35_player1,Human-Human,closer_to_player1,2,0.5414192796592308
human_bf70b991-4d12-4b4f-9ce5-57687e7d0c35_player1,Human-Human,closer_to_player1,3,0.999273406528147
human_bf70b991-4d12-4b4f-9ce5-57687e7d0c35_player1,Human-Human,closer_to_player1,4,0.9999999999999996
human_bf70b991-4d12-4b4f-9ce5-57687e7d0c35_player1,Human-Human,closer_to_player1,5,1.0
human_bf70b991-4d12-4b4f-9ce5-57687e7d0c35_player1,Human-Human,closer_to_player2,0,0.5
human_bf70b991-4d12-4b4f-9ce5-57687e7d0c35_player1,Human-Human,closer_to_player2,1,0.651405334525828
human_bf70b991-4d12-4b4f-9ce5-57687e7d0c35_player1,Human-Human,closer_to_player2,2,0.2280744880982072
human_bf70b991-4d12-4b4f-9ce5-57687e7d0c35_player1,Human-Human,closer_to_player2,3,0.5248345567998096
human_bf70b991-4d12-4b4f-9ce5-57687e7d0c35_player1,Human-Human,closer_to_player2,4,0.9934633886261862
human_bf70b991-4d12-4b4f-9ce5-57687e7d0c35_player1,Human-Human,equal_to_both,0,0.5
human_bf70b991-4d12-4b4f-9ce5-57687e7d0c35_player1,Human-Human,equal_to_both,1,0.6781402478256493
human_bf70b991-4d12-4b4f-9ce5-57687e7d0c35_player1,Human-Human,equal_to_both,2,0.6904946265061839
human_bf70b991-4d12-4b4f-9ce5-57687e7d0c35_player1,Human-Human,equal_to_both,3,0.9997065398748063
human_bf70b991-4d12-4b4f-9ce5-57687e7d0c35_player1,Human-Human,equal_to_both,4,0.9999997424742401
human_bf70b991-4d12-4b4f-9ce5-57687e7d0c35_player1,Human-Human,equal_to_both,5,0.9999999993332398
human_bf70b991-4d12-4b4f-9ce5-57687e7d0c35_player2,Human-Human,closer_to_player1,0,0.5
human_bf70b991-4d12-4b4f-9ce5-57687e7d0c35_player2,Human-Human,closer_to_player1,1,0.5271595944527925
human_bf70b991-4d12-4b4f-9ce5-57687e7d0c35_player2,Human-Human,closer_to_player1,2,0.4785462183743251
human_bf70b991-4d12-4b4f-9ce5-57687e7d0c35_player2,Human-Human,closer_to_player1,3,0.7502944775705931
human_bf70b991-4d12-4b4f-9ce5-57687e7d0c35_player2,Human-Human,closer_to_player1,4,0.7552768046075258
human_bf70b991-4d12-4b4f-9ce5-57687e7d0c35_player2,Human-Human,closer_to_player1,5,0.9999751194484486
human_bf70b991-4d12-4b4f-9ce5-57687e7d0c35_player2,Human-Human,closer_to_player2,0,0.5
human_bf70b991-4d12-4b4f-9ce5-57687e7d0c35_player2,Human-Human,closer_to_player2,1,0.6666639052334551
human_bf70b991-4d12-4b4f-9ce5-57687e7d0c35_player2,Human-Human,closer_to_player2,2,0.6698320636205702
human_bf70b991-4d12-4b4f-9ce5-57687e7d0c35_player2,Human-Human,closer_to_player2,3,0.980445229024587
human_bf70b991-4d12-4b4f-9ce5-57687e7d0c35_player2,Human-Human,closer_to_player2,4,1.0
human_bf70b991-4d12-4b4f-9ce5-57687e7d0c35_player2,Human-Human,closer_to_player2,5,1.0
human_bf70b991-4d12-4b4f-9ce5-57687e7d0c35_player2,Human-Human,equal_to_both,0,0.5
human_bf70b991-4d12-4b4f-9ce5-57687e7d0c35_player2,Human-Human,equal_to_both,1,0.5616109696517314
human_bf70b991-4d12-4b4f-9ce5-57687e7d0c35_player2,Human-Human,equal_to_both,2,0.6046655547376096
human_bf70b991-4d12-4b4f-9ce5-57687e7d0c35_player2,Human-Human,equal_to_both,3,0.6422147224499729
human_bf70b991-4d12-4b4f-9ce5-57687e7d0c35_player2,Human-Human,equal_to_both,4,0.6684905309968029
human_bf70b991-4d12-4b4f-9ce5-57687e7d0c35_player2,Human-Human,equal_to_both,5,0.9787931908777181
human_c252dec7-11a7-48c1-9696-691e0511cbc2_player1,Human-Human,closer_to_player1,0,0.5
human_c252dec7-11a7-48c1-9696-691e0511cbc2_player1,Human-Human,closer_to_player1,1,0.5322183710720801
human_c252dec7-11a7-48c1-9696-691e0511cbc2_player1,Human-Human,closer_to_player1,2,0.3485563190816919
human_c252dec7-11a7-48c1-9696-691e0511cbc2_player1,Human-Human,closer_to_player1,3,0.6542200893030473
human_c252dec7-11a7-48c1-9696-691e0511cbc2_player1,Human-Human,closer_to_player1,4,0.6666145488936728
human_c252dec7-11a7-48c1-9696-691e0511cbc2_player1,Human-Human,closer_to_player1,5,0.6666662196296174
human_c252dec7-11a7-48c1-9696-691e0511cbc2_player1,Human-Human,closer_to_player2,0,0.5
human_c252dec7-11a7-48c1-9696-691e0511cbc2_player1,Human-Human,closer_to_player2,1,0.9998884123908894
human_c252dec7-11a7-48c1-9696-691e0511cbc2_player1,Human-Human,closer_to_player2,2,0.9999999191940695
human_c252dec7-11a7-48c1-9696-691e0511cbc2_player1,Human-Human,closer_to_player2,3,0.6666666666664077
human_c252dec7-11a7-48c1-9696-691e0511cbc2_player1,Human-Human,closer_to_player2,4,0.4999999999999997
human_c252dec7-11a7-48c1-9696-691e0511cbc2_player1,Human-Human,closer_to_player2,5,0.5
human_c252dec7-11a7-48c1-9696-691e0511cbc2_player1,Human-Human,equal_to_both,0,0.5
human_c252dec7-11a7-48c1-9696-691e0511cbc2_player1,Human-Human,equal_to_both,1,0.9987750287533403
human_c252dec7-11a7-48c1-9696-691e0511cbc2_player1,Human-Human,equal_to_both,2,0.9999967564837664
human_c252dec7-11a7-48c1-9696-691e0511cbc2_player1,Human-Human,equal_to_both,3,0.9999999840783228
human_c252dec7-11a7-48c1-9696-691e0511cbc2_player1,Human-Human,equal_to_both,4,0.9999999998686309
human_c252dec7-11a7-48c1-9696-691e0511cbc2_player1,Human-Human,equal_to_both,5,0.99999999999829
human_c252dec7-11a7-48c1-9696-691e0511cbc2_player2,Human-Human,closer_to_player1,0,0.5
human_c252dec7-11a7-48c1-9696-691e0511cbc2_player2,Human-Human,closer_to_player1,1,0.7964075619299766
human_c252dec7-11a7-48c1-9696-691e0511cbc2_player2,Human-Human,closer_to_player1,2,0.7569248971228926
human_c252dec7-11a7-48c1-9696-691e0511cbc2_player2,Human-Human,closer_to_player1,3,0.7187551525094141
human_c252dec7-11a7-48c1-9696-691e0511cbc2_player2,Human-Human,closer_to_player1,4,0.666666268235632
human_c252dec7-11a7-48c1-9696-691e0511cbc2_player2,Human-Human,closer_to_player1,5,0.6947486908038997
human_c252dec7-11a7-48c1-9696-691e0511cbc2_player2,Human-Human,closer_to_player2,0,0.5
human_c252dec7-11a7-48c1-9696-691e0511cbc2_player2,Human-Human,closer_to_player2,1,0.6932577181189513
human_c252dec7-11a7-48c1-9696-691e0511cbc2_player2,Human-Human,closer_to_player2,2,0.9999968552842411
human_c252dec7-11a7-48c1-9696-691e0511cbc2_player2,Human-Human,closer_to_player2,3,0.99999999984533
human_c252dec7-11a7-48c1-9696-691e0511cbc2_player2,Human-Human,closer_to_player2,4,0.9999999999999742
human_c252dec7-11a7-48c1-9696-691e0511cbc2_player2,Human-Human,closer_to_player2,5,1.0
human_c252dec7-11a7-48c1-9696-691e0511cbc2_player2,Human-Human,equal_to_both,0,0.5
human_c252dec7-11a7-48c1-9696-691e0511cbc2_player2,Human-Human,equal_to_both,1,0.9992205890088162
human_c252dec7-11a7-48c1-9696-691e0511cbc2_player2,Human-Human,equal_to_both,2,0.999998669586841
human_c252dec7-11a7-48c1-9696-691e0511cbc2_player2,Human-Human,equal_to_both,3,0.9999999954098822
human_c252dec7-11a7-48c1-9696-691e0511cbc2_player2,Human-Human,equal_to_both,4,0.9999999999699813
human_c252dec7-11a7-48c1-9696-691e0511cbc2_player2,Human-Human,equal_to_both,5,0.9999999999996436
human_c70d7765-1724-49bf-9fed-d8647822e9f2_player1,Human-Human,closer_to_player1,0,0.5
human_c70d7765-1724-49bf-9fed-d8647822e9f2_player1,Human-Human,closer_to_player1,1,0.9999567129670098
human_c70d7765-1724-49bf-9fed-d8647822e9f2_player1,Human-Human,closer_to_player1,2,0.99999998831797
human_c70d7765-1724-49bf-9fed-d8647822e9f2_player1,Human-Human,closer_to_player1,3,0.9999999959833352
human_c70d7765-1724-49bf-9fed-d8647822e9f2_player1,Human-Human,closer_to_player1,4,0.9999999978129094
human_c70d7765-1724-49bf-9fed-d8647822e9f2_player1,Human-Human,closer_to_player1,5,0.9999999991239205
human_c70d7765-1724-49bf-9fed-d8647822e9f2_player1,Human-Human,closer_to_player2,0,0.5
human_c70d7765-1724-49bf-9fed-d8647822e9f2_player1,Human-Human,closer_to_player2,1,0.830746422126665
human_c70d7765-1724-49bf-9fed-d8647822e9f2_player1,Human-Human,closer_to_player2,2,0.8380238500668508
human_c70d7765-1724-49bf-9fed-d8647822e9f2_player1,Human-Human,closer_to_player2,3,0.7589909175450724
human_c70d7765-1724-49bf-9fed-d8647822e9f2_player1,Human-Human,closer_to_player2,4,0.7618125028589724
human_c70d7765-1724-49bf-9fed-d8647822e9f2_player1,Human-Human,closer_to_player2,5,0.8141667306079562
human_c70d7765-1724-49bf-9fed-d8647822e9f2_player1,Human-Human,equal_to_both,0,0.5
human_c70d7765-1724-49bf-9fed-d8647822e9f2_player1,Human-Human,equal_to_both,1,0.8758953085818654
human_c70d7765-1724-49bf-9fed-d8647822e9f2_player1,Human-Human,equal_to_both,2,0.9995066490678718
human_c70d7765-1724-49bf-9fed-d8647822e9f2_player1,Human-Human,equal_to_both,3,0.999999729439203
human_c70d7765-1724-49bf-9fed-d8647822e9f2_player1,Human-Human,equal_to_both,4,0.999999999679542
human_c70d7765-1724-49bf-9fed-d8647822e9f2_player1,Human-Human,equal_to_both,5,0.9999999999977459
human_c70d7765-1724-49bf-9fed-d8647822e9f2_player2,Human-Human,closer_to_player1,0,0.5
human_c70d7765-1724-49bf-9fed-d8647822e9f2_player2,Human-Human,closer_to_player1,1,0.6248904609840231
human_c70d7765-1724-49bf-9fed-d8647822e9f2_player2,Human-Human,closer_to_player1,2,0.7526085124648282
human_c70d7765-1724-49bf-9fed-d8647822e9f2_player2,Human-Human,closer_to_player1,3,0.8448815369120828
human_c70d7765-1724-49bf-9fed-d8647822e9f2_player2,Human-Human,closer_to_player1,4,0.9817147036383126
human_c70d7765-1724-49bf-9fed-d8647822e9f2_player2,Human-Human,closer_to_player1,5,0.9943342789888523
human_c70d7765-1724-49bf-9fed-d8647822e9f2_player2,Human-Human,closer_to_player2,0,0.5
human_c70d7765-1724-49bf-9fed-d8647822e9f2_player2,Human-Human,closer_to_player2,1,0.6953887634683537
human_c70d7765-1724-49bf-9fed-d8647822e9f2_player2,Human-Human,closer_to_player2,2,0.8199869705002243
human_c70d7765-1724-49bf-9fed-d8647822e9f2_player2,Human-Human,closer_to_player2,3,0.9999999999873487
human_c70d7765-1724-49bf-9fed-d8647822e9f2_player2,Human-Human,closer_to_player2,4,0.9999999999999994
human_c70d7765-1724-49bf-9fed-d8647822e9f2_player2,Human-Human,closer_to_player2,5,1.0
human_c70d7765-1724-49bf-9fed-d8647822e9f2_player2,Human-Human,equal_to_both,0,0.5
human_c70d7765-1724-49bf-9fed-d8647822e9f2_player2,Human-Human,equal_to_both,1,0.9996690395142084
human_c70d7765-1724-49bf-9fed-d8647822e9f2_player2,Human-Human,equal_to_both,2,0.9999997142998557
human_c70d7765-1724-49bf-9fed-d8647822e9f2_player2,Human-Human,equal_to_both,3,0.9999999993421613
human_c70d7765-1724-49bf-9fed-d8647822e9f2_player2,Human-Human,equal_to_both,4,0.9999999999967871
human_c70d7765-1724-49bf-9fed-d8647822e9f2_player2,Human-Human,equal_to_both,5,0.9999999999999116
human_cb6a41aa-0534-4a15-86a4-80d9c232a01e_player1,Human-Human,closer_to_player1,0,0.5
human_cb6a41aa-0534-4a15-86a4-80d9c232a01e_player1,Human-Human,closer_to_player1,1,0.9997417573894988
human_cb6a41aa-0534-4a15-86a4-80d9c232a01e_player1,Human-Human,closer_to_player1,2,0.4999998890734102
human_cb6a41aa-0534-4a15-86a4-80d9c232a01e_player1,Human-Human,closer_to_player1,3,1.4960963929621954e-26
human_cb6a41aa-0534-4a15-86a4-80d9c232a01e_player1,Human-Human,closer_to_player2,0,0.5
human_cb6a41aa-0534-4a15-86a4-80d9c232a01e_player1,Human-Human,closer_to_player2,1,0.2502271382128114
human_cb6a41aa-0534-4a15-86a4-80d9c232a01e_player1,Human-Human,closer_to_player2,2,0.013609322105990456
human_cb6a41aa-0534-4a15-86a4-80d9c232a01e_player1,Human-Human,closer_to_player2,3,0.9480620037058577
human_cb6a41aa-0534-4a15-86a4-80d9c232a01e_player1,Human-Human,equal_to_both,0,0.5
human_cb6a41aa-0534-4a15-86a4-80d9c232a01e_player1,Human-Human,equal_to_both,1,0.8882498354255189
human_cb6a41aa-0534-4a15-86a4-80d9c232a01e_player1,Human-Human,equal_to_both,2,0.9329217069385268
human_cb6a41aa-0534-4a15-86a4-80d9c232a01e_player1,Human-Human,equal_to_both,3,0.968209317960024
human_cb6a41aa-0534-4a15-86a4-80d9c232a01e_player1,Human-Human,equal_to_both,4,0.9999998766674129
human_cb6a41aa-0534-4a15-86a4-80d9c232a01e_player1,Human-Human,equal_to_both,5,0.9999999999999997
human_cb6a41aa-0534-4a15-86a4-80d9c232a01e_player2,Human-Human,closer_to_player1,0,0.5
human_cb6a41aa-0534-4a15-86a4-80d9c232a01e_player2,Human-Human,closer_to_player1,1,0.6664972499513748
human_cb6a41aa-0534-4a15-86a4-80d9c232a01e_player2,Human-Human,closer_to_player1,2,0.5211800173580785
human_cb6a41aa-0534-4a15-86a4-80d9c232a01e_player2,Human-Human,closer_to_player1,3,0.9940886513339585
human_cb6a41aa-0534-4a15-86a4-80d9c232a01e_player2,Human-Human,closer_to_player2,0,0.5
human_cb6a41aa-0534-4a15-86a4-80d9c232a01e_player2,Human-Human,closer_to_player2,1,0.7498477416349936
human_cb6a41aa-0534-4a15-86a4-80d9c232a01e_player2,Human-Human,closer_to_player2,2,1.4270087254242194e-30
human_cb6a41aa-0534-4a15-86a4-80d9c232a01e_player2,Human-Human,closer_to_player2,3,1.8879506809135242e-27
human_cb6a41aa-0534-4a15-86a4-80d9c232a01e_player2,Human-Human,equal_to_both,0,0.5
human_cb6a41aa-0534-4a15-86a4-80d9c232a01e_player2,Human-Human,equal_to_both,1,0.8882498354255189
human_cb6a41aa-0534-4a15-86a4-80d9c232a01e_player2,Human-Human,equal_to_both,2,0.9329217069385268
human_cb6a41aa-0534-4a15-86a4-80d9c232a01e_player2,Human-Human,equal_to_both,3,0.968209317960024
human_cb6a41aa-0534-4a15-86a4-80d9c232a01e_player2,Human-Human,equal_to_both,4,0.9999998766674129
human_cb6a41aa-0534-4a15-86a4-80d9c232a01e_player2,Human-Human,equal_to_both,5,0.9999999999999997
human_dbe27c5c-9678-4808-9506-13690c5d442a_player1,Human-Human,closer_to_player1,0,0.5
human_dbe27c5c-9678-4808-9506-13690c5d442a_player1,Human-Human,closer_to_player1,1,0.5891049036989647
human_dbe27c5c-9678-4808-9506-13690c5d442a_player1,Human-Human,closer_to_player2,0,0.5
human_dbe27c5c-9678-4808-9506-13690c5d442a_player1,Human-Human,closer_to_player2,1,0.9998794981520094
human_dbe27c5c-9678-4808-9506-13690c5d442a_player1,Human-Human,closer_to_player2,2,0.9999998754173749
human_dbe27c5c-9678-4808-9506-13690c5d442a_player1,Human-Human,closer_to_player2,3,0.9999999998149633
human_dbe27c5c-9678-4808-9506-13690c5d442a_player1,Human-Human,closer_to_player2,4,0.9999999999986798
human_dbe27c5c-9678-4808-9506-13690c5d442a_player1,Human-Human,closer_to_player2,5,0.9999999999999938
human_dbe27c5c-9678-4808-9506-13690c5d442a_player1,Human-Human,equal_to_both,0,0.5
human_dbe27c5c-9678-4808-9506-13690c5d442a_player1,Human-Human,equal_to_both,1,0.8053485526295842
human_dbe27c5c-9678-4808-9506-13690c5d442a_player1,Human-Human,equal_to_both,2,0.8420220102997268
human_dbe27c5c-9678-4808-9506-13690c5d442a_player1,Human-Human,equal_to_both,3,0.9999539732395792
human_dbe27c5c-9678-4808-9506-13690c5d442a_player1,Human-Human,equal_to_both,4,0.9999466007408531
human_dbe27c5c-9678-4808-9506-13690c5d442a_player1,Human-Human,equal_to_both,5,0.9999318802159295
human_dbe27c5c-9678-4808-9506-13690c5d442a_player2,Human-Human,closer_to_player1,0,0.5
human_dbe27c5c-9678-4808-9506-13690c5d442a_player2,Human-Human,closer_to_player1,1,0.5244352340859002
human_dbe27c5c-9678-4808-9506-13690c5d442a_player2,Human-Human,closer_to_player1,2,0.6354116614569082
human_dbe27c5c-9678-4808-9506-13690c5d442a_player2,Human-Human,closer_to_player1,3,0.15682682080507093
human_dbe27c5c-9678-4808-9506-13690c5d442a_player2,Human-Human,closer_to_player2,0,0.5
human_dbe27c5c-9678-4808-9506-13690c5d442a_player2,Human-Human,closer_to_player2,1,0.6656182755836914
human_dbe27c5c-9678-4808-9506-13690c5d442a_player2,Human-Human,closer_to_player2,2,0.5149095497494439
human_dbe27c5c-9678-4808-9506-13690c5d442a_player2,Human-Human,closer_to_player2,3,0.9965567034370488
human_dbe27c5c-9678-4808-9506-13690c5d442a_player2,Human-Human,equal_to_both,0,0.5
human_dbe27c5c-9678-4808-9506-13690c5d442a_player2,Human-Human,equal_to_both,1,0.1898346541359018
human_dbe27c5c-9678-4808-9506-13690c5d442a_player2,Human-Human,equal_to_both,2,0.5519086712711457
human_dbe27c5c-9678-4808-9506-13690c5d442a_player2,Human-Human,equal_to_both,3,0.7042788133464836
human_dbe27c5c-9678-4808-9506-13690c5d442a_player2,Human-Human,equal_to_both,4,0.9999172847024962
human_dbe27c5c-9678-4808-9506-13690c5d442a_player2,Human-Human,equal_to_both,5,0.9998949304103147
session_0_player1,Shared agency Communicative Action Mixture (Legibility Over Alternatives),closer_to_player1,0,0.5
session_0_player1,Shared agency Communicative Action Mixture (Legibility Over Alternatives),closer_to_player1,1,0.6679006640031626
session_0_player1,Shared agency Communicative Action Mixture (Legibility Over Alternatives),closer_to_player1,2,0.6413307765759323
session_0_player1,Shared agency Communicative Action Mixture (Legibility Over Alternatives),closer_to_player1,3,0.666628164482617
session_0_player1,Shared agency Communicative Action Mixture (Legibility Over Alternatives),closer_to_player1,4,0.7208331495856083
session_0_player1,Shared agency Communicative Action Mixture (Legibility Over Alternatives),closer_to_player1,5,0.8071628797982305
session_0_player1,Shared agency Communicative Action Mixture (Legibility Over Alternatives),closer_to_player2,0,0.5
session_0_player1,Shared agency Communicative Action Mixture (Legibility Over Alternatives),closer_to_player2,1,0.6108127171514725
session_0_player1,Shared agency Communicative Action Mixture (Legibility Over Alternatives),closer_to_player2,2,0.8118562877938117
session_0_player1,Shared agency Communicative Action Mixture (Legibility Over Alternatives),closer_to_player2,3,0.8117122183188051
session_0_player1,Shared agency Communicative Action Mixture (Legibility Over Alternatives),closer_to_player2,4,0.8353821876837598
session_0_player1,Shared agency Communicative Action Mixture (Legibility Over Alternatives),closer_to_player2,5,0.835074417015881
session_0_player1,Shared agency Communicative Action Mixture (Legibility Over Alternatives),equal_to_both,0,0.5
session_0_player1,Shared agency Communicative Action Mixture (Legibility Over Alternatives),equal_to_both,1,0.9886510412837684
session_0_player1,Shared agency Communicative Action Mixture (Legibility Over Alternatives),equal_to_both,2,0.9893737723384219
session_0_player1,Shared agency Communicative Action Mixture (Legibility Over Alternatives),equal_to_both,3,0.9895492014803853
session_0_player1,Shared agency Communicative Action Mixture (Legibility Over Alternatives),equal_to_both,4,0.9999347172026213
session_0_player1,Shared agency Communicative Action Mixture (Legibility Over Alternatives),equal_to_both,5,0.9999356339362809
session_0_player1,Shared agency no signaling,closer_to_player1,0,0.5
session_0_player1,Shared agency no signaling,closer_to_player1,1,0.4986292215132228
session_0_player1,Shared agency no signaling,closer_to_player1,2,0.5727067251528652
session_0_player1,Shared agency no signaling,closer_to_player1,3,0.8038591924912051
session_0_player1,Shared agency no signaling,closer_to_player1,4,0.8994477046216693
session_0_player1,Shared agency no signaling,closer_to_player1,5,0.9999806835904615
session_0_player1,Shared agency no signaling,closer_to_player2,0,0.5
session_0_player1,Shared agency no signaling,closer_to_player2,1,0.8036726312489256
session_0_player1,Shared agency no signaling,closer_to_player2,2,0.7968402318870303
session_0_player1,Shared agency no signaling,closer_to_player2,3,0.8245829282519872
session_0_player1,Shared agency no signaling,closer_to_player2,4,0.8306385420666663
session_0_player1,Shared agency no signaling,closer_to_player2,5,0.8299241240086207
session_0_player1,Shared agency no signaling,equal_to_both,0,0.5
session_0_player1,Shared agency no signaling,equal_to_both,1,0.7475598160747812
session_0_player1,Shared agency no signaling,equal_to_both,2,0.9983013509723516
session_0_player1,Shared agency no signaling,equal_to_both,3,0.9983179184202005
session_0_player1,Shared agency no signaling,equal_to_both,4,0.9999943423797972
session_0_player1,Shared agency no signaling,equal_to_both,5,0.9999999651096545
session_0_player2,Shared agency Communicative Action Mixture (Legibility Over Alternatives),closer_to_player1,0,0.5
session_0_player2,Shared agency Communicative Action Mixture (Legibility Over Alternatives),closer_to_player1,1,0.5284775594337882
session_0_player2,Shared agency Communicative Action Mixture (Legibility Over Alternatives),closer_to_player1,2,0.5561726892078173
session_0_player2,Shared agency Communicative Action Mixture (Legibility Over Alternatives),closer_to_player1,3,0.5095356825513604
session_0_player2,Shared agency Communicative Action Mixture (Legibility Over Alternatives),closer_to_player1,4,0.566741374547604
session_0_player2,Shared agency Communicative Action Mixture (Legibility Over Alternatives),closer_to_player1,5,0.6270033793701663
session_0_player2,Shared agency Communicative Action Mixture (Legibility Over Alternatives),closer_to_player2,0,0.5
session_0_player2,Shared agency Communicative Action Mixture (Legibility Over Alternatives),closer_to_player2,1,0.831463060814451
session_0_player2,Shared agency Communicative Action Mixture (Legibility Over Alternatives),closer_to_player2,2,0.7342107378197933
session_0_player2,Shared agency Communicative Action Mixture (Legibility Over Alternatives),closer_to_player2,3,0.6666382107075001
session_0_player2,Shared agency Communicative Action Mixture (Legibility Over Alternatives),closer_to_player2,4,0.6667101157308876
session_0_player2,Shared agency Communicative Action Mixture (Legibility Over Alternatives),closer_to_player2,5,0.8058421553817721
session_0_player2,Shared agency Communicative Action Mixture (Legibility Over Alternatives),equal_to_both,0,0.5
session_0_player2,Shared agency Communicative Action Mixture (Legibility Over Alternatives),equal_to_both,1,0.49999998573164944
session_0_player2,Shared agency Communicative Action Mixture (Legibility Over Alternatives),equal_to_both,2,0.9938491251337791
session_0_player2,Shared agency Communicative Action Mixture (Legibility Over Alternatives),equal_to_both,3,0.35420388350201615
session_0_player2,Shared agency Communicative Action Mixture (Legibility Over Alternatives),equal_to_both,4,0.9888420237524482
session_0_player2,Shared agency Communicative Action Mixture (Legibility Over Alternatives),equal_to_both,5,0.9889225649974991
session_0_player2,Shared agency no signaling,closer_to_player1,0,0.5
session_0_player2,Shared agency no signaling,closer_to_player1,1,0.7435406595824448
session_0_player2,Shared agency no signaling,closer_to_player1,2,0.7447349723706767
session_0_player2,Shared agency no signaling,closer_to_player1,3,0.7503817442111167
session_0_player2,Shared agency no signaling,closer_to_player1,4,0.7921899023507878
session_0_player2,Shared agency no signaling,closer_to_player1,5,0.8278475323421159
session_0_player2,Shared agency no signaling,closer_to_player2,0,0.5
session_0_player2,Shared agency no signaling,closer_to_player2,1,0.7775177807875563
session_0_player2,Shared agency no signaling,closer_to_player2,2,0.9994516431146664
session_0_player2,Shared agency no signaling,closer_to_player2,3,0.9995231609976591
session_0_player2,Shared agency no signaling,closer_to_player2,4,0.9999999130816954
session_0_player2,Shared agency no signaling,closer_to_player2,5,0.9999999347936015
session_0_player2,Shared agency no signaling,equal_to_both,0,0.5
session_0_player2,Shared agency no signaling,equal_to_both,1,0.2516876631083629
session_0_player2,Shared agency no signaling,equal_to_both,2,0.8298991234352832
session_0_player2,Shared agency no signaling,equal_to_both,3,0.8299108501139334
session_0_player2,Shared agency no signaling,equal_to_both,4,0.9995624312987329
session_0_player2,Shared agency no signaling,equal_to_both,5,0.9995706156978683
session_10_player1,Shared agency Communicative Action Mixture (Legibility Over Alternatives),closer_to_player1,0,0.5
session_10_player1,Shared agency Communicative Action Mixture (Legibility Over Alternatives),closer_to_player1,1,0.47494687095046945
session_10_player1,Shared agency Communicative Action Mixture (Legibility Over Alternatives),closer_to_player1,2,0.5114395127604374
session_10_player1,Shared agency Communicative Action Mixture (Legibility Over Alternatives),closer_to_player1,3,0.4657859653980547
session_10_player1,Shared agency Communicative Action Mixture (Legibility Over Alternatives),closer_to_player1,4,0.4353366566012546
session_10_player1,Shared agency Communicative Action Mixture (Legibility Over Alternatives),closer_to_player1,5,0.7226996444023491
session_10_player1,Shared agency Communicative Action Mixture (Legibility Over Alternatives),closer_to_player2,0,0.5
session_10_player1,Shared agency Communicative Action Mixture (Legibility Over Alternatives),closer_to_player2,1,0.8251830829554239
session_10_player1,Shared agency Communicative Action Mixture (Legibility Over Alternatives),closer_to_player2,2,0.8313491808369712
session_10_player1,Shared agency Communicative Action Mixture (Legibility Over Alternatives),closer_to_player2,3,0.8373523763320648
session_10_player1,Shared agency Communicative Action Mixture (Legibility Over Alternatives),closer_to_player2,4,0.8390139473152592
session_10_player1,Shared agency Communicative Action Mixture (Legibility Over Alternatives),closer_to_player2,5,0.8146385150116909
session_10_player1,Shared agency Communicative Action Mixture (Legibility Over Alternatives),equal_to_both,0,0.5
session_10_player1,Shared agency Communicative Action Mixture (Legibility Over Alternatives),equal_to_both,1,0.9813341169186017
session_10_player1,Shared agency Communicative Action Mixture (Legibility Over Alternatives),equal_to_both,2,0.9828477217175132
session_10_player1,Shared agency Communicative Action Mixture (Legibility Over Alternatives),equal_to_both,3,0.9831739373970955
session_10_player1,Shared agency Communicative Action Mixture (Legibility Over Alternatives),equal_to_both,4,0.999818806440436
session_10_player1,Shared agency Communicative Action Mixture (Legibility Over Alternatives),equal_to_both,5,0.9999969045247671
session_10_player1,Shared agency no signaling,closer_to_player1,0,0.5
session_10_player1,Shared agency no signaling,closer_to_player1,1,0.44450506275931323
session_10_player1,Shared agency no signaling,closer_to_player1,2,0.7192038336400223
session_10_player1,Shared agency no signaling,closer_to_player1,3,0.6909355420711081
session_10_player1,Shared agency no signaling,closer_to_player1,4,0.999896244675958
session_10_player1,Shared agency no signaling,closer_to_player1,5,0.9999986449493345
session_10_player1,Shared agency no signaling,closer_to_player2,0,0.5
session_10_player1,Shared agency no signaling,closer_to_player2,1,0.5031597015161997
session_10_player1,Shared agency no signaling,closer_to_player2,2,0.747930405930491
session_10_player1,Shared agency no signaling,closer_to_player2,3,0.7562525779958563
session_10_player1,Shared agency no signaling,closer_to_player2,4,0.7628705466499865
session_10_player1,Shared agency no signaling,closer_to_player2,5,0.7645348472367173
session_10_player1,Shared agency no signaling,equal_to_both,0,0.5
session_10_player1,Shared agency no signaling,equal_to_both,1,0.7446859866434448
session_10_player1,Shared agency no signaling,equal_to_both,2,0.9968323223058886
session_10_player1,Shared agency no signaling,equal_to_both,3,0.9998781912274068
session_10_player1,Shared agency no signaling,equal_to_both,4,0.9999117337139869
session_10_player1,Shared agency no signaling,equal_to_both,5,0.99991256829429
session_10_player2,Shared agency Communicative Action Mixture (Legibility Over Alternatives),closer_to_player1,0,0.5
session_10_player2,Shared agency Communicative Action Mixture (Legibility Over Alternatives),closer_to_player1,1,0.5032371096203206
session_10_player2,Shared agency Communicative Action Mixture (Legibility Over Alternatives),closer_to_player1,2,0.5056597081944302
session_10_player2,Shared agency Communicative Action Mixture (Legibility Over Alternatives),closer_to_player1,3,0.5069682572598398
session_10_player2,Shared agency Communicative Action Mixture (Legibility Over Alternatives),closer_to_player1,4,0.5327343552849318
session_10_player2,Shared agency Communicative Action Mixture (Legibility Over Alternatives),closer_to_player1,5,0.4930739134428485
session_10_player2,Shared agency Communicative Action Mixture (Legibility Over Alternatives),closer_to_player2,0,0.5
session_10_player2,Shared agency Communicative Action Mixture (Legibility Over Alternatives),closer_to_player2,1,0.83505041803868
session_10_player2,Shared agency Communicative Action Mixture (Legibility Over Alternatives),closer_to_player2,2,0.879212953571077
session_10_player2,Shared agency Communicative Action Mixture (Legibility Over Alternatives),closer_to_player2,3,0.9997126545360167
session_10_player2,Shared agency Communicative Action Mixture (Legibility Over Alternatives),closer_to_player2,4,0.9996040496671718
session_10_player2,Shared agency Communicative Action Mixture (Legibility Over Alternatives),closer_to_player2,5,0.8438972141071989
session_10_player2,Shared agency Communicative Action Mixture (Legibility Over Alternatives),equal_to_both,0,0.5
session_10_player2,Shared agency Communicative Action Mixture (Legibility Over Alternatives),equal_to_both,1,0.018654366100713485
session_10_player2,Shared agency Communicative Action Mixture (Legibility Over Alternatives),equal_to_both,2,0.018654366100713485
session_10_player2,Shared agency Communicative Action Mixture (Legibility Over Alternatives),equal_to_both,3,0.0005396360637867186
session_10_player2,Shared agency Communicative Action Mixture (Legibility Over Alternatives),equal_to_both,4,0.0004537219669340681
session_10_player2,Shared agency Communicative Action Mixture (Legibility Over Alternatives),equal_to_both,5,0.00043615696840239976
session_10_player2,Shared agency no signaling,closer_to_player1,0,0.5
session_10_player2,Shared agency no signaling,closer_to_player1,1,0.6185736007870783
session_10_player2,Shared agency no signaling,closer_to_player1,2,0.6765930670821795
session_10_player2,Shared agency no signaling,closer_to_player1,3,0.729102191171186
session_10_player2,Shared agency no signaling,closer_to_player1,4,0.7724053846522873
session_10_player2,Shared agency no signaling,closer_to_player1,5,0.8102241654866562
session_10_player2,Shared agency no signaling,closer_to_player2,0,0.5
session_10_player2,Shared agency no signaling,closer_to_player2,1,0.5687203587390206
session_10_player2,Shared agency no signaling,closer_to_player2,2,0.48472181773393697
session_10_player2,Shared agency no signaling,closer_to_player2,3,0.4443847901132234
session_10_player2,Shared agency no signaling,closer_to_player2,4,0.9999492453911782
session_10_player2,Shared agency no signaling,closer_to_player2,5,0.9999431824933438
session_10_player2,Shared agency no signaling,equal_to_both,0,0.5
session_10_player2,Shared agency no signaling,equal_to_both,1,0.5143591778010012
session_10_player2,Shared agency no signaling,equal_to_both,2,0.7619886738480104
session_10_player2,Shared agency no signaling,equal_to_both,3,0.7653165625242004
session_10_player2,Shared agency no signaling,equal_to_both,4,0.7693548553241032
session_10_player2,Shared agency no signaling,equal_to_both,5,0.5003270024526044
session_11_player1,Shared agency Communicative Action Mixture (Legibility Over Alternatives),closer_to_player1,0,0.5
session_11_player1,Shared agency Communicative Action Mixture (Legibility Over Alternatives),closer_to_player1,1,0.0018611850521626895
session_11_player1,Shared agency Communicative Action Mixture (Legibility Over Alternatives),closer_to_player1,2,0.5669025162772149
session_11_player1,Shared agency Communicative Action Mixture (Legibility Over Alternatives),closer_to_player1,3,0.9731456454160952
session_11_player1,Shared agency Communicative Action Mixture (Legibility Over Alternatives),closer_to_player1,4,0.9810609246300614
session_11_player1,Shared agency Communicative Action Mixture (Legibility Over Alternatives),closer_to_player1,5,0.9861277495443262
session_11_player1,Shared agency Communicative Action Mixture (Legibility Over Alternatives),closer_to_player2,0,0.5
session_11_player1,Shared agency Communicative Action Mixture (Legibility Over Alternatives),closer_to_player2,1,0.2530253372943313
session_11_player1,Shared agency Communicative Action Mixture (Legibility Over Alternatives),closer_to_player2,2,0.5850600228008882
session_11_player1,Shared agency Communicative Action Mixture (Legibility Over Alternatives),closer_to_player2,3,0.9619762504454816
session_11_player1,Shared agency Communicative Action Mixture (Legibility Over Alternatives),closer_to_player2,4,0.9626382795395148
session_11_player1,Shared agency Communicative Action Mixture (Legibility Over Alternatives),closer_to_player2,5,0.9993269561472167
session_11_player1,Shared agency Communicative Action Mixture (Legibility Over Alternatives),equal_to_both,0,0.5
session_11_player1,Shared agency Communicative Action Mixture (Legibility Over Alternatives),equal_to_both,1,0.7463304167010922
session_11_player1,Shared agency Communicative Action Mixture (Legibility Over Alternatives),equal_to_both,2,0.7463212229627164
session_11_player1,Shared agency Communicative Action Mixture (Legibility Over Alternatives),equal_to_both,3,0.7493484225661708
session_11_player1,Shared agency Communicative Action Mixture (Legibility Over Alternatives),equal_to_both,4,0.7492421639927975
session_11_player1,Shared agency Communicative Action Mixture (Legibility Over Alternatives),equal_to_both,5,0.9996086618878646
session_11_player1,Shared agency no signaling,closer_to_player1,0,0.5
session_11_player1,Shared agency no signaling,closer_to_player1,1,0.9997202624550044
session_11_player1,Shared agency no signaling,closer_to_player1,2,0.9999998064185126
session_11_player1,Shared agency no signaling,closer_to_player1,3,0.9999999996787862
session_11_player1,Shared agency no signaling,closer_to_player1,4,0.9999999999988812
session_11_player1,Shared agency no signaling,closer_to_player1,5,0.9999999999999868
session_11_player1,Shared agency no signaling,closer_to_player2,0,0.5
session_11_player1,Shared agency no signaling,closer_to_player2,1,0.5011740816766337
session_11_player1,Shared agency no signaling,closer_to_player2,2,0.6632266241325194
session_11_player1,Shared agency no signaling,closer_to_player2,3,0.6634946639068805
session_11_player1,Shared agency no signaling,closer_to_player2,4,0.6635392618569562
session_11_player1,Shared agency no signaling,closer_to_player2,5,0.6668399282184957
session_11_player1,Shared agency no signaling,equal_to_both,0,0.5
session_11_player1,Shared agency no signaling,equal_to_both,1,0.8306784789380529
session_11_player1,Shared agency no signaling,equal_to_both,2,0.8339943918282811
session_11_player1,Shared agency no signaling,equal_to_both,3,0.8366178220032815
session_11_player1,Shared agency no signaling,equal_to_both,4,0.9996363140014469
session_11_player1,Shared agency no signaling,equal_to_both,5,0.9999990280670836
session_11_player2,Shared agency Communicative Action Mixture (Legibility Over Alternatives),closer_to_player1,0,0.5
session_11_player2,Shared agency Communicative Action Mixture (Legibility Over Alternatives),closer_to_player1,1,0.9898014470678735
session_11_player2,Shared agency Communicative Action Mixture (Legibility Over Alternatives),closer_to_player1,2,0.9997470931858794
session_11_player2,Shared agency Communicative Action Mixture (Legibility Over Alternatives),closer_to_player1,3,0.9999656192118497
session_11_player2,Shared agency Communicative Action Mixture (Legibility Over Alternatives),closer_to_player1,4,0.9999770043382998
session_11_player2,Shared agency Communicative Action Mixture (Legibility Over Alternatives),closer_to_player1,5,0.9999934470475093
session_11_player2,Shared agency Communicative Action Mixture (Legibility Over Alternatives),closer_to_player2,0,0.5
session_11_player2,Shared agency Communicative Action Mixture (Legibility Over Alternatives),closer_to_player2,1,0.9996492399095238
session_11_player2,Shared agency Communicative Action Mixture (Legibility Over Alternatives),closer_to_player2,2,0.9999997077983672
session_11_player2,Shared agency Communicative Action Mixture (Legibility Over Alternatives),closer_to_player2,3,0.9999998949106637
session_11_player2,Shared agency Communicative Action Mixture (Legibility Over Alternatives),closer_to_player2,4,0.9999999998153947
session_11_player2,Shared agency Communicative Action Mixture (Legibility Over Alternatives),closer_to_player2,5,0.9999999999480422
session_11_player2,Shared agency Communicative Action Mixture (Legibility Over Alternatives),equal_to_both,0,0.5
session_11_player2,Shared agency Communicative Action Mixture (Legibility Over Alternatives),equal_to_both,1,0.9903790760733899
session_11_player2,Shared agency Communicative Action Mixture (Legibility Over Alternatives),equal_to_both,2,0.9916828636900312
session_11_player2,Shared agency Communicative Action Mixture (Legibility Over Alternatives),equal_to_both,3,0.9969220862706254
session_11_player2,Shared agency Communicative Action Mixture (Legibility Over Alternatives),equal_to_both,4,0.9969942928204804
session_11_player2,Shared agency Communicative Action Mixture (Legibility Over Alternatives),equal_to_both,5,0.999993999091338
session_11_player2,Shared agency no signaling,closer_to_player1,0,0.5
session_11_player2,Shared agency no signaling,closer_to_player1,1,0.6360964232985847
session_11_player2,Shared agency no signaling,closer_to_player1,2,0.8281279744883133
session_11_player2,Shared agency no signaling,closer_to_player1,3,0.9977739905960833
session_11_player2,Shared agency no signaling,closer_to_player1,4,0.9997179225666323
session_11_player2,Shared agency no signaling,closer_to_player1,5,0.9999957100503235
session_11_player2,Shared agency no signaling,closer_to_player2,0,0.5
session_11_player2,Shared agency no signaling,closer_to_player2,1,0.6964039239867522
session_11_player2,Shared agency no signaling,closer_to_player2,2,0.7213443153068703
session_11_player2,Shared agency no signaling,closer_to_player2,3,0.7371728115133288
session_11_player2,Shared agency no signaling,closer_to_player2,4,0.7374159209185623
session_11_player2,Shared agency no signaling,closer_to_player2,5,0.7581637273252381
session_11_player2,Shared agency no signaling,equal_to_both,0,0.5
session_11_player2,Shared agency no signaling,equal_to_both,1,0.8289022056840311
session_11_player2,Shared agency no signaling,equal_to_both,2,0.8292448591085139
session_11_player2,Shared agency no signaling,equal_to_both,3,0.8332717880657549
session_11_player2,Shared agency no signaling,equal_to_both,4,0.8329854191500566
session_11_player2,Shared agency no signaling,equal_to_both,5,0.9999516682821842
session_12_player1,Shared agency Communicative Action Mixture (Legibility Over Alternatives),closer_to_player1,0,0.5
session_12_player1,Shared agency Communicative Action Mixture (Legibility Over Alternatives),closer_to_player1,1,0.5287608052425351
session_12_player1,Shared agency Communicative Action Mixture (Legibility Over Alternatives),closer_to_player1,2,0.7397941172715496
session_12_player1,Shared agency Communicative Action Mixture (Legibility Over Alternatives),closer_to_player1,3,0.9999341653240074
session_12_player1,Shared agency Communicative Action Mixture (Legibility Over Alternatives),closer_to_player1,4,0.9477855896101551
session_12_player1,Shared agency Communicative Action Mixture (Legibility Over Alternatives),closer_to_player1,5,0.9999904486521531
session_12_player1,Shared agency Communicative Action Mixture (Legibility Over Alternatives),closer_to_player2,0,0.5
session_12_player1,Shared agency Communicative Action Mixture (Legibility Over Alternatives),closer_to_player2,1,0.749991531847658
session_12_player1,Shared agency Communicative Action Mixture (Legibility Over Alternatives),closer_to_player2,2,0.7527887396544091
session_12_player1,Shared agency Communicative Action Mixture (Legibility Over Alternatives),closer_to_player2,3,0.7534091688378818
session_12_player1,Shared agency Communicative Action Mixture (Legibility Over Alternatives),closer_to_player2,4,0.7557406796249628
session_12_player1,Shared agency Communicative Action Mixture (Legibility Over Alternatives),closer_to_player2,5,0.7548911300671535
session_12_player1,Shared agency Communicative Action Mixture (Legibility Over Alternatives),equal_to_both,0,0.5
session_12_player1,Shared agency Communicative Action Mixture (Legibility Over Alternatives),equal_to_both,1,0.6611125085867892
session_12_player1,Shared agency Communicative Action Mixture (Legibility Over Alternatives),equal_to_both,2,0.9981586724554438
session_12_player1,Shared agency Communicative Action Mixture (Legibility Over Alternatives),equal_to_both,3,0.9999851950743842
session_12_player1,Shared agency Communicative Action Mixture (Legibility Over Alternatives),equal_to_both,4,0.9999862353684076
session_12_player1,Shared agency Communicative Action Mixture (Legibility Over Alternatives),equal_to_both,5,0.9999997404716797
session_12_player1,Shared agency no signaling,closer_to_player1,0,0.5
session_12_player1,Shared agency no signaling,closer_to_player1,1,0.8346068354242396
session_12_player1,Shared agency no signaling,closer_to_player1,2,0.8354815425344966
session_12_player1,Shared agency no signaling,closer_to_player1,3,0.7045066800650625
session_12_player1,Shared agency no signaling,closer_to_player1,4,0.48951010256929406
session_12_player1,Shared agency no signaling,closer_to_player1,5,0.8231053507921694
session_12_player1,Shared agency no signaling,closer_to_player2,0,0.5
session_12_player1,Shared agency no signaling,closer_to_player2,1,0.4986118256246573
session_12_player1,Shared agency no signaling,closer_to_player2,2,0.5282734802950082
session_12_player1,Shared agency no signaling,closer_to_player2,3,0.5548888178913113
session_12_player1,Shared agency no signaling,closer_to_player2,4,0.5757528208136234
session_12_player1,Shared agency no signaling,closer_to_player2,5,0.6248960451655227
session_12_player1,Shared agency no signaling,equal_to_both,0,0.5
session_12_player1,Shared agency no signaling,equal_to_both,1,0.7405920773814316
session_12_player1,Shared agency no signaling,equal_to_both,2,0.9908414822932462
session_12_player1,Shared agency no signaling,equal_to_both,3,0.9962694218733619
session_12_player1,Shared agency no signaling,equal_to_both,4,0.9964288955157317
session_12_player1,Shared agency no signaling,equal_to_both,5,0.9999877537745434
session_12_player2,Shared agency Communicative Action Mixture (Legibility Over Alternatives),closer_to_player1,0,0.5
session_12_player2,Shared agency Communicative Action Mixture (Legibility Over Alternatives),closer_to_player1,1,0.509732206239994
session_12_player2,Shared agency Communicative Action Mixture (Legibility Over Alternatives),closer_to_player1,2,0.671957336644454
session_12_player2,Shared agency Communicative Action Mixture (Legibility Over Alternatives),closer_to_player1,3,0.6764736279253188
session_12_player2,Shared agency Communicative Action Mixture (Legibility Over Alternatives),closer_to_player1,4,0.6796026565800911
session_12_player2,Shared agency Communicative Action Mixture (Legibility Over Alternatives),closer_to_player1,5,0.690376856537041
session_12_player2,Shared agency Communicative Action Mixture (Legibility Over Alternatives),closer_to_player2,0,0.5
session_12_player2,Shared agency Communicative Action Mixture (Legibility Over Alternatives),closer_to_player2,1,0.7492433483760708
session_12_player2,Shared agency Communicative Action Mixture (Legibility Over Alternatives),closer_to_player2,2,0.751802345421281
session_12_player2,Shared agency Communicative Action Mixture (Legibility Over Alternatives),closer_to_player2,3,0.782586057294431
session_12_player2,Shared agency Communicative Action Mixture (Legibility Over Alternatives),closer_to_player2,4,0.7581118102077398
session_12_player2,Shared agency Communicative Action Mixture (Legibility Over Alternatives),closer_to_player2,5,0.8412080431385491
session_12_player2,Shared agency Communicative Action Mixture (Legibility Over Alternatives),equal_to_both,0,0.5
session_12_player2,Shared agency Communicative Action Mixture (Legibility Over Alternatives),equal_to_both,1,0.6695182252764651
session_12_player2,Shared agency Communicative Action Mixture (Legibility Over Alternatives),equal_to_both,2,0.6511019024954227
session_12_player2,Shared agency Communicative Action Mixture (Legibility Over Alternatives),equal_to_both,3,0.992058000509474
session_12_player2,Shared agency Communicative Action Mixture (Legibility Over Alternatives),equal_to_both,4,0.9962340681705769
session_12_player2,Shared agency Communicative Action Mixture (Legibility Over Alternatives),equal_to_both,5,0.9998951291699442
session_12_player2,Shared agency no signaling,closer_to_player1,0,0.5
session_12_player2,Shared agency no signaling,closer_to_player1,1,0.3367292464163662
session_12_player2,Shared agency no signaling,closer_to_player1,2,0.4995910700023524
session_12_player2,Shared agency no signaling,closer_to_player1,3,0.6159548892568839
session_12_player2,Shared agency no signaling,closer_to_player1,4,0.8259255242860718
session_12_player2,Shared agency no signaling,closer_to_player1,5,0.8343472151512284
session_12_player2,Shared agency no signaling,closer_to_player2,0,0.5
session_12_player2,Shared agency no signaling,closer_to_player2,1,0.40108420626476476
session_12_player2,Shared agency no signaling,closer_to_player2,2,0.40616591203835845
session_12_player2,Shared agency no signaling,closer_to_player2,3,0.48309646070630335
session_12_player2,Shared agency no signaling,closer_to_player2,4,0.25380525850693963
session_12_player2,Shared agency no signaling,closer_to_player2,5,0.6936480711859683
session_12_player2,Shared agency no signaling,equal_to_both,0,0.5
session_12_player2,Shared agency no signaling,equal_to_both,1,0.7476841669588845
session_12_player2,Shared agency no signaling,equal_to_both,2,0.7476496365677835
session_12_player2,Shared agency no signaling,equal_to_both,3,0.7493064225509596
session_12_player2,Shared agency no signaling,equal_to_both,4,0.7491026626016822
session_12_player2,Shared agency no signaling,equal_to_both,5,0.9991677054946668
session_13_player1,Shared agency Communicative Action Mixture (Legibility Over Alternatives),closer_to_player1,0,0.5
session_13_player1,Shared agency Communicative Action Mixture (Legibility Over Alternatives),closer_to_player1,1,0.7507559927301133
session_13_player1,Shared agency Communicative Action Mixture (Legibility Over Alternatives),closer_to_player1,2,0.9970344709666279
session_13_player1,Shared agency Communicative Action Mixture (Legibility Over Alternatives),closer_to_player1,3,0.9994966554126528
session_13_player1,Shared agency Communicative Action Mixture (Legibility Over Alternatives),closer_to_player1,4,0.999733643888797
session_13_player1,Shared agency Communicative Action Mixture (Legibility Over Alternatives),closer_to_player1,5,0.9999993311912077
session_13_player1,Shared agency Communicative Action Mixture (Legibility Over Alternatives),closer_to_player2,0,0.5
session_13_player1,Shared agency Communicative Action Mixture (Legibility Over Alternatives),closer_to_player2,1,0.28581866446212995
session_13_player1,Shared agency Communicative Action Mixture (Legibility Over Alternatives),closer_to_player2,2,0.46344676050970507
session_13_player1,Shared agency Communicative Action Mixture (Legibility Over Alternatives),closer_to_player2,3,0.7093941747943826
session_13_player1,Shared agency Communicative Action Mixture (Legibility Over Alternatives),closer_to_player2,4,0.7537351191495644
session_13_player1,Shared agency Communicative Action Mixture (Legibility Over Alternatives),closer_to_player2,5,0.6665821756707189
session_13_player1,Shared agency Communicative Action Mixture (Legibility Over Alternatives),equal_to_both,0,0.5
session_13_player1,Shared agency Communicative Action Mixture (Legibility Over Alternatives),equal_to_both,1,0.26464622727803033
session_13_player1,Shared agency Communicative Action Mixture (Legibility Over Alternatives),equal_to_both,2,0.5032797781830123
session_13_player1,Shared agency Communicative Action Mixture (Legibility Over Alternatives),equal_to_both,3,0.49516322118811157
session_13_player1,Shared agency Communicative Action Mixture (Legibility Over Alternatives),equal_to_both,4,0.49520062317398095
session_13_player1,Shared agency Communicative Action Mixture (Legibility Over Alternatives),equal_to_both,5,0.5706839254440582
session_13_player1,Shared agency no signaling,closer_to_player1,0,0.5
session_13_player1,Shared agency no signaling,closer_to_player1,1,0.9992862750563212
session_13_player1,Shared agency no signaling,closer_to_player1,2,0.9995428033035689
session_13_player1,Shared agency no signaling,closer_to_player1,3,0.9999996111035394
session_13_player1,Shared agency no signaling,closer_to_player1,4,0.9999999984671699
session_13_player1,Shared agency no signaling,closer_to_player1,5,0.9999999991847542
session_13_player1,Shared agency no signaling,closer_to_player2,0,0.5
session_13_player1,Shared agency no signaling,closer_to_player2,1,0.6612595159009885
session_13_player1,Shared agency no signaling,closer_to_player2,2,0.9441432720828443
session_13_player1,Shared agency no signaling,closer_to_player2,3,0.9523820397486781
session_13_player1,Shared agency no signaling,closer_to_player2,4,0.9534258034702586
session_13_player1,Shared agency no signaling,closer_to_player2,5,0.9372381668361406
session_13_player1,Shared agency no signaling,equal_to_both,0,0.5
session_13_player1,Shared agency no signaling,equal_to_both,1,0.33323734893469426
session_13_player1,Shared agency no signaling,equal_to_both,2,0.49626267782312045
session_13_player1,Shared agency no signaling,equal_to_both,3,0.49989215329517517
session_13_player1,Shared agency no signaling,equal_to_both,4,0.9622168287109908
session_13_player1,Shared agency no signaling,equal_to_both,5,0.9988729531496441
session_13_player2,Shared agency Communicative Action Mixture (Legibility Over Alternatives),closer_to_player1,0,0.5
session_13_player2,Shared agency Communicative Action Mixture (Legibility Over Alternatives),closer_to_player1,1,0.9899073235192037
session_13_player2,Shared agency Communicative Action Mixture (Legibility Over Alternatives),closer_to_player1,2,0.877833265590751
session_13_player2,Shared agency Communicative Action Mixture (Legibility Over Alternatives),closer_to_player1,3,0.5249244587771348
session_13_player2,Shared agency Communicative Action Mixture (Legibility Over Alternatives),closer_to_player1,4,0.983987097182585
session_13_player2,Shared agency Communicative Action Mixture (Legibility Over Alternatives),closer_to_player1,5,0.9837706901397105
session_13_player2,Shared agency Communicative Action Mixture (Legibility Over Alternatives),closer_to_player2,0,0.5
session_13_player2,Shared agency Communicative Action Mixture (Legibility Over Alternatives),closer_to_player2,1,0.6519255650175632
session_13_player2,Shared agency Communicative Action Mixture (Legibility Over Alternatives),closer_to_player2,2,0.5007021448108723
session_13_player2,Shared agency Communicative Action Mixture (Legibility Over Alternatives),closer_to_player2,3,0.9507134231557806
session_13_player2,Shared agency Communicative Action Mixture (Legibility Over Alternatives),closer_to_player2,4,0.9999906781074581
session_13_player2,Shared agency Communicative Action Mixture (Legibility Over Alternatives),closer_to_player2,5,0.9999999953860417
session_13_player2,Shared agency Communicative Action Mixture (Legibility Over Alternatives),equal_to_both,0,0.5
session_13_player2,Shared agency Communicative Action Mixture (Legibility Over Alternatives),equal_to_both,1,0.982832194716597
session_13_player2,Shared agency Communicative Action Mixture (Legibility Over Alternatives),equal_to_both,2,0.9913788877259632
session_13_player2,Shared agency Communicative Action Mixture (Legibility Over Alternatives),equal_to_both,3,0.9996331235180032
session_13_player2,Shared agency Communicative Action Mixture (Legibility Over Alternatives),equal_to_both,4,0.9996418119710229
session_13_player2,Shared agency Communicative Action Mixture (Legibility Over Alternatives),equal_to_both,5,0.999993895361935
session_13_player2,Shared agency no signaling,closer_to_player1,0,0.5
session_13_player2,Shared agency no signaling,closer_to_player1,1,0.7430126933643505
session_13_player2,Shared agency no signaling,closer_to_player1,2,0.7520284482257735
session_13_player2,Shared agency no signaling,closer_to_player1,3,0.9969703382405255
session_13_player2,Shared agency no signaling,closer_to_player1,4,0.9970529186306851
session_13_player2,Shared agency no signaling,closer_to_player1,5,0.9999806501932241
session_13_player2,Shared agency no signaling,closer_to_player2,0,0.5
session_13_player2,Shared agency no signaling,closer_to_player2,1,0.29459571670529067
session_13_player2,Shared agency no signaling,closer_to_player2,2,0.7059744962488824
session_13_player2,Shared agency no signaling,closer_to_player2,3,0.9026651128377342
session_13_player2,Shared agency no signaling,closer_to_player2,4,0.9430346236328356
session_13_player2,Shared agency no signaling,closer_to_player2,5,0.9690696902882093
session_13_player2,Shared agency no signaling,equal_to_both,0,0.5
session_13_player2,Shared agency no signaling,equal_to_both,1,0.816836857849658
session_13_player2,Shared agency no signaling,equal_to_both,2,0.9941957715722306
session_13_player2,Shared agency no signaling,equal_to_both,3,0.9944492445389962
session_13_player2,Shared agency no signaling,equal_to_both,4,0.9997964334192079
session_13_player2,Shared agency no signaling,equal_to_both,5,0.9998000449008915
session_14_player1,Shared agency Communicative Action Mixture (Legibility Over Alternatives),closer_to_player1,0,0.5
session_14_player1,Shared agency Communicative Action Mixture (Legibility Over Alternatives),closer_to_player1,1,0.8609833469576836
session_14_player1,Shared agency Communicative Action Mixture (Legibility Over Alternatives),closer_to_player1,2,0.8847777708527911
session_14_player1,Shared agency Communicative Action Mixture (Legibility Over Alternatives),closer_to_player1,3,0.8593869987153395
session_14_player1,Shared agency Communicative Action Mixture (Legibility Over Alternatives),closer_to_player1,4,0.9109202486528504
session_14_player1,Shared agency Communicative Action Mixture (Legibility Over Alternatives),closer_to_player1,5,0.9489157053934285
session_14_player1,Shared agency Communicative Action Mixture (Legibility Over Alternatives),closer_to_player2,0,0.5
session_14_player1,Shared agency Communicative Action Mixture (Legibility Over Alternatives),closer_to_player2,1,0.5193198001470595
session_14_player1,Shared agency Communicative Action Mixture (Legibility Over Alternatives),closer_to_player2,2,0.6061612434479193
session_14_player1,Shared agency Communicative Action Mixture (Legibility Over Alternatives),closer_to_player2,3,0.7774418354860476
session_14_player1,Shared agency Communicative Action Mixture (Legibility Over Alternatives),closer_to_player2,4,0.7479336424700956
session_14_player1,Shared agency Communicative Action Mixture (Legibility Over Alternatives),closer_to_player2,5,0.7107597765785851
session_14_player1,Shared agency Communicative Action Mixture (Legibility Over Alternatives),equal_to_both,0,0.5
session_14_player1,Shared agency Communicative Action Mixture (Legibility Over Alternatives),equal_to_both,1,0.9966310466926466
session_14_player1,Shared agency Communicative Action Mixture (Legibility Over Alternatives),equal_to_both,2,0.9967446361935964
session_14_player1,Shared agency Communicative Action Mixture (Legibility Over Alternatives),equal_to_both,3,0.9968289489536578
session_14_player1,Shared agency Communicative Action Mixture (Legibility Over Alternatives),equal_to_both,4,0.9969775251026909
session_14_player1,Shared agency Communicative Action Mixture (Legibility Over Alternatives),equal_to_both,5,0.9982630552154294
session_14_player1,Shared agency no signaling,closer_to_player1,0,0.5
session_14_player1,Shared agency no signaling,closer_to_player1,1,0.49992005751147683
session_14_player1,Shared agency no signaling,closer_to_player1,2,0.9999845838090891
session_14_player1,Shared agency no signaling,closer_to_player1,3,0.9999999991379666
session_14_player1,Shared agency no signaling,closer_to_player1,4,0.9999999999997962
session_14_player1,Shared agency no signaling,closer_to_player1,5,0.9999999999999385
session_14_player1,Shared agency no signaling,closer_to_player2,0,0.5
session_14_player1,Shared agency no signaling,closer_to_player2,1,0.9826559249348005
session_14_player1,Shared agency no signaling,closer_to_player2,2,0.9912693808606603
session_14_player1,Shared agency no signaling,closer_to_player2,3,0.9917727840155035
session_14_player1,Shared agency no signaling,closer_to_player2,4,0.991953148952244
session_14_player1,Shared agency no signaling,closer_to_player2,5,0.9920325061991866
session_14_player1,Shared agency no signaling,equal_to_both,0,0.5
session_14_player1,Shared agency no signaling,equal_to_both,1,0.9905538663845835
session_14_player1,Shared agency no signaling,equal_to_both,2,0.6931325964097498
session_14_player1,Shared agency no signaling,equal_to_both,3,0.9865220540630576
session_14_player1,Shared agency no signaling,equal_to_both,4,0.9996332729254729
session_14_player1,Shared agency no signaling,equal_to_both,5,0.9999859036390497
session_14_player2,Shared agency Communicative Action Mixture (Legibility Over Alternatives),closer_to_player1,0,0.5
session_14_player2,Shared agency Communicative Action Mixture (Legibility Over Alternatives),closer_to_player1,1,0.6648974000807081
session_14_player2,Shared agency Communicative Action Mixture (Legibility Over Alternatives),closer_to_player1,2,0.8317679828282252
session_14_player2,Shared agency Communicative Action Mixture (Legibility Over Alternatives),closer_to_player1,3,0.8356834495884815
session_14_player2,Shared agency Communicative Action Mixture (Legibility Over Alternatives),closer_to_player1,4,0.8358964180001899
session_14_player2,Shared agency Communicative Action Mixture (Legibility Over Alternatives),closer_to_player1,5,0.8367004256251193
session_14_player2,Shared agency Communicative Action Mixture (Legibility Over Alternatives),closer_to_player2,0,0.5
session_14_player2,Shared agency Communicative Action Mixture (Legibility Over Alternatives),closer_to_player2,1,0.6644385107681706
session_14_player2,Shared agency Communicative Action Mixture (Legibility Over Alternatives),closer_to_player2,2,0.6800848036999656
session_14_player2,Shared agency Communicative Action Mixture (Legibility Over Alternatives),closer_to_player2,3,0.764783109751227
session_14_player2,Shared agency Communicative Action Mixture (Legibility Over Alternatives),closer_to_player2,4,0.8462303699981061
session_14_player2,Shared agency Communicative Action Mixture (Legibility Over Alternatives),closer_to_player2,5,0.9091593952705119
session_14_player2,Shared agency Communicative Action Mixture (Legibility Over Alternatives),equal_to_both,0,0.5
session_14_player2,Shared agency Communicative Action Mixture (Legibility Over Alternatives),equal_to_both,1,0.9966356156276021
session_14_player2,Shared agency Communicative Action Mixture (Legibility Over Alternatives),equal_to_both,2,0.9999791902450735
session_14_player2,Shared agency Communicative Action Mixture (Legibility Over Alternatives),equal_to_both,3,0.9999794038132986
session_14_player2,Shared agency Communicative Action Mixture (Legibility Over Alternatives),equal_to_both,4,0.9999795232244136
session_14_player2,Shared agency Communicative Action Mixture (Legibility Over Alternatives),equal_to_both,5,0.9999999317144057
session_14_player2,Shared agency no signaling,closer_to_player1,0,0.5
session_14_player2,Shared agency no signaling,closer_to_player1,1,0.48947734505612067
session_14_player2,Shared agency no signaling,closer_to_player1,2,0.4795355177696947
session_14_player2,Shared agency no signaling,closer_to_player1,3,0.46979838317355993
session_14_player2,Shared agency no signaling,closer_to_player1,4,0.4571095584550639
session_14_player2,Shared agency no signaling,closer_to_player1,5,0.34608197380936295
session_14_player2,Shared agency no signaling,closer_to_player2,0,0.5
session_14_player2,Shared agency no signaling,closer_to_player2,1,0.7927403258320624
session_14_player2,Shared agency no signaling,closer_to_player2,2,0.4999533480454575
session_14_player2,Shared agency no signaling,closer_to_player2,3,0.9859144997078284
session_14_player2,Shared agency no signaling,closer_to_player2,4,0.9999997208633207
session_14_player2,Shared agency no signaling,closer_to_player2,5,0.9999999999492835
session_14_player2,Shared agency no signaling,equal_to_both,0,0.5
session_14_player2,Shared agency no signaling,equal_to_both,1,0.28796652230893854
session_14_player2,Shared agency no signaling,equal_to_both,2,0.29514509441366604
session_14_player2,Shared agency no signaling,equal_to_both,3,0.7151991165600983
session_14_player2,Shared agency no signaling,equal_to_both,4,0.8694234230097759
session_14_player2,Shared agency no signaling,equal_to_both,5,0.9989072122995001
session_15_player1,Shared agency Communicative Action Mixture (Legibility Over Alternatives),closer_to_player1,0,0.5
session_15_player1,Shared agency Communicative Action Mixture (Legibility Over Alternatives),closer_to_player1,1,0.8344727533596884
session_15_player1,Shared agency Communicative Action Mixture (Legibility Over Alternatives),closer_to_player1,2,0.8343216440833429
session_15_player1,Shared agency Communicative Action Mixture (Legibility Over Alternatives),closer_to_player1,3,0.8548244678067688
session_15_player1,Shared agency Communicative Action Mixture (Legibility Over Alternatives),closer_to_player1,4,0.757776005919228
session_15_player1,Shared agency Communicative Action Mixture (Legibility Over Alternatives),closer_to_player1,5,0.8409165972562738
session_15_player1,Shared agency Communicative Action Mixture (Legibility Over Alternatives),closer_to_player2,0,0.5
session_15_player1,Shared agency Communicative Action Mixture (Legibility Over Alternatives),closer_to_player2,1,0.7076220161766682
session_15_player1,Shared agency Communicative Action Mixture (Legibility Over Alternatives),closer_to_player2,2,0.6571835221672334
session_15_player1,Shared agency Communicative Action Mixture (Legibility Over Alternatives),closer_to_player2,3,0.8285292334649732
session_15_player1,Shared agency Communicative Action Mixture (Legibility Over Alternatives),closer_to_player2,4,0.8367600769773388
session_15_player1,Shared agency Communicative Action Mixture (Legibility Over Alternatives),closer_to_player2,5,0.8318792071679565
session_15_player1,Shared agency Communicative Action Mixture (Legibility Over Alternatives),equal_to_both,0,0.5
session_15_player1,Shared agency Communicative Action Mixture (Legibility Over Alternatives),equal_to_both,1,0.5051210389176278
session_15_player1,Shared agency Communicative Action Mixture (Legibility Over Alternatives),equal_to_both,2,0.8677368649739535
session_15_player1,Shared agency Communicative Action Mixture (Legibility Over Alternatives),equal_to_both,3,0.9959667768127636
session_15_player1,Shared agency Communicative Action Mixture (Legibility Over Alternatives),equal_to_both,4,0.9998630107643591
session_15_player1,Shared agency Communicative Action Mixture (Legibility Over Alternatives),equal_to_both,5,0.9999950465793636
session_15_player1,Shared agency no signaling,closer_to_player1,0,0.5
session_15_player1,Shared agency no signaling,closer_to_player1,1,0.7493884938628718
session_15_player1,Shared agency no signaling,closer_to_player1,2,0.7500558001951461
session_15_player1,Shared agency no signaling,closer_to_player1,3,0.7871816731191057
session_15_player1,Shared agency no signaling,closer_to_player1,4,0.999995289795533
session_15_player1,Shared agency no signaling,closer_to_player1,5,0.9999999997679229
session_15_player1,Shared agency no signaling,closer_to_player2,0,0.5
session_15_player1,Shared agency no signaling,closer_to_player2,1,0.5026977355425233
session_15_player1,Shared agency no signaling,closer_to_player2,2,0.5014207275247644
session_15_player1,Shared agency no signaling,closer_to_player2,3,0.44069536163976125
session_15_player1,Shared agency no signaling,closer_to_player2,4,0.5237513003929943
session_15_player1,Shared agency no signaling,closer_to_player2,5,0.60728164806143
session_15_player1,Shared agency no signaling,equal_to_both,0,0.5
session_15_player1,Shared agency no signaling,equal_to_both,1,0.5419958250355553
session_15_player1,Shared agency no signaling,equal_to_both,2,0.8326924545968608
session_15_player1,Shared agency no signaling,equal_to_both,3,0.9994298428725689
session_15_player1,Shared agency no signaling,equal_to_both,4,0.9999980741947662
session_15_player1,Shared agency no signaling,equal_to_both,5,0.9999980905875091
session_15_player2,Shared agency Communicative Action Mixture (Legibility Over Alternatives),closer_to_player1,0,0.5
session_15_player2,Shared agency Communicative Action Mixture (Legibility Over Alternatives),closer_to_player1,1,0.6858644177344525
session_15_player2,Shared agency Communicative Action Mixture (Legibility Over Alternatives),closer_to_player1,2,0.7172768647739208
session_15_player2,Shared agency Communicative Action Mixture (Legibility Over Alternatives),closer_to_player1,3,0.7431692746303034
session_15_player2,Shared agency Communicative Action Mixture (Legibility Over Alternatives),closer_to_player1,4,0.6726460548088983
session_15_player2,Shared agency Communicative Action Mixture (Legibility Over Alternatives),closer_to_player1,5,0.7548141315340501
session_15_player2,Shared agency Communicative Action Mixture (Legibility Over Alternatives),closer_to_player2,0,0.5
session_15_player2,Shared agency Communicative Action Mixture (Legibility Over Alternatives),closer_to_player2,1,0.6350389604922952
session_15_player2,Shared agency Communicative Action Mixture (Legibility Over Alternatives),closer_to_player2,2,0.6798729964874021
session_15_player2,Shared agency Communicative Action Mixture (Legibility Over Alternatives),closer_to_player2,3,0.7903624174755359
session_15_player2,Shared agency Communicative Action Mixture (Legibility Over Alternatives),closer_to_player2,4,0.7431177574669577
session_15_player2,Shared agency Communicative Action Mixture (Legibility Over Alternatives),closer_to_player2,5,0.9998282048198188
session_15_player2,Shared agency Communicative Action Mixture (Legibility Over Alternatives),equal_to_both,0,0.5
session_15_player2,Shared agency Communicative Action Mixture (Legibility Over Alternatives),equal_to_both,1,0.8288674598011587
session_15_player2,Shared agency Communicative Action Mixture (Legibility Over Alternatives),equal_to_both,2,0.8300343400229329
session_15_player2,Shared agency Communicative Action Mixture (Legibility Over Alternatives),equal_to_both,3,0.9944971436051829
session_15_player2,Shared agency Communicative Action Mixture (Legibility Over Alternatives),equal_to_both,4,0.9945329256591356
session_15_player2,Shared agency Communicative Action Mixture (Legibility Over Alternatives),equal_to_both,5,0.9946110296531815
session_15_player2,Shared agency no signaling,closer_to_player1,0,0.5
session_15_player2,Shared agency no signaling,closer_to_player1,1,0.7441635563905833
session_15_player2,Shared agency no signaling,closer_to_player1,2,0.7535857842325098
session_15_player2,Shared agency no signaling,closer_to_player1,3,0.7543186195867639
session_15_player2,Shared agency no signaling,closer_to_player1,4,0.5001709636884315
session_15_player2,Shared agency no signaling,closer_to_player1,5,0.5858134753009948
session_15_player2,Shared agency no signaling,closer_to_player2,0,0.5
session_15_player2,Shared agency no signaling,closer_to_player2,1,0.7475806731147248
session_15_player2,Shared agency no signaling,closer_to_player2,2,0.7853924595089884
session_15_player2,Shared agency no signaling,closer_to_player2,3,0.815055245952466
session_15_player2,Shared agency no signaling,closer_to_player2,4,0.83435632904616
session_15_player2,Shared agency no signaling,closer_to_player2,5,0.8759895200308745
session_15_player2,Shared agency no signaling,equal_to_both,0,0.5
session_15_player2,Shared agency no signaling,equal_to_both,1,0.7874851116337297
session_15_player2,Shared agency no signaling,equal_to_both,2,0.445904558996145
session_15_player2,Shared agency no signaling,equal_to_both,3,0.7482189012555239
session_15_player2,Shared agency no signaling,equal_to_both,4,0.9988162980872589
session_15_player2,Shared agency no signaling,equal_to_both,5,0.9999958447950245
session_16_player1,Shared agency Communicative Action Mixture (Legibility Over Alternatives),closer_to_player1,0,0.5
session_16_player1,Shared agency Communicative Action Mixture (Legibility Over Alternatives),closer_to_player1,1,0.6691194096124554
session_16_player1,Shared agency Communicative Action Mixture (Legibility Over Alternatives),closer_to_player1,2,0.7394660698435184
session_16_player1,Shared agency Communicative Action Mixture (Legibility Over Alternatives),closer_to_player1,3,0.8129440010640444
session_16_player1,Shared agency Communicative Action Mixture (Legibility Over Alternatives),closer_to_player1,4,0.7603708964365216
session_16_player1,Shared agency Communicative Action Mixture (Legibility Over Alternatives),closer_to_player1,5,0.720840443479697
session_16_player1,Shared agency Communicative Action Mixture (Legibility Over Alternatives),closer_to_player2,0,0.5
session_16_player1,Shared agency Communicative Action Mixture (Legibility Over Alternatives),closer_to_player2,1,0.8227543518094422
session_16_player1,Shared agency Communicative Action Mixture (Legibility Over Alternatives),closer_to_player2,2,0.8347741052656891
session_16_player1,Shared agency Communicative Action Mixture (Legibility Over Alternatives),closer_to_player2,3,0.9980231119336466
session_16_player1,Shared agency Communicative Action Mixture (Legibility Over Alternatives),closer_to_player2,4,0.9999679551100317
session_16_player1,Shared agency Communicative Action Mixture (Legibility Over Alternatives),closer_to_player2,5,0.9999939186088037
session_16_player1,Shared agency Communicative Action Mixture (Legibility Over Alternatives),equal_to_both,0,0.5
session_16_player1,Shared agency Communicative Action Mixture (Legibility Over Alternatives),equal_to_both,1,0.499669406904269
session_16_player1,Shared agency Communicative Action Mixture (Legibility Over Alternatives),equal_to_both,2,0.7483137198441778
session_16_player1,Shared agency Communicative Action Mixture (Legibility Over Alternatives),equal_to_both,3,0.9966412026238118
session_16_player1,Shared agency Communicative Action Mixture (Legibility Over Alternatives),equal_to_both,4,0.9983138182820039
session_16_player1,Shared agency Communicative Action Mixture (Legibility Over Alternatives),equal_to_both,5,0.9999970690732679
session_16_player1,Shared agency no signaling,closer_to_player1,0,0.5
session_16_player1,Shared agency no signaling,closer_to_player1,1,0.5013394132894796
session_16_player1,Shared agency no signaling,closer_to_player1,2,0.7930801505065865
session_16_player1,Shared agency no signaling,closer_to_player1,3,0.9999210823925262
session_16_player1,Shared agency no signaling,closer_to_player1,4,0.9999999373821967
session_16_player1,Shared agency no signaling,closer_to_player1,5,0.9999999991422813
session_16_player1,Shared agency no signaling,closer_to_player2,0,0.5
session_16_player1,Shared agency no signaling,closer_to_player2,1,0.6639408775511869
session_16_player1,Shared agency no signaling,closer_to_player2,2,0.6705280010955951
session_16_player1,Shared agency no signaling,closer_to_player2,3,0.8341119493226116
session_16_player1,Shared agency no signaling,closer_to_player2,4,0.8361543548461631
session_16_player1,Shared agency no signaling,closer_to_player2,5,0.8369766936312913
session_16_player1,Shared agency no signaling,equal_to_both,0,0.5
session_16_player1,Shared agency no signaling,equal_to_both,1,0.4999373825301606
session_16_player1,Shared agency no signaling,equal_to_both,2,0.4999223075623082
session_16_player1,Shared agency no signaling,equal_to_both,3,0.4996723272723671
session_16_player1,Shared agency no signaling,equal_to_both,4,0.4936432636468707
session_16_player1,Shared agency no signaling,equal_to_both,5,0.9997475031493722
session_16_player2,Shared agency Communicative Action Mixture (Legibility Over Alternatives),closer_to_player1,0,0.5
session_16_player2,Shared agency Communicative Action Mixture (Legibility Over Alternatives),closer_to_player1,1,0.6759098078207483
session_16_player2,Shared agency Communicative Action Mixture (Legibility Over Alternatives),closer_to_player1,2,0.8317723017832166
session_16_player2,Shared agency Communicative Action Mixture (Legibility Over Alternatives),closer_to_player1,3,0.8335204794262704
session_16_player2,Shared agency Communicative Action Mixture (Legibility Over Alternatives),closer_to_player1,4,0.8365007531017699
session_16_player2,Shared agency Communicative Action Mixture (Legibility Over Alternatives),closer_to_player1,5,0.8502752793914224
session_16_player2,Shared agency Communicative Action Mixture (Legibility Over Alternatives),closer_to_player2,0,0.5
session_16_player2,Shared agency Communicative Action Mixture (Legibility Over Alternatives),closer_to_player2,1,0.6648690976259788
session_16_player2,Shared agency Communicative Action Mixture (Legibility Over Alternatives),closer_to_player2,2,0.8331639745081475
session_16_player2,Shared agency Communicative Action Mixture (Legibility Over Alternatives),closer_to_player2,3,0.9999813802010683
session_16_player2,Shared agency Communicative Action Mixture (Legibility Over Alternatives),closer_to_player2,4,0.999999529154632
session_16_player2,Shared agency Communicative Action Mixture (Legibility Over Alternatives),closer_to_player2,5,0.9999995325302837
session_16_player2,Shared agency Communicative Action Mixture (Legibility Over Alternatives),equal_to_both,0,0.5
session_16_player2,Shared agency Communicative Action Mixture (Legibility Over Alternatives),equal_to_both,1,0.9904309302896791
session_16_player2,Shared agency Communicative Action Mixture (Legibility Over Alternatives),equal_to_both,2,0.9968852192822062
session_16_player2,Shared agency Communicative Action Mixture (Legibility Over Alternatives),equal_to_both,3,0.9999772302370302
session_16_player2,Shared agency Communicative Action Mixture (Legibility Over Alternatives),equal_to_both,4,0.9999995192018001
session_16_player2,Shared agency Communicative Action Mixture (Legibility Over Alternatives),equal_to_both,5,0.9999997617887071
session_16_player2,Shared agency no signaling,closer_to_player1,0,0.5
session_16_player2,Shared agency no signaling,closer_to_player1,1,0.6635881952226007
session_16_player2,Shared agency no signaling,closer_to_player1,2,0.826375289059587
session_16_player2,Shared agency no signaling,closer_to_player1,3,0.994542439622193
session_16_player2,Shared agency no signaling,closer_to_player1,4,0.9979896899714763
session_16_player2,Shared agency no signaling,closer_to_player1,5,0.9979954885326333
session_16_player2,Shared agency no signaling,closer_to_player2,0,0.5
session_16_player2,Shared agency no signaling,closer_to_player2,1,0.5697584566353084
session_16_player2,Shared agency no signaling,closer_to_player2,2,0.7541600855731265
session_16_player2,Shared agency no signaling,closer_to_player2,3,0.9024397865829652
session_16_player2,Shared agency no signaling,closer_to_player2,4,0.9135850902241454
session_16_player2,Shared agency no signaling,closer_to_player2,5,0.8927919850499378
session_16_player2,Shared agency no signaling,equal_to_both,0,0.5
session_16_player2,Shared agency no signaling,equal_to_both,1,0.993736502515344
session_16_player2,Shared agency no signaling,equal_to_both,2,0.9938604802682035
session_16_player2,Shared agency no signaling,equal_to_both,3,0.9999618356093467
session_16_player2,Shared agency no signaling,equal_to_both,4,0.9999995873153463
session_16_player2,Shared agency no signaling,equal_to_both,5,0.9999999887477993
session_17_player1,Shared agency Communicative Action Mixture (Legibility Over Alternatives),closer_to_player1,0,0.5
session_17_player1,Shared agency Communicative Action Mixture (Legibility Over Alternatives),closer_to_player1,1,0.6672395376346566
session_17_player1,Shared agency Communicative Action Mixture (Legibility Over Alternatives),closer_to_player1,2,0.33808405422242066
session_17_player1,Shared agency Communicative Action Mixture (Legibility Over Alternatives),closer_to_player1,3,0.6074395179817799
session_17_player1,Shared agency Communicative Action Mixture (Legibility Over Alternatives),closer_to_player1,4,0.9425159610237918
session_17_player1,Shared agency Communicative Action Mixture (Legibility Over Alternatives),closer_to_player1,5,0.9999762091985964
session_17_player1,Shared agency Communicative Action Mixture (Legibility Over Alternatives),closer_to_player2,0,0.5
session_17_player1,Shared agency Communicative Action Mixture (Legibility Over Alternatives),closer_to_player2,1,0.5016753669235869
session_17_player1,Shared agency Communicative Action Mixture (Legibility Over Alternatives),closer_to_player2,2,0.6632350247077308
session_17_player1,Shared agency Communicative Action Mixture (Legibility Over Alternatives),closer_to_player2,3,0.6705621399125644
session_17_player1,Shared agency Communicative Action Mixture (Legibility Over Alternatives),closer_to_player2,4,0.7104255653903454
session_17_player1,Shared agency Communicative Action Mixture (Legibility Over Alternatives),closer_to_player2,5,0.6784394691507291
session_17_player1,Shared agency Communicative Action Mixture (Legibility Over Alternatives),equal_to_both,0,0.5
session_17_player1,Shared agency Communicative Action Mixture (Legibility Over Alternatives),equal_to_both,1,0.7414216143795065
session_17_player1,Shared agency Communicative Action Mixture (Legibility Over Alternatives),equal_to_both,2,0.9944930576879345
session_17_player1,Shared agency Communicative Action Mixture (Legibility Over Alternatives),equal_to_both,3,0.9998997735624207
session_17_player1,Shared agency Communicative Action Mixture (Legibility Over Alternatives),equal_to_both,4,0.999989355792459
session_17_player1,Shared agency Communicative Action Mixture (Legibility Over Alternatives),equal_to_both,5,0.9999973933463044
session_17_player1,Shared agency no signaling,closer_to_player1,0,0.5
session_17_player1,Shared agency no signaling,closer_to_player1,1,0.6642917241910739
session_17_player1,Shared agency no signaling,closer_to_player1,2,0.6665694503910142
session_17_player1,Shared agency no signaling,closer_to_player1,3,0.7343221630041065
session_17_player1,Shared agency no signaling,closer_to_player1,4,0.9998824518556927
session_17_player1,Shared agency no signaling,closer_to_player1,5,0.9999999075870036
session_17_player1,Shared agency no signaling,closer_to_player2,0,0.5
session_17_player1,Shared agency no signaling,closer_to_player2,1,0.4993312433839585
session_17_player1,Shared agency no signaling,closer_to_player2,2,0.5015547062794873
session_17_player1,Shared agency no signaling,closer_to_player2,3,0.5457244673953655
session_17_player1,Shared agency no signaling,closer_to_player2,4,0.5974467942720393
session_17_player1,Shared agency no signaling,closer_to_player2,5,0.6900724319290811
session_17_player1,Shared agency no signaling,equal_to_both,0,0.5
session_17_player1,Shared agency no signaling,equal_to_both,1,0.9871783071377891
session_17_player1,Shared agency no signaling,equal_to_both,2,0.9928863117778209
session_17_player1,Shared agency no signaling,equal_to_both,3,0.9997782294017877
session_17_player1,Shared agency no signaling,equal_to_both,4,0.9998549044789429
session_17_player1,Shared agency no signaling,equal_to_both,5,0.9998577930111868
session_17_player2,Shared agency Communicative Action Mixture (Legibility Over Alternatives),closer_to_player1,0,0.5
session_17_player2,Shared agency Communicative Action Mixture (Legibility Over Alternatives),closer_to_player1,1,0.6611060534146377
session_17_player2,Shared agency Communicative Action Mixture (Legibility Over Alternatives),closer_to_player1,2,0.7561174648837882
session_17_player2,Shared agency Communicative Action Mixture (Legibility Over Alternatives),closer_to_player1,3,0.7584329743179191
session_17_player2,Shared agency Communicative Action Mixture (Legibility Over Alternatives),closer_to_player1,4,0.9908899956341074
session_17_player2,Shared agency Communicative Action Mixture (Legibility Over Alternatives),closer_to_player1,5,0.9998048793713218
session_17_player2,Shared agency Communicative Action Mixture (Legibility Over Alternatives),closer_to_player2,0,0.5
session_17_player2,Shared agency Communicative Action Mixture (Legibility Over Alternatives),closer_to_player2,1,0.6600514462122541
session_17_player2,Shared agency Communicative Action Mixture (Legibility Over Alternatives),closer_to_player2,2,0.829377788082242
session_17_player2,Shared agency Communicative Action Mixture (Legibility Over Alternatives),closer_to_player2,3,0.8273574193820278
session_17_player2,Shared agency Communicative Action Mixture (Legibility Over Alternatives),closer_to_player2,4,0.8113629910983837
session_17_player2,Shared agency Communicative Action Mixture (Legibility Over Alternatives),closer_to_player2,5,0.8690539900727302
session_17_player2,Shared agency Communicative Action Mixture (Legibility Over Alternatives),equal_to_both,0,0.5
session_17_player2,Shared agency Communicative Action Mixture (Legibility Over Alternatives),equal_to_both,1,0.7474422729910923
session_17_player2,Shared agency Communicative Action Mixture (Legibility Over Alternatives),equal_to_both,2,0.7565446638530858
session_17_player2,Shared agency Communicative Action Mixture (Legibility Over Alternatives),equal_to_both,3,0.7231962250013422
session_17_player2,Shared agency Communicative Action Mixture (Legibility Over Alternatives),equal_to_both,4,0.9655454540755648
session_17_player2,Shared agency Communicative Action Mixture (Legibility Over Alternatives),equal_to_both,5,0.9674840072062119
session_17_player2,Shared agency no signaling,closer_to_player1,0,0.5
session_17_player2,Shared agency no signaling,closer_to_player1,1,0.6632240189076222
session_17_player2,Shared agency no signaling,closer_to_player1,2,0.8261734859175985
session_17_player2,Shared agency no signaling,closer_to_player1,3,0.8353159535308162
session_17_player2,Shared agency no signaling,closer_to_player1,4,0.836963717345378
session_17_player2,Shared agency no signaling,closer_to_player1,5,0.8378441726330363
session_17_player2,Shared agency no signaling,closer_to_player2,0,0.5
session_17_player2,Shared agency no signaling,closer_to_player2,1,0.6630666372982076
session_17_player2,Shared agency no signaling,closer_to_player2,2,0.6313296671282321
session_17_player2,Shared agency no signaling,closer_to_player2,3,0.6903969695105925
session_17_player2,Shared agency no signaling,closer_to_player2,4,0.7286848251237187
session_17_player2,Shared agency no signaling,closer_to_player2,5,0.8018226962520726
session_17_player2,Shared agency no signaling,equal_to_both,0,0.5
session_17_player2,Shared agency no signaling,equal_to_both,1,0.5023467135031129
session_17_player2,Shared agency no signaling,equal_to_both,2,0.8662631108276523
session_17_player2,Shared agency no signaling,equal_to_both,3,0.9929197298286149
session_17_player2,Shared agency no signaling,equal_to_both,4,0.9964395464842261
session_17_player2,Shared agency no signaling,equal_to_both,5,0.9965015776565186
session_18_player1,Shared agency Communicative Action Mixture (Legibility Over Alternatives),closer_to_player1,0,0.5
session_18_player1,Shared agency Communicative Action Mixture (Legibility Over Alternatives),closer_to_player1,1,0.6247433471117932
session_18_player1,Shared agency Communicative Action Mixture (Legibility Over Alternatives),closer_to_player1,2,0.6465444321237128
session_18_player1,Shared agency Communicative Action Mixture (Legibility Over Alternatives),closer_to_player1,3,0.902473457588633
session_18_player1,Shared agency Communicative Action Mixture (Legibility Over Alternatives),closer_to_player1,4,0.9430389377606638
session_18_player1,Shared agency Communicative Action Mixture (Legibility Over Alternatives),closer_to_player1,5,0.9690696920253838
session_18_player1,Shared agency Communicative Action Mixture (Legibility Over Alternatives),closer_to_player2,0,0.5
session_18_player1,Shared agency Communicative Action Mixture (Legibility Over Alternatives),closer_to_player2,1,0.5011819059313668
session_18_player1,Shared agency Communicative Action Mixture (Legibility Over Alternatives),closer_to_player2,2,0.5017313222589114
session_18_player1,Shared agency Communicative Action Mixture (Legibility Over Alternatives),closer_to_player2,3,0.5023529400761356
session_18_player1,Shared agency Communicative Action Mixture (Legibility Over Alternatives),closer_to_player2,4,0.5072654707913363
session_18_player1,Shared agency Communicative Action Mixture (Legibility Over Alternatives),closer_to_player2,5,0.47822247617252395
session_18_player1,Shared agency Communicative Action Mixture (Legibility Over Alternatives),equal_to_both,0,0.5
session_18_player1,Shared agency Communicative Action Mixture (Legibility Over Alternatives),equal_to_both,1,0.49998370918291585
session_18_player1,Shared agency Communicative Action Mixture (Legibility Over Alternatives),equal_to_both,2,0.49997079143790274
session_18_player1,Shared agency Communicative Action Mixture (Legibility Over Alternatives),equal_to_both,3,0.49972091425088433
session_18_player1,Shared agency Communicative Action Mixture (Legibility Over Alternatives),equal_to_both,4,0.9992215667413658
session_18_player1,Shared agency Communicative Action Mixture (Legibility Over Alternatives),equal_to_both,5,0.9999986917250128
session_18_player1,Shared agency no signaling,closer_to_player1,0,0.5
session_18_player1,Shared agency no signaling,closer_to_player1,1,0.8348380018427609
session_18_player1,Shared agency no signaling,closer_to_player1,2,0.8356677388203883
session_18_player1,Shared agency no signaling,closer_to_player1,3,0.8337283685473594
session_18_player1,Shared agency no signaling,closer_to_player1,4,0.8476448573879711
session_18_player1,Shared agency no signaling,closer_to_player1,5,0.8828580638589237
session_18_player1,Shared agency no signaling,closer_to_player2,0,0.5
session_18_player1,Shared agency no signaling,closer_to_player2,1,0.5033228388085809
session_18_player1,Shared agency no signaling,closer_to_player2,2,0.6642157909093859
session_18_player1,Shared agency no signaling,closer_to_player2,3,0.8307090709298083
session_18_player1,Shared agency no signaling,closer_to_player2,4,0.8322976649482582
session_18_player1,Shared agency no signaling,closer_to_player2,5,0.8350900501366607
session_18_player1,Shared agency no signaling,equal_to_both,0,0.5
session_18_player1,Shared agency no signaling,equal_to_both,1,0.6700458776302276
session_18_player1,Shared agency no signaling,equal_to_both,2,0.9975990489778289
session_18_player1,Shared agency no signaling,equal_to_both,3,0.9977657524089746
session_18_player1,Shared agency no signaling,equal_to_both,4,0.9979708974624141
session_18_player1,Shared agency no signaling,equal_to_both,5,0.9999917011599563
session_18_player2,Shared agency Communicative Action Mixture (Legibility Over Alternatives),closer_to_player1,0,0.5
session_18_player2,Shared agency Communicative Action Mixture (Legibility Over Alternatives),closer_to_player1,1,0.5424213157043482
session_18_player2,Shared agency Communicative Action Mixture (Legibility Over Alternatives),closer_to_player1,2,0.6575347799607006
session_18_player2,Shared agency Communicative Action Mixture (Legibility Over Alternatives),closer_to_player1,3,0.5063705397916937
session_18_player2,Shared agency Communicative Action Mixture (Legibility Over Alternatives),closer_to_player1,4,0.8241143239754036
session_18_player2,Shared agency Communicative Action Mixture (Legibility Over Alternatives),closer_to_player1,5,0.8270177617913906
session_18_player2,Shared agency Communicative Action Mixture (Legibility Over Alternatives),closer_to_player2,0,0.5
session_18_player2,Shared agency Communicative Action Mixture (Legibility Over Alternatives),closer_to_player2,1,0.5282280190260512
session_18_player2,Shared agency Communicative Action Mixture (Legibility Over Alternatives),closer_to_player2,2,0.432600134694553
session_18_player2,Shared agency Communicative Action Mixture (Legibility Over Alternatives),closer_to_player2,3,0.5264267877493661
session_18_player2,Shared agency Communicative Action Mixture (Legibility Over Alternatives),closer_to_player2,4,0.40063431468903676
session_18_player2,Shared agency Communicative Action Mixture (Legibility Over Alternatives),closer_to_player2,5,0.44966645006801853
session_18_player2,Shared agency Communicative Action Mixture (Legibility Over Alternatives),equal_to_both,0,0.5
session_18_player2,Shared agency Communicative Action Mixture (Legibility Over Alternatives),equal_to_both,1,0.5149196906629475
session_18_player2,Shared agency Communicative Action Mixture (Legibility Over Alternatives),equal_to_both,2,0.9967695777089094
session_18_player2,Shared agency Communicative Action Mixture (Legibility Over Alternatives),equal_to_both,3,0.9968272215718698
session_18_player2,Shared agency Communicative Action Mixture (Legibility Over Alternatives),equal_to_both,4,0.9968440894826014
session_18_player2,Shared agency Communicative Action Mixture (Legibility Over Alternatives),equal_to_both,5,0.9999944488504608
session_18_player2,Shared agency no signaling,closer_to_player1,0,0.5
session_18_player2,Shared agency no signaling,closer_to_player1,1,0.499281464995695
session_18_player2,Shared agency no signaling,closer_to_player1,2,0.5058595111883823
session_18_player2,Shared agency no signaling,closer_to_player1,3,0.5509958100531717
session_18_player2,Shared agency no signaling,closer_to_player1,4,0.4610833436631367
session_18_player2,Shared agency no signaling,closer_to_player1,5,0.6328817998393269
session_18_player2,Shared agency no signaling,closer_to_player2,0,0.5
session_18_player2,Shared agency no signaling,closer_to_player2,1,0.713321806519227
session_18_player2,Shared agency no signaling,closer_to_player2,2,0.6662822190597385
session_18_player2,Shared agency no signaling,closer_to_player2,3,0.6663029102885969
session_18_player2,Shared agency no signaling,closer_to_player2,4,0.99189249266859
session_18_player2,Shared agency no signaling,closer_to_player2,5,0.9999995478377488
session_18_player2,Shared agency no signaling,equal_to_both,0,0.5
session_18_player2,Shared agency no signaling,equal_to_both,1,0.8261859717198048
session_18_player2,Shared agency no signaling,equal_to_both,2,0.9962257049883848
session_18_player2,Shared agency no signaling,equal_to_both,3,0.9961573107059026
session_18_player2,Shared agency no signaling,equal_to_both,4,0.9999778871241601
session_18_player2,Shared agency no signaling,equal_to_both,5,0.9999997673267798
session_19_player1,Shared agency Communicative Action Mixture (Legibility Over Alternatives),closer_to_player1,0,0.5
session_19_player1,Shared agency Communicative Action Mixture (Legibility Over Alternatives),closer_to_player1,1,0.8126007214814597
session_19_player1,Shared agency Communicative Action Mixture (Legibility Over Alternatives),closer_to_player1,2,0.8289698920915014
session_19_player1,Shared agency Communicative Action Mixture (Legibility Over Alternatives),closer_to_player1,3,0.7734120982938314
session_19_player1,Shared agency Communicative Action Mixture (Legibility Over Alternatives),closer_to_player1,4,0.9999999776097911
session_19_player1,Shared agency Communicative Action Mixture (Legibility Over Alternatives),closer_to_player1,5,0.9999999779578078
session_19_player1,Shared agency Communicative Action Mixture (Legibility Over Alternatives),closer_to_player2,0,0.5
session_19_player1,Shared agency Communicative Action Mixture (Legibility Over Alternatives),closer_to_player2,1,0.25340043997219586
session_19_player1,Shared agency Communicative Action Mixture (Legibility Over Alternatives),closer_to_player2,2,0.6164816650245202
session_19_player1,Shared agency Communicative Action Mixture (Legibility Over Alternatives),closer_to_player2,3,0.9746984447492091
session_19_player1,Shared agency Communicative Action Mixture (Legibility Over Alternatives),closer_to_player2,4,0.9753107037647972
session_19_player1,Shared agency Communicative Action Mixture (Legibility Over Alternatives),closer_to_player2,5,0.9994737381914758
session_19_player1,Shared agency Communicative Action Mixture (Legibility Over Alternatives),equal_to_both,0,0.5
session_19_player1,Shared agency Communicative Action Mixture (Legibility Over Alternatives),equal_to_both,1,0.9932543426307188
session_19_player1,Shared agency Communicative Action Mixture (Legibility Over Alternatives),equal_to_both,2,0.9944718128840608
session_19_player1,Shared agency Communicative Action Mixture (Legibility Over Alternatives),equal_to_both,3,0.9979353102878115
session_19_player1,Shared agency Communicative Action Mixture (Legibility Over Alternatives),equal_to_both,4,0.9979764193381238
session_19_player1,Shared agency Communicative Action Mixture (Legibility Over Alternatives),equal_to_both,5,0.9999959755227065
session_19_player1,Shared agency no signaling,closer_to_player1,0,0.5
session_19_player1,Shared agency no signaling,closer_to_player1,1,0.5000127633947403
session_19_player1,Shared agency no signaling,closer_to_player1,2,0.8193905323503726
session_19_player1,Shared agency no signaling,closer_to_player1,3,0.9873135869899271
session_19_player1,Shared agency no signaling,closer_to_player1,4,0.9999944946417827
session_19_player1,Shared agency no signaling,closer_to_player1,5,0.9999982911064379
session_19_player1,Shared agency no signaling,closer_to_player2,0,0.5
session_19_player1,Shared agency no signaling,closer_to_player2,1,0.8275111473650694
session_19_player1,Shared agency no signaling,closer_to_player2,2,0.9099961850401099
session_19_player1,Shared agency no signaling,closer_to_player2,3,0.9179539148643873
session_19_player1,Shared agency no signaling,closer_to_player2,4,0.9174126185698497
session_19_player1,Shared agency no signaling,closer_to_player2,5,0.9998272068145417
session_19_player1,Shared agency no signaling,equal_to_both,0,0.5
session_19_player1,Shared agency no signaling,equal_to_both,1,0.8567439857569124
session_19_player1,Shared agency no signaling,equal_to_both,2,0.822585767483868
session_19_player1,Shared agency no signaling,equal_to_both,3,0.8789890888101694
session_19_player1,Shared agency no signaling,equal_to_both,4,0.9351302759019423
session_19_player1,Shared agency no signaling,equal_to_both,5,0.9999962146492196
session_19_player2,Shared agency Communicative Action Mixture (Legibility Over Alternatives),closer_to_player1,0,0.5
session_19_player2,Shared agency Communicative Action Mixture (Legibility Over Alternatives),closer_to_player1,1,0.5432595564388917
session_19_player2,Shared agency Communicative Action Mixture (Legibility Over Alternatives),closer_to_player1,2,0.6539603154254175
session_19_player2,Shared agency Communicative Action Mixture (Legibility Over Alternatives),closer_to_player1,3,0.661651704305168
session_19_player2,Shared agency Communicative Action Mixture (Legibility Over Alternatives),closer_to_player1,4,0.6654606605855036
session_19_player2,Shared agency Communicative Action Mixture (Legibility Over Alternatives),closer_to_player1,5,0.6318439425762304
session_19_player2,Shared agency Communicative Action Mixture (Legibility Over Alternatives),closer_to_player2,0,0.5
session_19_player2,Shared agency Communicative Action Mixture (Legibility Over Alternatives),closer_to_player2,1,0.9995973145365816
session_19_player2,Shared agency Communicative Action Mixture (Legibility Over Alternatives),closer_to_player2,2,0.9139847852349419
session_19_player2,Shared agency Communicative Action Mixture (Legibility Over Alternatives),closer_to_player2,3,0.5078567876526755
session_19_player2,Shared agency Communicative Action Mixture (Legibility Over Alternatives),closer_to_player2,4,0.9958880687624384
session_19_player2,Shared agency Communicative Action Mixture (Legibility Over Alternatives),closer_to_player2,5,0.6426748493410672
session_19_player2,Shared agency Communicative Action Mixture (Legibility Over Alternatives),equal_to_both,0,0.5
session_19_player2,Shared agency Communicative Action Mixture (Legibility Over Alternatives),equal_to_both,1,0.8291198118916568
session_19_player2,Shared agency Communicative Action Mixture (Legibility Over Alternatives),equal_to_both,2,0.9954010449127998
session_19_player2,Shared agency Communicative Action Mixture (Legibility Over Alternatives),equal_to_both,3,0.9999558639466087
session_19_player2,Shared agency Communicative Action Mixture (Legibility Over Alternatives),equal_to_both,4,0.999956731260497
session_19_player2,Shared agency Communicative Action Mixture (Legibility Over Alternatives),equal_to_both,5,0.9999572280446088
session_19_player2,Shared agency no signaling,closer_to_player1,0,0.5
session_19_player2,Shared agency no signaling,closer_to_player1,1,0.6352074648646824
session_19_player2,Shared agency no signaling,closer_to_player1,2,0.8305690688165539
session_19_player2,Shared agency no signaling,closer_to_player1,3,0.8374624799591709
session_19_player2,Shared agency no signaling,closer_to_player1,4,0.8364662969023201
session_19_player2,Shared agency no signaling,closer_to_player1,5,0.8011482846181593
session_19_player2,Shared agency no signaling,closer_to_player2,0,0.5
session_19_player2,Shared agency no signaling,closer_to_player2,1,0.8320991786687287
session_19_player2,Shared agency no signaling,closer_to_player2,2,0.9995741871543936
session_19_player2,Shared agency no signaling,closer_to_player2,3,0.9999988642641152
session_19_player2,Shared agency no signaling,closer_to_player2,4,0.9999986675494297
session_19_player2,Shared agency no signaling,closer_to_player2,5,0.9999999977588403
session_19_player2,Shared agency no signaling,equal_to_both,0,0.5
session_19_player2,Shared agency no signaling,equal_to_both,1,0.7189011843793573
session_19_player2,Shared agency no signaling,equal_to_both,2,0.9308864509645849
session_19_player2,Shared agency no signaling,equal_to_both,3,0.9621434006866446
session_19_player2,Shared agency no signaling,equal_to_both,4,0.9830290662060307
session_19_player2,Shared agency no signaling,equal_to_both,5,0.9999927871883885
session_1_player1,Shared agency Communicative Action Mixture (Legibility Over Alternatives),closer_to_player1,0,0.5
session_1_player1,Shared agency Communicative Action Mixture (Legibility Over Alternatives),closer_to_player1,1,0.501760218830848
session_1_player1,Shared agency Communicative Action Mixture (Legibility Over Alternatives),closer_to_player1,2,0.5376647035817294
session_1_player1,Shared agency Communicative Action Mixture (Legibility Over Alternatives),closer_to_player1,3,0.9860637598767221
session_1_player1,Shared agency Communicative Action Mixture (Legibility Over Alternatives),closer_to_player1,4,0.9999515427771065
session_1_player1,Shared agency Communicative Action Mixture (Legibility Over Alternatives),closer_to_player1,5,0.9999999966304691
session_1_player1,Shared agency Communicative Action Mixture (Legibility Over Alternatives),closer_to_player2,0,0.5
session_1_player1,Shared agency Communicative Action Mixture (Legibility Over Alternatives),closer_to_player2,1,0.5092692942060474
session_1_player1,Shared agency Communicative Action Mixture (Legibility Over Alternatives),closer_to_player2,2,0.6443116816915153
session_1_player1,Shared agency Communicative Action Mixture (Legibility Over Alternatives),closer_to_player2,3,0.6202764327108238
session_1_player1,Shared agency Communicative Action Mixture (Legibility Over Alternatives),closer_to_player2,4,0.6952730994022431
session_1_player1,Shared agency Communicative Action Mixture (Legibility Over Alternatives),closer_to_player2,5,0.6069690652331001
session_1_player1,Shared agency Communicative Action Mixture (Legibility Over Alternatives),equal_to_both,0,0.5
session_1_player1,Shared agency Communicative Action Mixture (Legibility Over Alternatives),equal_to_both,1,0.9894533864828278
session_1_player1,Shared agency Communicative Action Mixture (Legibility Over Alternatives),equal_to_both,2,0.9946941969098622
session_1_player1,Shared agency Communicative Action Mixture (Legibility Over Alternatives),equal_to_both,3,0.9999418947445674
session_1_player1,Shared agency Communicative Action Mixture (Legibility Over Alternatives),equal_to_both,4,0.9999450924826658
session_1_player1,Shared agency Communicative Action Mixture (Legibility Over Alternatives),equal_to_both,5,0.9999994165213556
session_1_player1,Shared agency no signaling,closer_to_player1,0,0.5
session_1_player1,Shared agency no signaling,closer_to_player1,1,0.5005290700246221
session_1_player1,Shared agency no signaling,closer_to_player1,2,0.6678441514467996
session_1_player1,Shared agency no signaling,closer_to_player1,3,0.9860967174572338
session_1_player1,Shared agency no signaling,closer_to_player1,4,0.9999953982617265
session_1_player1,Shared agency no signaling,closer_to_player1,5,0.9999999992007783
session_1_player1,Shared agency no signaling,closer_to_player2,0,0.5
session_1_player1,Shared agency no signaling,closer_to_player2,1,0.3329321772054615
session_1_player1,Shared agency no signaling,closer_to_player2,2,0.5686512816001815
session_1_player1,Shared agency no signaling,closer_to_player2,3,0.3852290253505877
session_1_player1,Shared agency no signaling,closer_to_player2,4,0.6657060013612225
session_1_player1,Shared agency no signaling,closer_to_player2,5,0.771233389147798
session_1_player1,Shared agency no signaling,equal_to_both,0,0.5
session_1_player1,Shared agency no signaling,equal_to_both,1,0.4999717421843573
session_1_player1,Shared agency no signaling,equal_to_both,2,0.666062262127682
session_1_player1,Shared agency no signaling,equal_to_both,3,0.9986151492267265
session_1_player1,Shared agency no signaling,equal_to_both,4,0.9999907771681849
session_1_player1,Shared agency no signaling,equal_to_both,5,0.9999915493797409
session_1_player2,Shared agency Communicative Action Mixture (Legibility Over Alternatives),closer_to_player1,0,0.5
session_1_player2,Shared agency Communicative Action Mixture (Legibility Over Alternatives),closer_to_player1,1,0.663389390071553
session_1_player2,Shared agency Communicative Action Mixture (Legibility Over Alternatives),closer_to_player1,2,0.8315152724925662
session_1_player2,Shared agency Communicative Action Mixture (Legibility Over Alternatives),closer_to_player1,3,0.7155073496002085
session_1_player2,Shared agency Communicative Action Mixture (Legibility Over Alternatives),closer_to_player1,4,0.3986516910767332
session_1_player2,Shared agency Communicative Action Mixture (Legibility Over Alternatives),closer_to_player1,5,0.668912008124117
session_1_player2,Shared agency Communicative Action Mixture (Legibility Over Alternatives),closer_to_player2,0,0.5
session_1_player2,Shared agency Communicative Action Mixture (Legibility Over Alternatives),closer_to_player2,1,0.8036866695957291
session_1_player2,Shared agency Communicative Action Mixture (Legibility Over Alternatives),closer_to_player2,2,0.8454955233609951
session_1_player2,Shared agency Communicative Action Mixture (Legibility Over Alternatives),closer_to_player2,3,0.7888526032363584
session_1_player2,Shared agency Communicative Action Mixture (Legibility Over Alternatives),closer_to_player2,4,0.7414591217028286
session_1_player2,Shared agency Communicative Action Mixture (Legibility Over Alternatives),closer_to_player2,5,0.9999572984714199
session_1_player2,Shared agency Communicative Action Mixture (Legibility Over Alternatives),equal_to_both,0,0.5
session_1_player2,Shared agency Communicative Action Mixture (Legibility Over Alternatives),equal_to_both,1,0.9888203092909075
session_1_player2,Shared agency Communicative Action Mixture (Legibility Over Alternatives),equal_to_both,2,0.9997960323349148
session_1_player2,Shared agency Communicative Action Mixture (Legibility Over Alternatives),equal_to_both,3,0.9999943955690351
session_1_player2,Shared agency Communicative Action Mixture (Legibility Over Alternatives),equal_to_both,4,0.9999953398665407
session_1_player2,Shared agency Communicative Action Mixture (Legibility Over Alternatives),equal_to_both,5,0.9999998743823231
session_1_player2,Shared agency no signaling,closer_to_player1,0,0.5
session_1_player2,Shared agency no signaling,closer_to_player1,1,0.494674346120564
session_1_player2,Shared agency no signaling,closer_to_player1,2,0.6830086277921251
session_1_player2,Shared agency no signaling,closer_to_player1,3,0.8200503600140197
session_1_player2,Shared agency no signaling,closer_to_player1,4,0.8833800008463318
session_1_player2,Shared agency no signaling,closer_to_player1,5,0.8865275941243501
session_1_player2,Shared agency no signaling,closer_to_player2,0,0.5
session_1_player2,Shared agency no signaling,closer_to_player2,1,0.7921276701276955
session_1_player2,Shared agency no signaling,closer_to_player2,2,0.9537521654186317
session_1_player2,Shared agency no signaling,closer_to_player2,3,0.9999667831594903
session_1_player2,Shared agency no signaling,closer_to_player2,4,0.9999999468934293
session_1_player2,Shared agency no signaling,closer_to_player2,5,0.9993978862120144
session_1_player2,Shared agency no signaling,equal_to_both,0,0.5
session_1_player2,Shared agency no signaling,equal_to_both,1,0.8315833257629709
session_1_player2,Shared agency no signaling,equal_to_both,2,0.8327419306630861
session_1_player2,Shared agency no signaling,equal_to_both,3,0.9988750303786494
session_1_player2,Shared agency no signaling,equal_to_both,4,0.9988829194312753
session_1_player2,Shared agency no signaling,equal_to_both,5,0.999996100560343
session_20_player1,Shared agency Communicative Action Mixture (Legibility Over Alternatives),closer_to_player1,0,0.5
session_20_player1,Shared agency Communicative Action Mixture (Legibility Over Alternatives),closer_to_player1,1,0.508253249133508
session_20_player1,Shared agency Communicative Action Mixture (Legibility Over Alternatives),closer_to_player1,2,0.6974395978262029
session_20_player1,Shared agency Communicative Action Mixture (Legibility Over Alternatives),closer_to_player1,3,0.7480260671239759
session_20_player1,Shared agency Communicative Action Mixture (Legibility Over Alternatives),closer_to_player1,4,0.547485098373698
session_20_player1,Shared agency Communicative Action Mixture (Legibility Over Alternatives),closer_to_player1,5,0.5121229661721006
session_20_player1,Shared agency Communicative Action Mixture (Legibility Over Alternatives),closer_to_player2,0,0.5
session_20_player1,Shared agency Communicative Action Mixture (Legibility Over Alternatives),closer_to_player2,1,0.6647412778779301
session_20_player1,Shared agency Communicative Action Mixture (Legibility Over Alternatives),closer_to_player2,2,0.6622861176286133
session_20_player1,Shared agency Communicative Action Mixture (Legibility Over Alternatives),closer_to_player2,3,0.621719159757295
session_20_player1,Shared agency Communicative Action Mixture (Legibility Over Alternatives),closer_to_player2,4,0.5040281810701172
session_20_player1,Shared agency Communicative Action Mixture (Legibility Over Alternatives),closer_to_player2,5,0.8383224420678581
session_20_player1,Shared agency Communicative Action Mixture (Legibility Over Alternatives),equal_to_both,0,0.5
session_20_player1,Shared agency Communicative Action Mixture (Legibility Over Alternatives),equal_to_both,1,0.9881842061936242
session_20_player1,Shared agency Communicative Action Mixture (Legibility Over Alternatives),equal_to_both,2,0.9887527186691362
session_20_player1,Shared agency Communicative Action Mixture (Legibility Over Alternatives),equal_to_both,3,0.9978275005926616
session_20_player1,Shared agency Communicative Action Mixture (Legibility Over Alternatives),equal_to_both,4,0.9998593684458831
session_20_player1,Shared agency Communicative Action Mixture (Legibility Over Alternatives),equal_to_both,5,0.9999912138599476
session_20_player1,Shared agency no signaling,closer_to_player1,0,0.5
session_20_player1,Shared agency no signaling,closer_to_player1,1,0.7235396116459616
session_20_player1,Shared agency no signaling,closer_to_player1,2,0.768685970112176
session_20_player1,Shared agency no signaling,closer_to_player1,3,0.7983511251588613
session_20_player1,Shared agency no signaling,closer_to_player1,4,0.7648324455586258
session_20_player1,Shared agency no signaling,closer_to_player1,5,0.8184632195457188
session_20_player1,Shared agency no signaling,closer_to_player2,0,0.5
session_20_player1,Shared agency no signaling,closer_to_player2,1,0.5025356955626112
session_20_player1,Shared agency no signaling,closer_to_player2,2,0.5388474415290182
session_20_player1,Shared agency no signaling,closer_to_player2,3,0.5323529083081389
session_20_player1,Shared agency no signaling,closer_to_player2,4,0.5660722757952524
session_20_player1,Shared agency no signaling,closer_to_player2,5,0.7423555266485127
session_20_player1,Shared agency no signaling,equal_to_both,0,0.5
session_20_player1,Shared agency no signaling,equal_to_both,1,0.7482936041446326
session_20_player1,Shared agency no signaling,equal_to_both,2,0.7499620225821596
session_20_player1,Shared agency no signaling,equal_to_both,3,0.998319957731977
session_20_player1,Shared agency no signaling,equal_to_both,4,0.9983276711699258
session_20_player1,Shared agency no signaling,equal_to_both,5,0.9983339854081827
session_20_player2,Shared agency Communicative Action Mixture (Legibility Over Alternatives),closer_to_player1,0,0.5
session_20_player2,Shared agency Communicative Action Mixture (Legibility Over Alternatives),closer_to_player1,1,0.5036409833134872
session_20_player2,Shared agency Communicative Action Mixture (Legibility Over Alternatives),closer_to_player1,2,0.5076793873169125
session_20_player2,Shared agency Communicative Action Mixture (Legibility Over Alternatives),closer_to_player1,3,0.5111244260454222
session_20_player2,Shared agency Communicative Action Mixture (Legibility Over Alternatives),closer_to_player1,4,0.511925129325983
session_20_player2,Shared agency Communicative Action Mixture (Legibility Over Alternatives),closer_to_player1,5,0.5110246956599376
session_20_player2,Shared agency Communicative Action Mixture (Legibility Over Alternatives),closer_to_player2,0,0.5
session_20_player2,Shared agency Communicative Action Mixture (Legibility Over Alternatives),closer_to_player2,1,0.834190603056443
session_20_player2,Shared agency Communicative Action Mixture (Legibility Over Alternatives),closer_to_player2,2,0.8058435188282379
session_20_player2,Shared agency Communicative Action Mixture (Legibility Over Alternatives),closer_to_player2,3,0.8472875124800939
session_20_player2,Shared agency Communicative Action Mixture (Legibility Over Alternatives),closer_to_player2,4,0.9998519936498873
session_20_player2,Shared agency Communicative Action Mixture (Legibility Over Alternatives),closer_to_player2,5,0.9999999013932342
session_20_player2,Shared agency Communicative Action Mixture (Legibility Over Alternatives),equal_to_both,0,0.5
session_20_player2,Shared agency Communicative Action Mixture (Legibility Over Alternatives),equal_to_both,1,0.823561374859182
session_20_player2,Shared agency Communicative Action Mixture (Legibility Over Alternatives),equal_to_both,2,0.9896645086037082
session_20_player2,Shared agency Communicative Action Mixture (Legibility Over Alternatives),equal_to_both,3,0.9943390140160231
session_20_player2,Shared agency Communicative Action Mixture (Legibility Over Alternatives),equal_to_both,4,0.9999388048915868
session_20_player2,Shared agency Communicative Action Mixture (Legibility Over Alternatives),equal_to_both,5,0.9999399273949274
session_20_player2,Shared agency no signaling,closer_to_player1,0,0.5
session_20_player2,Shared agency no signaling,closer_to_player1,1,0.49820981237944223
session_20_player2,Shared agency no signaling,closer_to_player1,2,0.6611279030514425
session_20_player2,Shared agency no signaling,closer_to_player1,3,0.6599881649071849
session_20_player2,Shared agency no signaling,closer_to_player1,4,0.6641025397097139
session_20_player2,Shared agency no signaling,closer_to_player1,5,0.7023341697620329
session_20_player2,Shared agency no signaling,closer_to_player2,0,0.5
session_20_player2,Shared agency no signaling,closer_to_player2,1,0.6730277035140547
session_20_player2,Shared agency no signaling,closer_to_player2,2,0.8113391294943705
session_20_player2,Shared agency no signaling,closer_to_player2,3,0.7590216550857866
session_20_player2,Shared agency no signaling,closer_to_player2,4,0.9999939387795987
session_20_player2,Shared agency no signaling,closer_to_player2,5,0.9999999991952192
session_20_player2,Shared agency no signaling,equal_to_both,0,0.5
session_20_player2,Shared agency no signaling,equal_to_both,1,0.7482912931953055
session_20_player2,Shared agency no signaling,equal_to_both,2,0.7499620120163804
session_20_player2,Shared agency no signaling,equal_to_both,3,0.998319954980809
session_20_player2,Shared agency no signaling,equal_to_both,4,0.999989609702008
session_20_player2,Shared agency no signaling,equal_to_both,5,0.9999998888764201
session_21_player1,Shared agency Communicative Action Mixture (Legibility Over Alternatives),closer_to_player1,0,0.5
session_21_player1,Shared agency Communicative Action Mixture (Legibility Over Alternatives),closer_to_player1,1,0.5010625992806034
session_21_player1,Shared agency Communicative Action Mixture (Legibility Over Alternatives),closer_to_player1,2,0.8177024465933229
session_21_player1,Shared agency Communicative Action Mixture (Legibility Over Alternatives),closer_to_player1,3,0.8323969870765682
session_21_player1,Shared agency Communicative Action Mixture (Legibility Over Alternatives),closer_to_player1,4,0.8465077991989443
session_21_player1,Shared agency Communicative Action Mixture (Legibility Over Alternatives),closer_to_player1,5,0.8223262661766438
session_21_player1,Shared agency Communicative Action Mixture (Legibility Over Alternatives),closer_to_player2,0,0.5
session_21_player1,Shared agency Communicative Action Mixture (Legibility Over Alternatives),closer_to_player2,1,0.33002632858912295
session_21_player1,Shared agency Communicative Action Mixture (Legibility Over Alternatives),closer_to_player2,2,0.41558504165223503
session_21_player1,Shared agency Communicative Action Mixture (Legibility Over Alternatives),closer_to_player2,3,0.5355881130443553
session_21_player1,Shared agency Communicative Action Mixture (Legibility Over Alternatives),closer_to_player2,4,0.7436481157838023
session_21_player1,Shared agency Communicative Action Mixture (Legibility Over Alternatives),closer_to_player2,5,0.9938234270986971
session_21_player1,Shared agency Communicative Action Mixture (Legibility Over Alternatives),equal_to_both,0,0.5
session_21_player1,Shared agency Communicative Action Mixture (Legibility Over Alternatives),equal_to_both,1,0.9923838785233979
session_21_player1,Shared agency Communicative Action Mixture (Legibility Over Alternatives),equal_to_both,2,0.9964799315341685
session_21_player1,Shared agency Communicative Action Mixture (Legibility Over Alternatives),equal_to_both,3,0.9965264614083664
session_21_player1,Shared agency Communicative Action Mixture (Legibility Over Alternatives),equal_to_both,4,0.9999569290613405
session_21_player1,Shared agency Communicative Action Mixture (Legibility Over Alternatives),equal_to_both,5,0.9999783078866534
session_21_player1,Shared agency no signaling,closer_to_player1,0,0.5
session_21_player1,Shared agency no signaling,closer_to_player1,1,0.5010613337128205
session_21_player1,Shared agency no signaling,closer_to_player1,2,0.5016124146189661
session_21_player1,Shared agency no signaling,closer_to_player1,3,0.8251697057227565
session_21_player1,Shared agency no signaling,closer_to_player1,4,0.8160385727904697
session_21_player1,Shared agency no signaling,closer_to_player1,5,0.8735018240675178
session_21_player1,Shared agency no signaling,closer_to_player2,0,0.5
session_21_player1,Shared agency no signaling,closer_to_player2,1,0.9831360034687296
session_21_player1,Shared agency no signaling,closer_to_player2,2,0.9943986247090928
session_21_player1,Shared agency no signaling,closer_to_player2,3,0.9948927196857982
session_21_player1,Shared agency no signaling,closer_to_player2,4,0.9999376884044997
session_21_player1,Shared agency no signaling,closer_to_player2,5,0.9999586003856455
session_21_player1,Shared agency no signaling,equal_to_both,0,0.5
session_21_player1,Shared agency no signaling,equal_to_both,1,0.6645805964221151
session_21_player1,Shared agency no signaling,equal_to_both,2,0.6643124723325402
session_21_player1,Shared agency no signaling,equal_to_both,3,0.9973752983999514
session_21_player1,Shared agency no signaling,equal_to_both,4,0.9979844644086219
session_21_player1,Shared agency no signaling,equal_to_both,5,0.9999945901606565
session_21_player2,Shared agency Communicative Action Mixture (Legibility Over Alternatives),closer_to_player1,0,0.5
session_21_player2,Shared agency Communicative Action Mixture (Legibility Over Alternatives),closer_to_player1,1,0.6583940257010842
session_21_player2,Shared agency Communicative Action Mixture (Legibility Over Alternatives),closer_to_player1,2,0.6655158680343859
session_21_player2,Shared agency Communicative Action Mixture (Legibility Over Alternatives),closer_to_player1,3,0.7164541083604993
session_21_player2,Shared agency Communicative Action Mixture (Legibility Over Alternatives),closer_to_player1,4,0.6646862066640945
session_21_player2,Shared agency Communicative Action Mixture (Legibility Over Alternatives),closer_to_player1,5,0.8334002477145345
session_21_player2,Shared agency Communicative Action Mixture (Legibility Over Alternatives),closer_to_player2,0,0.5
session_21_player2,Shared agency Communicative Action Mixture (Legibility Over Alternatives),closer_to_player2,1,0.7183796032331164
session_21_player2,Shared agency Communicative Action Mixture (Legibility Over Alternatives),closer_to_player2,2,0.9997899642918345
session_21_player2,Shared agency Communicative Action Mixture (Legibility Over Alternatives),closer_to_player2,3,0.9999998573521302
session_21_player2,Shared agency Communicative Action Mixture (Legibility Over Alternatives),closer_to_player2,4,0.9999999994796595
session_21_player2,Shared agency Communicative Action Mixture (Legibility Over Alternatives),closer_to_player2,5,0.9999999996933816
session_21_player2,Shared agency Communicative Action Mixture (Legibility Over Alternatives),equal_to_both,0,0.5
session_21_player2,Shared agency Communicative Action Mixture (Legibility Over Alternatives),equal_to_both,1,0.991965685392589
session_21_player2,Shared agency Communicative Action Mixture (Legibility Over Alternatives),equal_to_both,2,0.9964632572592288
session_21_player2,Shared agency Communicative Action Mixture (Legibility Over Alternatives),equal_to_both,3,0.9965426894316222
session_21_player2,Shared agency Communicative Action Mixture (Legibility Over Alternatives),equal_to_both,4,0.9999783943881645
session_21_player2,Shared agency Communicative Action Mixture (Legibility Over Alternatives),equal_to_both,5,0.9999997547579763
session_21_player2,Shared agency no signaling,closer_to_player1,0,0.5
session_21_player2,Shared agency no signaling,closer_to_player1,1,0.6629492664766369
session_21_player2,Shared agency no signaling,closer_to_player1,2,0.6650149036075574
session_21_player2,Shared agency no signaling,closer_to_player1,3,0.6750292912873427
session_21_player2,Shared agency no signaling,closer_to_player1,4,0.646032255313074
session_21_player2,Shared agency no signaling,closer_to_player1,5,0.6958038816773474
session_21_player2,Shared agency no signaling,closer_to_player2,0,0.5
session_21_player2,Shared agency no signaling,closer_to_player2,1,0.6673583488413305
session_21_player2,Shared agency no signaling,closer_to_player2,2,0.999899770511612
session_21_player2,Shared agency no signaling,closer_to_player2,3,0.9999566378772622
session_21_player2,Shared agency no signaling,closer_to_player2,4,0.999971379328851
session_21_player2,Shared agency no signaling,closer_to_player2,5,0.9999999932505222
session_21_player2,Shared agency no signaling,equal_to_both,0,0.5
session_21_player2,Shared agency no signaling,equal_to_both,1,0.8310016899420926
session_21_player2,Shared agency no signaling,equal_to_both,2,0.833051377691436
session_21_player2,Shared agency no signaling,equal_to_both,3,0.6670005736378029
session_21_player2,Shared agency no signaling,equal_to_both,4,0.8947561796843296
session_21_player2,Shared agency no signaling,equal_to_both,5,0.999738510597379
session_22_player1,Shared agency Communicative Action Mixture (Legibility Over Alternatives),closer_to_player1,0,0.5
session_22_player1,Shared agency Communicative Action Mixture (Legibility Over Alternatives),closer_to_player1,1,0.3333519462410177
session_22_player1,Shared agency Communicative Action Mixture (Legibility Over Alternatives),closer_to_player1,2,0.4371289662980155
session_22_player1,Shared agency Communicative Action Mixture (Legibility Over Alternatives),closer_to_player1,3,0.4468235284909818
session_22_player1,Shared agency Communicative Action Mixture (Legibility Over Alternatives),closer_to_player1,4,0.9972954666495836
session_22_player1,Shared agency Communicative Action Mixture (Legibility Over Alternatives),closer_to_player1,5,0.9996640080391582
session_22_player1,Shared agency Communicative Action Mixture (Legibility Over Alternatives),closer_to_player2,0,0.5
session_22_player1,Shared agency Communicative Action Mixture (Legibility Over Alternatives),closer_to_player2,1,0.5023959744056011
session_22_player1,Shared agency Communicative Action Mixture (Legibility Over Alternatives),closer_to_player2,2,0.5070395003054521
session_22_player1,Shared agency Communicative Action Mixture (Legibility Over Alternatives),closer_to_player2,3,0.5141889943320997
session_22_player1,Shared agency Communicative Action Mixture (Legibility Over Alternatives),closer_to_player2,4,0.4855219598581939
session_22_player1,Shared agency Communicative Action Mixture (Legibility Over Alternatives),closer_to_player2,5,0.4438673025618629
session_22_player1,Shared agency Communicative Action Mixture (Legibility Over Alternatives),equal_to_both,0,0.5
session_22_player1,Shared agency Communicative Action Mixture (Legibility Over Alternatives),equal_to_both,1,0.8208429685868692
session_22_player1,Shared agency Communicative Action Mixture (Legibility Over Alternatives),equal_to_both,2,0.6299850210342556
session_22_player1,Shared agency Communicative Action Mixture (Legibility Over Alternatives),equal_to_both,3,0.9882098289762532
session_22_player1,Shared agency Communicative Action Mixture (Legibility Over Alternatives),equal_to_both,4,0.9902454310553023
session_22_player1,Shared agency Communicative Action Mixture (Legibility Over Alternatives),equal_to_both,5,0.9911493094053608
session_22_player1,Shared agency no signaling,closer_to_player1,0,0.5
session_22_player1,Shared agency no signaling,closer_to_player1,1,0.9997797601842593
session_22_player1,Shared agency no signaling,closer_to_player1,2,0.9999998555614357
session_22_player1,Shared agency no signaling,closer_to_player1,3,0.999999999753586
session_22_player1,Shared agency no signaling,closer_to_player1,4,0.9999999999991451
session_22_player1,Shared agency no signaling,closer_to_player1,5,0.9999999999999944
session_22_player1,Shared agency no signaling,closer_to_player2,0,0.5
session_22_player1,Shared agency no signaling,closer_to_player2,1,0.817364871111164
session_22_player1,Shared agency no signaling,closer_to_player2,2,0.8262533469994965
session_22_player1,Shared agency no signaling,closer_to_player2,3,0.8265861486535283
session_22_player1,Shared agency no signaling,closer_to_player2,4,0.8345228335688498
session_22_player1,Shared agency no signaling,closer_to_player2,5,0.8596894813770168
session_22_player1,Shared agency no signaling,equal_to_both,0,0.5
session_22_player1,Shared agency no signaling,equal_to_both,1,0.5840469492191505
session_22_player1,Shared agency no signaling,equal_to_both,2,0.9221159841303541
session_22_player1,Shared agency no signaling,equal_to_both,3,0.9983271363352371
session_22_player1,Shared agency no signaling,equal_to_both,4,0.998292559221102
session_22_player1,Shared agency no signaling,equal_to_both,5,0.9999958114138655
session_22_player2,Shared agency Communicative Action Mixture (Legibility Over Alternatives),closer_to_player1,0,0.5
session_22_player2,Shared agency Communicative Action Mixture (Legibility Over Alternatives),closer_to_player1,1,0.8243213684930729
session_22_player2,Shared agency Communicative Action Mixture (Legibility Over Alternatives),closer_to_player1,2,0.7490679324837365
session_22_player2,Shared agency Communicative Action Mixture (Legibility Over Alternatives),closer_to_player1,3,0.8323910467048788
session_22_player2,Shared agency Communicative Action Mixture (Legibility Over Alternatives),closer_to_player1,4,0.8047315218415644
session_22_player2,Shared agency Communicative Action Mixture (Legibility Over Alternatives),closer_to_player1,5,0.8407011265569141
session_22_player2,Shared agency Communicative Action Mixture (Legibility Over Alternatives),closer_to_player2,0,0.5
session_22_player2,Shared agency Communicative Action Mixture (Legibility Over Alternatives),closer_to_player2,1,0.8346923085622233
session_22_player2,Shared agency Communicative Action Mixture (Legibility Over Alternatives),closer_to_player2,2,0.8097382480531463
session_22_player2,Shared agency Communicative Action Mixture (Legibility Over Alternatives),closer_to_player2,3,0.8368774857604331
session_22_player2,Shared agency Communicative Action Mixture (Legibility Over Alternatives),closer_to_player2,4,0.9999881606445955
session_22_player2,Shared agency Communicative Action Mixture (Legibility Over Alternatives),closer_to_player2,5,0.9999999992992423
session_22_player2,Shared agency Communicative Action Mixture (Legibility Over Alternatives),equal_to_both,0,0.5
session_22_player2,Shared agency Communicative Action Mixture (Legibility Over Alternatives),equal_to_both,1,0.6603497697878318
session_22_player2,Shared agency Communicative Action Mixture (Legibility Over Alternatives),equal_to_both,2,0.8237301640383287
session_22_player2,Shared agency Communicative Action Mixture (Legibility Over Alternatives),equal_to_both,3,0.9977787685371405
session_22_player2,Shared agency Communicative Action Mixture (Legibility Over Alternatives),equal_to_both,4,0.7843350216874846
session_22_player2,Shared agency Communicative Action Mixture (Legibility Over Alternatives),equal_to_both,5,0.7843305835107603
session_22_player2,Shared agency no signaling,closer_to_player1,0,0.5
session_22_player2,Shared agency no signaling,closer_to_player1,1,0.2518943800034282
session_22_player2,Shared agency no signaling,closer_to_player1,2,0.24892422491647034
session_22_player2,Shared agency no signaling,closer_to_player1,3,0.6528554661123416
session_22_player2,Shared agency no signaling,closer_to_player1,4,0.6499701732621284
session_22_player2,Shared agency no signaling,closer_to_player1,5,0.9985671469204704
session_22_player2,Shared agency no signaling,closer_to_player2,0,0.5
session_22_player2,Shared agency no signaling,closer_to_player2,1,0.8352921280710799
session_22_player2,Shared agency no signaling,closer_to_player2,2,0.8365981865279474
session_22_player2,Shared agency no signaling,closer_to_player2,3,0.8347177752822924
session_22_player2,Shared agency no signaling,closer_to_player2,4,0.8183200777227495
session_22_player2,Shared agency no signaling,closer_to_player2,5,0.8756637387987448
session_22_player2,Shared agency no signaling,equal_to_both,0,0.5
session_22_player2,Shared agency no signaling,equal_to_both,1,0.6589485284663743
session_22_player2,Shared agency no signaling,equal_to_both,2,0.7849216200943125
session_22_player2,Shared agency no signaling,equal_to_both,3,0.9999610025763953
session_22_player2,Shared agency no signaling,equal_to_both,4,0.999999650182911
session_22_player2,Shared agency no signaling,equal_to_both,5,0.9999995134902258
session_23_player1,Shared agency Communicative Action Mixture (Legibility Over Alternatives),closer_to_player1,0,0.5
session_23_player1,Shared agency Communicative Action Mixture (Legibility Over Alternatives),closer_to_player1,1,0.5686497006839053
session_23_player1,Shared agency Communicative Action Mixture (Legibility Over Alternatives),closer_to_player1,2,0.8845959827848077
session_23_player1,Shared agency Communicative Action Mixture (Legibility Over Alternatives),closer_to_player1,3,0.8593137924553481
session_23_player1,Shared agency Communicative Action Mixture (Legibility Over Alternatives),closer_to_player1,4,0.9109095554702572
session_23_player1,Shared agency Communicative Action Mixture (Legibility Over Alternatives),closer_to_player1,5,0.9489087293823446
session_23_player1,Shared agency Communicative Action Mixture (Legibility Over Alternatives),closer_to_player2,0,0.5
session_23_player1,Shared agency Communicative Action Mixture (Legibility Over Alternatives),closer_to_player2,1,0.8274035275779097
session_23_player1,Shared agency Communicative Action Mixture (Legibility Over Alternatives),closer_to_player2,2,0.848251702987147
session_23_player1,Shared agency Communicative Action Mixture (Legibility Over Alternatives),closer_to_player2,3,0.8465536503140662
session_23_player1,Shared agency Communicative Action Mixture (Legibility Over Alternatives),closer_to_player2,4,0.845024857669138
session_23_player1,Shared agency Communicative Action Mixture (Legibility Over Alternatives),closer_to_player2,5,0.8473083826401492
session_23_player1,Shared agency Communicative Action Mixture (Legibility Over Alternatives),equal_to_both,0,0.5
session_23_player1,Shared agency Communicative Action Mixture (Legibility Over Alternatives),equal_to_both,1,0.9827983842544424
session_23_player1,Shared agency Communicative Action Mixture (Legibility Over Alternatives),equal_to_both,2,0.9995348145322303
session_23_player1,Shared agency Communicative Action Mixture (Legibility Over Alternatives),equal_to_both,3,0.9995579099404865
session_23_player1,Shared agency Communicative Action Mixture (Legibility Over Alternatives),equal_to_both,4,0.9995685234336575
session_23_player1,Shared agency Communicative Action Mixture (Legibility Over Alternatives),equal_to_both,5,0.9999926450543775
session_23_player1,Shared agency no signaling,closer_to_player1,0,0.5
session_23_player1,Shared agency no signaling,closer_to_player1,1,0.49457594855410736
session_23_player1,Shared agency no signaling,closer_to_player1,2,0.516014852255303
session_23_player1,Shared agency no signaling,closer_to_player1,3,0.8087506556667607
session_23_player1,Shared agency no signaling,closer_to_player1,4,0.7233195208495685
session_23_player1,Shared agency no signaling,closer_to_player1,5,0.6437441707327398
session_23_player1,Shared agency no signaling,closer_to_player2,0,0.5
session_23_player1,Shared agency no signaling,closer_to_player2,1,0.5432910076521837
session_23_player1,Shared agency no signaling,closer_to_player2,2,0.6610928470528419
session_23_player1,Shared agency no signaling,closer_to_player2,3,0.8331135619817435
session_23_player1,Shared agency no signaling,closer_to_player2,4,0.8357453341772872
session_23_player1,Shared agency no signaling,closer_to_player2,5,0.8338073750373107
session_23_player1,Shared agency no signaling,equal_to_both,0,0.5
session_23_player1,Shared agency no signaling,equal_to_both,1,0.5829675171172131
session_23_player1,Shared agency no signaling,equal_to_both,2,0.9982520395852612
session_23_player1,Shared agency no signaling,equal_to_both,3,0.9983240709931455
session_23_player1,Shared agency no signaling,equal_to_both,4,0.9990370966450086
session_23_player1,Shared agency no signaling,equal_to_both,5,0.9999944072292953
session_23_player2,Shared agency Communicative Action Mixture (Legibility Over Alternatives),closer_to_player1,0,0.5
session_23_player2,Shared agency Communicative Action Mixture (Legibility Over Alternatives),closer_to_player1,1,0.6626042270597772
session_23_player2,Shared agency Communicative Action Mixture (Legibility Over Alternatives),closer_to_player1,2,0.6699776545366111
session_23_player2,Shared agency Communicative Action Mixture (Legibility Over Alternatives),closer_to_player1,3,0.6712414359507624
session_23_player2,Shared agency Communicative Action Mixture (Legibility Over Alternatives),closer_to_player1,4,0.5356369061356349
session_23_player2,Shared agency Communicative Action Mixture (Legibility Over Alternatives),closer_to_player1,5,0.5453795261090378
session_23_player2,Shared agency Communicative Action Mixture (Legibility Over Alternatives),closer_to_player2,0,0.5
session_23_player2,Shared agency Communicative Action Mixture (Legibility Over Alternatives),closer_to_player2,1,0.8738976632847103
session_23_player2,Shared agency Communicative Action Mixture (Legibility Over Alternatives),closer_to_player2,2,0.9998052324251206
session_23_player2,Shared agency Communicative Action Mixture (Legibility Over Alternatives),closer_to_player2,3,0.9999998937271957
session_23_player2,Shared agency Communicative Action Mixture (Legibility Over Alternatives),closer_to_player2,4,0.9996899192128567
session_23_player2,Shared agency Communicative Action Mixture (Legibility Over Alternatives),closer_to_player2,5,0.9999995302096977
session_23_player2,Shared agency Communicative Action Mixture (Legibility Over Alternatives),equal_to_both,0,0.5
session_23_player2,Shared agency Communicative Action Mixture (Legibility Over Alternatives),equal_to_both,1,0.017199807147374166
session_23_player2,Shared agency Communicative Action Mixture (Legibility Over Alternatives),equal_to_both,2,0.01678211160257518
session_23_player2,Shared agency Communicative Action Mixture (Legibility Over Alternatives),equal_to_both,3,0.7315973955107095
session_23_player2,Shared agency Communicative Action Mixture (Legibility Over Alternatives),equal_to_both,4,0.9961031512897383
session_23_player2,Shared agency Communicative Action Mixture (Legibility Over Alternatives),equal_to_both,5,0.9999329713947425
session_23_player2,Shared agency no signaling,closer_to_player1,0,0.5
session_23_player2,Shared agency no signaling,closer_to_player1,1,0.7421257814733291
session_23_player2,Shared agency no signaling,closer_to_player1,2,0.7468527673907182
session_23_player2,Shared agency no signaling,closer_to_player1,3,0.7533507405929178
session_23_player2,Shared agency no signaling,closer_to_player1,4,0.7569610208041597
session_23_player2,Shared agency no signaling,closer_to_player1,5,0.7754131154736661
session_23_player2,Shared agency no signaling,closer_to_player2,0,0.5
session_23_player2,Shared agency no signaling,closer_to_player2,1,0.6508245012517038
session_23_player2,Shared agency no signaling,closer_to_player2,2,0.5239202084857328
session_23_player2,Shared agency no signaling,closer_to_player2,3,0.5434648574061532
session_23_player2,Shared agency no signaling,closer_to_player2,4,0.5281126119912135
session_23_player2,Shared agency no signaling,closer_to_player2,5,0.6070261799629968
session_23_player2,Shared agency no signaling,equal_to_both,0,0.5
session_23_player2,Shared agency no signaling,equal_to_both,1,0.6655624726644603
session_23_player2,Shared agency no signaling,equal_to_both,2,0.996658334130724
session_23_player2,Shared agency no signaling,equal_to_both,3,0.9965914281874344
session_23_player2,Shared agency no signaling,equal_to_both,4,0.994557903478371
session_23_player2,Shared agency no signaling,equal_to_both,5,0.9999970035587323
session_24_player1,Shared agency Communicative Action Mixture (Legibility Over Alternatives),closer_to_player1,0,0.5
session_24_player1,Shared agency Communicative Action Mixture (Legibility Over Alternatives),closer_to_player1,1,0.8739274126560174
session_24_player1,Shared agency Communicative Action Mixture (Legibility Over Alternatives),closer_to_player1,2,0.8172217094434112
session_24_player1,Shared agency Communicative Action Mixture (Legibility Over Alternatives),closer_to_player1,3,0.8761590913741678
session_24_player1,Shared agency Communicative Action Mixture (Legibility Over Alternatives),closer_to_player1,4,0.9998839574152649
session_24_player1,Shared agency Communicative Action Mixture (Legibility Over Alternatives),closer_to_player1,5,0.9999796907113515
session_24_player1,Shared agency Communicative Action Mixture (Legibility Over Alternatives),closer_to_player2,0,0.5
session_24_player1,Shared agency Communicative Action Mixture (Legibility Over Alternatives),closer_to_player2,1,0.5030329112737785
session_24_player1,Shared agency Communicative Action Mixture (Legibility Over Alternatives),closer_to_player2,2,0.828426535333257
session_24_player1,Shared agency Communicative Action Mixture (Legibility Over Alternatives),closer_to_player2,3,0.8357259651482009
session_24_player1,Shared agency Communicative Action Mixture (Legibility Over Alternatives),closer_to_player2,4,0.8380802996845128
session_24_player1,Shared agency Communicative Action Mixture (Legibility Over Alternatives),closer_to_player2,5,0.8504109004580164
session_24_player1,Shared agency Communicative Action Mixture (Legibility Over Alternatives),equal_to_both,0,0.5
session_24_player1,Shared agency Communicative Action Mixture (Legibility Over Alternatives),equal_to_both,1,0.9893313483100914
session_24_player1,Shared agency Communicative Action Mixture (Legibility Over Alternatives),equal_to_both,2,0.9998127777789211
session_24_player1,Shared agency Communicative Action Mixture (Legibility Over Alternatives),equal_to_both,3,0.999995037939336
session_24_player1,Shared agency Communicative Action Mixture (Legibility Over Alternatives),equal_to_both,4,0.9999954514028788
session_24_player1,Shared agency Communicative Action Mixture (Legibility Over Alternatives),equal_to_both,5,0.9999998787883448
session_24_player1,Shared agency no signaling,closer_to_player1,0,0.5
session_24_player1,Shared agency no signaling,closer_to_player1,1,0.8328808209217713
session_24_player1,Shared agency no signaling,closer_to_player1,2,0.8304426892961502
session_24_player1,Shared agency no signaling,closer_to_player1,3,0.8316605093669506
session_24_player1,Shared agency no signaling,closer_to_player1,4,0.8067638053257341
session_24_player1,Shared agency no signaling,closer_to_player1,5,0.8334234592454456
session_24_player1,Shared agency no signaling,closer_to_player2,0,0.5
session_24_player1,Shared agency no signaling,closer_to_player2,1,0.5030438386635161
session_24_player1,Shared agency no signaling,closer_to_player2,2,0.8249185593204542
session_24_player1,Shared agency no signaling,closer_to_player2,3,0.7874615333431979
session_24_player1,Shared agency no signaling,closer_to_player2,4,0.9989578073166699
session_24_player1,Shared agency no signaling,closer_to_player2,5,0.9999418539501388
session_24_player1,Shared agency no signaling,equal_to_both,0,0.5
session_24_player1,Shared agency no signaling,equal_to_both,1,0.74909548759952
session_24_player1,Shared agency no signaling,equal_to_both,2,0.7499689250472097
session_24_player1,Shared agency no signaling,equal_to_both,3,0.9983171581791674
session_24_player1,Shared agency no signaling,equal_to_both,4,0.9983260234758755
session_24_player1,Shared agency no signaling,equal_to_both,5,0.9983339625897996
session_24_player2,Shared agency Communicative Action Mixture (Legibility Over Alternatives),closer_to_player1,0,0.5
session_24_player2,Shared agency Communicative Action Mixture (Legibility Over Alternatives),closer_to_player1,1,0.3416907531715055
session_24_player2,Shared agency Communicative Action Mixture (Legibility Over Alternatives),closer_to_player1,2,0.315534068500995
session_24_player2,Shared agency Communicative Action Mixture (Legibility Over Alternatives),closer_to_player1,3,0.362366809588498
session_24_player2,Shared agency Communicative Action Mixture (Legibility Over Alternatives),closer_to_player1,4,0.49624495304554905
session_24_player2,Shared agency Communicative Action Mixture (Legibility Over Alternatives),closer_to_player1,5,0.5002880950376734
session_24_player2,Shared agency Communicative Action Mixture (Legibility Over Alternatives),closer_to_player2,0,0.5
session_24_player2,Shared agency Communicative Action Mixture (Legibility Over Alternatives),closer_to_player2,1,0.8048232144118693
session_24_player2,Shared agency Communicative Action Mixture (Legibility Over Alternatives),closer_to_player2,2,0.7818867257879517
session_24_player2,Shared agency Communicative Action Mixture (Legibility Over Alternatives),closer_to_player2,3,0.8072795884410632
session_24_player2,Shared agency Communicative Action Mixture (Legibility Over Alternatives),closer_to_player2,4,0.9999831770363704
session_24_player2,Shared agency Communicative Action Mixture (Legibility Over Alternatives),closer_to_player2,5,0.9999999989060041
session_24_player2,Shared agency Communicative Action Mixture (Legibility Over Alternatives),equal_to_both,0,0.5
session_24_player2,Shared agency Communicative Action Mixture (Legibility Over Alternatives),equal_to_both,1,0.989331316828633
session_24_player2,Shared agency Communicative Action Mixture (Legibility Over Alternatives),equal_to_both,2,0.9895327191858129
session_24_player2,Shared agency Communicative Action Mixture (Legibility Over Alternatives),equal_to_both,3,0.9998880000907464
session_24_player2,Shared agency Communicative Action Mixture (Legibility Over Alternatives),equal_to_both,4,0.9999980872689467
session_24_player2,Shared agency Communicative Action Mixture (Legibility Over Alternatives),equal_to_both,5,0.9999981787303195
session_24_player2,Shared agency no signaling,closer_to_player1,0,0.5
session_24_player2,Shared agency no signaling,closer_to_player1,1,0.6674115164565319
session_24_player2,Shared agency no signaling,closer_to_player1,2,0.6697570950460202
session_24_player2,Shared agency no signaling,closer_to_player1,3,0.6706544747599478
session_24_player2,Shared agency no signaling,closer_to_player1,4,0.5095909382424395
session_24_player2,Shared agency no signaling,closer_to_player1,5,0.5178824613556161
session_24_player2,Shared agency no signaling,closer_to_player2,0,0.5
session_24_player2,Shared agency no signaling,closer_to_player2,1,0.9991586228749031
session_24_player2,Shared agency no signaling,closer_to_player2,2,0.9999977997659699
session_24_player2,Shared agency no signaling,closer_to_player2,3,0.9999998928422903
session_24_player2,Shared agency no signaling,closer_to_player2,4,0.9999999995145313
session_24_player2,Shared agency no signaling,closer_to_player2,5,0.9999999998748583
session_24_player2,Shared agency no signaling,equal_to_both,0,0.5
session_24_player2,Shared agency no signaling,equal_to_both,1,0.9938392897803768
session_24_player2,Shared agency no signaling,equal_to_both,2,0.9939234170108113
session_24_player2,Shared agency no signaling,equal_to_both,3,0.9999429392055729
session_24_player2,Shared agency no signaling,equal_to_both,4,0.9999990409005132
session_24_player2,Shared agency no signaling,equal_to_both,5,0.9999990893514343
session_25_player1,Shared agency Communicative Action Mixture (Legibility Over Alternatives),closer_to_player1,0,0.5
session_25_player1,Shared agency Communicative Action Mixture (Legibility Over Alternatives),closer_to_player1,1,0.6668161056192398
session_25_player1,Shared agency Communicative Action Mixture (Legibility Over Alternatives),closer_to_player1,2,0.6648678550230754
session_25_player1,Shared agency Communicative Action Mixture (Legibility Over Alternatives),closer_to_player1,3,0.6362427077978311
session_25_player1,Shared agency Communicative Action Mixture (Legibility Over Alternatives),closer_to_player1,4,0.6940184038673971
session_25_player1,Shared agency Communicative Action Mixture (Legibility Over Alternatives),closer_to_player1,5,0.7720413333159684
session_25_player1,Shared agency Communicative Action Mixture (Legibility Over Alternatives),closer_to_player2,0,0.5
session_25_player1,Shared agency Communicative Action Mixture (Legibility Over Alternatives),closer_to_player2,1,0.5022152991843173
session_25_player1,Shared agency Communicative Action Mixture (Legibility Over Alternatives),closer_to_player2,2,0.47435850073652935
session_25_player1,Shared agency Communicative Action Mixture (Legibility Over Alternatives),closer_to_player2,3,0.5213377402393381
session_25_player1,Shared agency Communicative Action Mixture (Legibility Over Alternatives),closer_to_player2,4,0.46737118244963344
session_25_player1,Shared agency Communicative Action Mixture (Legibility Over Alternatives),closer_to_player2,5,0.4156285074145474
session_25_player1,Shared agency Communicative Action Mixture (Legibility Over Alternatives),equal_to_both,0,0.5
session_25_player1,Shared agency Communicative Action Mixture (Legibility Over Alternatives),equal_to_both,1,0.9853200338868444
session_25_player1,Shared agency Communicative Action Mixture (Legibility Over Alternatives),equal_to_both,2,0.9916015423320308
session_25_player1,Shared agency Communicative Action Mixture (Legibility Over Alternatives),equal_to_both,3,0.9998503140195301
session_25_player1,Shared agency Communicative Action Mixture (Legibility Over Alternatives),equal_to_both,4,0.9998592272604059
session_25_player1,Shared agency Communicative Action Mixture (Legibility Over Alternatives),equal_to_both,5,0.9999975897494517
session_25_player1,Shared agency no signaling,closer_to_player1,0,0.5
session_25_player1,Shared agency no signaling,closer_to_player1,1,0.5032383842517348
session_25_player1,Shared agency no signaling,closer_to_player1,2,0.6693170452539743
session_25_player1,Shared agency no signaling,closer_to_player1,3,0.6952447964434674
session_25_player1,Shared agency no signaling,closer_to_player1,4,0.6733946724830285
session_25_player1,Shared agency no signaling,closer_to_player1,5,0.7043296948010491
session_25_player1,Shared agency no signaling,closer_to_player2,0,0.5
session_25_player1,Shared agency no signaling,closer_to_player2,1,0.5032693195443074
session_25_player1,Shared agency no signaling,closer_to_player2,2,0.5026973205555135
session_25_player1,Shared agency no signaling,closer_to_player2,3,0.5309901282766156
session_25_player1,Shared agency no signaling,closer_to_player2,4,0.518881768402618
session_25_player1,Shared agency no signaling,closer_to_player2,5,0.5395375092845692
session_25_player1,Shared agency no signaling,equal_to_both,0,0.5
session_25_player1,Shared agency no signaling,equal_to_both,1,0.7403839778419181
session_25_player1,Shared agency no signaling,equal_to_both,2,0.7412388883083513
session_25_player1,Shared agency no signaling,equal_to_both,3,0.7462833647083711
session_25_player1,Shared agency no signaling,equal_to_both,4,0.6845849032954177
session_25_player1,Shared agency no signaling,equal_to_both,5,0.9999436660246006
session_25_player2,Shared agency Communicative Action Mixture (Legibility Over Alternatives),closer_to_player1,0,0.5
session_25_player2,Shared agency Communicative Action Mixture (Legibility Over Alternatives),closer_to_player1,1,0.5008396896661745
session_25_player2,Shared agency Communicative Action Mixture (Legibility Over Alternatives),closer_to_player1,2,0.5017725312819462
session_25_player2,Shared agency Communicative Action Mixture (Legibility Over Alternatives),closer_to_player1,3,0.5008556907546154
session_25_player2,Shared agency Communicative Action Mixture (Legibility Over Alternatives),closer_to_player1,4,0.6705103454391778
session_25_player2,Shared agency Communicative Action Mixture (Legibility Over Alternatives),closer_to_player1,5,0.6683988289191524
session_25_player2,Shared agency Communicative Action Mixture (Legibility Over Alternatives),closer_to_player2,0,0.5
session_25_player2,Shared agency Communicative Action Mixture (Legibility Over Alternatives),closer_to_player2,1,0.5248605061702872
session_25_player2,Shared agency Communicative Action Mixture (Legibility Over Alternatives),closer_to_player2,2,0.7119299033773473
session_25_player2,Shared agency Communicative Action Mixture (Legibility Over Alternatives),closer_to_player2,3,0.726586869686059
session_25_player2,Shared agency Communicative Action Mixture (Legibility Over Alternatives),closer_to_player2,4,0.7807044783192296
session_25_player2,Shared agency Communicative Action Mixture (Legibility Over Alternatives),closer_to_player2,5,0.7910171621279303
session_25_player2,Shared agency Communicative Action Mixture (Legibility Over Alternatives),equal_to_both,0,0.5
session_25_player2,Shared agency Communicative Action Mixture (Legibility Over Alternatives),equal_to_both,1,0.7421687333512945
session_25_player2,Shared agency Communicative Action Mixture (Legibility Over Alternatives),equal_to_both,2,0.988534244528197
session_25_player2,Shared agency Communicative Action Mixture (Legibility Over Alternatives),equal_to_both,3,0.9968161482880491
session_25_player2,Shared agency Communicative Action Mixture (Legibility Over Alternatives),equal_to_both,4,0.9999773062703976
session_25_player2,Shared agency Communicative Action Mixture (Legibility Over Alternatives),equal_to_both,5,0.9999961261599204
session_25_player2,Shared agency no signaling,closer_to_player1,0,0.5
session_25_player2,Shared agency no signaling,closer_to_player1,1,0.6631675401937431
session_25_player2,Shared agency no signaling,closer_to_player1,2,0.6623527489794642
session_25_player2,Shared agency no signaling,closer_to_player1,3,0.6239276522964853
session_25_player2,Shared agency no signaling,closer_to_player1,4,0.6795368750117708
session_25_player2,Shared agency no signaling,closer_to_player1,5,0.6906189113446191
session_25_player2,Shared agency no signaling,closer_to_player2,0,0.5
session_25_player2,Shared agency no signaling,closer_to_player2,1,0.5000394930264553
session_25_player2,Shared agency no signaling,closer_to_player2,2,0.5600099975788942
session_25_player2,Shared agency no signaling,closer_to_player2,3,0.7348103869977144
session_25_player2,Shared agency no signaling,closer_to_player2,4,0.7350478774475433
session_25_player2,Shared agency no signaling,closer_to_player2,5,0.8127482085794102
session_25_player2,Shared agency no signaling,equal_to_both,0,0.5
session_25_player2,Shared agency no signaling,equal_to_both,1,0.9893516059745178
session_25_player2,Shared agency no signaling,equal_to_both,2,0.9915808721398438
session_25_player2,Shared agency no signaling,equal_to_both,3,0.991680138836545
session_25_player2,Shared agency no signaling,equal_to_both,4,0.9917476574401287
session_25_player2,Shared agency no signaling,equal_to_both,5,0.9999483084768731
session_26_player1,Shared agency Communicative Action Mixture (Legibility Over Alternatives),closer_to_player1,0,0.5
session_26_player1,Shared agency Communicative Action Mixture (Legibility Over Alternatives),closer_to_player1,1,0.4560756696467406
session_26_player1,Shared agency Communicative Action Mixture (Legibility Over Alternatives),closer_to_player1,2,0.5788237141610385
session_26_player1,Shared agency Communicative Action Mixture (Legibility Over Alternatives),closer_to_player1,3,0.9993259470568789
session_26_player1,Shared agency Communicative Action Mixture (Legibility Over Alternatives),closer_to_player1,4,0.9991402417422119
session_26_player1,Shared agency Communicative Action Mixture (Legibility Over Alternatives),closer_to_player1,5,0.9999995699762114
session_26_player1,Shared agency Communicative Action Mixture (Legibility Over Alternatives),closer_to_player2,0,0.5
session_26_player1,Shared agency Communicative Action Mixture (Legibility Over Alternatives),closer_to_player2,1,0.6632572212783775
session_26_player1,Shared agency Communicative Action Mixture (Legibility Over Alternatives),closer_to_player2,2,0.8232341987707129
session_26_player1,Shared agency Communicative Action Mixture (Legibility Over Alternatives),closer_to_player2,3,0.9944021259032456
session_26_player1,Shared agency Communicative Action Mixture (Legibility Over Alternatives),closer_to_player2,4,0.9967222485890465
session_26_player1,Shared agency Communicative Action Mixture (Legibility Over Alternatives),closer_to_player2,5,0.9999785998584646
session_26_player1,Shared agency Communicative Action Mixture (Legibility Over Alternatives),equal_to_both,0,0.5
session_26_player1,Shared agency Communicative Action Mixture (Legibility Over Alternatives),equal_to_both,1,0.251678073685911
session_26_player1,Shared agency Communicative Action Mixture (Legibility Over Alternatives),equal_to_both,2,0.8282396836373523
session_26_player1,Shared agency Communicative Action Mixture (Legibility Over Alternatives),equal_to_both,3,0.9991107794786698
session_26_player1,Shared agency Communicative Action Mixture (Legibility Over Alternatives),equal_to_both,4,0.999146815289289
session_26_player1,Shared agency Communicative Action Mixture (Legibility Over Alternatives),equal_to_both,5,0.9999971111090897
session_26_player1,Shared agency no signaling,closer_to_player1,0,0.5
session_26_player1,Shared agency no signaling,closer_to_player1,1,0.8103430342916484
session_26_player1,Shared agency no signaling,closer_to_player1,2,0.9998397005372381
session_26_player1,Shared agency no signaling,closer_to_player1,3,0.9999999183526649
session_26_player1,Shared agency no signaling,closer_to_player1,4,0.9999999998849487
session_26_player1,Shared agency no signaling,closer_to_player1,5,0.9999999999998632
session_26_player1,Shared agency no signaling,closer_to_player2,0,0.5
session_26_player1,Shared agency no signaling,closer_to_player2,1,0.5032539121793805
session_26_player1,Shared agency no signaling,closer_to_player2,2,0.6671749583606532
session_26_player1,Shared agency no signaling,closer_to_player2,3,0.6733722813389038
session_26_player1,Shared agency no signaling,closer_to_player2,4,0.678895846637516
session_26_player1,Shared agency no signaling,closer_to_player2,5,0.8467018576854008
session_26_player1,Shared agency no signaling,equal_to_both,0,0.5
session_26_player1,Shared agency no signaling,equal_to_both,1,0.5429845132717342
session_26_player1,Shared agency no signaling,equal_to_both,2,0.834736032245249
session_26_player1,Shared agency no signaling,equal_to_both,3,0.8745670916419384
session_26_player1,Shared agency no signaling,equal_to_both,4,0.9999675576741635
session_26_player1,Shared agency no signaling,equal_to_both,5,0.999999930608912
session_26_player2,Shared agency Communicative Action Mixture (Legibility Over Alternatives),closer_to_player1,0,0.5
session_26_player2,Shared agency Communicative Action Mixture (Legibility Over Alternatives),closer_to_player1,1,0.503471723399392
session_26_player2,Shared agency Communicative Action Mixture (Legibility Over Alternatives),closer_to_player1,2,0.5060857359316648
session_26_player2,Shared agency Communicative Action Mixture (Legibility Over Alternatives),closer_to_player1,3,0.5100449171884693
session_26_player2,Shared agency Communicative Action Mixture (Legibility Over Alternatives),closer_to_player1,4,0.5085028591307081
session_26_player2,Shared agency Communicative Action Mixture (Legibility Over Alternatives),closer_to_player1,5,0.4992866028019708
session_26_player2,Shared agency Communicative Action Mixture (Legibility Over Alternatives),closer_to_player2,0,0.5
session_26_player2,Shared agency Communicative Action Mixture (Legibility Over Alternatives),closer_to_player2,1,0.829996499631989
session_26_player2,Shared agency Communicative Action Mixture (Legibility Over Alternatives),closer_to_player2,2,0.6668010976753186
session_26_player2,Shared agency Communicative Action Mixture (Legibility Over Alternatives),closer_to_player2,3,0.9919651966212782
session_26_player2,Shared agency Communicative Action Mixture (Legibility Over Alternatives),closer_to_player2,4,0.9941735424604632
session_26_player2,Shared agency Communicative Action Mixture (Legibility Over Alternatives),closer_to_player2,5,0.9999993357458297
session_26_player2,Shared agency Communicative Action Mixture (Legibility Over Alternatives),equal_to_both,0,0.5
session_26_player2,Shared agency Communicative Action Mixture (Legibility Over Alternatives),equal_to_both,1,0.9925007968458839
session_26_player2,Shared agency Communicative Action Mixture (Legibility Over Alternatives),equal_to_both,2,0.9946204502913538
session_26_player2,Shared agency Communicative Action Mixture (Legibility Over Alternatives),equal_to_both,3,0.9999313100664002
session_26_player2,Shared agency Communicative Action Mixture (Legibility Over Alternatives),equal_to_both,4,0.9999433972488713
session_26_player2,Shared agency Communicative Action Mixture (Legibility Over Alternatives),equal_to_both,5,0.9999994014165923
session_26_player2,Shared agency no signaling,closer_to_player1,0,0.5
session_26_player2,Shared agency no signaling,closer_to_player1,1,0.7431053813218793
session_26_player2,Shared agency no signaling,closer_to_player1,2,0.9947726767626073
session_26_player2,Shared agency no signaling,closer_to_player1,3,0.9949476045034761
session_26_player2,Shared agency no signaling,closer_to_player1,4,0.9917831839167823
session_26_player2,Shared agency no signaling,closer_to_player1,5,0.9999668121459743
session_26_player2,Shared agency no signaling,closer_to_player2,0,0.5
session_26_player2,Shared agency no signaling,closer_to_player2,1,0.4796454276000788
session_26_player2,Shared agency no signaling,closer_to_player2,2,0.2340705494390162
session_26_player2,Shared agency no signaling,closer_to_player2,3,0.5548139747147929
session_26_player2,Shared agency no signaling,closer_to_player2,4,0.6862544498672972
session_26_player2,Shared agency no signaling,closer_to_player2,5,0.9999628463596383
session_26_player2,Shared agency no signaling,equal_to_both,0,0.5
session_26_player2,Shared agency no signaling,equal_to_both,1,0.6663914224547312
session_26_player2,Shared agency no signaling,equal_to_both,2,0.9988680242944584
session_26_player2,Shared agency no signaling,equal_to_both,3,0.9991711402919874
session_26_player2,Shared agency no signaling,equal_to_both,4,0.9990482819538212
session_26_player2,Shared agency no signaling,equal_to_both,5,0.9999994587610702
session_27_player1,Shared agency Communicative Action Mixture (Legibility Over Alternatives),closer_to_player1,0,0.5
session_27_player1,Shared agency Communicative Action Mixture (Legibility Over Alternatives),closer_to_player1,1,0.2512453807863962
session_27_player1,Shared agency Communicative Action Mixture (Legibility Over Alternatives),closer_to_player1,2,0.3323296904936687
session_27_player1,Shared agency Communicative Action Mixture (Legibility Over Alternatives),closer_to_player1,3,0.1925148653972109
session_27_player1,Shared agency Communicative Action Mixture (Legibility Over Alternatives),closer_to_player1,4,0.5182638072907618
session_27_player1,Shared agency Communicative Action Mixture (Legibility Over Alternatives),closer_to_player1,5,0.5192618321445387
session_27_player1,Shared agency Communicative Action Mixture (Legibility Over Alternatives),closer_to_player2,0,0.5
session_27_player1,Shared agency Communicative Action Mixture (Legibility Over Alternatives),closer_to_player2,1,0.6639447972353385
session_27_player1,Shared agency Communicative Action Mixture (Legibility Over Alternatives),closer_to_player2,2,0.6706350738805966
session_27_player1,Shared agency Communicative Action Mixture (Legibility Over Alternatives),closer_to_player2,3,0.6717786863343135
session_27_player1,Shared agency Communicative Action Mixture (Legibility Over Alternatives),closer_to_player2,4,0.6754365061636606
session_27_player1,Shared agency Communicative Action Mixture (Legibility Over Alternatives),closer_to_player2,5,0.6720341290257722
session_27_player1,Shared agency Communicative Action Mixture (Legibility Over Alternatives),equal_to_both,0,0.5
session_27_player1,Shared agency Communicative Action Mixture (Legibility Over Alternatives),equal_to_both,1,0.7414960386298994
session_27_player1,Shared agency Communicative Action Mixture (Legibility Over Alternatives),equal_to_both,2,0.9989208760648428
session_27_player1,Shared agency Communicative Action Mixture (Legibility Over Alternatives),equal_to_both,3,0.9999884622784202
session_27_player1,Shared agency Communicative Action Mixture (Legibility Over Alternatives),equal_to_both,4,0.9999889866095726
session_27_player1,Shared agency Communicative Action Mixture (Legibility Over Alternatives),equal_to_both,5,0.9999996789382607
session_27_player1,Shared agency no signaling,closer_to_player1,0,0.5
session_27_player1,Shared agency no signaling,closer_to_player1,1,0.6656447907089188
session_27_player1,Shared agency no signaling,closer_to_player1,2,0.6672091564035422
session_27_player1,Shared agency no signaling,closer_to_player1,3,0.6847467621827795
session_27_player1,Shared agency no signaling,closer_to_player1,4,0.7001431945061406
session_27_player1,Shared agency no signaling,closer_to_player1,5,0.7246139319226859
session_27_player1,Shared agency no signaling,closer_to_player2,0,0.5
session_27_player1,Shared agency no signaling,closer_to_player2,1,0.5035955837037034
session_27_player1,Shared agency no signaling,closer_to_player2,2,0.5093903281371434
session_27_player1,Shared agency no signaling,closer_to_player2,3,0.5054951928722887
session_27_player1,Shared agency no signaling,closer_to_player2,4,0.48196942796300846
session_27_player1,Shared agency no signaling,closer_to_player2,5,0.5231553717368551
session_27_player1,Shared agency no signaling,equal_to_both,0,0.5
session_27_player1,Shared agency no signaling,equal_to_both,1,0.995244524420978
session_27_player1,Shared agency no signaling,equal_to_both,2,0.9969362291892667
session_27_player1,Shared agency no signaling,equal_to_both,3,0.9999809208357662
session_27_player1,Shared agency no signaling,equal_to_both,4,0.9999812827747299
session_27_player1,Shared agency no signaling,equal_to_both,5,0.9999822409365802
session_27_player2,Shared agency Communicative Action Mixture (Legibility Over Alternatives),closer_to_player1,0,0.5
session_27_player2,Shared agency Communicative Action Mixture (Legibility Over Alternatives),closer_to_player1,1,0.9961807935526815
session_27_player2,Shared agency Communicative Action Mixture (Legibility Over Alternatives),closer_to_player1,2,0.9980184875157907
session_27_player2,Shared agency Communicative Action Mixture (Legibility Over Alternatives),closer_to_player1,3,0.9999826113960562
session_27_player2,Shared agency Communicative Action Mixture (Legibility Over Alternatives),closer_to_player1,4,0.9999894362599586
session_27_player2,Shared agency Communicative Action Mixture (Legibility Over Alternatives),closer_to_player1,5,0.99999996253772
session_27_player2,Shared agency Communicative Action Mixture (Legibility Over Alternatives),closer_to_player2,0,0.5
session_27_player2,Shared agency Communicative Action Mixture (Legibility Over Alternatives),closer_to_player2,1,0.618238239178872
session_27_player2,Shared agency Communicative Action Mixture (Legibility Over Alternatives),closer_to_player2,2,0.5778619148995263
session_27_player2,Shared agency Communicative Action Mixture (Legibility Over Alternatives),closer_to_player2,3,0.9998921853305639
session_27_player2,Shared agency Communicative Action Mixture (Legibility Over Alternatives),closer_to_player2,4,0.9303845400758378
session_27_player2,Shared agency Communicative Action Mixture (Legibility Over Alternatives),closer_to_player2,5,0.8848540795112528
session_27_player2,Shared agency Communicative Action Mixture (Legibility Over Alternatives),equal_to_both,0,0.5
session_27_player2,Shared agency Communicative Action Mixture (Legibility Over Alternatives),equal_to_both,1,0.9891954294303826
session_27_player2,Shared agency Communicative Action Mixture (Legibility Over Alternatives),equal_to_both,2,0.9997347528481955
session_27_player2,Shared agency Communicative Action Mixture (Legibility Over Alternatives),equal_to_both,3,0.999734975454375
session_27_player2,Shared agency Communicative Action Mixture (Legibility Over Alternatives),equal_to_both,4,0.9999796995936938
session_27_player2,Shared agency Communicative Action Mixture (Legibility Over Alternatives),equal_to_both,5,0.9999920038933832
session_27_player2,Shared agency no signaling,closer_to_player1,0,0.5
session_27_player2,Shared agency no signaling,closer_to_player1,1,0.5023989142008576
session_27_player2,Shared agency no signaling,closer_to_player1,2,0.6697956408001495
session_27_player2,Shared agency no signaling,closer_to_player1,3,0.6688229508490364
session_27_player2,Shared agency no signaling,closer_to_player1,4,0.626515566040499
session_27_player2,Shared agency no signaling,closer_to_player1,5,0.6856734630500202
session_27_player2,Shared agency no signaling,closer_to_player2,0,0.5
session_27_player2,Shared agency no signaling,closer_to_player2,1,0.4569335929645917
session_27_player2,Shared agency no signaling,closer_to_player2,2,0.42427462630603785
session_27_player2,Shared agency no signaling,closer_to_player2,3,0.42180690759380013
session_27_player2,Shared agency no signaling,closer_to_player2,4,0.32033791489180435
session_27_player2,Shared agency no signaling,closer_to_player2,5,0.6293892718672932
session_27_player2,Shared agency no signaling,equal_to_both,0,0.5
session_27_player2,Shared agency no signaling,equal_to_both,1,0.7482626643742122
session_27_player2,Shared agency no signaling,equal_to_both,2,0.9966494455961075
session_27_player2,Shared agency no signaling,equal_to_both,3,0.9983227259354006
session_27_player2,Shared agency no signaling,equal_to_both,4,0.9982893045864598
session_27_player2,Shared agency no signaling,equal_to_both,5,0.9999924447731732
session_28_player1,Shared agency Communicative Action Mixture (Legibility Over Alternatives),closer_to_player1,0,0.5
session_28_player1,Shared agency Communicative Action Mixture (Legibility Over Alternatives),closer_to_player1,1,0.28936437317027935
session_28_player1,Shared agency Communicative Action Mixture (Legibility Over Alternatives),closer_to_player1,2,0.3466255337528856
session_28_player1,Shared agency Communicative Action Mixture (Legibility Over Alternatives),closer_to_player1,3,0.4010542300392103
session_28_player1,Shared agency Communicative Action Mixture (Legibility Over Alternatives),closer_to_player1,4,0.31201197338153935
session_28_player1,Shared agency Communicative Action Mixture (Legibility Over Alternatives),closer_to_player1,5,0.4037689502310462
session_28_player1,Shared agency Communicative Action Mixture (Legibility Over Alternatives),closer_to_player2,0,0.5
session_28_player1,Shared agency Communicative Action Mixture (Legibility Over Alternatives),closer_to_player2,1,0.6631850055086348
session_28_player1,Shared agency Communicative Action Mixture (Legibility Over Alternatives),closer_to_player2,2,0.6700239074261254
session_28_player1,Shared agency Communicative Action Mixture (Legibility Over Alternatives),closer_to_player2,3,0.6709472672570412
session_28_player1,Shared agency Communicative Action Mixture (Legibility Over Alternatives),closer_to_player2,4,0.67145710719892
session_28_player1,Shared agency Communicative Action Mixture (Legibility Over Alternatives),closer_to_player2,5,0.6691401485891365
session_28_player1,Shared agency Communicative Action Mixture (Legibility Over Alternatives),equal_to_both,0,0.5
session_28_player1,Shared agency Communicative Action Mixture (Legibility Over Alternatives),equal_to_both,1,0.981334115936914
session_28_player1,Shared agency Communicative Action Mixture (Legibility Over Alternatives),equal_to_both,2,0.9994596369199514
session_28_player1,Shared agency Communicative Action Mixture (Legibility Over Alternatives),equal_to_both,3,0.9995463366946572
session_28_player1,Shared agency Communicative Action Mixture (Legibility Over Alternatives),equal_to_both,4,0.8843050491699652
session_28_player1,Shared agency Communicative Action Mixture (Legibility Over Alternatives),equal_to_both,5,0.8862886054634569
session_28_player1,Shared agency no signaling,closer_to_player1,0,0.5
session_28_player1,Shared agency no signaling,closer_to_player1,1,0.7511901209609126
session_28_player1,Shared agency no signaling,closer_to_player1,2,0.9987358780245343
session_28_player1,Shared agency no signaling,closer_to_player1,3,0.999017569646914
session_28_player1,Shared agency no signaling,closer_to_player1,4,0.9991563244899987
session_28_player1,Shared agency no signaling,closer_to_player1,5,0.9991573475370313
session_28_player1,Shared agency no signaling,closer_to_player2,0,0.5
session_28_player1,Shared agency no signaling,closer_to_player2,1,0.6655371529634355
session_28_player1,Shared agency no signaling,closer_to_player2,2,0.8390724661140404
session_28_player1,Shared agency no signaling,closer_to_player2,3,0.8890819379975895
session_28_player1,Shared agency no signaling,closer_to_player2,4,0.8301219790880077
session_28_player1,Shared agency no signaling,closer_to_player2,5,0.9998701599059809
session_28_player1,Shared agency no signaling,equal_to_both,0,0.5
session_28_player1,Shared agency no signaling,equal_to_both,1,0.6631589647937245
session_28_player1,Shared agency no signaling,equal_to_both,2,0.8263407977622391
session_28_player1,Shared agency no signaling,equal_to_both,3,0.8332375471200685
session_28_player1,Shared agency no signaling,equal_to_both,4,0.8333442261796766
session_28_player1,Shared agency no signaling,equal_to_both,5,0.999898741249747
session_28_player2,Shared agency Communicative Action Mixture (Legibility Over Alternatives),closer_to_player1,0,0.5
session_28_player2,Shared agency Communicative Action Mixture (Legibility Over Alternatives),closer_to_player1,1,0.6653310552798414
session_28_player2,Shared agency Communicative Action Mixture (Legibility Over Alternatives),closer_to_player1,2,0.6667396731694741
session_28_player2,Shared agency Communicative Action Mixture (Legibility Over Alternatives),closer_to_player1,3,0.6630228462869886
session_28_player2,Shared agency Communicative Action Mixture (Legibility Over Alternatives),closer_to_player1,4,0.6604437468606831
session_28_player2,Shared agency Communicative Action Mixture (Legibility Over Alternatives),closer_to_player1,5,0.6999817695907531
session_28_player2,Shared agency Communicative Action Mixture (Legibility Over Alternatives),closer_to_player2,0,0.5
session_28_player2,Shared agency Communicative Action Mixture (Legibility Over Alternatives),closer_to_player2,1,0.6730770805344882
session_28_player2,Shared agency Communicative Action Mixture (Legibility Over Alternatives),closer_to_player2,2,0.6725058559063283
session_28_player2,Shared agency Communicative Action Mixture (Legibility Over Alternatives),closer_to_player2,3,0.6663175499153934
session_28_player2,Shared agency Communicative Action Mixture (Legibility Over Alternatives),closer_to_player2,4,0.6765810718429849
session_28_player2,Shared agency Communicative Action Mixture (Legibility Over Alternatives),closer_to_player2,5,0.7103667681764566
session_28_player2,Shared agency Communicative Action Mixture (Legibility Over Alternatives),equal_to_both,0,0.5
session_28_player2,Shared agency Communicative Action Mixture (Legibility Over Alternatives),equal_to_both,1,0.9813341136724889
session_28_player2,Shared agency Communicative Action Mixture (Legibility Over Alternatives),equal_to_both,2,0.9828477248697595
session_28_player2,Shared agency Communicative Action Mixture (Legibility Over Alternatives),equal_to_both,3,0.9996969720348835
session_28_player2,Shared agency Communicative Action Mixture (Legibility Over Alternatives),equal_to_both,4,0.9999919648827206
session_28_player2,Shared agency Communicative Action Mixture (Legibility Over Alternatives),equal_to_both,5,0.9999996799547272
session_28_player2,Shared agency no signaling,closer_to_player1,0,0.5
session_28_player2,Shared agency no signaling,closer_to_player1,1,0.7498641436607008
session_28_player2,Shared agency no signaling,closer_to_player1,2,0.2843021981991653
session_28_player2,Shared agency no signaling,closer_to_player1,3,0.27116838002184745
session_28_player2,Shared agency no signaling,closer_to_player1,4,0.7349710489009778
session_28_player2,Shared agency no signaling,closer_to_player1,5,0.7890749473315808
session_28_player2,Shared agency no signaling,closer_to_player2,0,0.5
session_28_player2,Shared agency no signaling,closer_to_player2,1,0.708092410429661
session_28_player2,Shared agency no signaling,closer_to_player2,2,0.9998369760065957
session_28_player2,Shared agency no signaling,closer_to_player2,3,0.9999660049150317
session_28_player2,Shared agency no signaling,closer_to_player2,4,0.9999999890380218
session_28_player2,Shared agency no signaling,closer_to_player2,5,0.999999999993378
session_28_player2,Shared agency no signaling,equal_to_both,0,0.5
session_28_player2,Shared agency no signaling,equal_to_both,1,0.500009200970089
session_28_player2,Shared agency no signaling,equal_to_both,2,0.8301729992395118
session_28_player2,Shared agency no signaling,equal_to_both,3,0.9959073652238127
session_28_player2,Shared agency no signaling,equal_to_both,4,0.9979452565390051
session_28_player2,Shared agency no signaling,equal_to_both,5,0.9999683011802739
session_29_player1,Shared agency Communicative Action Mixture (Legibility Over Alternatives),closer_to_player1,0,0.5
session_29_player1,Shared agency Communicative Action Mixture (Legibility Over Alternatives),closer_to_player1,1,0.47356257345113356
session_29_player1,Shared agency Communicative Action Mixture (Legibility Over Alternatives),closer_to_player1,2,0.45113484892814393
session_29_player1,Shared agency Communicative Action Mixture (Legibility Over Alternatives),closer_to_player1,3,0.2683562000727287
session_29_player1,Shared agency Communicative Action Mixture (Legibility Over Alternatives),closer_to_player1,4,0.3068785643491047
session_29_player1,Shared agency Communicative Action Mixture (Legibility Over Alternatives),closer_to_player1,5,0.5934301021098852
session_29_player1,Shared agency Communicative Action Mixture (Legibility Over Alternatives),closer_to_player2,0,0.5
session_29_player1,Shared agency Communicative Action Mixture (Legibility Over Alternatives),closer_to_player2,1,0.6633609669441078
session_29_player1,Shared agency Communicative Action Mixture (Legibility Over Alternatives),closer_to_player2,2,0.6649607072190121
session_29_player1,Shared agency Communicative Action Mixture (Legibility Over Alternatives),closer_to_player2,3,0.6711366666034936
session_29_player1,Shared agency Communicative Action Mixture (Legibility Over Alternatives),closer_to_player2,4,0.6691495875453016
session_29_player1,Shared agency Communicative Action Mixture (Legibility Over Alternatives),closer_to_player2,5,0.6587967198422099
session_29_player1,Shared agency Communicative Action Mixture (Legibility Over Alternatives),equal_to_both,0,0.5
session_29_player1,Shared agency Communicative Action Mixture (Legibility Over Alternatives),equal_to_both,1,0.7520339083752487
session_29_player1,Shared agency Communicative Action Mixture (Legibility Over Alternatives),equal_to_both,2,0.9982869911381067
session_29_player1,Shared agency Communicative Action Mixture (Legibility Over Alternatives),equal_to_both,3,0.9983254052925242
session_29_player1,Shared agency Communicative Action Mixture (Legibility Over Alternatives),equal_to_both,4,0.9983938561291577
session_29_player1,Shared agency Communicative Action Mixture (Legibility Over Alternatives),equal_to_both,5,0.9999955201444974
session_29_player1,Shared agency no signaling,closer_to_player1,0,0.5
session_29_player1,Shared agency no signaling,closer_to_player1,1,0.8608373893534939
session_29_player1,Shared agency no signaling,closer_to_player1,2,0.8850065585344148
session_29_player1,Shared agency no signaling,closer_to_player1,3,0.902871263510043
session_29_player1,Shared agency no signaling,closer_to_player1,4,0.8711781777659623
session_29_player1,Shared agency no signaling,closer_to_player1,5,0.9061537763058904
session_29_player1,Shared agency no signaling,closer_to_player2,0,0.5
session_29_player1,Shared agency no signaling,closer_to_player2,1,0.6685466019741276
session_29_player1,Shared agency no signaling,closer_to_player2,2,0.674614776981905
session_29_player1,Shared agency no signaling,closer_to_player2,3,0.4698921114865243
session_29_player1,Shared agency no signaling,closer_to_player2,4,0.36788389290756607
session_29_player1,Shared agency no signaling,closer_to_player2,5,0.5211892879859116
session_29_player1,Shared agency no signaling,equal_to_both,0,0.5
session_29_player1,Shared agency no signaling,equal_to_both,1,0.5000050722070203
session_29_player1,Shared agency no signaling,equal_to_both,2,0.5000377031862013
session_29_player1,Shared agency no signaling,equal_to_both,3,0.9997008560964789
session_29_player1,Shared agency no signaling,equal_to_both,4,0.9999997776530575
session_29_player1,Shared agency no signaling,equal_to_both,5,0.9999999996313287
session_29_player2,Shared agency Communicative Action Mixture (Legibility Over Alternatives),closer_to_player1,0,0.5
session_29_player2,Shared agency Communicative Action Mixture (Legibility Over Alternatives),closer_to_player1,1,0.4760595274105624
session_29_player2,Shared agency Communicative Action Mixture (Legibility Over Alternatives),closer_to_player1,2,0.4514562621488942
session_29_player2,Shared agency Communicative Action Mixture (Legibility Over Alternatives),closer_to_player1,3,0.49978232665576633
session_29_player2,Shared agency Communicative Action Mixture (Legibility Over Alternatives),closer_to_player1,4,0.45301284733603703
session_29_player2,Shared agency Communicative Action Mixture (Legibility Over Alternatives),closer_to_player1,5,0.4068810882327756
session_29_player2,Shared agency Communicative Action Mixture (Legibility Over Alternatives),closer_to_player2,0,0.5
session_29_player2,Shared agency Communicative Action Mixture (Legibility Over Alternatives),closer_to_player2,1,0.6854342727813627
session_29_player2,Shared agency Communicative Action Mixture (Legibility Over Alternatives),closer_to_player2,2,0.6684943322241965
session_29_player2,Shared agency Communicative Action Mixture (Legibility Over Alternatives),closer_to_player2,3,0.7236541476977653
session_29_player2,Shared agency Communicative Action Mixture (Legibility Over Alternatives),closer_to_player2,4,0.7486679887631853
session_29_player2,Shared agency Communicative Action Mixture (Legibility Over Alternatives),closer_to_player2,5,0.7515841802426736
session_29_player2,Shared agency Communicative Action Mixture (Legibility Over Alternatives),equal_to_both,0,0.5
session_29_player2,Shared agency Communicative Action Mixture (Legibility Over Alternatives),equal_to_both,1,0.9915627478926129
session_29_player2,Shared agency Communicative Action Mixture (Legibility Over Alternatives),equal_to_both,2,0.996852073322491
session_29_player2,Shared agency Communicative Action Mixture (Legibility Over Alternatives),equal_to_both,3,0.9968671210503492
session_29_player2,Shared agency Communicative Action Mixture (Legibility Over Alternatives),equal_to_both,4,0.9968951024904696
session_29_player2,Shared agency Communicative Action Mixture (Legibility Over Alternatives),equal_to_both,5,0.9999946117220884
session_29_player2,Shared agency no signaling,closer_to_player1,0,0.5
session_29_player2,Shared agency no signaling,closer_to_player1,1,0.5318478060885665
session_29_player2,Shared agency no signaling,closer_to_player1,2,0.7207578467395329
session_29_player2,Shared agency no signaling,closer_to_player1,3,0.7482301529634201
session_29_player2,Shared agency no signaling,closer_to_player1,4,0.7748107977871834
session_29_player2,Shared agency no signaling,closer_to_player1,5,0.8088642595135292
session_29_player2,Shared agency no signaling,closer_to_player2,0,0.5
session_29_player2,Shared agency no signaling,closer_to_player2,1,0.5758923863925557
session_29_player2,Shared agency no signaling,closer_to_player2,2,0.6181918265707945
session_29_player2,Shared agency no signaling,closer_to_player2,3,0.7639813483972735
session_29_player2,Shared agency no signaling,closer_to_player2,4,0.7236275533660419
session_29_player2,Shared agency no signaling,closer_to_player2,5,0.6975969764788147
session_29_player2,Shared agency no signaling,equal_to_both,0,0.5
session_29_player2,Shared agency no signaling,equal_to_both,1,0.5000046919074111
session_29_player2,Shared agency no signaling,equal_to_both,2,0.500037265453448
session_29_player2,Shared agency no signaling,equal_to_both,3,0.00029923558479789177
session_29_player2,Shared agency no signaling,equal_to_both,4,0.7365922482116791
session_29_player2,Shared agency no signaling,equal_to_both,5,0.9998929884831447
session_2_player1,Shared agency Communicative Action Mixture (Legibility Over Alternatives),closer_to_player1,0,0.5
session_2_player1,Shared agency Communicative Action Mixture (Legibility Over Alternatives),closer_to_player1,1,0.6672865644896263
session_2_player1,Shared agency Communicative Action Mixture (Legibility Over Alternatives),closer_to_player1,2,0.6646474449655146
session_2_player1,Shared agency Communicative Action Mixture (Legibility Over Alternatives),closer_to_player1,3,0.6891279894837387
session_2_player1,Shared agency Communicative Action Mixture (Legibility Over Alternatives),closer_to_player1,4,0.7346041309586021
session_2_player1,Shared agency Communicative Action Mixture (Legibility Over Alternatives),closer_to_player1,5,0.7223540756057232
session_2_player1,Shared agency Communicative Action Mixture (Legibility Over Alternatives),closer_to_player2,0,0.5
session_2_player1,Shared agency Communicative Action Mixture (Legibility Over Alternatives),closer_to_player2,1,0.49865086004324005
session_2_player1,Shared agency Communicative Action Mixture (Legibility Over Alternatives),closer_to_player2,2,0.49401018347624776
session_2_player1,Shared agency Communicative Action Mixture (Legibility Over Alternatives),closer_to_player2,3,0.6670930042495001
session_2_player1,Shared agency Communicative Action Mixture (Legibility Over Alternatives),closer_to_player2,4,0.6282831208418691
session_2_player1,Shared agency Communicative Action Mixture (Legibility Over Alternatives),closer_to_player2,5,0.6833945506477845
session_2_player1,Shared agency Communicative Action Mixture (Legibility Over Alternatives),equal_to_both,0,0.5
session_2_player1,Shared agency Communicative Action Mixture (Legibility Over Alternatives),equal_to_both,1,0.9937861171073064
session_2_player1,Shared agency Communicative Action Mixture (Legibility Over Alternatives),equal_to_both,2,0.6590523673214876
session_2_player1,Shared agency Communicative Action Mixture (Legibility Over Alternatives),equal_to_both,3,0.9980890453163976
session_2_player1,Shared agency Communicative Action Mixture (Legibility Over Alternatives),equal_to_both,4,0.9981846481544496
session_2_player1,Shared agency Communicative Action Mixture (Legibility Over Alternatives),equal_to_both,5,0.9999968165120182
session_2_player1,Shared agency no signaling,closer_to_player1,0,0.5
session_2_player1,Shared agency no signaling,closer_to_player1,1,0.6663870943461734
session_2_player1,Shared agency no signaling,closer_to_player1,2,0.6668797906545364
session_2_player1,Shared agency no signaling,closer_to_player1,3,0.6668646194963115
session_2_player1,Shared agency no signaling,closer_to_player1,4,0.6668144758373006
session_2_player1,Shared agency no signaling,closer_to_player1,5,0.6667821393200403
session_2_player1,Shared agency no signaling,closer_to_player2,0,0.5
session_2_player1,Shared agency no signaling,closer_to_player2,1,0.4964067187247106
session_2_player1,Shared agency no signaling,closer_to_player2,2,0.7477553360780914
session_2_player1,Shared agency no signaling,closer_to_player2,3,0.7095908781576509
session_2_player1,Shared agency no signaling,closer_to_player2,4,0.7828657692589784
session_2_player1,Shared agency no signaling,closer_to_player2,5,0.9968401632138217
session_2_player1,Shared agency no signaling,equal_to_both,0,0.5
session_2_player1,Shared agency no signaling,equal_to_both,1,0.49724509282350066
session_2_player1,Shared agency no signaling,equal_to_both,2,0.49793637364108617
session_2_player1,Shared agency no signaling,equal_to_both,3,0.6644541199501542
session_2_player1,Shared agency no signaling,equal_to_both,4,0.6644827246248347
session_2_player1,Shared agency no signaling,equal_to_both,5,0.9710541416739833
session_2_player2,Shared agency Communicative Action Mixture (Legibility Over Alternatives),closer_to_player1,0,0.5
session_2_player2,Shared agency Communicative Action Mixture (Legibility Over Alternatives),closer_to_player1,1,0.7183159516337381
session_2_player2,Shared agency Communicative Action Mixture (Legibility Over Alternatives),closer_to_player1,2,0.7663389504634921
session_2_player2,Shared agency Communicative Action Mixture (Legibility Over Alternatives),closer_to_player1,3,0.7962754863294684
session_2_player2,Shared agency Communicative Action Mixture (Legibility Over Alternatives),closer_to_player1,4,0.8126370821830949
session_2_player2,Shared agency Communicative Action Mixture (Legibility Over Alternatives),closer_to_player1,5,0.8209960443607806
session_2_player2,Shared agency Communicative Action Mixture (Legibility Over Alternatives),closer_to_player2,0,0.5
session_2_player2,Shared agency Communicative Action Mixture (Legibility Over Alternatives),closer_to_player2,1,0.6896259119126084
session_2_player2,Shared agency Communicative Action Mixture (Legibility Over Alternatives),closer_to_player2,2,0.8302663907899738
session_2_player2,Shared agency Communicative Action Mixture (Legibility Over Alternatives),closer_to_player2,3,0.8324486127747842
session_2_player2,Shared agency Communicative Action Mixture (Legibility Over Alternatives),closer_to_player2,4,0.8489538381749501
session_2_player2,Shared agency Communicative Action Mixture (Legibility Over Alternatives),closer_to_player2,5,0.8491656629522307
session_2_player2,Shared agency Communicative Action Mixture (Legibility Over Alternatives),equal_to_both,0,0.5
session_2_player2,Shared agency Communicative Action Mixture (Legibility Over Alternatives),equal_to_both,1,0.49557814983404963
session_2_player2,Shared agency Communicative Action Mixture (Legibility Over Alternatives),equal_to_both,2,0.8353933072941002
session_2_player2,Shared agency Communicative Action Mixture (Legibility Over Alternatives),equal_to_both,3,0.9995453048339946
session_2_player2,Shared agency Communicative Action Mixture (Legibility Over Alternatives),equal_to_both,4,0.9999437912837013
session_2_player2,Shared agency Communicative Action Mixture (Legibility Over Alternatives),equal_to_both,5,0.9999994131160903
session_2_player2,Shared agency no signaling,closer_to_player1,0,0.5
session_2_player2,Shared agency no signaling,closer_to_player1,1,0.5008821956236712
session_2_player2,Shared agency no signaling,closer_to_player1,2,0.6650722706966627
session_2_player2,Shared agency no signaling,closer_to_player1,3,0.667801682578722
session_2_player2,Shared agency no signaling,closer_to_player1,4,0.6700469590006244
session_2_player2,Shared agency no signaling,closer_to_player1,5,0.6652978094552714
session_2_player2,Shared agency no signaling,closer_to_player2,0,0.5
session_2_player2,Shared agency no signaling,closer_to_player2,1,0.9996516777362151
session_2_player2,Shared agency no signaling,closer_to_player2,2,0.9996683634843637
session_2_player2,Shared agency no signaling,closer_to_player2,3,0.9999998635955833
session_2_player2,Shared agency no signaling,closer_to_player2,4,0.9999999997846355
session_2_player2,Shared agency no signaling,closer_to_player2,5,0.9999999999233617
session_2_player2,Shared agency no signaling,equal_to_both,0,0.5
session_2_player2,Shared agency no signaling,equal_to_both,1,0.4971798621757843
session_2_player2,Shared agency no signaling,equal_to_both,2,0.7169908398963002
session_2_player2,Shared agency no signaling,equal_to_both,3,0.7170094259556895
session_2_player2,Shared agency no signaling,equal_to_both,4,0.8830287010520275
session_2_player2,Shared agency no signaling,equal_to_both,5,0.9987335088015207
session_3_player1,Shared agency Communicative Action Mixture (Legibility Over Alternatives),closer_to_player1,0,0.5
session_3_player1,Shared agency Communicative Action Mixture (Legibility Over Alternatives),closer_to_player1,1,0.9992928256014496
session_3_player1,Shared agency Communicative Action Mixture (Legibility Over Alternatives),closer_to_player1,2,0.9994247472674909
session_3_player1,Shared agency Communicative Action Mixture (Legibility Over Alternatives),closer_to_player1,3,0.9999989245042064
session_3_player1,Shared agency Communicative Action Mixture (Legibility Over Alternatives),closer_to_player1,4,0.9999989644041857
session_3_player1,Shared agency Communicative Action Mixture (Legibility Over Alternatives),closer_to_player1,5,0.9999999982917003
session_3_player1,Shared agency Communicative Action Mixture (Legibility Over Alternatives),closer_to_player2,0,0.5
session_3_player1,Shared agency Communicative Action Mixture (Legibility Over Alternatives),closer_to_player2,1,0.6682854062993444
session_3_player1,Shared agency Communicative Action Mixture (Legibility Over Alternatives),closer_to_player2,2,0.6467385126268306
session_3_player1,Shared agency Communicative Action Mixture (Legibility Over Alternatives),closer_to_player2,3,0.6161150664083831
session_3_player1,Shared agency Communicative Action Mixture (Legibility Over Alternatives),closer_to_player2,4,0.6887669940727309
session_3_player1,Shared agency Communicative Action Mixture (Legibility Over Alternatives),closer_to_player2,5,0.8294892302326065
session_3_player1,Shared agency Communicative Action Mixture (Legibility Over Alternatives),equal_to_both,0,0.5
session_3_player1,Shared agency Communicative Action Mixture (Legibility Over Alternatives),equal_to_both,1,0.827604889209182
session_3_player1,Shared agency Communicative Action Mixture (Legibility Over Alternatives),equal_to_both,2,0.9963542341085923
session_3_player1,Shared agency Communicative Action Mixture (Legibility Over Alternatives),equal_to_both,3,0.9999144158706826
session_3_player1,Shared agency Communicative Action Mixture (Legibility Over Alternatives),equal_to_both,4,0.9999980540322359
session_3_player1,Shared agency Communicative Action Mixture (Legibility Over Alternatives),equal_to_both,5,0.9999997094770207
session_3_player1,Shared agency no signaling,closer_to_player1,0,0.5
session_3_player1,Shared agency no signaling,closer_to_player1,1,0.6654109636829948
session_3_player1,Shared agency no signaling,closer_to_player1,2,0.7161243980588269
session_3_player1,Shared agency no signaling,closer_to_player1,3,0.871204410904609
session_3_player1,Shared agency no signaling,closer_to_player1,4,0.9999999944779825
session_3_player1,Shared agency no signaling,closer_to_player1,5,0.9999999999974909
session_3_player1,Shared agency no signaling,closer_to_player2,0,0.5
session_3_player1,Shared agency no signaling,closer_to_player2,1,0.4588243948285712
session_3_player1,Shared agency no signaling,closer_to_player2,2,0.5305582670855968
session_3_player1,Shared agency no signaling,closer_to_player2,3,0.8061106658808708
session_3_player1,Shared agency no signaling,closer_to_player2,4,0.9996192788773178
session_3_player1,Shared agency no signaling,closer_to_player2,5,0.999989218808599
session_3_player1,Shared agency no signaling,equal_to_both,0,0.5
session_3_player1,Shared agency no signaling,equal_to_both,1,0.5000081004850137
session_3_player1,Shared agency no signaling,equal_to_both,2,0.9982957200117151
session_3_player1,Shared agency no signaling,equal_to_both,3,0.999148603136057
session_3_player1,Shared agency no signaling,equal_to_both,4,0.9991665035032871
session_3_player1,Shared agency no signaling,equal_to_both,5,0.9999993108872698
session_3_player2,Shared agency Communicative Action Mixture (Legibility Over Alternatives),closer_to_player1,0,0.5
session_3_player2,Shared agency Communicative Action Mixture (Legibility Over Alternatives),closer_to_player1,1,0.9796460145596413
session_3_player2,Shared agency Communicative Action Mixture (Legibility Over Alternatives),closer_to_player1,2,0.9861205591301481
session_3_player2,Shared agency Communicative Action Mixture (Legibility Over Alternatives),closer_to_player1,3,0.9997411700169364
session_3_player2,Shared agency Communicative Action Mixture (Legibility Over Alternatives),closer_to_player1,4,0.9999876710047036
session_3_player2,Shared agency Communicative Action Mixture (Legibility Over Alternatives),closer_to_player1,5,0.9999946360176543
session_3_player2,Shared agency Communicative Action Mixture (Legibility Over Alternatives),closer_to_player2,0,0.5
session_3_player2,Shared agency Communicative Action Mixture (Legibility Over Alternatives),closer_to_player2,1,0.8342861280968515
session_3_player2,Shared agency Communicative Action Mixture (Legibility Over Alternatives),closer_to_player2,2,0.8357438128679807
session_3_player2,Shared agency Communicative Action Mixture (Legibility Over Alternatives),closer_to_player2,3,0.8377171832557057
session_3_player2,Shared agency Communicative Action Mixture (Legibility Over Alternatives),closer_to_player2,4,0.8234899622360755
session_3_player2,Shared agency Communicative Action Mixture (Legibility Over Alternatives),closer_to_player2,5,0.7997205435555456
session_3_player2,Shared agency Communicative Action Mixture (Legibility Over Alternatives),equal_to_both,0,0.5
session_3_player2,Shared agency Communicative Action Mixture (Legibility Over Alternatives),equal_to_both,1,0.6626140108619595
session_3_player2,Shared agency Communicative Action Mixture (Legibility Over Alternatives),equal_to_both,2,0.9952427611036964
session_3_player2,Shared agency Communicative Action Mixture (Legibility Over Alternatives),equal_to_both,3,0.995386572034382
session_3_player2,Shared agency Communicative Action Mixture (Legibility Over Alternatives),equal_to_both,4,0.998849817638405
session_3_player2,Shared agency Communicative Action Mixture (Legibility Over Alternatives),equal_to_both,5,0.9999973938655883
session_3_player2,Shared agency no signaling,closer_to_player1,0,0.5
session_3_player2,Shared agency no signaling,closer_to_player1,1,0.611091236408742
session_3_player2,Shared agency no signaling,closer_to_player1,2,0.5721917600950557
session_3_player2,Shared agency no signaling,closer_to_player1,3,0.5296662052982346
session_3_player2,Shared agency no signaling,closer_to_player1,4,0.820616884872464
session_3_player2,Shared agency no signaling,closer_to_player1,5,0.8012592256081975
session_3_player2,Shared agency no signaling,closer_to_player2,0,0.5
session_3_player2,Shared agency no signaling,closer_to_player2,1,0.9989883992604869
session_3_player2,Shared agency no signaling,closer_to_player2,2,0.9998320605759508
session_3_player2,Shared agency no signaling,closer_to_player2,3,0.9998408950468183
session_3_player2,Shared agency no signaling,closer_to_player2,4,0.999999972338572
session_3_player2,Shared agency no signaling,closer_to_player2,5,0.9999999999790901
session_3_player2,Shared agency no signaling,equal_to_both,0,0.5
session_3_player2,Shared agency no signaling,equal_to_both,1,0.9966382545554962
session_3_player2,Shared agency no signaling,equal_to_both,2,0.9983166384353739
session_3_player2,Shared agency no signaling,equal_to_both,3,0.9999840625444212
session_3_player2,Shared agency no signaling,equal_to_both,4,0.9999943342504632
session_3_player2,Shared agency no signaling,equal_to_both,5,0.9999999184254416
session_4_player1,Shared agency Communicative Action Mixture (Legibility Over Alternatives),closer_to_player1,0,0.5
session_4_player1,Shared agency Communicative Action Mixture (Legibility Over Alternatives),closer_to_player1,1,0.8331962703465283
session_4_player1,Shared agency Communicative Action Mixture (Legibility Over Alternatives),closer_to_player1,2,0.8387922813057961
session_4_player1,Shared agency Communicative Action Mixture (Legibility Over Alternatives),closer_to_player1,3,0.8337331062669199
session_4_player1,Shared agency Communicative Action Mixture (Legibility Over Alternatives),closer_to_player1,4,0.8246288345300128
session_4_player1,Shared agency Communicative Action Mixture (Legibility Over Alternatives),closer_to_player1,5,0.8093856896392667
session_4_player1,Shared agency Communicative Action Mixture (Legibility Over Alternatives),closer_to_player2,0,0.5
session_4_player1,Shared agency Communicative Action Mixture (Legibility Over Alternatives),closer_to_player2,1,0.5190038388107886
session_4_player1,Shared agency Communicative Action Mixture (Legibility Over Alternatives),closer_to_player2,2,0.5098131994441653
session_4_player1,Shared agency Communicative Action Mixture (Legibility Over Alternatives),closer_to_player2,3,0.5196153262989536
session_4_player1,Shared agency Communicative Action Mixture (Legibility Over Alternatives),closer_to_player2,4,0.5770783541517881
session_4_player1,Shared agency Communicative Action Mixture (Legibility Over Alternatives),closer_to_player2,5,0.5507153735814176
session_4_player1,Shared agency Communicative Action Mixture (Legibility Over Alternatives),equal_to_both,0,0.5
session_4_player1,Shared agency Communicative Action Mixture (Legibility Over Alternatives),equal_to_both,1,0.7446621624035683
session_4_player1,Shared agency Communicative Action Mixture (Legibility Over Alternatives),equal_to_both,2,0.7499067547594594
session_4_player1,Shared agency Communicative Action Mixture (Legibility Over Alternatives),equal_to_both,3,0.749998103102639
session_4_player1,Shared agency Communicative Action Mixture (Legibility Over Alternatives),equal_to_both,4,0.9991481663884557
session_4_player1,Shared agency Communicative Action Mixture (Legibility Over Alternatives),equal_to_both,5,0.9999971237279578
session_4_player1,Shared agency no signaling,closer_to_player1,0,0.5
session_4_player1,Shared agency no signaling,closer_to_player1,1,0.48441467326348725
session_4_player1,Shared agency no signaling,closer_to_player1,2,0.7063933226251615
session_4_player1,Shared agency no signaling,closer_to_player1,3,0.7326850401001325
session_4_player1,Shared agency no signaling,closer_to_player1,4,0.8290147407812515
session_4_player1,Shared agency no signaling,closer_to_player1,5,0.900679722496634
session_4_player1,Shared agency no signaling,closer_to_player2,0,0.5
session_4_player1,Shared agency no signaling,closer_to_player2,1,0.500117840450614
session_4_player1,Shared agency no signaling,closer_to_player2,2,0.4564826859933469
session_4_player1,Shared agency no signaling,closer_to_player2,3,0.5160278166700629
session_4_player1,Shared agency no signaling,closer_to_player2,4,0.5668617704730534
session_4_player1,Shared agency no signaling,closer_to_player2,5,0.603678901111959
session_4_player1,Shared agency no signaling,equal_to_both,0,0.5
session_4_player1,Shared agency no signaling,equal_to_both,1,0.6647564999956598
session_4_player1,Shared agency no signaling,equal_to_both,2,0.8307999490910102
session_4_player1,Shared agency no signaling,equal_to_both,3,0.99915812980409
session_4_player1,Shared agency no signaling,equal_to_both,4,0.9999980857932275
session_4_player1,Shared agency no signaling,equal_to_both,5,0.9999998613402239
session_4_player2,Shared agency Communicative Action Mixture (Legibility Over Alternatives),closer_to_player1,0,0.5
session_4_player2,Shared agency Communicative Action Mixture (Legibility Over Alternatives),closer_to_player1,1,0.6360013813450561
session_4_player2,Shared agency Communicative Action Mixture (Legibility Over Alternatives),closer_to_player1,2,0.6104812736202507
session_4_player2,Shared agency Communicative Action Mixture (Legibility Over Alternatives),closer_to_player1,3,0.6638113687607138
session_4_player2,Shared agency Communicative Action Mixture (Legibility Over Alternatives),closer_to_player1,4,0.8302055244897204
session_4_player2,Shared agency Communicative Action Mixture (Legibility Over Alternatives),closer_to_player1,5,0.8380574321586675
session_4_player2,Shared agency Communicative Action Mixture (Legibility Over Alternatives),closer_to_player2,0,0.5
session_4_player2,Shared agency Communicative Action Mixture (Legibility Over Alternatives),closer_to_player2,1,0.7523123358045715
session_4_player2,Shared agency Communicative Action Mixture (Legibility Over Alternatives),closer_to_player2,2,0.7573619114975783
session_4_player2,Shared agency Communicative Action Mixture (Legibility Over Alternatives),closer_to_player2,3,0.7603651506682136
session_4_player2,Shared agency Communicative Action Mixture (Legibility Over Alternatives),closer_to_player2,4,0.2753107462198444
session_4_player2,Shared agency Communicative Action Mixture (Legibility Over Alternatives),closer_to_player2,5,0.2602875786912968
session_4_player2,Shared agency Communicative Action Mixture (Legibility Over Alternatives),equal_to_both,0,0.5
session_4_player2,Shared agency Communicative Action Mixture (Legibility Over Alternatives),equal_to_both,1,0.49981055599274427
session_4_player2,Shared agency Communicative Action Mixture (Legibility Over Alternatives),equal_to_both,2,0.9938017099393435
session_4_player2,Shared agency Communicative Action Mixture (Legibility Over Alternatives),equal_to_both,3,0.9938724092686597
session_4_player2,Shared agency Communicative Action Mixture (Legibility Over Alternatives),equal_to_both,4,0.9999619580292404
session_4_player2,Shared agency Communicative Action Mixture (Legibility Over Alternatives),equal_to_both,5,0.9999810876068598
session_4_player2,Shared agency no signaling,closer_to_player1,0,0.5
session_4_player2,Shared agency no signaling,closer_to_player1,1,0.5010573487222757
session_4_player2,Shared agency no signaling,closer_to_player1,2,0.5323297732043416
session_4_player2,Shared agency no signaling,closer_to_player1,3,0.561188782065567
session_4_player2,Shared agency no signaling,closer_to_player1,4,0.5870133770527272
session_4_player2,Shared agency no signaling,closer_to_player1,5,0.5647824604437388
session_4_player2,Shared agency no signaling,closer_to_player2,0,0.5
session_4_player2,Shared agency no signaling,closer_to_player2,1,0.5979229946733843
session_4_player2,Shared agency no signaling,closer_to_player2,2,0.631252900500669
session_4_player2,Shared agency no signaling,closer_to_player2,3,0.7099766981134931
session_4_player2,Shared agency no signaling,closer_to_player2,4,0.9430223085488009
session_4_player2,Shared agency no signaling,closer_to_player2,5,0.9690696913129525
session_4_player2,Shared agency no signaling,equal_to_both,0,0.5
session_4_player2,Shared agency no signaling,equal_to_both,1,0.6655235277614858
session_4_player2,Shared agency no signaling,equal_to_both,2,0.9971991574753837
session_4_player2,Shared agency no signaling,equal_to_both,3,0.9988549704559461
session_4_player2,Shared agency no signaling,equal_to_both,4,0.999996595160822
session_4_player2,Shared agency no signaling,equal_to_both,5,0.9999978825107689
session_5_player1,Shared agency Communicative Action Mixture (Legibility Over Alternatives),closer_to_player1,0,0.5
session_5_player1,Shared agency Communicative Action Mixture (Legibility Over Alternatives),closer_to_player1,1,0.29360208900672086
session_5_player1,Shared agency Communicative Action Mixture (Legibility Over Alternatives),closer_to_player1,2,0.6707269209022564
session_5_player1,Shared agency Communicative Action Mixture (Legibility Over Alternatives),closer_to_player1,3,0.5870209899444351
session_5_player1,Shared agency Communicative Action Mixture (Legibility Over Alternatives),closer_to_player1,4,0.627817675249957
session_5_player1,Shared agency Communicative Action Mixture (Legibility Over Alternatives),closer_to_player1,5,0.6522269578047787
session_5_player1,Shared agency Communicative Action Mixture (Legibility Over Alternatives),closer_to_player2,0,0.5
session_5_player1,Shared agency Communicative Action Mixture (Legibility Over Alternatives),closer_to_player2,1,0.5036459600487387
session_5_player1,Shared agency Communicative Action Mixture (Legibility Over Alternatives),closer_to_player2,2,0.504758502876892
session_5_player1,Shared agency Communicative Action Mixture (Legibility Over Alternatives),closer_to_player2,3,0.5096982776865812
session_5_player1,Shared agency Communicative Action Mixture (Legibility Over Alternatives),closer_to_player2,4,0.5135545605257406
session_5_player1,Shared agency Communicative Action Mixture (Legibility Over Alternatives),closer_to_player2,5,0.5090681033423053
session_5_player1,Shared agency Communicative Action Mixture (Legibility Over Alternatives),equal_to_both,0,0.5
session_5_player1,Shared agency Communicative Action Mixture (Legibility Over Alternatives),equal_to_both,1,0.8262715064246563
session_5_player1,Shared agency Communicative Action Mixture (Legibility Over Alternatives),equal_to_both,2,0.9931367107330983
session_5_player1,Shared agency Communicative Action Mixture (Legibility Over Alternatives),equal_to_both,3,0.9944450623660357
session_5_player1,Shared agency Communicative Action Mixture (Legibility Over Alternatives),equal_to_both,4,0.9999329603306369
session_5_player1,Shared agency Communicative Action Mixture (Legibility Over Alternatives),equal_to_both,5,0.9999356291627732
session_5_player1,Shared agency no signaling,closer_to_player1,0,0.5
session_5_player1,Shared agency no signaling,closer_to_player1,1,0.663758108922778
session_5_player1,Shared agency no signaling,closer_to_player1,2,0.694998688337348
session_5_player1,Shared agency no signaling,closer_to_player1,3,0.7275644978891528
session_5_player1,Shared agency no signaling,closer_to_player1,4,0.714554157891607
session_5_player1,Shared agency no signaling,closer_to_player1,5,0.520120557596888
session_5_player1,Shared agency no signaling,closer_to_player2,0,0.5
session_5_player1,Shared agency no signaling,closer_to_player2,1,0.336287122090285
session_5_player1,Shared agency no signaling,closer_to_player2,2,0.3335858260097319
session_5_player1,Shared agency no signaling,closer_to_player2,3,0.4998218510910202
session_5_player1,Shared agency no signaling,closer_to_player2,4,0.5280737953717992
session_5_player1,Shared agency no signaling,closer_to_player2,5,0.5528753162505772
session_5_player1,Shared agency no signaling,equal_to_both,0,0.5
session_5_player1,Shared agency no signaling,equal_to_both,1,0.9827983842544424
session_5_player1,Shared agency no signaling,equal_to_both,2,0.9995348145322303
session_5_player1,Shared agency no signaling,equal_to_both,3,0.9999820749880586
session_5_player1,Shared agency no signaling,equal_to_both,4,0.9999834155120834
session_5_player1,Shared agency no signaling,equal_to_both,5,0.999999370357205
session_5_player2,Shared agency Communicative Action Mixture (Legibility Over Alternatives),closer_to_player1,0,0.5
session_5_player2,Shared agency Communicative Action Mixture (Legibility Over Alternatives),closer_to_player1,1,0.6614054916667731
session_5_player2,Shared agency Communicative Action Mixture (Legibility Over Alternatives),closer_to_player1,2,0.3646318256625513
session_5_player2,Shared agency Communicative Action Mixture (Legibility Over Alternatives),closer_to_player1,3,0.6197349689166124
session_5_player2,Shared agency Communicative Action Mixture (Legibility Over Alternatives),closer_to_player1,4,0.6680631932143188
session_5_player2,Shared agency Communicative Action Mixture (Legibility Over Alternatives),closer_to_player1,5,0.6636342761757472
session_5_player2,Shared agency Communicative Action Mixture (Legibility Over Alternatives),closer_to_player2,0,0.5
session_5_player2,Shared agency Communicative Action Mixture (Legibility Over Alternatives),closer_to_player2,1,0.45437559611368084
session_5_player2,Shared agency Communicative Action Mixture (Legibility Over Alternatives),closer_to_player2,2,0.5056820007145794
session_5_player2,Shared agency Communicative Action Mixture (Legibility Over Alternatives),closer_to_player2,3,0.5616857608471344
session_5_player2,Shared agency Communicative Action Mixture (Legibility Over Alternatives),closer_to_player2,4,0.6130242973767789
session_5_player2,Shared agency Communicative Action Mixture (Legibility Over Alternatives),closer_to_player2,5,0.2602192229753762
session_5_player2,Shared agency Communicative Action Mixture (Legibility Over Alternatives),equal_to_both,0,0.5
session_5_player2,Shared agency Communicative Action Mixture (Legibility Over Alternatives),equal_to_both,1,0.6644666761301649
session_5_player2,Shared agency Communicative Action Mixture (Legibility Over Alternatives),equal_to_both,2,0.8365533897502121
session_5_player2,Shared agency Communicative Action Mixture (Legibility Over Alternatives),equal_to_both,3,0.9980396671228399
session_5_player2,Shared agency Communicative Action Mixture (Legibility Over Alternatives),equal_to_both,4,0.9980575247275602
session_5_player2,Shared agency Communicative Action Mixture (Legibility Over Alternatives),equal_to_both,5,0.9980712551891733
session_5_player2,Shared agency no signaling,closer_to_player1,0,0.5
session_5_player2,Shared agency no signaling,closer_to_player1,1,0.5033194904237476
session_5_player2,Shared agency no signaling,closer_to_player1,2,0.5056673047459861
session_5_player2,Shared agency no signaling,closer_to_player1,3,0.507179318092401
session_5_player2,Shared agency no signaling,closer_to_player1,4,0.5172698737496989
session_5_player2,Shared agency no signaling,closer_to_player1,5,0.503350236543122
session_5_player2,Shared agency no signaling,closer_to_player2,0,0.5
session_5_player2,Shared agency no signaling,closer_to_player2,1,0.8535833785366934
session_5_player2,Shared agency no signaling,closer_to_player2,2,0.8674798367958875
session_5_player2,Shared agency no signaling,closer_to_player2,3,0.843781156759464
session_5_player2,Shared agency no signaling,closer_to_player2,4,0.999999978036199
session_5_player2,Shared agency no signaling,closer_to_player2,5,0.9999999999867755
session_5_player2,Shared agency no signaling,equal_to_both,0,0.5
session_5_player2,Shared agency no signaling,equal_to_both,1,0.9827981835505919
session_5_player2,Shared agency no signaling,equal_to_both,2,0.9995348038268135
session_5_player2,Shared agency no signaling,equal_to_both,3,0.9999820743891086
session_5_player2,Shared agency no signaling,equal_to_both,4,0.999999042599086
session_5_player2,Shared agency no signaling,equal_to_both,5,0.9999991632459906
session_6_player1,Shared agency Communicative Action Mixture (Legibility Over Alternatives),closer_to_player1,0,0.5
session_6_player1,Shared agency Communicative Action Mixture (Legibility Over Alternatives),closer_to_player1,1,0.8053305268943941
session_6_player1,Shared agency Communicative Action Mixture (Legibility Over Alternatives),closer_to_player1,2,0.9589242823673659
session_6_player1,Shared agency Communicative Action Mixture (Legibility Over Alternatives),closer_to_player1,3,0.9738166067617292
session_6_player1,Shared agency Communicative Action Mixture (Legibility Over Alternatives),closer_to_player1,4,0.9999124471197375
session_6_player1,Shared agency Communicative Action Mixture (Legibility Over Alternatives),closer_to_player1,5,0.999999976845385
session_6_player1,Shared agency Communicative Action Mixture (Legibility Over Alternatives),closer_to_player2,0,0.5
session_6_player1,Shared agency Communicative Action Mixture (Legibility Over Alternatives),closer_to_player2,1,0.8190762263675717
session_6_player1,Shared agency Communicative Action Mixture (Legibility Over Alternatives),closer_to_player2,2,0.5285970010470792
session_6_player1,Shared agency Communicative Action Mixture (Legibility Over Alternatives),closer_to_player2,3,0.7840212504474869
session_6_player1,Shared agency Communicative Action Mixture (Legibility Over Alternatives),closer_to_player2,4,0.8305591199573631
session_6_player1,Shared agency Communicative Action Mixture (Legibility Over Alternatives),closer_to_player2,5,0.8342397832957791
session_6_player1,Shared agency Communicative Action Mixture (Legibility Over Alternatives),equal_to_both,0,0.5
session_6_player1,Shared agency Communicative Action Mixture (Legibility Over Alternatives),equal_to_both,1,0.9891423420932405
session_6_player1,Shared agency Communicative Action Mixture (Legibility Over Alternatives),equal_to_both,2,0.989692503845126
session_6_player1,Shared agency Communicative Action Mixture (Legibility Over Alternatives),equal_to_both,3,0.9998580786777534
session_6_player1,Shared agency Communicative Action Mixture (Legibility Over Alternatives),equal_to_both,4,0.9998663492346784
session_6_player1,Shared agency Communicative Action Mixture (Legibility Over Alternatives),equal_to_both,5,0.9999979552133352
session_6_player1,Shared agency no signaling,closer_to_player1,0,0.5
session_6_player1,Shared agency no signaling,closer_to_player1,1,0.859631518470786
session_6_player1,Shared agency no signaling,closer_to_player1,2,0.9999024162596645
session_6_player1,Shared agency no signaling,closer_to_player1,3,0.9999999474598952
session_6_player1,Shared agency no signaling,closer_to_player1,4,0.9999999999243356
session_6_player1,Shared agency no signaling,closer_to_player1,5,0.999998861034047
session_6_player1,Shared agency no signaling,closer_to_player2,0,0.5
session_6_player1,Shared agency no signaling,closer_to_player2,1,0.5196758211335349
session_6_player1,Shared agency no signaling,closer_to_player2,2,0.5252327487932474
session_6_player1,Shared agency no signaling,closer_to_player2,3,0.8320957366260101
session_6_player1,Shared agency no signaling,closer_to_player2,4,0.5354886856676595
session_6_player1,Shared agency no signaling,closer_to_player2,5,0.8134078865266017
session_6_player1,Shared agency no signaling,equal_to_both,0,0.5
session_6_player1,Shared agency no signaling,equal_to_both,1,0.7501331306905408
session_6_player1,Shared agency no signaling,equal_to_both,2,0.7504706115980215
session_6_player1,Shared agency no signaling,equal_to_both,3,0.753533022692447
session_6_player1,Shared agency no signaling,equal_to_both,4,0.8149731582731069
session_6_player1,Shared agency no signaling,equal_to_both,5,0.9996900238276605
session_6_player2,Shared agency Communicative Action Mixture (Legibility Over Alternatives),closer_to_player1,0,0.5
session_6_player2,Shared agency Communicative Action Mixture (Legibility Over Alternatives),closer_to_player1,1,0.5042715389043789
session_6_player2,Shared agency Communicative Action Mixture (Legibility Over Alternatives),closer_to_player1,2,0.49896074747276026
session_6_player2,Shared agency Communicative Action Mixture (Legibility Over Alternatives),closer_to_player1,3,0.5047394504055808
session_6_player2,Shared agency Communicative Action Mixture (Legibility Over Alternatives),closer_to_player1,4,0.6204848814375242
session_6_player2,Shared agency Communicative Action Mixture (Legibility Over Alternatives),closer_to_player1,5,0.8346613091103047
session_6_player2,Shared agency Communicative Action Mixture (Legibility Over Alternatives),closer_to_player2,0,0.5
session_6_player2,Shared agency Communicative Action Mixture (Legibility Over Alternatives),closer_to_player2,1,0.5040881839795363
session_6_player2,Shared agency Communicative Action Mixture (Legibility Over Alternatives),closer_to_player2,2,0.8168779312605784
session_6_player2,Shared agency Communicative Action Mixture (Legibility Over Alternatives),closer_to_player2,3,0.84059684058382
session_6_player2,Shared agency Communicative Action Mixture (Legibility Over Alternatives),closer_to_player2,4,0.8414081577885401
session_6_player2,Shared agency Communicative Action Mixture (Legibility Over Alternatives),closer_to_player2,5,0.8435215657908529
session_6_player2,Shared agency Communicative Action Mixture (Legibility Over Alternatives),equal_to_both,0,0.5
session_6_player2,Shared agency Communicative Action Mixture (Legibility Over Alternatives),equal_to_both,1,0.8232083752064184
session_6_player2,Shared agency Communicative Action Mixture (Legibility Over Alternatives),equal_to_both,2,0.9991793750637857
session_6_player2,Shared agency Communicative Action Mixture (Legibility Over Alternatives),equal_to_both,3,0.9997851867784798
session_6_player2,Shared agency Communicative Action Mixture (Legibility Over Alternatives),equal_to_both,4,0.9998516858108237
session_6_player2,Shared agency Communicative Action Mixture (Legibility Over Alternatives),equal_to_both,5,0.9998571179043753
session_6_player2,Shared agency no signaling,closer_to_player1,0,0.5
session_6_player2,Shared agency no signaling,closer_to_player1,1,0.6630847291234018
session_6_player2,Shared agency no signaling,closer_to_player1,2,0.6650783067884358
session_6_player2,Shared agency no signaling,closer_to_player1,3,0.6672177918344762
session_6_player2,Shared agency no signaling,closer_to_player1,4,0.7830516998122703
session_6_player2,Shared agency no signaling,closer_to_player1,5,0.996302841468892
session_6_player2,Shared agency no signaling,closer_to_player2,0,0.5
session_6_player2,Shared agency no signaling,closer_to_player2,1,0.7058925415508558
session_6_player2,Shared agency no signaling,closer_to_player2,2,0.7970709973884675
session_6_player2,Shared agency no signaling,closer_to_player2,3,0.8541967051080114
session_6_player2,Shared agency no signaling,closer_to_player2,4,0.9067111955451433
session_6_player2,Shared agency no signaling,closer_to_player2,5,0.9461052330813383
session_6_player2,Shared agency no signaling,equal_to_both,0,0.5
session_6_player2,Shared agency no signaling,equal_to_both,1,0.7497186389034105
session_6_player2,Shared agency no signaling,equal_to_both,2,0.9991464507364355
session_6_player2,Shared agency no signaling,equal_to_both,3,0.9991482497257824
session_6_player2,Shared agency no signaling,equal_to_both,4,0.9991358287015257
session_6_player2,Shared agency no signaling,equal_to_both,5,0.9973361813404348
session_7_player1,Shared agency Communicative Action Mixture (Legibility Over Alternatives),closer_to_player1,0,0.5
session_7_player1,Shared agency Communicative Action Mixture (Legibility Over Alternatives),closer_to_player1,1,0.8330194349119345
session_7_player1,Shared agency Communicative Action Mixture (Legibility Over Alternatives),closer_to_player1,2,0.8320397708094377
session_7_player1,Shared agency Communicative Action Mixture (Legibility Over Alternatives),closer_to_player1,3,0.8340144036854822
session_7_player1,Shared agency Communicative Action Mixture (Legibility Over Alternatives),closer_to_player1,4,0.8198026245675556
session_7_player1,Shared agency Communicative Action Mixture (Legibility Over Alternatives),closer_to_player1,5,0.8535765845163273
session_7_player1,Shared agency Communicative Action Mixture (Legibility Over Alternatives),closer_to_player2,0,0.5
session_7_player1,Shared agency Communicative Action Mixture (Legibility Over Alternatives),closer_to_player2,1,0.5034832167830069
session_7_player1,Shared agency Communicative Action Mixture (Legibility Over Alternatives),closer_to_player2,2,0.505723221013218
session_7_player1,Shared agency Communicative Action Mixture (Legibility Over Alternatives),closer_to_player2,3,0.505191917076715
session_7_player1,Shared agency Communicative Action Mixture (Legibility Over Alternatives),closer_to_player2,4,0.5083203757265395
session_7_player1,Shared agency Communicative Action Mixture (Legibility Over Alternatives),closer_to_player2,5,0.5077155372636363
session_7_player1,Shared agency Communicative Action Mixture (Legibility Over Alternatives),equal_to_both,0,0.5
session_7_player1,Shared agency Communicative Action Mixture (Legibility Over Alternatives),equal_to_both,1,0.9829793381277376
session_7_player1,Shared agency Communicative Action Mixture (Legibility Over Alternatives),equal_to_both,2,0.983251285346578
session_7_player1,Shared agency Communicative Action Mixture (Legibility Over Alternatives),equal_to_both,3,0.9997086112930705
session_7_player1,Shared agency Communicative Action Mixture (Legibility Over Alternatives),equal_to_both,4,0.9999923998699051
session_7_player1,Shared agency Communicative Action Mixture (Legibility Over Alternatives),equal_to_both,5,0.9999997118765913
session_7_player1,Shared agency no signaling,closer_to_player1,0,0.5
session_7_player1,Shared agency no signaling,closer_to_player1,1,0.5472063258581453
session_7_player1,Shared agency no signaling,closer_to_player1,2,0.8334474109765052
session_7_player1,Shared agency no signaling,closer_to_player1,3,0.8543914122897281
session_7_player1,Shared agency no signaling,closer_to_player1,4,0.8025857697336287
session_7_player1,Shared agency no signaling,closer_to_player1,5,0.8486798740016082
session_7_player1,Shared agency no signaling,closer_to_player2,0,0.5
session_7_player1,Shared agency no signaling,closer_to_player2,1,0.5005599395224264
session_7_player1,Shared agency no signaling,closer_to_player2,2,0.6706679132515951
session_7_player1,Shared agency no signaling,closer_to_player2,3,0.6732715015769345
session_7_player1,Shared agency no signaling,closer_to_player2,4,0.6708107690366732
session_7_player1,Shared agency no signaling,closer_to_player2,5,0.6313394265435076
session_7_player1,Shared agency no signaling,equal_to_both,0,0.5
session_7_player1,Shared agency no signaling,equal_to_both,1,0.7483203626442612
session_7_player1,Shared agency no signaling,equal_to_both,2,0.7483278934114077
session_7_player1,Shared agency no signaling,equal_to_both,3,0.9983152377098368
session_7_player1,Shared agency no signaling,equal_to_both,4,0.9999840087090837
session_7_player1,Shared agency no signaling,equal_to_both,5,0.9999843361396588
session_7_player2,Shared agency Communicative Action Mixture (Legibility Over Alternatives),closer_to_player1,0,0.5
session_7_player2,Shared agency Communicative Action Mixture (Legibility Over Alternatives),closer_to_player1,1,0.8233164636627602
session_7_player2,Shared agency Communicative Action Mixture (Legibility Over Alternatives),closer_to_player1,2,0.8241561829520356
session_7_player2,Shared agency Communicative Action Mixture (Legibility Over Alternatives),closer_to_player1,3,0.5177298874780581
session_7_player2,Shared agency Communicative Action Mixture (Legibility Over Alternatives),closer_to_player1,4,0.7784279971120375
session_7_player2,Shared agency Communicative Action Mixture (Legibility Over Alternatives),closer_to_player1,5,0.7750381606219464
session_7_player2,Shared agency Communicative Action Mixture (Legibility Over Alternatives),closer_to_player2,0,0.5
session_7_player2,Shared agency Communicative Action Mixture (Legibility Over Alternatives),closer_to_player2,1,0.4924297139177453
session_7_player2,Shared agency Communicative Action Mixture (Legibility Over Alternatives),closer_to_player2,2,0.6796184378758339
session_7_player2,Shared agency Communicative Action Mixture (Legibility Over Alternatives),closer_to_player2,3,0.7339585780407444
session_7_player2,Shared agency Communicative Action Mixture (Legibility Over Alternatives),closer_to_player2,4,0.7538168547485352
session_7_player2,Shared agency Communicative Action Mixture (Legibility Over Alternatives),closer_to_player2,5,0.7961496936792346
session_7_player2,Shared agency Communicative Action Mixture (Legibility Over Alternatives),equal_to_both,0,0.5
session_7_player2,Shared agency Communicative Action Mixture (Legibility Over Alternatives),equal_to_both,1,0.9817784801897437
session_7_player2,Shared agency Communicative Action Mixture (Legibility Over Alternatives),equal_to_both,2,0.9994907453467917
session_7_player2,Shared agency Communicative Action Mixture (Legibility Over Alternatives),equal_to_both,3,0.9995591589048518
session_7_player2,Shared agency Communicative Action Mixture (Legibility Over Alternatives),equal_to_both,4,0.9999883163967443
session_7_player2,Shared agency Communicative Action Mixture (Legibility Over Alternatives),equal_to_both,5,0.9999890419957057
session_7_player2,Shared agency no signaling,closer_to_player1,0,0.5
session_7_player2,Shared agency no signaling,closer_to_player1,1,0.49609343413182166
session_7_player2,Shared agency no signaling,closer_to_player1,2,0.49306843176700826
session_7_player2,Shared agency no signaling,closer_to_player1,3,0.48742537152809917
session_7_player2,Shared agency no signaling,closer_to_player1,4,0.4502818003139486
session_7_player2,Shared agency no signaling,closer_to_player1,5,0.45834233830837023
session_7_player2,Shared agency no signaling,closer_to_player2,0,0.5
session_7_player2,Shared agency no signaling,closer_to_player2,1,0.6129612990659222
session_7_player2,Shared agency no signaling,closer_to_player2,2,0.7543734314939525
session_7_player2,Shared agency no signaling,closer_to_player2,3,0.757265139572558
session_7_player2,Shared agency no signaling,closer_to_player2,4,0.794572835623515
session_7_player2,Shared agency no signaling,closer_to_player2,5,0.7946829756614808
session_7_player2,Shared agency no signaling,equal_to_both,0,0.5
session_7_player2,Shared agency no signaling,equal_to_both,1,0.7446617024348318
session_7_player2,Shared agency no signaling,equal_to_both,2,0.7447643927450638
session_7_player2,Shared agency no signaling,equal_to_both,3,0.7498892825589933
session_7_player2,Shared agency no signaling,equal_to_both,4,0.749459536063479
session_7_player2,Shared agency no signaling,equal_to_both,5,0.9998921326631102
session_8_player1,Shared agency Communicative Action Mixture (Legibility Over Alternatives),closer_to_player1,0,0.5
session_8_player1,Shared agency Communicative Action Mixture (Legibility Over Alternatives),closer_to_player1,1,0.5411513745525149
session_8_player1,Shared agency Communicative Action Mixture (Legibility Over Alternatives),closer_to_player1,2,0.5771581533793634
session_8_player1,Shared agency Communicative Action Mixture (Legibility Over Alternatives),closer_to_player1,3,0.7285050657430031
session_8_player1,Shared agency Communicative Action Mixture (Legibility Over Alternatives),closer_to_player1,4,0.9987584364866818
session_8_player1,Shared agency Communicative Action Mixture (Legibility Over Alternatives),closer_to_player1,5,0.9999978985841501
session_8_player1,Shared agency Communicative Action Mixture (Legibility Over Alternatives),closer_to_player2,0,0.5
session_8_player1,Shared agency Communicative Action Mixture (Legibility Over Alternatives),closer_to_player2,1,0.6581163170566507
session_8_player1,Shared agency Communicative Action Mixture (Legibility Over Alternatives),closer_to_player2,2,0.8193019069826762
session_8_player1,Shared agency Communicative Action Mixture (Legibility Over Alternatives),closer_to_player2,3,0.8295767517607993
session_8_player1,Shared agency Communicative Action Mixture (Legibility Over Alternatives),closer_to_player2,4,0.9998060922273578
session_8_player1,Shared agency Communicative Action Mixture (Legibility Over Alternatives),closer_to_player2,5,0.9999642777978123
session_8_player1,Shared agency Communicative Action Mixture (Legibility Over Alternatives),equal_to_both,0,0.5
session_8_player1,Shared agency Communicative Action Mixture (Legibility Over Alternatives),equal_to_both,1,0.8241033815855237
session_8_player1,Shared agency Communicative Action Mixture (Legibility Over Alternatives),equal_to_both,2,0.8296928452212238
session_8_player1,Shared agency Communicative Action Mixture (Legibility Over Alternatives),equal_to_both,3,0.9986963613017945
session_8_player1,Shared agency Communicative Action Mixture (Legibility Over Alternatives),equal_to_both,4,0.9998130657665224
session_8_player1,Shared agency Communicative Action Mixture (Legibility Over Alternatives),equal_to_both,5,0.9998225156411452
session_8_player1,Shared agency no signaling,closer_to_player1,0,0.5
session_8_player1,Shared agency no signaling,closer_to_player1,1,0.49798166448734427
session_8_player1,Shared agency no signaling,closer_to_player1,2,0.5858072220686544
session_8_player1,Shared agency no signaling,closer_to_player1,3,0.5205914764099148
session_8_player1,Shared agency no signaling,closer_to_player1,4,0.5731283491967404
session_8_player1,Shared agency no signaling,closer_to_player1,5,0.9458818575092146
session_8_player1,Shared agency no signaling,closer_to_player2,0,0.5
session_8_player1,Shared agency no signaling,closer_to_player2,1,0.6604161663164807
session_8_player1,Shared agency no signaling,closer_to_player2,2,0.6622579949610736
session_8_player1,Shared agency no signaling,closer_to_player2,3,0.6673154528564439
session_8_player1,Shared agency no signaling,closer_to_player2,4,0.6636995913210719
session_8_player1,Shared agency no signaling,closer_to_player2,5,0.6592559467538487
session_8_player1,Shared agency no signaling,equal_to_both,0,0.5
session_8_player1,Shared agency no signaling,equal_to_both,1,0.7468940621397753
session_8_player1,Shared agency no signaling,equal_to_both,2,0.7469216414021307
session_8_player1,Shared agency no signaling,equal_to_both,3,0.7499535837994916
session_8_player1,Shared agency no signaling,equal_to_both,4,0.9991478642388496
session_8_player1,Shared agency no signaling,equal_to_both,5,0.9991511438127372
session_8_player2,Shared agency Communicative Action Mixture (Legibility Over Alternatives),closer_to_player1,0,0.5
session_8_player2,Shared agency Communicative Action Mixture (Legibility Over Alternatives),closer_to_player1,1,0.8277904229243326
session_8_player2,Shared agency Communicative Action Mixture (Legibility Over Alternatives),closer_to_player1,2,0.8298083072752979
session_8_player2,Shared agency Communicative Action Mixture (Legibility Over Alternatives),closer_to_player1,3,0.8303828991668168
session_8_player2,Shared agency Communicative Action Mixture (Legibility Over Alternatives),closer_to_player1,4,0.8254560127485862
session_8_player2,Shared agency Communicative Action Mixture (Legibility Over Alternatives),closer_to_player1,5,0.8364237803819146
session_8_player2,Shared agency Communicative Action Mixture (Legibility Over Alternatives),closer_to_player2,0,0.5
session_8_player2,Shared agency Communicative Action Mixture (Legibility Over Alternatives),closer_to_player2,1,0.9990654961070513
session_8_player2,Shared agency Communicative Action Mixture (Legibility Over Alternatives),closer_to_player2,2,0.9999962414979436
session_8_player2,Shared agency Communicative Action Mixture (Legibility Over Alternatives),closer_to_player2,3,0.9999998789150305
session_8_player2,Shared agency Communicative Action Mixture (Legibility Over Alternatives),closer_to_player2,4,0.9999999643566118
session_8_player2,Shared agency Communicative Action Mixture (Legibility Over Alternatives),closer_to_player2,5,0.9999999998124117
session_8_player2,Shared agency Communicative Action Mixture (Legibility Over Alternatives),equal_to_both,0,0.5
session_8_player2,Shared agency Communicative Action Mixture (Legibility Over Alternatives),equal_to_both,1,0.6628157916362839
session_8_player2,Shared agency Communicative Action Mixture (Legibility Over Alternatives),equal_to_both,2,0.9943177982233
session_8_player2,Shared agency Communicative Action Mixture (Legibility Over Alternatives),equal_to_both,3,0.9978388066945477
session_8_player2,Shared agency Communicative Action Mixture (Legibility Over Alternatives),equal_to_both,4,0.9999259928455762
session_8_player2,Shared agency Communicative Action Mixture (Legibility Over Alternatives),equal_to_both,5,0.9999868044351992
session_8_player2,Shared agency no signaling,closer_to_player1,0,0.5
session_8_player2,Shared agency no signaling,closer_to_player1,1,0.5075411603839535
session_8_player2,Shared agency no signaling,closer_to_player1,2,0.7137544118606803
session_8_player2,Shared agency no signaling,closer_to_player1,3,0.8273425781189513
session_8_player2,Shared agency no signaling,closer_to_player1,4,0.8289273226347138
session_8_player2,Shared agency no signaling,closer_to_player1,5,0.8307771308680199
session_8_player2,Shared agency no signaling,closer_to_player2,0,0.5
session_8_player2,Shared agency no signaling,closer_to_player2,1,0.6685994610886327
session_8_player2,Shared agency no signaling,closer_to_player2,2,0.6947634281244874
session_8_player2,Shared agency no signaling,closer_to_player2,3,0.6109584726966819
session_8_player2,Shared agency no signaling,closer_to_player2,4,0.6169703026177286
session_8_player2,Shared agency no signaling,closer_to_player2,5,0.9157092821350453
session_8_player2,Shared agency no signaling,equal_to_both,0,0.5
session_8_player2,Shared agency no signaling,equal_to_both,1,0.49929830768017985
session_8_player2,Shared agency no signaling,equal_to_both,2,0.746208107753512
session_8_player2,Shared agency no signaling,equal_to_both,3,0.9960884356466044
session_8_player2,Shared agency no signaling,equal_to_both,4,0.9961040823890728
session_8_player2,Shared agency no signaling,equal_to_both,5,0.9969681643500607
session_9_player1,Shared agency Communicative Action Mixture (Legibility Over Alternatives),closer_to_player1,0,0.5
session_9_player1,Shared agency Communicative Action Mixture (Legibility Over Alternatives),closer_to_player1,1,0.8719254765481027
session_9_player1,Shared agency Communicative Action Mixture (Legibility Over Alternatives),closer_to_player1,2,0.7253390765892299
session_9_player1,Shared agency Communicative Action Mixture (Legibility Over Alternatives),closer_to_player1,3,0.43297495728183905
session_9_player1,Shared agency Communicative Action Mixture (Legibility Over Alternatives),closer_to_player1,4,0.7149462952994191
session_9_player1,Shared agency Communicative Action Mixture (Legibility Over Alternatives),closer_to_player1,5,0.6977113888687282
session_9_player1,Shared agency Communicative Action Mixture (Legibility Over Alternatives),closer_to_player2,0,0.5
session_9_player1,Shared agency Communicative Action Mixture (Legibility Over Alternatives),closer_to_player2,1,0.661408784922048
session_9_player1,Shared agency Communicative Action Mixture (Legibility Over Alternatives),closer_to_player2,2,0.8306635724600459
session_9_player1,Shared agency Communicative Action Mixture (Legibility Over Alternatives),closer_to_player2,3,0.832704627103159
session_9_player1,Shared agency Communicative Action Mixture (Legibility Over Alternatives),closer_to_player2,4,0.7919924985348752
session_9_player1,Shared agency Communicative Action Mixture (Legibility Over Alternatives),closer_to_player2,5,0.8489669269220986
session_9_player1,Shared agency Communicative Action Mixture (Legibility Over Alternatives),equal_to_both,0,0.5
session_9_player1,Shared agency Communicative Action Mixture (Legibility Over Alternatives),equal_to_both,1,0.7446634722039023
session_9_player1,Shared agency Communicative Action Mixture (Legibility Over Alternatives),equal_to_both,2,0.7498959676381308
session_9_player1,Shared agency Communicative Action Mixture (Legibility Over Alternatives),equal_to_both,3,0.749695871411363
session_9_player1,Shared agency Communicative Action Mixture (Legibility Over Alternatives),equal_to_both,4,0.999170679818211
session_9_player1,Shared agency Communicative Action Mixture (Legibility Over Alternatives),equal_to_both,5,0.9999972325411164
session_9_player1,Shared agency no signaling,closer_to_player1,0,0.5
session_9_player1,Shared agency no signaling,closer_to_player1,1,0.7466762698942003
session_9_player1,Shared agency no signaling,closer_to_player1,2,0.695155779460239
session_9_player1,Shared agency no signaling,closer_to_player1,3,0.7807590492480914
session_9_player1,Shared agency no signaling,closer_to_player1,4,0.8596231761497299
session_9_player1,Shared agency no signaling,closer_to_player1,5,0.9188121205519741
session_9_player1,Shared agency no signaling,closer_to_player2,0,0.5
session_9_player1,Shared agency no signaling,closer_to_player2,1,0.7433256228769238
session_9_player1,Shared agency no signaling,closer_to_player2,2,0.744769706510861
session_9_player1,Shared agency no signaling,closer_to_player2,3,0.7534217099489636
session_9_player1,Shared agency no signaling,closer_to_player2,4,0.7520003979300619
session_9_player1,Shared agency no signaling,closer_to_player2,5,0.7893608611985169
session_9_player1,Shared agency no signaling,equal_to_both,0,0.5
session_9_player1,Shared agency no signaling,equal_to_both,1,0.8321817100090013
session_9_player1,Shared agency no signaling,equal_to_both,2,0.8333295051088899
session_9_player1,Shared agency no signaling,equal_to_both,3,0.9994318942037025
session_9_player1,Shared agency no signaling,equal_to_both,4,0.999998065267098
session_9_player1,Shared agency no signaling,equal_to_both,5,0.9999981417217046
session_9_player2,Shared agency Communicative Action Mixture (Legibility Over Alternatives),closer_to_player1,0,0.5
session_9_player2,Shared agency Communicative Action Mixture (Legibility Over Alternatives),closer_to_player1,1,0.6620825526822108
session_9_player2,Shared agency Communicative Action Mixture (Legibility Over Alternatives),closer_to_player1,2,0.8297433992320818
session_9_player2,Shared agency Communicative Action Mixture (Legibility Over Alternatives),closer_to_player1,3,0.5269362790740555
session_9_player2,Shared agency Communicative Action Mixture (Legibility Over Alternatives),closer_to_player1,4,0.8011569473236665
session_9_player2,Shared agency Communicative Action Mixture (Legibility Over Alternatives),closer_to_player1,5,0.8403319037018254
session_9_player2,Shared agency Communicative Action Mixture (Legibility Over Alternatives),closer_to_player2,0,0.5
session_9_player2,Shared agency Communicative Action Mixture (Legibility Over Alternatives),closer_to_player2,1,0.8315270070589355
session_9_player2,Shared agency Communicative Action Mixture (Legibility Over Alternatives),closer_to_player2,2,0.9422736997010611
session_9_player2,Shared agency Communicative Action Mixture (Legibility Over Alternatives),closer_to_player2,3,0.9997694286745887
session_9_player2,Shared agency Communicative Action Mixture (Legibility Over Alternatives),closer_to_player2,4,0.9997719328746394
session_9_player2,Shared agency Communicative Action Mixture (Legibility Over Alternatives),closer_to_player2,5,0.9999999800448999
session_9_player2,Shared agency Communicative Action Mixture (Legibility Over Alternatives),equal_to_both,0,0.5
session_9_player2,Shared agency Communicative Action Mixture (Legibility Over Alternatives),equal_to_both,1,0.7440996228976919
session_9_player2,Shared agency Communicative Action Mixture (Legibility Over Alternatives),equal_to_both,2,0.9917469527554095
session_9_player2,Shared agency Communicative Action Mixture (Legibility Over Alternatives),equal_to_both,3,0.9918838308901496
session_9_player2,Shared agency Communicative Action Mixture (Legibility Over Alternatives),equal_to_both,4,0.9969265055741829
session_9_player2,Shared agency Communicative Action Mixture (Legibility Over Alternatives),equal_to_both,5,0.9969384336996544
session_9_player2,Shared agency no signaling,closer_to_player1,0,0.5
session_9_player2,Shared agency no signaling,closer_to_player1,1,0.49901885096455656
session_9_player2,Shared agency no signaling,closer_to_player1,2,0.4981481635777552
session_9_player2,Shared agency no signaling,closer_to_player1,3,0.7462137979434249
session_9_player2,Shared agency no signaling,closer_to_player1,4,0.7501274933273363
session_9_player2,Shared agency no signaling,closer_to_player1,5,0.7527560437672804
session_9_player2,Shared agency no signaling,closer_to_player2,0,0.5
session_9_player2,Shared agency no signaling,closer_to_player2,1,0.5099081529843877
session_9_player2,Shared agency no signaling,closer_to_player2,2,0.5852431982270231
session_9_player2,Shared agency no signaling,closer_to_player2,3,0.7860243437497098
session_9_player2,Shared agency no signaling,closer_to_player2,4,0.787824630526067
session_9_player2,Shared agency no signaling,closer_to_player2,5,0.7888754537668387
session_9_player2,Shared agency no signaling,equal_to_both,0,0.5
session_9_player2,Shared agency no signaling,equal_to_both,1,0.49757232417470476
session_9_player2,Shared agency no signaling,equal_to_both,2,0.4571230332807932
session_9_player2,Shared agency no signaling,equal_to_both,3,0.9991523778224883
session_9_player2,Shared agency no signaling,equal_to_both,4,0.999443906927917
session_9_player2,Shared agency no signaling,equal_to_both,5,0.9994798984110186
