participantId,group,distanceCondition,stepFromNewGoal,posterior
human_1d1f4cf9-e5f0-4ef5-8d74-ab6b134f25eb_player1,Human-Human,closer_to_player1,0,0.5
human_1d1f4cf9-e5f0-4ef5-8d74-ab6b134f25eb_player1,Human-Human,closer_to_player1,1,0.7610969852590125
human_1d1f4cf9-e5f0-4ef5-8d74-ab6b134f25eb_player1,Human-Human,closer_to_player2,0,0.5
human_1d1f4cf9-e5f0-4ef5-8d74-ab6b134f25eb_player1,Human-Human,closer_to_player2,1,0.5556681857388913
human_1d1f4cf9-e5f0-4ef5-8d74-ab6b134f25eb_player1,Human-Human,closer_to_player2,2,0.6001381422531904
human_1d1f4cf9-e5f0-4ef5-8d74-ab6b134f25eb_player1,Human-Human,closer_to_player2,3,0.6297473313141361
human_1d1f4cf9-e5f0-4ef5-8d74-ab6b134f25eb_player1,Human-Human,closer_to_player2,4,0.6473964210771558
human_1d1f4cf9-e5f0-4ef5-8d74-ab6b134f25eb_player1,Human-Human,closer_to_player2,5,0.48994133399258255
human_1d1f4cf9-e5f0-4ef5-8d74-ab6b134f25eb_player1,Human-Human,equal_to_both,0,0.5
human_1d1f4cf9-e5f0-4ef5-8d74-ab6b134f25eb_player1,Human-Human,equal_to_both,1,0.9998350871766676
human_1d1f4cf9-e5f0-4ef5-8d74-ab6b134f25eb_player1,Human-Human,equal_to_both,2,0.9999998774023262
human_1d1f4cf9-e5f0-4ef5-8d74-ab6b134f25eb_player1,Human-Human,equal_to_both,3,0.9999999997966965
human_1d1f4cf9-e5f0-4ef5-8d74-ab6b134f25eb_player1,Human-Human,equal_to_both,4,0.9999999999999937
human_1d1f4cf9-e5f0-4ef5-8d74-ab6b134f25eb_player2,Human-Human,closer_to_player1,0,0.5
human_1d1f4cf9-e5f0-4ef5-8d74-ab6b134f25eb_player2,Human-Human,closer_to_player1,1,0.5837699035652202
human_1d1f4cf9-e5f0-4ef5-8d74-ab6b134f25eb_player2,Human-Human,closer_to_player1,2,0.6526817184938031
human_1d1f4cf9-e5f0-4ef5-8d74-ab6b134f25eb_player2,Human-Human,closer_to_player1,3,0.6875227631527007
human_1d1f4cf9-e5f0-4ef5-8d74-ab6b134f25eb_player2,Human-Human,closer_to_player1,4,0.575179202186764
human_1d1f4cf9-e5f0-4ef5-8d74-ab6b134f25eb_player2,Human-Human,closer_to_player1,5,0.6183462114957742
human_1d1f4cf9-e5f0-4ef5-8d74-ab6b134f25eb_player2,Human-Human,closer_to_player2,0,0.5
human_1d1f4cf9-e5f0-4ef5-8d74-ab6b134f25eb_player2,Human-Human,closer_to_player2,1,0.75
human_1d1f4cf9-e5f0-4ef5-8d74-ab6b134f25eb_player2,Human-Human,closer_to_player2,2,0.75
human_1d1f4cf9-e5f0-4ef5-8d74-ab6b134f25eb_player2,Human-Human,closer_to_player2,3,0.8030189664333062
human_1d1f4cf9-e5f0-4ef5-8d74-ab6b134f25eb_player2,Human-Human,closer_to_player2,4,0.8680660563578637
human_1d1f4cf9-e5f0-4ef5-8d74-ab6b134f25eb_player2,Human-Human,closer_to_player2,5,1.0
human_1d1f4cf9-e5f0-4ef5-8d74-ab6b134f25eb_player2,Human-Human,equal_to_both,0,0.5
human_1d1f4cf9-e5f0-4ef5-8d74-ab6b134f25eb_player2,Human-Human,equal_to_both,1,0.9998825003927388
human_1d1f4cf9-e5f0-4ef5-8d74-ab6b134f25eb_player2,Human-Human,equal_to_both,2,0.9999999721483802
human_1d1f4cf9-e5f0-4ef5-8d74-ab6b134f25eb_player2,Human-Human,equal_to_both,3,0.9999999999877399
human_1d1f4cf9-e5f0-4ef5-8d74-ab6b134f25eb_player2,Human-Human,equal_to_both,4,0.9999999999999883
human_1d1f4cf9-e5f0-4ef5-8d74-ab6b134f25eb_player2,Human-Human,equal_to_both,5,1.0
human_2ed9e54f-be52-49b9-a758-abb5f5ef5150_player1,Human-Human,closer_to_player1,0,0.5
human_2ed9e54f-be52-49b9-a758-abb5f5ef5150_player1,Human-Human,closer_to_player1,1,0.7758663205053183
human_2ed9e54f-be52-49b9-a758-abb5f5ef5150_player1,Human-Human,closer_to_player1,2,0.9990273989644152
human_2ed9e54f-be52-49b9-a758-abb5f5ef5150_player1,Human-Human,closer_to_player1,3,0.9994993689858838
human_2ed9e54f-be52-49b9-a758-abb5f5ef5150_player1,Human-Human,closer_to_player1,4,0.9999989177410552
human_2ed9e54f-be52-49b9-a758-abb5f5ef5150_player1,Human-Human,closer_to_player1,5,0.9999999073165421
human_2ed9e54f-be52-49b9-a758-abb5f5ef5150_player1,Human-Human,closer_to_player2,0,0.5
human_2ed9e54f-be52-49b9-a758-abb5f5ef5150_player1,Human-Human,closer_to_player2,1,0.5643468117143627
human_2ed9e54f-be52-49b9-a758-abb5f5ef5150_player1,Human-Human,closer_to_player2,2,0.7661981599827906
human_2ed9e54f-be52-49b9-a758-abb5f5ef5150_player1,Human-Human,closer_to_player2,3,0.8135802831034291
human_2ed9e54f-be52-49b9-a758-abb5f5ef5150_player1,Human-Human,closer_to_player2,4,0.9938132445648598
human_2ed9e54f-be52-49b9-a758-abb5f5ef5150_player1,Human-Human,closer_to_player2,5,0.9913394910632052
human_2ed9e54f-be52-49b9-a758-abb5f5ef5150_player1,Human-Human,equal_to_both,0,0.5
human_2ed9e54f-be52-49b9-a758-abb5f5ef5150_player1,Human-Human,equal_to_both,1,0.9881953842690856
human_2ed9e54f-be52-49b9-a758-abb5f5ef5150_player1,Human-Human,equal_to_both,2,0.9937023417007346
human_2ed9e54f-be52-49b9-a758-abb5f5ef5150_player1,Human-Human,equal_to_both,3,0.9997984017054925
human_2ed9e54f-be52-49b9-a758-abb5f5ef5150_player1,Human-Human,equal_to_both,4,0.9999426067878808
human_2ed9e54f-be52-49b9-a758-abb5f5ef5150_player1,Human-Human,equal_to_both,5,0.9999958210741623
human_2ed9e54f-be52-49b9-a758-abb5f5ef5150_player2,Human-Human,closer_to_player1,0,0.5
human_2ed9e54f-be52-49b9-a758-abb5f5ef5150_player2,Human-Human,closer_to_player1,1,0.6657746251635556
human_2ed9e54f-be52-49b9-a758-abb5f5ef5150_player2,Human-Human,closer_to_player1,2,0.8289636684410461
human_2ed9e54f-be52-49b9-a758-abb5f5ef5150_player2,Human-Human,closer_to_player1,3,0.9954633613724827
human_2ed9e54f-be52-49b9-a758-abb5f5ef5150_player2,Human-Human,closer_to_player1,4,0.9999534564587451
human_2ed9e54f-be52-49b9-a758-abb5f5ef5150_player2,Human-Human,closer_to_player1,5,0.9999549572522817
human_2ed9e54f-be52-49b9-a758-abb5f5ef5150_player2,Human-Human,closer_to_player2,0,0.5
human_2ed9e54f-be52-49b9-a758-abb5f5ef5150_player2,Human-Human,closer_to_player2,1,0.5917598717018703
human_2ed9e54f-be52-49b9-a758-abb5f5ef5150_player2,Human-Human,closer_to_player2,2,0.9998678341166193
human_2ed9e54f-be52-49b9-a758-abb5f5ef5150_player2,Human-Human,closer_to_player2,3,0.9999999741183311
human_2ed9e54f-be52-49b9-a758-abb5f5ef5150_player2,Human-Human,closer_to_player2,4,0.9999999999912986
human_2ed9e54f-be52-49b9-a758-abb5f5ef5150_player2,Human-Human,closer_to_player2,5,0.9999999999914267
human_2ed9e54f-be52-49b9-a758-abb5f5ef5150_player2,Human-Human,equal_to_both,0,0.5
human_2ed9e54f-be52-49b9-a758-abb5f5ef5150_player2,Human-Human,equal_to_both,1,0.6469751269876017
human_2ed9e54f-be52-49b9-a758-abb5f5ef5150_player2,Human-Human,equal_to_both,2,0.8093352216337104
human_2ed9e54f-be52-49b9-a758-abb5f5ef5150_player2,Human-Human,equal_to_both,3,0.810699870971279
human_2ed9e54f-be52-49b9-a758-abb5f5ef5150_player2,Human-Human,equal_to_both,4,0.9998812307482887
human_2ed9e54f-be52-49b9-a758-abb5f5ef5150_player2,Human-Human,equal_to_both,5,0.999940134707057
human_31e13002-490a-484d-a0f6-1781673d477a_player1,Human-Human,closer_to_player1,0,0.5
human_31e13002-490a-484d-a0f6-1781673d477a_player1,Human-Human,closer_to_player1,1,0.9999960864970585
human_31e13002-490a-484d-a0f6-1781673d477a_player1,Human-Human,closer_to_player1,2,0.9999999999121916
human_31e13002-490a-484d-a0f6-1781673d477a_player1,Human-Human,closer_to_player1,3,0.9999999999999942
human_31e13002-490a-484d-a0f6-1781673d477a_player1,Human-Human,closer_to_player1,4,1.0
human_31e13002-490a-484d-a0f6-1781673d477a_player1,Human-Human,closer_to_player1,5,1.0
human_31e13002-490a-484d-a0f6-1781673d477a_player1,Human-Human,closer_to_player2,0,0.5
human_31e13002-490a-484d-a0f6-1781673d477a_player1,Human-Human,closer_to_player2,1,0.8331305670518907
human_31e13002-490a-484d-a0f6-1781673d477a_player1,Human-Human,closer_to_player2,2,0.9999999999862887
human_31e13002-490a-484d-a0f6-1781673d477a_player1,Human-Human,closer_to_player2,3,0.9999999999999997
human_31e13002-490a-484d-a0f6-1781673d477a_player1,Human-Human,closer_to_player2,4,1.0
human_31e13002-490a-484d-a0f6-1781673d477a_player1,Human-Human,closer_to_player2,5,1.0
human_31e13002-490a-484d-a0f6-1781673d477a_player1,Human-Human,equal_to_both,0,0.5
human_31e13002-490a-484d-a0f6-1781673d477a_player1,Human-Human,equal_to_both,1,0.8074978962467192
human_31e13002-490a-484d-a0f6-1781673d477a_player1,Human-Human,equal_to_both,2,0.9342216287053232
human_31e13002-490a-484d-a0f6-1781673d477a_player1,Human-Human,equal_to_both,3,0.9649005955159408
human_31e13002-490a-484d-a0f6-1781673d477a_player1,Human-Human,equal_to_both,4,0.9892557193366378
human_31e13002-490a-484d-a0f6-1781673d477a_player1,Human-Human,equal_to_both,5,0.9999663225993152
human_31e13002-490a-484d-a0f6-1781673d477a_player2,Human-Human,closer_to_player1,0,0.5
human_31e13002-490a-484d-a0f6-1781673d477a_player2,Human-Human,closer_to_player1,1,0.9999960864970585
human_31e13002-490a-484d-a0f6-1781673d477a_player2,Human-Human,closer_to_player1,2,0.9999999999121916
human_31e13002-490a-484d-a0f6-1781673d477a_player2,Human-Human,closer_to_player1,3,0.9999999999999942
human_31e13002-490a-484d-a0f6-1781673d477a_player2,Human-Human,closer_to_player1,4,1.0
human_31e13002-490a-484d-a0f6-1781673d477a_player2,Human-Human,closer_to_player1,5,1.0
human_31e13002-490a-484d-a0f6-1781673d477a_player2,Human-Human,closer_to_player2,0,0.5
human_31e13002-490a-484d-a0f6-1781673d477a_player2,Human-Human,closer_to_player2,1,0.8331305670518907
human_31e13002-490a-484d-a0f6-1781673d477a_player2,Human-Human,closer_to_player2,2,0.9999999999862887
human_31e13002-490a-484d-a0f6-1781673d477a_player2,Human-Human,closer_to_player2,3,0.9999999999999997
human_31e13002-490a-484d-a0f6-1781673d477a_player2,Human-Human,closer_to_player2,4,1.0
human_31e13002-490a-484d-a0f6-1781673d477a_player2,Human-Human,closer_to_player2,5,1.0
human_31e13002-490a-484d-a0f6-1781673d477a_player2,Human-Human,equal_to_both,0,0.5
human_31e13002-490a-484d-a0f6-1781673d477a_player2,Human-Human,equal_to_both,1,0.9167974257294883
human_31e13002-490a-484d-a0f6-1781673d477a_player2,Human-Human,equal_to_both,2,0.9999792275796336
human_31e13002-490a-484d-a0f6-1781673d477a_player2,Human-Human,equal_to_both,3,0.9999938976841308
human_31e13002-490a-484d-a0f6-1781673d477a_player2,Human-Human,equal_to_both,4,0.9999969735612456
human_31e13002-490a-484d-a0f6-1781673d477a_player2,Human-Human,equal_to_both,5,0.9999978264615303
human_6558f174-56b6-4592-b53b-bf9ff8c7f3ca_player1,Human-Human,closer_to_player1,0,0.5
human_6558f174-56b6-4592-b53b-bf9ff8c7f3ca_player1,Human-Human,closer_to_player1,1,0.4921405262446865
human_6558f174-56b6-4592-b53b-bf9ff8c7f3ca_player1,Human-Human,closer_to_player1,2,0.5233941255187619
human_6558f174-56b6-4592-b53b-bf9ff8c7f3ca_player1,Human-Human,closer_to_player1,3,0.9999948278062525
human_6558f174-56b6-4592-b53b-bf9ff8c7f3ca_player1,Human-Human,closer_to_player1,4,0.9999999999458297
human_6558f174-56b6-4592-b53b-bf9ff8c7f3ca_player1,Human-Human,closer_to_player1,5,0.9999999999999979
human_6558f174-56b6-4592-b53b-bf9ff8c7f3ca_player1,Human-Human,closer_to_player2,0,0.5
human_6558f174-56b6-4592-b53b-bf9ff8c7f3ca_player1,Human-Human,closer_to_player2,1,0.557449882018272
human_6558f174-56b6-4592-b53b-bf9ff8c7f3ca_player1,Human-Human,closer_to_player2,2,0.603148666997699
human_6558f174-56b6-4592-b53b-bf9ff8c7f3ca_player1,Human-Human,closer_to_player2,3,0.6294358273447516
human_6558f174-56b6-4592-b53b-bf9ff8c7f3ca_player1,Human-Human,closer_to_player2,4,0.5745940088981039
human_6558f174-56b6-4592-b53b-bf9ff8c7f3ca_player1,Human-Human,closer_to_player2,5,0.7918057676495893
human_6558f174-56b6-4592-b53b-bf9ff8c7f3ca_player1,Human-Human,equal_to_both,0,0.5
human_6558f174-56b6-4592-b53b-bf9ff8c7f3ca_player1,Human-Human,equal_to_both,1,0.49696220775128125
human_6558f174-56b6-4592-b53b-bf9ff8c7f3ca_player1,Human-Human,equal_to_both,2,0.49252366574531464
human_6558f174-56b6-4592-b53b-bf9ff8c7f3ca_player1,Human-Human,equal_to_both,3,0.8297205134808497
human_6558f174-56b6-4592-b53b-bf9ff8c7f3ca_player1,Human-Human,equal_to_both,4,0.9995417032425138
human_6558f174-56b6-4592-b53b-bf9ff8c7f3ca_player1,Human-Human,equal_to_both,5,0.9992720146880222
human_6558f174-56b6-4592-b53b-bf9ff8c7f3ca_player2,Human-Human,closer_to_player1,0,0.5
human_6558f174-56b6-4592-b53b-bf9ff8c7f3ca_player2,Human-Human,closer_to_player1,1,0.9906036652189317
human_6558f174-56b6-4592-b53b-bf9ff8c7f3ca_player2,Human-Human,closer_to_player1,2,0.9997020217112024
human_6558f174-56b6-4592-b53b-bf9ff8c7f3ca_player2,Human-Human,closer_to_player1,3,0.9958970340174629
human_6558f174-56b6-4592-b53b-bf9ff8c7f3ca_player2,Human-Human,closer_to_player1,4,0.9975161628765413
human_6558f174-56b6-4592-b53b-bf9ff8c7f3ca_player2,Human-Human,closer_to_player1,5,0.9984536555407922
human_6558f174-56b6-4592-b53b-bf9ff8c7f3ca_player2,Human-Human,closer_to_player2,0,0.5
human_6558f174-56b6-4592-b53b-bf9ff8c7f3ca_player2,Human-Human,closer_to_player2,1,0.8286947001987223
human_6558f174-56b6-4592-b53b-bf9ff8c7f3ca_player2,Human-Human,closer_to_player2,2,0.7987978385244943
human_6558f174-56b6-4592-b53b-bf9ff8c7f3ca_player2,Human-Human,closer_to_player2,3,0.9975624630252788
human_6558f174-56b6-4592-b53b-bf9ff8c7f3ca_player2,Human-Human,closer_to_player2,4,0.9980106372236341
human_6558f174-56b6-4592-b53b-bf9ff8c7f3ca_player2,Human-Human,closer_to_player2,5,0.9985780571869926
human_6558f174-56b6-4592-b53b-bf9ff8c7f3ca_player2,Human-Human,equal_to_both,0,0.5
human_6558f174-56b6-4592-b53b-bf9ff8c7f3ca_player2,Human-Human,equal_to_both,1,0.9953178060048816
human_6558f174-56b6-4592-b53b-bf9ff8c7f3ca_player2,Human-Human,equal_to_both,2,0.9999503864008329
human_6558f174-56b6-4592-b53b-bf9ff8c7f3ca_player2,Human-Human,equal_to_both,3,0.9999863451322186
human_6558f174-56b6-4592-b53b-bf9ff8c7f3ca_player2,Human-Human,equal_to_both,4,0.9999931162527319
human_6558f174-56b6-4592-b53b-bf9ff8c7f3ca_player2,Human-Human,equal_to_both,5,0.9999844889787585
human_6b3ca33d-6a91-4de7-aaef-b55bcb13d712_player1,Human-Human,closer_to_player1,0,0.5
human_6b3ca33d-6a91-4de7-aaef-b55bcb13d712_player1,Human-Human,closer_to_player1,1,0.6658317771763281
human_6b3ca33d-6a91-4de7-aaef-b55bcb13d712_player1,Human-Human,closer_to_player1,2,0.9999999999460397
human_6b3ca33d-6a91-4de7-aaef-b55bcb13d712_player1,Human-Human,closer_to_player1,3,0.9999999999999973
human_6b3ca33d-6a91-4de7-aaef-b55bcb13d712_player1,Human-Human,closer_to_player1,4,1.0
human_6b3ca33d-6a91-4de7-aaef-b55bcb13d712_player1,Human-Human,closer_to_player2,0,0.5
human_6b3ca33d-6a91-4de7-aaef-b55bcb13d712_player1,Human-Human,closer_to_player2,1,0.4437193561718176
human_6b3ca33d-6a91-4de7-aaef-b55bcb13d712_player1,Human-Human,closer_to_player2,2,0.5290988871715112
human_6b3ca33d-6a91-4de7-aaef-b55bcb13d712_player1,Human-Human,closer_to_player2,3,0.6625148868003875
human_6b3ca33d-6a91-4de7-aaef-b55bcb13d712_player1,Human-Human,closer_to_player2,4,0.5009597066484218
human_6b3ca33d-6a91-4de7-aaef-b55bcb13d712_player1,Human-Human,closer_to_player2,5,0.501312359455788
human_6b3ca33d-6a91-4de7-aaef-b55bcb13d712_player1,Human-Human,equal_to_both,0,0.5
human_6b3ca33d-6a91-4de7-aaef-b55bcb13d712_player1,Human-Human,equal_to_both,1,0.8330327504296369
human_6b3ca33d-6a91-4de7-aaef-b55bcb13d712_player1,Human-Human,equal_to_both,2,0.8114703115173447
human_6b3ca33d-6a91-4de7-aaef-b55bcb13d712_player1,Human-Human,equal_to_both,3,0.8367038647385726
human_6b3ca33d-6a91-4de7-aaef-b55bcb13d712_player1,Human-Human,equal_to_both,4,0.9999589428471978
human_6b3ca33d-6a91-4de7-aaef-b55bcb13d712_player1,Human-Human,equal_to_both,5,0.9999692520734423
human_6b3ca33d-6a91-4de7-aaef-b55bcb13d712_player2,Human-Human,closer_to_player1,0,0.5
human_6b3ca33d-6a91-4de7-aaef-b55bcb13d712_player2,Human-Human,closer_to_player1,1,0.5004626996384021
human_6b3ca33d-6a91-4de7-aaef-b55bcb13d712_player2,Human-Human,closer_to_player1,2,0.519001100382714
human_6b3ca33d-6a91-4de7-aaef-b55bcb13d712_player2,Human-Human,closer_to_player1,3,0.6032075841263963
human_6b3ca33d-6a91-4de7-aaef-b55bcb13d712_player2,Human-Human,closer_to_player1,4,0.5866794912556006
human_6b3ca33d-6a91-4de7-aaef-b55bcb13d712_player2,Human-Human,closer_to_player1,5,0.928839449599213
human_6b3ca33d-6a91-4de7-aaef-b55bcb13d712_player2,Human-Human,closer_to_player2,0,0.5
human_6b3ca33d-6a91-4de7-aaef-b55bcb13d712_player2,Human-Human,closer_to_player2,1,0.708906393903014
human_6b3ca33d-6a91-4de7-aaef-b55bcb13d712_player2,Human-Human,closer_to_player2,2,0.755531371456518
human_6b3ca33d-6a91-4de7-aaef-b55bcb13d712_player2,Human-Human,closer_to_player2,3,0.8649479000417969
human_6b3ca33d-6a91-4de7-aaef-b55bcb13d712_player2,Human-Human,closer_to_player2,4,0.6666701018131742
human_6b3ca33d-6a91-4de7-aaef-b55bcb13d712_player2,Human-Human,closer_to_player2,5,0.6666706667797375
human_6b3ca33d-6a91-4de7-aaef-b55bcb13d712_player2,Human-Human,equal_to_both,0,0.5
human_6b3ca33d-6a91-4de7-aaef-b55bcb13d712_player2,Human-Human,equal_to_both,1,0.8625211733700806
human_6b3ca33d-6a91-4de7-aaef-b55bcb13d712_player2,Human-Human,equal_to_both,2,0.8928942215610864
human_6b3ca33d-6a91-4de7-aaef-b55bcb13d712_player2,Human-Human,equal_to_both,3,0.9225084096911331
human_6b3ca33d-6a91-4de7-aaef-b55bcb13d712_player2,Human-Human,equal_to_both,4,0.9499239734862877
human_6b3ca33d-6a91-4de7-aaef-b55bcb13d712_player2,Human-Human,equal_to_both,5,0.9728001965699394
human_74ea1778-cc30-4c70-92fe-ee112edef228_player1,Human-Human,closer_to_player1,0,0.5
human_74ea1778-cc30-4c70-92fe-ee112edef228_player1,Human-Human,closer_to_player1,1,0.6664143229799627
human_74ea1778-cc30-4c70-92fe-ee112edef228_player1,Human-Human,closer_to_player1,2,0.49999999999322975
human_74ea1778-cc30-4c70-92fe-ee112edef228_player1,Human-Human,closer_to_player1,3,0.9999999999999997
human_74ea1778-cc30-4c70-92fe-ee112edef228_player1,Human-Human,closer_to_player1,4,1.0
human_74ea1778-cc30-4c70-92fe-ee112edef228_player1,Human-Human,closer_to_player1,5,1.0
human_74ea1778-cc30-4c70-92fe-ee112edef228_player1,Human-Human,closer_to_player2,0,0.5
human_74ea1778-cc30-4c70-92fe-ee112edef228_player1,Human-Human,closer_to_player2,1,0.49875997925827686
human_74ea1778-cc30-4c70-92fe-ee112edef228_player1,Human-Human,closer_to_player2,2,0.49800801914150933
human_74ea1778-cc30-4c70-92fe-ee112edef228_player1,Human-Human,closer_to_player2,3,0.49740884084345577
human_74ea1778-cc30-4c70-92fe-ee112edef228_player1,Human-Human,closer_to_player2,4,0.5028234218165908
human_74ea1778-cc30-4c70-92fe-ee112edef228_player1,Human-Human,closer_to_player2,5,0.5081342871482177
human_74ea1778-cc30-4c70-92fe-ee112edef228_player1,Human-Human,equal_to_both,0,0.5
human_74ea1778-cc30-4c70-92fe-ee112edef228_player1,Human-Human,equal_to_both,1,0.5294936473348867
human_74ea1778-cc30-4c70-92fe-ee112edef228_player1,Human-Human,equal_to_both,2,0.7837404559851654
human_74ea1778-cc30-4c70-92fe-ee112edef228_player1,Human-Human,equal_to_both,3,0.9223855583814817
human_74ea1778-cc30-4c70-92fe-ee112edef228_player1,Human-Human,equal_to_both,4,0.9499239007137211
human_74ea1778-cc30-4c70-92fe-ee112edef228_player1,Human-Human,equal_to_both,5,0.9728001965058405
human_74ea1778-cc30-4c70-92fe-ee112edef228_player2,Human-Human,closer_to_player1,0,0.5
human_74ea1778-cc30-4c70-92fe-ee112edef228_player2,Human-Human,closer_to_player1,1,0.6663865121579194
human_74ea1778-cc30-4c70-92fe-ee112edef228_player2,Human-Human,closer_to_player1,2,0.016199494406152586
human_74ea1778-cc30-4c70-92fe-ee112edef228_player2,Human-Human,closer_to_player1,3,0.9974620527564545
human_74ea1778-cc30-4c70-92fe-ee112edef228_player2,Human-Human,closer_to_player1,4,0.9999994160148351
human_74ea1778-cc30-4c70-92fe-ee112edef228_player2,Human-Human,closer_to_player2,0,0.5
human_74ea1778-cc30-4c70-92fe-ee112edef228_player2,Human-Human,closer_to_player2,1,0.7522729293055819
human_74ea1778-cc30-4c70-92fe-ee112edef228_player2,Human-Human,closer_to_player2,2,0.5031787232258744
human_74ea1778-cc30-4c70-92fe-ee112edef228_player2,Human-Human,closer_to_player2,3,0.5644907054173365
human_74ea1778-cc30-4c70-92fe-ee112edef228_player2,Human-Human,closer_to_player2,4,0.5191512750958277
human_74ea1778-cc30-4c70-92fe-ee112edef228_player2,Human-Human,closer_to_player2,5,0.6819747015397162
human_74ea1778-cc30-4c70-92fe-ee112edef228_player2,Human-Human,equal_to_both,0,0.5
human_74ea1778-cc30-4c70-92fe-ee112edef228_player2,Human-Human,equal_to_both,1,0.8623331686079408
human_74ea1778-cc30-4c70-92fe-ee112edef228_player2,Human-Human,equal_to_both,2,0.8928941182115633
human_74ea1778-cc30-4c70-92fe-ee112edef228_player2,Human-Human,equal_to_both,3,0.9225084097021692
human_74ea1778-cc30-4c70-92fe-ee112edef228_player2,Human-Human,equal_to_both,4,0.9248859602341392
human_74ea1778-cc30-4c70-92fe-ee112edef228_player2,Human-Human,equal_to_both,5,0.959200294854961
human_975b16bb-4262-4523-94e3-02521faeb953_player1,Human-Human,closer_to_player1,0,0.5
human_975b16bb-4262-4523-94e3-02521faeb953_player1,Human-Human,closer_to_player1,1,0.6408583745425108
human_975b16bb-4262-4523-94e3-02521faeb953_player1,Human-Human,closer_to_player1,2,0.9999999999713998
human_975b16bb-4262-4523-94e3-02521faeb953_player1,Human-Human,closer_to_player1,3,0.9999999999999988
human_975b16bb-4262-4523-94e3-02521faeb953_player1,Human-Human,closer_to_player1,4,0.9999999999999991
human_975b16bb-4262-4523-94e3-02521faeb953_player1,Human-Human,closer_to_player1,5,1.0
human_975b16bb-4262-4523-94e3-02521faeb953_player1,Human-Human,closer_to_player2,0,0.5
human_975b16bb-4262-4523-94e3-02521faeb953_player1,Human-Human,closer_to_player2,1,0.7866069160794745
human_975b16bb-4262-4523-94e3-02521faeb953_player1,Human-Human,closer_to_player2,2,0.835485601613121
human_975b16bb-4262-4523-94e3-02521faeb953_player1,Human-Human,closer_to_player2,3,0.872009619848239
human_975b16bb-4262-4523-94e3-02521faeb953_player1,Human-Human,closer_to_player2,4,0.9339266233379064
human_975b16bb-4262-4523-94e3-02521faeb953_player1,Human-Human,closer_to_player2,5,0.8676105035003211
human_975b16bb-4262-4523-94e3-02521faeb953_player1,Human-Human,equal_to_both,0,0.5
human_975b16bb-4262-4523-94e3-02521faeb953_player1,Human-Human,equal_to_both,1,0.9979717672800003
human_975b16bb-4262-4523-94e3-02521faeb953_player1,Human-Human,equal_to_both,2,0.7450385274815193
human_975b16bb-4262-4523-94e3-02521faeb953_player1,Human-Human,equal_to_both,3,0.5002160006083084
human_975b16bb-4262-4523-94e3-02521faeb953_player1,Human-Human,equal_to_both,4,0.5001045554048901
human_975b16bb-4262-4523-94e3-02521faeb953_player1,Human-Human,equal_to_both,5,6.0272455241611594e-05
human_975b16bb-4262-4523-94e3-02521faeb953_player2,Human-Human,closer_to_player1,0,0.5
human_975b16bb-4262-4523-94e3-02521faeb953_player2,Human-Human,closer_to_player1,1,0.597733828883907
human_975b16bb-4262-4523-94e3-02521faeb953_player2,Human-Human,closer_to_player1,2,0.4837166004684626
human_975b16bb-4262-4523-94e3-02521faeb953_player2,Human-Human,closer_to_player1,3,0.35936252594631446
human_975b16bb-4262-4523-94e3-02521faeb953_player2,Human-Human,closer_to_player1,4,0.4731147296509998
human_975b16bb-4262-4523-94e3-02521faeb953_player2,Human-Human,closer_to_player1,5,0.5248663739022997
human_975b16bb-4262-4523-94e3-02521faeb953_player2,Human-Human,closer_to_player2,0,0.5
human_975b16bb-4262-4523-94e3-02521faeb953_player2,Human-Human,closer_to_player2,1,0.7496862997620424
human_975b16bb-4262-4523-94e3-02521faeb953_player2,Human-Human,closer_to_player2,2,0.7499990985413996
human_975b16bb-4262-4523-94e3-02521faeb953_player2,Human-Human,closer_to_player2,3,0.7499990985413995
human_975b16bb-4262-4523-94e3-02521faeb953_player2,Human-Human,closer_to_player2,4,0.9999958951560095
human_975b16bb-4262-4523-94e3-02521faeb953_player2,Human-Human,closer_to_player2,5,0.9999990985034832
human_975b16bb-4262-4523-94e3-02521faeb953_player2,Human-Human,equal_to_both,0,0.5
human_975b16bb-4262-4523-94e3-02521faeb953_player2,Human-Human,equal_to_both,1,0.9984572571582225
human_975b16bb-4262-4523-94e3-02521faeb953_player2,Human-Human,equal_to_both,2,0.9997759901221247
human_975b16bb-4262-4523-94e3-02521faeb953_player2,Human-Human,equal_to_both,3,0.9999363117902984
human_975b16bb-4262-4523-94e3-02521faeb953_player2,Human-Human,equal_to_both,4,0.9999999513277752
human_975b16bb-4262-4523-94e3-02521faeb953_player2,Human-Human,equal_to_both,5,0.9999999999446392
human_9efbe63f-05a0-4f24-b469-a246d7732c10_player1,Human-Human,closer_to_player1,0,0.5
human_9efbe63f-05a0-4f24-b469-a246d7732c10_player1,Human-Human,closer_to_player1,1,0.6681964389159392
human_9efbe63f-05a0-4f24-b469-a246d7732c10_player1,Human-Human,closer_to_player1,2,0.7532819409662297
human_9efbe63f-05a0-4f24-b469-a246d7732c10_player1,Human-Human,closer_to_player1,3,0.5084950164528806
human_9efbe63f-05a0-4f24-b469-a246d7732c10_player1,Human-Human,closer_to_player1,4,0.5407940693458594
human_9efbe63f-05a0-4f24-b469-a246d7732c10_player1,Human-Human,closer_to_player1,5,0.5372703475911973
human_9efbe63f-05a0-4f24-b469-a246d7732c10_player1,Human-Human,closer_to_player2,0,0.5
human_9efbe63f-05a0-4f24-b469-a246d7732c10_player1,Human-Human,closer_to_player2,1,0.6824463679372866
human_9efbe63f-05a0-4f24-b469-a246d7732c10_player1,Human-Human,closer_to_player2,2,0.5317741031013605
human_9efbe63f-05a0-4f24-b469-a246d7732c10_player1,Human-Human,closer_to_player2,3,0.3291623428460427
human_9efbe63f-05a0-4f24-b469-a246d7732c10_player1,Human-Human,closer_to_player2,4,0.49961072433677867
human_9efbe63f-05a0-4f24-b469-a246d7732c10_player1,Human-Human,closer_to_player2,5,0.49999953889981497
human_9efbe63f-05a0-4f24-b469-a246d7732c10_player1,Human-Human,equal_to_both,0,0.5
human_9efbe63f-05a0-4f24-b469-a246d7732c10_player1,Human-Human,equal_to_both,1,0.2779029746702491
human_9efbe63f-05a0-4f24-b469-a246d7732c10_player1,Human-Human,equal_to_both,2,0.23308364772836979
human_9efbe63f-05a0-4f24-b469-a246d7732c10_player1,Human-Human,equal_to_both,3,0.1942276232672163
human_9efbe63f-05a0-4f24-b469-a246d7732c10_player1,Human-Human,equal_to_both,4,0.4999239102421578
human_9efbe63f-05a0-4f24-b469-a246d7732c10_player1,Human-Human,equal_to_both,5,0.7495162970562416
human_9efbe63f-05a0-4f24-b469-a246d7732c10_player2,Human-Human,closer_to_player1,0,0.5
human_9efbe63f-05a0-4f24-b469-a246d7732c10_player2,Human-Human,closer_to_player1,1,0.4999324406259067
human_9efbe63f-05a0-4f24-b469-a246d7732c10_player2,Human-Human,closer_to_player1,2,0.49702962974235243
human_9efbe63f-05a0-4f24-b469-a246d7732c10_player2,Human-Human,closer_to_player1,3,0.49618304437596006
human_9efbe63f-05a0-4f24-b469-a246d7732c10_player2,Human-Human,closer_to_player1,4,0.5016779841075327
human_9efbe63f-05a0-4f24-b469-a246d7732c10_player2,Human-Human,closer_to_player1,5,0.6254007751032068
human_9efbe63f-05a0-4f24-b469-a246d7732c10_player2,Human-Human,closer_to_player2,0,0.5
human_9efbe63f-05a0-4f24-b469-a246d7732c10_player2,Human-Human,closer_to_player2,1,0.5291823644155517
human_9efbe63f-05a0-4f24-b469-a246d7732c10_player2,Human-Human,closer_to_player2,2,0.3335220013071428
human_9efbe63f-05a0-4f24-b469-a246d7732c10_player2,Human-Human,closer_to_player2,3,0.36833959411990963
human_9efbe63f-05a0-4f24-b469-a246d7732c10_player2,Human-Human,closer_to_player2,4,0.4303751745328212
human_9efbe63f-05a0-4f24-b469-a246d7732c10_player2,Human-Human,closer_to_player2,5,0.4998948966195073
human_9efbe63f-05a0-4f24-b469-a246d7732c10_player2,Human-Human,equal_to_both,0,0.5
human_9efbe63f-05a0-4f24-b469-a246d7732c10_player2,Human-Human,equal_to_both,1,0.5078114174412643
human_9efbe63f-05a0-4f24-b469-a246d7732c10_player2,Human-Human,equal_to_both,2,0.5048506244340828
human_9efbe63f-05a0-4f24-b469-a246d7732c10_player2,Human-Human,equal_to_both,3,0.49335998520984736
human_9efbe63f-05a0-4f24-b469-a246d7732c10_player2,Human-Human,equal_to_both,4,0.8151500855502695
human_9efbe63f-05a0-4f24-b469-a246d7732c10_player2,Human-Human,equal_to_both,5,0.8237173063210143
human_a5a659ea-c541-4c54-9bad-d736222acbb9_player1,Human-Human,closer_to_player1,0,0.5
human_a5a659ea-c541-4c54-9bad-d736222acbb9_player1,Human-Human,closer_to_player1,1,0.7327662305398402
human_a5a659ea-c541-4c54-9bad-d736222acbb9_player1,Human-Human,closer_to_player1,2,0.8464756590825853
human_a5a659ea-c541-4c54-9bad-d736222acbb9_player1,Human-Human,closer_to_player1,3,0.8709880557286174
human_a5a659ea-c541-4c54-9bad-d736222acbb9_player1,Human-Human,closer_to_player1,4,1.0
human_a5a659ea-c541-4c54-9bad-d736222acbb9_player1,Human-Human,closer_to_player1,5,1.0
human_a5a659ea-c541-4c54-9bad-d736222acbb9_player1,Human-Human,closer_to_player2,0,0.5
human_a5a659ea-c541-4c54-9bad-d736222acbb9_player1,Human-Human,closer_to_player2,1,0.7778175897575377
human_a5a659ea-c541-4c54-9bad-d736222acbb9_player1,Human-Human,closer_to_player2,2,0.666666666484789
human_a5a659ea-c541-4c54-9bad-d736222acbb9_player1,Human-Human,closer_to_player2,3,0.6666666666666549
human_a5a659ea-c541-4c54-9bad-d736222acbb9_player1,Human-Human,closer_to_player2,4,1.0
human_a5a659ea-c541-4c54-9bad-d736222acbb9_player1,Human-Human,closer_to_player2,5,1.0
human_a5a659ea-c541-4c54-9bad-d736222acbb9_player1,Human-Human,equal_to_both,0,0.5
human_a5a659ea-c541-4c54-9bad-d736222acbb9_player1,Human-Human,equal_to_both,1,0.922227435174305
human_a5a659ea-c541-4c54-9bad-d736222acbb9_player1,Human-Human,equal_to_both,2,0.9999730366577473
human_a5a659ea-c541-4c54-9bad-d736222acbb9_player1,Human-Human,equal_to_both,3,0.9999999919034034
human_a5a659ea-c541-4c54-9bad-d736222acbb9_player1,Human-Human,equal_to_both,4,0.999999999996002
human_a5a659ea-c541-4c54-9bad-d736222acbb9_player1,Human-Human,equal_to_both,5,0.9999999999999964
human_a5a659ea-c541-4c54-9bad-d736222acbb9_player2,Human-Human,closer_to_player1,0,0.5
human_a5a659ea-c541-4c54-9bad-d736222acbb9_player2,Human-Human,closer_to_player1,1,0.9999950973371947
human_a5a659ea-c541-4c54-9bad-d736222acbb9_player2,Human-Human,closer_to_player1,2,0.9999999999035367
human_a5a659ea-c541-4c54-9bad-d736222acbb9_player2,Human-Human,closer_to_player1,3,0.999999999999994
human_a5a659ea-c541-4c54-9bad-d736222acbb9_player2,Human-Human,closer_to_player1,4,1.0
human_a5a659ea-c541-4c54-9bad-d736222acbb9_player2,Human-Human,closer_to_player2,0,0.5
human_a5a659ea-c541-4c54-9bad-d736222acbb9_player2,Human-Human,closer_to_player2,1,0.7778175897575377
human_a5a659ea-c541-4c54-9bad-d736222acbb9_player2,Human-Human,closer_to_player2,2,0.9999999997271835
human_a5a659ea-c541-4c54-9bad-d736222acbb9_player2,Human-Human,closer_to_player2,3,0.9999999999999823
human_a5a659ea-c541-4c54-9bad-d736222acbb9_player2,Human-Human,closer_to_player2,4,1.0
human_a5a659ea-c541-4c54-9bad-d736222acbb9_player2,Human-Human,closer_to_player2,5,1.0
human_a5a659ea-c541-4c54-9bad-d736222acbb9_player2,Human-Human,equal_to_both,0,0.5
human_a5a659ea-c541-4c54-9bad-d736222acbb9_player2,Human-Human,equal_to_both,1,0.9224619106204887
human_a5a659ea-c541-4c54-9bad-d736222acbb9_player2,Human-Human,equal_to_both,2,0.9999735214293445
human_a5a659ea-c541-4c54-9bad-d736222acbb9_player2,Human-Human,equal_to_both,3,0.9999999935147383
human_a5a659ea-c541-4c54-9bad-d736222acbb9_player2,Human-Human,equal_to_both,4,0.999999999997299
human_a5a659ea-c541-4c54-9bad-d736222acbb9_player2,Human-Human,equal_to_both,5,0.9999999999999974
human_a9a91c71-c38b-4e78-9be4-3c2f5c450004_player1,Human-Human,closer_to_player1,0,0.5
human_a9a91c71-c38b-4e78-9be4-3c2f5c450004_player1,Human-Human,closer_to_player1,1,0.7719967379973406
human_a9a91c71-c38b-4e78-9be4-3c2f5c450004_player1,Human-Human,closer_to_player1,2,0.9999970091559733
human_a9a91c71-c38b-4e78-9be4-3c2f5c450004_player1,Human-Human,closer_to_player1,3,0.9999999998981758
human_a9a91c71-c38b-4e78-9be4-3c2f5c450004_player1,Human-Human,closer_to_player1,4,0.9999999999998723
human_a9a91c71-c38b-4e78-9be4-3c2f5c450004_player1,Human-Human,closer_to_player1,5,0.9999999999999994
human_a9a91c71-c38b-4e78-9be4-3c2f5c450004_player1,Human-Human,closer_to_player2,0,0.5
human_a9a91c71-c38b-4e78-9be4-3c2f5c450004_player1,Human-Human,closer_to_player2,1,0.5000019593112898
human_a9a91c71-c38b-4e78-9be4-3c2f5c450004_player1,Human-Human,closer_to_player2,2,0.5875488040438023
human_a9a91c71-c38b-4e78-9be4-3c2f5c450004_player1,Human-Human,closer_to_player2,3,0.999838987143276
human_a9a91c71-c38b-4e78-9be4-3c2f5c450004_player1,Human-Human,closer_to_player2,4,0.9999999788290438
human_a9a91c71-c38b-4e78-9be4-3c2f5c450004_player1,Human-Human,equal_to_both,0,0.5
human_a9a91c71-c38b-4e78-9be4-3c2f5c450004_player1,Human-Human,equal_to_both,1,0.9170051673010096
human_a9a91c71-c38b-4e78-9be4-3c2f5c450004_player1,Human-Human,equal_to_both,2,0.9998908652672269
human_a9a91c71-c38b-4e78-9be4-3c2f5c450004_player1,Human-Human,equal_to_both,3,0.9999980328216052
human_a9a91c71-c38b-4e78-9be4-3c2f5c450004_player1,Human-Human,equal_to_both,4,0.9999999300171112
human_a9a91c71-c38b-4e78-9be4-3c2f5c450004_player1,Human-Human,equal_to_both,5,0.9999999439479949
human_a9a91c71-c38b-4e78-9be4-3c2f5c450004_player2,Human-Human,closer_to_player1,0,0.5
human_a9a91c71-c38b-4e78-9be4-3c2f5c450004_player2,Human-Human,closer_to_player1,1,0.7721575168646538
human_a9a91c71-c38b-4e78-9be4-3c2f5c450004_player2,Human-Human,closer_to_player1,2,0.9996954528307037
human_a9a91c71-c38b-4e78-9be4-3c2f5c450004_player2,Human-Human,closer_to_player1,3,0.9999866433244934
human_a9a91c71-c38b-4e78-9be4-3c2f5c450004_player2,Human-Human,closer_to_player1,4,0.9992930387566636
human_a9a91c71-c38b-4e78-9be4-3c2f5c450004_player2,Human-Human,closer_to_player1,5,0.9995461729351651
human_a9a91c71-c38b-4e78-9be4-3c2f5c450004_player2,Human-Human,closer_to_player2,0,0.5
human_a9a91c71-c38b-4e78-9be4-3c2f5c450004_player2,Human-Human,closer_to_player2,1,0.3721550638411249
human_a9a91c71-c38b-4e78-9be4-3c2f5c450004_player2,Human-Human,closer_to_player2,2,0.34370058044987317
human_a9a91c71-c38b-4e78-9be4-3c2f5c450004_player2,Human-Human,closer_to_player2,3,1.149581395851065e-11
human_a9a91c71-c38b-4e78-9be4-3c2f5c450004_player2,Human-Human,closer_to_player2,4,3.1226183062535345e-07
human_a9a91c71-c38b-4e78-9be4-3c2f5c450004_player2,Human-Human,closer_to_player2,5,0.0045460283782253795
human_a9a91c71-c38b-4e78-9be4-3c2f5c450004_player2,Human-Human,equal_to_both,0,0.5
human_a9a91c71-c38b-4e78-9be4-3c2f5c450004_player2,Human-Human,equal_to_both,1,0.9938069081784184
human_a9a91c71-c38b-4e78-9be4-3c2f5c450004_player2,Human-Human,equal_to_both,2,0.9980158828211088
human_a9a91c71-c38b-4e78-9be4-3c2f5c450004_player2,Human-Human,equal_to_both,3,0.9808907244678727
human_a9a91c71-c38b-4e78-9be4-3c2f5c450004_player2,Human-Human,equal_to_both,4,0.9969852337057028
human_a9a91c71-c38b-4e78-9be4-3c2f5c450004_player2,Human-Human,equal_to_both,5,0.9981290364756525
human_b40d6c2e-46aa-4680-8f62-ef715fd65b79_player1,Human-Human,closer_to_player1,0,0.5
human_b40d6c2e-46aa-4680-8f62-ef715fd65b79_player1,Human-Human,closer_to_player1,1,0.9014860901047935
human_b40d6c2e-46aa-4680-8f62-ef715fd65b79_player1,Human-Human,closer_to_player1,2,0.9999994932753625
human_b40d6c2e-46aa-4680-8f62-ef715fd65b79_player1,Human-Human,closer_to_player1,3,0.9999999916807759
human_b40d6c2e-46aa-4680-8f62-ef715fd65b79_player1,Human-Human,closer_to_player1,4,0.9999999958107223
human_b40d6c2e-46aa-4680-8f62-ef715fd65b79_player1,Human-Human,closer_to_player1,5,0.9999999979050399
human_b40d6c2e-46aa-4680-8f62-ef715fd65b79_player1,Human-Human,closer_to_player2,0,0.5
human_b40d6c2e-46aa-4680-8f62-ef715fd65b79_player1,Human-Human,closer_to_player2,1,0.6673376730895297
human_b40d6c2e-46aa-4680-8f62-ef715fd65b79_player1,Human-Human,closer_to_player2,2,0.8020357552973173
human_b40d6c2e-46aa-4680-8f62-ef715fd65b79_player1,Human-Human,closer_to_player2,3,0.9036336415266678
human_b40d6c2e-46aa-4680-8f62-ef715fd65b79_player1,Human-Human,closer_to_player2,4,0.9613262096247487
human_b40d6c2e-46aa-4680-8f62-ef715fd65b79_player1,Human-Human,closer_to_player2,5,0.9704504730455676
human_b40d6c2e-46aa-4680-8f62-ef715fd65b79_player1,Human-Human,equal_to_both,0,0.5
human_b40d6c2e-46aa-4680-8f62-ef715fd65b79_player1,Human-Human,equal_to_both,1,0.6649852688577654
human_b40d6c2e-46aa-4680-8f62-ef715fd65b79_player1,Human-Human,equal_to_both,2,0.798765205578555
human_b40d6c2e-46aa-4680-8f62-ef715fd65b79_player1,Human-Human,equal_to_both,3,0.904627957260908
human_b40d6c2e-46aa-4680-8f62-ef715fd65b79_player1,Human-Human,equal_to_both,4,0.9999996300023271
human_b40d6c2e-46aa-4680-8f62-ef715fd65b79_player2,Human-Human,closer_to_player1,0,0.5
human_b40d6c2e-46aa-4680-8f62-ef715fd65b79_player2,Human-Human,closer_to_player1,1,0.8708555410347536
human_b40d6c2e-46aa-4680-8f62-ef715fd65b79_player2,Human-Human,closer_to_player1,2,0.9190753784440416
human_b40d6c2e-46aa-4680-8f62-ef715fd65b79_player2,Human-Human,closer_to_player1,3,0.9529387787894726
human_b40d6c2e-46aa-4680-8f62-ef715fd65b79_player2,Human-Human,closer_to_player1,4,0.9812337784422267
human_b40d6c2e-46aa-4680-8f62-ef715fd65b79_player2,Human-Human,closer_to_player1,5,0.9971136484058922
human_b40d6c2e-46aa-4680-8f62-ef715fd65b79_player2,Human-Human,closer_to_player2,0,0.5
human_b40d6c2e-46aa-4680-8f62-ef715fd65b79_player2,Human-Human,closer_to_player2,1,0.9983940360748051
human_b40d6c2e-46aa-4680-8f62-ef715fd65b79_player2,Human-Human,closer_to_player2,2,0.9986908786305687
human_b40d6c2e-46aa-4680-8f62-ef715fd65b79_player2,Human-Human,closer_to_player2,3,0.9990648229954654
human_b40d6c2e-46aa-4680-8f62-ef715fd65b79_player2,Human-Human,closer_to_player2,4,1.0
human_b40d6c2e-46aa-4680-8f62-ef715fd65b79_player2,Human-Human,closer_to_player2,5,1.0
human_b40d6c2e-46aa-4680-8f62-ef715fd65b79_player2,Human-Human,equal_to_both,0,0.5
human_b40d6c2e-46aa-4680-8f62-ef715fd65b79_player2,Human-Human,equal_to_both,1,0.663860928511299
human_b40d6c2e-46aa-4680-8f62-ef715fd65b79_player2,Human-Human,equal_to_both,2,0.797468404941439
human_b40d6c2e-46aa-4680-8f62-ef715fd65b79_player2,Human-Human,equal_to_both,3,0.9036826878605558
human_b40d6c2e-46aa-4680-8f62-ef715fd65b79_player2,Human-Human,equal_to_both,4,0.999999623758994
human_bf70b991-4d12-4b4f-9ce5-57687e7d0c35_player1,Human-Human,closer_to_player1,0,0.5
human_bf70b991-4d12-4b4f-9ce5-57687e7d0c35_player1,Human-Human,closer_to_player1,1,0.66663688087427
human_bf70b991-4d12-4b4f-9ce5-57687e7d0c35_player1,Human-Human,closer_to_player1,2,0.5414192796592308
human_bf70b991-4d12-4b4f-9ce5-57687e7d0c35_player1,Human-Human,closer_to_player1,3,0.999273406528147
human_bf70b991-4d12-4b4f-9ce5-57687e7d0c35_player1,Human-Human,closer_to_player1,4,0.9999999999999996
human_bf70b991-4d12-4b4f-9ce5-57687e7d0c35_player1,Human-Human,closer_to_player1,5,1.0
human_bf70b991-4d12-4b4f-9ce5-57687e7d0c35_player1,Human-Human,closer_to_player2,0,0.5
human_bf70b991-4d12-4b4f-9ce5-57687e7d0c35_player1,Human-Human,closer_to_player2,1,0.651405334525828
human_bf70b991-4d12-4b4f-9ce5-57687e7d0c35_player1,Human-Human,closer_to_player2,2,0.2280744880982072
human_bf70b991-4d12-4b4f-9ce5-57687e7d0c35_player1,Human-Human,closer_to_player2,3,0.5248345567998096
human_bf70b991-4d12-4b4f-9ce5-57687e7d0c35_player1,Human-Human,closer_to_player2,4,0.9934633886261862
human_bf70b991-4d12-4b4f-9ce5-57687e7d0c35_player1,Human-Human,equal_to_both,0,0.5
human_bf70b991-4d12-4b4f-9ce5-57687e7d0c35_player1,Human-Human,equal_to_both,1,0.6781402478256493
human_bf70b991-4d12-4b4f-9ce5-57687e7d0c35_player1,Human-Human,equal_to_both,2,0.6904946265061839
human_bf70b991-4d12-4b4f-9ce5-57687e7d0c35_player1,Human-Human,equal_to_both,3,0.9997065398748063
human_bf70b991-4d12-4b4f-9ce5-57687e7d0c35_player1,Human-Human,equal_to_both,4,0.9999997424742401
human_bf70b991-4d12-4b4f-9ce5-57687e7d0c35_player1,Human-Human,equal_to_both,5,0.9999999993332398
human_bf70b991-4d12-4b4f-9ce5-57687e7d0c35_player2,Human-Human,closer_to_player1,0,0.5
human_bf70b991-4d12-4b4f-9ce5-57687e7d0c35_player2,Human-Human,closer_to_player1,1,0.5271595944527925
human_bf70b991-4d12-4b4f-9ce5-57687e7d0c35_player2,Human-Human,closer_to_player1,2,0.4785462183743251
human_bf70b991-4d12-4b4f-9ce5-57687e7d0c35_player2,Human-Human,closer_to_player1,3,0.7502944775705931
human_bf70b991-4d12-4b4f-9ce5-57687e7d0c35_player2,Human-Human,closer_to_player1,4,0.7552768046075258
human_bf70b991-4d12-4b4f-9ce5-57687e7d0c35_player2,Human-Human,closer_to_player1,5,0.9999751194484486
human_bf70b991-4d12-4b4f-9ce5-57687e7d0c35_player2,Human-Human,closer_to_player2,0,0.5
human_bf70b991-4d12-4b4f-9ce5-57687e7d0c35_player2,Human-Human,closer_to_player2,1,0.6666639052334551
human_bf70b991-4d12-4b4f-9ce5-57687e7d0c35_player2,Human-Human,closer_to_player2,2,0.6698320636205702
human_bf70b991-4d12-4b4f-9ce5-57687e7d0c35_player2,Human-Human,closer_to_player2,3,0.980445229024587
human_bf70b991-4d12-4b4f-9ce5-57687e7d0c35_player2,Human-Human,closer_to_player2,4,1.0
human_bf70b991-4d12-4b4f-9ce5-57687e7d0c35_player2,Human-Human,closer_to_player2,5,1.0
human_bf70b991-4d12-4b4f-9ce5-57687e7d0c35_player2,Human-Human,equal_to_both,0,0.5
human_bf70b991-4d12-4b4f-9ce5-57687e7d0c35_player2,Human-Human,equal_to_both,1,0.5616109696517314
human_bf70b991-4d12-4b4f-9ce5-57687e7d0c35_player2,Human-Human,equal_to_both,2,0.6046655547376096
human_bf70b991-4d12-4b4f-9ce5-57687e7d0c35_player2,Human-Human,equal_to_both,3,0.6422147224499729
human_bf70b991-4d12-4b4f-9ce5-57687e7d0c35_player2,Human-Human,equal_to_both,4,0.6684905309968029
human_bf70b991-4d12-4b4f-9ce5-57687e7d0c35_player2,Human-Human,equal_to_both,5,0.9787931908777181
human_c252dec7-11a7-48c1-9696-691e0511cbc2_player1,Human-Human,closer_to_player1,0,0.5
human_c252dec7-11a7-48c1-9696-691e0511cbc2_player1,Human-Human,closer_to_player1,1,0.5322183710720801
human_c252dec7-11a7-48c1-9696-691e0511cbc2_player1,Human-Human,closer_to_player1,2,0.3485563190816919
human_c252dec7-11a7-48c1-9696-691e0511cbc2_player1,Human-Human,closer_to_player1,3,0.6542200893030473
human_c252dec7-11a7-48c1-9696-691e0511cbc2_player1,Human-Human,closer_to_player1,4,0.6666145488936728
human_c252dec7-11a7-48c1-9696-691e0511cbc2_player1,Human-Human,closer_to_player1,5,0.6666662196296174
human_c252dec7-11a7-48c1-9696-691e0511cbc2_player1,Human-Human,closer_to_player2,0,0.5
human_c252dec7-11a7-48c1-9696-691e0511cbc2_player1,Human-Human,closer_to_player2,1,0.9998884123908894
human_c252dec7-11a7-48c1-9696-691e0511cbc2_player1,Human-Human,closer_to_player2,2,0.9999999191940695
human_c252dec7-11a7-48c1-9696-691e0511cbc2_player1,Human-Human,closer_to_player2,3,0.6666666666664077
human_c252dec7-11a7-48c1-9696-691e0511cbc2_player1,Human-Human,closer_to_player2,4,0.4999999999999997
human_c252dec7-11a7-48c1-9696-691e0511cbc2_player1,Human-Human,closer_to_player2,5,0.5
human_c252dec7-11a7-48c1-9696-691e0511cbc2_player1,Human-Human,equal_to_both,0,0.5
human_c252dec7-11a7-48c1-9696-691e0511cbc2_player1,Human-Human,equal_to_both,1,0.9987750287533403
human_c252dec7-11a7-48c1-9696-691e0511cbc2_player1,Human-Human,equal_to_both,2,0.9999967564837664
human_c252dec7-11a7-48c1-9696-691e0511cbc2_player1,Human-Human,equal_to_both,3,0.9999999840783228
human_c252dec7-11a7-48c1-9696-691e0511cbc2_player1,Human-Human,equal_to_both,4,0.9999999998686309
human_c252dec7-11a7-48c1-9696-691e0511cbc2_player1,Human-Human,equal_to_both,5,0.99999999999829
human_c252dec7-11a7-48c1-9696-691e0511cbc2_player2,Human-Human,closer_to_player1,0,0.5
human_c252dec7-11a7-48c1-9696-691e0511cbc2_player2,Human-Human,closer_to_player1,1,0.7964075619299766
human_c252dec7-11a7-48c1-9696-691e0511cbc2_player2,Human-Human,closer_to_player1,2,0.7569248971228926
human_c252dec7-11a7-48c1-9696-691e0511cbc2_player2,Human-Human,closer_to_player1,3,0.7187551525094141
human_c252dec7-11a7-48c1-9696-691e0511cbc2_player2,Human-Human,closer_to_player1,4,0.666666268235632
human_c252dec7-11a7-48c1-9696-691e0511cbc2_player2,Human-Human,closer_to_player1,5,0.6947486908038997
human_c252dec7-11a7-48c1-9696-691e0511cbc2_player2,Human-Human,closer_to_player2,0,0.5
human_c252dec7-11a7-48c1-9696-691e0511cbc2_player2,Human-Human,closer_to_player2,1,0.6932577181189513
human_c252dec7-11a7-48c1-9696-691e0511cbc2_player2,Human-Human,closer_to_player2,2,0.9999968552842411
human_c252dec7-11a7-48c1-9696-691e0511cbc2_player2,Human-Human,closer_to_player2,3,0.99999999984533
human_c252dec7-11a7-48c1-9696-691e0511cbc2_player2,Human-Human,closer_to_player2,4,0.9999999999999742
human_c252dec7-11a7-48c1-9696-691e0511cbc2_player2,Human-Human,closer_to_player2,5,1.0
human_c252dec7-11a7-48c1-9696-691e0511cbc2_player2,Human-Human,equal_to_both,0,0.5
human_c252dec7-11a7-48c1-9696-691e0511cbc2_player2,Human-Human,equal_to_both,1,0.9992205890088162
human_c252dec7-11a7-48c1-9696-691e0511cbc2_player2,Human-Human,equal_to_both,2,0.999998669586841
human_c252dec7-11a7-48c1-9696-691e0511cbc2_player2,Human-Human,equal_to_both,3,0.9999999954098822
human_c252dec7-11a7-48c1-9696-691e0511cbc2_player2,Human-Human,equal_to_both,4,0.9999999999699813
human_c252dec7-11a7-48c1-9696-691e0511cbc2_player2,Human-Human,equal_to_both,5,0.9999999999996436
human_c70d7765-1724-49bf-9fed-d8647822e9f2_player1,Human-Human,closer_to_player1,0,0.5
human_c70d7765-1724-49bf-9fed-d8647822e9f2_player1,Human-Human,closer_to_player1,1,0.9999567129670098
human_c70d7765-1724-49bf-9fed-d8647822e9f2_player1,Human-Human,closer_to_player1,2,0.99999998831797
human_c70d7765-1724-49bf-9fed-d8647822e9f2_player1,Human-Human,closer_to_player1,3,0.9999999959833352
human_c70d7765-1724-49bf-9fed-d8647822e9f2_player1,Human-Human,closer_to_player1,4,0.9999999978129094
human_c70d7765-1724-49bf-9fed-d8647822e9f2_player1,Human-Human,closer_to_player1,5,0.9999999991239205
human_c70d7765-1724-49bf-9fed-d8647822e9f2_player1,Human-Human,closer_to_player2,0,0.5
human_c70d7765-1724-49bf-9fed-d8647822e9f2_player1,Human-Human,closer_to_player2,1,0.830746422126665
human_c70d7765-1724-49bf-9fed-d8647822e9f2_player1,Human-Human,closer_to_player2,2,0.8380238500668508
human_c70d7765-1724-49bf-9fed-d8647822e9f2_player1,Human-Human,closer_to_player2,3,0.7589909175450724
human_c70d7765-1724-49bf-9fed-d8647822e9f2_player1,Human-Human,closer_to_player2,4,0.7618125028589724
human_c70d7765-1724-49bf-9fed-d8647822e9f2_player1,Human-Human,closer_to_player2,5,0.8141667306079562
human_c70d7765-1724-49bf-9fed-d8647822e9f2_player1,Human-Human,equal_to_both,0,0.5
human_c70d7765-1724-49bf-9fed-d8647822e9f2_player1,Human-Human,equal_to_both,1,0.8758953085818654
human_c70d7765-1724-49bf-9fed-d8647822e9f2_player1,Human-Human,equal_to_both,2,0.9995066490678718
human_c70d7765-1724-49bf-9fed-d8647822e9f2_player1,Human-Human,equal_to_both,3,0.999999729439203
human_c70d7765-1724-49bf-9fed-d8647822e9f2_player1,Human-Human,equal_to_both,4,0.999999999679542
human_c70d7765-1724-49bf-9fed-d8647822e9f2_player1,Human-Human,equal_to_both,5,0.9999999999977459
human_c70d7765-1724-49bf-9fed-d8647822e9f2_player2,Human-Human,closer_to_player1,0,0.5
human_c70d7765-1724-49bf-9fed-d8647822e9f2_player2,Human-Human,closer_to_player1,1,0.6248904609840231
human_c70d7765-1724-49bf-9fed-d8647822e9f2_player2,Human-Human,closer_to_player1,2,0.7526085124648282
human_c70d7765-1724-49bf-9fed-d8647822e9f2_player2,Human-Human,closer_to_player1,3,0.8448815369120828
human_c70d7765-1724-49bf-9fed-d8647822e9f2_player2,Human-Human,closer_to_player1,4,0.9817147036383126
human_c70d7765-1724-49bf-9fed-d8647822e9f2_player2,Human-Human,closer_to_player1,5,0.9943342789888523
human_c70d7765-1724-49bf-9fed-d8647822e9f2_player2,Human-Human,closer_to_player2,0,0.5
human_c70d7765-1724-49bf-9fed-d8647822e9f2_player2,Human-Human,closer_to_player2,1,0.6953887634683537
human_c70d7765-1724-49bf-9fed-d8647822e9f2_player2,Human-Human,closer_to_player2,2,0.8199869705002243
human_c70d7765-1724-49bf-9fed-d8647822e9f2_player2,Human-Human,closer_to_player2,3,0.9999999999873487
human_c70d7765-1724-49bf-9fed-d8647822e9f2_player2,Human-Human,closer_to_player2,4,0.9999999999999994
human_c70d7765-1724-49bf-9fed-d8647822e9f2_player2,Human-Human,closer_to_player2,5,1.0
human_c70d7765-1724-49bf-9fed-d8647822e9f2_player2,Human-Human,equal_to_both,0,0.5
human_c70d7765-1724-49bf-9fed-d8647822e9f2_player2,Human-Human,equal_to_both,1,0.9996690395142084
human_c70d7765-1724-49bf-9fed-d8647822e9f2_player2,Human-Human,equal_to_both,2,0.9999997142998557
human_c70d7765-1724-49bf-9fed-d8647822e9f2_player2,Human-Human,equal_to_both,3,0.9999999993421613
human_c70d7765-1724-49bf-9fed-d8647822e9f2_player2,Human-Human,equal_to_both,4,0.9999999999967871
human_c70d7765-1724-49bf-9fed-d8647822e9f2_player2,Human-Human,equal_to_both,5,0.9999999999999116
human_cb6a41aa-0534-4a15-86a4-80d9c232a01e_player1,Human-Human,closer_to_player1,0,0.5
human_cb6a41aa-0534-4a15-86a4-80d9c232a01e_player1,Human-Human,closer_to_player1,1,0.9997417573894988
human_cb6a41aa-0534-4a15-86a4-80d9c232a01e_player1,Human-Human,closer_to_player1,2,0.4999998890734102
human_cb6a41aa-0534-4a15-86a4-80d9c232a01e_player1,Human-Human,closer_to_player1,3,1.4960963929621954e-26
human_cb6a41aa-0534-4a15-86a4-80d9c232a01e_player1,Human-Human,closer_to_player2,0,0.5
human_cb6a41aa-0534-4a15-86a4-80d9c232a01e_player1,Human-Human,closer_to_player2,1,0.2502271382128114
human_cb6a41aa-0534-4a15-86a4-80d9c232a01e_player1,Human-Human,closer_to_player2,2,0.013609322105990456
human_cb6a41aa-0534-4a15-86a4-80d9c232a01e_player1,Human-Human,closer_to_player2,3,0.9480620037058577
human_cb6a41aa-0534-4a15-86a4-80d9c232a01e_player1,Human-Human,equal_to_both,0,0.5
human_cb6a41aa-0534-4a15-86a4-80d9c232a01e_player1,Human-Human,equal_to_both,1,0.8882498354255189
human_cb6a41aa-0534-4a15-86a4-80d9c232a01e_player1,Human-Human,equal_to_both,2,0.9329217069385268
human_cb6a41aa-0534-4a15-86a4-80d9c232a01e_player1,Human-Human,equal_to_both,3,0.968209317960024
human_cb6a41aa-0534-4a15-86a4-80d9c232a01e_player1,Human-Human,equal_to_both,4,0.9999998766674129
human_cb6a41aa-0534-4a15-86a4-80d9c232a01e_player1,Human-Human,equal_to_both,5,0.9999999999999997
human_cb6a41aa-0534-4a15-86a4-80d9c232a01e_player2,Human-Human,closer_to_player1,0,0.5
human_cb6a41aa-0534-4a15-86a4-80d9c232a01e_player2,Human-Human,closer_to_player1,1,0.6664972499513748
human_cb6a41aa-0534-4a15-86a4-80d9c232a01e_player2,Human-Human,closer_to_player1,2,0.5211800173580785
human_cb6a41aa-0534-4a15-86a4-80d9c232a01e_player2,Human-Human,closer_to_player1,3,0.9940886513339585
human_cb6a41aa-0534-4a15-86a4-80d9c232a01e_player2,Human-Human,closer_to_player2,0,0.5
human_cb6a41aa-0534-4a15-86a4-80d9c232a01e_player2,Human-Human,closer_to_player2,1,0.7498477416349936
human_cb6a41aa-0534-4a15-86a4-80d9c232a01e_player2,Human-Human,closer_to_player2,2,1.4270087254242194e-30
human_cb6a41aa-0534-4a15-86a4-80d9c232a01e_player2,Human-Human,closer_to_player2,3,1.8879506809135242e-27
human_cb6a41aa-0534-4a15-86a4-80d9c232a01e_player2,Human-Human,equal_to_both,0,0.5
human_cb6a41aa-0534-4a15-86a4-80d9c232a01e_player2,Human-Human,equal_to_both,1,0.8882498354255189
human_cb6a41aa-0534-4a15-86a4-80d9c232a01e_player2,Human-Human,equal_to_both,2,0.9329217069385268
human_cb6a41aa-0534-4a15-86a4-80d9c232a01e_player2,Human-Human,equal_to_both,3,0.968209317960024
human_cb6a41aa-0534-4a15-86a4-80d9c232a01e_player2,Human-Human,equal_to_both,4,0.9999998766674129
human_cb6a41aa-0534-4a15-86a4-80d9c232a01e_player2,Human-Human,equal_to_both,5,0.9999999999999997
human_dbe27c5c-9678-4808-9506-13690c5d442a_player1,Human-Human,closer_to_player1,0,0.5
human_dbe27c5c-9678-4808-9506-13690c5d442a_player1,Human-Human,closer_to_player1,1,0.5891049036989647
human_dbe27c5c-9678-4808-9506-13690c5d442a_player1,Human-Human,closer_to_player2,0,0.5
human_dbe27c5c-9678-4808-9506-13690c5d442a_player1,Human-Human,closer_to_player2,1,0.9998794981520094
human_dbe27c5c-9678-4808-9506-13690c5d442a_player1,Human-Human,closer_to_player2,2,0.9999998754173749
human_dbe27c5c-9678-4808-9506-13690c5d442a_player1,Human-Human,closer_to_player2,3,0.9999999998149633
human_dbe27c5c-9678-4808-9506-13690c5d442a_player1,Human-Human,closer_to_player2,4,0.9999999999986798
human_dbe27c5c-9678-4808-9506-13690c5d442a_player1,Human-Human,closer_to_player2,5,0.9999999999999938
human_dbe27c5c-9678-4808-9506-13690c5d442a_player1,Human-Human,equal_to_both,0,0.5
human_dbe27c5c-9678-4808-9506-13690c5d442a_player1,Human-Human,equal_to_both,1,0.8053485526295842
human_dbe27c5c-9678-4808-9506-13690c5d442a_player1,Human-Human,equal_to_both,2,0.8420220102997268
human_dbe27c5c-9678-4808-9506-13690c5d442a_player1,Human-Human,equal_to_both,3,0.9999539732395792
human_dbe27c5c-9678-4808-9506-13690c5d442a_player1,Human-Human,equal_to_both,4,0.9999466007408531
human_dbe27c5c-9678-4808-9506-13690c5d442a_player1,Human-Human,equal_to_both,5,0.9999318802159295
human_dbe27c5c-9678-4808-9506-13690c5d442a_player2,Human-Human,closer_to_player1,0,0.5
human_dbe27c5c-9678-4808-9506-13690c5d442a_player2,Human-Human,closer_to_player1,1,0.5244352340859002
human_dbe27c5c-9678-4808-9506-13690c5d442a_player2,Human-Human,closer_to_player1,2,0.6354116614569082
human_dbe27c5c-9678-4808-9506-13690c5d442a_player2,Human-Human,closer_to_player1,3,0.15682682080507093
human_dbe27c5c-9678-4808-9506-13690c5d442a_player2,Human-Human,closer_to_player2,0,0.5
human_dbe27c5c-9678-4808-9506-13690c5d442a_player2,Human-Human,closer_to_player2,1,0.6656182755836914
human_dbe27c5c-9678-4808-9506-13690c5d442a_player2,Human-Human,closer_to_player2,2,0.5149095497494439
human_dbe27c5c-9678-4808-9506-13690c5d442a_player2,Human-Human,closer_to_player2,3,0.9965567034370488
human_dbe27c5c-9678-4808-9506-13690c5d442a_player2,Human-Human,equal_to_both,0,0.5
human_dbe27c5c-9678-4808-9506-13690c5d442a_player2,Human-Human,equal_to_both,1,0.1898346541359018
human_dbe27c5c-9678-4808-9506-13690c5d442a_player2,Human-Human,equal_to_both,2,0.5519086712711457
human_dbe27c5c-9678-4808-9506-13690c5d442a_player2,Human-Human,equal_to_both,3,0.7042788133464836
human_dbe27c5c-9678-4808-9506-13690c5d442a_player2,Human-Human,equal_to_both,4,0.9999172847024962
human_dbe27c5c-9678-4808-9506-13690c5d442a_player2,Human-Human,equal_to_both,5,0.9998949304103147
session_0_player1,Shared agency log-odds signaling,closer_to_player1,0,0.5
session_0_player1,Shared agency log-odds signaling,closer_to_player1,1,0.6641744690362118
session_0_player1,Shared agency log-odds signaling,closer_to_player1,2,0.6781580399726912
session_0_player1,Shared agency log-odds signaling,closer_to_player1,3,0.8692094524195988
session_0_player1,Shared agency log-odds signaling,closer_to_player1,4,0.9517175514021416
session_0_player1,Shared agency log-odds signaling,closer_to_player1,5,0.9519043529674539
session_0_player1,Shared agency log-odds signaling,closer_to_player2,0,0.5
session_0_player1,Shared agency log-odds signaling,closer_to_player2,1,0.7073707912167168
session_0_player1,Shared agency log-odds signaling,closer_to_player2,2,0.8293490137133461
session_0_player1,Shared agency log-odds signaling,closer_to_player2,3,0.8277233098570207
session_0_player1,Shared agency log-odds signaling,closer_to_player2,4,0.8353548826775471
session_0_player1,Shared agency log-odds signaling,closer_to_player2,5,0.8348251807627788
session_0_player1,Shared agency log-odds signaling,equal_to_both,0,0.5
session_0_player1,Shared agency log-odds signaling,equal_to_both,1,0.7469689416162247
session_0_player1,Shared agency log-odds signaling,equal_to_both,2,0.9938263235059983
session_0_player1,Shared agency log-odds signaling,equal_to_both,3,0.9969140864253903
session_0_player1,Shared agency log-odds signaling,equal_to_both,4,0.9969346033767672
session_0_player1,Shared agency log-odds signaling,equal_to_both,5,0.9969907941117404
session_0_player1,Shared agency no signaling,closer_to_player1,0,0.5
session_0_player1,Shared agency no signaling,closer_to_player1,1,0.4986292215132228
session_0_player1,Shared agency no signaling,closer_to_player1,2,0.5727067251528652
session_0_player1,Shared agency no signaling,closer_to_player1,3,0.8038591924912051
session_0_player1,Shared agency no signaling,closer_to_player1,4,0.8994477046216693
session_0_player1,Shared agency no signaling,closer_to_player1,5,0.9999806835904615
session_0_player1,Shared agency no signaling,closer_to_player2,0,0.5
session_0_player1,Shared agency no signaling,closer_to_player2,1,0.8036726312489256
session_0_player1,Shared agency no signaling,closer_to_player2,2,0.7968402318870303
session_0_player1,Shared agency no signaling,closer_to_player2,3,0.8245829282519872
session_0_player1,Shared agency no signaling,closer_to_player2,4,0.8306385420666663
session_0_player1,Shared agency no signaling,closer_to_player2,5,0.8299241240086207
session_0_player1,Shared agency no signaling,equal_to_both,0,0.5
session_0_player1,Shared agency no signaling,equal_to_both,1,0.7475598160747812
session_0_player1,Shared agency no signaling,equal_to_both,2,0.9983013509723516
session_0_player1,Shared agency no signaling,equal_to_both,3,0.9983179184202005
session_0_player1,Shared agency no signaling,equal_to_both,4,0.9999943423797972
session_0_player1,Shared agency no signaling,equal_to_both,5,0.9999999651096545
session_0_player2,Shared agency log-odds signaling,closer_to_player1,0,0.5
session_0_player2,Shared agency log-odds signaling,closer_to_player1,1,0.666911619868566
session_0_player2,Shared agency log-odds signaling,closer_to_player1,2,0.6693897896269241
session_0_player2,Shared agency log-odds signaling,closer_to_player1,3,0.6745497386912739
session_0_player2,Shared agency log-odds signaling,closer_to_player1,4,0.7462078131094964
session_0_player2,Shared agency log-odds signaling,closer_to_player1,5,0.884964578986954
session_0_player2,Shared agency log-odds signaling,closer_to_player2,0,0.5
session_0_player2,Shared agency log-odds signaling,closer_to_player2,1,0.49859499967877013
session_0_player2,Shared agency log-odds signaling,closer_to_player2,2,0.5129616751040819
session_0_player2,Shared agency log-odds signaling,closer_to_player2,3,0.874867657368204
session_0_player2,Shared agency log-odds signaling,closer_to_player2,4,0.999995107189728
session_0_player2,Shared agency log-odds signaling,closer_to_player2,5,0.9999999975646482
session_0_player2,Shared agency log-odds signaling,equal_to_both,0,0.5
session_0_player2,Shared agency log-odds signaling,equal_to_both,1,0.9916550058558915
session_0_player2,Shared agency log-odds signaling,equal_to_both,2,0.9917343007418795
session_0_player2,Shared agency log-odds signaling,equal_to_both,3,0.996909123612751
session_0_player2,Shared agency log-odds signaling,equal_to_both,4,0.9970190332467749
session_0_player2,Shared agency log-odds signaling,equal_to_both,5,0.9999939857188418
session_0_player2,Shared agency no signaling,closer_to_player1,0,0.5
session_0_player2,Shared agency no signaling,closer_to_player1,1,0.7435406595824448
session_0_player2,Shared agency no signaling,closer_to_player1,2,0.7447349723706767
session_0_player2,Shared agency no signaling,closer_to_player1,3,0.7503817442111167
session_0_player2,Shared agency no signaling,closer_to_player1,4,0.7921899023507878
session_0_player2,Shared agency no signaling,closer_to_player1,5,0.8278475323421159
session_0_player2,Shared agency no signaling,closer_to_player2,0,0.5
session_0_player2,Shared agency no signaling,closer_to_player2,1,0.7775177807875563
session_0_player2,Shared agency no signaling,closer_to_player2,2,0.9994516431146664
session_0_player2,Shared agency no signaling,closer_to_player2,3,0.9995231609976591
session_0_player2,Shared agency no signaling,closer_to_player2,4,0.9999999130816954
session_0_player2,Shared agency no signaling,closer_to_player2,5,0.9999999347936015
session_0_player2,Shared agency no signaling,equal_to_both,0,0.5
session_0_player2,Shared agency no signaling,equal_to_both,1,0.2516876631083629
session_0_player2,Shared agency no signaling,equal_to_both,2,0.8298991234352832
session_0_player2,Shared agency no signaling,equal_to_both,3,0.8299108501139334
session_0_player2,Shared agency no signaling,equal_to_both,4,0.9995624312987329
session_0_player2,Shared agency no signaling,equal_to_both,5,0.9995706156978683
session_10_player1,Shared agency log-odds signaling,closer_to_player1,0,0.5
session_10_player1,Shared agency log-odds signaling,closer_to_player1,1,0.44450506275931323
session_10_player1,Shared agency log-odds signaling,closer_to_player1,2,0.7192038336400223
session_10_player1,Shared agency log-odds signaling,closer_to_player1,3,0.6909355420711081
session_10_player1,Shared agency log-odds signaling,closer_to_player1,4,0.999896244675958
session_10_player1,Shared agency log-odds signaling,closer_to_player1,5,0.9999986449493345
session_10_player1,Shared agency log-odds signaling,closer_to_player2,0,0.5
session_10_player1,Shared agency log-odds signaling,closer_to_player2,1,0.5031597015161997
session_10_player1,Shared agency log-odds signaling,closer_to_player2,2,0.747930405930491
session_10_player1,Shared agency log-odds signaling,closer_to_player2,3,0.7562525779958563
session_10_player1,Shared agency log-odds signaling,closer_to_player2,4,0.7628705466499865
session_10_player1,Shared agency log-odds signaling,closer_to_player2,5,0.7645348472367173
session_10_player1,Shared agency log-odds signaling,equal_to_both,0,0.5
session_10_player1,Shared agency log-odds signaling,equal_to_both,1,0.7446859866434448
session_10_player1,Shared agency log-odds signaling,equal_to_both,2,0.9968323223058886
session_10_player1,Shared agency log-odds signaling,equal_to_both,3,0.9998781912274068
session_10_player1,Shared agency log-odds signaling,equal_to_both,4,0.9999117337139869
session_10_player1,Shared agency log-odds signaling,equal_to_both,5,0.99991256829429
session_10_player1,Shared agency no signaling,closer_to_player1,0,0.5
session_10_player1,Shared agency no signaling,closer_to_player1,1,0.44450506275931323
session_10_player1,Shared agency no signaling,closer_to_player1,2,0.7192038336400223
session_10_player1,Shared agency no signaling,closer_to_player1,3,0.6909355420711081
session_10_player1,Shared agency no signaling,closer_to_player1,4,0.999896244675958
session_10_player1,Shared agency no signaling,closer_to_player1,5,0.9999986449493345
session_10_player1,Shared agency no signaling,closer_to_player2,0,0.5
session_10_player1,Shared agency no signaling,closer_to_player2,1,0.5031597015161997
session_10_player1,Shared agency no signaling,closer_to_player2,2,0.747930405930491
session_10_player1,Shared agency no signaling,closer_to_player2,3,0.7562525779958563
session_10_player1,Shared agency no signaling,closer_to_player2,4,0.7628705466499865
session_10_player1,Shared agency no signaling,closer_to_player2,5,0.7645348472367173
session_10_player1,Shared agency no signaling,equal_to_both,0,0.5
session_10_player1,Shared agency no signaling,equal_to_both,1,0.7446859866434448
session_10_player1,Shared agency no signaling,equal_to_both,2,0.9968323223058886
session_10_player1,Shared agency no signaling,equal_to_both,3,0.9998781912274068
session_10_player1,Shared agency no signaling,equal_to_both,4,0.9999117337139869
session_10_player1,Shared agency no signaling,equal_to_both,5,0.99991256829429
session_10_player2,Shared agency log-odds signaling,closer_to_player1,0,0.5
session_10_player2,Shared agency log-odds signaling,closer_to_player1,1,0.6185736007870783
session_10_player2,Shared agency log-odds signaling,closer_to_player1,2,0.6765930670821795
session_10_player2,Shared agency log-odds signaling,closer_to_player1,3,0.729102191171186
session_10_player2,Shared agency log-odds signaling,closer_to_player1,4,0.7724053846522873
session_10_player2,Shared agency log-odds signaling,closer_to_player1,5,0.8102241654866562
session_10_player2,Shared agency log-odds signaling,closer_to_player2,0,0.5
session_10_player2,Shared agency log-odds signaling,closer_to_player2,1,0.5687203587390206
session_10_player2,Shared agency log-odds signaling,closer_to_player2,2,0.48472181773393697
session_10_player2,Shared agency log-odds signaling,closer_to_player2,3,0.4443847901132234
session_10_player2,Shared agency log-odds signaling,closer_to_player2,4,0.9999492453911782
session_10_player2,Shared agency log-odds signaling,closer_to_player2,5,0.9999431824933438
session_10_player2,Shared agency log-odds signaling,equal_to_both,0,0.5
session_10_player2,Shared agency log-odds signaling,equal_to_both,1,0.5143591778010012
session_10_player2,Shared agency log-odds signaling,equal_to_both,2,0.7619886738480104
session_10_player2,Shared agency log-odds signaling,equal_to_both,3,0.7653165625242004
session_10_player2,Shared agency log-odds signaling,equal_to_both,4,0.7693548553241032
session_10_player2,Shared agency log-odds signaling,equal_to_both,5,0.5003270024526044
session_10_player2,Shared agency no signaling,closer_to_player1,0,0.5
session_10_player2,Shared agency no signaling,closer_to_player1,1,0.6185736007870783
session_10_player2,Shared agency no signaling,closer_to_player1,2,0.6765930670821795
session_10_player2,Shared agency no signaling,closer_to_player1,3,0.729102191171186
session_10_player2,Shared agency no signaling,closer_to_player1,4,0.7724053846522873
session_10_player2,Shared agency no signaling,closer_to_player1,5,0.8102241654866562
session_10_player2,Shared agency no signaling,closer_to_player2,0,0.5
session_10_player2,Shared agency no signaling,closer_to_player2,1,0.5687203587390206
session_10_player2,Shared agency no signaling,closer_to_player2,2,0.48472181773393697
session_10_player2,Shared agency no signaling,closer_to_player2,3,0.4443847901132234
session_10_player2,Shared agency no signaling,closer_to_player2,4,0.9999492453911782
session_10_player2,Shared agency no signaling,closer_to_player2,5,0.9999431824933438
session_10_player2,Shared agency no signaling,equal_to_both,0,0.5
session_10_player2,Shared agency no signaling,equal_to_both,1,0.5143591778010012
session_10_player2,Shared agency no signaling,equal_to_both,2,0.7619886738480104
session_10_player2,Shared agency no signaling,equal_to_both,3,0.7653165625242004
session_10_player2,Shared agency no signaling,equal_to_both,4,0.7693548553241032
session_10_player2,Shared agency no signaling,equal_to_both,5,0.5003270024526044
session_11_player1,Shared agency log-odds signaling,closer_to_player1,0,0.5
session_11_player1,Shared agency log-odds signaling,closer_to_player1,1,0.9997202624550044
session_11_player1,Shared agency log-odds signaling,closer_to_player1,2,0.9999998064185126
session_11_player1,Shared agency log-odds signaling,closer_to_player1,3,0.9999999996787862
session_11_player1,Shared agency log-odds signaling,closer_to_player1,4,0.9999999999988812
session_11_player1,Shared agency log-odds signaling,closer_to_player1,5,0.9999999999999868
session_11_player1,Shared agency log-odds signaling,closer_to_player2,0,0.5
session_11_player1,Shared agency log-odds signaling,closer_to_player2,1,0.5011740816766337
session_11_player1,Shared agency log-odds signaling,closer_to_player2,2,0.6632266241325194
session_11_player1,Shared agency log-odds signaling,closer_to_player2,3,0.6634946639068805
session_11_player1,Shared agency log-odds signaling,closer_to_player2,4,0.6635392618569562
session_11_player1,Shared agency log-odds signaling,closer_to_player2,5,0.6668399282184957
session_11_player1,Shared agency log-odds signaling,equal_to_both,0,0.5
session_11_player1,Shared agency log-odds signaling,equal_to_both,1,0.8306784789380529
session_11_player1,Shared agency log-odds signaling,equal_to_both,2,0.8339943918282811
session_11_player1,Shared agency log-odds signaling,equal_to_both,3,0.8366178220032815
session_11_player1,Shared agency log-odds signaling,equal_to_both,4,0.9996363140014469
session_11_player1,Shared agency log-odds signaling,equal_to_both,5,0.9999990280670836
session_11_player1,Shared agency no signaling,closer_to_player1,0,0.5
session_11_player1,Shared agency no signaling,closer_to_player1,1,0.9997202624550044
session_11_player1,Shared agency no signaling,closer_to_player1,2,0.9999998064185126
session_11_player1,Shared agency no signaling,closer_to_player1,3,0.9999999996787862
session_11_player1,Shared agency no signaling,closer_to_player1,4,0.9999999999988812
session_11_player1,Shared agency no signaling,closer_to_player1,5,0.9999999999999868
session_11_player1,Shared agency no signaling,closer_to_player2,0,0.5
session_11_player1,Shared agency no signaling,closer_to_player2,1,0.5011740816766337
session_11_player1,Shared agency no signaling,closer_to_player2,2,0.6632266241325194
session_11_player1,Shared agency no signaling,closer_to_player2,3,0.6634946639068805
session_11_player1,Shared agency no signaling,closer_to_player2,4,0.6635392618569562
session_11_player1,Shared agency no signaling,closer_to_player2,5,0.6668399282184957
session_11_player1,Shared agency no signaling,equal_to_both,0,0.5
session_11_player1,Shared agency no signaling,equal_to_both,1,0.8306784789380529
session_11_player1,Shared agency no signaling,equal_to_both,2,0.8339943918282811
session_11_player1,Shared agency no signaling,equal_to_both,3,0.8366178220032815
session_11_player1,Shared agency no signaling,equal_to_both,4,0.9996363140014469
session_11_player1,Shared agency no signaling,equal_to_both,5,0.9999990280670836
session_11_player2,Shared agency log-odds signaling,closer_to_player1,0,0.5
session_11_player2,Shared agency log-odds signaling,closer_to_player1,1,0.6360964232985847
session_11_player2,Shared agency log-odds signaling,closer_to_player1,2,0.8281279744883133
session_11_player2,Shared agency log-odds signaling,closer_to_player1,3,0.9977739905960833
session_11_player2,Shared agency log-odds signaling,closer_to_player1,4,0.9997179225666323
session_11_player2,Shared agency log-odds signaling,closer_to_player1,5,0.9999957100503235
session_11_player2,Shared agency log-odds signaling,closer_to_player2,0,0.5
session_11_player2,Shared agency log-odds signaling,closer_to_player2,1,0.6964039239867522
session_11_player2,Shared agency log-odds signaling,closer_to_player2,2,0.7213443153068703
session_11_player2,Shared agency log-odds signaling,closer_to_player2,3,0.7371728115133288
session_11_player2,Shared agency log-odds signaling,closer_to_player2,4,0.7374159209185623
session_11_player2,Shared agency log-odds signaling,closer_to_player2,5,0.7581637273252381
session_11_player2,Shared agency log-odds signaling,equal_to_both,0,0.5
session_11_player2,Shared agency log-odds signaling,equal_to_both,1,0.8289022056840311
session_11_player2,Shared agency log-odds signaling,equal_to_both,2,0.8292448591085139
session_11_player2,Shared agency log-odds signaling,equal_to_both,3,0.8332717880657549
session_11_player2,Shared agency log-odds signaling,equal_to_both,4,0.8329854191500566
session_11_player2,Shared agency log-odds signaling,equal_to_both,5,0.9999516682821842
session_11_player2,Shared agency no signaling,closer_to_player1,0,0.5
session_11_player2,Shared agency no signaling,closer_to_player1,1,0.6360964232985847
session_11_player2,Shared agency no signaling,closer_to_player1,2,0.8281279744883133
session_11_player2,Shared agency no signaling,closer_to_player1,3,0.9977739905960833
session_11_player2,Shared agency no signaling,closer_to_player1,4,0.9997179225666323
session_11_player2,Shared agency no signaling,closer_to_player1,5,0.9999957100503235
session_11_player2,Shared agency no signaling,closer_to_player2,0,0.5
session_11_player2,Shared agency no signaling,closer_to_player2,1,0.6964039239867522
session_11_player2,Shared agency no signaling,closer_to_player2,2,0.7213443153068703
session_11_player2,Shared agency no signaling,closer_to_player2,3,0.7371728115133288
session_11_player2,Shared agency no signaling,closer_to_player2,4,0.7374159209185623
session_11_player2,Shared agency no signaling,closer_to_player2,5,0.7581637273252381
session_11_player2,Shared agency no signaling,equal_to_both,0,0.5
session_11_player2,Shared agency no signaling,equal_to_both,1,0.8289022056840311
session_11_player2,Shared agency no signaling,equal_to_both,2,0.8292448591085139
session_11_player2,Shared agency no signaling,equal_to_both,3,0.8332717880657549
session_11_player2,Shared agency no signaling,equal_to_both,4,0.8329854191500566
session_11_player2,Shared agency no signaling,equal_to_both,5,0.9999516682821842
session_12_player1,Shared agency log-odds signaling,closer_to_player1,0,0.5
session_12_player1,Shared agency log-odds signaling,closer_to_player1,1,0.33542523686960407
session_12_player1,Shared agency log-odds signaling,closer_to_player1,2,0.3371149671125638
session_12_player1,Shared agency log-odds signaling,closer_to_player1,3,0.6845320837429338
session_12_player1,Shared agency log-odds signaling,closer_to_player1,4,0.8224064753334878
session_12_player1,Shared agency log-odds signaling,closer_to_player1,5,0.8589165657080277
session_12_player1,Shared agency log-odds signaling,closer_to_player2,0,0.5
session_12_player1,Shared agency log-odds signaling,closer_to_player2,1,0.4992370044045327
session_12_player1,Shared agency log-odds signaling,closer_to_player2,2,0.49712625789857845
session_12_player1,Shared agency log-odds signaling,closer_to_player2,3,0.4948491702649394
session_12_player1,Shared agency log-odds signaling,closer_to_player2,4,0.49418653231648
session_12_player1,Shared agency log-odds signaling,closer_to_player2,5,0.45972715061022346
session_12_player1,Shared agency log-odds signaling,equal_to_both,0,0.5
session_12_player1,Shared agency log-odds signaling,equal_to_both,1,0.5069497873659449
session_12_player1,Shared agency log-odds signaling,equal_to_both,2,0.8086830983288751
session_12_player1,Shared agency log-odds signaling,equal_to_both,3,0.8080934518901614
session_12_player1,Shared agency log-odds signaling,equal_to_both,4,0.9967025092072055
session_12_player1,Shared agency log-odds signaling,equal_to_both,5,0.9999431588899259
session_12_player1,Shared agency no signaling,closer_to_player1,0,0.5
session_12_player1,Shared agency no signaling,closer_to_player1,1,0.8346068354242396
session_12_player1,Shared agency no signaling,closer_to_player1,2,0.8354815425344966
session_12_player1,Shared agency no signaling,closer_to_player1,3,0.7045066800650625
session_12_player1,Shared agency no signaling,closer_to_player1,4,0.48951010256929406
session_12_player1,Shared agency no signaling,closer_to_player1,5,0.8231053507921694
session_12_player1,Shared agency no signaling,closer_to_player2,0,0.5
session_12_player1,Shared agency no signaling,closer_to_player2,1,0.4986118256246573
session_12_player1,Shared agency no signaling,closer_to_player2,2,0.5282734802950082
session_12_player1,Shared agency no signaling,closer_to_player2,3,0.5548888178913113
session_12_player1,Shared agency no signaling,closer_to_player2,4,0.5757528208136234
session_12_player1,Shared agency no signaling,closer_to_player2,5,0.6248960451655227
session_12_player1,Shared agency no signaling,equal_to_both,0,0.5
session_12_player1,Shared agency no signaling,equal_to_both,1,0.7405920773814316
session_12_player1,Shared agency no signaling,equal_to_both,2,0.9908414822932462
session_12_player1,Shared agency no signaling,equal_to_both,3,0.9962694218733619
session_12_player1,Shared agency no signaling,equal_to_both,4,0.9964288955157317
session_12_player1,Shared agency no signaling,equal_to_both,5,0.9999877537745434
session_12_player2,Shared agency log-odds signaling,closer_to_player1,0,0.5
session_12_player2,Shared agency log-odds signaling,closer_to_player1,1,0.6651106311367222
session_12_player2,Shared agency log-odds signaling,closer_to_player1,2,0.8316802818768979
session_12_player2,Shared agency log-odds signaling,closer_to_player1,3,0.8306561549629877
session_12_player2,Shared agency log-odds signaling,closer_to_player1,4,0.8321605124222765
session_12_player2,Shared agency log-odds signaling,closer_to_player1,5,0.834489219426767
session_12_player2,Shared agency log-odds signaling,closer_to_player2,0,0.5
session_12_player2,Shared agency log-odds signaling,closer_to_player2,1,0.5056357576025086
session_12_player2,Shared agency log-odds signaling,closer_to_player2,2,0.6731246213901083
session_12_player2,Shared agency log-odds signaling,closer_to_player2,3,0.6989356384723457
session_12_player2,Shared agency log-odds signaling,closer_to_player2,4,0.6904917358197009
session_12_player2,Shared agency log-odds signaling,closer_to_player2,5,0.7661008737136982
session_12_player2,Shared agency log-odds signaling,equal_to_both,0,0.5
session_12_player2,Shared agency log-odds signaling,equal_to_both,1,0.9889124417455173
session_12_player2,Shared agency log-odds signaling,equal_to_both,2,0.991682394119932
session_12_player2,Shared agency log-odds signaling,equal_to_both,3,0.9998424079344177
session_12_player2,Shared agency log-odds signaling,equal_to_both,4,0.9998592544303112
session_12_player2,Shared agency log-odds signaling,equal_to_both,5,0.9998617813644644
session_12_player2,Shared agency no signaling,closer_to_player1,0,0.5
session_12_player2,Shared agency no signaling,closer_to_player1,1,0.3367292464163662
session_12_player2,Shared agency no signaling,closer_to_player1,2,0.4995910700023524
session_12_player2,Shared agency no signaling,closer_to_player1,3,0.6159548892568839
session_12_player2,Shared agency no signaling,closer_to_player1,4,0.8259255242860718
session_12_player2,Shared agency no signaling,closer_to_player1,5,0.8343472151512284
session_12_player2,Shared agency no signaling,closer_to_player2,0,0.5
session_12_player2,Shared agency no signaling,closer_to_player2,1,0.40108420626476476
session_12_player2,Shared agency no signaling,closer_to_player2,2,0.40616591203835845
session_12_player2,Shared agency no signaling,closer_to_player2,3,0.48309646070630335
session_12_player2,Shared agency no signaling,closer_to_player2,4,0.25380525850693963
session_12_player2,Shared agency no signaling,closer_to_player2,5,0.6936480711859683
session_12_player2,Shared agency no signaling,equal_to_both,0,0.5
session_12_player2,Shared agency no signaling,equal_to_both,1,0.7476841669588845
session_12_player2,Shared agency no signaling,equal_to_both,2,0.7476496365677835
session_12_player2,Shared agency no signaling,equal_to_both,3,0.7493064225509596
session_12_player2,Shared agency no signaling,equal_to_both,4,0.7491026626016822
session_12_player2,Shared agency no signaling,equal_to_both,5,0.9991677054946668
session_13_player1,Shared agency log-odds signaling,closer_to_player1,0,0.5
session_13_player1,Shared agency log-odds signaling,closer_to_player1,1,0.8051985598129123
session_13_player1,Shared agency log-odds signaling,closer_to_player1,2,0.8417566527969397
session_13_player1,Shared agency log-odds signaling,closer_to_player1,3,0.7854990581923821
session_13_player1,Shared agency log-odds signaling,closer_to_player1,4,0.9999778529482386
session_13_player1,Shared agency log-odds signaling,closer_to_player1,5,0.9999999986901318
session_13_player1,Shared agency log-odds signaling,closer_to_player2,0,0.5
session_13_player1,Shared agency log-odds signaling,closer_to_player2,1,0.4472831726909226
session_13_player1,Shared agency log-odds signaling,closer_to_player2,2,0.5270522780366566
session_13_player1,Shared agency log-odds signaling,closer_to_player2,3,0.7642733560416669
session_13_player1,Shared agency log-odds signaling,closer_to_player2,4,0.7802053347477056
session_13_player1,Shared agency log-odds signaling,closer_to_player2,5,0.7810013625254952
session_13_player1,Shared agency log-odds signaling,equal_to_both,0,0.5
session_13_player1,Shared agency log-odds signaling,equal_to_both,1,0.3330867059046412
session_13_player1,Shared agency log-odds signaling,equal_to_both,2,0.496173230741393
session_13_player1,Shared agency log-odds signaling,equal_to_both,3,0.7597395582307834
session_13_player1,Shared agency log-odds signaling,equal_to_both,4,0.9988577321178124
session_13_player1,Shared agency log-odds signaling,equal_to_both,5,0.9988799133116374
session_13_player1,Shared agency no signaling,closer_to_player1,0,0.5
session_13_player1,Shared agency no signaling,closer_to_player1,1,0.9992862750563212
session_13_player1,Shared agency no signaling,closer_to_player1,2,0.9995428033035689
session_13_player1,Shared agency no signaling,closer_to_player1,3,0.9999996111035394
session_13_player1,Shared agency no signaling,closer_to_player1,4,0.9999999984671699
session_13_player1,Shared agency no signaling,closer_to_player1,5,0.9999999991847542
session_13_player1,Shared agency no signaling,closer_to_player2,0,0.5
session_13_player1,Shared agency no signaling,closer_to_player2,1,0.6612595159009885
session_13_player1,Shared agency no signaling,closer_to_player2,2,0.9441432720828443
session_13_player1,Shared agency no signaling,closer_to_player2,3,0.9523820397486781
session_13_player1,Shared agency no signaling,closer_to_player2,4,0.9534258034702586
session_13_player1,Shared agency no signaling,closer_to_player2,5,0.9372381668361406
session_13_player1,Shared agency no signaling,equal_to_both,0,0.5
session_13_player1,Shared agency no signaling,equal_to_both,1,0.33323734893469426
session_13_player1,Shared agency no signaling,equal_to_both,2,0.49626267782312045
session_13_player1,Shared agency no signaling,equal_to_both,3,0.49989215329517517
session_13_player1,Shared agency no signaling,equal_to_both,4,0.9622168287109908
session_13_player1,Shared agency no signaling,equal_to_both,5,0.9988729531496441
session_13_player2,Shared agency log-odds signaling,closer_to_player1,0,0.5
session_13_player2,Shared agency log-odds signaling,closer_to_player1,1,0.66021674073275
session_13_player2,Shared agency log-odds signaling,closer_to_player1,2,0.6698062484912591
session_13_player2,Shared agency log-odds signaling,closer_to_player1,3,0.8336002651547344
session_13_player2,Shared agency log-odds signaling,closer_to_player1,4,0.8326192773770672
session_13_player2,Shared agency log-odds signaling,closer_to_player1,5,0.7993084831421023
session_13_player2,Shared agency log-odds signaling,closer_to_player2,0,0.5
session_13_player2,Shared agency log-odds signaling,closer_to_player2,1,0.7347138635596323
session_13_player2,Shared agency log-odds signaling,closer_to_player2,2,0.8117867724431133
session_13_player2,Shared agency log-odds signaling,closer_to_player2,3,0.9022923862281118
session_13_player2,Shared agency log-odds signaling,closer_to_player2,4,0.9135857010582163
session_13_player2,Shared agency log-odds signaling,closer_to_player2,5,0.8927927001839736
session_13_player2,Shared agency log-odds signaling,equal_to_both,0,0.5
session_13_player2,Shared agency log-odds signaling,equal_to_both,1,0.7546546931727192
session_13_player2,Shared agency log-odds signaling,equal_to_both,2,0.9942129878628251
session_13_player2,Shared agency log-odds signaling,equal_to_both,3,0.9944492834515798
session_13_player2,Shared agency log-odds signaling,equal_to_both,4,0.9997965038109554
session_13_player2,Shared agency log-odds signaling,equal_to_both,5,0.9998000449289193
session_13_player2,Shared agency no signaling,closer_to_player1,0,0.5
session_13_player2,Shared agency no signaling,closer_to_player1,1,0.7430126933643505
session_13_player2,Shared agency no signaling,closer_to_player1,2,0.7520284482257735
session_13_player2,Shared agency no signaling,closer_to_player1,3,0.9969703382405255
session_13_player2,Shared agency no signaling,closer_to_player1,4,0.9970529186306851
session_13_player2,Shared agency no signaling,closer_to_player1,5,0.9999806501932241
session_13_player2,Shared agency no signaling,closer_to_player2,0,0.5
session_13_player2,Shared agency no signaling,closer_to_player2,1,0.29459571670529067
session_13_player2,Shared agency no signaling,closer_to_player2,2,0.7059744962488824
session_13_player2,Shared agency no signaling,closer_to_player2,3,0.9026651128377342
session_13_player2,Shared agency no signaling,closer_to_player2,4,0.9430346236328356
session_13_player2,Shared agency no signaling,closer_to_player2,5,0.9690696902882093
session_13_player2,Shared agency no signaling,equal_to_both,0,0.5
session_13_player2,Shared agency no signaling,equal_to_both,1,0.816836857849658
session_13_player2,Shared agency no signaling,equal_to_both,2,0.9941957715722306
session_13_player2,Shared agency no signaling,equal_to_both,3,0.9944492445389962
session_13_player2,Shared agency no signaling,equal_to_both,4,0.9997964334192079
session_13_player2,Shared agency no signaling,equal_to_both,5,0.9998000449008915
session_14_player1,Shared agency log-odds signaling,closer_to_player1,0,0.5
session_14_player1,Shared agency log-odds signaling,closer_to_player1,1,0.7756899749187308
session_14_player1,Shared agency log-odds signaling,closer_to_player1,2,0.9990712861894552
session_14_player1,Shared agency log-odds signaling,closer_to_player1,3,0.9995332653788918
session_14_player1,Shared agency log-odds signaling,closer_to_player1,4,0.9997621104850904
session_14_player1,Shared agency log-odds signaling,closer_to_player1,5,0.6700387131015083
session_14_player1,Shared agency log-odds signaling,closer_to_player2,0,0.5
session_14_player1,Shared agency log-odds signaling,closer_to_player2,1,0.9826559249348005
session_14_player1,Shared agency log-odds signaling,closer_to_player2,2,0.9912693808606603
session_14_player1,Shared agency log-odds signaling,closer_to_player2,3,0.9998314596387724
session_14_player1,Shared agency log-odds signaling,closer_to_player2,4,0.999886519278742
session_14_player1,Shared agency log-odds signaling,closer_to_player2,5,0.999916831400232
session_14_player1,Shared agency log-odds signaling,equal_to_both,0,0.5
session_14_player1,Shared agency log-odds signaling,equal_to_both,1,0.9905538663845835
session_14_player1,Shared agency log-odds signaling,equal_to_both,2,0.6931325964097498
session_14_player1,Shared agency log-odds signaling,equal_to_both,3,0.9865220540630576
session_14_player1,Shared agency log-odds signaling,equal_to_both,4,0.9996332729254729
session_14_player1,Shared agency log-odds signaling,equal_to_both,5,0.9999859036390497
session_14_player1,Shared agency no signaling,closer_to_player1,0,0.5
session_14_player1,Shared agency no signaling,closer_to_player1,1,0.49992005751147683
session_14_player1,Shared agency no signaling,closer_to_player1,2,0.9999845838090891
session_14_player1,Shared agency no signaling,closer_to_player1,3,0.9999999991379666
session_14_player1,Shared agency no signaling,closer_to_player1,4,0.9999999999997962
session_14_player1,Shared agency no signaling,closer_to_player1,5,0.9999999999999385
session_14_player1,Shared agency no signaling,closer_to_player2,0,0.5
session_14_player1,Shared agency no signaling,closer_to_player2,1,0.9826559249348005
session_14_player1,Shared agency no signaling,closer_to_player2,2,0.9912693808606603
session_14_player1,Shared agency no signaling,closer_to_player2,3,0.9917727840155035
session_14_player1,Shared agency no signaling,closer_to_player2,4,0.991953148952244
session_14_player1,Shared agency no signaling,closer_to_player2,5,0.9920325061991866
session_14_player1,Shared agency no signaling,equal_to_both,0,0.5
session_14_player1,Shared agency no signaling,equal_to_both,1,0.9905538663845835
session_14_player1,Shared agency no signaling,equal_to_both,2,0.6931325964097498
session_14_player1,Shared agency no signaling,equal_to_both,3,0.9865220540630576
session_14_player1,Shared agency no signaling,equal_to_both,4,0.9996332729254729
session_14_player1,Shared agency no signaling,equal_to_both,5,0.9999859036390497
session_14_player2,Shared agency log-odds signaling,closer_to_player1,0,0.5
session_14_player2,Shared agency log-odds signaling,closer_to_player1,1,0.6608642269338045
session_14_player2,Shared agency log-odds signaling,closer_to_player1,2,0.6924806022744733
session_14_player2,Shared agency log-odds signaling,closer_to_player1,3,0.7202650777465497
session_14_player2,Shared agency log-odds signaling,closer_to_player1,4,0.7660598362788543
session_14_player2,Shared agency log-odds signaling,closer_to_player1,5,0.7159000321247575
session_14_player2,Shared agency log-odds signaling,closer_to_player2,0,0.5
session_14_player2,Shared agency log-odds signaling,closer_to_player2,1,0.7927403258320624
session_14_player2,Shared agency log-odds signaling,closer_to_player2,2,0.4999533480454575
session_14_player2,Shared agency log-odds signaling,closer_to_player2,3,0.9859144997078284
session_14_player2,Shared agency log-odds signaling,closer_to_player2,4,0.9999997208633207
session_14_player2,Shared agency log-odds signaling,closer_to_player2,5,0.9999999999492835
session_14_player2,Shared agency log-odds signaling,equal_to_both,0,0.5
session_14_player2,Shared agency log-odds signaling,equal_to_both,1,0.28796652230893854
session_14_player2,Shared agency log-odds signaling,equal_to_both,2,0.29514509441366604
session_14_player2,Shared agency log-odds signaling,equal_to_both,3,0.7151991165600983
session_14_player2,Shared agency log-odds signaling,equal_to_both,4,0.8694234230097759
session_14_player2,Shared agency log-odds signaling,equal_to_both,5,0.9989072122995001
session_14_player2,Shared agency no signaling,closer_to_player1,0,0.5
session_14_player2,Shared agency no signaling,closer_to_player1,1,0.48947734505612067
session_14_player2,Shared agency no signaling,closer_to_player1,2,0.4795355177696947
session_14_player2,Shared agency no signaling,closer_to_player1,3,0.46979838317355993
session_14_player2,Shared agency no signaling,closer_to_player1,4,0.4571095584550639
session_14_player2,Shared agency no signaling,closer_to_player1,5,0.34608197380936295
session_14_player2,Shared agency no signaling,closer_to_player2,0,0.5
session_14_player2,Shared agency no signaling,closer_to_player2,1,0.7927403258320624
session_14_player2,Shared agency no signaling,closer_to_player2,2,0.4999533480454575
session_14_player2,Shared agency no signaling,closer_to_player2,3,0.9859144997078284
session_14_player2,Shared agency no signaling,closer_to_player2,4,0.9999997208633207
session_14_player2,Shared agency no signaling,closer_to_player2,5,0.9999999999492835
session_14_player2,Shared agency no signaling,equal_to_both,0,0.5
session_14_player2,Shared agency no signaling,equal_to_both,1,0.28796652230893854
session_14_player2,Shared agency no signaling,equal_to_both,2,0.29514509441366604
session_14_player2,Shared agency no signaling,equal_to_both,3,0.7151991165600983
session_14_player2,Shared agency no signaling,equal_to_both,4,0.8694234230097759
session_14_player2,Shared agency no signaling,equal_to_both,5,0.9989072122995001
session_15_player1,Shared agency log-odds signaling,closer_to_player1,0,0.5
session_15_player1,Shared agency log-odds signaling,closer_to_player1,1,0.5015597946449791
session_15_player1,Shared agency log-odds signaling,closer_to_player1,2,0.8219521172886209
session_15_player1,Shared agency log-odds signaling,closer_to_player1,3,0.8337315241844641
session_15_player1,Shared agency log-odds signaling,closer_to_player1,4,0.8176743523541196
session_15_player1,Shared agency log-odds signaling,closer_to_player1,5,0.8751054511497313
session_15_player1,Shared agency log-odds signaling,closer_to_player2,0,0.5
session_15_player1,Shared agency log-odds signaling,closer_to_player2,1,0.49692596001011424
session_15_player1,Shared agency log-odds signaling,closer_to_player2,2,0.49355363139350217
session_15_player1,Shared agency log-odds signaling,closer_to_player2,3,0.497239641534286
session_15_player1,Shared agency log-odds signaling,closer_to_player2,4,0.5689621087165584
session_15_player1,Shared agency log-odds signaling,closer_to_player2,5,0.5071849494126655
session_15_player1,Shared agency log-odds signaling,equal_to_both,0,0.5
session_15_player1,Shared agency log-odds signaling,equal_to_both,1,0.2506565044748451
session_15_player1,Shared agency log-odds signaling,equal_to_both,2,0.8307469498175614
session_15_player1,Shared agency log-odds signaling,equal_to_both,3,0.9991429679739889
session_15_player1,Shared agency log-odds signaling,equal_to_both,4,0.9999947044444502
session_15_player1,Shared agency log-odds signaling,equal_to_both,5,0.9999947710266288
session_15_player1,Shared agency no signaling,closer_to_player1,0,0.5
session_15_player1,Shared agency no signaling,closer_to_player1,1,0.7493884938628718
session_15_player1,Shared agency no signaling,closer_to_player1,2,0.7500558001951461
session_15_player1,Shared agency no signaling,closer_to_player1,3,0.7871816731191057
session_15_player1,Shared agency no signaling,closer_to_player1,4,0.999995289795533
session_15_player1,Shared agency no signaling,closer_to_player1,5,0.9999999997679229
session_15_player1,Shared agency no signaling,closer_to_player2,0,0.5
session_15_player1,Shared agency no signaling,closer_to_player2,1,0.5026977355425233
session_15_player1,Shared agency no signaling,closer_to_player2,2,0.5014207275247644
session_15_player1,Shared agency no signaling,closer_to_player2,3,0.44069536163976125
session_15_player1,Shared agency no signaling,closer_to_player2,4,0.5237513003929943
session_15_player1,Shared agency no signaling,closer_to_player2,5,0.60728164806143
session_15_player1,Shared agency no signaling,equal_to_both,0,0.5
session_15_player1,Shared agency no signaling,equal_to_both,1,0.5419958250355553
session_15_player1,Shared agency no signaling,equal_to_both,2,0.8326924545968608
session_15_player1,Shared agency no signaling,equal_to_both,3,0.9994298428725689
session_15_player1,Shared agency no signaling,equal_to_both,4,0.9999980741947662
session_15_player1,Shared agency no signaling,equal_to_both,5,0.9999980905875091
session_15_player2,Shared agency log-odds signaling,closer_to_player1,0,0.5
session_15_player2,Shared agency log-odds signaling,closer_to_player1,1,0.49923358169563437
session_15_player2,Shared agency log-odds signaling,closer_to_player1,2,0.49812093056416895
session_15_player2,Shared agency log-odds signaling,closer_to_player1,3,0.49712749629488995
session_15_player2,Shared agency log-odds signaling,closer_to_player1,4,0.49933250322893424
session_15_player2,Shared agency log-odds signaling,closer_to_player1,5,0.4744283976360175
session_15_player2,Shared agency log-odds signaling,closer_to_player2,0,0.5
session_15_player2,Shared agency log-odds signaling,closer_to_player2,1,0.7917571405470984
session_15_player2,Shared agency log-odds signaling,closer_to_player2,2,0.8275628131720126
session_15_player2,Shared agency log-odds signaling,closer_to_player2,3,0.8543711074690161
session_15_player2,Shared agency log-odds signaling,closer_to_player2,4,0.8712459402725583
session_15_player2,Shared agency log-odds signaling,closer_to_player2,5,0.841567329937216
session_15_player2,Shared agency log-odds signaling,equal_to_both,0,0.5
session_15_player2,Shared agency log-odds signaling,equal_to_both,1,0.9966388209344976
session_15_player2,Shared agency log-odds signaling,equal_to_both,2,0.3365744032299134
session_15_player2,Shared agency log-odds signaling,equal_to_both,3,0.3367567219781232
session_15_player2,Shared agency log-odds signaling,equal_to_both,4,0.6667053288310586
session_15_player2,Shared agency log-odds signaling,equal_to_both,5,0.999236431667845
session_15_player2,Shared agency no signaling,closer_to_player1,0,0.5
session_15_player2,Shared agency no signaling,closer_to_player1,1,0.7441635563905833
session_15_player2,Shared agency no signaling,closer_to_player1,2,0.7535857842325098
session_15_player2,Shared agency no signaling,closer_to_player1,3,0.7543186195867639
session_15_player2,Shared agency no signaling,closer_to_player1,4,0.5001709636884315
session_15_player2,Shared agency no signaling,closer_to_player1,5,0.5858134753009948
session_15_player2,Shared agency no signaling,closer_to_player2,0,0.5
session_15_player2,Shared agency no signaling,closer_to_player2,1,0.7475806731147248
session_15_player2,Shared agency no signaling,closer_to_player2,2,0.7853924595089884
session_15_player2,Shared agency no signaling,closer_to_player2,3,0.815055245952466
session_15_player2,Shared agency no signaling,closer_to_player2,4,0.83435632904616
session_15_player2,Shared agency no signaling,closer_to_player2,5,0.8759895200308745
session_15_player2,Shared agency no signaling,equal_to_both,0,0.5
session_15_player2,Shared agency no signaling,equal_to_both,1,0.7874851116337297
session_15_player2,Shared agency no signaling,equal_to_both,2,0.445904558996145
session_15_player2,Shared agency no signaling,equal_to_both,3,0.7482189012555239
session_15_player2,Shared agency no signaling,equal_to_both,4,0.9988162980872589
session_15_player2,Shared agency no signaling,equal_to_both,5,0.9999958447950245
session_16_player1,Shared agency log-odds signaling,closer_to_player1,0,0.5
session_16_player1,Shared agency log-odds signaling,closer_to_player1,1,0.8322434604611325
session_16_player1,Shared agency log-odds signaling,closer_to_player1,2,0.8342310151216399
session_16_player1,Shared agency log-odds signaling,closer_to_player1,3,0.8749282438290272
session_16_player1,Shared agency log-odds signaling,closer_to_player1,4,0.9999585330319327
session_16_player1,Shared agency log-odds signaling,closer_to_player1,5,0.9999998836115945
session_16_player1,Shared agency log-odds signaling,closer_to_player2,0,0.5
session_16_player1,Shared agency log-odds signaling,closer_to_player2,1,0.6628206114781271
session_16_player1,Shared agency log-odds signaling,closer_to_player2,2,0.8316006787274578
session_16_player1,Shared agency log-odds signaling,closer_to_player2,3,0.9946548061488455
session_16_player1,Shared agency log-odds signaling,closer_to_player2,4,0.9999530998114771
session_16_player1,Shared agency log-odds signaling,closer_to_player2,5,0.9999602148555596
session_16_player1,Shared agency log-odds signaling,equal_to_both,0,0.5
session_16_player1,Shared agency log-odds signaling,equal_to_both,1,0.4993392753894356
session_16_player1,Shared agency log-odds signaling,equal_to_both,2,0.4989196171316772
session_16_player1,Shared agency log-odds signaling,equal_to_both,3,0.4984286965677718
session_16_player1,Shared agency log-odds signaling,equal_to_both,4,0.49219815990168675
session_16_player1,Shared agency log-odds signaling,equal_to_both,5,0.9997493940763262
session_16_player1,Shared agency no signaling,closer_to_player1,0,0.5
session_16_player1,Shared agency no signaling,closer_to_player1,1,0.5013394132894796
session_16_player1,Shared agency no signaling,closer_to_player1,2,0.7930801505065865
session_16_player1,Shared agency no signaling,closer_to_player1,3,0.9999210823925262
session_16_player1,Shared agency no signaling,closer_to_player1,4,0.9999999373821967
session_16_player1,Shared agency no signaling,closer_to_player1,5,0.9999999991422813
session_16_player1,Shared agency no signaling,closer_to_player2,0,0.5
session_16_player1,Shared agency no signaling,closer_to_player2,1,0.6639408775511869
session_16_player1,Shared agency no signaling,closer_to_player2,2,0.6705280010955951
session_16_player1,Shared agency no signaling,closer_to_player2,3,0.8341119493226116
session_16_player1,Shared agency no signaling,closer_to_player2,4,0.8361543548461631
session_16_player1,Shared agency no signaling,closer_to_player2,5,0.8369766936312913
session_16_player1,Shared agency no signaling,equal_to_both,0,0.5
session_16_player1,Shared agency no signaling,equal_to_both,1,0.4999373825301606
session_16_player1,Shared agency no signaling,equal_to_both,2,0.4999223075623082
session_16_player1,Shared agency no signaling,equal_to_both,3,0.4996723272723671
session_16_player1,Shared agency no signaling,equal_to_both,4,0.4936432636468707
session_16_player1,Shared agency no signaling,equal_to_both,5,0.9997475031493722
session_16_player2,Shared agency log-odds signaling,closer_to_player1,0,0.5
session_16_player2,Shared agency log-odds signaling,closer_to_player1,1,0.4967047016405883
session_16_player2,Shared agency log-odds signaling,closer_to_player1,2,0.5031507351576455
session_16_player2,Shared agency log-odds signaling,closer_to_player1,3,0.6253220925534553
session_16_player2,Shared agency log-odds signaling,closer_to_player1,4,0.5996511676159559
session_16_player2,Shared agency log-odds signaling,closer_to_player1,5,0.6423329631360633
session_16_player2,Shared agency log-odds signaling,closer_to_player2,0,0.5
session_16_player2,Shared agency log-odds signaling,closer_to_player2,1,0.834100651087455
session_16_player2,Shared agency log-odds signaling,closer_to_player2,2,0.8694579384102679
session_16_player2,Shared agency log-odds signaling,closer_to_player2,3,0.9999859843439096
session_16_player2,Shared agency log-odds signaling,closer_to_player2,4,0.9999999967298988
session_16_player2,Shared agency log-odds signaling,closer_to_player2,5,0.9999999999974363
session_16_player2,Shared agency log-odds signaling,equal_to_both,0,0.5
session_16_player2,Shared agency log-odds signaling,equal_to_both,1,0.9924974417692435
session_16_player2,Shared agency log-odds signaling,equal_to_both,2,0.9939893313432169
session_16_player2,Shared agency log-odds signaling,equal_to_both,3,0.9999606400222513
session_16_player2,Shared agency log-odds signaling,equal_to_both,4,0.9999992953509301
session_16_player2,Shared agency log-odds signaling,equal_to_both,5,0.9999996614573892
session_16_player2,Shared agency no signaling,closer_to_player1,0,0.5
session_16_player2,Shared agency no signaling,closer_to_player1,1,0.6635881952226007
session_16_player2,Shared agency no signaling,closer_to_player1,2,0.826375289059587
session_16_player2,Shared agency no signaling,closer_to_player1,3,0.994542439622193
session_16_player2,Shared agency no signaling,closer_to_player1,4,0.9979896899714763
session_16_player2,Shared agency no signaling,closer_to_player1,5,0.9979954885326333
session_16_player2,Shared agency no signaling,closer_to_player2,0,0.5
session_16_player2,Shared agency no signaling,closer_to_player2,1,0.5697584566353084
session_16_player2,Shared agency no signaling,closer_to_player2,2,0.7541600855731265
session_16_player2,Shared agency no signaling,closer_to_player2,3,0.9024397865829652
session_16_player2,Shared agency no signaling,closer_to_player2,4,0.9135850902241454
session_16_player2,Shared agency no signaling,closer_to_player2,5,0.8927919850499378
session_16_player2,Shared agency no signaling,equal_to_both,0,0.5
session_16_player2,Shared agency no signaling,equal_to_both,1,0.993736502515344
session_16_player2,Shared agency no signaling,equal_to_both,2,0.9938604802682035
session_16_player2,Shared agency no signaling,equal_to_both,3,0.9999618356093467
session_16_player2,Shared agency no signaling,equal_to_both,4,0.9999995873153463
session_16_player2,Shared agency no signaling,equal_to_both,5,0.9999999887477993
session_17_player1,Shared agency log-odds signaling,closer_to_player1,0,0.5
session_17_player1,Shared agency log-odds signaling,closer_to_player1,1,0.6642917241910739
session_17_player1,Shared agency log-odds signaling,closer_to_player1,2,0.6665694503910142
session_17_player1,Shared agency log-odds signaling,closer_to_player1,3,0.7343221630041065
session_17_player1,Shared agency log-odds signaling,closer_to_player1,4,0.9998824518556927
session_17_player1,Shared agency log-odds signaling,closer_to_player1,5,0.9999998873701422
session_17_player1,Shared agency log-odds signaling,closer_to_player2,0,0.5
session_17_player1,Shared agency log-odds signaling,closer_to_player2,1,0.4989899832245405
session_17_player1,Shared agency log-odds signaling,closer_to_player2,2,0.5010214132207184
session_17_player1,Shared agency log-odds signaling,closer_to_player2,3,0.5471296163702318
session_17_player1,Shared agency log-odds signaling,closer_to_player2,4,0.6408702885375999
session_17_player1,Shared agency log-odds signaling,closer_to_player2,5,0.6760686269447534
session_17_player1,Shared agency log-odds signaling,equal_to_both,0,0.5
session_17_player1,Shared agency log-odds signaling,equal_to_both,1,0.9871783071377891
session_17_player1,Shared agency log-odds signaling,equal_to_both,2,0.9928863117778209
session_17_player1,Shared agency log-odds signaling,equal_to_both,3,0.9997782294017877
session_17_player1,Shared agency log-odds signaling,equal_to_both,4,0.9999948799192909
session_17_player1,Shared agency log-odds signaling,equal_to_both,5,0.9999956777122936
session_17_player1,Shared agency no signaling,closer_to_player1,0,0.5
session_17_player1,Shared agency no signaling,closer_to_player1,1,0.6642917241910739
session_17_player1,Shared agency no signaling,closer_to_player1,2,0.6665694503910142
session_17_player1,Shared agency no signaling,closer_to_player1,3,0.7343221630041065
session_17_player1,Shared agency no signaling,closer_to_player1,4,0.9998824518556927
session_17_player1,Shared agency no signaling,closer_to_player1,5,0.9999999075870036
session_17_player1,Shared agency no signaling,closer_to_player2,0,0.5
session_17_player1,Shared agency no signaling,closer_to_player2,1,0.4993312433839585
session_17_player1,Shared agency no signaling,closer_to_player2,2,0.5015547062794873
session_17_player1,Shared agency no signaling,closer_to_player2,3,0.5457244673953655
session_17_player1,Shared agency no signaling,closer_to_player2,4,0.5974467942720393
session_17_player1,Shared agency no signaling,closer_to_player2,5,0.6900724319290811
session_17_player1,Shared agency no signaling,equal_to_both,0,0.5
session_17_player1,Shared agency no signaling,equal_to_both,1,0.9871783071377891
session_17_player1,Shared agency no signaling,equal_to_both,2,0.9928863117778209
session_17_player1,Shared agency no signaling,equal_to_both,3,0.9997782294017877
session_17_player1,Shared agency no signaling,equal_to_both,4,0.9998549044789429
session_17_player1,Shared agency no signaling,equal_to_both,5,0.9998577930111868
session_17_player2,Shared agency log-odds signaling,closer_to_player1,0,0.5
session_17_player2,Shared agency log-odds signaling,closer_to_player1,1,0.6632240189076222
session_17_player2,Shared agency log-odds signaling,closer_to_player1,2,0.8314834829826679
session_17_player2,Shared agency log-odds signaling,closer_to_player1,3,0.8354047148298669
session_17_player2,Shared agency log-odds signaling,closer_to_player1,4,0.8369658716360555
session_17_player2,Shared agency log-odds signaling,closer_to_player1,5,0.8378463089469205
session_17_player2,Shared agency log-odds signaling,closer_to_player2,0,0.5
session_17_player2,Shared agency log-odds signaling,closer_to_player2,1,0.49571067817233233
session_17_player2,Shared agency log-odds signaling,closer_to_player2,2,0.461116020322292
session_17_player2,Shared agency log-odds signaling,closer_to_player2,3,0.5366818460649944
session_17_player2,Shared agency log-odds signaling,closer_to_player2,4,0.34686848110970186
session_17_player2,Shared agency log-odds signaling,closer_to_player2,5,0.3808549576673592
session_17_player2,Shared agency log-odds signaling,equal_to_both,0,0.5
session_17_player2,Shared agency log-odds signaling,equal_to_both,1,0.5023467135031129
session_17_player2,Shared agency log-odds signaling,equal_to_both,2,0.8662631108276523
session_17_player2,Shared agency log-odds signaling,equal_to_both,3,0.9929197298286149
session_17_player2,Shared agency log-odds signaling,equal_to_both,4,0.9964395464842261
session_17_player2,Shared agency log-odds signaling,equal_to_both,5,0.9965015776565186
session_17_player2,Shared agency no signaling,closer_to_player1,0,0.5
session_17_player2,Shared agency no signaling,closer_to_player1,1,0.6632240189076222
session_17_player2,Shared agency no signaling,closer_to_player1,2,0.8261734859175985
session_17_player2,Shared agency no signaling,closer_to_player1,3,0.8353159535308162
session_17_player2,Shared agency no signaling,closer_to_player1,4,0.836963717345378
session_17_player2,Shared agency no signaling,closer_to_player1,5,0.8378441726330363
session_17_player2,Shared agency no signaling,closer_to_player2,0,0.5
session_17_player2,Shared agency no signaling,closer_to_player2,1,0.6630666372982076
session_17_player2,Shared agency no signaling,closer_to_player2,2,0.6313296671282321
session_17_player2,Shared agency no signaling,closer_to_player2,3,0.6903969695105925
session_17_player2,Shared agency no signaling,closer_to_player2,4,0.7286848251237187
session_17_player2,Shared agency no signaling,closer_to_player2,5,0.8018226962520726
session_17_player2,Shared agency no signaling,equal_to_both,0,0.5
session_17_player2,Shared agency no signaling,equal_to_both,1,0.5023467135031129
session_17_player2,Shared agency no signaling,equal_to_both,2,0.8662631108276523
session_17_player2,Shared agency no signaling,equal_to_both,3,0.9929197298286149
session_17_player2,Shared agency no signaling,equal_to_both,4,0.9964395464842261
session_17_player2,Shared agency no signaling,equal_to_both,5,0.9965015776565186
session_18_player1,Shared agency log-odds signaling,closer_to_player1,0,0.5
session_18_player1,Shared agency log-odds signaling,closer_to_player1,1,0.4607166252297296
session_18_player1,Shared agency log-odds signaling,closer_to_player1,2,0.6853137321898338
session_18_player1,Shared agency log-odds signaling,closer_to_player1,3,0.7551562910747175
session_18_player1,Shared agency log-odds signaling,closer_to_player1,4,0.6708126242578448
session_18_player1,Shared agency log-odds signaling,closer_to_player1,5,0.821829722947243
session_18_player1,Shared agency log-odds signaling,closer_to_player2,0,0.5
session_18_player1,Shared agency log-odds signaling,closer_to_player2,1,0.6632170458167165
session_18_player1,Shared agency log-odds signaling,closer_to_player2,2,0.6675364694143435
session_18_player1,Shared agency log-odds signaling,closer_to_player2,3,0.6976136730952666
session_18_player1,Shared agency log-odds signaling,closer_to_player2,4,0.7242066513917443
session_18_player1,Shared agency log-odds signaling,closer_to_player2,5,0.7434778311191627
session_18_player1,Shared agency log-odds signaling,equal_to_both,0,0.5
session_18_player1,Shared agency log-odds signaling,equal_to_both,1,0.7469547035790824
session_18_player1,Shared agency log-odds signaling,equal_to_both,2,0.995267236167954
session_18_player1,Shared agency log-odds signaling,equal_to_both,3,0.9952900758583414
session_18_player1,Shared agency log-odds signaling,equal_to_both,4,0.9983272120518953
session_18_player1,Shared agency log-odds signaling,equal_to_both,5,0.9983823148738145
session_18_player1,Shared agency no signaling,closer_to_player1,0,0.5
session_18_player1,Shared agency no signaling,closer_to_player1,1,0.8348380018427609
session_18_player1,Shared agency no signaling,closer_to_player1,2,0.8356677388203883
session_18_player1,Shared agency no signaling,closer_to_player1,3,0.8337283685473594
session_18_player1,Shared agency no signaling,closer_to_player1,4,0.8476448573879711
session_18_player1,Shared agency no signaling,closer_to_player1,5,0.8828580638589237
session_18_player1,Shared agency no signaling,closer_to_player2,0,0.5
session_18_player1,Shared agency no signaling,closer_to_player2,1,0.5033228388085809
session_18_player1,Shared agency no signaling,closer_to_player2,2,0.6642157909093859
session_18_player1,Shared agency no signaling,closer_to_player2,3,0.8307090709298083
session_18_player1,Shared agency no signaling,closer_to_player2,4,0.8322976649482582
session_18_player1,Shared agency no signaling,closer_to_player2,5,0.8350900501366607
session_18_player1,Shared agency no signaling,equal_to_both,0,0.5
session_18_player1,Shared agency no signaling,equal_to_both,1,0.6700458776302276
session_18_player1,Shared agency no signaling,equal_to_both,2,0.9975990489778289
session_18_player1,Shared agency no signaling,equal_to_both,3,0.9977657524089746
session_18_player1,Shared agency no signaling,equal_to_both,4,0.9979708974624141
session_18_player1,Shared agency no signaling,equal_to_both,5,0.9999917011599563
session_18_player2,Shared agency log-odds signaling,closer_to_player1,0,0.5
session_18_player2,Shared agency log-odds signaling,closer_to_player1,1,0.6610722286277272
session_18_player2,Shared agency log-odds signaling,closer_to_player1,2,0.6665391291577741
session_18_player2,Shared agency log-odds signaling,closer_to_player1,3,0.6668148034497157
session_18_player2,Shared agency log-odds signaling,closer_to_player1,4,0.6649852852745282
session_18_player2,Shared agency log-odds signaling,closer_to_player1,5,0.663613997876657
session_18_player2,Shared agency log-odds signaling,closer_to_player2,0,0.5
session_18_player2,Shared agency log-odds signaling,closer_to_player2,1,0.6659586309832414
session_18_player2,Shared agency log-odds signaling,closer_to_player2,2,0.6564599240175597
session_18_player2,Shared agency log-odds signaling,closer_to_player2,3,0.661534043852706
session_18_player2,Shared agency log-odds signaling,closer_to_player2,4,0.8056745878033915
session_18_player2,Shared agency log-odds signaling,closer_to_player2,5,0.7539973412493626
session_18_player2,Shared agency log-odds signaling,equal_to_both,0,0.5
session_18_player2,Shared agency log-odds signaling,equal_to_both,1,0.49931208072213784
session_18_player2,Shared agency log-odds signaling,equal_to_both,2,0.9966290131038937
session_18_player2,Shared agency log-odds signaling,equal_to_both,3,0.9966452079548032
session_18_player2,Shared agency log-odds signaling,equal_to_both,4,0.9983275437958405
session_18_player2,Shared agency log-odds signaling,equal_to_both,5,0.9983570801903885
session_18_player2,Shared agency no signaling,closer_to_player1,0,0.5
session_18_player2,Shared agency no signaling,closer_to_player1,1,0.499281464995695
session_18_player2,Shared agency no signaling,closer_to_player1,2,0.5058595111883823
session_18_player2,Shared agency no signaling,closer_to_player1,3,0.5509958100531717
session_18_player2,Shared agency no signaling,closer_to_player1,4,0.4610833436631367
session_18_player2,Shared agency no signaling,closer_to_player1,5,0.6328817998393269
session_18_player2,Shared agency no signaling,closer_to_player2,0,0.5
session_18_player2,Shared agency no signaling,closer_to_player2,1,0.713321806519227
session_18_player2,Shared agency no signaling,closer_to_player2,2,0.6662822190597385
session_18_player2,Shared agency no signaling,closer_to_player2,3,0.6663029102885969
session_18_player2,Shared agency no signaling,closer_to_player2,4,0.99189249266859
session_18_player2,Shared agency no signaling,closer_to_player2,5,0.9999995478377488
session_18_player2,Shared agency no signaling,equal_to_both,0,0.5
session_18_player2,Shared agency no signaling,equal_to_both,1,0.8261859717198048
session_18_player2,Shared agency no signaling,equal_to_both,2,0.9962257049883848
session_18_player2,Shared agency no signaling,equal_to_both,3,0.9961573107059026
session_18_player2,Shared agency no signaling,equal_to_both,4,0.9999778871241601
session_18_player2,Shared agency no signaling,equal_to_both,5,0.9999997673267798
session_19_player1,Shared agency log-odds signaling,closer_to_player1,0,0.5
session_19_player1,Shared agency log-odds signaling,closer_to_player1,1,0.5000127633947403
session_19_player1,Shared agency log-odds signaling,closer_to_player1,2,0.8193905323503726
session_19_player1,Shared agency log-odds signaling,closer_to_player1,3,0.9873135869899271
session_19_player1,Shared agency log-odds signaling,closer_to_player1,4,0.9999944946417827
session_19_player1,Shared agency log-odds signaling,closer_to_player1,5,0.9999982911064379
session_19_player1,Shared agency log-odds signaling,closer_to_player2,0,0.5
session_19_player1,Shared agency log-odds signaling,closer_to_player2,1,0.8275111473650694
session_19_player1,Shared agency log-odds signaling,closer_to_player2,2,0.9099961850401099
session_19_player1,Shared agency log-odds signaling,closer_to_player2,3,0.9995142962000249
session_19_player1,Shared agency log-odds signaling,closer_to_player2,4,0.9995157086388807
session_19_player1,Shared agency log-odds signaling,closer_to_player2,5,0.9999137543646531
session_19_player1,Shared agency log-odds signaling,equal_to_both,0,0.5
session_19_player1,Shared agency log-odds signaling,equal_to_both,1,0.831785387058306
session_19_player1,Shared agency log-odds signaling,equal_to_both,2,0.8084449428628452
session_19_player1,Shared agency log-odds signaling,equal_to_both,3,0.7650123027441708
session_19_player1,Shared agency log-odds signaling,equal_to_both,4,0.8337186149020154
session_19_player1,Shared agency log-odds signaling,equal_to_both,5,0.9999953327803516
session_19_player1,Shared agency no signaling,closer_to_player1,0,0.5
session_19_player1,Shared agency no signaling,closer_to_player1,1,0.5000127633947403
session_19_player1,Shared agency no signaling,closer_to_player1,2,0.8193905323503726
session_19_player1,Shared agency no signaling,closer_to_player1,3,0.9873135869899271
session_19_player1,Shared agency no signaling,closer_to_player1,4,0.9999944946417827
session_19_player1,Shared agency no signaling,closer_to_player1,5,0.9999982911064379
session_19_player1,Shared agency no signaling,closer_to_player2,0,0.5
session_19_player1,Shared agency no signaling,closer_to_player2,1,0.8275111473650694
session_19_player1,Shared agency no signaling,closer_to_player2,2,0.9099961850401099
session_19_player1,Shared agency no signaling,closer_to_player2,3,0.9179539148643873
session_19_player1,Shared agency no signaling,closer_to_player2,4,0.9174126185698497
session_19_player1,Shared agency no signaling,closer_to_player2,5,0.9998272068145417
session_19_player1,Shared agency no signaling,equal_to_both,0,0.5
session_19_player1,Shared agency no signaling,equal_to_both,1,0.8567439857569124
session_19_player1,Shared agency no signaling,equal_to_both,2,0.822585767483868
session_19_player1,Shared agency no signaling,equal_to_both,3,0.8789890888101694
session_19_player1,Shared agency no signaling,equal_to_both,4,0.9351302759019423
session_19_player1,Shared agency no signaling,equal_to_both,5,0.9999962146492196
session_19_player2,Shared agency log-odds signaling,closer_to_player1,0,0.5
session_19_player2,Shared agency log-odds signaling,closer_to_player1,1,0.6352074648646824
session_19_player2,Shared agency log-odds signaling,closer_to_player1,2,0.8305690688165539
session_19_player2,Shared agency log-odds signaling,closer_to_player1,3,0.8374624799591709
session_19_player2,Shared agency log-odds signaling,closer_to_player1,4,0.8364662969023201
session_19_player2,Shared agency log-odds signaling,closer_to_player1,5,0.8011482846181593
session_19_player2,Shared agency log-odds signaling,closer_to_player2,0,0.5
session_19_player2,Shared agency log-odds signaling,closer_to_player2,1,0.8320991786687287
session_19_player2,Shared agency log-odds signaling,closer_to_player2,2,0.9995741871543936
session_19_player2,Shared agency log-odds signaling,closer_to_player2,3,0.9999988642641152
session_19_player2,Shared agency log-odds signaling,closer_to_player2,4,0.9999986675494297
session_19_player2,Shared agency log-odds signaling,closer_to_player2,5,0.9999999977588403
session_19_player2,Shared agency log-odds signaling,equal_to_both,0,0.5
session_19_player2,Shared agency log-odds signaling,equal_to_both,1,0.7189011843793573
session_19_player2,Shared agency log-odds signaling,equal_to_both,2,0.9308864509645849
session_19_player2,Shared agency log-odds signaling,equal_to_both,3,0.9621434006866446
session_19_player2,Shared agency log-odds signaling,equal_to_both,4,0.9830290662060307
session_19_player2,Shared agency log-odds signaling,equal_to_both,5,0.9999927871883885
session_19_player2,Shared agency no signaling,closer_to_player1,0,0.5
session_19_player2,Shared agency no signaling,closer_to_player1,1,0.6352074648646824
session_19_player2,Shared agency no signaling,closer_to_player1,2,0.8305690688165539
session_19_player2,Shared agency no signaling,closer_to_player1,3,0.8374624799591709
session_19_player2,Shared agency no signaling,closer_to_player1,4,0.8364662969023201
session_19_player2,Shared agency no signaling,closer_to_player1,5,0.8011482846181593
session_19_player2,Shared agency no signaling,closer_to_player2,0,0.5
session_19_player2,Shared agency no signaling,closer_to_player2,1,0.8320991786687287
session_19_player2,Shared agency no signaling,closer_to_player2,2,0.9995741871543936
session_19_player2,Shared agency no signaling,closer_to_player2,3,0.9999988642641152
session_19_player2,Shared agency no signaling,closer_to_player2,4,0.9999986675494297
session_19_player2,Shared agency no signaling,closer_to_player2,5,0.9999999977588403
session_19_player2,Shared agency no signaling,equal_to_both,0,0.5
session_19_player2,Shared agency no signaling,equal_to_both,1,0.7189011843793573
session_19_player2,Shared agency no signaling,equal_to_both,2,0.9308864509645849
session_19_player2,Shared agency no signaling,equal_to_both,3,0.9621434006866446
session_19_player2,Shared agency no signaling,equal_to_both,4,0.9830290662060307
session_19_player2,Shared agency no signaling,equal_to_both,5,0.9999927871883885
session_1_player1,Shared agency log-odds signaling,closer_to_player1,0,0.5
session_1_player1,Shared agency log-odds signaling,closer_to_player1,1,0.5004326555972457
session_1_player1,Shared agency log-odds signaling,closer_to_player1,2,0.6677317871695244
session_1_player1,Shared agency log-odds signaling,closer_to_player1,3,0.9860966660235118
session_1_player1,Shared agency log-odds signaling,closer_to_player1,4,0.9999953685371836
session_1_player1,Shared agency log-odds signaling,closer_to_player1,5,0.9999999991555
session_1_player1,Shared agency log-odds signaling,closer_to_player2,0,0.5
session_1_player1,Shared agency log-odds signaling,closer_to_player2,1,0.3310975808120787
session_1_player1,Shared agency log-odds signaling,closer_to_player2,2,0.5713074655465006
session_1_player1,Shared agency log-odds signaling,closer_to_player2,3,0.5504335883697754
session_1_player1,Shared agency log-odds signaling,closer_to_player2,4,0.666779891514735
session_1_player1,Shared agency log-odds signaling,closer_to_player2,5,0.6666720843755631
session_1_player1,Shared agency log-odds signaling,equal_to_both,0,0.5
session_1_player1,Shared agency log-odds signaling,equal_to_both,1,0.49995678581207914
session_1_player1,Shared agency log-odds signaling,equal_to_both,2,0.7469239270634355
session_1_player1,Shared agency log-odds signaling,equal_to_both,3,0.9982877968032519
session_1_player1,Shared agency log-odds signaling,equal_to_both,4,0.9983275434839456
session_1_player1,Shared agency log-odds signaling,equal_to_both,5,0.9999938117674898
session_1_player1,Shared agency no signaling,closer_to_player1,0,0.5
session_1_player1,Shared agency no signaling,closer_to_player1,1,0.5005290700246221
session_1_player1,Shared agency no signaling,closer_to_player1,2,0.6678441514467996
session_1_player1,Shared agency no signaling,closer_to_player1,3,0.9860967174572338
session_1_player1,Shared agency no signaling,closer_to_player1,4,0.9999953982617265
session_1_player1,Shared agency no signaling,closer_to_player1,5,0.9999999992007783
session_1_player1,Shared agency no signaling,closer_to_player2,0,0.5
session_1_player1,Shared agency no signaling,closer_to_player2,1,0.3329321772054615
session_1_player1,Shared agency no signaling,closer_to_player2,2,0.5686512816001815
session_1_player1,Shared agency no signaling,closer_to_player2,3,0.3852290253505877
session_1_player1,Shared agency no signaling,closer_to_player2,4,0.6657060013612225
session_1_player1,Shared agency no signaling,closer_to_player2,5,0.771233389147798
session_1_player1,Shared agency no signaling,equal_to_both,0,0.5
session_1_player1,Shared agency no signaling,equal_to_both,1,0.4999717421843573
session_1_player1,Shared agency no signaling,equal_to_both,2,0.666062262127682
session_1_player1,Shared agency no signaling,equal_to_both,3,0.9986151492267265
session_1_player1,Shared agency no signaling,equal_to_both,4,0.9999907771681849
session_1_player1,Shared agency no signaling,equal_to_both,5,0.9999915493797409
session_1_player2,Shared agency log-odds signaling,closer_to_player1,0,0.5
session_1_player2,Shared agency log-odds signaling,closer_to_player1,1,0.8228844599635926
session_1_player2,Shared agency log-odds signaling,closer_to_player1,2,0.9962372905588724
session_1_player2,Shared agency log-odds signaling,closer_to_player1,3,0.8801113048576465
session_1_player2,Shared agency log-odds signaling,closer_to_player1,4,0.5628804914921143
session_1_player2,Shared agency log-odds signaling,closer_to_player1,5,0.834893929979711
session_1_player2,Shared agency log-odds signaling,closer_to_player2,0,0.5
session_1_player2,Shared agency log-odds signaling,closer_to_player2,1,0.8314080913743523
session_1_player2,Shared agency log-odds signaling,closer_to_player2,2,0.7959858607898243
session_1_player2,Shared agency log-odds signaling,closer_to_player2,3,0.9997875479153709
session_1_player2,Shared agency log-odds signaling,closer_to_player2,4,0.9999998091608321
session_1_player2,Shared agency log-odds signaling,closer_to_player2,5,0.9999999996457
session_1_player2,Shared agency log-odds signaling,equal_to_both,0,0.5
session_1_player2,Shared agency log-odds signaling,equal_to_both,1,0.7449177230181006
session_1_player2,Shared agency log-odds signaling,equal_to_both,2,0.7506830754657849
session_1_player2,Shared agency log-odds signaling,equal_to_both,3,0.9983254459018254
session_1_player2,Shared agency log-odds signaling,equal_to_both,4,0.9983377009155767
session_1_player2,Shared agency log-odds signaling,equal_to_both,5,0.9999941407966951
session_1_player2,Shared agency no signaling,closer_to_player1,0,0.5
session_1_player2,Shared agency no signaling,closer_to_player1,1,0.494674346120564
session_1_player2,Shared agency no signaling,closer_to_player1,2,0.6830086277921251
session_1_player2,Shared agency no signaling,closer_to_player1,3,0.8200503600140197
session_1_player2,Shared agency no signaling,closer_to_player1,4,0.8833800008463318
session_1_player2,Shared agency no signaling,closer_to_player1,5,0.8865275941243501
session_1_player2,Shared agency no signaling,closer_to_player2,0,0.5
session_1_player2,Shared agency no signaling,closer_to_player2,1,0.7921276701276955
session_1_player2,Shared agency no signaling,closer_to_player2,2,0.9537521654186317
session_1_player2,Shared agency no signaling,closer_to_player2,3,0.9999667831594903
session_1_player2,Shared agency no signaling,closer_to_player2,4,0.9999999468934293
session_1_player2,Shared agency no signaling,closer_to_player2,5,0.9993978862120144
session_1_player2,Shared agency no signaling,equal_to_both,0,0.5
session_1_player2,Shared agency no signaling,equal_to_both,1,0.8315833257629709
session_1_player2,Shared agency no signaling,equal_to_both,2,0.8327419306630861
session_1_player2,Shared agency no signaling,equal_to_both,3,0.9988750303786494
session_1_player2,Shared agency no signaling,equal_to_both,4,0.9988829194312753
session_1_player2,Shared agency no signaling,equal_to_both,5,0.999996100560343
session_20_player1,Shared agency log-odds signaling,closer_to_player1,0,0.5
session_20_player1,Shared agency log-odds signaling,closer_to_player1,1,0.9986332427575921
session_20_player1,Shared agency log-odds signaling,closer_to_player1,2,0.6792373837796619
session_20_player1,Shared agency log-odds signaling,closer_to_player1,3,0.6666711494183947
session_20_player1,Shared agency log-odds signaling,closer_to_player1,4,0.6693864408707971
session_20_player1,Shared agency log-odds signaling,closer_to_player1,5,0.9043082923306741
session_20_player1,Shared agency log-odds signaling,closer_to_player2,0,0.5
session_20_player1,Shared agency log-odds signaling,closer_to_player2,1,0.8230093888900308
session_20_player1,Shared agency log-odds signaling,closer_to_player2,2,0.8345363089990214
session_20_player1,Shared agency log-odds signaling,closer_to_player2,3,0.8331211590257342
session_20_player1,Shared agency log-odds signaling,closer_to_player2,4,0.8610186741593614
session_20_player1,Shared agency log-odds signaling,closer_to_player2,5,0.8255403490997487
session_20_player1,Shared agency log-odds signaling,equal_to_both,0,0.5
session_20_player1,Shared agency log-odds signaling,equal_to_both,1,0.5002180450363203
session_20_player1,Shared agency log-odds signaling,equal_to_both,2,0.9929983877799615
session_20_player1,Shared agency log-odds signaling,equal_to_both,3,0.999896260618109
session_20_player1,Shared agency log-odds signaling,equal_to_both,4,0.9999974170477288
session_20_player1,Shared agency log-odds signaling,equal_to_both,5,0.9999999001376564
session_20_player1,Shared agency no signaling,closer_to_player1,0,0.5
session_20_player1,Shared agency no signaling,closer_to_player1,1,0.7235396116459616
session_20_player1,Shared agency no signaling,closer_to_player1,2,0.768685970112176
session_20_player1,Shared agency no signaling,closer_to_player1,3,0.7983511251588613
session_20_player1,Shared agency no signaling,closer_to_player1,4,0.7648324455586258
session_20_player1,Shared agency no signaling,closer_to_player1,5,0.8184632195457188
session_20_player1,Shared agency no signaling,closer_to_player2,0,0.5
session_20_player1,Shared agency no signaling,closer_to_player2,1,0.5025356955626112
session_20_player1,Shared agency no signaling,closer_to_player2,2,0.5388474415290182
session_20_player1,Shared agency no signaling,closer_to_player2,3,0.5323529083081389
session_20_player1,Shared agency no signaling,closer_to_player2,4,0.5660722757952524
session_20_player1,Shared agency no signaling,closer_to_player2,5,0.7423555266485127
session_20_player1,Shared agency no signaling,equal_to_both,0,0.5
session_20_player1,Shared agency no signaling,equal_to_both,1,0.7482936041446326
session_20_player1,Shared agency no signaling,equal_to_both,2,0.7499620225821596
session_20_player1,Shared agency no signaling,equal_to_both,3,0.998319957731977
session_20_player1,Shared agency no signaling,equal_to_both,4,0.9983276711699258
session_20_player1,Shared agency no signaling,equal_to_both,5,0.9983339854081827
session_20_player2,Shared agency log-odds signaling,closer_to_player1,0,0.5
session_20_player2,Shared agency log-odds signaling,closer_to_player1,1,0.5025923763593838
session_20_player2,Shared agency log-odds signaling,closer_to_player1,2,0.8323035524234003
session_20_player2,Shared agency log-odds signaling,closer_to_player1,3,0.9974221664673882
session_20_player2,Shared agency log-odds signaling,closer_to_player1,4,0.8637602871088103
session_20_player2,Shared agency log-odds signaling,closer_to_player1,5,0.9043494796303708
session_20_player2,Shared agency log-odds signaling,closer_to_player2,0,0.5
session_20_player2,Shared agency log-odds signaling,closer_to_player2,1,0.5262014872959297
session_20_player2,Shared agency log-odds signaling,closer_to_player2,2,0.733183038089695
session_20_player2,Shared agency log-odds signaling,closer_to_player2,3,0.9997953896184587
session_20_player2,Shared agency log-odds signaling,closer_to_player2,4,0.9999999627257418
session_20_player2,Shared agency log-odds signaling,closer_to_player2,5,0.9999999999800844
session_20_player2,Shared agency log-odds signaling,equal_to_both,0,0.5
session_20_player2,Shared agency log-odds signaling,equal_to_both,1,0.741307093849022
session_20_player2,Shared agency log-odds signaling,equal_to_both,2,0.98976435156039
session_20_player2,Shared agency log-odds signaling,equal_to_both,3,0.9915914355574975
session_20_player2,Shared agency log-odds signaling,equal_to_both,4,0.9916651638060533
session_20_player2,Shared agency log-odds signaling,equal_to_both,5,0.9999478162163851
session_20_player2,Shared agency no signaling,closer_to_player1,0,0.5
session_20_player2,Shared agency no signaling,closer_to_player1,1,0.49820981237944223
session_20_player2,Shared agency no signaling,closer_to_player1,2,0.6611279030514425
session_20_player2,Shared agency no signaling,closer_to_player1,3,0.6599881649071849
session_20_player2,Shared agency no signaling,closer_to_player1,4,0.6641025397097139
session_20_player2,Shared agency no signaling,closer_to_player1,5,0.7023341697620329
session_20_player2,Shared agency no signaling,closer_to_player2,0,0.5
session_20_player2,Shared agency no signaling,closer_to_player2,1,0.6730277035140547
session_20_player2,Shared agency no signaling,closer_to_player2,2,0.8113391294943705
session_20_player2,Shared agency no signaling,closer_to_player2,3,0.7590216550857866
session_20_player2,Shared agency no signaling,closer_to_player2,4,0.9999939387795987
session_20_player2,Shared agency no signaling,closer_to_player2,5,0.9999999991952192
session_20_player2,Shared agency no signaling,equal_to_both,0,0.5
session_20_player2,Shared agency no signaling,equal_to_both,1,0.7482912931953055
session_20_player2,Shared agency no signaling,equal_to_both,2,0.7499620120163804
session_20_player2,Shared agency no signaling,equal_to_both,3,0.998319954980809
session_20_player2,Shared agency no signaling,equal_to_both,4,0.999989609702008
session_20_player2,Shared agency no signaling,equal_to_both,5,0.9999998888764201
session_21_player1,Shared agency log-odds signaling,closer_to_player1,0,0.5
session_21_player1,Shared agency log-odds signaling,closer_to_player1,1,0.5010613337128205
session_21_player1,Shared agency log-odds signaling,closer_to_player1,2,0.817703847279192
session_21_player1,Shared agency log-odds signaling,closer_to_player1,3,0.8323972217540998
session_21_player1,Shared agency log-odds signaling,closer_to_player1,4,0.816039541214055
session_21_player1,Shared agency log-odds signaling,closer_to_player1,5,0.8735027717445781
session_21_player1,Shared agency log-odds signaling,closer_to_player2,0,0.5
session_21_player1,Shared agency log-odds signaling,closer_to_player2,1,0.9831135335887637
session_21_player1,Shared agency log-odds signaling,closer_to_player2,2,0.9943978161590686
session_21_player1,Shared agency log-odds signaling,closer_to_player2,3,0.9948926331629159
session_21_player1,Shared agency log-odds signaling,closer_to_player2,4,0.9999376500016114
session_21_player1,Shared agency log-odds signaling,closer_to_player2,5,0.9999585756092029
session_21_player1,Shared agency log-odds signaling,equal_to_both,0,0.5
session_21_player1,Shared agency log-odds signaling,equal_to_both,1,0.6646140412094446
session_21_player1,Shared agency log-odds signaling,equal_to_both,2,0.8307317772820291
session_21_player1,Shared agency log-odds signaling,equal_to_both,3,0.9968452921294909
session_21_player1,Shared agency log-odds signaling,equal_to_both,4,0.9974288227364427
session_21_player1,Shared agency log-odds signaling,equal_to_both,5,0.9994987009368073
session_21_player1,Shared agency no signaling,closer_to_player1,0,0.5
session_21_player1,Shared agency no signaling,closer_to_player1,1,0.5010613337128205
session_21_player1,Shared agency no signaling,closer_to_player1,2,0.5016124146189661
session_21_player1,Shared agency no signaling,closer_to_player1,3,0.8251697057227565
session_21_player1,Shared agency no signaling,closer_to_player1,4,0.8160385727904697
session_21_player1,Shared agency no signaling,closer_to_player1,5,0.8735018240675178
session_21_player1,Shared agency no signaling,closer_to_player2,0,0.5
session_21_player1,Shared agency no signaling,closer_to_player2,1,0.9831360034687296
session_21_player1,Shared agency no signaling,closer_to_player2,2,0.9943986247090928
session_21_player1,Shared agency no signaling,closer_to_player2,3,0.9948927196857982
session_21_player1,Shared agency no signaling,closer_to_player2,4,0.9999376884044997
session_21_player1,Shared agency no signaling,closer_to_player2,5,0.9999586003856455
session_21_player1,Shared agency no signaling,equal_to_both,0,0.5
session_21_player1,Shared agency no signaling,equal_to_both,1,0.6645805964221151
session_21_player1,Shared agency no signaling,equal_to_both,2,0.6643124723325402
session_21_player1,Shared agency no signaling,equal_to_both,3,0.9973752983999514
session_21_player1,Shared agency no signaling,equal_to_both,4,0.9979844644086219
session_21_player1,Shared agency no signaling,equal_to_both,5,0.9999945901606565
session_21_player2,Shared agency log-odds signaling,closer_to_player1,0,0.5
session_21_player2,Shared agency log-odds signaling,closer_to_player1,1,0.6629492664766369
session_21_player2,Shared agency log-odds signaling,closer_to_player1,2,0.6650149036075574
session_21_player2,Shared agency log-odds signaling,closer_to_player1,3,0.6750292912873427
session_21_player2,Shared agency log-odds signaling,closer_to_player1,4,0.646032255313074
session_21_player2,Shared agency log-odds signaling,closer_to_player1,5,0.695805481288439
session_21_player2,Shared agency log-odds signaling,closer_to_player2,0,0.5
session_21_player2,Shared agency log-odds signaling,closer_to_player2,1,0.6772070743766995
session_21_player2,Shared agency log-odds signaling,closer_to_player2,2,0.9998518896600911
session_21_player2,Shared agency log-odds signaling,closer_to_player2,3,0.9999565725971976
session_21_player2,Shared agency log-odds signaling,closer_to_player2,4,0.9999713790307356
session_21_player2,Shared agency log-odds signaling,closer_to_player2,5,0.9999999930895483
session_21_player2,Shared agency log-odds signaling,equal_to_both,0,0.5
session_21_player2,Shared agency log-odds signaling,equal_to_both,1,0.8301453250852259
session_21_player2,Shared agency log-odds signaling,equal_to_both,2,0.8333043259297405
session_21_player2,Shared agency log-odds signaling,equal_to_both,3,0.6672324158469478
session_21_player2,Shared agency log-odds signaling,equal_to_both,4,0.8947561779935508
session_21_player2,Shared agency log-odds signaling,equal_to_both,5,0.9997384410559329
session_21_player2,Shared agency no signaling,closer_to_player1,0,0.5
session_21_player2,Shared agency no signaling,closer_to_player1,1,0.6629492664766369
session_21_player2,Shared agency no signaling,closer_to_player1,2,0.6650149036075574
session_21_player2,Shared agency no signaling,closer_to_player1,3,0.6750292912873427
session_21_player2,Shared agency no signaling,closer_to_player1,4,0.646032255313074
session_21_player2,Shared agency no signaling,closer_to_player1,5,0.6958038816773474
session_21_player2,Shared agency no signaling,closer_to_player2,0,0.5
session_21_player2,Shared agency no signaling,closer_to_player2,1,0.6673583488413305
session_21_player2,Shared agency no signaling,closer_to_player2,2,0.999899770511612
session_21_player2,Shared agency no signaling,closer_to_player2,3,0.9999566378772622
session_21_player2,Shared agency no signaling,closer_to_player2,4,0.999971379328851
session_21_player2,Shared agency no signaling,closer_to_player2,5,0.9999999932505222
session_21_player2,Shared agency no signaling,equal_to_both,0,0.5
session_21_player2,Shared agency no signaling,equal_to_both,1,0.8310016899420926
session_21_player2,Shared agency no signaling,equal_to_both,2,0.833051377691436
session_21_player2,Shared agency no signaling,equal_to_both,3,0.6670005736378029
session_21_player2,Shared agency no signaling,equal_to_both,4,0.8947561796843296
session_21_player2,Shared agency no signaling,equal_to_both,5,0.999738510597379
session_22_player1,Shared agency log-odds signaling,closer_to_player1,0,0.5
session_22_player1,Shared agency log-odds signaling,closer_to_player1,1,0.5150332100503829
session_22_player1,Shared agency log-odds signaling,closer_to_player1,2,0.5028022744850988
session_22_player1,Shared agency log-odds signaling,closer_to_player1,3,0.6681358856052798
session_22_player1,Shared agency log-odds signaling,closer_to_player1,4,0.72634813105175
session_22_player1,Shared agency log-odds signaling,closer_to_player1,5,0.7764365973237752
session_22_player1,Shared agency log-odds signaling,closer_to_player2,0,0.5
session_22_player1,Shared agency log-odds signaling,closer_to_player2,1,0.6625822997965538
session_22_player1,Shared agency log-odds signaling,closer_to_player2,2,0.5068762972412428
session_22_player1,Shared agency log-odds signaling,closer_to_player2,3,0.8094680489539251
session_22_player1,Shared agency log-odds signaling,closer_to_player2,4,0.7818013764066819
session_22_player1,Shared agency log-odds signaling,closer_to_player2,5,0.8525039968164897
session_22_player1,Shared agency log-odds signaling,equal_to_both,0,0.5
session_22_player1,Shared agency log-odds signaling,equal_to_both,1,0.49868369672399915
session_22_player1,Shared agency log-odds signaling,equal_to_both,2,0.4445274924477928
session_22_player1,Shared agency log-odds signaling,equal_to_both,3,0.9966847786682344
session_22_player1,Shared agency log-odds signaling,equal_to_both,4,0.9978094859549506
session_22_player1,Shared agency log-odds signaling,equal_to_both,5,0.9978141469422873
session_22_player1,Shared agency no signaling,closer_to_player1,0,0.5
session_22_player1,Shared agency no signaling,closer_to_player1,1,0.9997797601842593
session_22_player1,Shared agency no signaling,closer_to_player1,2,0.9999998555614357
session_22_player1,Shared agency no signaling,closer_to_player1,3,0.999999999753586
session_22_player1,Shared agency no signaling,closer_to_player1,4,0.9999999999991451
session_22_player1,Shared agency no signaling,closer_to_player1,5,0.9999999999999944
session_22_player1,Shared agency no signaling,closer_to_player2,0,0.5
session_22_player1,Shared agency no signaling,closer_to_player2,1,0.817364871111164
session_22_player1,Shared agency no signaling,closer_to_player2,2,0.8262533469994965
session_22_player1,Shared agency no signaling,closer_to_player2,3,0.8265861486535283
session_22_player1,Shared agency no signaling,closer_to_player2,4,0.8345228335688498
session_22_player1,Shared agency no signaling,closer_to_player2,5,0.8596894813770168
session_22_player1,Shared agency no signaling,equal_to_both,0,0.5
session_22_player1,Shared agency no signaling,equal_to_both,1,0.5840469492191505
session_22_player1,Shared agency no signaling,equal_to_both,2,0.9221159841303541
session_22_player1,Shared agency no signaling,equal_to_both,3,0.9983271363352371
session_22_player1,Shared agency no signaling,equal_to_both,4,0.998292559221102
session_22_player1,Shared agency no signaling,equal_to_both,5,0.9999958114138655
session_22_player2,Shared agency log-odds signaling,closer_to_player1,0,0.5
session_22_player2,Shared agency log-odds signaling,closer_to_player1,1,0.551546181760228
session_22_player2,Shared agency log-odds signaling,closer_to_player1,2,0.5945819796677664
session_22_player2,Shared agency log-odds signaling,closer_to_player1,3,0.6296773061148686
session_22_player2,Shared agency log-odds signaling,closer_to_player1,4,0.6633587114260052
session_22_player2,Shared agency log-odds signaling,closer_to_player1,5,0.7054520382905979
session_22_player2,Shared agency log-odds signaling,closer_to_player2,0,0.5
session_22_player2,Shared agency log-odds signaling,closer_to_player2,1,0.9989393809861227
session_22_player2,Shared agency log-odds signaling,closer_to_player2,2,0.9988083660161367
session_22_player2,Shared agency log-odds signaling,closer_to_player2,3,0.9999981519097607
session_22_player2,Shared agency log-odds signaling,closer_to_player2,4,0.9999999937580298
session_22_player2,Shared agency log-odds signaling,closer_to_player2,5,0.9999999940462795
session_22_player2,Shared agency log-odds signaling,equal_to_both,0,0.5
session_22_player2,Shared agency log-odds signaling,equal_to_both,1,0.7254878284852121
session_22_player2,Shared agency log-odds signaling,equal_to_both,2,0.9975099417405374
session_22_player2,Shared agency log-odds signaling,equal_to_both,3,0.9999780050584756
session_22_player2,Shared agency log-odds signaling,equal_to_both,4,0.9999871298649408
session_22_player2,Shared agency log-odds signaling,equal_to_both,5,0.9999913247210308
session_22_player2,Shared agency no signaling,closer_to_player1,0,0.5
session_22_player2,Shared agency no signaling,closer_to_player1,1,0.2518943800034282
session_22_player2,Shared agency no signaling,closer_to_player1,2,0.24892422491647034
session_22_player2,Shared agency no signaling,closer_to_player1,3,0.6528554661123416
session_22_player2,Shared agency no signaling,closer_to_player1,4,0.6499701732621284
session_22_player2,Shared agency no signaling,closer_to_player1,5,0.9985671469204704
session_22_player2,Shared agency no signaling,closer_to_player2,0,0.5
session_22_player2,Shared agency no signaling,closer_to_player2,1,0.8352921280710799
session_22_player2,Shared agency no signaling,closer_to_player2,2,0.8365981865279474
session_22_player2,Shared agency no signaling,closer_to_player2,3,0.8347177752822924
session_22_player2,Shared agency no signaling,closer_to_player2,4,0.8183200777227495
session_22_player2,Shared agency no signaling,closer_to_player2,5,0.8756637387987448
session_22_player2,Shared agency no signaling,equal_to_both,0,0.5
session_22_player2,Shared agency no signaling,equal_to_both,1,0.6589485284663743
session_22_player2,Shared agency no signaling,equal_to_both,2,0.7849216200943125
session_22_player2,Shared agency no signaling,equal_to_both,3,0.9999610025763953
session_22_player2,Shared agency no signaling,equal_to_both,4,0.999999650182911
session_22_player2,Shared agency no signaling,equal_to_both,5,0.9999995134902258
session_23_player1,Shared agency log-odds signaling,closer_to_player1,0,0.5
session_23_player1,Shared agency log-odds signaling,closer_to_player1,1,0.43319245857255667
session_23_player1,Shared agency log-odds signaling,closer_to_player1,2,0.24744969329962183
session_23_player1,Shared agency log-odds signaling,closer_to_player1,3,0.4040143766679793
session_23_player1,Shared agency log-odds signaling,closer_to_player1,4,0.3833565657454432
session_23_player1,Shared agency log-odds signaling,closer_to_player1,5,0.38623307677077073
session_23_player1,Shared agency log-odds signaling,closer_to_player2,0,0.5
session_23_player1,Shared agency log-odds signaling,closer_to_player2,1,0.5009078317399213
session_23_player1,Shared agency log-odds signaling,closer_to_player2,2,0.5016711862391234
session_23_player1,Shared agency log-odds signaling,closer_to_player2,3,0.5051724670275695
session_23_player1,Shared agency log-odds signaling,closer_to_player2,4,0.758917033267781
session_23_player1,Shared agency log-odds signaling,closer_to_player2,5,0.7516121679462114
session_23_player1,Shared agency log-odds signaling,equal_to_both,0,0.5
session_23_player1,Shared agency log-odds signaling,equal_to_both,1,0.7463307529498276
session_23_player1,Shared agency log-odds signaling,equal_to_both,2,0.746321415744297
session_23_player1,Shared agency log-odds signaling,equal_to_both,3,0.7463246779178689
session_23_player1,Shared agency log-odds signaling,equal_to_both,4,0.9960412278982842
session_23_player1,Shared agency log-odds signaling,equal_to_both,5,0.9950505076348265
session_23_player1,Shared agency no signaling,closer_to_player1,0,0.5
session_23_player1,Shared agency no signaling,closer_to_player1,1,0.49457594855410736
session_23_player1,Shared agency no signaling,closer_to_player1,2,0.516014852255303
session_23_player1,Shared agency no signaling,closer_to_player1,3,0.8087506556667607
session_23_player1,Shared agency no signaling,closer_to_player1,4,0.7233195208495685
session_23_player1,Shared agency no signaling,closer_to_player1,5,0.6437441707327398
session_23_player1,Shared agency no signaling,closer_to_player2,0,0.5
session_23_player1,Shared agency no signaling,closer_to_player2,1,0.5432910076521837
session_23_player1,Shared agency no signaling,closer_to_player2,2,0.6610928470528419
session_23_player1,Shared agency no signaling,closer_to_player2,3,0.8331135619817435
session_23_player1,Shared agency no signaling,closer_to_player2,4,0.8357453341772872
session_23_player1,Shared agency no signaling,closer_to_player2,5,0.8338073750373107
session_23_player1,Shared agency no signaling,equal_to_both,0,0.5
session_23_player1,Shared agency no signaling,equal_to_both,1,0.5829675171172131
session_23_player1,Shared agency no signaling,equal_to_both,2,0.9982520395852612
session_23_player1,Shared agency no signaling,equal_to_both,3,0.9983240709931455
session_23_player1,Shared agency no signaling,equal_to_both,4,0.9990370966450086
session_23_player1,Shared agency no signaling,equal_to_both,5,0.9999944072292953
session_23_player2,Shared agency log-odds signaling,closer_to_player1,0,0.5
session_23_player2,Shared agency log-odds signaling,closer_to_player1,1,0.5000968757600086
session_23_player2,Shared agency log-odds signaling,closer_to_player1,2,0.5025208416153758
session_23_player2,Shared agency log-odds signaling,closer_to_player1,3,0.5068044716610824
session_23_player2,Shared agency log-odds signaling,closer_to_player1,4,0.5170581250249424
session_23_player2,Shared agency log-odds signaling,closer_to_player1,5,0.5370969644402855
session_23_player2,Shared agency log-odds signaling,closer_to_player2,0,0.5
session_23_player2,Shared agency log-odds signaling,closer_to_player2,1,0.7071637576773447
session_23_player2,Shared agency log-odds signaling,closer_to_player2,2,0.6710471678836731
session_23_player2,Shared agency log-odds signaling,closer_to_player2,3,0.7109375745729315
session_23_player2,Shared agency log-odds signaling,closer_to_player2,4,0.9999747602545843
session_23_player2,Shared agency log-odds signaling,closer_to_player2,5,0.9999680302792324
session_23_player2,Shared agency log-odds signaling,equal_to_both,0,0.5
session_23_player2,Shared agency log-odds signaling,equal_to_both,1,0.5067312073608039
session_23_player2,Shared agency log-odds signaling,equal_to_both,2,0.5075698672747646
session_23_player2,Shared agency log-odds signaling,equal_to_both,3,0.5115379983609465
session_23_player2,Shared agency log-odds signaling,equal_to_both,4,0.7569490421600644
session_23_player2,Shared agency log-odds signaling,equal_to_both,5,0.3547497533856613
session_23_player2,Shared agency no signaling,closer_to_player1,0,0.5
session_23_player2,Shared agency no signaling,closer_to_player1,1,0.7421257814733291
session_23_player2,Shared agency no signaling,closer_to_player1,2,0.7468527673907182
session_23_player2,Shared agency no signaling,closer_to_player1,3,0.7533507405929178
session_23_player2,Shared agency no signaling,closer_to_player1,4,0.7569610208041597
session_23_player2,Shared agency no signaling,closer_to_player1,5,0.7754131154736661
session_23_player2,Shared agency no signaling,closer_to_player2,0,0.5
session_23_player2,Shared agency no signaling,closer_to_player2,1,0.6508245012517038
session_23_player2,Shared agency no signaling,closer_to_player2,2,0.5239202084857328
session_23_player2,Shared agency no signaling,closer_to_player2,3,0.5434648574061532
session_23_player2,Shared agency no signaling,closer_to_player2,4,0.5281126119912135
session_23_player2,Shared agency no signaling,closer_to_player2,5,0.6070261799629968
session_23_player2,Shared agency no signaling,equal_to_both,0,0.5
session_23_player2,Shared agency no signaling,equal_to_both,1,0.6655624726644603
session_23_player2,Shared agency no signaling,equal_to_both,2,0.996658334130724
session_23_player2,Shared agency no signaling,equal_to_both,3,0.9965914281874344
session_23_player2,Shared agency no signaling,equal_to_both,4,0.994557903478371
session_23_player2,Shared agency no signaling,equal_to_both,5,0.9999970035587323
session_24_player1,Shared agency log-odds signaling,closer_to_player1,0,0.5
session_24_player1,Shared agency log-odds signaling,closer_to_player1,1,0.8330281944432688
session_24_player1,Shared agency log-odds signaling,closer_to_player1,2,0.8306049941051165
session_24_player1,Shared agency log-odds signaling,closer_to_player1,3,0.8316605666856839
session_24_player1,Shared agency log-odds signaling,closer_to_player1,4,0.8067638464009179
session_24_player1,Shared agency log-odds signaling,closer_to_player1,5,0.5000901259366165
session_24_player1,Shared agency log-odds signaling,closer_to_player2,0,0.5
session_24_player1,Shared agency log-odds signaling,closer_to_player2,1,0.5030438386635161
session_24_player1,Shared agency log-odds signaling,closer_to_player2,2,0.8249185593204542
session_24_player1,Shared agency log-odds signaling,closer_to_player2,3,0.6669094391754427
session_24_player1,Shared agency log-odds signaling,closer_to_player2,4,0.6668055290408077
session_24_player1,Shared agency log-odds signaling,closer_to_player2,5,0.8001851474973346
session_24_player1,Shared agency log-odds signaling,equal_to_both,0,0.5
session_24_player1,Shared agency log-odds signaling,equal_to_both,1,0.9912107886915662
session_24_player1,Shared agency log-odds signaling,equal_to_both,2,0.9947257784989821
session_24_player1,Shared agency log-odds signaling,equal_to_both,3,0.9999110967265281
session_24_player1,Shared agency log-odds signaling,equal_to_both,4,0.9999132703374494
session_24_player1,Shared agency log-odds signaling,equal_to_both,5,0.9999155130113512
session_24_player1,Shared agency no signaling,closer_to_player1,0,0.5
session_24_player1,Shared agency no signaling,closer_to_player1,1,0.8328808209217713
session_24_player1,Shared agency no signaling,closer_to_player1,2,0.8304426892961502
session_24_player1,Shared agency no signaling,closer_to_player1,3,0.8316605093669506
session_24_player1,Shared agency no signaling,closer_to_player1,4,0.8067638053257341
session_24_player1,Shared agency no signaling,closer_to_player1,5,0.8334234592454456
session_24_player1,Shared agency no signaling,closer_to_player2,0,0.5
session_24_player1,Shared agency no signaling,closer_to_player2,1,0.5030438386635161
session_24_player1,Shared agency no signaling,closer_to_player2,2,0.8249185593204542
session_24_player1,Shared agency no signaling,closer_to_player2,3,0.7874615333431979
session_24_player1,Shared agency no signaling,closer_to_player2,4,0.9989578073166699
session_24_player1,Shared agency no signaling,closer_to_player2,5,0.9999418539501388
session_24_player1,Shared agency no signaling,equal_to_both,0,0.5
session_24_player1,Shared agency no signaling,equal_to_both,1,0.74909548759952
session_24_player1,Shared agency no signaling,equal_to_both,2,0.7499689250472097
session_24_player1,Shared agency no signaling,equal_to_both,3,0.9983171581791674
session_24_player1,Shared agency no signaling,equal_to_both,4,0.9983260234758755
session_24_player1,Shared agency no signaling,equal_to_both,5,0.9983339625897996
session_24_player2,Shared agency log-odds signaling,closer_to_player1,0,0.5
session_24_player2,Shared agency log-odds signaling,closer_to_player1,1,0.3353262358443259
session_24_player2,Shared agency log-odds signaling,closer_to_player1,2,0.4984692226896361
session_24_player2,Shared agency log-odds signaling,closer_to_player1,3,0.5947733186203151
session_24_player2,Shared agency log-odds signaling,closer_to_player1,4,0.835130949207
session_24_player2,Shared agency log-odds signaling,closer_to_player1,5,0.8381811965018864
session_24_player2,Shared agency log-odds signaling,closer_to_player2,0,0.5
session_24_player2,Shared agency log-odds signaling,closer_to_player2,1,0.9991586228749031
session_24_player2,Shared agency log-odds signaling,closer_to_player2,2,0.9999977997659699
session_24_player2,Shared agency log-odds signaling,closer_to_player2,3,0.9999998928422903
session_24_player2,Shared agency log-odds signaling,closer_to_player2,4,0.9999999995145313
session_24_player2,Shared agency log-odds signaling,closer_to_player2,5,0.9999999998748583
session_24_player2,Shared agency log-odds signaling,equal_to_both,0,0.5
session_24_player2,Shared agency log-odds signaling,equal_to_both,1,0.9915903062119764
session_24_player2,Shared agency log-odds signaling,equal_to_both,2,0.9917129541536528
session_24_player2,Shared agency log-odds signaling,equal_to_both,3,0.9999250884356827
session_24_player2,Shared agency log-odds signaling,equal_to_both,4,0.9999988442107959
session_24_player2,Shared agency log-odds signaling,equal_to_both,5,0.9999990859716624
session_24_player2,Shared agency no signaling,closer_to_player1,0,0.5
session_24_player2,Shared agency no signaling,closer_to_player1,1,0.6674115164565319
session_24_player2,Shared agency no signaling,closer_to_player1,2,0.6697570950460202
session_24_player2,Shared agency no signaling,closer_to_player1,3,0.6706544747599478
session_24_player2,Shared agency no signaling,closer_to_player1,4,0.5095909382424395
session_24_player2,Shared agency no signaling,closer_to_player1,5,0.5178824613556161
session_24_player2,Shared agency no signaling,closer_to_player2,0,0.5
session_24_player2,Shared agency no signaling,closer_to_player2,1,0.9991586228749031
session_24_player2,Shared agency no signaling,closer_to_player2,2,0.9999977997659699
session_24_player2,Shared agency no signaling,closer_to_player2,3,0.9999998928422903
session_24_player2,Shared agency no signaling,closer_to_player2,4,0.9999999995145313
session_24_player2,Shared agency no signaling,closer_to_player2,5,0.9999999998748583
session_24_player2,Shared agency no signaling,equal_to_both,0,0.5
session_24_player2,Shared agency no signaling,equal_to_both,1,0.9938392897803768
session_24_player2,Shared agency no signaling,equal_to_both,2,0.9939234170108113
session_24_player2,Shared agency no signaling,equal_to_both,3,0.9999429392055729
session_24_player2,Shared agency no signaling,equal_to_both,4,0.9999990409005132
session_24_player2,Shared agency no signaling,equal_to_both,5,0.9999990893514343
session_25_player1,Shared agency log-odds signaling,closer_to_player1,0,0.5
session_25_player1,Shared agency log-odds signaling,closer_to_player1,1,0.5010491787167266
session_25_player1,Shared agency log-odds signaling,closer_to_player1,2,0.5012923098320359
session_25_player1,Shared agency log-odds signaling,closer_to_player1,3,0.8184081399599892
session_25_player1,Shared agency log-odds signaling,closer_to_player1,4,0.8370452405826331
session_25_player1,Shared agency log-odds signaling,closer_to_player1,5,0.8209661743672668
session_25_player1,Shared agency log-odds signaling,closer_to_player2,0,0.5
session_25_player1,Shared agency log-odds signaling,closer_to_player2,1,0.5032320888950469
session_25_player1,Shared agency log-odds signaling,closer_to_player2,2,0.667321622467687
session_25_player1,Shared agency log-odds signaling,closer_to_player2,3,0.6698989580410429
session_25_player1,Shared agency log-odds signaling,closer_to_player2,4,0.6673997142428378
session_25_player1,Shared agency log-odds signaling,closer_to_player2,5,0.6342201575898018
session_25_player1,Shared agency log-odds signaling,equal_to_both,0,0.5
session_25_player1,Shared agency log-odds signaling,equal_to_both,1,0.6605352462625443
session_25_player1,Shared agency log-odds signaling,equal_to_both,2,0.6632502400786633
session_25_player1,Shared agency log-odds signaling,equal_to_both,3,0.7084356085836463
session_25_player1,Shared agency log-odds signaling,equal_to_both,4,0.9988471058505312
session_25_player1,Shared agency log-odds signaling,equal_to_both,5,0.9988861290274177
session_25_player1,Shared agency no signaling,closer_to_player1,0,0.5
session_25_player1,Shared agency no signaling,closer_to_player1,1,0.5032383842517348
session_25_player1,Shared agency no signaling,closer_to_player1,2,0.6693170452539743
session_25_player1,Shared agency no signaling,closer_to_player1,3,0.6952447964434674
session_25_player1,Shared agency no signaling,closer_to_player1,4,0.6733946724830285
session_25_player1,Shared agency no signaling,closer_to_player1,5,0.7043296948010491
session_25_player1,Shared agency no signaling,closer_to_player2,0,0.5
session_25_player1,Shared agency no signaling,closer_to_player2,1,0.5032693195443074
session_25_player1,Shared agency no signaling,closer_to_player2,2,0.5026973205555135
session_25_player1,Shared agency no signaling,closer_to_player2,3,0.5309901282766156
session_25_player1,Shared agency no signaling,closer_to_player2,4,0.518881768402618
session_25_player1,Shared agency no signaling,closer_to_player2,5,0.5395375092845692
session_25_player1,Shared agency no signaling,equal_to_both,0,0.5
session_25_player1,Shared agency no signaling,equal_to_both,1,0.7403839778419181
session_25_player1,Shared agency no signaling,equal_to_both,2,0.7412388883083513
session_25_player1,Shared agency no signaling,equal_to_both,3,0.7462833647083711
session_25_player1,Shared agency no signaling,equal_to_both,4,0.6845849032954177
session_25_player1,Shared agency no signaling,equal_to_both,5,0.9999436660246006
session_25_player2,Shared agency log-odds signaling,closer_to_player1,0,0.5
session_25_player2,Shared agency log-odds signaling,closer_to_player1,1,0.6626034582348589
session_25_player2,Shared agency log-odds signaling,closer_to_player1,2,0.823591090249618
session_25_player2,Shared agency log-odds signaling,closer_to_player1,3,0.47871884788240066
session_25_player2,Shared agency log-odds signaling,closer_to_player1,4,0.5355246787923547
session_25_player2,Shared agency log-odds signaling,closer_to_player1,5,0.5894408989854846
session_25_player2,Shared agency log-odds signaling,closer_to_player2,0,0.5
session_25_player2,Shared agency log-odds signaling,closer_to_player2,1,0.5297577991049774
session_25_player2,Shared agency log-odds signaling,closer_to_player2,2,0.38709130934095604
session_25_player2,Shared agency log-odds signaling,closer_to_player2,3,0.6603141470598871
session_25_player2,Shared agency log-odds signaling,closer_to_player2,4,0.7383770418115857
session_25_player2,Shared agency log-odds signaling,closer_to_player2,5,0.8281183604198263
session_25_player2,Shared agency log-odds signaling,equal_to_both,0,0.5
session_25_player2,Shared agency log-odds signaling,equal_to_both,1,0.5004227764102852
session_25_player2,Shared agency log-odds signaling,equal_to_both,2,0.6665272051845722
session_25_player2,Shared agency log-odds signaling,equal_to_both,3,0.6667396754315323
session_25_player2,Shared agency log-odds signaling,equal_to_both,4,0.6612251848174603
session_25_player2,Shared agency log-odds signaling,equal_to_both,5,0.6666326807006575
session_25_player2,Shared agency no signaling,closer_to_player1,0,0.5
session_25_player2,Shared agency no signaling,closer_to_player1,1,0.6631675401937431
session_25_player2,Shared agency no signaling,closer_to_player1,2,0.6623527489794642
session_25_player2,Shared agency no signaling,closer_to_player1,3,0.6239276522964853
session_25_player2,Shared agency no signaling,closer_to_player1,4,0.6795368750117708
session_25_player2,Shared agency no signaling,closer_to_player1,5,0.6906189113446191
session_25_player2,Shared agency no signaling,closer_to_player2,0,0.5
session_25_player2,Shared agency no signaling,closer_to_player2,1,0.5000394930264553
session_25_player2,Shared agency no signaling,closer_to_player2,2,0.5600099975788942
session_25_player2,Shared agency no signaling,closer_to_player2,3,0.7348103869977144
session_25_player2,Shared agency no signaling,closer_to_player2,4,0.7350478774475433
session_25_player2,Shared agency no signaling,closer_to_player2,5,0.8127482085794102
session_25_player2,Shared agency no signaling,equal_to_both,0,0.5
session_25_player2,Shared agency no signaling,equal_to_both,1,0.9893516059745178
session_25_player2,Shared agency no signaling,equal_to_both,2,0.9915808721398438
session_25_player2,Shared agency no signaling,equal_to_both,3,0.991680138836545
session_25_player2,Shared agency no signaling,equal_to_both,4,0.9917476574401287
session_25_player2,Shared agency no signaling,equal_to_both,5,0.9999483084768731
session_26_player1,Shared agency log-odds signaling,closer_to_player1,0,0.5
session_26_player1,Shared agency log-odds signaling,closer_to_player1,1,0.8092657588700822
session_26_player1,Shared agency log-odds signaling,closer_to_player1,2,0.9962484956081481
session_26_player1,Shared agency log-odds signaling,closer_to_player1,3,0.9999887332624072
session_26_player1,Shared agency log-odds signaling,closer_to_player1,4,0.9999999406218538
session_26_player1,Shared agency log-odds signaling,closer_to_player1,5,0.999999999492251
session_26_player1,Shared agency log-odds signaling,closer_to_player2,0,0.5
session_26_player1,Shared agency log-odds signaling,closer_to_player2,1,0.3370264764631193
session_26_player1,Shared agency log-odds signaling,closer_to_player2,2,0.4996638954523946
session_26_player1,Shared agency log-odds signaling,closer_to_player2,3,0.4999889942356817
session_26_player1,Shared agency log-odds signaling,closer_to_player2,4,0.5034459693450106
session_26_player1,Shared agency log-odds signaling,closer_to_player2,5,0.6850660662756506
session_26_player1,Shared agency log-odds signaling,equal_to_both,0,0.5
session_26_player1,Shared agency log-odds signaling,equal_to_both,1,0.5484665816303407
session_26_player1,Shared agency log-odds signaling,equal_to_both,2,0.25028649956273386
session_26_player1,Shared agency log-odds signaling,equal_to_both,3,0.2531966233326673
session_26_player1,Shared agency log-odds signaling,equal_to_both,4,0.49984851777252953
session_26_player1,Shared agency log-odds signaling,equal_to_both,5,0.9999997612309877
session_26_player1,Shared agency no signaling,closer_to_player1,0,0.5
session_26_player1,Shared agency no signaling,closer_to_player1,1,0.8103430342916484
session_26_player1,Shared agency no signaling,closer_to_player1,2,0.9998397005372381
session_26_player1,Shared agency no signaling,closer_to_player1,3,0.9999999183526649
session_26_player1,Shared agency no signaling,closer_to_player1,4,0.9999999998849487
session_26_player1,Shared agency no signaling,closer_to_player1,5,0.9999999999998632
session_26_player1,Shared agency no signaling,closer_to_player2,0,0.5
session_26_player1,Shared agency no signaling,closer_to_player2,1,0.5032539121793805
session_26_player1,Shared agency no signaling,closer_to_player2,2,0.6671749583606532
session_26_player1,Shared agency no signaling,closer_to_player2,3,0.6733722813389038
session_26_player1,Shared agency no signaling,closer_to_player2,4,0.678895846637516
session_26_player1,Shared agency no signaling,closer_to_player2,5,0.8467018576854008
session_26_player1,Shared agency no signaling,equal_to_both,0,0.5
session_26_player1,Shared agency no signaling,equal_to_both,1,0.5429845132717342
session_26_player1,Shared agency no signaling,equal_to_both,2,0.834736032245249
session_26_player1,Shared agency no signaling,equal_to_both,3,0.8745670916419384
session_26_player1,Shared agency no signaling,equal_to_both,4,0.9999675576741635
session_26_player1,Shared agency no signaling,equal_to_both,5,0.999999930608912
session_26_player2,Shared agency log-odds signaling,closer_to_player1,0,0.5
session_26_player2,Shared agency log-odds signaling,closer_to_player1,1,0.7400944722666142
session_26_player2,Shared agency log-odds signaling,closer_to_player1,2,0.9988831510140445
session_26_player2,Shared agency log-odds signaling,closer_to_player1,3,0.9999884580005071
session_26_player2,Shared agency log-odds signaling,closer_to_player1,4,0.9999891624518393
session_26_player2,Shared agency log-odds signaling,closer_to_player1,5,0.9999908128143343
session_26_player2,Shared agency log-odds signaling,closer_to_player2,0,0.5
session_26_player2,Shared agency log-odds signaling,closer_to_player2,1,0.8739378554877454
session_26_player2,Shared agency log-odds signaling,closer_to_player2,2,0.8173339552391496
session_26_player2,Shared agency log-odds signaling,closer_to_player2,3,0.7638702837860528
session_26_player2,Shared agency log-odds signaling,closer_to_player2,4,0.723514856487273
session_26_player2,Shared agency log-odds signaling,closer_to_player2,5,0.999876053461521
session_26_player2,Shared agency log-odds signaling,equal_to_both,0,0.5
session_26_player2,Shared agency log-odds signaling,equal_to_both,1,0.44977706453341937
session_26_player2,Shared agency log-odds signaling,equal_to_both,2,0.9989862073149693
session_26_player2,Shared agency log-odds signaling,equal_to_both,3,0.9998864679879855
session_26_player2,Shared agency log-odds signaling,equal_to_both,4,0.9999288863108307
session_26_player2,Shared agency log-odds signaling,equal_to_both,5,0.9999999653340591
session_26_player2,Shared agency no signaling,closer_to_player1,0,0.5
session_26_player2,Shared agency no signaling,closer_to_player1,1,0.7431053813218793
session_26_player2,Shared agency no signaling,closer_to_player1,2,0.9947726767626073
session_26_player2,Shared agency no signaling,closer_to_player1,3,0.9949476045034761
session_26_player2,Shared agency no signaling,closer_to_player1,4,0.9917831839167823
session_26_player2,Shared agency no signaling,closer_to_player1,5,0.9999668121459743
session_26_player2,Shared agency no signaling,closer_to_player2,0,0.5
session_26_player2,Shared agency no signaling,closer_to_player2,1,0.4796454276000788
session_26_player2,Shared agency no signaling,closer_to_player2,2,0.2340705494390162
session_26_player2,Shared agency no signaling,closer_to_player2,3,0.5548139747147929
session_26_player2,Shared agency no signaling,closer_to_player2,4,0.6862544498672972
session_26_player2,Shared agency no signaling,closer_to_player2,5,0.9999628463596383
session_26_player2,Shared agency no signaling,equal_to_both,0,0.5
session_26_player2,Shared agency no signaling,equal_to_both,1,0.6663914224547312
session_26_player2,Shared agency no signaling,equal_to_both,2,0.9988680242944584
session_26_player2,Shared agency no signaling,equal_to_both,3,0.9991711402919874
session_26_player2,Shared agency no signaling,equal_to_both,4,0.9990482819538212
session_26_player2,Shared agency no signaling,equal_to_both,5,0.9999994587610702
session_27_player1,Shared agency log-odds signaling,closer_to_player1,0,0.5
session_27_player1,Shared agency log-odds signaling,closer_to_player1,1,0.32306765514014607
session_27_player1,Shared agency log-odds signaling,closer_to_player1,2,0.30655138714673624
session_27_player1,Shared agency log-odds signaling,closer_to_player1,3,0.5174183227109421
session_27_player1,Shared agency log-odds signaling,closer_to_player1,4,0.7648060410604517
session_27_player1,Shared agency log-odds signaling,closer_to_player1,5,0.8004651451847009
session_27_player1,Shared agency log-odds signaling,closer_to_player2,0,0.5
session_27_player1,Shared agency log-odds signaling,closer_to_player2,1,0.503423253256388
session_27_player1,Shared agency log-odds signaling,closer_to_player2,2,0.7477967771358384
session_27_player1,Shared agency log-odds signaling,closer_to_player2,3,0.7535929239505352
session_27_player1,Shared agency log-odds signaling,closer_to_player2,4,0.7542698058345247
session_27_player1,Shared agency log-odds signaling,closer_to_player2,5,0.757711643687857
session_27_player1,Shared agency log-odds signaling,equal_to_both,0,0.5
session_27_player1,Shared agency log-odds signaling,equal_to_both,1,0.7465938811846049
session_27_player1,Shared agency log-odds signaling,equal_to_both,2,0.995259788482042
session_27_player1,Shared agency log-odds signaling,equal_to_both,3,0.9969497919983491
session_27_player1,Shared agency log-odds signaling,equal_to_both,4,0.9999895984945657
session_27_player1,Shared agency log-odds signaling,equal_to_both,5,0.9999999346370385
session_27_player1,Shared agency no signaling,closer_to_player1,0,0.5
session_27_player1,Shared agency no signaling,closer_to_player1,1,0.6656447907089188
session_27_player1,Shared agency no signaling,closer_to_player1,2,0.6672091564035422
session_27_player1,Shared agency no signaling,closer_to_player1,3,0.6847467621827795
session_27_player1,Shared agency no signaling,closer_to_player1,4,0.7001431945061406
session_27_player1,Shared agency no signaling,closer_to_player1,5,0.7246139319226859
session_27_player1,Shared agency no signaling,closer_to_player2,0,0.5
session_27_player1,Shared agency no signaling,closer_to_player2,1,0.5035955837037034
session_27_player1,Shared agency no signaling,closer_to_player2,2,0.5093903281371434
session_27_player1,Shared agency no signaling,closer_to_player2,3,0.5054951928722887
session_27_player1,Shared agency no signaling,closer_to_player2,4,0.48196942796300846
session_27_player1,Shared agency no signaling,closer_to_player2,5,0.5231553717368551
session_27_player1,Shared agency no signaling,equal_to_both,0,0.5
session_27_player1,Shared agency no signaling,equal_to_both,1,0.995244524420978
session_27_player1,Shared agency no signaling,equal_to_both,2,0.9969362291892667
session_27_player1,Shared agency no signaling,equal_to_both,3,0.9999809208357662
session_27_player1,Shared agency no signaling,equal_to_both,4,0.9999812827747299
session_27_player1,Shared agency no signaling,equal_to_both,5,0.9999822409365802
session_27_player2,Shared agency log-odds signaling,closer_to_player1,0,0.5
session_27_player2,Shared agency log-odds signaling,closer_to_player1,1,0.6623394462596907
session_27_player2,Shared agency log-odds signaling,closer_to_player1,2,0.6680094471044454
session_27_player2,Shared agency log-odds signaling,closer_to_player1,3,0.6651551582776452
session_27_player2,Shared agency log-odds signaling,closer_to_player1,4,0.6223988444627139
session_27_player2,Shared agency log-odds signaling,closer_to_player1,5,0.6815601223383388
session_27_player2,Shared agency log-odds signaling,closer_to_player2,0,0.5
session_27_player2,Shared agency log-odds signaling,closer_to_player2,1,0.752139875739332
session_27_player2,Shared agency log-odds signaling,closer_to_player2,2,0.7533550010994716
session_27_player2,Shared agency log-odds signaling,closer_to_player2,3,0.7505064722611139
session_27_player2,Shared agency log-odds signaling,closer_to_player2,4,0.7714672329599144
session_27_player2,Shared agency log-odds signaling,closer_to_player2,5,0.7335962725340643
session_27_player2,Shared agency log-odds signaling,equal_to_both,0,0.5
session_27_player2,Shared agency log-odds signaling,equal_to_both,1,0.5153979777950598
session_27_player2,Shared agency log-odds signaling,equal_to_both,2,0.7484594741417641
session_27_player2,Shared agency log-odds signaling,equal_to_both,3,0.7499671443294473
session_27_player2,Shared agency log-odds signaling,equal_to_both,4,0.9995961254723396
session_27_player2,Shared agency log-odds signaling,equal_to_both,5,0.9996100247645014
session_27_player2,Shared agency no signaling,closer_to_player1,0,0.5
session_27_player2,Shared agency no signaling,closer_to_player1,1,0.5023989142008576
session_27_player2,Shared agency no signaling,closer_to_player1,2,0.6697956408001495
session_27_player2,Shared agency no signaling,closer_to_player1,3,0.6688229508490364
session_27_player2,Shared agency no signaling,closer_to_player1,4,0.626515566040499
session_27_player2,Shared agency no signaling,closer_to_player1,5,0.6856734630500202
session_27_player2,Shared agency no signaling,closer_to_player2,0,0.5
session_27_player2,Shared agency no signaling,closer_to_player2,1,0.4569335929645917
session_27_player2,Shared agency no signaling,closer_to_player2,2,0.42427462630603785
session_27_player2,Shared agency no signaling,closer_to_player2,3,0.42180690759380013
session_27_player2,Shared agency no signaling,closer_to_player2,4,0.32033791489180435
session_27_player2,Shared agency no signaling,closer_to_player2,5,0.6293892718672932
session_27_player2,Shared agency no signaling,equal_to_both,0,0.5
session_27_player2,Shared agency no signaling,equal_to_both,1,0.7482626643742122
session_27_player2,Shared agency no signaling,equal_to_both,2,0.9966494455961075
session_27_player2,Shared agency no signaling,equal_to_both,3,0.9983227259354006
session_27_player2,Shared agency no signaling,equal_to_both,4,0.9982893045864598
session_27_player2,Shared agency no signaling,equal_to_both,5,0.9999924447731732
session_28_player1,Shared agency log-odds signaling,closer_to_player1,0,0.5
session_28_player1,Shared agency log-odds signaling,closer_to_player1,1,0.4721341388045286
session_28_player1,Shared agency log-odds signaling,closer_to_player1,2,0.5085351733730915
session_28_player1,Shared agency log-odds signaling,closer_to_player1,3,0.6666206380013997
session_28_player1,Shared agency log-odds signaling,closer_to_player1,4,0.6672228120370661
session_28_player1,Shared agency log-odds signaling,closer_to_player1,5,0.9358345497724166
session_28_player1,Shared agency log-odds signaling,closer_to_player2,0,0.5
session_28_player1,Shared agency log-odds signaling,closer_to_player2,1,0.4987542674153147
session_28_player1,Shared agency log-odds signaling,closer_to_player2,2,0.6714194334134568
session_28_player1,Shared agency log-odds signaling,closer_to_player2,3,0.6719234407522207
session_28_player1,Shared agency log-odds signaling,closer_to_player2,4,0.9929709047864331
session_28_player1,Shared agency log-odds signaling,closer_to_player2,5,0.9999919196934909
session_28_player1,Shared agency log-odds signaling,equal_to_both,0,0.5
session_28_player1,Shared agency log-odds signaling,equal_to_both,1,0.9872154298182857
session_28_player1,Shared agency log-odds signaling,equal_to_both,2,0.996297989823054
session_28_player1,Shared agency log-odds signaling,equal_to_both,3,0.9963916092727191
session_28_player1,Shared agency log-odds signaling,equal_to_both,4,0.9587434261918358
session_28_player1,Shared agency log-odds signaling,equal_to_both,5,0.9625445913389274
session_28_player1,Shared agency no signaling,closer_to_player1,0,0.5
session_28_player1,Shared agency no signaling,closer_to_player1,1,0.7511901209609126
session_28_player1,Shared agency no signaling,closer_to_player1,2,0.9987358780245343
session_28_player1,Shared agency no signaling,closer_to_player1,3,0.999017569646914
session_28_player1,Shared agency no signaling,closer_to_player1,4,0.9991563244899987
session_28_player1,Shared agency no signaling,closer_to_player1,5,0.9991573475370313
session_28_player1,Shared agency no signaling,closer_to_player2,0,0.5
session_28_player1,Shared agency no signaling,closer_to_player2,1,0.6655371529634355
session_28_player1,Shared agency no signaling,closer_to_player2,2,0.8390724661140404
session_28_player1,Shared agency no signaling,closer_to_player2,3,0.8890819379975895
session_28_player1,Shared agency no signaling,closer_to_player2,4,0.8301219790880077
session_28_player1,Shared agency no signaling,closer_to_player2,5,0.9998701599059809
session_28_player1,Shared agency no signaling,equal_to_both,0,0.5
session_28_player1,Shared agency no signaling,equal_to_both,1,0.6631589647937245
session_28_player1,Shared agency no signaling,equal_to_both,2,0.8263407977622391
session_28_player1,Shared agency no signaling,equal_to_both,3,0.8332375471200685
session_28_player1,Shared agency no signaling,equal_to_both,4,0.8333442261796766
session_28_player1,Shared agency no signaling,equal_to_both,5,0.999898741249747
session_28_player2,Shared agency log-odds signaling,closer_to_player1,0,0.5
session_28_player2,Shared agency log-odds signaling,closer_to_player1,1,0.827680054924592
session_28_player2,Shared agency log-odds signaling,closer_to_player1,2,0.8298277340942336
session_28_player2,Shared agency log-odds signaling,closer_to_player1,3,0.8324430699173758
session_28_player2,Shared agency log-odds signaling,closer_to_player1,4,0.8343845676469307
session_28_player2,Shared agency log-odds signaling,closer_to_player1,5,0.8011208367291113
session_28_player2,Shared agency log-odds signaling,closer_to_player2,0,0.5
session_28_player2,Shared agency log-odds signaling,closer_to_player2,1,0.4812723433716144
session_28_player2,Shared agency log-odds signaling,closer_to_player2,2,0.6053438917505778
session_28_player2,Shared agency log-odds signaling,closer_to_player2,3,0.806040505538964
session_28_player2,Shared agency log-odds signaling,closer_to_player2,4,0.692213902950142
session_28_player2,Shared agency log-odds signaling,closer_to_player2,5,0.9950188984729375
session_28_player2,Shared agency log-odds signaling,equal_to_both,0,0.5
session_28_player2,Shared agency log-odds signaling,equal_to_both,1,0.9866406801836131
session_28_player2,Shared agency log-odds signaling,equal_to_both,2,0.990923707252143
session_28_player2,Shared agency log-odds signaling,equal_to_both,3,0.9963915831368783
session_28_player2,Shared agency log-odds signaling,equal_to_both,4,0.9999748547058688
session_28_player2,Shared agency log-odds signaling,equal_to_both,5,0.9999776861604293
session_28_player2,Shared agency no signaling,closer_to_player1,0,0.5
session_28_player2,Shared agency no signaling,closer_to_player1,1,0.7498641436607008
session_28_player2,Shared agency no signaling,closer_to_player1,2,0.2843021981991653
session_28_player2,Shared agency no signaling,closer_to_player1,3,0.27116838002184745
session_28_player2,Shared agency no signaling,closer_to_player1,4,0.7349710489009778
session_28_player2,Shared agency no signaling,closer_to_player1,5,0.7890749473315808
session_28_player2,Shared agency no signaling,closer_to_player2,0,0.5
session_28_player2,Shared agency no signaling,closer_to_player2,1,0.708092410429661
session_28_player2,Shared agency no signaling,closer_to_player2,2,0.9998369760065957
session_28_player2,Shared agency no signaling,closer_to_player2,3,0.9999660049150317
session_28_player2,Shared agency no signaling,closer_to_player2,4,0.9999999890380218
session_28_player2,Shared agency no signaling,closer_to_player2,5,0.999999999993378
session_28_player2,Shared agency no signaling,equal_to_both,0,0.5
session_28_player2,Shared agency no signaling,equal_to_both,1,0.500009200970089
session_28_player2,Shared agency no signaling,equal_to_both,2,0.8301729992395118
session_28_player2,Shared agency no signaling,equal_to_both,3,0.9959073652238127
session_28_player2,Shared agency no signaling,equal_to_both,4,0.9979452565390051
session_28_player2,Shared agency no signaling,equal_to_both,5,0.9999683011802739
session_29_player1,Shared agency log-odds signaling,closer_to_player1,0,0.5
session_29_player1,Shared agency log-odds signaling,closer_to_player1,1,0.6296707907959287
session_29_player1,Shared agency log-odds signaling,closer_to_player1,2,0.684411517849139
session_29_player1,Shared agency log-odds signaling,closer_to_player1,3,0.46104473518073136
session_29_player1,Shared agency log-odds signaling,closer_to_player1,4,0.5180287967544052
session_29_player1,Shared agency log-odds signaling,closer_to_player1,5,0.763142079149595
session_29_player1,Shared agency log-odds signaling,closer_to_player2,0,0.5
session_29_player1,Shared agency log-odds signaling,closer_to_player2,1,0.5034289412841508
session_29_player1,Shared agency log-odds signaling,closer_to_player2,2,0.5056208392484272
session_29_player1,Shared agency log-odds signaling,closer_to_player2,3,0.5070841833190083
session_29_player1,Shared agency log-odds signaling,closer_to_player2,4,0.507434507970745
session_29_player1,Shared agency log-odds signaling,closer_to_player2,5,0.5057693727251437
session_29_player1,Shared agency log-odds signaling,equal_to_both,0,0.5
session_29_player1,Shared agency log-odds signaling,equal_to_both,1,0.6623446044873641
session_29_player1,Shared agency log-odds signaling,equal_to_both,2,0.8715550580515575
session_29_player1,Shared agency log-odds signaling,equal_to_both,3,0.8718095718098945
session_29_player1,Shared agency log-odds signaling,equal_to_both,4,0.9977918843323174
session_29_player1,Shared agency log-odds signaling,equal_to_both,5,0.9999603170731057
session_29_player1,Shared agency no signaling,closer_to_player1,0,0.5
session_29_player1,Shared agency no signaling,closer_to_player1,1,0.8608373893534939
session_29_player1,Shared agency no signaling,closer_to_player1,2,0.8850065585344148
session_29_player1,Shared agency no signaling,closer_to_player1,3,0.902871263510043
session_29_player1,Shared agency no signaling,closer_to_player1,4,0.8711781777659623
session_29_player1,Shared agency no signaling,closer_to_player1,5,0.9061537763058904
session_29_player1,Shared agency no signaling,closer_to_player2,0,0.5
session_29_player1,Shared agency no signaling,closer_to_player2,1,0.6685466019741276
session_29_player1,Shared agency no signaling,closer_to_player2,2,0.674614776981905
session_29_player1,Shared agency no signaling,closer_to_player2,3,0.4698921114865243
session_29_player1,Shared agency no signaling,closer_to_player2,4,0.36788389290756607
session_29_player1,Shared agency no signaling,closer_to_player2,5,0.5211892879859116
session_29_player1,Shared agency no signaling,equal_to_both,0,0.5
session_29_player1,Shared agency no signaling,equal_to_both,1,0.5000050722070203
session_29_player1,Shared agency no signaling,equal_to_both,2,0.5000377031862013
session_29_player1,Shared agency no signaling,equal_to_both,3,0.9997008560964789
session_29_player1,Shared agency no signaling,equal_to_both,4,0.9999997776530575
session_29_player1,Shared agency no signaling,equal_to_both,5,0.9999999996313287
session_29_player2,Shared agency log-odds signaling,closer_to_player1,0,0.5
session_29_player2,Shared agency log-odds signaling,closer_to_player1,1,0.4945286409679925
session_29_player2,Shared agency log-odds signaling,closer_to_player1,2,0.48981422077322323
session_29_player2,Shared agency log-odds signaling,closer_to_player1,3,0.6579483481959187
session_29_player2,Shared agency log-odds signaling,closer_to_player1,4,0.6586427708959826
session_29_player2,Shared agency log-odds signaling,closer_to_player1,5,0.6962356732269046
session_29_player2,Shared agency log-odds signaling,closer_to_player2,0,0.5
session_29_player2,Shared agency log-odds signaling,closer_to_player2,1,0.5414765795345666
session_29_player2,Shared agency log-odds signaling,closer_to_player2,2,0.5724387513136774
session_29_player2,Shared agency log-odds signaling,closer_to_player2,3,0.6555182292618515
session_29_player2,Shared agency log-odds signaling,closer_to_player2,4,0.6043402277647556
session_29_player2,Shared agency log-odds signaling,closer_to_player2,5,0.5617131294237542
session_29_player2,Shared agency log-odds signaling,equal_to_both,0,0.5
session_29_player2,Shared agency log-odds signaling,equal_to_both,1,0.9850420206566213
session_29_player2,Shared agency log-odds signaling,equal_to_both,2,0.9996302852138234
session_29_player2,Shared agency log-odds signaling,equal_to_both,3,0.9998453088001656
session_29_player2,Shared agency log-odds signaling,equal_to_both,4,0.9999891045184732
session_29_player2,Shared agency log-odds signaling,equal_to_both,5,0.9999945018839581
session_29_player2,Shared agency no signaling,closer_to_player1,0,0.5
session_29_player2,Shared agency no signaling,closer_to_player1,1,0.5318478060885665
session_29_player2,Shared agency no signaling,closer_to_player1,2,0.7207578467395329
session_29_player2,Shared agency no signaling,closer_to_player1,3,0.7482301529634201
session_29_player2,Shared agency no signaling,closer_to_player1,4,0.7748107977871834
session_29_player2,Shared agency no signaling,closer_to_player1,5,0.8088642595135292
session_29_player2,Shared agency no signaling,closer_to_player2,0,0.5
session_29_player2,Shared agency no signaling,closer_to_player2,1,0.5758923863925557
session_29_player2,Shared agency no signaling,closer_to_player2,2,0.6181918265707945
session_29_player2,Shared agency no signaling,closer_to_player2,3,0.7639813483972735
session_29_player2,Shared agency no signaling,closer_to_player2,4,0.7236275533660419
session_29_player2,Shared agency no signaling,closer_to_player2,5,0.6975969764788147
session_29_player2,Shared agency no signaling,equal_to_both,0,0.5
session_29_player2,Shared agency no signaling,equal_to_both,1,0.5000046919074111
session_29_player2,Shared agency no signaling,equal_to_both,2,0.500037265453448
session_29_player2,Shared agency no signaling,equal_to_both,3,0.00029923558479789177
session_29_player2,Shared agency no signaling,equal_to_both,4,0.7365922482116791
session_29_player2,Shared agency no signaling,equal_to_both,5,0.9998929884831447
session_2_player1,Shared agency log-odds signaling,closer_to_player1,0,0.5
session_2_player1,Shared agency log-odds signaling,closer_to_player1,1,0.836372384972515
session_2_player1,Shared agency log-odds signaling,closer_to_player1,2,0.8351205713283126
session_2_player1,Shared agency log-odds signaling,closer_to_player1,3,0.8628248446062438
session_2_player1,Shared agency log-odds signaling,closer_to_player1,4,0.8863571858981595
session_2_player1,Shared agency log-odds signaling,closer_to_player1,5,0.8611139726306664
session_2_player1,Shared agency log-odds signaling,closer_to_player2,0,0.5
session_2_player1,Shared agency log-odds signaling,closer_to_player2,1,0.8235243495430759
session_2_player1,Shared agency log-odds signaling,closer_to_player2,2,0.5293691613255286
session_2_player1,Shared agency log-odds signaling,closer_to_player2,3,0.5303514727165987
session_2_player1,Shared agency log-odds signaling,closer_to_player2,4,0.8061966281535478
session_2_player1,Shared agency log-odds signaling,closer_to_player2,5,0.8018288882323198
session_2_player1,Shared agency log-odds signaling,equal_to_both,0,0.5
session_2_player1,Shared agency log-odds signaling,equal_to_both,1,0.5054943078247014
session_2_player1,Shared agency log-odds signaling,equal_to_both,2,0.712491728735575
session_2_player1,Shared agency log-odds signaling,equal_to_both,3,0.8747183887930495
session_2_player1,Shared agency log-odds signaling,equal_to_both,4,0.8766562254752595
session_2_player1,Shared agency log-odds signaling,equal_to_both,5,0.9993413848673335
session_2_player1,Shared agency no signaling,closer_to_player1,0,0.5
session_2_player1,Shared agency no signaling,closer_to_player1,1,0.6663870943461734
session_2_player1,Shared agency no signaling,closer_to_player1,2,0.6668797906545364
session_2_player1,Shared agency no signaling,closer_to_player1,3,0.6668646194963115
session_2_player1,Shared agency no signaling,closer_to_player1,4,0.6668144758373006
session_2_player1,Shared agency no signaling,closer_to_player1,5,0.6667821393200403
session_2_player1,Shared agency no signaling,closer_to_player2,0,0.5
session_2_player1,Shared agency no signaling,closer_to_player2,1,0.4964067187247106
session_2_player1,Shared agency no signaling,closer_to_player2,2,0.7477553360780914
session_2_player1,Shared agency no signaling,closer_to_player2,3,0.7095908781576509
session_2_player1,Shared agency no signaling,closer_to_player2,4,0.7828657692589784
session_2_player1,Shared agency no signaling,closer_to_player2,5,0.9968401632138217
session_2_player1,Shared agency no signaling,equal_to_both,0,0.5
session_2_player1,Shared agency no signaling,equal_to_both,1,0.49724509282350066
session_2_player1,Shared agency no signaling,equal_to_both,2,0.49793637364108617
session_2_player1,Shared agency no signaling,equal_to_both,3,0.6644541199501542
session_2_player1,Shared agency no signaling,equal_to_both,4,0.6644827246248347
session_2_player1,Shared agency no signaling,equal_to_both,5,0.9710541416739833
session_2_player2,Shared agency log-odds signaling,closer_to_player1,0,0.5
session_2_player2,Shared agency log-odds signaling,closer_to_player1,1,0.6630421152250153
session_2_player2,Shared agency log-odds signaling,closer_to_player1,2,0.831630776421531
session_2_player2,Shared agency log-odds signaling,closer_to_player1,3,0.835658889035618
session_2_player2,Shared agency log-odds signaling,closer_to_player1,4,0.8357771639391612
session_2_player2,Shared agency log-odds signaling,closer_to_player1,5,0.8352344736818659
session_2_player2,Shared agency log-odds signaling,closer_to_player2,0,0.5
session_2_player2,Shared agency log-odds signaling,closer_to_player2,1,0.3352593417004864
session_2_player2,Shared agency log-odds signaling,closer_to_player2,2,0.82124619166584
session_2_player2,Shared agency log-odds signaling,closer_to_player2,3,0.8545632706429651
session_2_player2,Shared agency log-odds signaling,closer_to_player2,4,0.8385296000046835
session_2_player2,Shared agency log-odds signaling,closer_to_player2,5,0.8939550230880383
session_2_player2,Shared agency log-odds signaling,equal_to_both,0,0.5
session_2_player2,Shared agency log-odds signaling,equal_to_both,1,0.9886931617407176
session_2_player2,Shared agency log-odds signaling,equal_to_both,2,0.9908988676795091
session_2_player2,Shared agency log-odds signaling,equal_to_both,3,0.9910075538028269
session_2_player2,Shared agency log-odds signaling,equal_to_both,4,0.9910673226695144
session_2_player2,Shared agency log-odds signaling,equal_to_both,5,0.6975725915457979
session_2_player2,Shared agency no signaling,closer_to_player1,0,0.5
session_2_player2,Shared agency no signaling,closer_to_player1,1,0.5008821956236712
session_2_player2,Shared agency no signaling,closer_to_player1,2,0.6650722706966627
session_2_player2,Shared agency no signaling,closer_to_player1,3,0.667801682578722
session_2_player2,Shared agency no signaling,closer_to_player1,4,0.6700469590006244
session_2_player2,Shared agency no signaling,closer_to_player1,5,0.6652978094552714
session_2_player2,Shared agency no signaling,closer_to_player2,0,0.5
session_2_player2,Shared agency no signaling,closer_to_player2,1,0.9996516777362151
session_2_player2,Shared agency no signaling,closer_to_player2,2,0.9996683634843637
session_2_player2,Shared agency no signaling,closer_to_player2,3,0.9999998635955833
session_2_player2,Shared agency no signaling,closer_to_player2,4,0.9999999997846355
session_2_player2,Shared agency no signaling,closer_to_player2,5,0.9999999999233617
session_2_player2,Shared agency no signaling,equal_to_both,0,0.5
session_2_player2,Shared agency no signaling,equal_to_both,1,0.4971798621757843
session_2_player2,Shared agency no signaling,equal_to_both,2,0.7169908398963002
session_2_player2,Shared agency no signaling,equal_to_both,3,0.7170094259556895
session_2_player2,Shared agency no signaling,equal_to_both,4,0.8830287010520275
session_2_player2,Shared agency no signaling,equal_to_both,5,0.9987335088015207
session_3_player1,Shared agency log-odds signaling,closer_to_player1,0,0.5
session_3_player1,Shared agency log-odds signaling,closer_to_player1,1,0.6872738738538361
session_3_player1,Shared agency log-odds signaling,closer_to_player1,2,0.7238396033107847
session_3_player1,Shared agency log-odds signaling,closer_to_player1,3,0.8547365688932516
session_3_player1,Shared agency log-odds signaling,closer_to_player1,4,0.9999999913707528
session_3_player1,Shared agency log-odds signaling,closer_to_player1,5,0.9999999999945628
session_3_player1,Shared agency log-odds signaling,closer_to_player2,0,0.5
session_3_player1,Shared agency log-odds signaling,closer_to_player2,1,0.5027754623377405
session_3_player1,Shared agency log-odds signaling,closer_to_player2,2,0.7478662706262721
session_3_player1,Shared agency log-odds signaling,closer_to_player2,3,0.748765116750824
session_3_player1,Shared agency log-odds signaling,closer_to_player2,4,0.7491089794518759
session_3_player1,Shared agency log-odds signaling,closer_to_player2,5,0.775759661826291
session_3_player1,Shared agency log-odds signaling,equal_to_both,0,0.5
session_3_player1,Shared agency log-odds signaling,equal_to_both,1,0.7485562647844579
session_3_player1,Shared agency log-odds signaling,equal_to_both,2,0.9979235918860474
session_3_player1,Shared agency log-odds signaling,equal_to_both,3,0.998336378220561
session_3_player1,Shared agency log-odds signaling,equal_to_both,4,0.9999970711755728
session_3_player1,Shared agency log-odds signaling,equal_to_both,5,0.9999972154915236
session_3_player1,Shared agency no signaling,closer_to_player1,0,0.5
session_3_player1,Shared agency no signaling,closer_to_player1,1,0.6654109636829948
session_3_player1,Shared agency no signaling,closer_to_player1,2,0.7161243980588269
session_3_player1,Shared agency no signaling,closer_to_player1,3,0.871204410904609
session_3_player1,Shared agency no signaling,closer_to_player1,4,0.9999999944779825
session_3_player1,Shared agency no signaling,closer_to_player1,5,0.9999999999974909
session_3_player1,Shared agency no signaling,closer_to_player2,0,0.5
session_3_player1,Shared agency no signaling,closer_to_player2,1,0.4588243948285712
session_3_player1,Shared agency no signaling,closer_to_player2,2,0.5305582670855968
session_3_player1,Shared agency no signaling,closer_to_player2,3,0.8061106658808708
session_3_player1,Shared agency no signaling,closer_to_player2,4,0.9996192788773178
session_3_player1,Shared agency no signaling,closer_to_player2,5,0.999989218808599
session_3_player1,Shared agency no signaling,equal_to_both,0,0.5
session_3_player1,Shared agency no signaling,equal_to_both,1,0.5000081004850137
session_3_player1,Shared agency no signaling,equal_to_both,2,0.9982957200117151
session_3_player1,Shared agency no signaling,equal_to_both,3,0.999148603136057
session_3_player1,Shared agency no signaling,equal_to_both,4,0.9991665035032871
session_3_player1,Shared agency no signaling,equal_to_both,5,0.9999993108872698
session_3_player2,Shared agency log-odds signaling,closer_to_player1,0,0.5
session_3_player2,Shared agency log-odds signaling,closer_to_player1,1,0.6633099598303146
session_3_player2,Shared agency log-odds signaling,closer_to_player1,2,0.6701561718614517
session_3_player2,Shared agency log-odds signaling,closer_to_player1,3,0.6691857827620966
session_3_player2,Shared agency log-odds signaling,closer_to_player1,4,0.8350125028906591
session_3_player2,Shared agency log-odds signaling,closer_to_player1,5,0.8340472431567583
session_3_player2,Shared agency log-odds signaling,closer_to_player2,0,0.5
session_3_player2,Shared agency log-odds signaling,closer_to_player2,1,0.7081393867752778
session_3_player2,Shared agency log-odds signaling,closer_to_player2,2,0.6728822269391294
session_3_player2,Shared agency log-odds signaling,closer_to_player2,3,0.7109406065371721
session_3_player2,Shared agency log-odds signaling,closer_to_player2,4,0.9999747697600467
session_3_player2,Shared agency log-odds signaling,closer_to_player2,5,0.9999680303140566
session_3_player2,Shared agency log-odds signaling,equal_to_both,0,0.5
session_3_player2,Shared agency log-odds signaling,equal_to_both,1,0.7491114473344699
session_3_player2,Shared agency log-odds signaling,equal_to_both,2,0.9991458232877999
session_3_player2,Shared agency log-odds signaling,equal_to_both,3,0.9991476819410241
session_3_player2,Shared agency log-odds signaling,equal_to_both,4,0.9999985615162275
session_3_player2,Shared agency log-odds signaling,equal_to_both,5,0.9999985578841237
session_3_player2,Shared agency no signaling,closer_to_player1,0,0.5
session_3_player2,Shared agency no signaling,closer_to_player1,1,0.611091236408742
session_3_player2,Shared agency no signaling,closer_to_player1,2,0.5721917600950557
session_3_player2,Shared agency no signaling,closer_to_player1,3,0.5296662052982346
session_3_player2,Shared agency no signaling,closer_to_player1,4,0.820616884872464
session_3_player2,Shared agency no signaling,closer_to_player1,5,0.8012592256081975
session_3_player2,Shared agency no signaling,closer_to_player2,0,0.5
session_3_player2,Shared agency no signaling,closer_to_player2,1,0.9989883992604869
session_3_player2,Shared agency no signaling,closer_to_player2,2,0.9998320605759508
session_3_player2,Shared agency no signaling,closer_to_player2,3,0.9998408950468183
session_3_player2,Shared agency no signaling,closer_to_player2,4,0.999999972338572
session_3_player2,Shared agency no signaling,closer_to_player2,5,0.9999999999790901
session_3_player2,Shared agency no signaling,equal_to_both,0,0.5
session_3_player2,Shared agency no signaling,equal_to_both,1,0.9966382545554962
session_3_player2,Shared agency no signaling,equal_to_both,2,0.9983166384353739
session_3_player2,Shared agency no signaling,equal_to_both,3,0.9999840625444212
session_3_player2,Shared agency no signaling,equal_to_both,4,0.9999943342504632
session_3_player2,Shared agency no signaling,equal_to_both,5,0.9999999184254416
session_4_player1,Shared agency log-odds signaling,closer_to_player1,0,0.5
session_4_player1,Shared agency log-odds signaling,closer_to_player1,1,0.8054389832554897
session_4_player1,Shared agency log-odds signaling,closer_to_player1,2,0.7818096753480758
session_4_player1,Shared agency log-odds signaling,closer_to_player1,3,0.8072275683403394
session_4_player1,Shared agency log-odds signaling,closer_to_player1,4,0.7557570040269637
session_4_player1,Shared agency log-odds signaling,closer_to_player1,5,0.717757937032105
session_4_player1,Shared agency log-odds signaling,closer_to_player2,0,0.5
session_4_player1,Shared agency log-odds signaling,closer_to_player2,1,0.6650437474989043
session_4_player1,Shared agency log-odds signaling,closer_to_player2,2,0.6638135230006799
session_4_player1,Shared agency log-odds signaling,closer_to_player2,3,0.8339576606337592
session_4_player1,Shared agency log-odds signaling,closer_to_player2,4,0.8313589990759972
session_4_player1,Shared agency log-odds signaling,closer_to_player2,5,0.8360222985905162
session_4_player1,Shared agency log-odds signaling,equal_to_both,0,0.5
session_4_player1,Shared agency log-odds signaling,equal_to_both,1,0.5000284385312168
session_4_player1,Shared agency log-odds signaling,equal_to_both,2,0.989450313293574
session_4_player1,Shared agency log-odds signaling,equal_to_both,3,0.9895712872256011
session_4_player1,Shared agency log-odds signaling,equal_to_both,4,0.9998885497046351
session_4_player1,Shared agency log-odds signaling,equal_to_both,5,0.9999981008138282
session_4_player1,Shared agency no signaling,closer_to_player1,0,0.5
session_4_player1,Shared agency no signaling,closer_to_player1,1,0.48441467326348725
session_4_player1,Shared agency no signaling,closer_to_player1,2,0.7063933226251615
session_4_player1,Shared agency no signaling,closer_to_player1,3,0.7326850401001325
session_4_player1,Shared agency no signaling,closer_to_player1,4,0.8290147407812515
session_4_player1,Shared agency no signaling,closer_to_player1,5,0.900679722496634
session_4_player1,Shared agency no signaling,closer_to_player2,0,0.5
session_4_player1,Shared agency no signaling,closer_to_player2,1,0.500117840450614
session_4_player1,Shared agency no signaling,closer_to_player2,2,0.4564826859933469
session_4_player1,Shared agency no signaling,closer_to_player2,3,0.5160278166700629
session_4_player1,Shared agency no signaling,closer_to_player2,4,0.5668617704730534
session_4_player1,Shared agency no signaling,closer_to_player2,5,0.603678901111959
session_4_player1,Shared agency no signaling,equal_to_both,0,0.5
session_4_player1,Shared agency no signaling,equal_to_both,1,0.6647564999956598
session_4_player1,Shared agency no signaling,equal_to_both,2,0.8307999490910102
session_4_player1,Shared agency no signaling,equal_to_both,3,0.99915812980409
session_4_player1,Shared agency no signaling,equal_to_both,4,0.9999980857932275
session_4_player1,Shared agency no signaling,equal_to_both,5,0.9999998613402239
session_4_player2,Shared agency log-odds signaling,closer_to_player1,0,0.5
session_4_player2,Shared agency log-odds signaling,closer_to_player1,1,0.7059628409102113
session_4_player2,Shared agency log-odds signaling,closer_to_player1,2,0.6552231011046169
session_4_player2,Shared agency log-odds signaling,closer_to_player1,3,0.8236158709831397
session_4_player2,Shared agency log-odds signaling,closer_to_player1,4,0.8179482925509003
session_4_player2,Shared agency log-odds signaling,closer_to_player1,5,0.83025140658882
session_4_player2,Shared agency log-odds signaling,closer_to_player2,0,0.5
session_4_player2,Shared agency log-odds signaling,closer_to_player2,1,0.6328223465361466
session_4_player2,Shared agency log-odds signaling,closer_to_player2,2,0.7754271541466089
session_4_player2,Shared agency log-odds signaling,closer_to_player2,3,0.752352602850066
session_4_player2,Shared agency log-odds signaling,closer_to_player2,4,0.7346069374716376
session_4_player2,Shared agency log-odds signaling,closer_to_player2,5,0.7537215013158908
session_4_player2,Shared agency log-odds signaling,equal_to_both,0,0.5
session_4_player2,Shared agency log-odds signaling,equal_to_both,1,0.982798183551275
session_4_player2,Shared agency log-odds signaling,equal_to_both,2,0.9832194171881891
session_4_player2,Shared agency log-odds signaling,equal_to_both,3,0.9834106304670257
session_4_player2,Shared agency log-odds signaling,equal_to_both,4,0.9998216128793728
session_4_player2,Shared agency log-odds signaling,equal_to_both,5,0.999824393205888
session_4_player2,Shared agency no signaling,closer_to_player1,0,0.5
session_4_player2,Shared agency no signaling,closer_to_player1,1,0.5010573487222757
session_4_player2,Shared agency no signaling,closer_to_player1,2,0.5323297732043416
session_4_player2,Shared agency no signaling,closer_to_player1,3,0.561188782065567
session_4_player2,Shared agency no signaling,closer_to_player1,4,0.5870133770527272
session_4_player2,Shared agency no signaling,closer_to_player1,5,0.5647824604437388
session_4_player2,Shared agency no signaling,closer_to_player2,0,0.5
session_4_player2,Shared agency no signaling,closer_to_player2,1,0.5979229946733843
session_4_player2,Shared agency no signaling,closer_to_player2,2,0.631252900500669
session_4_player2,Shared agency no signaling,closer_to_player2,3,0.7099766981134931
session_4_player2,Shared agency no signaling,closer_to_player2,4,0.9430223085488009
session_4_player2,Shared agency no signaling,closer_to_player2,5,0.9690696913129525
session_4_player2,Shared agency no signaling,equal_to_both,0,0.5
session_4_player2,Shared agency no signaling,equal_to_both,1,0.6655235277614858
session_4_player2,Shared agency no signaling,equal_to_both,2,0.9971991574753837
session_4_player2,Shared agency no signaling,equal_to_both,3,0.9988549704559461
session_4_player2,Shared agency no signaling,equal_to_both,4,0.999996595160822
session_4_player2,Shared agency no signaling,equal_to_both,5,0.9999978825107689
session_5_player1,Shared agency log-odds signaling,closer_to_player1,0,0.5
session_5_player1,Shared agency log-odds signaling,closer_to_player1,1,0.663758108922778
session_5_player1,Shared agency log-odds signaling,closer_to_player1,2,0.694998688337348
session_5_player1,Shared agency log-odds signaling,closer_to_player1,3,0.7275644978891528
session_5_player1,Shared agency log-odds signaling,closer_to_player1,4,0.714554157891607
session_5_player1,Shared agency log-odds signaling,closer_to_player1,5,0.520120557596888
session_5_player1,Shared agency log-odds signaling,closer_to_player2,0,0.5
session_5_player1,Shared agency log-odds signaling,closer_to_player2,1,0.336287122090285
session_5_player1,Shared agency log-odds signaling,closer_to_player2,2,0.3335858260097319
session_5_player1,Shared agency log-odds signaling,closer_to_player2,3,0.4998218510910202
session_5_player1,Shared agency log-odds signaling,closer_to_player2,4,0.5280737953717992
session_5_player1,Shared agency log-odds signaling,closer_to_player2,5,0.5528753162505772
session_5_player1,Shared agency log-odds signaling,equal_to_both,0,0.5
session_5_player1,Shared agency log-odds signaling,equal_to_both,1,0.4994792201139484
session_5_player1,Shared agency log-odds signaling,equal_to_both,2,0.9983437427557709
session_5_player1,Shared agency log-odds signaling,equal_to_both,3,0.9999945441912195
session_5_player1,Shared agency log-odds signaling,equal_to_both,4,0.9999945049760334
session_5_player1,Shared agency log-odds signaling,equal_to_both,5,0.9999919057384767
session_5_player1,Shared agency no signaling,closer_to_player1,0,0.5
session_5_player1,Shared agency no signaling,closer_to_player1,1,0.663758108922778
session_5_player1,Shared agency no signaling,closer_to_player1,2,0.694998688337348
session_5_player1,Shared agency no signaling,closer_to_player1,3,0.7275644978891528
session_5_player1,Shared agency no signaling,closer_to_player1,4,0.714554157891607
session_5_player1,Shared agency no signaling,closer_to_player1,5,0.520120557596888
session_5_player1,Shared agency no signaling,closer_to_player2,0,0.5
session_5_player1,Shared agency no signaling,closer_to_player2,1,0.336287122090285
session_5_player1,Shared agency no signaling,closer_to_player2,2,0.3335858260097319
session_5_player1,Shared agency no signaling,closer_to_player2,3,0.4998218510910202
session_5_player1,Shared agency no signaling,closer_to_player2,4,0.5280737953717992
session_5_player1,Shared agency no signaling,closer_to_player2,5,0.5528753162505772
session_5_player1,Shared agency no signaling,equal_to_both,0,0.5
session_5_player1,Shared agency no signaling,equal_to_both,1,0.9827983842544424
session_5_player1,Shared agency no signaling,equal_to_both,2,0.9995348145322303
session_5_player1,Shared agency no signaling,equal_to_both,3,0.9999820749880586
session_5_player1,Shared agency no signaling,equal_to_both,4,0.9999834155120834
session_5_player1,Shared agency no signaling,equal_to_both,5,0.999999370357205
session_5_player2,Shared agency log-odds signaling,closer_to_player1,0,0.5
session_5_player2,Shared agency log-odds signaling,closer_to_player1,1,0.5033194904237476
session_5_player2,Shared agency log-odds signaling,closer_to_player1,2,0.5056673047459861
session_5_player2,Shared agency log-odds signaling,closer_to_player1,3,0.507179318092401
session_5_player2,Shared agency log-odds signaling,closer_to_player1,4,0.5172698737496989
session_5_player2,Shared agency log-odds signaling,closer_to_player1,5,0.503350236543122
session_5_player2,Shared agency log-odds signaling,closer_to_player2,0,0.5
session_5_player2,Shared agency log-odds signaling,closer_to_player2,1,0.8535833785366934
session_5_player2,Shared agency log-odds signaling,closer_to_player2,2,0.8674798367958875
session_5_player2,Shared agency log-odds signaling,closer_to_player2,3,0.843781156759464
session_5_player2,Shared agency log-odds signaling,closer_to_player2,4,0.999999978036199
session_5_player2,Shared agency log-odds signaling,closer_to_player2,5,0.9999999999867755
session_5_player2,Shared agency log-odds signaling,equal_to_both,0,0.5
session_5_player2,Shared agency log-odds signaling,equal_to_both,1,0.9966362509040259
session_5_player2,Shared agency log-odds signaling,equal_to_both,2,0.999979159557392
session_5_player2,Shared agency log-odds signaling,equal_to_both,3,0.9999794388104208
session_5_player2,Shared agency log-odds signaling,equal_to_both,4,0.99998048948918
session_5_player2,Shared agency log-odds signaling,equal_to_both,5,0.9999889514668853
session_5_player2,Shared agency no signaling,closer_to_player1,0,0.5
session_5_player2,Shared agency no signaling,closer_to_player1,1,0.5033194904237476
session_5_player2,Shared agency no signaling,closer_to_player1,2,0.5056673047459861
session_5_player2,Shared agency no signaling,closer_to_player1,3,0.507179318092401
session_5_player2,Shared agency no signaling,closer_to_player1,4,0.5172698737496989
session_5_player2,Shared agency no signaling,closer_to_player1,5,0.503350236543122
session_5_player2,Shared agency no signaling,closer_to_player2,0,0.5
session_5_player2,Shared agency no signaling,closer_to_player2,1,0.8535833785366934
session_5_player2,Shared agency no signaling,closer_to_player2,2,0.8674798367958875
session_5_player2,Shared agency no signaling,closer_to_player2,3,0.843781156759464
session_5_player2,Shared agency no signaling,closer_to_player2,4,0.999999978036199
session_5_player2,Shared agency no signaling,closer_to_player2,5,0.9999999999867755
session_5_player2,Shared agency no signaling,equal_to_both,0,0.5
session_5_player2,Shared agency no signaling,equal_to_both,1,0.9827981835505919
session_5_player2,Shared agency no signaling,equal_to_both,2,0.9995348038268135
session_5_player2,Shared agency no signaling,equal_to_both,3,0.9999820743891086
session_5_player2,Shared agency no signaling,equal_to_both,4,0.999999042599086
session_5_player2,Shared agency no signaling,equal_to_both,5,0.9999991632459906
session_6_player1,Shared agency log-odds signaling,closer_to_player1,0,0.5
session_6_player1,Shared agency log-odds signaling,closer_to_player1,1,0.8337360087382041
session_6_player1,Shared agency log-odds signaling,closer_to_player1,2,0.8693656798318643
session_6_player1,Shared agency log-odds signaling,closer_to_player1,3,0.9999662141033605
session_6_player1,Shared agency log-odds signaling,closer_to_player1,4,0.9999999899074382
session_6_player1,Shared agency log-odds signaling,closer_to_player1,5,0.9999988610323038
session_6_player1,Shared agency log-odds signaling,closer_to_player2,0,0.5
session_6_player1,Shared agency log-odds signaling,closer_to_player2,1,0.512960073179045
session_6_player1,Shared agency log-odds signaling,closer_to_player2,2,0.4849130537953233
session_6_player1,Shared agency log-odds signaling,closer_to_player2,3,0.8498804152421422
session_6_player1,Shared agency log-odds signaling,closer_to_player2,4,0.7932985284738604
session_6_player1,Shared agency log-odds signaling,closer_to_player2,5,0.9997820085493725
session_6_player1,Shared agency log-odds signaling,equal_to_both,0,0.5
session_6_player1,Shared agency log-odds signaling,equal_to_both,1,0.9889875830386026
session_6_player1,Shared agency log-odds signaling,equal_to_both,2,0.9897519566012958
session_6_player1,Shared agency log-odds signaling,equal_to_both,3,0.991581324894515
session_6_player1,Shared agency log-odds signaling,equal_to_both,4,0.9916504706631452
session_6_player1,Shared agency log-odds signaling,equal_to_both,5,0.9999476772628816
session_6_player1,Shared agency no signaling,closer_to_player1,0,0.5
session_6_player1,Shared agency no signaling,closer_to_player1,1,0.859631518470786
session_6_player1,Shared agency no signaling,closer_to_player1,2,0.9999024162596645
session_6_player1,Shared agency no signaling,closer_to_player1,3,0.9999999474598952
session_6_player1,Shared agency no signaling,closer_to_player1,4,0.9999999999243356
session_6_player1,Shared agency no signaling,closer_to_player1,5,0.999998861034047
session_6_player1,Shared agency no signaling,closer_to_player2,0,0.5
session_6_player1,Shared agency no signaling,closer_to_player2,1,0.5196758211335349
session_6_player1,Shared agency no signaling,closer_to_player2,2,0.5252327487932474
session_6_player1,Shared agency no signaling,closer_to_player2,3,0.8320957366260101
session_6_player1,Shared agency no signaling,closer_to_player2,4,0.5354886856676595
session_6_player1,Shared agency no signaling,closer_to_player2,5,0.8134078865266017
session_6_player1,Shared agency no signaling,equal_to_both,0,0.5
session_6_player1,Shared agency no signaling,equal_to_both,1,0.7501331306905408
session_6_player1,Shared agency no signaling,equal_to_both,2,0.7504706115980215
session_6_player1,Shared agency no signaling,equal_to_both,3,0.753533022692447
session_6_player1,Shared agency no signaling,equal_to_both,4,0.8149731582731069
session_6_player1,Shared agency no signaling,equal_to_both,5,0.9996900238276605
session_6_player2,Shared agency log-odds signaling,closer_to_player1,0,0.5
session_6_player2,Shared agency log-odds signaling,closer_to_player1,1,0.6634029592139364
session_6_player2,Shared agency log-odds signaling,closer_to_player1,2,0.6636659252913555
session_6_player2,Shared agency log-odds signaling,closer_to_player1,3,0.6670477455448033
session_6_player2,Shared agency log-odds signaling,closer_to_player1,4,0.7829146433725792
session_6_player2,Shared agency log-odds signaling,closer_to_player1,5,0.9960927182653769
session_6_player2,Shared agency log-odds signaling,closer_to_player2,0,0.5
session_6_player2,Shared agency log-odds signaling,closer_to_player2,1,0.6666396221166027
session_6_player2,Shared agency log-odds signaling,closer_to_player2,2,0.9996744639111981
session_6_player2,Shared agency log-odds signaling,closer_to_player2,3,0.9999655962053277
session_6_player2,Shared agency log-odds signaling,closer_to_player2,4,0.9999993020371786
session_6_player2,Shared agency log-odds signaling,closer_to_player2,5,0.999999998816191
session_6_player2,Shared agency log-odds signaling,equal_to_both,0,0.5
session_6_player2,Shared agency log-odds signaling,equal_to_both,1,0.9889856317429653
session_6_player2,Shared agency log-odds signaling,equal_to_both,2,0.999719405357919
session_6_player2,Shared agency log-odds signaling,equal_to_both,3,0.9997628722083522
session_6_player2,Shared agency log-odds signaling,equal_to_both,4,0.9997717743810208
session_6_player2,Shared agency log-odds signaling,equal_to_both,5,0.999775877505231
session_6_player2,Shared agency no signaling,closer_to_player1,0,0.5
session_6_player2,Shared agency no signaling,closer_to_player1,1,0.6630847291234018
session_6_player2,Shared agency no signaling,closer_to_player1,2,0.6650783067884358
session_6_player2,Shared agency no signaling,closer_to_player1,3,0.6672177918344762
session_6_player2,Shared agency no signaling,closer_to_player1,4,0.7830516998122703
session_6_player2,Shared agency no signaling,closer_to_player1,5,0.996302841468892
session_6_player2,Shared agency no signaling,closer_to_player2,0,0.5
session_6_player2,Shared agency no signaling,closer_to_player2,1,0.7058925415508558
session_6_player2,Shared agency no signaling,closer_to_player2,2,0.7970709973884675
session_6_player2,Shared agency no signaling,closer_to_player2,3,0.8541967051080114
session_6_player2,Shared agency no signaling,closer_to_player2,4,0.9067111955451433
session_6_player2,Shared agency no signaling,closer_to_player2,5,0.9461052330813383
session_6_player2,Shared agency no signaling,equal_to_both,0,0.5
session_6_player2,Shared agency no signaling,equal_to_both,1,0.7497186389034105
session_6_player2,Shared agency no signaling,equal_to_both,2,0.9991464507364355
session_6_player2,Shared agency no signaling,equal_to_both,3,0.9991482497257824
session_6_player2,Shared agency no signaling,equal_to_both,4,0.9991358287015257
session_6_player2,Shared agency no signaling,equal_to_both,5,0.9973361813404348
session_7_player1,Shared agency log-odds signaling,closer_to_player1,0,0.5
session_7_player1,Shared agency log-odds signaling,closer_to_player1,1,0.6666661961894658
session_7_player1,Shared agency log-odds signaling,closer_to_player1,2,0.7365685199683504
session_7_player1,Shared agency log-odds signaling,closer_to_player1,3,0.9931762279440871
session_7_player1,Shared agency log-odds signaling,closer_to_player1,4,0.9965305520478677
session_7_player1,Shared agency log-odds signaling,closer_to_player1,5,0.9982459454484741
session_7_player1,Shared agency log-odds signaling,closer_to_player2,0,0.5
session_7_player1,Shared agency log-odds signaling,closer_to_player2,1,0.49949842707799785
session_7_player1,Shared agency log-odds signaling,closer_to_player2,2,0.4938467858519031
session_7_player1,Shared agency log-odds signaling,closer_to_player2,3,0.4971160056597115
session_7_player1,Shared agency log-odds signaling,closer_to_player2,4,0.5376294748287107
session_7_player1,Shared agency log-odds signaling,closer_to_player2,5,0.6130509344243
session_7_player1,Shared agency log-odds signaling,equal_to_both,0,0.5
session_7_player1,Shared agency log-odds signaling,equal_to_both,1,0.4997544315846556
session_7_player1,Shared agency log-odds signaling,equal_to_both,2,0.4966390145164075
session_7_player1,Shared agency log-odds signaling,equal_to_both,3,0.9981961199141234
session_7_player1,Shared agency log-odds signaling,equal_to_both,4,0.9999895337630949
session_7_player1,Shared agency log-odds signaling,equal_to_both,5,0.9999897379739913
session_7_player1,Shared agency no signaling,closer_to_player1,0,0.5
session_7_player1,Shared agency no signaling,closer_to_player1,1,0.5472063258581453
session_7_player1,Shared agency no signaling,closer_to_player1,2,0.8334474109765052
session_7_player1,Shared agency no signaling,closer_to_player1,3,0.8543914122897281
session_7_player1,Shared agency no signaling,closer_to_player1,4,0.8025857697336287
session_7_player1,Shared agency no signaling,closer_to_player1,5,0.8486798740016082
session_7_player1,Shared agency no signaling,closer_to_player2,0,0.5
session_7_player1,Shared agency no signaling,closer_to_player2,1,0.5005599395224264
session_7_player1,Shared agency no signaling,closer_to_player2,2,0.6706679132515951
session_7_player1,Shared agency no signaling,closer_to_player2,3,0.6732715015769345
session_7_player1,Shared agency no signaling,closer_to_player2,4,0.6708107690366732
session_7_player1,Shared agency no signaling,closer_to_player2,5,0.6313394265435076
session_7_player1,Shared agency no signaling,equal_to_both,0,0.5
session_7_player1,Shared agency no signaling,equal_to_both,1,0.7483203626442612
session_7_player1,Shared agency no signaling,equal_to_both,2,0.7483278934114077
session_7_player1,Shared agency no signaling,equal_to_both,3,0.9983152377098368
session_7_player1,Shared agency no signaling,equal_to_both,4,0.9999840087090837
session_7_player1,Shared agency no signaling,equal_to_both,5,0.9999843361396588
session_7_player2,Shared agency log-odds signaling,closer_to_player1,0,0.5
session_7_player2,Shared agency log-odds signaling,closer_to_player1,1,0.823094688502894
session_7_player2,Shared agency log-odds signaling,closer_to_player1,2,0.8276022283241007
session_7_player2,Shared agency log-odds signaling,closer_to_player1,3,0.8235972316045289
session_7_player2,Shared agency log-odds signaling,closer_to_player1,4,0.78126674702367
session_7_player2,Shared agency log-odds signaling,closer_to_player1,5,0.816561063139236
session_7_player2,Shared agency log-odds signaling,closer_to_player2,0,0.5
session_7_player2,Shared agency log-odds signaling,closer_to_player2,1,0.6672655675287741
session_7_player2,Shared agency log-odds signaling,closer_to_player2,2,0.8364420074988553
session_7_player2,Shared agency log-odds signaling,closer_to_player2,3,0.8386534524460215
session_7_player2,Shared agency log-odds signaling,closer_to_player2,4,0.8630486436768732
session_7_player2,Shared agency log-odds signaling,closer_to_player2,5,0.8631219837843928
session_7_player2,Shared agency log-odds signaling,equal_to_both,0,0.5
session_7_player2,Shared agency log-odds signaling,equal_to_both,1,0.7461056026865063
session_7_player2,Shared agency log-odds signaling,equal_to_both,2,0.7493448342760098
session_7_player2,Shared agency log-odds signaling,equal_to_both,3,0.5000699937711872
session_7_player2,Shared agency log-odds signaling,equal_to_both,4,0.7982319210237998
session_7_player2,Shared agency log-odds signaling,equal_to_both,5,0.9997909644626076
session_7_player2,Shared agency no signaling,closer_to_player1,0,0.5
session_7_player2,Shared agency no signaling,closer_to_player1,1,0.49609343413182166
session_7_player2,Shared agency no signaling,closer_to_player1,2,0.49306843176700826
session_7_player2,Shared agency no signaling,closer_to_player1,3,0.48742537152809917
session_7_player2,Shared agency no signaling,closer_to_player1,4,0.4502818003139486
session_7_player2,Shared agency no signaling,closer_to_player1,5,0.45834233830837023
session_7_player2,Shared agency no signaling,closer_to_player2,0,0.5
session_7_player2,Shared agency no signaling,closer_to_player2,1,0.6129612990659222
session_7_player2,Shared agency no signaling,closer_to_player2,2,0.7543734314939525
session_7_player2,Shared agency no signaling,closer_to_player2,3,0.757265139572558
session_7_player2,Shared agency no signaling,closer_to_player2,4,0.794572835623515
session_7_player2,Shared agency no signaling,closer_to_player2,5,0.7946829756614808
session_7_player2,Shared agency no signaling,equal_to_both,0,0.5
session_7_player2,Shared agency no signaling,equal_to_both,1,0.7446617024348318
session_7_player2,Shared agency no signaling,equal_to_both,2,0.7447643927450638
session_7_player2,Shared agency no signaling,equal_to_both,3,0.7498892825589933
session_7_player2,Shared agency no signaling,equal_to_both,4,0.749459536063479
session_7_player2,Shared agency no signaling,equal_to_both,5,0.9998921326631102
session_8_player1,Shared agency log-odds signaling,closer_to_player1,0,0.5
session_8_player1,Shared agency log-odds signaling,closer_to_player1,1,0.66705405387974
session_8_player1,Shared agency log-odds signaling,closer_to_player1,2,0.7165460734557753
session_8_player1,Shared agency log-odds signaling,closer_to_player1,3,0.7361963720093296
session_8_player1,Shared agency log-odds signaling,closer_to_player1,4,0.7914881182932884
session_8_player1,Shared agency log-odds signaling,closer_to_player1,5,0.8690039881258451
session_8_player1,Shared agency log-odds signaling,closer_to_player2,0,0.5
session_8_player1,Shared agency log-odds signaling,closer_to_player2,1,0.6654397079204762
session_8_player1,Shared agency log-odds signaling,closer_to_player2,2,0.828435405584555
session_8_player1,Shared agency log-odds signaling,closer_to_player2,3,0.8321975284847154
session_8_player1,Shared agency log-odds signaling,closer_to_player2,4,0.8325087466705478
session_8_player1,Shared agency log-odds signaling,closer_to_player2,5,0.8347252748772928
session_8_player1,Shared agency log-odds signaling,equal_to_both,0,0.5
session_8_player1,Shared agency log-odds signaling,equal_to_both,1,0.9829793381277376
session_8_player1,Shared agency log-odds signaling,equal_to_both,2,0.999544962715322
session_8_player1,Shared agency log-odds signaling,equal_to_both,3,0.9995600222950703
session_8_player1,Shared agency log-odds signaling,equal_to_both,4,0.9995700501921498
session_8_player1,Shared agency log-odds signaling,equal_to_both,5,0.9995767192437771
session_8_player1,Shared agency no signaling,closer_to_player1,0,0.5
session_8_player1,Shared agency no signaling,closer_to_player1,1,0.49798166448734427
session_8_player1,Shared agency no signaling,closer_to_player1,2,0.5858072220686544
session_8_player1,Shared agency no signaling,closer_to_player1,3,0.5205914764099148
session_8_player1,Shared agency no signaling,closer_to_player1,4,0.5731283491967404
session_8_player1,Shared agency no signaling,closer_to_player1,5,0.9458818575092146
session_8_player1,Shared agency no signaling,closer_to_player2,0,0.5
session_8_player1,Shared agency no signaling,closer_to_player2,1,0.6604161663164807
session_8_player1,Shared agency no signaling,closer_to_player2,2,0.6622579949610736
session_8_player1,Shared agency no signaling,closer_to_player2,3,0.6673154528564439
session_8_player1,Shared agency no signaling,closer_to_player2,4,0.6636995913210719
session_8_player1,Shared agency no signaling,closer_to_player2,5,0.6592559467538487
session_8_player1,Shared agency no signaling,equal_to_both,0,0.5
session_8_player1,Shared agency no signaling,equal_to_both,1,0.7468940621397753
session_8_player1,Shared agency no signaling,equal_to_both,2,0.7469216414021307
session_8_player1,Shared agency no signaling,equal_to_both,3,0.7499535837994916
session_8_player1,Shared agency no signaling,equal_to_both,4,0.9991478642388496
session_8_player1,Shared agency no signaling,equal_to_both,5,0.9991511438127372
session_8_player2,Shared agency log-odds signaling,closer_to_player1,0,0.5
session_8_player2,Shared agency log-odds signaling,closer_to_player1,1,0.6629995802152974
session_8_player2,Shared agency log-odds signaling,closer_to_player1,2,0.6631326866163874
session_8_player2,Shared agency log-odds signaling,closer_to_player1,3,0.6652677484192517
session_8_player2,Shared agency log-odds signaling,closer_to_player1,4,0.6396480580545333
session_8_player2,Shared agency log-odds signaling,closer_to_player1,5,0.6772297015836496
session_8_player2,Shared agency log-odds signaling,closer_to_player2,0,0.5
session_8_player2,Shared agency log-odds signaling,closer_to_player2,1,0.7080494912046676
session_8_player2,Shared agency log-odds signaling,closer_to_player2,2,0.8691470384599519
session_8_player2,Shared agency log-odds signaling,closer_to_player2,3,0.8133413647505066
session_8_player2,Shared agency log-odds signaling,closer_to_player2,4,0.9999804156070179
session_8_player2,Shared agency log-odds signaling,closer_to_player2,5,0.9977568595861778
session_8_player2,Shared agency log-odds signaling,equal_to_both,0,0.5
session_8_player2,Shared agency log-odds signaling,equal_to_both,1,0.5001368753073085
session_8_player2,Shared agency log-odds signaling,equal_to_both,2,0.9893305671510015
session_8_player2,Shared agency log-odds signaling,equal_to_both,3,0.9895438670193472
session_8_player2,Shared agency log-odds signaling,equal_to_both,4,0.9998880657475817
session_8_player2,Shared agency log-odds signaling,equal_to_both,5,0.9999980887635199
session_8_player2,Shared agency no signaling,closer_to_player1,0,0.5
session_8_player2,Shared agency no signaling,closer_to_player1,1,0.5075411603839535
session_8_player2,Shared agency no signaling,closer_to_player1,2,0.7137544118606803
session_8_player2,Shared agency no signaling,closer_to_player1,3,0.8273425781189513
session_8_player2,Shared agency no signaling,closer_to_player1,4,0.8289273226347138
session_8_player2,Shared agency no signaling,closer_to_player1,5,0.8307771308680199
session_8_player2,Shared agency no signaling,closer_to_player2,0,0.5
session_8_player2,Shared agency no signaling,closer_to_player2,1,0.6685994610886327
session_8_player2,Shared agency no signaling,closer_to_player2,2,0.6947634281244874
session_8_player2,Shared agency no signaling,closer_to_player2,3,0.6109584726966819
session_8_player2,Shared agency no signaling,closer_to_player2,4,0.6169703026177286
session_8_player2,Shared agency no signaling,closer_to_player2,5,0.9157092821350453
session_8_player2,Shared agency no signaling,equal_to_both,0,0.5
session_8_player2,Shared agency no signaling,equal_to_both,1,0.49929830768017985
session_8_player2,Shared agency no signaling,equal_to_both,2,0.746208107753512
session_8_player2,Shared agency no signaling,equal_to_both,3,0.9960884356466044
session_8_player2,Shared agency no signaling,equal_to_both,4,0.9961040823890728
session_8_player2,Shared agency no signaling,equal_to_both,5,0.9969681643500607
session_9_player1,Shared agency log-odds signaling,closer_to_player1,0,0.5
session_9_player1,Shared agency log-odds signaling,closer_to_player1,1,0.3214798602267581
session_9_player1,Shared agency log-odds signaling,closer_to_player1,2,0.6319853821143536
session_9_player1,Shared agency log-odds signaling,closer_to_player1,3,0.8421329196652287
session_9_player1,Shared agency log-odds signaling,closer_to_player1,4,0.8948199796241951
session_9_player1,Shared agency log-odds signaling,closer_to_player1,5,0.9334270234741862
session_9_player1,Shared agency log-odds signaling,closer_to_player2,0,0.5
session_9_player1,Shared agency log-odds signaling,closer_to_player2,1,0.9832100641075452
session_9_player1,Shared agency log-odds signaling,closer_to_player2,2,0.9836376833715599
session_9_player1,Shared agency log-odds signaling,closer_to_player2,3,0.5230806599168241
session_9_player1,Shared agency log-odds signaling,closer_to_player2,4,0.91092075130322
session_9_player1,Shared agency log-odds signaling,closer_to_player2,5,0.9981603625697526
session_9_player1,Shared agency log-odds signaling,equal_to_both,0,0.5
session_9_player1,Shared agency log-odds signaling,equal_to_both,1,0.6665899963640306
session_9_player1,Shared agency log-odds signaling,equal_to_both,2,0.8320734130857114
session_9_player1,Shared agency log-odds signaling,equal_to_both,3,0.998338543044864
session_9_player1,Shared agency log-odds signaling,equal_to_both,4,0.9999943082886508
session_9_player1,Shared agency log-odds signaling,equal_to_both,5,0.9999944996829576
session_9_player1,Shared agency no signaling,closer_to_player1,0,0.5
session_9_player1,Shared agency no signaling,closer_to_player1,1,0.7466762698942003
session_9_player1,Shared agency no signaling,closer_to_player1,2,0.695155779460239
session_9_player1,Shared agency no signaling,closer_to_player1,3,0.7807590492480914
session_9_player1,Shared agency no signaling,closer_to_player1,4,0.8596231761497299
session_9_player1,Shared agency no signaling,closer_to_player1,5,0.9188121205519741
session_9_player1,Shared agency no signaling,closer_to_player2,0,0.5
session_9_player1,Shared agency no signaling,closer_to_player2,1,0.7433256228769238
session_9_player1,Shared agency no signaling,closer_to_player2,2,0.744769706510861
session_9_player1,Shared agency no signaling,closer_to_player2,3,0.7534217099489636
session_9_player1,Shared agency no signaling,closer_to_player2,4,0.7520003979300619
session_9_player1,Shared agency no signaling,closer_to_player2,5,0.7893608611985169
session_9_player1,Shared agency no signaling,equal_to_both,0,0.5
session_9_player1,Shared agency no signaling,equal_to_both,1,0.8321817100090013
session_9_player1,Shared agency no signaling,equal_to_both,2,0.8333295051088899
session_9_player1,Shared agency no signaling,equal_to_both,3,0.9994318942037025
session_9_player1,Shared agency no signaling,equal_to_both,4,0.999998065267098
session_9_player1,Shared agency no signaling,equal_to_both,5,0.9999981417217046
session_9_player2,Shared agency log-odds signaling,closer_to_player1,0,0.5
session_9_player2,Shared agency log-odds signaling,closer_to_player1,1,0.8328006810422058
session_9_player2,Shared agency log-odds signaling,closer_to_player1,2,0.8346859804075905
session_9_player2,Shared agency log-odds signaling,closer_to_player1,3,0.8355493769476228
session_9_player2,Shared agency log-odds signaling,closer_to_player1,4,0.835933083994512
session_9_player2,Shared agency log-odds signaling,closer_to_player1,5,0.8380302081797889
session_9_player2,Shared agency log-odds signaling,closer_to_player2,0,0.5
session_9_player2,Shared agency log-odds signaling,closer_to_player2,1,0.2567836675362531
session_9_player2,Shared agency log-odds signaling,closer_to_player2,2,0.768585776477851
session_9_player2,Shared agency log-odds signaling,closer_to_player2,3,0.9998833797729698
session_9_player2,Shared agency log-odds signaling,closer_to_player2,4,0.9999997615083198
session_9_player2,Shared agency log-odds signaling,closer_to_player2,5,0.9999999986153429
session_9_player2,Shared agency log-odds signaling,equal_to_both,0,0.5
session_9_player2,Shared agency log-odds signaling,equal_to_both,1,0.5039261119210311
session_9_player2,Shared agency log-odds signaling,equal_to_both,2,0.673549869733218
session_9_player2,Shared agency log-odds signaling,equal_to_both,3,0.9992724825107917
session_9_player2,Shared agency log-odds signaling,equal_to_both,4,0.9994446960371608
session_9_player2,Shared agency log-odds signaling,equal_to_both,5,0.9996810620448624
session_9_player2,Shared agency no signaling,closer_to_player1,0,0.5
session_9_player2,Shared agency no signaling,closer_to_player1,1,0.49901885096455656
session_9_player2,Shared agency no signaling,closer_to_player1,2,0.4981481635777552
session_9_player2,Shared agency no signaling,closer_to_player1,3,0.7462137979434249
session_9_player2,Shared agency no signaling,closer_to_player1,4,0.7501274933273363
session_9_player2,Shared agency no signaling,closer_to_player1,5,0.7527560437672804
session_9_player2,Shared agency no signaling,closer_to_player2,0,0.5
session_9_player2,Shared agency no signaling,closer_to_player2,1,0.5099081529843877
session_9_player2,Shared agency no signaling,closer_to_player2,2,0.5852431982270231
session_9_player2,Shared agency no signaling,closer_to_player2,3,0.7860243437497098
session_9_player2,Shared agency no signaling,closer_to_player2,4,0.787824630526067
session_9_player2,Shared agency no signaling,closer_to_player2,5,0.7888754537668387
session_9_player2,Shared agency no signaling,equal_to_both,0,0.5
session_9_player2,Shared agency no signaling,equal_to_both,1,0.49757232417470476
session_9_player2,Shared agency no signaling,equal_to_both,2,0.4571230332807932
session_9_player2,Shared agency no signaling,equal_to_both,3,0.9991523778224883
session_9_player2,Shared agency no signaling,equal_to_both,4,0.999443906927917
session_9_player2,Shared agency no signaling,equal_to_both,5,0.9994798984110186
