group,participantId,sessionIndex,trialIndex,playerIndex,distanceCondition,nSteps,posteriors
sampleJointGoalAndSignal_afterNewGoal,session_0_player1,0,1,1,closer_to_player1,9,"[0.5, 0.6234402303769363, 0.9996814937362163, 0.9999998405669708, 0.9999998832134254, 0.9999999123040332, 0.9999999999840108, 0.9999999999920076, 0.9999999999960311]"
sampleJointGoalAndSignal_afterNewGoal,session_0_player2,0,1,2,closer_to_player1,9,"[0.5, 0.5028816702504644, 0.5056461712774001, 0.5023108827386915, 0.5087003336792317, 0.5376613119786025, 0.5391750110477245, 0.5398010391946197, 0.5400223372148486]"
sampleJointGoalAndSignal_afterNewGoal,session_0_player1,0,3,1,equal_to_both,9,"[0.5, 0.9966358807253058, 0.9966591100401068, 0.9967965720674843, 0.9999925010819319, 0.9999957534898782, 0.9999999513238683, 0.999999999885867, 0.9999999999995096]"
sampleJointGoalAndSignal_afterNewGoal,session_0_player2,0,3,2,equal_to_both,9,"[0.5, 0.9966464379246422, 0.9966583337253736, 0.9965914281668637, 0.9945579036285913, 0.9999970035588158, 0.9999999964509103, 0.9999999999916783, 0.9999999999999643]"
sampleJointGoalAndSignal_afterNewGoal,session_0_player1,0,4,1,closer_to_player2,9,"[0.5, 0.5024452095994355, 0.5038691181797544, 0.9939616306766247, 0.9999358179478242, 0.9999988665057018, 0.9999991335124775, 0.9999999752477384, 0.9999999870293655]"
sampleJointGoalAndSignal_afterNewGoal,session_0_player2,0,4,2,closer_to_player2,9,"[0.5, 0.9996442658746852, 0.9996682641825672, 0.9999998434196212, 0.9999999355460732, 0.9999999999279718, 0.9999999999999333, 0.9999999999999998, 1.0]"
sampleJointGoalAndSignal_afterNewGoal,session_0_player1,0,5,1,closer_to_player1,9,"[0.5, 0.5031806196535415, 0.9998315138367398, 0.999999922818589, 0.9999999999142342, 0.9999999999996956, 0.9999999999999143, 0.9999999999999997, 1.0]"
sampleJointGoalAndSignal_afterNewGoal,session_0_player2,0,5,2,closer_to_player1,9,"[0.5, 0.5034053482920104, 0.9896915340001541, 0.9898608693546315, 0.9998920184111016, 0.9999981492987704, 0.9999999336526338, 0.9999999680649783, 0.999999984442161]"
sampleJointGoalAndSignal_afterNewGoal,session_0_player1,0,6,1,closer_to_player1,9,"[0.5, 0.9995411870855613, 0.9997347007971862, 0.9999998412610539, 0.9999999994095471, 0.999999999998479, 0.9999999999999947, 1.0, 1.0]"
sampleJointGoalAndSignal_afterNewGoal,session_0_player2,0,6,2,closer_to_player1,9,"[0.5, 0.9832206755072621, 0.9995558155730102, 0.9995726063603573, 0.999583563525904, 0.9999929668131369, 0.9999931471751909, 0.9999919102311662, 0.9999999573558205]"
sampleJointGoalAndSignal_afterNewGoal,session_0_player1,0,7,1,closer_to_player2,9,"[0.5, 0.5051178755133631, 0.989740227343925, 0.9901466377736513, 0.999891732555416, 0.9999214271193707, 0.9999985379857091, 0.9999992558468798, 0.9999996268003178]"
sampleJointGoalAndSignal_afterNewGoal,session_0_player2,0,7,2,closer_to_player2,9,"[0.5, 0.9996595314874033, 0.9999997282949608, 0.9999999995360185, 0.9999999999984056, 0.9999999999999815, 0.9999999999999908, 0.9999999999999954, 0.9999999999999987]"
sampleJointGoalAndSignal_afterNewGoal,session_0_player1,0,9,1,equal_to_both,9,"[0.5, 0.49957261845372797, 0.9983458098143425, 0.998309883867309, 0.9999979305337527, 0.9999968325194544, 0.9999999972237913, 0.9999999999951715, 0.9999999999999845]"
sampleJointGoalAndSignal_afterNewGoal,session_0_player2,0,9,2,equal_to_both,9,"[0.5, 0.5004282203356211, 0.5085325173561422, 0.9989429009313384, 0.9994021241482404, 0.9999991175915612, 0.9999999926774992, 0.999999999970411, 0.9999999999997224]"
sampleJointGoalAndSignal_afterNewGoal,session_0_player1,0,10,1,closer_to_player2,9,"[0.5, 0.5034534642831692, 0.5056754646105867, 0.9940207317324704, 0.9999365862854314, 0.9999380709772488, 0.999999347242108, 0.9999999867531844, 0.9999999935564047]"
sampleJointGoalAndSignal_afterNewGoal,session_0_player2,0,10,2,closer_to_player2,11,"[0.5, 0.49804762350546294, 0.9991774857603545, 0.9999985561426884, 0.9999985829539971, 0.9999999975072639, 0.9999999976495485, 0.9999999986804889, 0.9999999999980408, 0.9999999999999922, 0.9999999999999999]"
sampleJointGoalAndSignal_afterNewGoal,session_1_player1,1,0,1,closer_to_player1,9,"[0.5, 0.5031065328624911, 0.6083712369296953, 0.9998988443501667, 0.9999999876446046, 0.9999999999907343, 0.9999999999999962, 1.0, 1.0]"
sampleJointGoalAndSignal_afterNewGoal,session_1_player2,1,0,2,closer_to_player1,9,"[0.5, 0.5039936110961619, 0.5062347968534642, 0.5074775251519437, 0.5043726823240375, 0.39879127454948576, 0.9993874661755403, 0.9999994628339551, 0.9999999990629465]"
sampleJointGoalAndSignal_afterNewGoal,session_1_player1,1,2,1,equal_to_both,9,"[0.5, 0.9955021312500496, 0.9976689101459146, 0.9999835417830625, 0.9999920966197935, 0.9999976678934676, 0.9999999890855219, 0.9999999999686395, 0.9999999999998835]"
sampleJointGoalAndSignal_afterNewGoal,session_1_player2,1,2,2,equal_to_both,9,"[0.5, 0.9965056012375519, 0.9999783600172111, 0.9999997717864941, 0.9999997755894178, 0.9999999976485655, 0.999999997688426, 0.9999999972670608, 0.9999999999915086]"
sampleJointGoalAndSignal_afterNewGoal,session_1_player1,1,3,1,closer_to_player2,9,"[0.5, 0.504506287995656, 0.5021916247636797, 0.5093428528801354, 0.5288666341163876, 0.5372371564924774, 0.5428110503481135, 0.5463517267439009, 0.5484845476621207]"
sampleJointGoalAndSignal_afterNewGoal,session_1_player2,1,3,2,closer_to_player2,6,"[0.5, 0.5046272932088524, 0.507050781893334, 0.5012187964860992, 0.45302490088780617, 0.6253181483255272]"
sampleJointGoalAndSignal_afterNewGoal,session_1_player1,1,5,1,closer_to_player2,9,"[0.5, 0.9832242132186582, 0.9836257649327538, 0.9838802809729584, 0.9837910600594633, 0.9999250534905901, 0.9998971065731787, 0.9999996828167292, 0.9999999983235238]"
sampleJointGoalAndSignal_afterNewGoal,session_1_player2,1,5,2,closer_to_player2,11,"[0.5, 0.9982365948792933, 0.9982573631274569, 0.9983116091015257, 0.9990223328734665, 0.9999994150813275, 0.9999999991310057, 0.9999999999970989, 0.9999999999999624, 0.9999999999999997, 1.0]"
sampleJointGoalAndSignal_afterNewGoal,session_1_player1,1,6,1,closer_to_player1,7,"[0.5, 0.9999839737994286, 0.9999999988060734, 0.9999999994069659, 0.9999999997853067, 0.999999999999996, 1.0]"
sampleJointGoalAndSignal_afterNewGoal,session_1_player2,1,6,2,closer_to_player1,7,"[0.5, 0.5797715803420406, 0.6452959145588353, 0.9969876044277985, 0.9984703753613687, 0.9992244768100685, 0.999607950231904]"
sampleJointGoalAndSignal_afterNewGoal,session_1_player1,1,7,1,closer_to_player2,9,"[0.5, 0.5035101256895487, 0.5051564962013014, 0.507021494425762, 0.501883158440553, 0.49606852412579155, 0.5024277918267486, 0.4563417773113777, 0.5659968316505478]"
sampleJointGoalAndSignal_afterNewGoal,session_1_player2,1,7,2,closer_to_player2,9,"[0.5, 0.6226181213586941, 0.9996817536784379, 0.9999998408881379, 0.9999999997851633, 0.9999999998925936, 0.999999999946308, 0.999999999973162, 0.9999999999866812]"
sampleJointGoalAndSignal_afterNewGoal,session_1_player1,1,9,1,equal_to_both,10,"[0.5, 0.9938410203597492, 0.9938899688410223, 0.9939261488971803, 0.9940365433662451, 0.9999898144731726, 0.9999999646109071, 0.9999999723441756, 0.9999999999070838, 0.9999999999994196]"
sampleJointGoalAndSignal_afterNewGoal,session_1_player2,1,9,2,equal_to_both,10,"[0.5, 0.4999999878785477, 0.996641770072469, 0.9966615738425673, 0.9999886118613533, 0.999999928135309, 0.9999999992131295, 0.9999999992693052, 0.9999999994993833, 0.999999999996873]"
sampleJointGoalAndSignal_afterNewGoal,session_1_player1,1,10,1,equal_to_both,9,"[0.5, 0.5000003208883179, 0.4999923914325273, 0.9992062232268505, 0.9999986288193742, 0.9999986769745676, 0.9999999975505908, 0.9999999999901601, 0.9999999999999158]"
sampleJointGoalAndSignal_afterNewGoal,session_1_player2,1,10,2,equal_to_both,9,"[0.5, 0.9966371798229628, 0.9966540766811957, 0.9966667867504653, 0.9999942274794488, 0.9999944302218211, 0.9999956319156725, 0.9999999967561489, 0.9999999999946221]"
sampleJointGoalAndSignal_afterNewGoal,session_2_player1,2,0,1,closer_to_player1,9,"[0.5, 0.999655719783886, 0.9999997199502725, 0.9999999995197218, 0.9999999999983513, 0.9999999999999925, 0.9999999999999999, 1.0, 1.0]"
sampleJointGoalAndSignal_afterNewGoal,session_2_player2,2,0,2,closer_to_player1,9,"[0.5, 0.9822449122045728, 0.9995279915465427, 0.9999821439504875, 0.9999830764982162, 0.9999993634058493, 0.9999993968594562, 0.9999999798232059, 0.9999999985675292]"
sampleJointGoalAndSignal_afterNewGoal,session_2_player1,2,2,1,closer_to_player1,9,"[0.5, 0.9996595314874082, 0.9999997282949608, 0.9999999995360185, 0.9999999999984056, 0.9999999999999815, 0.9999999999999908, 0.9999999999999954, 0.9999999999999987]"
sampleJointGoalAndSignal_afterNewGoal,session_2_player2,2,2,2,closer_to_player1,9,"[0.5, 0.5051064372203432, 0.9897398354977597, 0.9998154406228618, 0.9998716354939254, 0.9999955506433751, 0.9999977287998131, 0.9999988439777874, 0.9999994202440585]"
sampleJointGoalAndSignal_afterNewGoal,session_2_player1,2,5,1,closer_to_player2,9,"[0.5, 0.5142742425314302, 0.5231200246698405, 0.5293544118065612, 0.5332659961720572, 0.9984975132155168, 0.9999929797747338, 0.9999964881935324, 0.9999982428895426]"
sampleJointGoalAndSignal_afterNewGoal,session_2_player2,2,5,2,closer_to_player2,9,"[0.5, 0.49572739420605116, 0.4937945153011059, 0.9999539738053291, 0.9999549415307599, 0.9999675935649004, 0.9999999994254307, 0.9999999999999237, 1.0]"
sampleJointGoalAndSignal_afterNewGoal,session_2_player1,2,7,1,equal_to_both,11,"[0.5, 0.5014705037002133, 0.50158436173233, 0.5019970863456542, 0.99826305855439, 0.9983346357935869, 0.9999961075339536, 0.9999999818729408, 0.9999999897443558, 0.9999999999406306, 0.9999999999992034]"
sampleJointGoalAndSignal_afterNewGoal,session_2_player2,2,7,2,equal_to_both,11,"[0.5, 0.9894545364746299, 0.9895707013187982, 0.989644891704576, 0.9999355906542913, 0.9999362007930818, 0.9999357393859993, 0.999999834379415, 0.9999999991685293, 0.9999999990670233, 0.9999999999959913]"
sampleJointGoalAndSignal_afterNewGoal,session_2_player1,2,9,1,closer_to_player2,9,"[0.5, 0.6312187623466395, 0.4757624729210144, 0.9687142757240468, 0.9568319875871019, 0.999569259413731, 0.9995517194353185, 0.9994427952720021, 0.9999989750829014]"
sampleJointGoalAndSignal_afterNewGoal,session_2_player2,2,9,2,closer_to_player2,9,"[0.5, 0.9996547768609304, 0.9996732144614213, 0.9998076729507681, 0.999999958345599, 0.9999999999617142, 0.9999999999999276, 0.9999999999999999, 1.0]"
sampleJointGoalAndSignal_afterNewGoal,session_2_player1,2,10,1,closer_to_player1,9,"[0.5, 0.9996549832652599, 0.999662897331814, 0.9999998456954609, 0.999999999831055, 0.9999999999051454, 0.9999999999998592, 0.999999999999999, 1.0]"
sampleJointGoalAndSignal_afterNewGoal,session_2_player2,2,10,2,closer_to_player1,9,"[0.5, 0.5039500629703334, 0.9897074461707573, 0.989880652498723, 0.9899828490824368, 0.9999382112054283, 0.9999993487187971, 0.9999994462535227, 0.999999451036315]"
sampleJointGoalAndSignal_afterNewGoal,session_2_player1,2,11,1,closer_to_player2,9,"[0.5, 0.4881301757154267, 0.5037516601981534, 0.6419862021021726, 0.47760931206919605, 0.991018018867297, 0.9872111218848079, 0.9999693856795833, 0.9999998065314656]"
sampleJointGoalAndSignal_afterNewGoal,session_2_player2,2,11,2,closer_to_player2,11,"[0.5, 0.49965440344355594, 0.9998680443140846, 0.999999953458019, 0.9999999999373663, 0.9999999999697144, 0.999999999991249, 0.9999999998579496, 0.9999999999995781, 0.999999999999999, 1.0]"
sampleJointGoalAndSignal_afterNewGoal,session_3_player1,3,0,1,closer_to_player1,9,"[0.5, 0.5036213050698426, 0.6102769762158773, 0.99995755149714, 0.9999999779956548, 0.9999999999893165, 0.999999999999991, 1.0, 1.0]"
sampleJointGoalAndSignal_afterNewGoal,session_3_player2,3,0,2,closer_to_player1,9,"[0.5, 0.9319890082205401, 0.9970864461162661, 0.9998709336533673, 0.99991115547823, 0.9999355566097311, 0.9999498516253885, 0.9999567450469222, 0.9999563096862137]"
sampleJointGoalAndSignal_afterNewGoal,session_3_player1,3,1,1,closer_to_player2,9,"[0.5, 0.5034548848747543, 0.5057049513543231, 0.5065819337962849, 0.5069480871197779, 0.5052483608874423, 0.5667166976601817, 0.6077951579574324, 0.5367718344669877]"
sampleJointGoalAndSignal_afterNewGoal,session_3_player2,3,1,2,closer_to_player2,9,"[0.5, 0.6234398256502138, 0.9996814930974813, 0.9999998405666644, 0.9999999997841634, 0.9999999998920897, 0.9999999999460544, 0.9999999999730346, 0.9999999999866092]"
sampleJointGoalAndSignal_afterNewGoal,session_3_player1,3,2,1,closer_to_player1,6,"[0.5, 0.5832718612731614, 0.6542383718729325, 0.7073651087085692, 0.6658091898698565, 0.8005811042783058]"
sampleJointGoalAndSignal_afterNewGoal,session_3_player2,3,2,2,closer_to_player1,12,"[0.5, 0.49659479501172815, 0.4944034091216215, 0.4929420992951293, 0.491760903450329, 0.49757490086708717, 0.5033992733949136, 0.5515477301863256, 0.3790192352584694, 1.0, 1.0, 1.0]"
sampleJointGoalAndSignal_afterNewGoal,session_3_player1,3,4,1,closer_to_player2,7,"[0.5, 0.5901348632645247, 0.6792140054291972, 0.8355572018584382, 0.6500797553763028, 0.9989812366194466, 0.9999985986120226]"
sampleJointGoalAndSignal_afterNewGoal,session_3_player2,3,4,2,closer_to_player2,7,"[0.5, 0.9999822599678239, 0.9999999972749086, 0.9999999999995381, 0.9999999999999998, 1.0, 1.0]"
sampleJointGoalAndSignal_afterNewGoal,session_3_player1,3,5,1,equal_to_both,11,"[0.5, 0.9893313189785609, 0.9998127767646549, 0.999820015883169, 0.9998230913390833, 0.9998249115828205, 0.9998263495227632, 0.9999994003084481, 0.9999994309408609, 0.9999999977139412, 0.999999999980456]"
sampleJointGoalAndSignal_afterNewGoal,session_3_player2,3,5,2,equal_to_both,11,"[0.5, 0.4999462834028669, 0.9938417279406058, 0.9999343891375834, 0.9999988795507763, 0.9999989331275201, 0.999999981577209, 0.9999999865185952, 0.999999989545016, 0.9999999915057987, 0.9999999951690385]"
sampleJointGoalAndSignal_afterNewGoal,session_3_player1,3,9,1,closer_to_player2,9,"[0.5, 0.5030302977427964, 0.5052122167985287, 0.5064368260200016, 0.5110055345209572, 0.5093753315055499, 0.5701349700881507, 0.5222535467869607, 0.6877695522821078]"
sampleJointGoalAndSignal_afterNewGoal,session_3_player2,3,9,2,closer_to_player2,8,"[0.5, 0.5100512850925667, 0.5172718969165058, 0.5218370172760934, 0.5202085078082663, 0.5807308489922004, 0.6208291975373265, 0.7178222003089618]"
sampleJointGoalAndSignal_afterNewGoal,session_3_player1,3,10,1,closer_to_player1,9,"[0.5, 0.9996549832652599, 0.999662897331814, 0.9997960922893012, 0.9999999571947324, 0.9999999999746104, 0.9999999999999623, 0.9999999999999998, 1.0]"
sampleJointGoalAndSignal_afterNewGoal,session_3_player2,3,10,2,closer_to_player1,9,"[0.5, 0.9830770653832782, 0.9836432386324361, 0.9997166905364991, 0.9997281105491942, 0.9999953414594812, 0.9999998340247652, 0.9999999202409874, 0.9999999612032282]"
sampleJointGoalAndSignal_afterNewGoal,session_4_player1,4,1,1,closer_to_player1,4,"[0.5, 0.5059223192433693, 0.5792621028353628, 0.5794793316800876]"
sampleJointGoalAndSignal_afterNewGoal,session_4_player2,4,1,2,closer_to_player1,9,"[0.5, 0.5038649626725829, 0.5058347432439424, 0.5010466743651489, 0.5846517937329585, 0.6559606885227923, 0.7094714598302596, 0.6672357798299428, 0.8014991326835122]"
sampleJointGoalAndSignal_afterNewGoal,session_4_player1,4,2,1,equal_to_both,13,"[0.5, 0.5, 0.5001867495491541, 0.5002102794214439, 0.5002116120619, 0.9966436803791436, 0.9999792473543249, 0.9999794617647488, 0.9999998733326092, 0.999999875969323, 0.9999998823513858, 0.999999920969078, 0.9999999998686802]"
sampleJointGoalAndSignal_afterNewGoal,session_4_player2,4,2,2,equal_to_both,12,"[0.5, 0.5001784512757643, 0.5002005053447341, 0.5002016416804946, 0.5002017826843825, 0.9982978198243163, 0.9999942620744033, 0.9999943093575859, 0.9999945112216164, 0.9999957153386317, 0.9999999968179104, 0.9999999999947126]"
sampleJointGoalAndSignal_afterNewGoal,session_4_player1,4,3,1,closer_to_player1,9,"[0.5, 0.4958573312167507, 0.9998659261436441, 0.9999999533378018, 0.999999966589725, 0.9999999999823225, 0.9999999999913766, 0.9999999999973896, 0.9999999999999993]"
sampleJointGoalAndSignal_afterNewGoal,session_4_player2,4,3,2,closer_to_player1,9,"[0.5, 0.5024478721186529, 0.5057249693761238, 0.49602262616351744, 0.4834089896965101, 0.37132630178470505, 0.5476714268593237, 0.7999957958736702, 0.9999311471101591]"
sampleJointGoalAndSignal_afterNewGoal,session_4_player1,4,7,1,closer_to_player2,9,"[0.5, 0.5020232576309307, 0.989925872829659, 0.9898461607773515, 0.9999225568633673, 0.9998828987542884, 0.9999993832008419, 0.9999999947543763, 0.9999999999306741]"
sampleJointGoalAndSignal_afterNewGoal,session_4_player2,4,7,2,closer_to_player2,9,"[0.5, 0.9996557416890864, 0.9999997194126374, 0.9999999995214846, 0.9999999999983686, 0.9999999999999847, 0.9999999999999999, 1.0, 1.0]"
sampleJointGoalAndSignal_afterNewGoal,session_4_player1,4,8,1,closer_to_player1,5,"[0.5, 0.999998245373429, 0.9999999999864815, 0.9999999999999997, 1.0]"
sampleJointGoalAndSignal_afterNewGoal,session_4_player2,4,8,2,closer_to_player1,5,"[0.5, 0.5020599964193957, 0.5022710485109086, 0.46053290814867853, 0.999900214736232]"
sampleJointGoalAndSignal_afterNewGoal,session_4_player1,4,10,1,equal_to_both,9,"[0.5, 0.996641050140634, 0.999979232973685, 0.9999794458051959, 0.9999998732535278, 0.9999998758131178, 0.9999999992047178, 0.9999999993538692, 0.9999999996325218]"
sampleJointGoalAndSignal_afterNewGoal,session_4_player2,4,10,2,equal_to_both,9,"[0.5, 0.9966371798229628, 0.9966540766811957, 0.9999887017728839, 0.9999887951446167, 0.9999999613106115, 0.9999999632870494, 0.9999999752127283, 0.9999999999589055]"
sampleJointGoalAndSignal_afterNewGoal,session_4_player1,4,11,1,closer_to_player2,8,"[0.5, 0.6427121764138327, 0.4763270202691725, 0.9872530205712742, 0.9999084552305945, 0.9999991977904171, 0.999999987594463, 0.9999999877575184]"
sampleJointGoalAndSignal_afterNewGoal,session_4_player2,4,11,2,closer_to_player2,8,"[0.5, 0.9997863341064229, 0.9999998690862979, 0.9999999996449892, 0.9999999999987068, 0.9999999999999967, 1.0, 1.0]"
sampleJointGoalAndSignal_afterNewGoal,session_5_player1,5,0,1,closer_to_player1,9,"[0.5, 0.9996601045919494, 0.9999997285021747, 0.9999999995478352, 0.9999999999985036, 0.9999999999999907, 1.0, 1.0, 1.0]"
sampleJointGoalAndSignal_afterNewGoal,session_5_player2,5,0,2,closer_to_player1,9,"[0.5, 0.9831802844028213, 0.9835626577392266, 0.983433687894185, 0.9998727323902301, 0.9999983961228134, 0.9999978421267508, 0.9999999816356644, 0.9999999997572084]"
sampleJointGoalAndSignal_afterNewGoal,session_5_player1,5,1,1,closer_to_player2,9,"[0.5, 0.5033920252474733, 0.9897012513566806, 0.989862253678953, 0.9998937075297686, 0.9999982053774327, 0.9999982513988556, 0.9999979357720582, 0.9999999891187616]"
sampleJointGoalAndSignal_afterNewGoal,session_5_player2,5,1,2,closer_to_player2,9,"[0.5, 0.6228982547814136, 0.9998707625878386, 0.9999998045496489, 0.9999999997860171, 0.9999999999994488, 0.9999999999999981, 1.0, 1.0]"
sampleJointGoalAndSignal_afterNewGoal,session_5_player1,5,2,1,closer_to_player1,10,"[0.5, 0.5047649356898714, 0.4213682748403914, 0.350085854653885, 0.29659590777449935, 0.2629181144692139, 0.3257928953290261, 1.0, 1.0, 1.0]"
sampleJointGoalAndSignal_afterNewGoal,session_5_player2,5,2,2,closer_to_player1,9,"[0.5, 0.5035101256899762, 0.50515649620193, 0.5070214944263338, 0.5140758012368816, 0.550901921773901, 0.5564471143711259, 0.5599677952427, 0.5620879103909076]"
sampleJointGoalAndSignal_afterNewGoal,session_5_player1,5,3,1,equal_to_both,9,"[0.5, 0.5004127674416493, 0.99825203522626, 0.9983240660289425, 0.9990370937112825, 0.9999989393244623, 0.9999999972436372, 0.9999999999840437, 0.9999999999997858]"
sampleJointGoalAndSignal_afterNewGoal,session_5_player2,5,3,2,equal_to_both,9,"[0.5, 0.49959257748333336, 0.9983445712014531, 0.9999945474541924, 0.9999999668850377, 0.999999967103975, 0.999999999834851, 0.9999999999984306, 0.9999999999985447]"
sampleJointGoalAndSignal_afterNewGoal,session_5_player1,5,4,1,closer_to_player2,9,"[0.5, 0.5034422310489018, 0.5054234163860921, 0.99415017647594, 0.9941204709186513, 0.9910607060690683, 0.9999843113279623, 0.9999999497491793, 0.9999999997223245]"
sampleJointGoalAndSignal_afterNewGoal,session_5_player2,5,4,2,closer_to_player2,13,"[0.5, 0.9982770248950003, 0.9982759848341769, 0.9983281313538782, 0.9999981656558053, 0.9999989621130839, 0.9999999960225102, 0.9999999999841344, 0.9999999999999724, 0.9999999992889151, 0.9999999999949057, 0.9999999999999837, 0.9999999999999999]"
sampleJointGoalAndSignal_afterNewGoal,session_5_player1,5,5,1,closer_to_player1,10,"[0.5, 0.6330772360919052, 0.9991171111286025, 0.9999989167019393, 0.9999999966902693, 0.9999999983449065, 0.9999999991725138, 0.9999999995863302, 0.9999999997932214, 0.9999999998973149]"
sampleJointGoalAndSignal_afterNewGoal,session_5_player2,5,5,2,closer_to_player1,9,"[0.5, 0.5035047968893136, 0.5052051992955697, 0.506082202234667, 0.5064483649618992, 0.5047485989073015, 0.5662257192660478, 0.5173328815292656, 0.6833782034803644]"
sampleJointGoalAndSignal_afterNewGoal,session_5_player1,5,6,1,closer_to_player2,9,"[0.5, 0.5034831209825313, 0.5062372331712867, 0.5126881556830251, 0.5258711428156259, 0.5290731011650247, 0.5305903540678015, 0.5312179052538979, 0.5314397482980455]"
sampleJointGoalAndSignal_afterNewGoal,session_5_player2,5,6,2,closer_to_player2,9,"[0.5, 0.5046596592486963, 0.6111862020477483, 0.9999018698581915, 0.9999999821604649, 0.9999999999905133, 0.9999999999952575, 0.9999999999976293, 0.9999999999988227]"
sampleJointGoalAndSignal_afterNewGoal,session_5_player1,5,7,1,equal_to_both,14,"[0.5, 0.9827974264286369, 0.9995347619489585, 0.9999820719876505, 0.9999834137114917, 0.9999993702810157, 0.9999999658193082, 0.9999999952986001, 0.9999999952986, 0.9999999979115325, 0.9999999979115325, 0.9999999990620854, 0.9999999995771776, 0.9999999998147568]"
sampleJointGoalAndSignal_afterNewGoal,session_5_player2,5,7,2,equal_to_both,12,"[0.5, 0.5000267724274141, 0.5000285381057885, 0.5000286871314532, 0.5000291503398822, 0.9983016180808582, 0.9983326166484896, 0.9984400893702833, 0.9999988390911985, 0.9999999980751081, 0.9999999999935328, 0.9999999999999596]"
sampleJointGoalAndSignal_afterNewGoal,session_6_player1,6,0,1,closer_to_player1,9,"[0.5, 0.9994008835174024, 0.9999991081436145, 0.9999999925963667, 0.9999999999615888, 0.9999999999997502, 0.9999999999999963, 1.0, 1.0]"
sampleJointGoalAndSignal_afterNewGoal,session_6_player2,6,0,2,closer_to_player1,9,"[0.5, 0.5030257046919664, 0.9899921756699651, 0.9899149852553248, 0.9835869249824407, 0.9999486457137415, 0.9999997292858883, 0.9999999976973876, 0.9999999999698957]"
sampleJointGoalAndSignal_afterNewGoal,session_6_player1,6,1,1,closer_to_player1,2,"[0.5, 0.5002228442515239]"
sampleJointGoalAndSignal_afterNewGoal,session_6_player2,6,1,2,closer_to_player1,5,"[0.5, 0.6666829238962458, 0.8000400740999464, 0.8889405281532115, 0.941582453979551]"
sampleJointGoalAndSignal_afterNewGoal,session_6_player1,6,6,1,equal_to_both,11,"[0.5, 0.9894521973177995, 0.9998174346226034, 0.9999952263017869, 0.9999955374112828, 0.9999957452053587, 0.999999926535703, 0.9999999971294995, 0.9999999986216855, 0.9999999993323977, 0.9999999996899015]"
sampleJointGoalAndSignal_afterNewGoal,session_6_player2,6,6,2,equal_to_both,11,"[0.5, 0.9883644138688048, 0.9892617263070971, 0.9998832122105921, 0.999997970538783, 0.9999981068006418, 0.9999999672427474, 0.9999999987202928, 0.9999999993871342, 0.9999999997031962, 0.9999999998621374]"
sampleJointGoalAndSignal_afterNewGoal,session_6_player1,6,7,1,closer_to_player2,9,"[0.5, 0.5034807246934195, 0.5057040169384391, 0.9940211266801274, 0.9940818232268863, 0.9999636232358929, 0.9999996133144539, 0.9999999903645352, 0.9999999952648868]"
sampleJointGoalAndSignal_afterNewGoal,session_6_player2,6,7,2,closer_to_player2,9,"[0.5, 0.9996549593566282, 0.9996628807381537, 0.999999845682239, 0.999999910821314, 0.9999999998642072, 0.9999999999998835, 0.9999999999999998, 1.0]"
sampleJointGoalAndSignal_afterNewGoal,session_6_player1,6,8,1,equal_to_both,6,"[0.5, 0.9995426462142102, 0.9999994957082136, 0.9999997742203117, 0.9999999996016983, 0.9999999999983435]"
sampleJointGoalAndSignal_afterNewGoal,session_6_player2,6,8,2,equal_to_both,6,"[0.5, 0.37585255719114025, 0.999890807573171, 0.9999999812140625, 0.9999999999923637, 0.9999999999999933]"
sampleJointGoalAndSignal_afterNewGoal,session_6_player1,6,9,1,closer_to_player1,9,"[0.5, 0.9995104242618179, 0.9999995870131752, 0.9999997093712166, 0.9999999996173303, 0.99999999980887, 0.9999999999045294, 0.999999999952969, 0.9999999999842635]"
sampleJointGoalAndSignal_afterNewGoal,session_6_player2,6,9,2,closer_to_player1,10,"[0.5, 0.5033939140007839, 0.5058832687743389, 0.5078932330660169, 0.5179166800403201, 0.641527445456088, 0.5358314875950645, 0.9967660673041809, 0.9967660673041809, 0.9973551306992076]"
sampleJointGoalAndSignal_afterNewGoal,session_6_player1,6,11,1,closer_to_player2,11,"[0.5, 0.9832193564038371, 0.9836349774165646, 0.9838891863044626, 0.6664547405179476, 0.6699828854398284, 0.9949111154375212, 0.9999135506272349, 0.9999977135883894, 0.999998114189181, 0.9999999382263104]"
sampleJointGoalAndSignal_afterNewGoal,session_6_player2,6,11,2,closer_to_player2,9,"[0.5, 0.622634291977797, 0.9996820690506494, 0.9999998447701794, 0.9999999998756702, 0.9999999999997795, 0.9999999999999994, 1.0, 1.0]"
sampleJointGoalAndSignal_afterNewGoal,session_7_player1,7,0,1,equal_to_both,11,"[0.5, 0.9894463934555864, 0.9998172323759327, 0.9999952171464317, 0.9999955450734471, 0.9999998805029681, 0.9999999182913647, 0.9999999416832971, 0.9999999984399793, 0.9999999992956193, 0.9999999997968623]"
sampleJointGoalAndSignal_afterNewGoal,session_7_player2,7,0,2,equal_to_both,11,"[0.5, 0.4985671560561082, 0.9938100718434667, 0.9938555008111427, 0.999961938919464, 0.9999623009722919, 0.9999620283890139, 0.9999440679281326, 0.9999999337485952, 0.9999999998446575, 0.9999999999993325]"
sampleJointGoalAndSignal_afterNewGoal,session_7_player1,7,2,1,equal_to_both,12,"[0.5, 0.9827981943380929, 0.9995348044028042, 0.9995579056017486, 0.9999884495837034, 0.9999889001910582, 0.9999997110852217, 0.9999997263992784, 0.9999999927864118, 0.999999994623039, 0.9999999957762731, 0.999999999894191]"
sampleJointGoalAndSignal_afterNewGoal,session_7_player2,7,2,2,equal_to_both,12,"[0.5, 0.9827981835506038, 0.983219417187592, 0.999707645576207, 0.9997146665788557, 0.9997191132930312, 0.9997226489651581, 0.9999982493164243, 0.9999999808311362, 0.9999999821996327, 0.9999999878045429, 0.9999999999238209]"
sampleJointGoalAndSignal_afterNewGoal,session_7_player1,7,3,1,closer_to_player2,9,"[0.5, 0.49004366167093477, 0.4720417738615625, 0.332157958824243, 0.9964867530273773, 0.9999891223529305, 0.9999999426542573, 0.9999999995116163, 0.999999999993493]"
sampleJointGoalAndSignal_afterNewGoal,session_7_player2,7,3,2,closer_to_player2,9,"[0.5, 0.9996548464439106, 0.999999718368466, 0.9999999995149342, 0.9999999999983922, 0.9999999999999899, 1.0, 1.0, 1.0]"
sampleJointGoalAndSignal_afterNewGoal,session_7_player1,7,5,1,closer_to_player1,8,"[0.5, 0.9994727843246871, 0.9999997360393307, 0.9999999996426572, 0.9999999998213417, 0.9999999999106867, 0.9999999999553556, 0.9999999999778297]"
sampleJointGoalAndSignal_afterNewGoal,session_7_player2,7,5,2,closer_to_player1,8,"[0.5, 0.5125450484041263, 0.5145266934772629, 0.5206133611625496, 0.5238199060942162, 0.5253389151137887, 0.5259672141866484, 0.5261893254503898]"
sampleJointGoalAndSignal_afterNewGoal,session_7_player1,7,7,1,closer_to_player2,9,"[0.5, 0.5035101256895487, 0.5051564962013014, 0.507021494425762, 0.501883158440553, 0.49606852412579155, 0.4902452370898482, 0.5320238287150144, 0.6385061523265626]"
sampleJointGoalAndSignal_afterNewGoal,session_7_player2,7,7,2,closer_to_player2,6,"[0.5, 0.5832718612731154, 0.47682662990521363, 0.6457922528354794, 0.7848306444307234, 0.880237564556163]"
sampleJointGoalAndSignal_afterNewGoal,session_7_player1,7,8,1,equal_to_both,10,"[0.5, 0.500001310744603, 0.5000016316331625, 0.4999937021831493, 0.9992062273851374, 0.9992203116027704, 0.999999368401814, 0.9999995046711614, 0.9999999996321576, 0.9999999999993902]"
sampleJointGoalAndSignal_afterNewGoal,session_7_player2,7,8,2,equal_to_both,10,"[0.5, 0.9937637496240529, 0.993860338043516, 0.9938910956470526, 0.993914236160407, 0.9940216633561739, 0.9946621836218354, 0.9999983965460187, 0.9999999988092373, 0.9999999999980259]"
sampleJointGoalAndSignal_afterNewGoal,session_7_player1,7,9,1,closer_to_player1,9,"[0.5, 0.9995403215823373, 0.9999994944794535, 0.9999999987977146, 0.9999999999942393, 0.9999999999999158, 0.9999999999999757, 0.9999999999999997, 1.0]"
sampleJointGoalAndSignal_afterNewGoal,session_7_player2,7,9,2,closer_to_player1,9,"[0.5, 0.9832243445582151, 0.9995560745050086, 0.999572689784557, 0.9995836524088935, 0.9995877624173968, 0.9994367299868793, 0.9999982626402294, 0.9999999907852878]"
sampleJointGoalAndSignal_afterNewGoal,session_7_player1,7,10,1,closer_to_player2,11,"[0.5, 0.5033940253426091, 0.9897015919404955, 0.9998230240527454, 0.9999953989878504, 0.9999998247060576, 0.9999998684571726, 0.9919071122736365, 0.9997879363931639, 0.9999903565516993, 0.9999954390737797]"
sampleJointGoalAndSignal_afterNewGoal,session_7_player2,7,10,2,closer_to_player2,9,"[0.5, 0.9995283679257053, 0.9997358461839322, 0.9999996015803255, 0.9999999995642397, 0.9999999999988793, 0.999999999999996, 1.0, 1.0]"
sampleJointGoalAndSignal_afterNewGoal,session_7_player1,7,11,1,closer_to_player1,9,"[0.5, 0.4959055764979534, 0.49403287637819826, 0.4939756830447728, 0.9999842150250278, 0.99998864269089, 0.9999999997983153, 0.9999999999999724, 1.0]"
sampleJointGoalAndSignal_afterNewGoal,session_7_player2,7,11,2,closer_to_player1,8,"[0.5, 0.5151985798824459, 0.4291378230812876, 0.5709345655648673, 0.4037177671348382, 0.25380279777334425, 0.9959669525586001, 0.9942204608794474]"
sampleJointGoalAndSignal_afterNewGoal,session_8_player1,8,0,1,equal_to_both,8,"[0.5, 0.5083633055754118, 0.6414781133553418, 0.9996660453958961, 0.9999987487830958, 0.999999997028622, 0.9999999999867676, 0.9999999999999067]"
sampleJointGoalAndSignal_afterNewGoal,session_8_player2,8,0,2,equal_to_both,8,"[0.5, 0.4916560944900284, 0.9994204551816502, 0.999042622758608, 0.9999996181862677, 0.9999999996744056, 0.9999999999994523, 0.9999999999999983]"
sampleJointGoalAndSignal_afterNewGoal,session_8_player1,8,1,1,closer_to_player1,9,"[0.5, 0.4163625609482791, 0.3449802804584816, 0.4221580688216199, 0.9999492705993157, 0.9999355745635808, 0.9999248180931103, 0.9999999997711416, 0.9999999998078195]"
sampleJointGoalAndSignal_afterNewGoal,session_8_player2,8,1,2,closer_to_player1,9,"[0.5, 0.5035047978085626, 0.5062692358841281, 0.5127263458332917, 0.5259156182061508, 0.5291187753514112, 0.530636027164911, 0.5312635707821495, 0.5314854109739753]"
sampleJointGoalAndSignal_afterNewGoal,session_8_player1,8,2,1,closer_to_player2,9,"[0.5, 0.9805271850621591, 0.9875146105655493, 0.9912751403168198, 0.9937500028211699, 0.9999058142291936, 0.9999464144257646, 0.9999695724853445, 0.9999829407536864]"
sampleJointGoalAndSignal_afterNewGoal,session_8_player2,8,2,2,closer_to_player2,9,"[0.5, 0.4957821686993616, 0.493872301311204, 0.4937892465127882, 0.5381446651897516, 0.9999939366115159, 0.999999999869126, 0.9999999999999971, 1.0]"
sampleJointGoalAndSignal_afterNewGoal,session_8_player1,8,3,1,closer_to_player2,9,"[0.5, 0.5051064372203922, 0.5076157528978087, 0.5090646328248678, 0.5098286409723782, 0.5086888790352171, 0.9993849370282624, 0.9999990690780985, 0.9999999963441113]"
sampleJointGoalAndSignal_afterNewGoal,session_8_player2,8,3,2,closer_to_player2,9,"[0.5, 0.4992350288538267, 0.999868077237217, 0.999999954596224, 0.9999999556988529, 0.9999999730451256, 0.9999999999804958, 0.9999999999999956, 1.0]"
sampleJointGoalAndSignal_afterNewGoal,session_8_player1,8,6,1,closer_to_player2,11,"[0.5, 0.5034526405547213, 0.5056450970218055, 0.5071104673309256, 0.5082581269638041, 0.5145281796177621, 0.4899870528127474, 0.03023779092861148, 0.030939450185105025, 0.041160062890419555, 0.04119523625299272]"
sampleJointGoalAndSignal_afterNewGoal,session_8_player2,8,6,2,closer_to_player2,4,"[0.5, 0.4943575530101019, 0.5367105106239792, 0.6350477321422818]"
sampleJointGoalAndSignal_afterNewGoal,session_8_player1,8,9,1,closer_to_player1,11,"[0.5, 0.6228294977103244, 0.9996820496287713, 0.9999998577911429, 0.9999999998290207, 0.9999989662809483, 0.9999999993975777, 0.999999999998368, 0.9999999999999972, 1.0, 1.0]"
sampleJointGoalAndSignal_afterNewGoal,session_8_player2,8,9,2,closer_to_player1,9,"[0.5, 0.5034387383800385, 0.5054187907238114, 0.9941503967844022, 0.9941199907202426, 0.9910389684884349, 0.9999847892706212, 0.9999999531093972, 0.9999999997512993]"
sampleJointGoalAndSignal_afterNewGoal,session_8_player1,8,10,1,equal_to_both,10,"[0.5, 0.5000607423057971, 0.9966414836919857, 0.9999792149002555, 0.9999798702129142, 0.9999998740307167, 0.9999999980032079, 0.9999999990223194, 0.9999999995405924, 0.9999999998698791]"
sampleJointGoalAndSignal_afterNewGoal,session_8_player2,8,10,2,equal_to_both,10,"[0.5, 0.9937986547148673, 0.9938594701168332, 0.9999618937245556, 0.9999995973588541, 0.9999996100634538, 0.9999999958604754, 0.9999999999038701, 0.9999999999532411, 0.9999999999771114]"
sampleJointGoalAndSignal_afterNewGoal,session_9_player1,9,0,1,equal_to_both,11,"[0.5, 0.5000884456249342, 0.9938501691757314, 0.9938953736310968, 0.9999620742649196, 0.9999625825825791, 0.9999644945919007, 0.9999798936384736, 0.9999997695247939, 0.9999999994595947, 0.9999999999976781]"
sampleJointGoalAndSignal_afterNewGoal,session_9_player2,9,0,2,equal_to_both,11,"[0.5, 0.9893767698092447, 0.9895255974371934, 0.9896021419215204, 0.9999353170878297, 0.9999993178211871, 0.9999999883904143, 0.999999999694174, 0.9999999997709798, 0.9999999998099162, 0.9999999999963425]"
sampleJointGoalAndSignal_afterNewGoal,session_9_player1,9,2,1,closer_to_player2,9,"[0.5, 0.49004366168231733, 0.9888778153752013, 0.9998122560085805, 0.9999951905885123, 0.999995338679622, 0.9999937284993116, 0.9999999465885798, 0.9999999992883787]"
sampleJointGoalAndSignal_afterNewGoal,session_9_player2,9,2,2,closer_to_player2,9,"[0.5, 0.9996548464437782, 0.9999997183684657, 0.9999999995149342, 0.9999999999983333, 0.9999999999999923, 0.9999999999999999, 1.0, 1.0]"
sampleJointGoalAndSignal_afterNewGoal,session_9_player1,9,5,1,closer_to_player1,9,"[0.5, 0.48804996694531283, 0.4923011222779618, 0.49265642533752635, 0.4893780971617307, 0.38330437608169443, 0.5542303642719963, 0.7132451868898706, 0.8335749817163863]"
sampleJointGoalAndSignal_afterNewGoal,session_9_player2,9,5,2,closer_to_player1,9,"[0.5, 0.5019100410852287, 0.5001589342960756, 0.49682346478120154, 0.4922808794405891, 0.4985536643441219, 0.5478488456563658, 0.548472958316906, 0.5486935726958736]"
sampleJointGoalAndSignal_afterNewGoal,session_9_player1,9,6,1,closer_to_player1,4,"[0.5, 0.5080586282054811, 0.46156450756919554, 0.5785104548751249]"
sampleJointGoalAndSignal_afterNewGoal,session_9_player2,9,6,2,closer_to_player1,8,"[0.5, 0.5036050726560609, 0.4999217395294732, 0.377146474016255, 0.5483904028835701, 0.708648881802635, 0.8296440579589032, 0.9081416741642075]"
sampleJointGoalAndSignal_afterNewGoal,session_9_player1,9,7,1,closer_to_player2,9,"[0.5, 0.5034561414917134, 0.5057101107677237, 0.5065407767304816, 0.5068753285785921, 0.5092809682107873, 0.5034575369510689, 0.5451579301794186, 0.4694246326179857]"
sampleJointGoalAndSignal_afterNewGoal,session_9_player2,9,7,2,closer_to_player2,6,"[0.5, 0.5167094464701795, 0.5013957852514376, 0.4738866050866556, 0.42815706896695604, 0.5377384083652131]"
sampleJointGoalAndSignal_afterNewGoal,session_9_player1,9,10,1,closer_to_player1,9,"[0.5, 0.622644118144056, 0.9998706387134271, 0.999999804335078, 0.999999999768341, 0.9999999999995889, 0.9999999999999981, 1.0, 1.0]"
sampleJointGoalAndSignal_afterNewGoal,session_9_player2,9,10,2,closer_to_player1,9,"[0.5, 0.983220675566306, 0.9995558155765847, 0.9999831750049459, 0.999999101157645, 0.9999999036611052, 0.9999999563652732, 0.999999979765292, 0.9999999904298994]"
sampleJointGoalAndSignal_afterNewGoal,session_9_player1,9,11,1,closer_to_player2,6,"[0.5, 0.9938558186771488, 0.9999337829992835, 0.9999982044698046, 0.999999146684067, 0.9999996046878894]"
sampleJointGoalAndSignal_afterNewGoal,session_9_player2,9,11,2,closer_to_player2,8,"[0.5, 0.4384192501860161, 0.9999885917886244, 0.9999999996206878, 0.9999999999999596, 1.0, 1.0, 1.0]"
sampleJointGoalAndSignal_afterNewGoal,session_10_player1,10,2,1,equal_to_both,12,"[0.5, 0.9938491068237939, 0.9938930504872436, 0.9999621757913817, 0.9999625341033573, 0.999962263136237, 0.9999999027423535, 0.9999998725651615, 0.999999999701198, 0.9999995926091471, 0.9999999961288141, 0.9999999964103766]"
sampleJointGoalAndSignal_afterNewGoal,session_10_player2,10,2,2,equal_to_both,10,"[0.5, 0.5001140175466793, 0.9966374094920992, 0.9999791636321601, 0.9999794446205582, 0.9999804950973242, 0.9999889546469004, 0.9999999712963082, 0.9999999998338358, 0.9999999999951433]"
sampleJointGoalAndSignal_afterNewGoal,session_10_player1,10,3,1,closer_to_player1,9,"[0.5, 0.49965961891875244, 0.9998682158830958, 0.9998732458856865, 0.9999191382724768, 0.9999999945913062, 0.9999999999984074, 0.9999999999999988, 1.0]"
sampleJointGoalAndSignal_afterNewGoal,session_10_player2,10,3,2,closer_to_player1,9,"[0.5, 0.5177319662311859, 0.434269531319376, 0.5759134877445063, 0.9880004041046276, 0.999874576587482, 0.9999965675190129, 0.9999979763343474, 0.9999987851411496]"
sampleJointGoalAndSignal_afterNewGoal,session_10_player1,10,4,1,closer_to_player1,9,"[0.5, 0.41672813872694203, 0.34576162812718586, 0.2926348912915411, 0.33419081013026086, 0.9999861272559704, 0.9999838632331198, 0.9999806616906364, 1.0]"
sampleJointGoalAndSignal_afterNewGoal,session_10_player2,10,4,2,closer_to_player1,9,"[0.5, 0.5035101256904665, 0.50515649620234, 0.5059869687692897, 0.5071682366116278, 0.5140483739922099, 0.48670807045290315, 0.4407866152226567, 0.3678271413414525]"
sampleJointGoalAndSignal_afterNewGoal,session_10_player1,10,5,1,equal_to_both,11,"[0.5, 0.9879008872300221, 0.9997607268598068, 0.999811910189601, 0.9999966311311222, 0.9999998522658045, 0.9999999308892845, 0.9999999664195957, 0.9999999835596914, 0.9999999922748251, 0.9999999978119526]"
sampleJointGoalAndSignal_afterNewGoal,session_10_player2,10,5,2,equal_to_both,11,"[0.5, 0.4988124091434163, 0.49874979434293837, 0.9966242048357492, 0.9999791288249189, 0.9999997797520754, 0.9999999961967357, 0.9999999972160425, 0.9999999978324966, 0.9999999981506332, 0.9999999982365789]"
sampleJointGoalAndSignal_afterNewGoal,session_10_player1,10,6,1,closer_to_player2,9,"[0.5, 0.5038004844019549, 0.5062193312280436, 0.5076406802524491, 0.5083851160315453, 0.9983670372309972, 0.9999945056276816, 0.9999999595498129, 0.9999999799730029]"
sampleJointGoalAndSignal_afterNewGoal,session_10_player2,10,6,2,closer_to_player2,9,"[0.5, 0.4987706834456402, 0.9998675717623096, 0.9998696323531981, 0.9999999777776652, 0.9999999866643704, 0.9999999999971586, 0.9999999999999963, 1.0]"
sampleJointGoalAndSignal_afterNewGoal,session_10_player1,10,9,1,closer_to_player2,9,"[0.5, 0.5052858085700795, 0.9897561273771576, 0.9899335169208341, 0.990036904514617, 0.9999383896746417, 0.9999993463170596, 0.9999994516621269, 0.9999994856598937]"
sampleJointGoalAndSignal_afterNewGoal,session_10_player2,10,9,2,closer_to_player2,9,"[0.5, 0.9996555392400056, 0.9996631145572735, 0.9999998493133531, 0.9999999115610578, 0.9999999997943378, 0.9999999999998874, 0.9999999999999999, 1.0]"
sampleJointGoalAndSignal_afterNewGoal,session_10_player1,10,11,1,closer_to_player1,9,"[0.5, 0.6264342096439496, 0.9998726233089933, 0.9999998077223958, 0.9999999997691268, 0.9999999999993746, 0.999999999999999, 1.0, 1.0]"
sampleJointGoalAndSignal_afterNewGoal,session_10_player2,10,11,2,closer_to_player1,9,"[0.5, 0.5034386452849107, 0.9897042654513296, 0.9898655372349079, 0.9898130840187633, 0.9845104752434726, 0.9999735345409754, 0.999999918416172, 0.9999999995673076]"
sampleJointGoalAndSignal_afterNewGoal,session_11_player1,11,0,1,closer_to_player1,9,"[0.5, 0.6226216364675933, 0.9996817441509133, 0.9999998408828332, 0.9999999999072706, 0.9999999999998795, 0.9999999999999993, 1.0, 1.0]"
sampleJointGoalAndSignal_afterNewGoal,session_11_player2,11,0,2,closer_to_player1,9,"[0.5, 0.983217795628312, 0.9995556015022308, 0.9999831562183549, 0.9999990836729807, 0.9999993743612732, 0.9999995383676559, 0.9999999743562168, 0.9999999878643405]"
sampleJointGoalAndSignal_afterNewGoal,session_11_player1,11,1,1,closer_to_player2,9,"[0.5, 0.5028867300957821, 0.5056500235353949, 0.5023155728158638, 0.49777258196876667, 0.49252048571059354, 0.4871154777636101, 0.529474890771569, 0.45694095975795024]"
sampleJointGoalAndSignal_afterNewGoal,session_11_player2,11,1,2,closer_to_player2,9,"[0.5, 0.4163625609489618, 0.523814130174209, 0.35480238821448445, 0.9999326054540913, 0.999914410510745, 0.9999999986592801, 0.9999999988511133, 0.9999999999999823]"
sampleJointGoalAndSignal_afterNewGoal,session_11_player1,11,2,1,closer_to_player1,6,"[0.5, 0.5832718772650474, 0.47682663608007186, 0.6457922600297243, 0.7848306505963899, 0.8802375688121338]"
sampleJointGoalAndSignal_afterNewGoal,session_11_player2,11,2,2,closer_to_player1,10,"[0.5, 0.5035101249760182, 0.5051564948694707, 0.5070214934976248, 0.5140758021214682, 0.49911358358857955, 0.5576088124854849, 0.5576088124854849, 0.5611275449159245, 0.5632464304970962]"
sampleJointGoalAndSignal_afterNewGoal,session_11_player1,11,6,1,closer_to_player1,6,"[0.5, 0.49677994212812826, 0.5721346004965606, 0.4908305852097797, 0.6585272177566354, 0.7952259337349424]"
sampleJointGoalAndSignal_afterNewGoal,session_11_player2,11,6,2,closer_to_player1,9,"[0.5, 0.496683626543999, 0.4982600614598871, 0.500087761320092, 0.5064843692866403, 0.5354630006472089, 0.5369783414056689, 0.5376048019076393, 0.5378262518772309]"
sampleJointGoalAndSignal_afterNewGoal,session_11_player1,11,7,1,closer_to_player2,9,"[0.5, 0.9832211508379167, 0.9836225267448109, 0.9997168135263098, 0.9999926272309093, 0.9999929567868657, 0.9999931402273671, 0.9999998983877461, 0.9999999966714807]"
sampleJointGoalAndSignal_afterNewGoal,session_11_player2,11,7,2,closer_to_player2,9,"[0.5, 0.6228994970505438, 0.9998707624896095, 0.9999999226622661, 0.9999999997127518, 0.9999999999992606, 0.9999999999999974, 1.0, 1.0]"
sampleJointGoalAndSignal_afterNewGoal,session_11_player1,11,8,1,closer_to_player2,11,"[0.5, 0.503436029006748, 0.5059064135178662, 0.5071251185730677, 0.5039078084477304, 0.5790993575135702, 0.6379669068432328, 0.6761504839378829, 0.040099243476435564, 0.047160647685459835, 0.06919864343001977]"
sampleJointGoalAndSignal_afterNewGoal,session_11_player2,11,8,2,closer_to_player2,7,"[0.5, 0.5811732570329637, 0.99997329120706, 0.9999999984577949, 0.9999999987856668, 0.9999999989594166, 0.999999999999984]"
sampleJointGoalAndSignal_afterNewGoal,session_11_player1,11,9,1,equal_to_both,9,"[0.5, 0.9966463123681994, 0.9966582401774366, 0.9999889745141751, 0.9999888947921243, 0.9999999713797594, 0.999999962499451, 0.9999999999120709, 0.9999999999996222]"
sampleJointGoalAndSignal_afterNewGoal,session_11_player2,11,9,2,equal_to_both,9,"[0.5, 0.9966362343517448, 0.9966592968119601, 0.9967967427953703, 0.9999925014866787, 0.9999999650796204, 0.9999999996998732, 0.9999999999943103, 0.9999999999983591]"
sampleJointGoalAndSignal_afterNewGoal,session_11_player1,11,10,1,equal_to_both,8,"[0.5, 0.4999920705425137, 0.999206222208735, 0.9999986288176134, 0.9999986769728683, 0.9999999975505877, 0.9999999983462438, 0.9999999999972583]"
sampleJointGoalAndSignal_afterNewGoal,session_11_player2,11,10,2,equal_to_both,8,"[0.5, 0.4999919958065479, 0.49989197746992703, 0.49903059318904563, 0.9998929738555765, 0.999999968018007, 0.9999999999762494, 0.9999999999999606]"
sampleJointGoalAndSignal_afterNewGoal,session_12_player1,12,0,1,closer_to_player2,7,"[0.5, 0.9895465309330207, 0.9898760799450866, 0.9998897010434125, 0.9999152520050789, 0.9999986406793518, 0.9999993091340974]"
sampleJointGoalAndSignal_afterNewGoal,session_12_player2,12,0,2,closer_to_player2,7,"[0.5, 0.9999891507787065, 0.9999999995683958, 0.9999999999999455, 1.0, 1.0, 1.0]"
sampleJointGoalAndSignal_afterNewGoal,session_12_player1,12,1,1,closer_to_player1,8,"[0.5, 0.49809711975222004, 0.9999547601773642, 0.9999557675677645, 0.9999999975265174, 0.9999999987432252, 0.9999999999998347, 1.0]"
sampleJointGoalAndSignal_afterNewGoal,session_12_player2,12,1,2,closer_to_player1,8,"[0.5, 0.634866284214732, 0.9829550415442604, 0.9826382794913842, 0.9815205018875343, 0.9791247647961449, 0.9999305774560151, 0.9999632794733996]"
sampleJointGoalAndSignal_afterNewGoal,session_12_player1,12,3,1,closer_to_player1,10,"[0.5, 0.5047649356889663, 0.42136827483955486, 0.5279259714833168, 0.9998627905458607, 0.9999999750893632, 0.9999999812650275, 0.999999985214699, 0.9999999872891397, 0.9999999893935151]"
sampleJointGoalAndSignal_afterNewGoal,session_12_player2,12,3,2,closer_to_player1,9,"[0.5, 0.5030324700935828, 0.5130748151516293, 0.5083914528008199, 0.5914056372470653, 0.661788761207226, 0.7142614561012174, 0.6732327676432255, 0.8058837544247036]"
sampleJointGoalAndSignal_afterNewGoal,session_12_player1,12,5,1,closer_to_player2,9,"[0.5, 0.5035047978043886, 0.5062692358793691, 0.5127263458284572, 0.5259156182013126, 0.529118775346574, 0.5306360271600755, 0.5312635707773146, 0.5314854109691406]"
sampleJointGoalAndSignal_afterNewGoal,session_12_player2,12,5,2,closer_to_player2,9,"[0.5, 0.41636256094805013, 0.5238141301708915, 0.9998597716906751, 0.9999999745053079, 0.9999999999864421, 0.9999999999932223, 0.9999999999966122, 0.9999999999983176]"
sampleJointGoalAndSignal_afterNewGoal,session_12_player1,12,6,1,equal_to_both,10,"[0.5, 0.5000012958192304, 0.9966410675833439, 0.9966562083170699, 0.9999887102496774, 0.9999888029607574, 0.9999999613379695, 0.9999999633128308, 0.9999999998526181, 0.9999999999161786]"
sampleJointGoalAndSignal_afterNewGoal,session_12_player2,12,6,2,equal_to_both,10,"[0.5, 0.993763735484777, 0.9999324792966049, 0.9999988267265325, 0.9999989055023917, 0.9999999810623713, 0.9999999992601754, 0.9999999996456899, 0.9999999998284118, 0.999999999920299]"
sampleJointGoalAndSignal_afterNewGoal,session_12_player1,12,8,1,closer_to_player2,6,"[0.5, 0.37616701776439376, 0.5472013834889045, 0.7125175764290316, 0.8916939906835788, 0.9999679655285802]"
sampleJointGoalAndSignal_afterNewGoal,session_12_player2,12,8,2,closer_to_player2,6,"[0.5, 0.9999845684599522, 0.9999889601628144, 0.9999999998040722, 0.9999999999999741, 1.0]"
sampleJointGoalAndSignal_afterNewGoal,session_12_player1,12,10,1,closer_to_player1,8,"[0.5, 0.9999443801531251, 0.9999639757910775, 0.9999999944467894, 0.9999999999989986, 0.9999999999999997, 1.0, 1.0]"
sampleJointGoalAndSignal_afterNewGoal,session_12_player2,12,10,2,closer_to_player1,8,"[0.5, 0.5183976960344371, 0.6526646719952511, 0.9846425037570292, 0.9788194273285936, 0.9702372285729624, 0.9499843324346432, 0.9999314525003886]"
sampleJointGoalAndSignal_afterNewGoal,session_13_player1,13,0,1,closer_to_player1,11,"[0.5, 0.4090066930995711, 0.32632887950467815, 0.25710939756595824, 0.20382716471937531, 0.2611708340704562, 0.1501608113247033, 0.08061800962494275, 1.0, 1.0, 1.0]"
sampleJointGoalAndSignal_afterNewGoal,session_13_player2,13,0,2,closer_to_player1,9,"[0.5, 0.5034030953139028, 0.5058695773168929, 0.5073316817975351, 0.5076659479855459, 0.5060353737811961, 0.42592199218306714, 0.5974711570846777, 0.7494307372636966]"
sampleJointGoalAndSignal_afterNewGoal,session_13_player1,13,2,1,equal_to_both,12,"[0.5, 0.9811851344955599, 0.98338576666614, 0.9997053949502263, 0.9997186390749853, 0.9999951894426263, 0.9999998709747535, 0.9999999904665668, 0.9999999955613685, 0.9999999979363533, 0.9999999990682316, 0.9999999997312858]"
sampleJointGoalAndSignal_afterNewGoal,session_13_player2,13,2,2,equal_to_both,13,"[0.5, 0.982866963004557, 0.999538261721243, 0.9999822557957401, 0.9999990541864754, 0.9999999305040277, 0.9999999572885121, 0.9999999718669654, 0.9999999972504772, 0.9999999987387302, 0.9999999987387302, 0.9999999994162415, 0.9999999997296767]"
sampleJointGoalAndSignal_afterNewGoal,session_13_player1,13,3,1,equal_to_both,10,"[0.5, 0.9938491073473771, 0.9999345546012613, 0.999998885029392, 0.9999989136792891, 0.9999989320041263, 0.9999989390650391, 0.9999999946737472, 0.9999999999493879, 0.9999999999990261]"
sampleJointGoalAndSignal_afterNewGoal,session_13_player2,13,3,2,equal_to_both,11,"[0.5, 0.9938385589655946, 0.9999343043322579, 0.9999354840512408, 0.9999363540289891, 0.9999396065020183, 0.9999997187340713, 0.9999999975826278, 0.9999999999541729, 0.9999999999541729, 0.9999999999867839]"
sampleJointGoalAndSignal_afterNewGoal,session_13_player1,13,4,1,closer_to_player1,8,"[0.5, 0.4886146626897922, 0.49024045074228195, 0.48420050192209513, 0.49056404658952807, 0.44458385089582647, 0.5542948315255802, 0.5542948315255803]"
sampleJointGoalAndSignal_afterNewGoal,session_13_player2,13,4,2,closer_to_player1,11,"[0.5, 0.5038575021729934, 0.5063211904509962, 0.5077824435038683, 0.5081169379560524, 0.5105223737865089, 0.504699346542103, 0.5463894125668386, 0.022997785857508647, 0.02707236934603964, 0.020126707586097973]"
sampleJointGoalAndSignal_afterNewGoal,session_13_player1,13,5,1,equal_to_both,12,"[0.5, 0.49950455244258546, 0.9893103811551124, 0.9895121721629259, 0.9895918285249796, 0.9999351895093077, 0.9999358564296253, 0.9999996044418034, 0.9999999957898388, 0.9999999999022751, 0.9999999999526661, 0.9999999999780136]"
sampleJointGoalAndSignal_afterNewGoal,session_13_player2,13,5,2,equal_to_both,12,"[0.5, 0.4995048483807359, 0.9893103915196614, 0.9998124055772282, 0.9999950280596064, 0.999995442360259, 0.9999998785472187, 0.9999999149555548, 0.9999999966772763, 0.9999999984047057, 0.9999999992273055, 0.9999999996410869]"
sampleJointGoalAndSignal_afterNewGoal,session_13_player1,13,6,1,closer_to_player2,9,"[0.5, 0.5034360322722256, 0.5054059256475163, 0.512720478288544, 0.5173806247548746, 0.5198502206679749, 0.5144493274774997, 0.5566061178130626, 0.48418004684554755]"
sampleJointGoalAndSignal_afterNewGoal,session_13_player2,13,6,2,closer_to_player2,9,"[0.5, 0.623641014502303, 0.4530948322678602, 0.9998138260235091, 0.9997520917670951, 0.9996851843209503, 0.9999999950674879, 0.9999999999997348, 0.9999999999998683]"
sampleJointGoalAndSignal_afterNewGoal,session_13_player1,13,7,1,closer_to_player2,9,"[0.5, 0.5034379096415946, 0.5054179004223532, 0.9941503705370462, 0.9941199643914171, 0.9910389286241132, 0.9999847891823603, 0.9999999531090609, 0.9999999997512972]"
sampleJointGoalAndSignal_afterNewGoal,session_13_player2,13,7,2,closer_to_player2,11,"[0.5, 0.9982361417709337, 0.9999938444756739, 0.9999999607033565, 0.9999999633554263, 0.9999999997578548, 0.9999999998383385, 0.9999999999325423, 0.9999999999991379, 0.999999999999993, 1.0]"
sampleJointGoalAndSignal_afterNewGoal,session_13_player1,13,9,1,closer_to_player2,9,"[0.5, 0.5034728829576628, 0.9897048472173302, 0.9898665040904087, 0.9998936999225386, 0.9999982040447112, 0.9999982513666048, 0.999997954689729, 0.9999999886980214]"
sampleJointGoalAndSignal_afterNewGoal,session_13_player2,13,9,2,closer_to_player2,9,"[0.5, 0.9995420051041995, 0.9997346584561954, 0.999999588646592, 0.9999999991940693, 0.9999999999992933, 0.9999999999999988, 1.0, 1.0]"
sampleJointGoalAndSignal_afterNewGoal,session_14_player1,14,0,1,closer_to_player2,9,"[0.5, 0.5034387885400003, 0.5054188502513043, 0.994150398136941, 0.9941199921073266, 0.9910389706046124, 0.9999847892742482, 0.9999999531094084, 0.9999999997512994]"
sampleJointGoalAndSignal_afterNewGoal,session_14_player2,14,0,2,closer_to_player2,9,"[0.5, 0.622829497710094, 0.9996820496287694, 0.9999998577911429, 0.9999999998466566, 0.9999999999996393, 0.9999999999999982, 1.0, 1.0]"
sampleJointGoalAndSignal_afterNewGoal,session_14_player1,14,3,1,closer_to_player2,9,"[0.5, 0.5034565445582917, 0.5057108350304871, 0.506541286054232, 0.5077225179836878, 0.5146023232050948, 0.4872620991177024, 0.5708248017323858, 0.5729325018445387]"
sampleJointGoalAndSignal_afterNewGoal,session_14_player2,14,3,2,closer_to_player2,11,"[0.5, 0.5059831138502289, 0.41754966984464925, 0.5418606186456271, 0.999556126146466, 0.9999997780509542, 0.9999998372375221, 0.9999999999137061, 0.999999999956862, 0.9999999999784375, 0.9999999999892992]"
sampleJointGoalAndSignal_afterNewGoal,session_14_player1,14,4,1,closer_to_player2,9,"[0.5, 0.9832133212010756, 0.9836377525771414, 0.999716612505862, 0.9997281757131309, 0.9997347133830699, 0.9997375524610029, 0.9996891156902513, 0.9999994575132046]"
sampleJointGoalAndSignal_afterNewGoal,session_14_player2,14,4,2,closer_to_player2,9,"[0.5, 0.9996549593566237, 0.999999718892575, 0.9999999995066143, 0.9999999999982502, 0.9999999999987759, 0.9999999999999912, 0.9999999999999974, 1.0]"
sampleJointGoalAndSignal_afterNewGoal,session_14_player1,14,6,1,equal_to_both,9,"[0.5, 0.996641049553926, 0.9999792329673621, 0.9999997808425127, 0.9999999962159897, 0.9999999998521458, 0.9999999999290056, 0.9999999999656131, 0.9999999999840273]"
sampleJointGoalAndSignal_afterNewGoal,session_14_player2,14,6,2,equal_to_both,9,"[0.5, 0.9966371813001651, 0.9999791742903914, 0.9999997797864357, 0.9999999961897412, 0.9999999972172082, 0.999999997842187, 0.9999999982468877, 0.9999999990029418]"
sampleJointGoalAndSignal_afterNewGoal,session_14_player1,14,8,1,equal_to_both,6,"[0.5, 0.9997533656569411, 0.9996192606355753, 0.9999999353439624, 0.9999999999742539, 0.999999999999978]"
sampleJointGoalAndSignal_afterNewGoal,session_14_player2,14,8,2,equal_to_both,6,"[0.5, 0.9995348347084705, 0.9997983225937692, 0.9999997584404108, 0.9999999997526646, 0.999999999999567]"
sampleJointGoalAndSignal_afterNewGoal,session_14_player1,14,9,1,closer_to_player1,11,"[0.5, 0.40895384486499414, 0.5437045536588421, 0.9987267261882004, 0.9982456172980636, 0.9976092880933531, 0.9968238246234156, 0.9959788354267313, 0.9999999369180007, 0.9999999457686934, 0.9999999999991636]"
sampleJointGoalAndSignal_afterNewGoal,session_14_player2,14,9,2,closer_to_player1,9,"[0.5, 0.5038572964392332, 0.5063209023571147, 0.5075460463408121, 0.5121143304061968, 0.5145189056524205, 0.5086975685531873, 0.550351030801939, 0.6553653508047981]"
sampleJointGoalAndSignal_afterNewGoal,session_14_player1,14,10,1,closer_to_player1,9,"[0.5, 0.9996549410571399, 0.999999718622825, 0.999999733797931, 0.9999998483553546, 0.9999999999087681, 0.9999999999998158, 0.9999999999999992, 1.0]"
sampleJointGoalAndSignal_afterNewGoal,session_14_player2,14,10,2,closer_to_player1,9,"[0.5, 0.5029890933712005, 0.9896716182970762, 0.9898426171194127, 0.9899450361700094, 0.989930794647032, 0.9861275409815424, 0.9999880055781526, 0.9999999798230084]"
sampleJointGoalAndSignal_afterNewGoal,session_14_player1,14,11,1,closer_to_player1,5,"[0.5, 0.9999928046209565, 0.9999999997673671, 0.9999999999999918, 1.0]"
sampleJointGoalAndSignal_afterNewGoal,session_14_player2,14,11,2,closer_to_player1,9,"[0.5, 0.5129928869657984, 0.5230554457474762, 0.5177810114806245, 0.39385029044076353, 0.5656266767338441, 0.7274705150662094, 0.8981545021481389, 0.9999688144026134]"
sampleJointGoalAndSignal_afterNewGoal,session_15_player1,15,0,1,equal_to_both,10,"[0.5, 0.5000211668184807, 0.9966365185197085, 0.9999791610778085, 0.9999794403860596, 0.9999804909877594, 0.9999999091459558, 0.9999999992191453, 0.999999999985197, 0.999999999995731]"
sampleJointGoalAndSignal_afterNewGoal,session_15_player2,15,0,2,equal_to_both,10,"[0.5, 0.4998881789354837, 0.9966448170149497, 0.9999792746823626, 0.999979471833589, 0.9999793234018652, 0.9999999467119507, 0.9999999997324761, 0.9999999996998168, 0.9999999999987103]"
sampleJointGoalAndSignal_afterNewGoal,session_15_player1,15,2,1,closer_to_player1,9,"[0.5, 0.9996595310137523, 0.9999997282829491, 0.9999999995364898, 0.9999999999984182, 0.999999999999985, 0.9999999999999999, 1.0, 1.0]"
sampleJointGoalAndSignal_afterNewGoal,session_15_player2,15,2,2,closer_to_player1,9,"[0.5, 0.9822384817251854, 0.9995275346359935, 0.9995446841531554, 0.9995493282881573, 0.9999943170502271, 0.9999998840225017, 0.9999998666467168, 0.9999999982233483]"
sampleJointGoalAndSignal_afterNewGoal,session_15_player1,15,4,1,closer_to_player1,6,"[0.5, 0.516709446488902, 0.5621147694081794, 0.5721498429806, 0.5756492909754028, 0.5777509075387525]"
sampleJointGoalAndSignal_afterNewGoal,session_15_player2,15,4,2,closer_to_player1,9,"[0.5, 0.5034379190792883, 0.5059016477656314, 0.5073629344809909, 0.5085441078354614, 0.5027301882486876, 0.49690581096498077, 0.44875414322132295, 0.6212679575034956]"
sampleJointGoalAndSignal_afterNewGoal,session_15_player1,15,5,1,equal_to_both,14,"[0.5, 0.4999375626263139, 0.4998460323753076, 0.49978359500994296, 0.9966380886204766, 0.999979214950359, 0.9999997806609905, 0.9999997873999115, 0.9999997910366032, 0.9999999987120607, 0.9999999999838141, 0.9999999745724897, 0.9999999654177061, 0.9999999830718309]"
sampleJointGoalAndSignal_afterNewGoal,session_15_player2,15,5,2,equal_to_both,10,"[0.5, 0.9937365025154851, 0.9938604802683586, 0.9999618356093509, 0.9999630747632076, 0.9999639024250533, 0.9999998735725509, 0.9999999049925252, 0.9999999537892154, 0.9999999996145146]"
sampleJointGoalAndSignal_afterNewGoal,session_15_player1,15,6,1,closer_to_player2,9,"[0.5, 0.5034536540648911, 0.5056756904495375, 0.5069112883199656, 0.5037075641839317, 0.998759071818125, 0.9999967329400199, 0.9999999827446915, 0.9999999998179006]"
sampleJointGoalAndSignal_afterNewGoal,session_15_player2,15,6,2,closer_to_player2,11,"[0.5, 0.9978805345326193, 0.9980483025177257, 0.9999965700832192, 0.9999966337740955, 0.9999999940784355, 0.9999999944164366, 0.9999999999866815, 0.9999999999999151, 0.999999999999976, 0.9999999999999998]"
sampleJointGoalAndSignal_afterNewGoal,session_15_player1,15,9,1,closer_to_player2,9,"[0.5, 0.983220440303627, 0.9836233664522062, 0.9997168277622065, 0.9999926276435955, 0.9999997131691862, 0.9999997880345661, 0.9999999876766655, 0.9999999940421987]"
sampleJointGoalAndSignal_afterNewGoal,session_15_player2,15,9,2,closer_to_player2,9,"[0.5, 0.9995411831890613, 0.9999994961041043, 0.9999999987722962, 0.9999999999893189, 0.9999999999968743, 0.9999999999999721, 0.9999999999999999, 1.0]"
sampleJointGoalAndSignal_afterNewGoal,session_15_player1,15,10,1,closer_to_player1,6,"[0.5, 0.9999848073344949, 0.9999999991623112, 0.9999999999998572, 0.9999999999999999, 1.0]"
sampleJointGoalAndSignal_afterNewGoal,session_15_player2,15,10,2,closer_to_player1,6,"[0.5, 0.5933286560705077, 0.777342959982943, 0.5582255099692953, 0.9994019780525486, 0.9999996448885415]"
sampleJointGoalAndSignal_afterNewGoal,session_15_player1,15,11,1,equal_to_both,11,"[0.5, 0.5000968628727275, 0.9937626781710107, 0.9938660997730047, 0.9999618488804143, 0.9999995955442618, 0.9999996048072056, 0.9999996262405133, 0.9999999974876613, 0.9999999982787701, 0.9999999999892483]"
sampleJointGoalAndSignal_afterNewGoal,session_15_player2,15,11,2,equal_to_both,11,"[0.5, 0.49999998573164944, 0.49999996997499485, 0.5000004183711592, 0.9983014236289073, 0.999994215251305, 0.9999999634956284, 0.9999999654700523, 0.9999999730155357, 0.9999999999093393, 0.9999999999994337]"
sampleJointGoalAndSignal_afterNewGoal,session_16_player1,16,0,1,closer_to_player2,9,"[0.5, 0.503441457660686, 0.5054524030021769, 0.994138829769713, 0.9999386092407918, 0.9999394658838928, 0.9999994768924301, 0.9999994195641719, 0.9999999957525942]"
sampleJointGoalAndSignal_afterNewGoal,session_16_player2,16,0,2,closer_to_player2,11,"[0.5, 0.9982779169655872, 0.9982761027560041, 0.9999969679524211, 0.999997089020029, 0.9999983135491112, 0.9999999894681407, 0.9999999999875202, 0.9999999999999707, 0.9999999999999999, 1.0]"
sampleJointGoalAndSignal_afterNewGoal,session_16_player1,16,1,1,closer_to_player2,9,"[0.5, 0.5034792135502881, 0.9896955445276325, 0.9998227611419575, 0.9998297743177067, 0.9999970836321925, 0.9999998960907283, 0.9999999500653172, 0.9999999757104735]"
sampleJointGoalAndSignal_afterNewGoal,session_16_player2,16,1,2,closer_to_player2,9,"[0.5, 0.5031069430959497, 0.9998316455902642, 0.9998981721963749, 0.9999999786260036, 0.9999999999674418, 0.9999999999999722, 0.9999999999999999, 1.0]"
sampleJointGoalAndSignal_afterNewGoal,session_16_player1,16,3,1,equal_to_both,13,"[0.5, 0.5, 0.9811855241934875, 0.983385585546358, 0.9837999365245358, 0.9839321004605133, 0.999899157304065, 0.9999005171087685, 0.999905600772591, 0.9999995603469491, 0.9999997512599258, 0.999999998560057, 0.9999999999579124]"
sampleJointGoalAndSignal_afterNewGoal,session_16_player2,16,3,2,equal_to_both,12,"[0.5, 0.9828669790901431, 0.9995382625737947, 0.9999822558431422, 0.9999990541897195, 0.9999999305043128, 0.9999999572886462, 0.9999999718670413, 0.9999999972504843, 0.9999999987387331, 0.9999999994162428, 0.9999999997296772]"
sampleJointGoalAndSignal_afterNewGoal,session_16_player1,16,5,1,equal_to_both,10,"[0.5, 0.9938430392514872, 0.9999344031696833, 0.9999355242038082, 0.9999993194728305, 0.9999993405293643, 0.9999999929808612, 0.9999999945565772, 0.9999999999287282, 0.9999999999668945]"
sampleJointGoalAndSignal_afterNewGoal,session_16_player2,16,5,2,equal_to_both,10,"[0.5, 0.49999859211647024, 0.9966408548517552, 0.9999792300148213, 0.9999794437539854, 0.9999998732399938, 0.999999875800322, 0.9999999992046354, 0.9999999993538022, 0.9999999996324839]"
sampleJointGoalAndSignal_afterNewGoal,session_16_player1,16,7,1,closer_to_player1,6,"[0.5, 0.5832718612730579, 0.6542383718728142, 0.707365108708459, 0.74075889922735, 0.8161581382591497]"
sampleJointGoalAndSignal_afterNewGoal,session_16_player2,16,7,2,closer_to_player1,9,"[0.5, 0.5045062884878141, 0.5021916247786731, 0.5093428536885886, 0.503056441660057, 0.5399703595628933, 0.5455391811714174, 0.5490762811141128, 0.5512068147770439]"
sampleJointGoalAndSignal_afterNewGoal,session_16_player1,16,8,1,closer_to_player1,6,"[0.5, 0.9999889727215616, 0.9999999990253238, 0.9999999999999359, 1.0, 1.0]"
sampleJointGoalAndSignal_afterNewGoal,session_16_player2,16,8,2,closer_to_player1,6,"[0.5, 0.9966510049878226, 0.9966931555937003, 0.996703143740837, 0.9960538377456095, 0.9999983894448367]"
sampleJointGoalAndSignal_afterNewGoal,session_16_player1,16,9,1,closer_to_player1,9,"[0.5, 0.6228294977103244, 0.9998708499183229, 0.9999998045281602, 0.9999999997892233, 0.9999999999994496, 0.9999999999999984, 1.0, 1.0]"
sampleJointGoalAndSignal_afterNewGoal,session_16_player2,16,9,2,closer_to_player1,9,"[0.5, 0.9832243444267756, 0.9836256949564604, 0.9997168812236789, 0.9999926330056521, 0.9999929628935718, 0.9999931466911668, 0.9999998990632937, 0.9999999968694162]"
sampleJointGoalAndSignal_afterNewGoal,session_16_player1,16,10,1,equal_to_both,11,"[0.5, 0.9894522360374424, 0.9998174358893044, 0.9998219995726128, 0.9999969643834911, 0.9999999192249137, 0.9999999950896558, 0.9999999976781251, 0.9999999988851167, 0.9999999994599935, 0.9999999997491692]"
sampleJointGoalAndSignal_afterNewGoal,session_16_player2,16,10,2,equal_to_both,11,"[0.5, 0.988364216201295, 0.99978109957819, 0.9998149530701959, 0.9998208304920521, 0.9998228403040862, 0.999998907218564, 0.9999989293803007, 0.9999989840725887, 0.9999993140819129, 0.9999999988628241]"
sampleJointGoalAndSignal_afterNewGoal,session_17_player1,17,0,1,closer_to_player2,14,"[0.5, 0.5028455307683121, 0.5056600245929965, 0.5017300975846132, 0.4965913588116196, 0.4907775301283028, 0.4849564819727486, 0.041000726494279015, 0.0420126970150586, 0.057829901876006166, 0.0008448544668679182, 0.0007024088664536418, 0.0010908862717514776, 0.0010908862717514776]"
sampleJointGoalAndSignal_afterNewGoal,session_17_player2,17,0,2,closer_to_player2,6,"[0.5, 0.37719386472246075, 0.5477960552107325, 0.7078819638737244, 0.8290012311596338, 0.9071399012416288]"
sampleJointGoalAndSignal_afterNewGoal,session_17_player1,17,1,1,closer_to_player2,9,"[0.5, 0.5034763047902941, 0.5056989302527142, 0.5069345156961728, 0.9967926806695958, 0.9999803506700756, 0.9999997928964661, 0.9999998239116061, 0.9999998254324903]"
sampleJointGoalAndSignal_afterNewGoal,session_17_player2,17,1,2,closer_to_player2,9,"[0.5, 0.999654961639471, 0.9996628829041347, 0.9999998456880215, 0.9999999108223283, 0.9999999999471052, 0.9999999999998004, 0.9999999999999997, 1.0]"
sampleJointGoalAndSignal_afterNewGoal,session_17_player1,17,4,1,equal_to_both,12,"[0.5, 0.9811838368350151, 0.9833864465730139, 0.9997053949981429, 0.9997186507368305, 0.9997237049459549, 0.9997274305087128, 0.9999982529264286, 0.9999999805466245, 0.9999999859027794, 0.9999999930679108, 0.9999999999069827]"
sampleJointGoalAndSignal_afterNewGoal,session_17_player2,17,4,2,equal_to_both,12,"[0.5, 0.4987311526176068, 0.49864519631906945, 0.49862414332850186, 0.996627995790922, 0.9966399547360704, 0.9965726820708785, 0.9945280349959772, 0.9999969870225845, 0.9999999964313242, 0.9999999999916325, 0.999999999999964]"
sampleJointGoalAndSignal_afterNewGoal,session_17_player1,17,6,1,closer_to_player1,8,"[0.5, 0.5101444645808751, 0.5174607936191263, 0.5221203451357999, 0.52458899390781, 0.5191918972863907, 0.4699602307941808, 0.6409931197356452]"
sampleJointGoalAndSignal_afterNewGoal,session_17_player2,17,6,2,closer_to_player1,9,"[0.5, 0.496683626543999, 0.4982600614598871, 0.500087761320092, 0.5064843692866403, 0.49386525027247313, 0.4693566954567733, 0.4271235348357924, 0.52827606720372]"
sampleJointGoalAndSignal_afterNewGoal,session_17_player1,17,7,1,equal_to_both,12,"[0.5, 0.9828662095789774, 0.9831941133609436, 0.9997073446855449, 0.9999923586702948, 0.9999926518403398, 0.9999998087601957, 0.9999999925820189, 0.9999999992750266, 0.9999999996674367, 0.9999999998460783, 0.9999999999287229]"
sampleJointGoalAndSignal_afterNewGoal,session_17_player2,17,7,2,equal_to_both,12,"[0.5, 0.5120843531047984, 0.5135544165256065, 0.513668349576729, 0.514080799251367, 0.998344905462154, 0.9999942316198783, 0.9999999630365418, 0.9999999655355729, 0.9999999997037916, 0.9999999998543442, 0.9999999999957426]"
sampleJointGoalAndSignal_afterNewGoal,session_17_player1,17,9,1,closer_to_player2,9,"[0.5, 0.5038613223433469, 0.5058089568633671, 0.5011066323187402, 0.3784165286507797, 0.5493249798607215, 0.7093189863131193, 0.8320307435180141, 0.9367255453560392]"
sampleJointGoalAndSignal_afterNewGoal,session_17_player2,17,9,2,closer_to_player2,9,"[0.5, 0.9995098893022696, 0.999999586521292, 0.9999999987807734, 0.999999999391313, 0.9999999996959824, 0.9999999998481413, 0.9999999999251907, 0.9999999999749689]"
sampleJointGoalAndSignal_afterNewGoal,session_18_player1,18,0,1,closer_to_player2,12,"[0.5, 0.49656131250693425, 0.4945812580683255, 0.49926660232392, 0.4160174528033754, 0.34510179537970453, 0.4211660198220493, 0.26669872872583716, 0.15289455923922565, 1.0, 1.0, 1.0]"
sampleJointGoalAndSignal_afterNewGoal,session_18_player2,18,0,2,closer_to_player2,8,"[0.5, 0.5833231973825662, 0.12288631310819964, 0.07821482593165063, 0.1450943118619842, 0.2534572783398086, 0.40448505701007764, 0.5778187873227009]"
sampleJointGoalAndSignal_afterNewGoal,session_18_player1,18,1,1,closer_to_player1,9,"[0.5, 0.4992471142107006, 0.9998679513191345, 0.999869970610501, 0.9999154411747632, 0.9999999944274802, 0.9999999999988126, 0.9999999999999984, 1.0]"
sampleJointGoalAndSignal_afterNewGoal,session_18_player2,18,1,2,closer_to_player1,9,"[0.5, 0.9830741697983418, 0.9995342864733999, 0.9999703177477184, 0.99998608265997, 0.9999932816521343, 0.9999967184274864, 0.9999983838186294, 0.9999991998236037]"
sampleJointGoalAndSignal_afterNewGoal,session_18_player1,18,2,1,closer_to_player1,6,"[0.5, 0.4913582794681365, 0.49850667488724876, 0.5571915638983661, 0.560719424052146, 0.5628388291034055]"
sampleJointGoalAndSignal_afterNewGoal,session_18_player2,18,2,2,closer_to_player1,9,"[0.5, 0.5035101256899762, 0.5063342604622784, 0.51348363182259, 0.5071989427696731, 0.5440840254785284, 0.5496445825788082, 0.5531759007080677, 0.5553027521532479]"
sampleJointGoalAndSignal_afterNewGoal,session_18_player1,18,3,1,closer_to_player1,6,"[0.5, 0.6666464346852764, 0.8000031922495244, 0.8889113037945159, 0.941205699062324, 0.969931752694709]"
sampleJointGoalAndSignal_afterNewGoal,session_18_player2,18,3,2,closer_to_player1,10,"[0.5, 0.5034565445573281, 0.5057108350293907, 0.5075757805956552, 0.5146297487049172, 0.5514505181225839, 0.5569943840567416, 0.5569943840567416, 0.5605141518651758, 0.5626336906665899]"
sampleJointGoalAndSignal_afterNewGoal,session_18_player1,18,7,1,closer_to_player2,9,"[0.5, 0.5034776444337897, 0.5057003083915536, 0.5069426406702908, 0.9967915314753603, 0.999980332056128, 0.9999805425921812, 0.9999769505396093, 0.9999999597907177]"
sampleJointGoalAndSignal_afterNewGoal,session_18_player2,18,7,2,closer_to_player2,9,"[0.5, 0.503106859480356, 0.9998316394605873, 0.9999999229452565, 0.9999999554708383, 0.9999999999735767, 0.9999999999999607, 0.9999999999999999, 1.0]"
sampleJointGoalAndSignal_afterNewGoal,session_18_player1,18,9,1,closer_to_player2,9,"[0.5, 0.5034030953139201, 0.5058695773269096, 0.5070941469171041, 0.5116626379634714, 0.5100325251366483, 0.42983699034415473, 0.6013113521282832, 0.7524219421849476]"
sampleJointGoalAndSignal_afterNewGoal,session_18_player2,18,9,2,closer_to_player2,6,"[0.5, 0.5832697833302684, 0.6542350593178142, 0.7073614911910596, 0.7407554393158194, 0.678376128489105]"
sampleJointGoalAndSignal_afterNewGoal,session_18_player1,18,10,1,equal_to_both,9,"[0.5, 0.5000003208874391, 0.4999923914299527, 0.499892377890477, 0.9996725559230195, 0.9999997348689545, 0.9999997920718491, 0.9999999998455879, 0.999999999999744]"
sampleJointGoalAndSignal_afterNewGoal,session_18_player2,18,10,2,equal_to_both,9,"[0.5, 0.4999987522162526, 0.49999074802280086, 0.49989072968623854, 0.9996725536978648, 0.9999997348670584, 0.9999999995091411, 0.9999999999980281, 0.9999999999988786]"
sampleJointGoalAndSignal_afterNewGoal,session_18_player1,18,11,1,equal_to_both,10,"[0.5, 0.5146134265096552, 0.5166568157170306, 0.9983583381887211, 0.9984278984736886, 0.9990968887818549, 0.9999947548750506, 0.9999999937874977, 0.9999999999854333, 0.9999999999999374]"
sampleJointGoalAndSignal_afterNewGoal,session_18_player2,18,11,2,equal_to_both,10,"[0.5, 0.4999832488455405, 0.49957581768235226, 0.49171511594466505, 0.9994085586992477, 0.9990541146135289, 0.9999994815352865, 0.9999999993859159, 0.99999999999856, 0.9999999999999938]"
sampleJointGoalAndSignal_afterNewGoal,session_19_player1,19,1,1,equal_to_both,10,"[0.5, 0.9938430501278348, 0.9938900109728003, 0.9939175962240027, 0.9999794072947902, 0.9999795764402984, 0.9999802936942618, 0.9999845453299888, 0.9999999885228401, 0.9999999999809721]"
sampleJointGoalAndSignal_afterNewGoal,session_19_player2,19,1,2,equal_to_both,10,"[0.5, 0.993843042858069, 0.9999344032327128, 0.9999355242380923, 0.999999319473089, 0.9999993405296037, 0.9999999929808623, 0.9999999945565781, 0.9999999955774661, 0.999999997484744]"
sampleJointGoalAndSignal_afterNewGoal,session_19_player1,19,2,1,closer_to_player1,4,"[0.5, 0.5613205201732889, 0.6042434663877553, 0.7191728632072811]"
sampleJointGoalAndSignal_afterNewGoal,session_19_player2,19,2,2,closer_to_player1,8,"[0.5, 0.5116826070276949, 0.5081042924977414, 0.38569429087705887, 0.5573483670320976, 0.7160748146997313, 0.8347115389322382, 0.9112347922029508]"
sampleJointGoalAndSignal_afterNewGoal,session_19_player1,19,3,1,closer_to_player2,10,"[0.5, 0.5038575022405534, 0.5063211905714969, 0.5077824437248293, 0.5089635847122617, 0.5158425849182093, 0.5740514206273797, 0.5740514206273797, 0.5775384554323827, 0.5796374647816052]"
sampleJointGoalAndSignal_afterNewGoal,session_19_player2,19,3,2,closer_to_player2,10,"[0.5, 0.5047649356894028, 0.6270860480768131, 0.9996877602357911, 0.9999998438921409, 0.9999999997892194, 0.9999999998946214, 0.9999999999473217, 0.9999999999736687, 0.9999999999869327]"
sampleJointGoalAndSignal_afterNewGoal,session_19_player1,19,4,1,closer_to_player2,9,"[0.5, 0.983224035728164, 0.9836256359874975, 0.9838805915485554, 0.9998299067760347, 0.9999971257298128, 0.9999999244537213, 0.9999999377892234, 0.9999999395904703]"
sampleJointGoalAndSignal_afterNewGoal,session_19_player2,19,4,2,closer_to_player2,9,"[0.5, 0.6226295045132978, 0.9996817556804004, 0.9999998408889008, 0.9999999997851681, 0.9999999999998167, 0.9999999999999997, 1.0, 1.0]"
sampleJointGoalAndSignal_afterNewGoal,session_19_player1,19,5,1,closer_to_player1,9,"[0.5, 0.4952670840772028, 0.4927625298249532, 0.49817587226942933, 0.5473122403331359, 0.9999941914225234, 0.9999932215561184, 0.9999919278979184, 1.0]"
sampleJointGoalAndSignal_afterNewGoal,session_19_player2,19,5,2,closer_to_player1,9,"[0.5, 0.5034056365623615, 0.5056557067205487, 0.5065326911072454, 0.5076803980364228, 0.5139507748636871, 0.48940941491798734, 0.5630797666800607, 0.5632989266590492]"
sampleJointGoalAndSignal_afterNewGoal,session_19_player1,19,6,1,equal_to_both,10,"[0.5, 0.5000012958192304, 0.9966410675833439, 0.9966562083170699, 0.9999887102496774, 0.9999999303829288, 0.9999999992590297, 0.9999999999828009, 0.9999999999916694, 0.9999999999961305]"
sampleJointGoalAndSignal_afterNewGoal,session_19_player2,19,6,2,equal_to_both,10,"[0.5, 0.4999640815205922, 0.49996284235302807, 0.4999548398912338, 0.4998548219117158, 0.9996725066783402, 0.9997077723735008, 0.9999999126591652, 0.9999999999351388, 0.9999999999998924]"
sampleJointGoalAndSignal_afterNewGoal,session_19_player1,19,7,1,equal_to_both,12,"[0.5, 0.50002375033113, 0.5000245976913503, 0.9938492703452668, 0.9999345479967203, 0.9999355681613737, 0.9999993186641016, 0.9999999883669096, 0.9999999888066151, 0.9999999997997486, 0.9999999998426979, 0.9999999999960594]"
sampleJointGoalAndSignal_afterNewGoal,session_19_player2,19,7,2,equal_to_both,12,"[0.5, 0.5000267724389522, 0.5000285381209846, 0.5000286871544958, 0.5000291504148622, 0.5000338445825259, 0.5000664242508206, 0.9997008905832282, 0.9999997776788347, 0.9999999996313718, 0.9999999999987614, 0.9999999999999922]"
sampleJointGoalAndSignal_afterNewGoal,session_19_player1,19,10,1,closer_to_player1,9,"[0.5, 0.9995412645952202, 0.9999994968110735, 0.9999997155146106, 0.9999999995773541, 0.9999999999985889, 0.999999999999987, 0.9999999999999998, 1.0]"
sampleJointGoalAndSignal_afterNewGoal,session_19_player2,19,10,2,closer_to_player1,9,"[0.5, 0.5034011677019792, 0.5053707474059616, 0.9941515323341086, 0.9941188232898404, 0.999973087966495, 0.999963052037475, 0.9999998861102615, 0.9999999993980344]"
sampleJointGoalAndSignal_afterNewGoal,session_19_player1,19,11,1,closer_to_player2,9,"[0.5, 0.5029499626449672, 0.5129997059271907, 0.5202177390716011, 0.5171013396118583, 0.5914417725860646, 0.5118170089401693, 0.6771544108819181, 0.8086658532906729]"
sampleJointGoalAndSignal_afterNewGoal,session_19_player2,19,11,2,closer_to_player2,11,"[0.5, 0.5058803206430704, 0.41745246999807356, 0.5417541932487087, 0.37148488242645955, 0.9997404214086026, 0.9999999528672001, 0.9999999999750109, 0.9999999999875081, 0.9999999999937559, 0.9999999999969013]"
sampleJointGoalAndSignal_afterNewGoal,session_20_player1,20,0,1,equal_to_both,11,"[0.5, 0.4999996751484148, 0.4999995958206679, 0.9966417652287352, 0.9966615688107625, 0.9967224026782476, 0.9969333443580336, 0.9999977143022103, 0.9999999962101018, 0.999999999987267, 0.9999999999999205]"
sampleJointGoalAndSignal_afterNewGoal,session_20_player2,20,0,2,equal_to_both,11,"[0.5, 0.9893247864004723, 0.9998126603687639, 0.9998202852329826, 0.9998233222111741, 0.9998255604047168, 0.99983189404993, 0.9998546239676765, 0.9999997589186593, 0.9999999991900307, 0.9999999999949406]"
sampleJointGoalAndSignal_afterNewGoal,session_20_player1,20,1,1,equal_to_both,6,"[0.5, 0.999651170790126, 0.9999997895172005, 0.9999999997193928, 0.9999999996641303, 0.9999999999997138]"
sampleJointGoalAndSignal_afterNewGoal,session_20_player2,20,1,2,equal_to_both,6,"[0.5, 0.9992679303185004, 0.9997881691524676, 0.999999839282512, 0.9999999999045559, 0.9999999999999155]"
sampleJointGoalAndSignal_afterNewGoal,session_20_player1,20,2,1,closer_to_player1,14,"[0.5, 0.5092368751306766, 0.9989370906142012, 0.9993984833050168, 0.9999977262426103, 0.9999999946130499, 0.9999999999747328, 0.9999999999997813, 0.9999999999999952, 0.9999999999999999, 1.0, 0.9999999999922398, 0.9999999999998798, 0.9999999999999964]"
sampleJointGoalAndSignal_afterNewGoal,session_20_player2,20,2,2,closer_to_player1,9,"[0.5, 0.5030311314870644, 0.9899923915165062, 0.9998319904230356, 0.9998337476542329, 0.9999979048177855, 0.9999971811561624, 0.9999999760237351, 0.9999999996865356]"
sampleJointGoalAndSignal_afterNewGoal,session_20_player1,20,3,1,closer_to_player2,9,"[0.5, 0.5175657158764326, 0.6496996024300551, 0.49629018962675114, 0.9821028605155097, 0.999494880766649, 0.9996795950701641, 0.9997942166566937, 0.9998670656093817]"
sampleJointGoalAndSignal_afterNewGoal,session_20_player2,20,3,2,closer_to_player2,9,"[0.5, 0.9996537651309406, 0.9996639884390347, 0.9999998830330938, 0.9999999162513395, 0.9999999389156045, 0.9999999688347676, 0.9999999999957228, 0.9999999999999993]"
sampleJointGoalAndSignal_afterNewGoal,session_20_player1,20,5,1,equal_to_both,11,"[0.5, 0.499947750112285, 0.9938417602402353, 0.9938887396341569, 0.9999621093819783, 0.9999624993004571, 0.9999628073227943, 0.9999641134698433, 0.999971855891044, 0.999999979098969, 0.9999999999653484]"
sampleJointGoalAndSignal_afterNewGoal,session_20_player2,20,5,2,equal_to_both,11,"[0.5, 0.9893313168289986, 0.9895327191861879, 0.9896122215463108, 0.9999353178183867, 0.9999993172942372, 0.9999999882110178, 0.9999999995393994, 0.9999999997788581, 0.999999999892888, 0.999999999950247]"
sampleJointGoalAndSignal_afterNewGoal,session_20_player1,20,7,1,closer_to_player1,9,"[0.5, 0.9995485568822671, 0.9999994775294276, 0.9999999990825627, 0.9999999999969156, 0.9999999999999812, 0.9999999999999998, 1.0, 1.0]"
sampleJointGoalAndSignal_afterNewGoal,session_20_player2,20,7,2,closer_to_player1,7,"[0.5, 0.9956797785006841, 0.9929422418583459, 0.9999781442114055, 0.9999998848914493, 0.9999999990210495, 0.9999999999870622]"
sampleJointGoalAndSignal_afterNewGoal,session_20_player1,20,8,1,closer_to_player1,8,"[0.5, 0.9999335136872979, 0.9999999858125301, 0.999999999978878, 0.9999999999999751, 1.0, 1.0, 1.0]"
sampleJointGoalAndSignal_afterNewGoal,session_20_player2,20,8,2,closer_to_player1,8,"[0.5, 0.4217665292086288, 0.33756900882874985, 0.17805859574139024, 0.4350753653955531, 0.9946403969146264, 0.999986022327413, 0.999999954694613]"
sampleJointGoalAndSignal_afterNewGoal,session_20_player1,20,9,1,closer_to_player2,10,"[0.5, 0.5035278621739877, 0.5057097432739877, 0.5071718599724442, 0.5083533768205218, 0.5025392302287816, 0.5088976833148761, 0.5918876125341372, 0.5918876125341374, 0.5939654506804096]"
sampleJointGoalAndSignal_afterNewGoal,session_20_player2,20,9,2,closer_to_player2,9,"[0.5, 0.4167302166697316, 0.5231716840439723, 0.9998601494799184, 0.9999999746097813, 0.9999999999865384, 0.9999999999932707, 0.9999999999966364, 0.9999999999983308]"
sampleJointGoalAndSignal_afterNewGoal,session_20_player1,20,11,1,closer_to_player2,9,"[0.5, 0.5038937773578644, 0.989712706733923, 0.9898808817290792, 0.9898300750586684, 0.9845722187139323, 0.9999727457468207, 0.9999999127035646, 0.999999999517618]"
sampleJointGoalAndSignal_afterNewGoal,session_20_player2,20,11,2,closer_to_player2,11,"[0.5, 0.49801890498348705, 0.5026890393843528, 0.9995469028894243, 0.9997374965280446, 0.9999995930475436, 0.9999999992026918, 0.9999999999993009, 0.9999999999999988, 1.0, 1.0]"
sampleJointGoalAndSignal_afterNewGoal,session_21_player1,21,0,1,closer_to_player1,9,"[0.5, 0.6230033983774278, 0.9996828855898552, 0.9999998547245098, 0.9999999998305799, 0.999999999999703, 0.999999999999999, 1.0, 1.0]"
sampleJointGoalAndSignal_afterNewGoal,session_21_player2,21,0,2,closer_to_player1,9,"[0.5, 0.6312691127566173, 0.9727264741397298, 0.9630369246764595, 0.9483901904041501, 0.999614458528684, 0.9994468668479778, 0.9999982061173172, 0.999999990048623]"
sampleJointGoalAndSignal_afterNewGoal,session_21_player1,21,3,1,closer_to_player2,9,"[0.5, 0.4216031505202959, 0.3425026757436165, 0.48501778911227966, 0.9831756664476895, 0.9761723060859664, 0.9540649624483751, 0.9999373522307168, 0.999999884768914]"
sampleJointGoalAndSignal_afterNewGoal,session_21_player2,21,3,2,closer_to_player2,9,"[0.5, 0.9996543936880697, 0.9999997091817191, 0.9999998020683674, 0.9999999996413707, 0.9999999998985952, 0.9999999999998087, 0.9999999999999998, 1.0]"
sampleJointGoalAndSignal_afterNewGoal,session_21_player1,21,5,1,closer_to_player1,6,"[0.5, 0.5015800643257172, 0.4961279084225208, 0.49071505861980913, 0.5330627960799712, 0.6316417772249936]"
sampleJointGoalAndSignal_afterNewGoal,session_21_player2,21,5,2,closer_to_player1,9,"[0.5, 0.5044483630184137, 0.5113487228672179, 0.5133306134678784, 0.5194182704848285, 0.5226254793292198, 0.5241448372389911, 0.5247732870833864, 0.524995452551396]"
sampleJointGoalAndSignal_afterNewGoal,session_21_player1,21,7,1,closer_to_player2,9,"[0.5, 0.5035101256895487, 0.5051564962013014, 0.507021494425762, 0.5140758012363282, 0.5509019217733544, 0.5564471143705805, 0.5599677952421556, 0.5620879103903637]"
sampleJointGoalAndSignal_afterNewGoal,session_21_player2,21,7,2,closer_to_player2,11,"[0.5, 0.5059831138469344, 0.6379342012092725, 0.9991384608335784, 0.9988126696236588, 0.9999994058607026, 0.9999999991977782, 0.9999999995989338, 0.9999999997995084, 0.9999999998997844, 0.9999999999502662]"
sampleJointGoalAndSignal_afterNewGoal,session_21_player1,21,11,1,closer_to_player2,9,"[0.5, 0.9823403298872637, 0.9826179238272252, 0.982817847119814, 0.982675061984947, 0.9736922281881865, 0.9999545359663918, 0.9999998599489917, 0.9999999992431824]"
sampleJointGoalAndSignal_afterNewGoal,session_21_player2,21,11,2,closer_to_player2,8,"[0.5, 0.9998683743234973, 0.9999999552969969, 0.999999999964386, 0.9999999999999398, 0.9999999999999998, 1.0, 1.0]"
sampleJointGoalAndSignal_afterNewGoal,session_22_player1,22,3,1,equal_to_both,12,"[0.5, 0.9811855241947887, 0.9994521570018309, 0.9995555495929384, 0.9995755253215051, 0.9995831453868538, 0.9995887646746554, 0.9999973637649016, 0.9999999706459185, 0.9999999787280599, 0.9999999995967394, 0.999999999883703]"
sampleJointGoalAndSignal_afterNewGoal,session_22_player2,22,3,2,equal_to_both,12,"[0.5, 0.9828662095789774, 0.9831941133609436, 0.9997073446855449, 0.999714213022545, 0.999995130080527, 0.9999952552249771, 0.9999999192598052, 0.9999999978729359, 0.9999999998694588, 0.999999999939581, 0.9999999999720215]"
sampleJointGoalAndSignal_afterNewGoal,session_22_player1,22,5,1,equal_to_both,11,"[0.5, 0.499947750112285, 0.9938417602402353, 0.999934389459442, 0.9999988795566146, 0.999998933133375, 0.9999999815773263, 0.9999999992802209, 0.9999999996544221, 0.9999999998326163, 0.9999999999222511]"
sampleJointGoalAndSignal_afterNewGoal,session_22_player2,22,5,2,equal_to_both,11,"[0.5, 0.9893313168289986, 0.9998127766909037, 0.9998200158561521, 0.9999969260308166, 0.9999999180844499, 0.9999999950271599, 0.9999999976540035, 0.9999999988736484, 0.999999999454442, 0.9999999997465907]"
sampleJointGoalAndSignal_afterNewGoal,session_22_player1,22,6,1,closer_to_player2,9,"[0.5, 0.5034360322722256, 0.5059064184943556, 0.507371768862598, 0.5077379111808857, 0.5060382549311688, 0.4248015790774235, 0.596361370640749, 0.7484397091810813]"
sampleJointGoalAndSignal_afterNewGoal,session_22_player2,22,6,2,closer_to_player2,7,"[0.5, 0.5811732627368938, 0.9999732912085653, 0.9999660808020032, 0.9999604179401647, 0.9999999998795147, 0.9999999998988243]"
sampleJointGoalAndSignal_afterNewGoal,session_22_player1,22,7,1,closer_to_player1,9,"[0.5, 0.6226185280922694, 0.9996817543342025, 0.9995660790459413, 0.9994231273695638, 0.9992691373845902, 0.9991499604782375, 0.9999999974395093, 0.999999997863417]"
sampleJointGoalAndSignal_afterNewGoal,session_22_player2,22,7,2,closer_to_player1,9,"[0.5, 0.5034379190182381, 0.5059016476516383, 0.5073629342665338, 0.5076974374095885, 0.5101029468008362, 0.504279774885149, 0.45606130615559426, 0.6281830565292114]"
sampleJointGoalAndSignal_afterNewGoal,session_22_player1,22,8,1,closer_to_player2,9,"[0.5, 0.49038844631113393, 0.4803896948274608, 0.470564022069017, 0.9961383399864527, 0.9961233876997745, 0.9999897736951998, 0.9999999460765815, 0.9999999994204228]"
sampleJointGoalAndSignal_afterNewGoal,session_22_player2,22,8,2,closer_to_player2,7,"[0.5, 0.9999434636454471, 0.9999999925803713, 0.9999999999974355, 0.9999999999999984, 1.0, 1.0]"
sampleJointGoalAndSignal_afterNewGoal,session_22_player1,22,11,1,closer_to_player1,9,"[0.5, 0.474913660339243, 0.4945307022691344, 0.5765157681982573, 0.9999729613563975, 0.9999999984421946, 0.9999999987706285, 0.999999998943126, 0.9999999999999836]"
sampleJointGoalAndSignal_afterNewGoal,session_22_player2,22,11,2,closer_to_player1,9,"[0.5, 0.5030325019970279, 0.4971521212061543, 0.36497836418241414, 0.5347542667946015, 0.6968839442240675, 0.8213995710772619, 0.9019700037155374, 0.948824315390256]"
sampleJointGoalAndSignal_afterNewGoal,session_23_player1,23,0,1,equal_to_both,12,"[0.5, 0.9829793381277376, 0.983251285346578, 0.9997086112930705, 0.9997152535397106, 0.9997196709400402, 0.9999970350475984, 0.9999970965263266, 0.9999972535671312, 0.9999978537184104, 0.9999999927890497, 0.9999999999549567]"
sampleJointGoalAndSignal_afterNewGoal,session_23_player2,23,0,2,equal_to_both,12,"[0.5, 0.5001368753073085, 0.9893305671510015, 0.9895438670193472, 0.9896266106567371, 0.9999353333767417, 0.9999993160621524, 0.9999999883203069, 0.9999999887638409, 0.9999999895661308, 0.9999999928515134, 0.9999999999553468]"
sampleJointGoalAndSignal_afterNewGoal,session_23_player1,23,1,1,closer_to_player1,8,"[0.5, 0.9999629248834212, 0.999999997938681, 0.999999999999637, 0.9999999999999999, 1.0, 1.0, 1.0]"
sampleJointGoalAndSignal_afterNewGoal,session_23_player2,23,1,2,closer_to_player1,6,"[0.5, 0.9889879050938937, 0.989199175728003, 0.9892730898637817, 0.9871920698731116, 0.9999781541279892]"
sampleJointGoalAndSignal_afterNewGoal,session_23_player1,23,2,1,closer_to_player1,6,"[0.5, 0.5832718772650474, 0.6542383987423319, 0.7073651417583301, 0.665809219251604, 0.8005811259763567]"
sampleJointGoalAndSignal_afterNewGoal,session_23_player2,23,2,2,closer_to_player1,12,"[0.5, 0.5035101249760182, 0.5063342600163842, 0.5134836336638283, 0.5329937223893417, 0.541354508704957, 0.5469206338093051, 0.5504558416986854, 0.5525851684784231, 1.169490935605012e-29, 1.8169948443634403e-29, 1.8169948443634403e-29]"
sampleJointGoalAndSignal_afterNewGoal,session_23_player1,23,4,1,closer_to_player2,9,"[0.5, 0.503438272230645, 0.5054183457739818, 0.5007330135631449, 0.5839821737634703, 0.47755983157943355, 0.6464642565555638, 0.7853265616304197, 0.8805470644485544]"
sampleJointGoalAndSignal_afterNewGoal,session_23_player2,23,4,2,closer_to_player2,11,"[0.5, 0.5059831138446604, 0.41754966984122754, 0.5418606186449862, 0.3715850711486294, 0.9997405330264, 0.999999952887519, 0.9999999645673032, 0.9999999720371575, 0.9999999999985014, 0.9999999999992564]"
sampleJointGoalAndSignal_afterNewGoal,session_23_player1,23,5,1,equal_to_both,12,"[0.5, 0.49951376275031273, 0.49946151291732066, 0.4994602828569109, 0.9966336382012424, 0.9966488792292246, 0.9999886853662151, 0.9999887783044936, 0.9999999612528182, 0.9999999632320361, 0.9999999998522936, 0.9999999999159941]"
sampleJointGoalAndSignal_afterNewGoal,session_23_player2,23,5,2,equal_to_both,12,"[0.5, 0.981369969943322, 0.9828277790356714, 0.9831498634899607, 0.983277026386475, 0.9998952033933551, 0.9999988938516683, 0.9999989280775291, 0.9999999885908837, 0.999999999735175, 0.9999999998717297, 0.9999999999404191]"
sampleJointGoalAndSignal_afterNewGoal,session_23_player1,23,6,1,closer_to_player1,9,"[0.5, 0.49883753083286725, 0.5040954763332881, 0.4981795198251174, 0.5408061870418913, 0.6116584720428193, 1.0, 1.0, 1.0]"
sampleJointGoalAndSignal_afterNewGoal,session_23_player2,23,6,2,closer_to_player1,9,"[0.5, 0.5033991647714974, 0.5058729101574809, 0.507090463992065, 0.5117532522347359, 0.5100540557621106, 0.5714317789490249, 0.5226310262194319, 0.6879530921878597]"
sampleJointGoalAndSignal_afterNewGoal,session_23_player1,23,9,1,closer_to_player2,11,"[0.5, 0.9831363607151631, 0.9836298147473997, 0.9838996816668298, 0.9840613847073318, 0.5690283656342491, 0.571542327111791, 0.9954384520383454, 0.9954863800139944, 0.9946448497711856, 0.9999908996055635]"
sampleJointGoalAndSignal_afterNewGoal,session_23_player2,23,9,2,closer_to_player2,11,"[0.5, 0.5031223225922457, 0.9998314871171441, 0.9999999228053563, 0.9999999999138653, 0.9999999999640664, 0.9999999999999178, 0.9999999961079017, 0.9999999999911092, 0.9999999999999585, 0.9999999999999999]"
sampleJointGoalAndSignal_afterNewGoal,session_23_player1,23,11,1,closer_to_player2,9,"[0.5, 0.6328873883796966, 0.47611558695598, 0.9688069279959771, 0.9994693391294495, 0.9999897106510505, 0.9999993931297843, 0.9999996677826779, 0.9999998132624877]"
sampleJointGoalAndSignal_afterNewGoal,session_23_player2,23,11,2,closer_to_player2,9,"[0.5, 0.9996544133590523, 0.999672743943517, 0.9998067521255776, 0.9999999581516884, 0.9999999999615375, 0.9999999999999274, 0.9999999999999999, 1.0]"
sampleJointGoalAndSignal_afterNewGoal,session_24_player1,24,0,1,closer_to_player2,9,"[0.5, 0.5044895968355841, 0.5197636446734849, 0.6555808482417086, 0.4966024170029157, 0.9909448455580895, 0.9998745115113341, 0.9999193880504146, 0.9999479132640298]"
sampleJointGoalAndSignal_afterNewGoal,session_24_player2,24,0,2,closer_to_player2,9,"[0.5, 0.49607240295738575, 0.999866294321593, 0.9999999535297839, 0.9999999999388164, 0.9999999999694714, 0.9999999999851131, 0.9999999999955085, 0.9999999999999988]"
sampleJointGoalAndSignal_afterNewGoal,session_24_player1,24,1,1,equal_to_both,9,"[0.5, 0.5000767954939858, 0.5003224533981259, 0.5062449828718201, 0.6254752938790932, 0.9999056393195298, 0.9999998020257926, 0.9999999998916506, 0.9999999999998717]"
sampleJointGoalAndSignal_afterNewGoal,session_24_player2,24,1,2,equal_to_both,9,"[0.5, 0.4999849255655025, 0.49973494534892254, 0.4937058715510206, 0.9997475663695582, 0.9999998481987059, 0.999999796409086, 0.9999999998885767, 0.999999999999868]"
sampleJointGoalAndSignal_afterNewGoal,session_24_player1,24,3,1,closer_to_player2,9,"[0.5, 0.5038575022405534, 0.5058374777703377, 0.5011521851988109, 0.5843894636648749, 0.6552767020119241, 0.7083144211796829, 0.6668301246231061, 0.8013131908693396]"
sampleJointGoalAndSignal_afterNewGoal,session_24_player2,24,3,2,closer_to_player2,6,"[0.5, 0.5046253202432086, 0.5070471440939203, 0.5134104547508581, 0.5962474562902514, 0.5983182432937995]"
sampleJointGoalAndSignal_afterNewGoal,session_24_player1,24,4,1,closer_to_player1,6,"[0.5, 0.5167346820833564, 0.5621982461978015, 0.5722274796748829, 0.5757262979555913, 0.5778277614444712]"
sampleJointGoalAndSignal_afterNewGoal,session_24_player2,24,4,2,closer_to_player1,9,"[0.5, 0.5028347459105197, 0.50448115225101, 0.5053116486079599, 0.5064929559237487, 0.5006785973504132, 0.49485433677515145, 0.446724944110856, 0.6193351117077606]"
sampleJointGoalAndSignal_afterNewGoal,session_24_player1,24,7,1,closer_to_player1,9,"[0.5, 0.9996541105106307, 0.9999997239561167, 0.9999999995294838, 0.9999999999984189, 0.9999999999999903, 1.0, 1.0, 1.0]"
sampleJointGoalAndSignal_afterNewGoal,session_24_player2,24,7,2,closer_to_player1,9,"[0.5, 0.9822384766231033, 0.9825658263258525, 0.9997038503860904, 0.9997068714386192, 0.9999963042247959, 0.9999950275760081, 0.9999999576523879, 0.9999999994357964]"
sampleJointGoalAndSignal_afterNewGoal,session_24_player1,24,9,1,closer_to_player2,9,"[0.5, 0.5029797417321005, 0.4970687480004163, 0.3648701957743917, 0.9970796894814868, 0.9999909865174449, 0.9999999524919856, 0.9999999995958628, 0.9999999999946898]"
sampleJointGoalAndSignal_afterNewGoal,session_24_player2,24,9,2,closer_to_player2,9,"[0.5, 0.9995412822962508, 0.9999994968590991, 0.9999999988069088, 0.9999999999939067, 0.999999999999961, 0.9999999999999996, 1.0, 1.0]"
sampleJointGoalAndSignal_afterNewGoal,session_24_player1,24,10,1,equal_to_both,10,"[0.5, 0.9938486648524517, 0.9999345463921252, 0.9999988838786847, 0.999998935849004, 0.9999989686994399, 0.9999989895260873, 0.999999041141175, 0.999999996148013, 0.9999999978092347]"
sampleJointGoalAndSignal_afterNewGoal,session_24_player2,24,10,2,equal_to_both,10,"[0.5, 0.49996403600488265, 0.49996278822114193, 0.9982961449914785, 0.9999942560002634, 0.9999999645750823, 0.9999999652935039, 0.9999999670664765, 0.9999999998676974, 0.9999999999247547]"
sampleJointGoalAndSignal_afterNewGoal,session_24_player1,24,11,1,equal_to_both,10,"[0.5, 0.9930902290730411, 0.9939338609971393, 0.9999613279265475, 0.9999627579858307, 0.9999997605840145, 0.9999997773391459, 0.9999998740570124, 0.9999999975392891, 0.9999999999894272]"
sampleJointGoalAndSignal_afterNewGoal,session_24_player2,24,11,2,equal_to_both,10,"[0.5, 0.4999832488455405, 0.9966462213144569, 0.9999792850188859, 0.9999794812257266, 0.9999793328221191, 0.9999999467362685, 0.9999999997325985, 0.9999999996999538, 0.9999999999987108]"
sampleJointGoalAndSignal_afterNewGoal,session_25_player1,25,0,1,closer_to_player1,9,"[0.5, 0.4167302166697656, 0.5231716840439885, 0.3542061729558999, 0.9999328640764878, 0.9999999961300441, 0.9999999969459009, 0.999999997374404, 0.9999999978090903]"
sampleJointGoalAndSignal_afterNewGoal,session_25_player2,25,0,2,closer_to_player1,9,"[0.5, 0.5035278621744455, 0.5058066748074604, 0.5076840803175087, 0.5025412991583148, 0.49672646573718876, 0.4909029761472729, 0.5326790443984339, 0.4569377695430415]"
sampleJointGoalAndSignal_afterNewGoal,session_25_player1,25,1,1,closer_to_player1,11,"[0.5, 0.9982791714329688, 0.9999941702071535, 0.9999999639801592, 0.9999999996188613, 0.9999999999933536, 0.999999999999722, 0.9999999999998666, 0.999999999999935, 0.9999999999999682, 0.999999999999985]"
sampleJointGoalAndSignal_afterNewGoal,session_25_player2,25,1,2,closer_to_player1,9,"[0.5, 0.9829434469324401, 0.9840728787750069, 0.9846777621272044, 0.985047070424913, 0.9852684809834814, 0.9858796927013291, 0.9903730491712, 0.9999927812010398]"
sampleJointGoalAndSignal_afterNewGoal,session_25_player1,25,2,1,equal_to_both,16,"[0.5, 0.9828669665797526, 0.9831940153512386, 0.9833779844921452, 0.983495492834574, 0.983553258093826, 0.9832283812164614, 0.9999785695501054, 0.9999684327603037, 0.595222355021038, 0.9996277399008991, 0.9999995589194495, 0.9999999989657788, 0.9999985899298595, 0.9999984177886847, 0.9999999932017417]"
sampleJointGoalAndSignal_afterNewGoal,session_25_player2,25,2,2,equal_to_both,12,"[0.5, 0.5120843531296537, 0.9897771539895811, 0.9900337195408209, 0.9998933315428926, 0.9999981765495913, 0.9999982690615444, 0.9999999698756388, 0.9999999986260806, 0.9999999993612266, 0.9999999997115839, 0.9999999999168232]"
sampleJointGoalAndSignal_afterNewGoal,session_25_player1,25,3,1,equal_to_both,12,"[0.5, 0.9827981835505919, 0.9995348038268135, 0.9995579054193391, 0.9995685209367104, 0.9995752442569149, 0.9995805901263141, 0.9999973522447093, 0.9999999710087498, 0.9999999730784827, 0.9999999996612281, 0.9999999998027539]"
sampleJointGoalAndSignal_afterNewGoal,session_25_player2,25,3,2,equal_to_both,12,"[0.5, 0.9827983842544424, 0.9832194077739325, 0.9997076469096655, 0.999992362964798, 0.999992660869186, 0.9999928516957989, 0.9999929999593008, 0.9999933785724356, 0.999999955492541, 0.9999999695068746, 0.9999999998095243]"
sampleJointGoalAndSignal_afterNewGoal,session_25_player1,25,5,1,closer_to_player2,9,"[0.5, 0.502881670157602, 0.5056461712894373, 0.5121035769547658, 0.5078377638694477, 0.5368032907856886, 0.5383173868501945, 0.5389435838087653, 0.5391649421504805]"
sampleJointGoalAndSignal_afterNewGoal,session_25_player2,25,5,2,closer_to_player2,7,"[0.5, 0.5027317210816827, 0.5043110299084348, 0.49885953843558106, 0.5047819868725082, 0.578149898830715, 0.5783672839370821]"
sampleJointGoalAndSignal_afterNewGoal,session_25_player1,25,6,1,closer_to_player1,7,"[0.5, 0.9999430861573233, 0.9999999838918071, 0.9999999951317713, 0.9999999999987247, 0.9999999999999997, 1.0]"
sampleJointGoalAndSignal_afterNewGoal,session_25_player2,25,6,2,closer_to_player1,7,"[0.5, 0.9905148264021156, 0.9998913053982772, 0.9999192645550001, 0.9999364381978678, 0.9999995153406516, 0.9999997568830246]"
sampleJointGoalAndSignal_afterNewGoal,session_25_player1,25,9,1,closer_to_player2,8,"[0.5, 0.6686152391063699, 0.8022815365635025, 0.8906081996442629, 0.9422842170635258, 0.12339612654211662, 0.14497137575956784, 0.10616690195706653]"
sampleJointGoalAndSignal_afterNewGoal,session_25_player1,25,10,1,equal_to_both,8,"[0.5, 0.9982962874551162, 0.9982998747340124, 0.99827508228279, 0.9999989823914511, 0.9999985916115703, 0.9999999994274961, 0.9999999999994983]"
sampleJointGoalAndSignal_afterNewGoal,session_25_player2,25,10,2,equal_to_both,8,"[0.5, 0.5028864293073576, 0.509151481050776, 0.6318993643789667, 0.9998767707904402, 0.9999999263786443, 0.9999999997597309, 0.9999999999993737]"
sampleJointGoalAndSignal_afterNewGoal,session_25_player1,25,11,1,closer_to_player2,12,"[0.5, 0.5791102860428866, 0.6653367013607047, 0.9990262137130996, 0.9997190971488671, 0.9999994647213423, 0.9999999993028419, 0.9999999999987775, 0.9999999999999962, 1.0, 1.0, 1.0]"
sampleJointGoalAndSignal_afterNewGoal,session_25_player2,25,11,2,closer_to_player2,6,"[0.5, 0.9967026903942796, 0.9999794956000074, 0.9999998310625908, 0.999999997536701, 0.9999999999352034]"
sampleJointGoalAndSignal_afterNewGoal,session_26_player1,26,0,1,closer_to_player1,9,"[0.5, 0.4992370556432752, 0.5003780717516214, 0.5743648681732177, 0.9999548392297237, 0.9999999987460745, 0.9999999999998932, 1.0, 1.0]"
sampleJointGoalAndSignal_afterNewGoal,session_26_player2,26,0,2,closer_to_player1,10,"[0.5, 0.5227159761087219, 0.526511674415407, 0.9944848586380546, 0.9946277454563416, 0.9999661848834719, 0.9999993708303392, 0.9999993708303392, 0.999999679761646, 0.999999839397715]"
sampleJointGoalAndSignal_afterNewGoal,session_26_player1,26,1,1,closer_to_player1,9,"[0.5, 0.4163625609482791, 0.5238141301711801, 0.35480238819824333, 0.9999326054540818, 0.9999999961083006, 0.999999996935671, 0.9999999973741218, 0.9999999977949557]"
sampleJointGoalAndSignal_afterNewGoal,session_26_player2,26,1,2,closer_to_player1,9,"[0.5, 0.5034548848790169, 0.5057049513591866, 0.5075200543557399, 0.5029774303153656, 0.5092498043028417, 0.5584248128625185, 0.5590460771572018, 0.5592656767619795]"
sampleJointGoalAndSignal_afterNewGoal,session_26_player1,26,2,1,closer_to_player2,9,"[0.5, 0.5034379190777482, 0.505417925431882, 0.5126370208949915, 0.5172030033174179, 0.5196060151789956, 0.5137881325100809, 0.5553871218271793, 0.6599512117203113]"
sampleJointGoalAndSignal_afterNewGoal,session_26_player2,26,2,2,closer_to_player2,6,"[0.5, 0.4968327662347534, 0.5717105876648675, 0.630353304892872, 0.5842883104541864, 0.7390509712132495]"
sampleJointGoalAndSignal_afterNewGoal,session_26_player1,26,3,1,closer_to_player2,9,"[0.5, 0.5028347455545744, 0.5056589502855007, 0.5128086913971679, 0.5323211850841325, 0.540683636198837, 0.5462510790722559, 0.5497872108356241, 0.5519171266638009]"
sampleJointGoalAndSignal_afterNewGoal,session_26_player2,26,3,2,closer_to_player2,9,"[0.5, 0.5031672337653078, 0.42828941233519063, 0.5084553162839366, 0.34082412870215756, 0.9999865327712858, 0.9999999997895779, 0.9999999999999887, 0.9999999999999944]"
sampleJointGoalAndSignal_afterNewGoal,session_26_player1,26,6,1,equal_to_both,6,"[0.5, 0.499138615884962, 0.999893020085805, 0.9999999680318232, 0.9999999999762597, 0.9999999999999606]"
sampleJointGoalAndSignal_afterNewGoal,session_26_player2,26,6,2,equal_to_both,6,"[0.5, 0.9996726967403257, 0.9997079419748862, 0.9999999127098703, 0.9999999999351764, 0.9999999999998925]"
sampleJointGoalAndSignal_afterNewGoal,session_26_player1,26,7,1,closer_to_player2,9,"[0.5, 0.5045001650974681, 0.5021904638671641, 0.4982587830024462, 0.49312057484309374, 0.4873081634238014, 0.48148945775104957, 0.4335443119267419, 0.6066457556934944]"
sampleJointGoalAndSignal_afterNewGoal,session_26_player2,26,7,2,closer_to_player2,8,"[0.5, 0.9994750543987758, 0.9999997374915863, 0.9999998074940126, 0.999999855218694, 0.999999999973692, 0.99999999998685, 0.999999999993474]"
sampleJointGoalAndSignal_afterNewGoal,session_26_player1,26,10,1,equal_to_both,9,"[0.5, 0.996635458812193, 0.9999791981037136, 0.9999997804903092, 0.9999999962077504, 0.9999999998501568, 0.9999999999278613, 0.9999999999648542, 0.9999999999827299]"
sampleJointGoalAndSignal_afterNewGoal,session_26_player2,26,10,2,equal_to_both,9,"[0.5, 0.5342485351531802, 0.5371202862121054, 0.9992976421889597, 0.9993312686557273, 0.9999992623662161, 0.9999996697883611, 0.9999999994174618, 0.9999999999975774]"
sampleJointGoalAndSignal_afterNewGoal,session_26_player1,26,11,1,closer_to_player1,9,"[0.5, 0.9995428479889613, 0.9999994495884542, 0.9999999990283456, 0.9999999999967796, 0.9999999999999803, 0.9999999999999998, 1.0, 1.0]"
sampleJointGoalAndSignal_afterNewGoal,session_26_player2,26,11,2,closer_to_player1,9,"[0.5, 0.5029865495621082, 0.9899892721686308, 0.9899120154465988, 0.9999230105703614, 0.9999990298022732, 0.9999999802262761, 0.9999999993475318, 0.9999999993839741]"
sampleJointGoalAndSignal_afterNewGoal,session_27_player1,27,1,1,closer_to_player2,9,"[0.5, 0.504100598761537, 0.5065311805600388, 0.5079531078385685, 0.9967555551114912, 0.9967963795431424, 0.9999892039633144, 0.9999999205179554, 0.9999999606482239]"
sampleJointGoalAndSignal_afterNewGoal,session_27_player2,27,1,2,closer_to_player2,9,"[0.5, 0.9996592388402534, 0.9996594405440845, 0.9999998826657733, 0.9999998871482089, 0.9999999999480205, 0.9999999999762104, 0.9999999999999831, 1.0]"
sampleJointGoalAndSignal_afterNewGoal,session_27_player1,27,3,1,closer_to_player1,7,"[0.5, 0.9999551049635672, 0.9999999940051226, 0.999999999996828, 0.9999999999984526, 0.9999999999995316, 0.9999999999999999]"
sampleJointGoalAndSignal_afterNewGoal,session_27_player2,27,3,2,closer_to_player1,9,"[0.5, 0.502986328371102, 0.49707569769128795, 0.5854525548807245, 0.4608023611457348, 0.6313641209858795, 0.7783145405055307, 0.9206252404165045, 0.9999762540314261]"
sampleJointGoalAndSignal_afterNewGoal,session_27_player1,27,4,1,closer_to_player2,10,"[0.5, 0.5185036283260329, 0.5299651838103295, 0.5302678596719195, 0.5496951242500401, 0.5496951242500402, 0.558004861671647, 0.563531836572803, 0.5670400378072308, 0.569152295844098]"
sampleJointGoalAndSignal_afterNewGoal,session_27_player2,27,4,2,closer_to_player2,9,"[0.5, 0.6226181213586941, 0.45200264549466196, 0.9998139784583444, 0.9999999662257876, 0.9999999999820934, 0.9999999999910486, 0.9999999999955256, 0.9999999999977796]"
sampleJointGoalAndSignal_afterNewGoal,session_27_player1,27,8,1,equal_to_both,9,"[0.5, 0.5000003208734043, 0.4999923913010309, 0.4998923769428795, 0.4990309861839506, 0.9998929740238077, 0.9999999680180572, 0.9999999999762494, 0.9999999999999606]"
sampleJointGoalAndSignal_afterNewGoal,session_27_player2,27,8,2,equal_to_both,9,"[0.5, 0.5000012016203227, 0.4999937258031258, 0.9992062241204803, 0.9992203095645201, 0.9999993683999193, 0.999999998830675, 0.9999999999953024, 0.9999999999999598]"
sampleJointGoalAndSignal_afterNewGoal,session_27_player1,27,9,1,closer_to_player1,9,"[0.5, 0.999520689280285, 0.9999996108703743, 0.9999999993197703, 0.9999999999976412, 0.999999999999985, 0.9999999999999999, 1.0, 1.0]"
sampleJointGoalAndSignal_afterNewGoal,session_27_player2,27,9,2,closer_to_player1,9,"[0.5, 0.502982346273135, 0.989997230546011, 0.9998321917216999, 0.99983394398321, 0.9997489205423689, 0.9999986773681662, 0.9999999887567507, 0.9999999998523496]"
sampleJointGoalAndSignal_afterNewGoal,session_27_player1,27,10,1,closer_to_player1,8,"[0.5, 0.999820868366699, 0.999999939777658, 0.9999999999517842, 0.9999999999999161, 0.9999999999999997, 1.0, 1.0]"
sampleJointGoalAndSignal_afterNewGoal,session_27_player2,27,10,2,closer_to_player1,8,"[0.5, 0.5019393945548007, 0.9940707921521088, 0.9940376096159028, 0.9999727156267165, 0.9999625363583697, 0.9999998847615301, 0.99999999939254]"
sampleJointGoalAndSignal_afterNewGoal,session_27_player1,27,11,1,closer_to_player2,10,"[0.5, 0.5057453135017725, 0.5100100214475649, 0.5224707557099234, 0.4430546511662774, 0.5699257197172152, 0.460847648804747, 0.9956377289163278, 0.9956377289163278, 0.9964316405175496]"
sampleJointGoalAndSignal_afterNewGoal,session_27_player2,27,11,2,closer_to_player2,7,"[0.5, 0.4386377068953737, 0.9999799553002957, 0.9999800882415244, 0.9999831905601432, 0.9999999999410837, 0.9999999999999989]"
sampleJointGoalAndSignal_afterNewGoal,session_28_player1,28,1,1,closer_to_player1,5,"[0.5, 0.9999929311390139, 0.9999999999136355, 0.9999999999999958, 1.0]"
sampleJointGoalAndSignal_afterNewGoal,session_28_player2,28,1,2,closer_to_player1,11,"[0.5, 0.5029771416801061, 0.5131453931430889, 0.5077603999346011, 0.3834890466254814, 0.5548837904207058, 0.718758233880438, 6.787232085276366e-05, 0.00013357205478983374, 0.5037705585413785, 0.9998190359106075]"
sampleJointGoalAndSignal_afterNewGoal,session_28_player1,28,2,1,equal_to_both,10,"[0.5, 0.9938491074009879, 0.9999345546024196, 0.9999355602562516, 0.9999361706828676, 0.9999996123227547, 0.9999999959301472, 0.9999999960160958, 0.9999999999621434, 0.9999999999992716]"
sampleJointGoalAndSignal_afterNewGoal,session_28_player2,28,2,2,equal_to_both,10,"[0.5, 0.9938385532450135, 0.9999343042082582, 0.9999354839787101, 0.9999993170190907, 0.9999999881137642, 0.9999999994578896, 0.9999999997479578, 0.9999999998861991, 0.9999999999671807]"
sampleJointGoalAndSignal_afterNewGoal,session_28_player1,28,4,1,closer_to_player1,7,"[0.5, 0.5058321858820503, 0.5539543998042025, 0.999994393190444, 0.9999999999123957, 0.9999999999246869, 0.9999999999999989]"
sampleJointGoalAndSignal_afterNewGoal,session_28_player2,28,4,2,closer_to_player1,9,"[0.5, 0.5030324699663192, 0.5130748152156581, 0.5083914526717953, 0.38530813636983047, 0.5563053704864397, 0.7149473781974701, 0.8338251907427168, 0.9099990021933841]"
sampleJointGoalAndSignal_afterNewGoal,session_28_player1,28,5,1,closer_to_player2,9,"[0.5, 0.5034054122685274, 0.505655497834816, 0.5074706195435129, 0.5138579522810471, 0.5427881784202798, 0.5442993181260666, 0.544924260445224, 0.5451451707772721]"
sampleJointGoalAndSignal_afterNewGoal,session_28_player2,28,5,2,closer_to_player2,9,"[0.5, 0.41636256094873736, 0.3449802804591286, 0.42215806882222273, 0.9999492705993159, 0.9999355745635811, 0.9999999989908267, 0.9999999999999457, 0.999999999999973]"
sampleJointGoalAndSignal_afterNewGoal,session_28_player1,28,7,1,closer_to_player2,9,"[0.5, 0.5041362062779134, 0.9896902254345509, 0.9900929997995898, 0.9903413735190263, 0.9904667241533509, 0.9904985572809638, 0.9999858370237923, 0.9999999400688391]"
sampleJointGoalAndSignal_afterNewGoal,session_28_player2,28,7,2,closer_to_player2,9,"[0.5, 0.9996592340786165, 0.9999997274098993, 0.9999997345214325, 0.9999997449885861, 0.9999998470509104, 0.9999999999672923, 0.9999999999999737, 0.9999999999999999]"
sampleJointGoalAndSignal_afterNewGoal,session_28_player1,28,9,1,equal_to_both,7,"[0.5, 0.6341562595332135, 0.999128480630386, 0.9999989602075101, 0.9999999985716348, 0.9999999999940252, 0.9999999999999815]"
sampleJointGoalAndSignal_afterNewGoal,session_28_player2,28,9,2,equal_to_both,7,"[0.5, 0.9994394704280601, 0.9990740234854187, 0.9999996307213896, 0.9999999996850955, 0.9999999999994703, 0.9999999999999983]"
sampleJointGoalAndSignal_afterNewGoal,session_28_player1,28,10,1,closer_to_player2,8,"[0.5, 0.5011613222855561, 0.5090968596909353, 0.49625015202136824, 0.5796310747557558, 0.7538063378897657, 0.9995742048464776, 0.9993911836165249]"
sampleJointGoalAndSignal_afterNewGoal,session_28_player2,28,10,2,closer_to_player2,6,"[0.5, 0.5455641646381205, 0.9999940672248973, 0.9999999999274231, 0.999999999999995, 1.0]"
sampleJointGoalAndSignal_afterNewGoal,session_28_player1,28,11,1,closer_to_player1,6,"[0.5, 0.5785235520812207, 0.646225292392073, 0.9993965554101334, 0.9996969454596886, 0.9998481934546722]"
sampleJointGoalAndSignal_afterNewGoal,session_28_player2,28,11,2,closer_to_player1,14,"[0.5, 0.49747146844186285, 0.495993229440901, 0.49398308445928873, 0.4839592226131518, 0.5657508323927342, 0.6446310843381353, 0.748231085881578, 0.9999982261462486, 0.9999972030152444, 0.9999997289142246, 0.9999999999966442, 0.9999999999999998, 1.0]"
sampleJointGoalAndSignal_afterNewGoal,session_29_player1,29,0,1,closer_to_player2,9,"[0.5, 0.5024307092413233, 0.5035998128974984, 0.49830221013355375, 0.3753929148648968, 0.9985838861124933, 0.9999976201388237, 0.9999999926818579, 0.9999999999608477]"
sampleJointGoalAndSignal_afterNewGoal,session_29_player2,29,0,2,closer_to_player2,9,"[0.5, 0.7118235118817321, 0.9997961429983365, 0.9999999081016063, 0.9999999998953758, 0.9999999999998177, 0.9999999999999993, 1.0, 1.0]"
sampleJointGoalAndSignal_afterNewGoal,session_29_player1,29,1,1,closer_to_player1,9,"[0.5, 0.9995402027642057, 0.9997345861776997, 0.9999995985513414, 0.999999999524735, 0.9999999999991731, 0.9999999999999971, 1.0, 1.0]"
sampleJointGoalAndSignal_afterNewGoal,session_29_player2,29,1,2,closer_to_player1,9,"[0.5, 0.5033920318636479, 0.9897012515226647, 0.98986225391282, 0.9898057616845332, 0.999953151867778, 0.9999356742108864, 0.9999998021282377, 0.9999999989569536]"
sampleJointGoalAndSignal_afterNewGoal,session_29_player1,29,3,1,closer_to_player2,9,"[0.5, 0.5034379190182381, 0.5059016476516383, 0.5073629342665338, 0.5076974374095885, 0.5060668757285813, 0.4259528080956292, 0.5975014665815839, 0.7494544039523835]"
sampleJointGoalAndSignal_afterNewGoal,session_29_player2,29,3,2,closer_to_player2,9,"[0.5, 0.6226185280922694, 0.9996817543342025, 0.9995660790459413, 0.9994231273695638, 0.9999999667300461, 0.9999999999939546, 0.9999999999969782, 0.9999999999985004]"
sampleJointGoalAndSignal_afterNewGoal,session_29_player1,29,6,1,closer_to_player2,4,"[0.5, 0.9986318778792076, 0.9984270047435766, 0.9999981341748212]"
sampleJointGoalAndSignal_afterNewGoal,session_29_player2,29,6,2,closer_to_player2,8,"[0.5, 0.999946147116634, 0.9999999910342486, 0.999999999995961, 0.9999999999999956, 0.9999999999999976, 1.0, 1.0]"
sampleJointGoalAndSignal_afterNewGoal,session_29_player1,29,7,1,equal_to_both,11,"[0.5, 0.5000008473602223, 0.5000007755638339, 0.5000011924277441, 0.500005877275904, 0.5000384539976236, 0.9997008571267025, 0.9999997776539599, 0.9999999996313305, 0.9999999999987613, 0.9999999999999922]"
sampleJointGoalAndSignal_afterNewGoal,session_29_player2,29,7,2,equal_to_both,11,"[0.5, 0.9894491334828933, 0.9998173181614746, 0.9998217058050217, 0.9999969615497851, 0.9999999209133864, 0.9999999251054108, 0.9999999279362934, 0.9999999330810395, 0.999999999157913, 0.9999999995097041]"
sampleJointGoalAndSignal_afterNewGoal,session_29_player1,29,9,1,closer_to_player1,9,"[0.5, 0.41667680261793494, 0.3456663955983369, 0.4218388019235113, 0.9999495314907269, 0.9999360515098643, 0.9999256162969657, 0.9999108599610906, 1.0]"
sampleJointGoalAndSignal_afterNewGoal,session_29_player2,29,9,2,closer_to_player1,9,"[0.5, 0.5030325906248051, 0.49715227106519466, 0.585494705593341, 0.6640916209986256, 0.7277185662656209, 0.6593561658887268, 0.7947623823144472, 0.8864029838447287]"
sampleJointGoalAndSignal_afterNewGoal,session_29_player1,29,10,1,closer_to_player1,9,"[0.5, 0.4953332385462297, 0.4970341040393307, 0.578198806782484, 0.4066006818186396, 0.9999897509570621, 0.9999999998394655, 0.9999999998624352, 0.9999999999999979]"
sampleJointGoalAndSignal_afterNewGoal,session_29_player2,29,10,2,closer_to_player1,9,"[0.5, 0.4966836265415041, 0.4982600614563052, 0.49912921347272404, 0.49949518879927823, 0.4977951963537056, 0.4167653234799397, 0.588399592757407, 0.7421808235667212]"
sampleJointGoalAndSignal_afterNewGoal,session_29_player1,29,11,1,equal_to_both,9,"[0.5, 0.5020453806977635, 0.9982596599217343, 0.9999939172380057, 0.9999999608972445, 0.9999999995633015, 0.9999999996845688, 0.9999999999940187, 0.9999999999982757]"
sampleJointGoalAndSignal_afterNewGoal,session_29_player2,29,11,2,equal_to_both,9,"[0.5, 0.9966464453173197, 0.999979286407309, 0.9999794826008347, 0.9999793342071437, 0.9999695590844162, 0.9999999639438486, 0.999999999915458, 0.9999999999996367]"
