group,participantId,sessionIndex,trialIndex,playerIndex,distanceCondition,nSteps,posteriors
sampleJointGoalAndRSASignal_fromStart,session_0_player1,0,1,1,closer_to_player1,7,"[0.5, 0.4940776807566307, 0.5367359871856892, 0.6077610730591092, 1.0, 1.0, 1.0]"
sampleJointGoalAndRSASignal_fromStart,session_0_player2,0,1,2,closer_to_player1,9,"[0.5, 0.5038649626725829, 0.5058347432439424, 0.5010466743651489, 0.5846517937329585, 0.6559606885227923, 0.5788606174476209, 0.7333170248150067, 0.8470305654076322]"
sampleJointGoalAndRSASignal_fromStart,session_0_player1,0,4,1,closer_to_player2,8,"[0.5, 0.6353821695888391, 0.9833349860481368, 0.9772000302505841, 0.9997590817247319, 0.999799952773245, 0.9999972209794296, 0.9999983316815452]"
sampleJointGoalAndRSASignal_fromStart,session_0_player2,0,4,2,closer_to_player2,10,"[0.5, 0.999198407478336, 0.9992271407073631, 0.9999993634750642, 0.9999995529542868, 0.999999999398946, 0.9999999997094856, 0.9999999999163004, 0.9999999999999363, 1.0]"
sampleJointGoalAndRSASignal_fromStart,session_0_player1,0,5,1,closer_to_player1,11,"[0.5, 0.999540207612654, 0.9997345866044267, 0.999999598551281, 0.9999999995604859, 0.9999952134739665, 0.9999999943333249, 0.9999999999899443, 0.999999999999953, 0.9999999999999999, 1.0]"
sampleJointGoalAndRSASignal_fromStart,session_0_player2,0,5,2,closer_to_player1,9,"[0.5, 0.5033920321879745, 0.9897012517087422, 0.9898622541469845, 0.9998937075417748, 0.9998947178445968, 0.9998554433307624, 0.9999995552955435, 0.9999999976558196]"
sampleJointGoalAndRSASignal_fromStart,session_0_player1,0,6,1,closer_to_player1,9,"[0.5, 0.6234319518219219, 0.9996814815298627, 0.9995652201288019, 0.9994210779774861, 0.9999999665530033, 0.9999999999939019, 0.9999999999969518, 0.9999999999984862]"
sampleJointGoalAndRSASignal_fromStart,session_0_player2,0,6,2,closer_to_player1,9,"[0.5, 0.5035279324580101, 0.5058031632949075, 0.5066721859647, 0.5078202214830568, 0.5140907075227782, 0.5631968590072736, 0.563816660911936, 0.5640357375196899]"
sampleJointGoalAndRSASignal_fromStart,session_0_player1,0,7,1,closer_to_player2,12,"[0.5, 0.5024452095994355, 0.9896167939200046, 0.9897856160120151, 0.9898874283602811, 0.9999375039550935, 0.9999381486413237, 0.9999265421764039, 0.9999998749847371, 6.953693553498976e-27, 1.6433056234840928e-24, 1.6433056234840926e-24]"
sampleJointGoalAndRSASignal_fromStart,session_0_player2,0,7,2,closer_to_player2,9,"[0.5, 0.5057111662358658, 0.9998327308242728, 0.9999013983865394, 0.999999949128628, 0.9999999999753758, 0.9999999999999799, 1.0, 1.0]"
sampleJointGoalAndRSASignal_fromStart,session_0_player1,0,10,1,closer_to_player2,9,"[0.5, 0.5034829801011805, 0.5051874762040327, 0.507002352110262, 0.5024597527686199, 0.5087322769167234, 0.5579141080971608, 0.5585355234087966, 0.5587551768942465]"
sampleJointGoalAndRSASignal_fromStart,session_0_player2,0,10,2,closer_to_player2,10,"[0.5, 0.5062849490481464, 0.5097948551514718, 0.51595875515717, 0.47299151581511956, 0.4015802734140155, 4.647779041556271e-34, 1.414698210122135e-39, 1.1879727148575316e-39, 3.721614565601449e-06]"
sampleJointGoalAndRSASignal_fromStart,session_0_player1,0,11,1,equal_to_both,10,"[0.5, 0.9937602761253137, 0.9999324353606758, 0.9999347237149948, 0.9999993079606333, 0.9999993238098831, 0.9999993604830897, 0.9999999957012903, 0.9999999970549082, 0.9999999999816035]"
sampleJointGoalAndRSASignal_fromStart,session_0_player2,0,11,2,equal_to_both,12,"[0.5, 0.006151153060083188, 0.6458182093151499, 0.9966173217439238, 0.9966419289595414, 0.9966617315339806, 0.9999886124014516, 0.9999999281387211, 0.9999999320255052, 0.9999999468792897, 0.9999999998215283, 0.9999999999988852]"
sampleJointGoalAndRSASignal_fromStart,session_1_player1,1,0,1,closer_to_player1,11,"[0.5, 0.002405615355417397, 0.0036643808130721266, 0.9582901977751757, 0.9999862390839416, 0.9999999976224507, 0.9999999999990318, 0.9999999999999991, 1.0, 1.0, 1.0]"
sampleJointGoalAndRSASignal_fromStart,session_1_player2,1,0,2,closer_to_player1,11,"[0.5, 0.9832111864272776, 0.9995552527348353, 0.6504892364756486, 0.6562302905959708, 0.6598284749453023, 0.9946746880805724, 0.994727987171357, 0.9928317224224048, 0.99997687512848, 0.9999998722138715]"
sampleJointGoalAndRSASignal_fromStart,session_1_player1,1,2,1,equal_to_both,11,"[0.5, 0.4999140332050559, 0.4998929781485141, 0.9966450092797018, 0.9999792774388707, 0.9999794737486313, 0.9999998753359985, 0.9999998761601987, 0.9999999993782829, 0.9999999993023836, 0.9999999999970026]"
sampleJointGoalAndRSASignal_fromStart,session_1_player2,1,2,2,equal_to_both,11,"[0.5, 0.9892761997717002, 0.9895452051060162, 0.9998880483550959, 0.9998900587006473, 0.9999988360847081, 0.9999999797438291, 0.9999999990761514, 0.9999999995704771, 0.9999999998060638, 0.9999999999440704]"
sampleJointGoalAndRSASignal_fromStart,session_1_player1,1,3,1,closer_to_player2,12,"[0.5, 0.4966080571258649, 0.9982559002492757, 0.9982580793120126, 0.9999969263329164, 0.9999999889382742, 0.9999999998773523, 0.9999999999423057, 0.9999999999836681, 0.9999999999998664, 0.9999999999999993, 1.0]"
sampleJointGoalAndRSASignal_fromStart,session_1_player2,1,3,2,closer_to_player2,6,"[0.5, 0.9975971830480097, 0.9963292321029144, 0.999993810517466, 0.9999999809598075, 0.9999999998996397]"
sampleJointGoalAndRSASignal_fromStart,session_1_player1,1,5,1,closer_to_player2,7,"[0.5, 0.00016541000379053844, 0.22137051332866528, 0.15998915214070222, 0.9971343284139645, 0.9999965965440413, 0.9999999920200346]"
sampleJointGoalAndRSASignal_fromStart,session_1_player2,1,5,2,closer_to_player2,7,"[0.5, 0.9997339505522982, 0.9999999772896274, 0.9999999999948026, 0.9999999999999971, 1.0, 1.0]"
sampleJointGoalAndRSASignal_fromStart,session_1_player1,1,6,1,closer_to_player1,9,"[0.5, 0.4992373681710649, 0.9998680833636916, 0.9999999545998988, 0.9999999557012423, 0.9999999999798839, 0.9999999999883749, 0.9999999999999789, 1.0]"
sampleJointGoalAndRSASignal_fromStart,session_1_player2,1,6,2,closer_to_player1,9,"[0.5, 0.9814930919376029, 0.9994492090016979, 0.9999640648582699, 0.999986669220573, 0.9999937204501477, 0.9999969435022397, 0.9999984980755168, 0.999999258931039]"
sampleJointGoalAndRSASignal_fromStart,session_1_player1,1,7,1,closer_to_player2,16,"[0.5, 0.4965192753065805, 0.494295983061561, 0.49305353365661153, 0.003208419797324262, 1.9667644373988002e-05, 0.30259695803474573, 0.9996952981654328, 0.9999998948018708, 0.9999998972150994, 0.999999937834449, 0.9999999999869476, 0.9999999999999801, 1.0, 1.0, 1.0]"
sampleJointGoalAndRSASignal_fromStart,session_1_player2,1,7,2,closer_to_player2,8,"[0.5, 0.49689314052274935, 0.3916283729769311, 0.9993688332338442, 0.9999994465226919, 0.9999999990374601, 6.233503928036035e-25, 3.584376057442515e-22]"
sampleJointGoalAndRSASignal_fromStart,session_1_player1,1,8,1,closer_to_player1,9,"[0.5, 0.9996549832652547, 0.9996628973318095, 0.9999998456954609, 0.9999999108263669, 0.9999999998641652, 0.9999999999998838, 0.9999999999999996, 1.0]"
sampleJointGoalAndRSASignal_fromStart,session_1_player2,1,8,2,closer_to_player1,11,"[0.5, 0.5039491015258973, 0.9897074099400845, 0.9898806132390211, 0.03242451465979905, 0.8448595945436829, 0.998067656728099, 0.9999668371581559, 0.9999988184324049, 0.9999994322004291, 0.9999997238080891]"
sampleJointGoalAndRSASignal_fromStart,session_1_player1,1,10,1,equal_to_both,11,"[0.5, 0.9894522360352315, 0.9895708868575824, 0.9998885538801833, 0.9998903657866479, 0.9999988429126637, 0.9999999800215117, 0.9999999853785141, 0.9999999996606123, 0.9999999998356137, 0.9999999999236433]"
sampleJointGoalAndRSASignal_fromStart,session_1_player2,1,10,2,equal_to_both,11,"[0.5, 0.9883644188101147, 0.9997811072211956, 0.9999938204518092, 0.9999952469988161, 0.9999998712658519, 0.9999999921088802, 0.9999999963933164, 0.9999999982727198, 0.9999999991634982, 0.9999999996114528]"
sampleJointGoalAndRSASignal_fromStart,session_2_player1,2,0,1,closer_to_player1,8,"[0.5, 0.5100512850933265, 0.5053627914387305, 0.58847453854675, 0.659071559032088, 0.583341917897957, 0.7369073436931775, 0.8494885309978347]"
sampleJointGoalAndRSASignal_fromStart,session_2_player2,2,0,2,closer_to_player1,9,"[0.5, 0.5035278621744455, 0.5057097432743656, 0.5071718599728962, 0.5075061292445431, 0.505875540833752, 0.5666999105636857, 0.5187588300447774, 0.6847547467038372]"
sampleJointGoalAndRSASignal_fromStart,session_2_player1,2,2,1,closer_to_player1,9,"[0.5, 0.999526381931046, 0.9999994446047249, 0.9999999973261052, 0.9999999992402923, 0.999999999996447, 0.9999999999999897, 1.0, 1.0]"
sampleJointGoalAndRSASignal_fromStart,session_2_player2,2,2,2,closer_to_player1,9,"[0.5, 0.5024425890292795, 0.9896285042425959, 0.9998216942870376, 0.9998262655591812, 0.9998279775994264, 0.9997649024532345, 0.9999992762878626, 0.9999999961263946]"
sampleJointGoalAndRSASignal_fromStart,session_2_player1,2,3,1,equal_to_both,13,"[0.5, 0.010551120762082753, 0.6300295192350951, 0.6300311654978921, 0.6300313044445808, 0.9980252252215319, 0.9980368899890739, 0.9980727109991461, 0.9981969059210223, 0.9999986577837701, 0.9999999977744836, 0.9999999999925229, 0.9999999999999533]"
sampleJointGoalAndRSASignal_fromStart,session_2_player2,2,3,2,equal_to_both,11,"[0.5, 0.9894489870619234, 0.9895701120504736, 0.9896458489229828, 0.9999354632312016, 0.9999993175538057, 0.9999999883479443, 0.9999999887883739, 0.9999999895887905, 0.9999999928670316, 0.9999999999554438]"
sampleJointGoalAndRSASignal_fromStart,session_2_player1,2,5,1,closer_to_player2,9,"[0.5, 0.9832163562004733, 0.9836352011187314, 0.9839024046143099, 0.9840636909950027, 0.999901117142029, 0.9999989574581185, 0.9999991134251272, 0.9999999906257927]"
sampleJointGoalAndRSASignal_fromStart,session_2_player2,2,5,2,closer_to_player2,8,"[0.5, 0.605642761093659, 0.9999567653448983, 0.9999999773427711, 0.9999999999897115, 0.9999999999999878, 1.0, 1.0]"
sampleJointGoalAndRSASignal_fromStart,session_2_player1,2,7,1,equal_to_both,11,"[0.5, 0.9892757183732372, 0.999810940497052, 0.9998194480785029, 0.9998226918670736, 0.9998250829236313, 0.9999988789525047, 0.9999989547446378, 0.9999994086315223, 0.9999999884453997, 0.9999999999503536]"
sampleJointGoalAndRSASignal_fromStart,session_2_player2,2,7,2,equal_to_both,11,"[0.5, 0.49991404311040966, 0.9938470051523393, 0.993890963203418, 0.9939125698513885, 0.9937910314298644, 0.9901034047533793, 0.9999945263908688, 0.9999999935168501, 0.9999999999847987, 0.9999999999999347]"
sampleJointGoalAndRSASignal_fromStart,session_2_player1,2,8,1,equal_to_both,10,"[0.5, 0.9938486648523678, 0.9938929886439222, 0.9999621390732447, 0.9999996004414468, 0.9999999931011518, 0.9999999949509988, 0.9999999960844181, 0.9999999968187657, 0.9999999981907163]"
sampleJointGoalAndRSASignal_fromStart,session_2_player2,2,8,2,equal_to_both,10,"[0.5, 0.9937635351582704, 0.9999324749619001, 0.9999988266159177, 0.999999968218536, 0.9999999980518488, 0.9999999991095821, 0.9999999995735688, 0.9999999997934843, 0.9999999999040754]"
sampleJointGoalAndRSASignal_fromStart,session_2_player1,2,9,1,closer_to_player2,9,"[0.5, 0.9832026593055815, 0.9836254385123657, 0.9838845661692333, 0.9998294623157673, 0.9999971088447245, 0.9999999243312974, 0.9999999380463827, 0.9999999433079496]"
sampleJointGoalAndRSASignal_fromStart,session_2_player2,2,9,2,closer_to_player2,11,"[0.5, 0.4979889953773738, 0.9991780878276483, 0.9999985558788638, 0.9999999949736151, 0.99999999522639, 0.999999997273677, 0.9999999999651953, 0.9999999999999184, 0.9999999999999997, 1.0]"
sampleJointGoalAndRSASignal_fromStart,session_2_player1,2,10,1,closer_to_player1,9,"[0.5, 0.9995394878931722, 0.9999994779414825, 0.999999997945876, 0.9999999994220984, 0.9999999999975951, 0.9999999999999938, 1.0, 1.0]"
sampleJointGoalAndRSASignal_fromStart,session_2_player2,2,10,2,closer_to_player1,11,"[0.5, 0.9831558944713211, 0.9995540817476316, 0.9999831128469205, 0.9999990970137596, 0.9999999026124191, 0.9999999558342663, 0.9999999794908748, 0.9997342661270004, 0.9998765842992341, 0.9999415370461175]"
sampleJointGoalAndRSASignal_fromStart,session_2_player1,2,11,1,closer_to_player2,11,"[0.5, 0.9831891739189091, 0.09305763055906634, 0.09368297686944159, 0.9096499282238142, 0.908993115988225, 0.9992440579443227, 0.9988573560004245, 0.9999939704180449, 0.9999999486845766, 0.9999999993215568]"
sampleJointGoalAndRSASignal_fromStart,session_2_player2,2,11,2,closer_to_player2,11,"[0.5, 0.0032985496638658664, 0.9615413848788454, 0.9999864002135339, 0.9999999891400041, 0.9999999999810303, 0.9999999999998945, 0.9999999999999997, 1.0, 1.0, 1.0]"
sampleJointGoalAndRSASignal_fromStart,session_3_player1,3,0,1,closer_to_player1,9,"[0.5, 0.5036155867003025, 0.6093291206710779, 0.9999016920339545, 0.9999999832423487, 0.9999999999922498, 0.9999999999999866, 1.0, 1.0]"
sampleJointGoalAndRSASignal_fromStart,session_3_player2,3,0,2,closer_to_player1,9,"[0.5, 0.9831429984565564, 0.9995509943211386, 0.9999820053556098, 0.9999879029465729, 0.9999989972827465, 0.9999994922295636, 0.999999737677949, 0.9999998625389726]"
sampleJointGoalAndRSASignal_fromStart,session_3_player1,3,2,1,closer_to_player1,4,"[0.5, 0.5586648477853481, 0.5621901930702418, 0.5643080158675988]"
sampleJointGoalAndRSASignal_fromStart,session_3_player2,3,2,2,closer_to_player1,11,"[0.5, 0.5038575022324804, 0.5058374777635603, 0.5130563493805305, 0.509939219051995, 0.4039095971994928, 0.5754574547868151, 0.7305867253920872, 0.845304818514616, 3.690725661012484e-33, 2.393012795371831e-28]"
sampleJointGoalAndRSASignal_fromStart,session_3_player1,3,4,1,closer_to_player2,12,"[0.5, 0.4961424977602639, 0.4941625222306727, 0.49884781480225854, 0.4156105363361244, 0.5220218260842481, 0.35315263482913434, 0.21439090399086624, 0.9999744846123507, 0.9999703205678693, 0.999999999910673, 0.9999999999999987]"
sampleJointGoalAndRSASignal_fromStart,session_3_player2,3,4,2,closer_to_player2,6,"[0.5, 0.5016195744922924, 0.5087679328687554, 0.4812446704107492, 0.43539269718244555, 0.3627465714385636]"
sampleJointGoalAndRSASignal_fromStart,session_3_player1,3,6,1,equal_to_both,9,"[0.5, 0.9966410502315023, 0.9966561910431811, 0.9966688124645484, 0.9967277715832517, 0.9999973426593642, 0.9999999950802735, 0.9999999966783752, 0.9999999999944932]"
sampleJointGoalAndRSASignal_fromStart,session_3_player2,3,6,2,equal_to_both,9,"[0.5, 0.9966371813001622, 0.9966540768164975, 0.9999887017734173, 0.9999999303201641, 0.9999999992582405, 0.99999999942483, 0.9999999995327039, 0.9999999999960049]"
sampleJointGoalAndRSASignal_fromStart,session_3_player1,3,8,1,equal_to_both,9,"[0.5, 0.9966406703179417, 0.9966589015878914, 0.9966742017375594, 0.9999941498862651, 0.999994434561281, 0.9999968536585441, 0.9999999857466655, 0.9999999999831198]"
sampleJointGoalAndRSASignal_fromStart,session_3_player2,3,8,2,equal_to_both,9,"[0.5, 0.4999265980779694, 0.9982973813536355, 0.9983010654109022, 0.9999971420455338, 0.9999971346698153, 0.9999961571170634, 0.999999997896819, 0.9999999999975092]"
sampleJointGoalAndRSASignal_fromStart,session_3_player1,3,9,1,closer_to_player2,9,"[0.5, 0.5035278621739877, 0.5058066748069104, 0.50768408031694, 0.5147445015585769, 0.5515709926598438, 0.557115080007228, 0.5606346511417156, 0.5627540621962445]"
sampleJointGoalAndRSASignal_fromStart,session_3_player2,3,9,2,closer_to_player2,9,"[0.5, 0.4167302166697316, 0.3457649406821858, 0.4218812142367489, 0.9999495395242705, 0.9999360606281328, 0.9999256263576435, 0.9999108716103892, 1.0]"
sampleJointGoalAndRSASignal_fromStart,session_3_player1,3,10,1,closer_to_player1,9,"[0.5, 0.9995411870758575, 0.9999994961910343, 0.9999999987782012, 0.9999999994991569, 0.9999999999968759, 0.9999999999999801, 0.9999999999999999, 1.0]"
sampleJointGoalAndRSASignal_fromStart,session_3_player2,3,10,2,closer_to_player1,9,"[0.5, 0.5033303364781071, 0.5052695948911019, 0.5004661105451648, 0.9976058654935407, 0.9963295762988309, 0.9999938115931428, 0.9999999809650031, 0.9999999998996603]"
sampleJointGoalAndRSASignal_fromStart,session_4_player1,4,1,1,closer_to_player1,9,"[0.5, 0.9996443594642314, 0.9996674073868632, 0.9998035335527159, 0.9999998985033854, 0.9999999999508441, 0.99999999999996, 1.0, 1.0]"
sampleJointGoalAndRSASignal_fromStart,session_4_player2,4,1,2,closer_to_player1,9,"[0.5, 0.9831514706565564, 0.9835659168386169, 0.9997155258443681, 0.9997267655779741, 0.999733155979964, 0.9999971845236677, 0.9999999420896852, 0.9999999717207626]"
sampleJointGoalAndRSASignal_fromStart,session_4_player1,4,2,1,equal_to_both,12,"[0.5, 0.5000284385312168, 0.989450313293574, 0.9895712872256011, 0.9998885497046351, 0.9999981008138282, 0.9999981501979698, 0.9999981885656749, 0.9999982865418403, 0.9999986609675982, 0.9999999955012018, 0.9999999999718983]"
sampleJointGoalAndRSASignal_fromStart,session_4_player2,4,2,2,equal_to_both,12,"[0.5, 0.982798183551275, 0.9832194171881891, 0.9834106304670257, 0.9998216128793728, 0.999824393205888, 0.9998266038929621, 0.9999989056094434, 0.9999989648024604, 0.9999991910144792, 0.9999999972820219, 0.9999999999830221]"
sampleJointGoalAndRSASignal_fromStart,session_4_player1,4,3,1,closer_to_player1,9,"[0.5, 0.41672813872688463, 0.3457616281271298, 0.4218791714728893, 0.26727111357750905, 0.15327381114547067, 1.0, 1.0, 1.0]"
sampleJointGoalAndRSASignal_fromStart,session_4_player2,4,3,2,closer_to_player1,9,"[0.5, 0.5035101256895487, 0.5063342604618164, 0.5024019067288144, 0.497263163843737, 0.491449246001062, 0.49780779411938364, 0.4517607966886687, 0.5614518786922685]"
sampleJointGoalAndRSASignal_fromStart,session_4_player1,4,4,1,closer_to_player2,9,"[0.5, 0.5029861007063547, 0.4970753234409481, 0.9956362278295686, 0.9928722077159379, 0.9999779079017077, 0.9999998835590194, 0.9999999990094908, 0.9999999999869851]"
sampleJointGoalAndRSASignal_fromStart,session_4_player2,4,4,2,closer_to_player2,9,"[0.5, 0.9984899297458284, 0.9999982095274456, 0.9999999968612006, 0.9999999999890804, 0.9999999999999302, 0.9999999999999993, 1.0, 1.0]"
sampleJointGoalAndRSASignal_fromStart,session_4_player1,4,7,1,closer_to_player2,9,"[0.5, 0.5028347455539365, 0.5044811516102752, 0.5063462077922802, 0.5012077575674752, 0.5080903984228614, 0.5664479163574491, 0.5699505657525894, 0.5720593405568911]"
sampleJointGoalAndRSASignal_fromStart,session_4_player2,4,7,2,closer_to_player2,11,"[0.5, 0.40900338565022776, 0.3263234884216617, 0.2571030839188862, 0.20382081393114246, 0.2611645039479027, 0.150156635113787, 0.9999605914585888, 0.9999541602011629, 0.9999450658862711, 1.0]"
sampleJointGoalAndRSASignal_fromStart,session_4_player1,4,8,1,closer_to_player1,7,"[0.5, 0.9999444515753532, 0.9999999905302344, 0.9999999999954128, 0.9999999999999962, 1.0, 1.0]"
sampleJointGoalAndRSASignal_fromStart,session_4_player2,4,8,2,closer_to_player1,9,"[0.5, 0.6312269263845292, 0.4757691260134172, 0.9687301803762368, 0.9568549482309895, 0.999571817785434, 0.9999952121438831, 0.9999959064482032, 0.9999959105410651]"
sampleJointGoalAndRSASignal_fromStart,session_4_player1,4,10,1,equal_to_both,9,"[0.5, 0.4999843099523296, 0.4997421569449268, 0.9992223137114964, 0.9992120573396411, 0.999999525440092, 0.9999993666972904, 0.9999999996534306, 0.9999999999995897]"
sampleJointGoalAndRSASignal_fromStart,session_4_player2,4,10,2,equal_to_both,11,"[0.5, 0.9966396355431938, 0.9966600306951474, 0.1922762647622295, 0.9928829618934817, 0.9929160514461107, 0.9999875017722031, 0.9999999562433637, 0.9999999996130644, 0.9999999998183688, 0.9999999999487047]"
sampleJointGoalAndRSASignal_fromStart,session_4_player1,4,11,1,closer_to_player2,8,"[0.5, 0.4957023687377332, 0.36461618064951296, 0.5354871730190421, 0.6984061318749504, 0.8273095166977121, 0.9429725979421286, 0.9999515107389534]"
sampleJointGoalAndRSASignal_fromStart,session_4_player2,4,11,2,closer_to_player2,10,"[0.5, 0.4995819205629436, 0.543598836351392, 0.9999938915183123, 0.9999999999290176, 0.9999999999999969, 1.0, 1.0, 2.6837455722938617e-12, 2.9356290965403136e-09]"
sampleJointGoalAndRSASignal_fromStart,session_5_player1,5,0,1,closer_to_player1,6,"[0.5, 0.9944416574945439, 0.9972282470103505, 0.9986165604874815, 0.9993089487017811, 0.9996547726155393]"
sampleJointGoalAndRSASignal_fromStart,session_5_player2,5,0,2,closer_to_player1,11,"[0.5, 0.5035666750777738, 0.5050214822264476, 0.5070324721360631, 0.517057156782651, 0.43522741023010875, 0.5600704705217241, 0.42687398108148655, 0.9985433567247199, 3.007893160370098e-30, 1.5080864399793727e-30]"
sampleJointGoalAndRSASignal_fromStart,session_5_player1,5,1,1,closer_to_player2,9,"[0.5, 0.5034353116622019, 0.5054051847413173, 0.5006170736407641, 0.5842344452840781, 0.6555727810820337, 0.7091171316405338, 0.6668541289505523, 0.8012255958294647]"
sampleJointGoalAndRSASignal_fromStart,session_5_player2,5,1,2,closer_to_player2,4,"[0.5, 0.5615558169788226, 0.6027812260647943, 0.5315494460849246]"
sampleJointGoalAndRSASignal_fromStart,session_5_player1,5,2,1,closer_to_player1,8,"[0.5, 0.49683266927378994, 0.5717105056691036, 0.6303532363906572, 0.5842882323382093, 9.78686690096049e-06, 1.1384084847289859e-05, 1.3642705743187315e-05]"
sampleJointGoalAndRSASignal_fromStart,session_5_player2,5,2,2,closer_to_player1,9,"[0.5, 0.5035101249760182, 0.5063342600163842, 0.5024019040345883, 0.5094583612648217, 0.5463256047190281, 0.5518813394978498, 0.5554093053201605, 0.5575340291158265]"
sampleJointGoalAndRSASignal_fromStart,session_5_player1,5,4,1,closer_to_player2,9,"[0.5, 0.5020232576309307, 0.4953310164228428, 0.9955986921578889, 0.9999666237974448, 0.999949530929745, 0.9999997341854353, 0.9999999977393571, 0.9999999999701236]"
sampleJointGoalAndRSASignal_fromStart,session_5_player2,5,4,2,closer_to_player2,9,"[0.5, 0.999548556880826, 0.999999477529424, 0.9999999990825627, 0.9999999999969156, 0.9999999999999809, 0.9999999999999998, 1.0, 1.0]"
sampleJointGoalAndRSASignal_fromStart,session_5_player1,5,5,1,closer_to_player1,7,"[0.5, 0.5, 0.51605731233259, 0.55372369678932, 0.5600652926348306, 0.5606971133082237, 0.5609166613681225]"
sampleJointGoalAndRSASignal_fromStart,session_5_player2,5,5,2,closer_to_player1,9,"[0.5, 0.5028816712174506, 0.5056461719951265, 0.5121035781065516, 0.5252941032016238, 0.5284976946802291, 0.5300151700964825, 0.5306428095586659, 0.5308646841036828]"
sampleJointGoalAndRSASignal_fromStart,session_5_player1,5,6,1,closer_to_player2,15,"[0.5, 0.0034027969777222886, 2.1276865035620877e-05, 0.0032497874744075957, 2.031703387483384e-05, 0.003103636739952991, 0.22635362543795148, 0.9448853683930809, 0.9984825215561817, 0.9999410975597194, 0.9999593080648045, 0.9999976517979332, 0.9999988874290603, 0.9999994644850245, 0.9999997391121704]"
sampleJointGoalAndRSASignal_fromStart,session_5_player2,5,6,2,closer_to_player2,11,"[0.5, 0.9996457617504314, 0.9996588067934442, 0.9997940251109045, 0.9999999560754825, 0.99999999997357, 0.9999990688517176, 0.9999999986017252, 0.9999999999983447, 0.9999999999999966, 1.0]"
sampleJointGoalAndRSASignal_fromStart,session_5_player1,5,7,1,equal_to_both,13,"[0.5, 0.9827983842544424, 0.9995348145322303, 0.9999820749880586, 0.9999834155120834, 0.999999370357205, 0.9999994188409728, 0.9999999775574032, 0.999999984385681, 0.9999999883611839, 0.9999999995923367, 0.9999999995923367, 0.9999999998213982]"
sampleJointGoalAndRSASignal_fromStart,session_5_player2,5,7,2,equal_to_both,12,"[0.5, 0.9827981835505919, 0.9995348038268135, 0.9999820743891086, 0.999999042599086, 0.9999991632459906, 0.9999999545811479, 0.9999999701351135, 0.9999999792217071, 0.9999999987843696, 0.9999999994519807, 0.9999999997599068]"
sampleJointGoalAndRSASignal_fromStart,session_6_player1,6,0,1,closer_to_player1,11,"[0.5, 0.9995420050829064, 0.9997346584539009, 0.9999998449853229, 0.9999999997731781, 0.999996583102141, 0.9999999950002784, 0.9999999999582093, 0.9999999999998463, 0.9999999999999989, 1.0]"
sampleJointGoalAndRSASignal_fromStart,session_6_player2,6,0,2,closer_to_player1,13,"[0.5, 0.5034728829585097, 0.0017445747967604313, 0.0017465372111717392, 0.3491702216955098, 0.9889158248671884, 0.9888598509681633, 0.9831089241037821, 0.0037172360556264254, 0.8097084733486402, 0.9995913953300221, 0.9999986907262804, 0.9999999927652186]"
sampleJointGoalAndRSASignal_fromStart,session_6_player1,6,1,1,closer_to_player1,8,"[0.5, 0.579416271779848, 0.9999725920964948, 0.9999999973945135, 0.9999999999998287, 1.0, 1.0, 1.0]"
sampleJointGoalAndRSASignal_fromStart,session_6_player2,6,1,2,closer_to_player1,8,"[0.5, 0.9832259289995633, 0.9995458809750877, 0.999972071802846, 0.9999867635733849, 0.9999936276507656, 0.9999968954038516, 0.9999984744439846]"
sampleJointGoalAndRSASignal_fromStart,session_6_player1,6,2,1,equal_to_both,12,"[0.5, 0.981334115936914, 0.9828477222003565, 0.9831739395980882, 0.9833010109437242, 0.9998953552667375, 0.999896436331304, 0.999999361229223, 0.999999993173111, 0.999999994786384, 0.9999999999250577, 0.9999999999652763]"
sampleJointGoalAndRSASignal_fromStart,session_6_player2,6,2,2,equal_to_both,12,"[0.5, 0.9813341136724889, 0.9994596367947582, 0.9995463367086684, 0.9995639708494698, 0.9995714598396814, 0.9999954742588532, 0.9999999212094266, 0.9999999962035401, 0.9999999981818875, 0.999999999134276, 0.9999999995988759]"
sampleJointGoalAndRSASignal_fromStart,session_6_player1,6,4,1,closer_to_player2,9,"[0.5, 0.4216031505170439, 0.5595025910967943, 0.3967375490014144, 0.9760800313973802, 0.9997660994170938, 0.9999972337289007, 0.9999976142890807, 0.9999999576860636]"
sampleJointGoalAndRSASignal_fromStart,session_6_player2,6,4,2,closer_to_player2,9,"[0.5, 0.0010989355885867897, 0.9841106857387839, 0.9999975240426793, 0.999999999556895, 0.9999999999998421, 0.9999999999999998, 1.0, 1.0]"
sampleJointGoalAndRSASignal_fromStart,session_6_player1,6,6,1,equal_to_both,9,"[0.5, 0.996641049553926, 0.9999792329673621, 0.9999794458011196, 0.9999796145904597, 0.9999803305029964, 0.9999999635838219, 0.9999999998537068, 0.9999999999167978]"
sampleJointGoalAndRSASignal_fromStart,session_6_player2,6,6,2,equal_to_both,9,"[0.5, 0.9966371813001651, 0.9999791742903914, 0.9999997797864357, 0.9999997869033126, 0.9999997912249394, 0.9999999986630063, 0.9999999999824942, 0.9999999999918687]"
sampleJointGoalAndRSASignal_fromStart,session_6_player1,6,7,1,closer_to_player2,9,"[0.5, 0.931827631754204, 0.9970731862136647, 0.9998700377522518, 0.9999821910266663, 0.9999908254614323, 0.9999951239266451, 0.9999973306968336, 0.9999984997068387]"
sampleJointGoalAndRSASignal_fromStart,session_6_player2,6,7,2,closer_to_player2,8,"[0.5, 0.999829204633767, 0.9998991347074284, 0.9999999479348521, 0.9999999999760086, 0.9999999999999777, 1.0, 1.0]"
sampleJointGoalAndRSASignal_fromStart,session_6_player1,6,8,1,equal_to_both,10,"[0.5, 0.9982979258070127, 0.9999942708363189, 0.999999964745599, 0.9999999653486008, 0.9999999656333151, 0.9999999998975919, 0.9999999999993456, 1.694280024396578e-19, 2.0051405946824657e-19]"
sampleJointGoalAndRSASignal_fromStart,session_6_player2,6,8,2,equal_to_both,8,"[0.5, 0.9982919611806683, 0.9983010669118718, 0.9999970159791003, 0.9999971613866423, 0.9999983952409367, 0.9999999979580775, 0.9999999999932491]"
sampleJointGoalAndRSASignal_fromStart,session_6_player1,6,9,1,closer_to_player1,9,"[0.5, 0.9984831846120571, 0.9999981397991947, 0.9999986506696873, 0.999999010495007, 0.999999999475382, 0.9999999997377453, 0.9999999998689122, 0.9999999999349454]"
sampleJointGoalAndRSASignal_fromStart,session_6_player2,6,9,2,closer_to_player1,9,"[0.5, 0.5034545001993438, 0.5056461410443992, 0.5068713283734745, 0.5037529005135151, 0.39796500834120285, 0.569399828682994, 0.7256874487448127, 0.8420406989728056]"
sampleJointGoalAndRSASignal_fromStart,session_6_player1,6,11,1,closer_to_player2,9,"[0.5, 0.3971454197474819, 0.5353243082863687, 0.9750770587814496, 0.9995431629375738, 0.999643155728363, 0.999990231209366, 0.9999942419005077, 0.9999965438707744]"
sampleJointGoalAndRSASignal_fromStart,session_6_player2,6,11,2,closer_to_player2,9,"[0.5, 0.49965440047255816, 0.501277886066126, 0.5812162191395465, 0.999973432549525, 0.9999999984318627, 0.9999999999995519, 0.9999999999999999, 1.0]"
sampleJointGoalAndRSASignal_fromStart,session_7_player1,7,0,1,equal_to_both,11,"[0.5, 0.4999996751484148, 0.4999995958206679, 0.9966417652287352, 0.9999792145156229, 0.9999794761439094, 0.9999998704833195, 0.9999999985818786, 0.99999999868312, 0.9999999990977739, 0.9999999999943643]"
sampleJointGoalAndRSASignal_fromStart,session_7_player2,7,0,2,equal_to_both,11,"[0.5, 0.9893247864004723, 0.9895382006136458, 0.9998880044535251, 0.9998898971787911, 0.9998912920775289, 0.99989523935242, 0.9999094050102401, 0.9999998497718869, 0.9999999994952735, 0.9999999999968473]"
sampleJointGoalAndRSASignal_fromStart,session_7_player1,7,3,1,closer_to_player2,9,"[0.5, 0.504482933946919, 0.49462412897755165, 0.5076606116390583, 0.646020997594085, 0.9950972832479122, 0.9999323723028365, 0.999956569348423, 0.9999719457598621]"
sampleJointGoalAndRSASignal_fromStart,session_7_player2,7,3,2,closer_to_player2,9,"[0.5, 0.9996537651309406, 0.9996639884390347, 0.9999998830330938, 0.9999999998458112, 0.9999999999230627, 0.999999999962468, 0.9999999999886389, 0.9999999999999969]"
sampleJointGoalAndRSASignal_fromStart,session_7_player1,7,5,1,closer_to_player1,6,"[0.5, 0.5047328209580934, 0.5030031432960974, 0.5645112578276876, 0.6056539219521144, 0.6976014054122638]"
sampleJointGoalAndRSASignal_fromStart,session_7_player2,7,5,2,closer_to_player1,9,"[0.5, 0.503454884872576, 0.5057049513515427, 0.5065819337937693, 0.5069480871174215, 0.5094204487143703, 0.5153325961003198, 0.5884082249884117, 0.588623962071329]"
sampleJointGoalAndRSASignal_fromStart,session_7_player1,7,7,1,closer_to_player2,9,"[0.5, 0.5025127430925913, 0.5054933072602168, 0.4967483766306441, 0.5067783781444166, 0.4251436135911695, 0.34688466021708336, 0.2448057283559709, 0.492078203167224]"
sampleJointGoalAndRSASignal_fromStart,session_7_player2,7,7,2,closer_to_player2,9,"[0.5, 0.9995099135068803, 0.9995130812198122, 0.9999998280415351, 0.999999999773582, 0.9999999998869122, 0.999999999943512, 0.9999999999721727, 0.9999999999906889]"
sampleJointGoalAndRSASignal_fromStart,session_7_player1,7,8,1,equal_to_both,9,"[0.5, 0.5000156900477353, 0.9982949209320574, 0.9999942477958048, 0.9999943764418531, 0.9999999803049205, 0.9999999851995103, 0.9999999928011722, 0.9999999999761994]"
sampleJointGoalAndRSASignal_fromStart,session_7_player2,7,8,2,equal_to_both,9,"[0.5, 0.499924147574975, 0.49967114136716106, 0.4936419337307978, 0.9997475017894515, 0.9996196490129712, 0.9999999129612229, 0.9999999999523644, 0.9999999999999436]"
sampleJointGoalAndRSASignal_fromStart,session_7_player1,7,9,1,closer_to_player1,3,"[0.5, 0.454565530925801, 0.9999211142787692]"
sampleJointGoalAndRSASignal_fromStart,session_7_player2,7,9,2,closer_to_player1,9,"[0.5, 0.332982861548669, 0.19941710864113266, 0.10830980697229395, 0.9997828929473557, 0.9995729187948903, 0.9999999966612451, 0.9999999999999252, 1.0]"
sampleJointGoalAndRSASignal_fromStart,session_7_player1,7,10,1,closer_to_player2,8,"[0.5, 0.5031628805972655, 0.5062755657518679, 0.5148472721975356, 0.5439116854879986, 0.5472549819222617, 0.5488135339049308, 0.5494500883277287]"
sampleJointGoalAndRSASignal_fromStart,session_7_player2,7,10,2,closer_to_player2,6,"[0.5, 0.6675000708820849, 0.8009820943395481, 0.8896311444962275, 0.9416499895916177, 0.9703777250299438]"
sampleJointGoalAndRSASignal_fromStart,session_7_player1,7,11,1,closer_to_player1,11,"[0.5, 0.9981940508034357, 0.9999935144448223, 0.9999939579084217, 0.9999999715754149, 0.9999999839882711, 0.9999999997336237, 0.9999999999983078, 0.9999999999999807, 0.9999999999999997, 1.0]"
sampleJointGoalAndRSASignal_fromStart,session_7_player2,7,11,2,closer_to_player1,12,"[0.5, 0.003410378434734974, 0.2445603379156506, 0.9500460194171257, 0.9986354405721847, 0.9999483646533837, 0.9999972845844824, 0.9999998065100081, 0.9999999720691759, 0.9999999881091429, 0.9999999948574773, 0.9999999948574774]"
sampleJointGoalAndRSASignal_fromStart,session_8_player1,8,0,1,equal_to_both,12,"[0.5, 0.9829793381277376, 0.999544962715322, 0.9995600222950703, 0.9995700501921498, 0.9995767192437771, 0.9995820449895534, 0.9995972148701951, 0.9996516650120253, 0.9999994222287805, 0.9999999980588413, 0.9999999999878745]"
sampleJointGoalAndRSASignal_fromStart,session_8_player2,8,0,2,equal_to_both,12,"[0.5, 0.5001368753073085, 0.9893305671510015, 0.9895438670193472, 0.9998880657475817, 0.9999980887635199, 0.9999999501519551, 0.9999999529152132, 0.9999999547032484, 0.9999999991896232, 0.9999999993634409, 0.9999999999840535]"
sampleJointGoalAndRSASignal_fromStart,session_8_player1,8,1,1,closer_to_player1,4,"[0.5, 0.5059223192433693, 0.5792621028353628, 0.5794793316800876]"
sampleJointGoalAndRSASignal_fromStart,session_8_player2,8,1,2,closer_to_player1,9,"[0.5, 0.5034548848790169, 0.5057049513591866, 0.5075200543557399, 0.5029774303153656, 0.5092498043028417, 0.4847090639505964, 0.5584457289858641, 0.5586653915431024]"
sampleJointGoalAndRSASignal_fromStart,session_8_player1,8,2,1,closer_to_player2,10,"[0.5, 0.9895196015915693, 0.9899483508111695, 0.9902354606176126, 0.9907984139434264, 0.9948060767929817, 0.9999850816074229, 0.999999891232451, 8.019735023912868e-27, 1.0999910214534165e-24]"
sampleJointGoalAndRSASignal_fromStart,session_8_player2,8,2,2,closer_to_player2,12,"[0.5, 0.9965893187741366, 0.9965724583269043, 0.9999883763522576, 0.9999884085640971, 0.9999999610343174, 0.9999999612301216, 0.9999999998715104, 0.9999999999992132, 0.9999999999999917, 0.999999999999993, 0.9999999999999933]"
sampleJointGoalAndRSASignal_fromStart,session_8_player1,8,3,1,closer_to_player2,9,"[0.5, 0.5034379190182381, 0.5059016476516383, 0.5071268068669457, 0.5116952396126847, 0.5140999103265238, 0.5082784504183158, 0.5499359043866562, 0.6549856019088911]"
sampleJointGoalAndRSASignal_fromStart,session_8_player2,8,3,2,closer_to_player2,9,"[0.5, 0.5031692880845826, 0.6086540546712033, 0.4374059645771679, 0.9999526373571481, 0.9999999972699024, 0.9999999978454565, 0.9999999981477481, 0.9999999984544018]"
sampleJointGoalAndRSASignal_fromStart,session_8_player1,8,6,1,closer_to_player2,9,"[0.5, 0.5034075792957244, 0.5056570181406009, 0.5065341347372302, 0.5069002945679095, 0.5093726635656111, 0.5039663709158835, 0.5462305153445359, 0.47371212886987446]"
sampleJointGoalAndRSASignal_fromStart,session_8_player2,8,6,2,closer_to_player2,9,"[0.5, 0.5046596592486855, 0.6111862020469535, 0.4400358729327354, 0.9999528383811283, 0.9999999972767653, 0.9999999999995034, 0.9999999999997519, 0.9999999999998768]"
sampleJointGoalAndRSASignal_fromStart,session_8_player1,8,8,1,closer_to_player1,8,"[0.5, 0.999868256529302, 0.9999999552606297, 0.9999999999643614, 0.9999999999999396, 0.9999999999999998, 1.0, 1.0]"
sampleJointGoalAndRSASignal_fromStart,session_8_player2,8,8,2,closer_to_player1,8,"[0.5, 0.9889825991911342, 0.9891119183929196, 0.9890166589865719, 0.9999493589289296, 0.999999582696872, 0.9999995073621871, 0.9999999974011199]"
sampleJointGoalAndRSASignal_fromStart,session_8_player1,8,9,1,closer_to_player1,6,"[0.5, 0.4954184946584863, 0.5703761790642137, 0.6291097843986753, 0.582976236586644, 0.7380079762516905]"
sampleJointGoalAndRSASignal_fromStart,session_8_player2,8,9,2,closer_to_player1,18,"[0.5, 0.49656125657574124, 0.49458119009705587, 0.4992665319154435, 0.4160173849193049, 0.5224397177512352, 0.9998597386107071, 0.7907698083025159, 0.6538979198485193, 0.4856961857946377, 0.9999926266510749, 0.9999914233112523, 0.6426305103221805, 1.0, 1.0, 1.0, 1.0, 1.0]"
sampleJointGoalAndRSASignal_fromStart,session_8_player1,8,10,1,equal_to_both,10,"[0.5, 0.9938486648524517, 0.9938929886440152, 0.999962139073245, 0.9999996004414468, 0.9999996127758626, 0.9999999958785729, 0.9999999968037667, 0.9999999974032043, 0.9999999985231077]"
sampleJointGoalAndRSASignal_fromStart,session_8_player2,8,10,2,equal_to_both,12,"[0.5, 0.993763736579861, 0.9999324793198162, 0.9999988267271182, 0.999999968222234, 0.9999999783149282, 0.9999999991528428, 0.9999999995942871, 0.9999999998035181, 0.9999999999087359, 9.211169444073704e-22, 1.7514238070211824e-21]"
sampleJointGoalAndRSASignal_fromStart,session_9_player1,9,1,1,equal_to_both,9,"[0.5, 0.9966408644837071, 0.9966560805694717, 0.9966687067187335, 0.996727668085666, 0.9970791181903206, 0.9999991247076148, 0.9999999993499877, 0.9999999999989224]"
sampleJointGoalAndRSASignal_fromStart,session_9_player2,9,1,2,equal_to_both,9,"[0.5, 0.9966408737052458, 0.996656081905712, 0.9999887097664074, 0.9999888025042316, 0.9999891957521452, 0.999999979997153, 0.9999999999196434, 0.999999999999313]"
sampleJointGoalAndRSASignal_fromStart,session_9_player1,9,2,1,closer_to_player2,14,"[0.5, 0.49648987431093805, 0.4936657395387392, 0.49759809327174986, 0.5027368361568267, 0.5085507539994996, 0.514372071497197, 0.5623815077867257, 0.9999945815460726, 0.9081732426064767, 0.9999992959340439, 0.9999991810290065, 0.9999990185415549, 1.0]"
sampleJointGoalAndRSASignal_fromStart,session_9_player2,9,2,2,closer_to_player2,10,"[0.5, 0.5042935182690854, 0.5045990421974996, 0.5092235776233921, 0.5075793439707783, 0.42743145409561406, 0.5989542595417516, 0.750587665561262, 2.032632349532438e-33, 1.3179292834587976e-28]"
sampleJointGoalAndRSASignal_fromStart,session_9_player1,9,5,1,closer_to_player1,9,"[0.5, 0.49923512733826914, 0.9998680820521331, 0.999999954599338, 0.9999999557007256, 0.9999999999798836, 0.9999999999883747, 0.9999999999999941, 1.0]"
sampleJointGoalAndRSASignal_fromStart,session_9_player2,9,5,2,closer_to_player1,9,"[0.5, 0.5050512150970787, 0.5075378574888324, 0.5089769243331058, 0.5097345624113151, 0.5085032484450663, 0.9993861539438171, 0.9999990776988026, 0.9999991122176521]"
sampleJointGoalAndRSASignal_fromStart,session_9_player1,9,6,1,closer_to_player1,10,"[0.5, 0.9996533442255435, 0.999999722439441, 0.9999997310929282, 0.9999997375499927, 0.9999997455866486, 0.9999999999563264, 0.9999999999793778, 0.9999999999999947, 1.0]"
sampleJointGoalAndRSASignal_fromStart,session_9_player2,9,6,2,closer_to_player1,8,"[0.5, 0.5026130562588822, 0.4981337925608598, 0.3749062047590317, 0.5464434222113188, 0.7136957001196735, 0.8961478848043997, 0.9999120872107797]"
sampleJointGoalAndRSASignal_fromStart,session_9_player1,9,7,1,closer_to_player2,9,"[0.5, 0.5034379190782736, 0.5059016477645268, 0.5071268069360538, 0.5040084141036579, 0.5787222966040758, 0.637013826296897, 0.6747441590806801, 0.7632059080002248]"
sampleJointGoalAndRSASignal_fromStart,session_9_player2,9,7,2,closer_to_player2,6,"[0.5, 0.5167094464889799, 0.5621147694082471, 0.5721498429806744, 0.5756492909754776, 0.5777509075388272]"
sampleJointGoalAndRSASignal_fromStart,session_9_player1,9,9,1,equal_to_both,8,"[0.5, 0.9982489225574142, 0.9999938954255495, 0.9999999608738427, 0.9999999995642481, 0.9999999999883411, 0.9999999999947369, 0.9999999999984822]"
sampleJointGoalAndRSASignal_fromStart,session_9_player2,9,9,2,equal_to_both,8,"[0.5, 0.4921391863545917, 0.36466011552212646, 0.9996009630068174, 0.9999997813964232, 0.9999999997410791, 0.9999999999993929, 0.9999999999999974]"
sampleJointGoalAndRSASignal_fromStart,session_9_player1,9,10,1,closer_to_player1,6,"[0.5, 0.4967799421301432, 0.3903331674020386, 0.5615395302388794, 0.7192677199422369, 0.8376455725889284]"
sampleJointGoalAndRSASignal_fromStart,session_9_player2,9,10,2,closer_to_player1,12,"[0.5, 0.4954631119597007, 0.4922611276384393, 0.49572774625872074, 0.5002755396243928, 0.505528145595569, 0.5109339382441261, 0.5599235754965544, 0.9999944804232226, 0.9999999999135453, 0.9999999999259153, 0.9999999999999989]"
sampleJointGoalAndRSASignal_fromStart,session_9_player1,9,11,1,closer_to_player2,12,"[0.5, 0.5066110778724293, 0.6425933387934153, 0.47297099455353886, 0.3090471803577245, 0.17781647753534927, 0.999501117111705, 0.9999999360652068, 0.9999999999836721, 0.9999999999999898, 1.0, 1.0]"
sampleJointGoalAndRSASignal_fromStart,session_9_player2,9,11,2,closer_to_player2,4,"[0.5, 0.9993762121676462, 0.9999990856224837, 0.9999999969284582]"
sampleJointGoalAndRSASignal_fromStart,session_10_player1,10,2,1,equal_to_both,11,"[0.5, 0.9894579960049915, 0.9998176403898319, 0.9998218503599688, 0.999824582781896, 0.9998262232828627, 0.9999989466268173, 0.9999999889713079, 0.9999999891616946, 0.9999999999011465, 0.9999999999980695]"
sampleJointGoalAndRSASignal_fromStart,session_10_player2,10,2,2,equal_to_both,15,"[0.5, 0.5272473283758708, 0.530102867604455, 0.5306984354380698, 0.538773848188062, 0.0006546838791755005, 0.5886690252476413, 0.9992354771343273, 0.9995676570755665, 0.9999983565850175, 0.9999999969492483, 0.9997173238767094, 0.9999989872258087, 0.999999998238531, 0.9999999999943433]"
sampleJointGoalAndRSASignal_fromStart,session_10_player1,10,3,1,closer_to_player1,11,"[0.5, 0.003302926297335169, 0.960731927050687, 0.9615847903557753, 0.9999931620965716, 0.999995969467188, 0.9999999991239713, 0.999999999999021, 0.9999999999999983, 1.0, 1.0]"
sampleJointGoalAndRSASignal_fromStart,session_10_player2,10,3,2,closer_to_player1,9,"[0.5, 0.9831482118657626, 0.9995520707118974, 0.9995788141846076, 0.9995958082032002, 0.9999928593386983, 0.9999996354979765, 0.9999998116912859, 0.9999999013228132]"
sampleJointGoalAndRSASignal_fromStart,session_10_player1,10,4,1,closer_to_player1,6,"[0.5, 0.9966957052498968, 0.9966919394870747, 0.9999912540873994, 0.9999896128457995, 0.9999999823262234]"
sampleJointGoalAndRSASignal_fromStart,session_10_player2,10,4,2,closer_to_player1,14,"[0.5, 0.3691182025672381, 0.5245812022265202, 0.6806205589639586, 0.8093316481111021, 0.9282079080501956, 0.9999940454358928, 0.9999999994670529, 0.9999975384857257, 0.9999999997796896, 0.999999999999962, 1.0, 1.0, 1.0]"
sampleJointGoalAndRSASignal_fromStart,session_10_player1,10,6,1,closer_to_player2,9,"[0.5, 0.5034831209825313, 0.5062372331712867, 0.5126881556830251, 0.5258711428156259, 0.5290731011650247, 0.5305903540678015, 0.5312179052538979, 0.5314397482980455]"
sampleJointGoalAndRSASignal_fromStart,session_10_player2,10,6,2,closer_to_player2,9,"[0.5, 0.6236410145034649, 0.4530948322706624, 0.2928687895372452, 0.9999105201772099, 0.9998863657908081, 0.9998673961510959, 0.9999999995963247, 0.9999999996610196]"
sampleJointGoalAndRSASignal_fromStart,session_10_player1,10,7,1,equal_to_both,11,"[0.5, 0.4999139772818981, 0.9938470042219454, 0.9999345320948447, 0.9999988846460778, 0.9999989133057173, 0.999999981508168, 0.9999999995128407, 0.9999999999701021, 0.9999999999861622, 0.9999999999935921]"
sampleJointGoalAndRSASignal_fromStart,session_10_player2,10,7,2,equal_to_both,11,"[0.5, 0.5014710272261315, 0.9938744800915659, 0.9999346896103309, 0.9999358624601445, 0.9999993210260333, 0.9999993455229481, 0.9999993897709079, 0.9999999947553145, 0.9999999974210074, 0.9999999999246195]"
sampleJointGoalAndRSASignal_fromStart,session_10_player1,10,10,1,closer_to_player2,9,"[0.5, 0.5028362820498682, 0.9896235786896954, 0.9998170003086876, 0.9998699504843471, 0.9999965933084098, 0.999998330353824, 0.9999991748301413, 0.9999995900911918]"
sampleJointGoalAndRSASignal_fromStart,session_10_player2,10,10,2,closer_to_player2,9,"[0.5, 0.5137997029745764, 0.5163488031972115, 0.5959007906892015, 0.9999879706051467, 0.9999999991958796, 0.9999999999997669, 0.9999999999999998, 1.0]"
sampleJointGoalAndRSASignal_fromStart,session_10_player1,10,11,1,closer_to_player1,9,"[0.5, 0.33351655673070774, 0.2001876343823051, 0.11123058177014973, 0.9997059590855026, 0.9999999830545923, 0.9999999866272111, 0.9999999885035944, 0.9999999904083255]"
sampleJointGoalAndRSASignal_fromStart,session_10_player2,10,11,2,closer_to_player1,9,"[0.5, 0.5034543879282344, 0.505645928308121, 0.507107200364992, 0.5082886976425591, 0.5024717290710747, 0.5088334167839267, 0.46269535861853267, 0.5722992964475884]"
sampleJointGoalAndRSASignal_fromStart,session_11_player1,11,0,1,closer_to_player1,11,"[0.5, 0.9996595078161689, 0.9999997285308916, 0.9999999995366796, 0.9999999999983975, 0.9999999999999796, 0.9999999999999999, 1.0, 1.0, 5.603979254390098e-14, 3.753176394021094e-12]"
sampleJointGoalAndRSASignal_fromStart,session_11_player2,11,0,2,closer_to_player1,9,"[0.5, 0.4211977833146154, 0.9786097079239747, 0.999614434723081, 0.9996166611709997, 0.9999951459092631, 0.999993467364601, 0.999999944298321, 0.9999999992509554]"
sampleJointGoalAndRSASignal_fromStart,session_11_player1,11,1,1,closer_to_player2,9,"[0.5, 0.5034763047902941, 0.9896954490307726, 0.9898648660119935, 0.9899670645928247, 0.9999381130173141, 0.9999387509528161, 0.9999270751665083, 0.9999998731609228]"
sampleJointGoalAndRSASignal_fromStart,session_11_player2,11,1,2,closer_to_player2,9,"[0.5, 0.999654961639471, 0.9999997188962225, 0.9999999995066823, 0.9999999995342159, 0.9999999997384857, 0.9999999999990132, 0.9999999999999969, 1.0]"
sampleJointGoalAndRSASignal_fromStart,session_11_player1,11,2,1,closer_to_player1,9,"[0.5, 0.9996549593566612, 0.9999997188925751, 0.9999999995066143, 0.9999999999982502, 0.9999999999999808, 0.9999999999999909, 0.9999999999999973, 1.0]"
sampleJointGoalAndRSASignal_fromStart,session_11_player2,11,2,2,closer_to_player1,9,"[0.5, 0.983213320708624, 0.9995548400728606, 0.9995818703538647, 0.9995989293123039, 0.9999930357984219, 0.9999996828445175, 0.9999998444523092, 0.9999999235598988]"
sampleJointGoalAndRSASignal_fromStart,session_11_player1,11,5,1,equal_to_both,9,"[0.5, 0.9966408735113296, 0.9999792301303284, 0.9999794438690753, 0.9999998732407087, 0.9999998758010225, 0.9999998821451441, 0.9999999204285858, 0.9999999998680795]"
sampleJointGoalAndRSASignal_fromStart,session_11_player2,11,5,2,equal_to_both,9,"[0.5, 0.5000002216503284, 0.49999228775835003, 0.499892273981883, 0.4990308901898777, 0.9998929739838021, 0.9999999680180458, 0.9999999999762494, 0.9999999999999606]"
sampleJointGoalAndRSASignal_fromStart,session_11_player1,11,6,1,closer_to_player1,8,"[0.5, 0.9998463201921833, 0.9999999718320709, 0.9999999999930645, 0.9999999999999959, 1.0, 1.0, 1.0]"
sampleJointGoalAndRSASignal_fromStart,session_11_player2,11,6,2,closer_to_player1,10,"[0.5, 0.5038781658725148, 0.0008157744929436657, 0.11709745604411648, 0.9263575488557942, 0.9986494755053801, 0.9986931311361571, 0.9987148800308967, 0.9984734791080816, 0.9999952872102579]"
sampleJointGoalAndRSASignal_fromStart,session_11_player1,11,7,1,closer_to_player2,13,"[0.5, 0.5024433405741877, 0.5036253526624325, 0.4983392828513857, 0.3754371395043625, 0.998582634299615, 0.9698343288769347, 0.9998582415169678, 0.9999988276247463, 0.930434114428064, 0.9072858974012121, 0.999685597602185, 0.9999983166005795]"
sampleJointGoalAndRSASignal_fromStart,session_11_player2,11,7,2,closer_to_player2,9,"[0.5, 0.9995263805431466, 0.9997431668819787, 0.9999998417185394, 0.9999999995752711, 0.9999999999991876, 0.9999999999999978, 1.0, 1.0]"
sampleJointGoalAndRSASignal_fromStart,session_11_player1,11,8,1,closer_to_player2,8,"[0.5, 0.5036073094389806, 0.4999241256711078, 0.5842489705116988, 0.6559664422949805, 0.7097725972105383, 0.6659463062048157, 0.8018589977988351]"
sampleJointGoalAndRSASignal_fromStart,session_11_player2,11,8,2,closer_to_player2,8,"[0.5, 0.3330250522419406, 0.9999258251310189, 0.999999995750126, 0.9999999957502604, 0.9999999957503133, 0.9999999957503296, 0.9999999999999913]"
sampleJointGoalAndRSASignal_fromStart,session_11_player1,11,10,1,equal_to_both,10,"[0.5, 0.9938484355246483, 0.999934546101935, 0.9999988839103844, 0.9999989358366531, 0.9999989684948554, 0.999998986138009, 0.9999989944684307, 0.9999988436553406, 0.9999999986305428]"
sampleJointGoalAndRSASignal_fromStart,session_11_player2,11,10,2,equal_to_both,10,"[0.5, 0.5149196906629475, 0.5162745959721754, 0.9983994877194253, 0.9984080101089294, 0.9984608470703284, 0.9999983249838245, 0.9999999960336015, 0.9999999999779156, 0.9999999999937449]"
sampleJointGoalAndRSASignal_fromStart,session_12_player2,12,0,2,closer_to_player2,8,"[0.5, 0.4940587963535098, 0.9955788533788168, 0.9927774782186715, 0.9999766861708679, 0.999999871453501, 0.999999998852655, 0.9999999999843152]"
sampleJointGoalAndRSASignal_fromStart,session_12_player1,12,1,1,closer_to_player1,11,"[0.5, 0.002399812446229368, 0.003664194650114769, 0.9597920990980654, 0.9999922518243066, 0.9999999953639359, 0.9999999999981507, 0.9999999999999984, 1.0, 1.0, 1.0]"
sampleJointGoalAndRSASignal_fromStart,session_12_player2,12,1,2,closer_to_player1,11,"[0.5, 0.9832242130859096, 0.9995560813567168, 0.9999831935603357, 0.9999991021828166, 0.9999993728355598, 0.9999999546960993, 0.9988541197782174, 0.9999171380616912, 0.9999616103842016, 0.9999818623948801]"
sampleJointGoalAndRSASignal_fromStart,session_12_player1,12,3,1,closer_to_player1,6,"[0.5, 0.5046253202432532, 0.5070471440939759, 0.5134104547509158, 0.4672542247759113, 0.5767497028703181]"
sampleJointGoalAndRSASignal_fromStart,session_12_player2,12,3,2,closer_to_player1,9,"[0.5, 0.5028347455539365, 0.5056589502847331, 0.5017265109145873, 0.49658778205572335, 0.5034710180105219, 0.47614207066369807, 0.43038164353381775, 0.3580417297355368]"
sampleJointGoalAndRSASignal_fromStart,session_12_player1,12,5,1,closer_to_player2,14,"[0.5, 0.49659436384094746, 0.4944022174012715, 0.4931835227318944, 0.49640087666558896, 0.6031563522190383, 0.999898505280799, 0.9998648418766728, 0.5742492203616922, 0.402704164235494, 0.25082982208253113, 1.0, 1.0, 1.0]"
sampleJointGoalAndRSASignal_fromStart,session_12_player2,12,5,2,closer_to_player2,8,"[0.5, 0.11996912682226801, 0.07322570469826015, 0.1364427329845775, 0.2401357605457141, 0.38731537491077456, 0.5584339029871462, 0.7180459874951942]"
sampleJointGoalAndRSASignal_fromStart,session_12_player1,12,6,1,equal_to_both,11,"[0.5, 0.5000003179278482, 0.9982965180134785, 0.9928334487485807, 0.9928656298547144, 0.9999758203470467, 0.9999998508967748, 0.9999999984130176, 0.9999999987692695, 0.9999999990000868, 0.9999999999914516]"
sampleJointGoalAndRSASignal_fromStart,session_12_player2,12,6,2,equal_to_both,9,"[0.5, 0.9966371813001622, 0.9966540768164975, 0.9999887017734173, 0.9999887951448605, 0.9999999613106112, 0.9999999632870491, 0.9999999998525144, 0.9999999999161197]"
sampleJointGoalAndRSASignal_fromStart,session_12_player1,12,7,1,equal_to_both,12,"[0.5, 0.9811838368350151, 0.9833864465730139, 0.9997053949981429, 0.9999921611767488, 0.99999968720204, 0.9999999663340579, 0.9999999848046824, 0.9999999929252814, 0.9999999967107612, 0.9999999985148577, 0.9999999995716974]"
sampleJointGoalAndRSASignal_fromStart,session_12_player2,12,7,2,equal_to_both,12,"[0.5, 0.4987311526176068, 0.9894014466731693, 0.9895181901391821, 0.9895927501424456, 0.9999352629413044, 0.9999993173240981, 0.9999999883831877, 0.99999999969396, 0.9999999999812178, 0.999999999991307, 0.9999999999959744]"
sampleJointGoalAndRSASignal_fromStart,session_12_player1,12,8,1,closer_to_player2,9,"[0.5, 0.5034829801078556, 0.5051874762096946, 0.5070023521168249, 0.5024597527750396, 0.4972071455976021, 0.5031229200907695, 0.46048807745538284, 0.5617934797391725]"
sampleJointGoalAndRSASignal_fromStart,session_12_player2,12,8,2,closer_to_player2,6,"[0.5, 0.506284949048234, 0.5097948551515594, 0.5041533263284066, 0.5464385733363661, 0.4739100779634988]"
sampleJointGoalAndRSASignal_fromStart,session_12_player1,12,10,1,closer_to_player1,9,"[0.5, 0.9996549832652599, 0.999662897331814, 0.9999998456954609, 0.999999910826367, 0.9999999998641652, 0.999999999999777, 0.9999999999999998, 1.0]"
sampleJointGoalAndRSASignal_fromStart,session_12_player2,12,10,2,closer_to_player1,9,"[0.5, 0.5039500629703334, 0.9897074461707573, 0.989880652498723, 0.9998922278087056, 0.9998947548043376, 0.9999988906214191, 0.9999990567599362, 0.9999999900457534]"
sampleJointGoalAndRSASignal_fromStart,session_13_player1,13,0,1,closer_to_player1,9,"[0.5, 0.9996595272498995, 0.9999997282803215, 0.9999999995362513, 0.9999999999983961, 0.9999999999999927, 1.0, 1.0, 1.0]"
sampleJointGoalAndRSASignal_fromStart,session_13_player2,13,0,2,closer_to_player1,9,"[0.5, 0.9743507319639018, 0.9992711500528836, 0.9999722444813118, 0.9999985331457549, 0.9999986457853152, 0.9999999258430737, 0.9999999913668274, 0.9999999958965606]"
sampleJointGoalAndRSASignal_fromStart,session_13_player1,13,2,1,equal_to_both,12,"[0.5, 0.5001867495491541, 0.989336444913884, 0.9998128212121954, 0.9999950373357205, 0.9999998023406299, 0.9999998726780231, 0.999999912988254, 0.9999999958074469, 0.9999999979921963, 0.9999999990439512, 0.9999999995570248]"
sampleJointGoalAndRSASignal_fromStart,session_13_player2,13,2,2,equal_to_both,12,"[0.5, 0.9813341136738855, 0.9994596367949387, 0.9995463367089102, 0.9995639708498004, 0.9995714598401061, 0.9999954742588701, 0.9999999212094279, 0.9999999962035403, 0.9999999981818876, 0.9999999991342761, 0.999999999598876]"
sampleJointGoalAndRSASignal_fromStart,session_13_player1,13,3,1,equal_to_both,12,"[0.5, 0.4987311526176068, 0.49864519631906945, 0.49862414332850186, 0.996627995790922, 0.9966399547360704, 0.9999889140320452, 0.999999932671186, 0.9999999331163221, 0.999999912363592, 0.999999999794515, 0.9999999999991172]"
sampleJointGoalAndRSASignal_fromStart,session_13_player2,13,3,2,equal_to_both,12,"[0.5, 0.9811838368350151, 0.9833864465730139, 0.9838015493519972, 0.9998255405972848, 0.9998286749466639, 0.9999981861208651, 0.9999982515669507, 0.999999980531487, 0.9999999994791972, 0.9999999997648495, 0.9999999999321846]"
sampleJointGoalAndRSASignal_fromStart,session_13_player1,13,4,1,closer_to_player1,10,"[0.5, 0.9989182218720544, 0.9990858821735273, 0.9999992226771398, 0.9999999969359218, 0.9999999983695181, 0.9999999991620219, 0.9999999997384054, 0.9999999999997627, 0.9999999999999998]"
sampleJointGoalAndRSASignal_fromStart,session_13_player2,13,4,2,closer_to_player1,9,"[0.5, 0.5028451023061139, 0.5045016671127729, 0.9939575032899491, 0.9941067242761453, 0.9999621189737214, 0.999970507782809, 0.9999747191545043, 0.9999747487784827]"
sampleJointGoalAndRSASignal_fromStart,session_13_player1,13,6,1,closer_to_player2,9,"[0.5, 0.9832217451304436, 0.9995560348231589, 0.9995726296904517, 0.9995835800945574, 0.9999929672581052, 0.9999931476015586, 0.9999919107309498, 0.9999999573595982]"
sampleJointGoalAndRSASignal_fromStart,session_13_player2,13,6,2,closer_to_player2,11,"[0.5, 0.0024172469895718364, 0.003726975083818889, 0.9605412303652137, 0.999993000903088, 0.9999999967999802, 0.9999999999962166, 0.9999999999999933, 1.0, 1.0, 1.0]"
sampleJointGoalAndRSASignal_fromStart,session_13_player1,13,11,1,closer_to_player1,9,"[0.5, 0.41628409807292666, 0.5256052885020702, 0.9998616299399665, 0.9998161491838237, 0.9997671473858819, 0.999729212864443, 0.9999999991847428, 0.9999999993198151]"
sampleJointGoalAndRSASignal_fromStart,session_13_player2,13,11,2,closer_to_player1,9,"[0.5, 0.5030325059602236, 0.497152125942525, 0.5854945540174548, 0.46125881590500517, 0.631343683995214, 0.7740532009568935, 0.8726716489408924, 0.932481115703771]"
sampleJointGoalAndRSASignal_fromStart,session_14_player1,14,3,1,closer_to_player2,11,"[0.5, 0.9832133207086142, 0.9995548400728606, 0.9999823672389225, 0.9999979880617942, 0.9999990386862744, 0.9999990386862743, 0.9999995333272573, 0.9999997711221246, 0.9999998875235722, 0.999999887523572]"
sampleJointGoalAndRSASignal_fromStart,session_14_player2,14,3,2,closer_to_player2,9,"[0.5, 0.9996549593572474, 0.9996628807384369, 0.9997960880286588, 0.9999998914575665, 0.999999999918601, 0.9999999999999669, 1.0, 1.0]"
sampleJointGoalAndRSASignal_fromStart,session_14_player1,14,4,1,closer_to_player2,9,"[0.5, 0.9820985291609867, 0.9829839216484602, 0.9996805520386223, 0.9997750504956897, 0.9998346241141897, 0.999996172937703, 0.9999978508540749, 0.999998782356881]"
sampleJointGoalAndRSASignal_fromStart,session_14_player2,14,4,2,closer_to_player2,9,"[0.5, 0.5858256923068774, 0.00024381535247812845, 0.972032911386998, 0.9999995502690747, 0.9999999999799659, 0.9999999999999973, 1.0, 1.0]"
sampleJointGoalAndRSASignal_fromStart,session_14_player1,14,6,1,equal_to_both,8,"[0.5, 0.998240753679024, 0.9999940681537491, 0.9999941021274406, 0.9999999803317622, 0.9999999998789699, 0.9999999998963925, 0.9999999999993594]"
sampleJointGoalAndRSASignal_fromStart,session_14_player2,14,6,2,equal_to_both,8,"[0.5, 0.5578630902581799, 0.5727266789546439, 0.6925928190413315, 0.9999047499273152, 0.9999998859261291, 0.9999999998831984, 0.9999999999997932]"
sampleJointGoalAndRSASignal_fromStart,session_14_player1,14,7,1,equal_to_both,14,"[0.5, 0.9828669790901431, 0.3862711246657504, 0.9730500059986746, 0.9992665655191836, 0.9999718073991295, 0.9999737587679516, 0.9999747652688747, 0.9999754136740941, 0.9999995816148874, 0.9999995955285945, 0.9999996040703525, 0.9999999962377227, 0.9999999999276072]"
sampleJointGoalAndRSASignal_fromStart,session_14_player2,14,7,2,equal_to_both,16,"[0.5, 0.018069954359697132, 0.017563509872688128, 0.737805414078865, 0.7389420960922368, 0.9978145386728711, 0.9978326200681871, 0.9999865857686628, 0.99998676666732, 0.9999874429576863, 0.999992889144304, 0.999999918490733, 0.9999999998088817, 0.9999999999991789, 1.8372751003748556e-21, 6.285869683333102e-20]"
sampleJointGoalAndRSASignal_fromStart,session_14_player1,14,10,1,closer_to_player1,8,"[0.5, 0.9998681159759247, 0.9998711714427806, 0.9999999827880022, 0.9999999999908551, 0.9999999999955392, 0.9999999999986525, 0.9999999999999997]"
sampleJointGoalAndRSASignal_fromStart,session_14_player2,14,10,2,closer_to_player1,9,"[0.5, 0.4137307853229072, 0.3353091860429553, 0.26260068200182035, 0.19957330685551133, 0.1475328372489286, 0.08073839702827591, 0.22525849418908803, 0.9990975377838817]"
sampleJointGoalAndRSASignal_fromStart,session_14_player1,14,11,1,closer_to_player1,9,"[0.5, 0.9995495866786226, 0.9999994774733834, 0.999999999059655, 0.9999999999977349, 0.9999999999999785, 0.9999999999999999, 1.0, 1.0]"
sampleJointGoalAndRSASignal_fromStart,session_14_player2,14,11,2,closer_to_player1,11,"[0.5, 0.5030281823528939, 0.49714470022525986, 0.3649547074039405, 0.00034439367084014745, 0.28726514572195216, 0.9958469500483285, 0.9999871768633875, 0.999999932460533, 0.9999999994259474, 0.9999999999924991]"
sampleJointGoalAndRSASignal_fromStart,session_15_player1,15,0,1,equal_to_both,9,"[0.5, 0.9966416103525463, 0.9966614032404769, 0.9999886110793578, 0.9999999281295983, 0.99999993201461, 0.9999999995430943, 0.9999999996868798, 0.9999999999980477]"
sampleJointGoalAndRSASignal_fromStart,session_15_player2,15,0,2,equal_to_both,11,"[0.5, 0.0033585467540479925, 0.6631504208136413, 0.6631496412483442, 0.6631454133949422, 0.9996086345763918, 0.9999993353073806, 0.9999999976907543, 0.9999999981948701, 0.9999999999939355, 0.9999999999999621]"
sampleJointGoalAndRSASignal_fromStart,session_15_player1,15,4,1,closer_to_player1,9,"[0.5, 0.49923580064989154, 0.5003768995938077, 0.5743637475699934, 0.999990580066226, 0.9999999995366888, 0.9999999999996647, 0.9999999999999999, 1.0]"
sampleJointGoalAndRSASignal_fromStart,session_15_player2,15,4,2,closer_to_player1,11,"[0.5, 0.5051064372148607, 0.507615752888435, 0.5090646328119951, 0.00035304170610689286, 0.17163757473541497, 0.17207266735925014, 0.1714239169819772, 0.13311652015657913, 0.9985126213804657, 0.9999991823594587]"
sampleJointGoalAndRSASignal_fromStart,session_15_player1,15,5,1,equal_to_both,10,"[0.5, 0.49999858274523373, 0.4999988025692545, 0.9982965029757025, 0.9999942578192926, 0.9999943049857366, 0.9999945049915601, 0.999999989826665, 0.9999999931313257, 0.9999999999886126]"
sampleJointGoalAndRSASignal_fromStart,session_15_player2,15,5,2,equal_to_both,10,"[0.5, 0.9938430428580964, 0.9999344032327133, 0.9999355242380927, 0.9999361877146985, 0.9999996064848886, 0.9999996144331968, 0.9999999975308616, 0.9999999979939367, 0.9999999988590788]"
sampleJointGoalAndRSASignal_fromStart,session_15_player1,15,6,1,closer_to_player2,9,"[0.5, 0.5034526405547213, 0.5057020757059149, 0.5075169041476957, 0.502974398102978, 0.5092467710870378, 0.48470604163308784, 0.5584427400330416, 0.5586624032053203]"
sampleJointGoalAndRSASignal_fromStart,session_15_player2,15,6,2,closer_to_player2,6,"[0.5, 0.49534034075131445, 0.5707849822960546, 0.6301104919886429, 0.6687126581341306, 0.7519790400826332]"
sampleJointGoalAndRSASignal_fromStart,session_15_player1,15,8,1,closer_to_player2,9,"[0.5, 0.503436029006748, 0.5054059205480513, 0.5006178019367767, 0.3771487012266762, 0.547742150917886, 0.7078317755458828, 0.8289631081007913, 0.90706194219856]"
sampleJointGoalAndRSASignal_fromStart,session_15_player2,15,8,2,closer_to_player2,11,"[0.5, 0.6236402434411031, 0.9996817889577905, 0.9999998407224262, 0.9999999997843751, 0.9999999998921955, 0.9999999999461073, 0.999999999973061, 0.9999999999866223, 8.249599440638363e-19, 1.6612339865101997e-18]"
sampleJointGoalAndRSASignal_fromStart,session_15_player1,15,9,1,closer_to_player2,10,"[0.5, 0.6329511166245201, 0.46220741236005614, 0.29357027368801847, 0.10719654472026793, 0.999846443324766, 0.9999999956029582, 0.9999999999997108, 1.0, 1.0]"
sampleJointGoalAndRSASignal_fromStart,session_15_player2,15,9,2,closer_to_player2,6,"[0.5, 0.41999358685308624, 0.9997656542056274, 0.016700635796167502, 0.9901052927461116, 0.9999960205653263]"
sampleJointGoalAndRSASignal_fromStart,session_15_player1,15,10,1,closer_to_player1,9,"[0.5, 0.9996549410571353, 0.999999718622825, 0.999999733797931, 0.9999999997042337, 0.9999999999989505, 0.9999999999997045, 0.9999999999999988, 1.0]"
sampleJointGoalAndRSASignal_fromStart,session_15_player2,15,10,2,closer_to_player1,9,"[0.5, 0.5029881920022011, 0.989671583127204, 0.9898425796346112, 0.9998918209473792, 0.9998943544621851, 0.999895430885778, 0.9998752028683179, 0.9999997900428772]"
sampleJointGoalAndRSASignal_fromStart,session_15_player1,15,11,1,equal_to_both,8,"[0.5, 0.9983486251008151, 0.9999945683593531, 0.9999945161774211, 0.9999916065976504, 0.9999999926433759, 0.999999999987205, 0.9999999999999589]"
sampleJointGoalAndRSASignal_fromStart,session_15_player2,15,11,2,equal_to_both,8,"[0.5, 0.9982474721270501, 0.9983210674720953, 0.9990501695149409, 0.9999985976465765, 0.9999999883628264, 0.999999999952976, 0.9999999999995505]"
sampleJointGoalAndRSASignal_fromStart,session_16_player1,16,0,1,closer_to_player2,9,"[0.5, 0.9832222727917264, 0.9995550112957227, 0.9999823636665324, 0.9999979871608564, 0.9999990379819139, 0.9999995329818134, 0.99999977095264, 0.999999887440278]"
sampleJointGoalAndRSASignal_fromStart,session_16_player2,16,0,2,closer_to_player2,9,"[0.5, 0.5031074470706074, 0.6083745969659647, 0.9999582328190098, 0.9999999912300214, 0.9999999999947958, 0.9999999999999922, 1.0, 1.0]"
sampleJointGoalAndRSASignal_fromStart,session_16_player1,16,1,1,closer_to_player2,9,"[0.5, 0.5033927551728044, 0.5053354394053065, 0.994150330607909, 0.9999389290357895, 0.9999989689348524, 0.999999973194565, 0.999999977688746, 0.9999999781573526]"
sampleJointGoalAndRSASignal_fromStart,session_16_player2,16,1,2,closer_to_player2,11,"[0.5, 0.6228982547810861, 0.999870762587839, 0.9999998045496489, 0.9999999997686112, 0.9999999999995974, 0.9999999999999987, 0.9999999999062331, 0.9999999999996716, 0.9999999999999976, 1.0]"
sampleJointGoalAndRSASignal_fromStart,session_16_player1,16,5,1,equal_to_both,10,"[0.5, 0.4993392753894356, 0.4989196171316772, 0.4984286965677718, 0.49219815990168675, 0.9997493940763262, 0.9996134423684879, 0.9999999334765031, 0.9999999999729585, 0.9999999999999764]"
sampleJointGoalAndRSASignal_fromStart,session_16_player2,16,5,2,equal_to_both,10,"[0.5, 0.9924974417692435, 0.9939893313432169, 0.9999606400222513, 0.9999992953509301, 0.9999996614573892, 0.9999998330910984, 0.9999999207473259, 0.999999977686086, 0.9999999999072005]"
sampleJointGoalAndRSASignal_fromStart,session_16_player1,16,7,1,closer_to_player1,10,"[0.5, 0.9991993611929412, 0.9999986301936564, 0.9999986325118376, 0.9999999976672371, 0.99999999767815, 0.999999997739754, 0.999999999998061, 0.9999999999986906, 0.999999999999999]"
sampleJointGoalAndRSASignal_fromStart,session_16_player2,16,7,2,closer_to_player1,11,"[0.5, 0.003427773472437087, 0.0034568656933266803, 0.35956281225500547, 0.36195925948655205, 0.36331911871827055, 0.9941368658544328, 0.9999632231866242, 0.9999716893614179, 0.9999997611344904, 0.9999998864163281]"
sampleJointGoalAndRSASignal_fromStart,session_16_player1,16,8,1,closer_to_player1,11,"[0.5, 0.4980205809880896, 0.5026948293315711, 0.6247863885184605, 0.9998758097558399, 0.9999998073986668, 0.999999999849108, 0.9999999999993957, 0.999999999999999, 1.0, 1.0]"
sampleJointGoalAndRSASignal_fromStart,session_16_player2,16,8,2,closer_to_player1,9,"[0.5, 0.9832118721182505, 0.9995552881378895, 0.9999831450339193, 0.9999842830455343, 0.999984977518014, 0.9999853667428248, 0.9999827966137064, 0.9999999051608033]"
sampleJointGoalAndRSASignal_fromStart,session_16_player1,16,9,1,closer_to_player1,9,"[0.5, 0.9995104242618179, 0.9999995870131752, 0.9999997093712166, 0.9999997917356935, 0.9999998457309728, 0.9999998799177332, 0.9999999999921232, 0.9999999999973644]"
sampleJointGoalAndRSASignal_fromStart,session_16_player2,16,9,2,closer_to_player1,9,"[0.5, 0.5034943783668705, 0.5064742093566201, 0.5184642369880766, 0.43940174504998514, 0.5662855414555655, 0.9919224947688422, 0.9934071457763612, 0.9946047276804821]"
sampleJointGoalAndRSASignal_fromStart,session_16_player1,16,11,1,closer_to_player2,9,"[0.5, 0.5018468064698506, 0.9899115854813445, 0.9898317241720952, 0.9999223832377855, 0.9998826376499124, 0.9999993813260192, 0.999999994734735, 0.9999999999303877]"
sampleJointGoalAndRSASignal_fromStart,session_16_player2,16,11,2,closer_to_player2,9,"[0.5, 0.9996542983516467, 0.9999997243983146, 0.9999999995298606, 0.9999999999984177, 0.9999999999999901, 1.0, 1.0, 1.0]"
sampleJointGoalAndRSASignal_fromStart,session_17_player1,17,0,1,closer_to_player2,14,"[0.5, 0.49696740882810225, 0.5028477283367027, 0.6350214670338921, 0.999127552465323, 0.999998930659884, 0.9999992242814134, 0.9999999989526497, 0.9999999965947972, 0.9999999975676108, 0.9999999962625834, 0.9999999981316701, 0.999999999066114, 0.9999999995365414]"
sampleJointGoalAndRSASignal_fromStart,session_17_player2,17,0,2,closer_to_player2,7,"[0.5, 0.48341717204589396, 0.48962284067283884, 0.487056157467905, 0.4074056662678315, 0.579018420785792, 0.734852313890486]"
sampleJointGoalAndRSASignal_fromStart,session_17_player1,17,1,1,closer_to_player2,9,"[0.5, 0.5034056361594393, 0.5055977825991422, 0.5070631934441139, 0.5074293368899211, 0.505729652146798, 0.42449994295752896, 0.5960641450225133, 0.7482071838718222]"
sampleJointGoalAndRSASignal_fromStart,session_17_player2,17,1,2,closer_to_player2,6,"[0.5, 0.5047328209583488, 0.5030031432963806, 0.564511257827957, 0.6056539219523742, 0.5345394992521527]"
sampleJointGoalAndRSASignal_fromStart,session_17_player1,17,4,1,equal_to_both,12,"[0.5, 0.9827983842544424, 0.9995348145322303, 0.9995579099404865, 0.9999884497547019, 0.999988900303341, 0.9999891889083289, 0.9999998154101969, 0.9999998223872886, 0.9999999968224823, 0.9999999998887036, 0.9999999999512399]"
sampleJointGoalAndRSASignal_fromStart,session_17_player2,17,4,2,equal_to_both,14,"[0.5, 0.017199807147374166, 0.6154415282297502, 0.9891816358807606, 0.989448231469579, 0.9895692209311221, 0.9896449325746733, 0.9897055881725033, 0.999964637417859, 0.9999997768394676, 0.9999997889097072, 0.9999999985811167, 0.9999999999821453, 0.9999999999995528]"
sampleJointGoalAndRSASignal_fromStart,session_17_player1,17,5,1,closer_to_player1,11,"[0.5, 0.4980006831857101, 0.5026747509806507, 0.6247676834267913, 0.9996743931017306, 0.9999997243253826, 0.9999999998877445, 0.9999999999999015, 0.9999999999999998, 1.0, 1.0]"
sampleJointGoalAndRSASignal_fromStart,session_17_player2,17,5,2,closer_to_player1,9,"[0.5, 0.9832242119433193, 0.9995560783927858, 0.9999831934284952, 0.999999102602169, 0.9999993731636769, 0.9999999549423714, 0.9999999791376825, 0.999999990148752]"
sampleJointGoalAndRSASignal_fromStart,session_17_player1,17,6,1,closer_to_player1,11,"[0.5, 0.4953332385463024, 0.4970341040394166, 0.5781988067825781, 0.9999729624709796, 0.9999999984387792, 0.9999729624715833, 0.9999999984387793, 0.9999999987706928, 0.9999999989465846, 0.9999999991154094]"
sampleJointGoalAndRSASignal_fromStart,session_17_player2,17,6,2,closer_to_player1,9,"[0.5, 0.5030078822614841, 0.5051902998890478, 0.5064078945562971, 0.5110709140526546, 0.5135424666088703, 0.5081377511644741, 0.45895375757146745, 0.6307477121585043]"
sampleJointGoalAndRSASignal_fromStart,session_17_player1,17,7,1,equal_to_both,11,"[0.5, 0.9892762229733918, 0.9895452054887943, 0.9998880484659609, 0.9999980862296362, 0.9999981833224132, 0.9999999683834881, 0.9999999985580268, 0.9999999993295863, 0.9999999996972978, 0.9999999999127033]"
sampleJointGoalAndRSASignal_fromStart,session_17_player2,17,7,2,equal_to_both,11,"[0.5, 0.9894545364746299, 0.9895707013187982, 0.989644891704576, 0.9999355906542913, 0.9999362007930818, 0.9999357393859993, 0.9999053454725381, 0.9999998878776056, 0.9999999997371017, 0.9999999999988705]"
sampleJointGoalAndRSASignal_fromStart,session_17_player1,17,9,1,closer_to_player2,12,"[0.5, 0.4965969046860799, 0.49461872872631, 0.49930418863268944, 0.4160539762575555, 0.5224772980275786, 0.35356975720846573, 0.9999326769653506, 0.9999146941607366, 0.9999007734403134, 0.9998810887884191, 1.0]"
sampleJointGoalAndRSASignal_fromStart,session_17_player2,17,9,2,closer_to_player2,10,"[0.5, 0.49687928458552805, 0.39139623702102455, 0.5626459072891019, 4.737265837182004e-05, 6.002679274528283e-05, 6.982261376282642e-05, 8.36745726715773e-05, 4.716349264885364e-38, 8.367457270562703e-05]"
sampleJointGoalAndRSASignal_fromStart,session_17_player1,17,10,1,equal_to_both,13,"[0.5, 0.9894603141855328, 0.9895789153124384, 0.9998887297989156, 0.9999981037735348, 0.9999999495111267, 0.999999965177314, 0.9999999986086539, 0.9999999993307372, 0.9999999996756852, 0.9999991755648695, 0.9999993504174687, 0.9999991113648196]"
sampleJointGoalAndRSASignal_fromStart,session_17_player2,17,10,2,equal_to_both,11,"[0.5, 0.5003857968873345, 0.9937771029344085, 0.9999326619005078, 0.9999348173288082, 0.999999311245352, 0.9999999880812827, 0.9999999914185396, 0.9999999934172189, 0.9999999999133249, 0.9999999999597666]"
sampleJointGoalAndRSASignal_fromStart,session_17_player1,17,11,1,closer_to_player1,11,"[0.5, 0.9995412508412093, 0.9999994961529755, 0.9999999988029499, 0.9999999999943677, 0.999999939346265, 0.9999999997146134, 0.9999999999975214, 0.9999999999988959, 0.9999999999999722, 0.9999999999999996]"
sampleJointGoalAndRSASignal_fromStart,session_17_player2,17,11,2,closer_to_player1,9,"[0.5, 0.503439962518063, 0.98970407066617, 0.9998230565048084, 0.999827598253343, 0.9999970870682143, 0.9999999238212964, 0.999999937332454, 0.9999999981601841]"
sampleJointGoalAndRSASignal_fromStart,session_18_player1,18,0,1,closer_to_player2,9,"[0.5, 0.5030325755007047, 0.49715225288070897, 0.5854946886141207, 0.664091605885984, 0.7277185531790478, 0.7734638274484069, 0.7378154426547545, 0.8500871468877329]"
sampleJointGoalAndRSASignal_fromStart,session_18_player2,18,0,2,closer_to_player2,9,"[0.5, 0.5045815053413033, 0.4296238209352099, 0.37089021560081026, 0.41702376341173025, 0.26199202374809705, 1.0, 1.0, 1.0]"
sampleJointGoalAndRSASignal_fromStart,session_18_player1,18,1,1,closer_to_player1,6,"[0.5, 0.49689305773330383, 0.39163594788490813, 0.9993694490684752, 0.9999994475100975, 0.9999999990398444]"
sampleJointGoalAndRSASignal_fromStart,session_18_player2,18,1,2,closer_to_player1,14,"[0.5, 0.49652367256989083, 0.49430104218284804, 0.9991819356464091, 0.9999986007202714, 0.9999986067468146, 0.9999986534942428, 0.9999999985258387, 0.9999999991746752, 0.9999999999968778, 0.9999999999999937, 1.0, 3.701688165092299e-17, 4.5190535124222015e-15]"
sampleJointGoalAndRSASignal_fromStart,session_18_player1,18,2,1,closer_to_player1,7,"[0.5, 0.9999960443191002, 0.999999999849875, 0.9999999999999926, 0.9999999971531323, 0.9999999999998608, 1.0]"
sampleJointGoalAndRSASignal_fromStart,session_18_player2,18,2,2,closer_to_player1,9,"[0.5, 0.5044829339198846, 0.5196756620258117, 0.6551415016513611, 0.9906372718695973, 0.9997379642072994, 0.9998338014314632, 0.999893263159574, 0.9999310512745434]"
sampleJointGoalAndRSASignal_fromStart,session_18_player1,18,3,1,closer_to_player1,6,"[0.5, 0.5016195744922924, 0.5087679328687554, 0.4812446704107492, 0.5649170932929098, 0.5670318841067694]"
sampleJointGoalAndRSASignal_fromStart,session_18_player2,18,3,2,closer_to_player1,16,"[0.5, 0.5034565445573281, 0.5056479263727008, 0.5068731014305178, 0.5114416202755303, 0.5138463536476114, 0.508024761752772, 0.4597803301853814, 0.6316756831358195, 1.1583477856782444e-33, 3.4862113857972e-39, 1.158347628217833e-33, 3.486210911897836e-39, 1.1583474707574429e-33, 1.3881689355356585e-33, 1.3881689355356585e-33]"
sampleJointGoalAndRSASignal_fromStart,session_18_player1,18,7,1,closer_to_player2,11,"[0.5, 0.9831905732420465, 0.9835725621518491, 0.9834434199845221, 0.9731612366288114, 0.9999152042543009, 0.9999995533756848, 0.9999999962016441, 0.9990716098641036, 0.9999920971532432, 0.9999998955556065]"
sampleJointGoalAndRSASignal_fromStart,session_18_player2,18,7,2,closer_to_player2,9,"[0.5, 0.9995208320328361, 0.9999996106065985, 0.9999999993186863, 0.9999999999976601, 0.9999999999999857, 0.9999999999999999, 1.0, 1.0]"
sampleJointGoalAndRSASignal_fromStart,session_18_player1,18,9,1,closer_to_player2,11,"[0.5, 0.4211977795062278, 0.9786097070589149, 0.9773231703831656, 0.9616330131622843, 0.00559946315725192, 0.6842930520459237, 0.998511661814476, 0.9999921155302967, 0.9999999327713962, 0.999999999095934]"
sampleJointGoalAndRSASignal_fromStart,session_18_player2,18,9,2,closer_to_player2,9,"[0.5, 0.99965952724992, 0.9999997282803215, 0.9999999995368503, 0.9999999999984436, 0.9999999999999906, 0.9999999999999999, 1.0, 1.0]"
sampleJointGoalAndRSASignal_fromStart,session_18_player1,18,10,1,equal_to_both,9,"[0.5, 0.49958282118827635, 0.4990920099505625, 0.9992195664267555, 0.9999986894492462, 0.9999999956296878, 0.9999999956553167, 0.9999999999874778, 0.9999999999875203]"
sampleJointGoalAndRSASignal_fromStart,session_18_player2,18,10,2,equal_to_both,9,"[0.5, 0.9958362489444786, 0.996716540893089, 0.9968502261817036, 0.9999943643775092, 0.9999959495411866, 0.9999999869581842, 0.9999999963286255, 0.9999999999847315]"
sampleJointGoalAndRSASignal_fromStart,session_19_player1,19,1,1,equal_to_both,10,"[0.5, 0.9938429682397641, 0.9938900051445646, 0.9939176059229594, 0.9939405092849607, 0.9999894773938172, 0.999989846940863, 0.9999999812027676, 0.9999999999244867, 0.9999999999993545]"
sampleJointGoalAndRSASignal_fromStart,session_19_player2,19,1,2,equal_to_both,10,"[0.5, 0.49999859211668846, 0.9966408548517064, 0.9999792300148181, 0.9999794437539813, 0.999979612601153, 0.9999999296040896, 0.9999999995491904, 0.9999999999940975, 0.9999999999972583]"
sampleJointGoalAndRSASignal_fromStart,session_19_player1,19,2,1,closer_to_player1,7,"[0.5, 0.9998465595377641, 0.9999999721421413, 0.9999999999852303, 0.9999999999926167, 0.9999999999963094, 0.9999999999981685]"
sampleJointGoalAndRSASignal_fromStart,session_19_player2,19,2,2,closer_to_player1,9,"[0.5, 0.5034379190195566, 0.5054179252005531, 0.5126370205437859, 0.5095197719980857, 0.40350555395469595, 0.5750473535979097, 0.7302562337966286, 0.8450852130129732]"
sampleJointGoalAndRSASignal_fromStart,session_19_player1,19,3,1,closer_to_player2,9,"[0.5, 0.5020230628414107, 0.9899258665608728, 0.9998309494208243, 0.9998327130721307, 0.9997470581960097, 0.9999986675173574, 0.9999999886677741, 0.9999999998502339]"
sampleJointGoalAndRSASignal_fromStart,session_19_player2,19,3,2,closer_to_player2,9,"[0.5, 0.9996557416901816, 0.9999997194126395, 0.9999999995214846, 0.9999999999983686, 0.9999999999999847, 0.9999999999999999, 1.0, 1.0]"
sampleJointGoalAndRSASignal_fromStart,session_19_player1,19,4,1,closer_to_player2,14,"[0.5, 0.9965910629297434, 0.7567375177528539, 0.9989016150361769, 0.9989005156983995, 0.9999962704698759, 0.9999964206174639, 0.9999999875411825, 0.9999999913015191, 0.9999999999499151, 0.99999999997623, 0.9999999999933169, 0.9999999999999722, 0.9999999999999999]"
sampleJointGoalAndRSASignal_fromStart,session_19_player2,19,4,2,closer_to_player2,6,"[0.5, 0.4968180439120515, 0.998722981622751, 0.9999966336592353, 0.999996002680468, 0.9999999932765542]"
sampleJointGoalAndRSASignal_fromStart,session_19_player1,19,5,1,closer_to_player1,10,"[0.5, 0.496846184740025, 0.49610368799773874, 0.99998430477108, 0.9999886857528176, 0.9999999997992152, 0.9999999999999694, 1.0, 1.0, 1.0]"
sampleJointGoalAndRSASignal_fromStart,session_19_player2,19,5,2,closer_to_player1,6,"[0.5, 0.42069138352001817, 0.9868400722408105, 0.9997863544748593, 0.9998924494882528, 0.9999455794496322]"
sampleJointGoalAndRSASignal_fromStart,session_19_player1,19,6,1,equal_to_both,10,"[0.5, 0.993848665532102, 0.999934546407268, 0.9999988838790875, 0.9999999703010642, 0.9999999981945922, 0.9999999991463058, 0.9999999995900859, 0.9999999998014535, 0.9999999999077759]"
sampleJointGoalAndRSASignal_fromStart,session_19_player2,19,6,2,equal_to_both,10,"[0.5, 0.993763735484777, 0.9999324792966049, 0.9999988267265325, 0.9999989055023917, 0.9999989408744092, 0.9999999887253294, 0.9999999912574734, 0.999999999885531, 0.9999999999468302]"
sampleJointGoalAndRSASignal_fromStart,session_19_player1,19,7,1,equal_to_both,6,"[0.5, 0.507664527403052, 0.43151027703670286, 0.3011204184304654, 0.5072153651200212, 0.9999965227526453]"
sampleJointGoalAndRSASignal_fromStart,session_19_player2,19,7,2,equal_to_both,6,"[0.5, 0.6629412255366064, 0.7960860187454433, 0.8864521453185831, 0.9491088493617195, 0.9999998080896033]"
sampleJointGoalAndRSASignal_fromStart,session_19_player1,19,10,1,closer_to_player1,11,"[0.5, 0.003345545906431692, 0.962067936911238, 0.961956456213471, 0.9999947981799138, 0.9999948735237894, 0.9999999991398469, 0.9999999994764512, 0.9999999999999128, 0.9999999999999999, 1.0]"
sampleJointGoalAndRSASignal_fromStart,session_19_player2,19,10,2,closer_to_player1,9,"[0.5, 0.9814930920544723, 0.9994492090082983, 0.9999640648588675, 0.9999866692206217, 0.9999937204501502, 0.999996943502239, 0.9999984980755163, 0.9999992589310387]"
sampleJointGoalAndRSASignal_fromStart,session_19_player1,19,11,1,closer_to_player2,8,"[0.5, 0.9839193163240539, 0.9833251708066031, 0.9998103241430732, 0.9998138971461121, 0.9999979344280734, 0.9999982341699238, 0.9999999706113529]"
sampleJointGoalAndRSASignal_fromStart,session_19_player2,19,11,2,closer_to_player2,12,"[0.5, 0.9998237504039534, 0.9999998604277903, 0.9999999596116258, 0.9999999999694523, 0.9999999999999819, 0.9999999990144851, 0.9999999999994166, 0.9999999999999994, 1.0, 7.088988324272488e-16, 4.063331077341843e-13]"
sampleJointGoalAndRSASignal_fromStart,session_20_player1,20,1,1,equal_to_both,10,"[0.5, 0.4999406425152261, 0.996640183754725, 0.9999792279003304, 0.9999997807972629, 0.9999999962147827, 0.9999999972292545, 0.9999999978427834, 0.9999999981594099, 0.999999999988239]"
sampleJointGoalAndRSASignal_fromStart,session_20_player2,20,1,2,equal_to_both,10,"[0.5, 0.5012655399027899, 0.9966532307260951, 0.9999792537974354, 0.9999997756680572, 0.9999999938833983, 0.9999999970279893, 0.9999999985449619, 0.9999999993162888, 0.9999999998063485]"
sampleJointGoalAndRSASignal_fromStart,session_20_player1,20,2,1,closer_to_player1,11,"[0.5, 0.9996600888486652, 0.9996595881284253, 0.9999998854938844, 0.9996595937783094, 0.9999998854957856, 0.9999998865336281, 0.9999999999615424, 0.9999999999999669, 0.9999999999999777, 1.0]"
sampleJointGoalAndRSASignal_fromStart,session_20_player2,20,2,2,closer_to_player1,9,"[0.5, 0.5063991070574384, 0.5089964081126195, 0.9940921053285942, 0.9942432767578431, 0.9943327946452198, 0.9945720986296411, 0.999988858069515, 0.9999999422175779]"
sampleJointGoalAndRSASignal_fromStart,session_20_player1,20,3,1,closer_to_player2,9,"[0.5, 0.9822384766231033, 0.9825658263258525, 0.9823635925568471, 0.999863911404641, 0.9997941931335167, 0.9999989147991672, 0.9999999907579308, 0.9999999998768665]"
sampleJointGoalAndRSASignal_fromStart,session_20_player2,20,3,2,closer_to_player2,11,"[0.5, 0.0032996128260482233, 0.961581683114305, 0.9999862052601813, 0.9999999887476747, 0.9999999999806197, 0.9999999999999334, 0.9999999999999993, 1.0, 1.0, 1.0]"
sampleJointGoalAndRSASignal_fromStart,session_20_player1,20,5,1,equal_to_both,11,"[0.5, 0.4999462295875077, 0.49994481233275817, 0.996640134614652, 0.9966553461241703, 0.9966679735864532, 0.999994229578347, 0.9999944322324226, 0.9999956334916851, 0.9999999967573193, 0.9999999999946241]"
sampleJointGoalAndRSASignal_fromStart,session_20_player2,20,5,2,equal_to_both,11,"[0.5, 0.4999462834028669, 0.49994487552020883, 0.9966401354320463, 0.9999792255516595, 0.9999997807399337, 0.9999999962138127, 0.999999997229349, 0.9999999978513284, 0.9999999982543015, 0.9999999999850756]"
sampleJointGoalAndRSASignal_fromStart,session_20_player1,20,7,1,closer_to_player1,7,"[0.5, 0.5008379521057132, 0.5011783318826931, 0.9983176472133202, 0.9999943355836931, 0.9999951289430182, 0.9999951199034365]"
sampleJointGoalAndRSASignal_fromStart,session_20_player2,20,7,2,closer_to_player1,15,"[0.5, 0.5830757216594626, 0.44150400561024783, 0.6078847541273835, 0.012712239596233403, 0.018085567888577337, 0.030562840558535993, 0.9997805050080101, 0.9999999959516086, 0.9999999999998841, 1.0, 1.0, 1.0, 1.2108473573921285e-09, 3.0401304436151796e-06]"
sampleJointGoalAndRSASignal_fromStart,session_20_player1,20,9,1,closer_to_player2,9,"[0.5, 0.5020303783115236, 0.9899188545901548, 0.9898392420508945, 0.9834624713575094, 0.9999482507285294, 0.9999997272302937, 0.9999999976786641, 0.9999999999693115]"
sampleJointGoalAndRSASignal_fromStart,session_20_player2,20,9,2,closer_to_player2,9,"[0.5, 0.9996543281986001, 0.9999997238866017, 0.9999999995401486, 0.9999999999984783, 0.9999999999999908, 0.9999999999999999, 1.0, 1.0]"
sampleJointGoalAndRSASignal_fromStart,session_21_player1,21,0,1,closer_to_player1,9,"[0.5, 0.9996555392244894, 0.9996631145543257, 0.9999998493133506, 0.999999911561057, 0.999999999960847, 0.9999999999999544, 0.9999999999999998, 1.0]"
sampleJointGoalAndRSASignal_fromStart,session_21_player2,21,0,2,closer_to_player1,10,"[0.5, 0.9830061098679069, 0.9836670286474841, 0.99971689612785, 0.9999924429552278, 0.999999456424361, 0.9999997418280452, 0.9999997418280451, 0.9999998766902377, 0.9999999413703632]"
sampleJointGoalAndRSASignal_fromStart,session_21_player1,21,3,1,closer_to_player2,10,"[0.5, 0.9831482121616506, 0.999552070762509, 0.9999819521468327, 0.9999977705762045, 0.9999988969181312, 0.999999441307906, 0.999999441307906, 0.9999997113691431, 0.9999998487522901]"
sampleJointGoalAndRSASignal_fromStart,session_21_player2,21,3,2,closer_to_player2,10,"[0.5, 0.5328449377627977, 0.9996880954521976, 0.9999997277501534, 0.9999999990222461, 0.9999999995167397, 0.9999999998541844, 0.9999999999996796, 0.9999999999999996, 1.0]"
sampleJointGoalAndRSASignal_fromStart,session_21_player1,21,4,1,equal_to_both,10,"[0.5, 0.49999992820361167, 0.5000003450675218, 0.998301422868253, 0.9999942152468126, 0.9999944252914719, 0.9999951791624776, 0.9999999920065857, 0.9999999999731443, 0.9999999999998322]"
sampleJointGoalAndRSASignal_fromStart,session_21_player2,21,4,2,equal_to_both,12,"[0.5, 0.5000001490335116, 0.5000006122938796, 0.0016986237695903056, 0.6842687782844951, 0.9992155338558516, 0.9992298646628437, 0.9999986914417418, 0.9999999954535247, 0.9999999999694399, 0.9999999999790626, 0.9999999999998692]"
sampleJointGoalAndRSASignal_fromStart,session_21_player1,21,5,1,closer_to_player1,6,"[0.5, 0.5001185943541027, 0.5026234115262646, 0.49720968913202296, 0.4481187267903638, 0.6205083256138593]"
sampleJointGoalAndRSASignal_fromStart,session_21_player2,21,5,2,closer_to_player1,9,"[0.5, 0.5034056361640885, 0.5056557066815311, 0.5065326912380471, 0.5076803981289483, 0.5139507746004706, 0.4894094153183343, 0.5630797661481974, 0.5632989261310073]"
sampleJointGoalAndRSASignal_fromStart,session_21_player1,21,6,1,equal_to_both,10,"[0.5, 0.9938418745513178, 0.9938984687545047, 0.9939314950471126, 0.9939592099600211, 0.9999893452142475, 0.9999898636893219, 0.9999942695698565, 0.9999999927084781, 0.9999999999391749]"
sampleJointGoalAndRSASignal_fromStart,session_21_player2,21,6,2,equal_to_both,10,"[0.5, 0.9937986764087244, 0.9999331915742617, 0.9999988439901369, 0.9999999687968769, 0.9999999980907718, 0.9999999991208034, 0.9999999995781274, 0.999999999794795, 0.9999999998995517]"
sampleJointGoalAndRSASignal_fromStart,session_21_player1,21,7,1,closer_to_player2,10,"[0.5, 0.9830032146857317, 0.9840858301137855, 0.9847127631377368, 0.9998311091775666, 0.9998774289062059, 0.9999977192075933, 0.9999977192075933, 0.9999988390951587, 0.9999994177953487]"
sampleJointGoalAndRSASignal_fromStart,session_21_player2,21,7,2,closer_to_player2,9,"[0.5, 0.4992350289066827, 0.99986807723724, 0.999869991317378, 0.9999141380743597, 0.9999999797519323, 0.9999999999982748, 0.9999999999999996, 1.0]"
sampleJointGoalAndRSASignal_fromStart,session_21_player1,21,8,1,equal_to_both,9,"[0.5, 0.996641050140291, 0.9999792329736676, 0.9999794458051733, 0.9999796145941096, 0.9999803305064408, 0.9999999635838286, 0.9999999754130935, 0.9999999999592377]"
sampleJointGoalAndRSASignal_fromStart,session_21_player2,21,8,2,equal_to_both,9,"[0.5, 0.9966371498134415, 0.9999791739210799, 0.9999997797811163, 0.9999997868992806, 0.9999997912211755, 0.9999998018866149, 0.9999998662409205, 0.9999999997782425]"
sampleJointGoalAndRSASignal_fromStart,session_21_player1,21,9,1,closer_to_player1,13,"[0.5, 0.003409867559869431, 0.9508250157569856, 0.9999821268169256, 0.9999999852907442, 0.9999999896590283, 0.9999999999863848, 0.9999999999932064, 0.9999999999966872, 0.9999999999990006, 0.9999999999999998, 3.847485721377029e-18, 1.3904702667199235e-14]"
sampleJointGoalAndRSASignal_fromStart,session_21_player2,21,9,2,closer_to_player1,9,"[0.5, 0.502436053397915, 0.5057219754936572, 0.5188382864961311, 0.43042392485504577, 0.5734662128404854, 0.40313638889996184, 0.9979547684432702, 0.9970617237282106]"
sampleJointGoalAndRSASignal_fromStart,session_21_player1,21,11,1,closer_to_player2,9,"[0.5, 0.9831891739189091, 0.9995555476009115, 0.9999831842041779, 0.9999840702510634, 0.9999994010032716, 0.9999999677082362, 0.9999999964789584, 0.9999999983735028]"
sampleJointGoalAndRSASignal_fromStart,session_21_player2,21,11,2,closer_to_player2,9,"[0.5, 0.9996549832005535, 0.9999997189429982, 0.9999999995048457, 0.9999999999983334, 0.9999999999999897, 0.9999999999999999, 1.0, 1.0]"
sampleJointGoalAndRSASignal_fromStart,session_22_player1,22,0,1,closer_to_player1,6,"[0.5, 0.3769966123896307, 0.9985919304872022, 0.9999976312295009, 0.9999999927095384, 0.9999999999609823]"
sampleJointGoalAndRSASignal_fromStart,session_22_player2,22,0,2,closer_to_player1,14,"[0.5, 0.6462750516028698, 0.7752335623011595, 0.872143236977875, 0.956782056155808, 0.9999880506563356, 0.99516316073716, 0.999998714225027, 0.999999999685165, 0.9999999999998713, 0.9999999999999999, 1.0, 1.0, 1.0]"
sampleJointGoalAndRSASignal_fromStart,session_22_player1,22,2,1,equal_to_both,10,"[0.5, 0.4993774812721638, 0.9966325112277571, 0.9966440064710742, 0.9999889431934428, 0.9999888360673166, 0.9999828849292892, 0.9999999854047573, 0.9999999999754473, 0.9999999999999241]"
sampleJointGoalAndRSASignal_fromStart,session_22_player2,22,2,2,equal_to_both,10,"[0.5, 0.9924143437301949, 0.9942368918988684, 0.9999617620584057, 0.999974295728491, 0.9999826500127466, 0.9999928029810018, 0.999999953303837, 0.9999999997097896, 0.9999999999985235]"
sampleJointGoalAndRSASignal_fromStart,session_22_player1,22,3,1,equal_to_both,12,"[0.5, 0.9827981835512246, 0.9995348038268466, 0.9995579054193543, 0.9995685209367222, 0.9995752442569171, 0.9999955068066925, 0.9999999232831396, 0.999999926182901, 0.9999999314528244, 0.9999999530366905, 0.999999999706643]"
sampleJointGoalAndRSASignal_fromStart,session_22_player2,22,3,2,equal_to_both,14,"[0.5, 0.5000398882181271, 0.5000455543399179, 0.9938497521725307, 0.9938946040747091, 0.9939305232624116, 0.9999792389141563, 0.9999799927421685, 0.9999826983018536, 0.9999999713117559, 0.9968381289237199, 0.999994740736048, 0.9999999823301813, 0.9999999998896252]"
sampleJointGoalAndRSASignal_fromStart,session_22_player1,22,5,1,equal_to_both,15,"[0.5, 0.5133483402176551, 0.9940603011779521, 0.9941779070496838, 0.994212764737836, 0.9942393653714385, 0.9999898421475376, 0.925827195154162, 0.9998595632697913, 0.9998663966125942, 0.9999244650396766, 0.9999996577921911, 0.9999999995947241, 1.0777203811729535e-24, 9.10008331322819e-22]"
sampleJointGoalAndRSASignal_fromStart,session_22_player2,22,5,2,equal_to_both,11,"[0.5, 0.4988124091430179, 0.49874979434096156, 0.4987347200052263, 0.4984847417294946, 0.9992177110772601, 0.9992070596561522, 0.9999995229065032, 0.9999999993463833, 0.9999999999980523, 0.9999999999999877]"
sampleJointGoalAndRSASignal_fromStart,session_22_player1,22,6,1,closer_to_player2,9,"[0.5, 0.5034360322722256, 0.5059064184943556, 0.507371768862598, 0.5085194097430078, 0.514789311325267, 0.5638845869995007, 0.5645041608466284, 0.5647231589655513]"
sampleJointGoalAndRSASignal_fromStart,session_22_player2,22,6,2,closer_to_player2,9,"[0.5, 0.5093344390865111, 0.51561572365819, 0.08846533983436165, 0.09493006942031051, 0.09155308771609076, 0.09362589179224107, 0.12200531289312551, 0.12210272483971643]"
sampleJointGoalAndRSASignal_fromStart,session_22_player1,22,7,1,closer_to_player1,10,"[0.5, 0.6287873307511912, 0.9998735904865441, 0.9999999221059488, 0.9999999997848126, 0.9999999997848126, 0.9999999999989935, 0.9999999999999971, 1.0, 1.0]"
sampleJointGoalAndRSASignal_fromStart,session_22_player2,22,7,2,closer_to_player1,9,"[0.5, 0.5024425693049666, 0.9896284936438609, 0.9998216934270946, 0.9999953546548102, 0.9999998178674858, 0.9999999820517134, 0.9999999913260751, 0.9999999957120653]"
sampleJointGoalAndRSASignal_fromStart,session_22_player1,22,8,1,closer_to_player2,11,"[0.5, 0.9981895595855449, 0.9999892275585289, 0.9999945527300387, 0.9999973666958057, 0.9999992543694873, 0.9999999985871479, 0.999999999998166, 0.9999999999999968, 1.0, 1.0]"
sampleJointGoalAndRSASignal_fromStart,session_22_player2,22,8,2,closer_to_player2,5,"[0.5, 0.9982871503752597, 0.9999920345960158, 0.9999999753982586, 0.999999999865631]"
sampleJointGoalAndRSASignal_fromStart,session_22_player1,22,9,1,closer_to_player2,8,"[0.5, 0.49332071083715034, 0.5823787376574293, 0.670129656573435, 0.8290784943165711, 0.6381792050235817, 0.999570033487524, 0.9999997321584547]"
sampleJointGoalAndRSASignal_fromStart,session_22_player2,22,9,2,closer_to_player2,8,"[0.5, 0.9998682317587576, 0.9998732134479813, 0.9999999780530504, 0.9999999999845579, 0.9999999999955385, 0.9999999999999967, 1.0]"
sampleJointGoalAndRSASignal_fromStart,session_22_player1,22,11,1,closer_to_player1,7,"[0.5, 0.5818480563693794, 0.9999735464699966, 0.9999999984759064, 0.9999999987972326, 0.9999999989659971, 0.999999999999984]"
sampleJointGoalAndRSASignal_fromStart,session_22_player2,22,11,2,closer_to_player1,9,"[0.5, 0.5038572027450624, 0.5058371769462385, 0.5011518466452572, 0.3784718883186547, 0.5491463483328834, 0.7090093676569333, 0.8297740555635893, 0.9076001195894677]"
sampleJointGoalAndRSASignal_fromStart,session_23_player1,23,2,1,closer_to_player1,11,"[0.5, 0.48981686896703525, 0.49458086812910634, 0.6175113390875048, 0.44663904177643093, 0.2874883414654817, 0.9999087404558535, 0.9998843647126345, 0.9999999981930426, 0.9999999984465666, 0.9999999987037488]"
sampleJointGoalAndRSASignal_fromStart,session_23_player2,23,2,2,closer_to_player1,9,"[0.5, 0.5035101249760182, 0.5051564948694707, 0.5070214934976248, 0.5140758021214682, 0.5509019297740981, 0.5564471221302187, 0.5599678028860282, 0.5620879179832516]"
sampleJointGoalAndRSASignal_fromStart,session_23_player1,23,4,1,closer_to_player2,9,"[0.5, 0.5033919412288168, 0.5053425350889935, 0.5006406054151624, 0.9976039308657452, 0.9999890528658605, 0.999985038143576, 0.9999999539679465, 0.999999999755384]"
sampleJointGoalAndRSASignal_fromStart,session_23_player2,23,4,2,closer_to_player2,9,"[0.5, 0.6228994970514786, 0.999682455008398, 0.9999998449665283, 0.9999999998758282, 0.999999999999784, 0.9999999999999992, 1.0, 1.0]"
sampleJointGoalAndRSASignal_fromStart,session_23_player1,23,5,1,equal_to_both,12,"[0.5, 0.5012668035496087, 0.9966532461647595, 0.9966733347168327, 0.9966886633118369, 0.9967982540481263, 0.9999965098535356, 0.9999999917354878, 0.9999999959802155, 0.9977414540980348, 0.9999971196973001, 0.9999999759727557]"
sampleJointGoalAndRSASignal_fromStart,session_23_player2,23,5,2,equal_to_both,10,"[0.5, 0.9938462114469641, 0.993891027217036, 0.9939180964297544, 0.993931164940456, 0.993848976524789, 0.9907619966511938, 0.9999978670980074, 0.9999999988326808, 0.9999999999986176]"
sampleJointGoalAndRSASignal_fromStart,session_23_player1,23,6,1,closer_to_player1,9,"[0.5, 0.4992373681710649, 0.5003703440828896, 0.574258171852978, 0.9999546615038818, 0.9999999987411368, 0.9999999999998928, 1.0, 1.0]"
sampleJointGoalAndRSASignal_fromStart,session_23_player2,23,6,2,closer_to_player1,9,"[0.5, 0.9814930919376029, 0.9847005616080421, 0.9997254398608996, 0.999988420487234, 0.9999945454006856, 0.999997345038431, 0.9999986953856077, 0.9999993562864535]"
sampleJointGoalAndRSASignal_fromStart,session_23_player1,23,7,1,equal_to_both,11,"[0.5, 0.9894491866830019, 0.9895701234905562, 0.9998885373316704, 0.9998902745607545, 0.9998916559366972, 0.9998955895258905, 0.999909707806885, 0.999999850274047, 0.9999999994969606, 0.9999999999968577]"
sampleJointGoalAndRSASignal_fromStart,session_23_player2,23,7,2,equal_to_both,11,"[0.5, 0.5000017656820378, 0.9938487023386067, 0.9938935431160935, 0.9939294648088867, 0.9940397867220953, 0.999989820051115, 0.9999999646303129, 0.9999999723593255, 0.9999999999071347, 0.9999999999994199]"
sampleJointGoalAndRSASignal_fromStart,session_23_player1,23,9,1,closer_to_player2,11,"[0.5, 0.9831363609231004, 0.9836298150298995, 0.9997162747832992, 0.9997279090181614, 0.999734418338966, 0.1457915118659509, 0.965422979648121, 0.9996166773354359, 0.9999897488441841, 0.9999947887469665]"
sampleJointGoalAndRSASignal_fromStart,session_23_player2,23,9,2,closer_to_player2,11,"[0.5, 0.9996549378497698, 0.9999997185656813, 0.9999997342888648, 0.9999999997035165, 0.9999976440910907, 0.9999999973712448, 0.9999999999891627, 0.9999999999968067, 0.9999999999999851, 1.0]"
sampleJointGoalAndRSASignal_fromStart,session_23_player1,23,11,1,closer_to_player2,9,"[0.5, 0.9832471284575002, 0.9836477626341928, 0.9835263355027648, 0.9733835626020714, 0.9999124313734752, 0.9999995173943838, 0.9999999956942672, 0.9999999999410554]"
sampleJointGoalAndRSASignal_fromStart,session_23_player2,23,11,2,closer_to_player2,11,"[0.5, 0.9982334646857334, 0.9982983713392773, 0.9999959565829921, 0.999999981029266, 0.9999999892719842, 0.9999999998214479, 0.9999999999988656, 0.9999999999999744, 0.9999999999999998, 1.0]"
sampleJointGoalAndRSASignal_fromStart,session_24_player1,24,0,1,closer_to_player2,9,"[0.5, 0.5034387885400003, 0.989704009789926, 0.9998230524409505, 0.9999953961486189, 0.9999998219892791, 0.9999998686507363, 0.999999992703508, 0.9999999965470041]"
sampleJointGoalAndRSASignal_fromStart,session_24_player2,24,0,2,closer_to_player2,9,"[0.5, 0.9995403215823375, 0.9999994944794535, 0.9999997149053572, 0.9999999989244528, 0.9999999999974702, 0.9999999999999881, 0.9999999999999998, 1.0]"
sampleJointGoalAndRSASignal_fromStart,session_24_player1,24,1,1,equal_to_both,11,"[0.5, 0.9893313483100914, 0.9895327202847474, 0.9998880002386443, 0.9998899140469932, 0.9998910467891786, 0.9999993280815205, 0.9999993416530351, 0.9999993752815716, 0.9999995782122267, 0.9999999993007229]"
sampleJointGoalAndRSASignal_fromStart,session_24_player2,24,1,2,equal_to_both,11,"[0.5, 0.989331316828633, 0.9895327191858129, 0.9998880000907464, 0.9999980872689467, 0.9999981787303195, 0.9999982350830502, 0.9999999812149132, 0.9999999854319496, 0.9999999998092576, 0.9999999999114011]"
sampleJointGoalAndRSASignal_fromStart,session_24_player1,24,3,1,closer_to_player2,9,"[0.5, 0.5036623549488307, 0.9897010454041114, 0.9998227814469819, 0.999830083572213, 0.9998348519749864, 0.9998449145357068, 0.9999988539365328, 0.9999999818705712]"
sampleJointGoalAndRSASignal_fromStart,session_24_player2,24,3,2,closer_to_player2,11,"[0.5, 0.9982812188712599, 0.9999941809319002, 0.9999999640813654, 0.9999999996207103, 0.9999999996271197, 0.9999999996321333, 0.9999999999976599, 0.9999999999999741, 0.9999999999999994, 0.9999999999999998]"
sampleJointGoalAndRSASignal_fromStart,session_24_player1,24,4,1,closer_to_player1,9,"[0.5, 0.9995099135068792, 0.9995130812198105, 0.9999998280415351, 0.9999998767744477, 0.9999999999357478, 0.9999999999679057, 0.9999999999841895, 0.9999999999947099]"
sampleJointGoalAndRSASignal_fromStart,session_24_player2,24,4,2,closer_to_player1,9,"[0.5, 0.5025127430936639, 0.5054933072614478, 0.4967483766318936, 0.5067783781456693, 0.6312124268296593, 0.5247282095547114, 0.9966193913983915, 0.997235139117344]"
sampleJointGoalAndRSASignal_fromStart,session_24_player1,24,6,1,closer_to_player1,5,"[0.5, 0.999998245373429, 0.9999999999864815, 0.9999999999999997, 1.0]"
sampleJointGoalAndRSASignal_fromStart,session_24_player2,24,6,2,closer_to_player1,5,"[0.5, 0.9982866105831694, 0.9999920802554808, 0.9999960557243469, 0.9999980342587335]"
sampleJointGoalAndRSASignal_fromStart,session_24_player1,24,7,1,closer_to_player1,10,"[0.5, 0.5047649356894028, 0.4213682748400382, 0.527925971483828, 0.3585797094063666, 0.21840557176114928, 0.9999750816067694, 0.9999710149933657, 0.9999999999127631, 0.9999999999272058]"
sampleJointGoalAndRSASignal_fromStart,session_24_player2,24,7,2,closer_to_player1,9,"[0.5, 0.5045062884878141, 0.5021916247786731, 0.5093428536885886, 0.503056441660057, 0.5399703595628933, 0.5455391811714174, 0.5490762811141128, 0.5512068147770439]"
sampleJointGoalAndRSASignal_fromStart,session_24_player1,24,9,1,closer_to_player2,11,"[0.5, 0.3537249283039441, 0.22476641325987717, 0.1278567442157878, 0.04321793630891949, 0.9158231053520333, 0.9997615978621058, 0.12940384978665403, 0.9686840004689169, 0.9998952262567126, 0.9999994187595163]"
sampleJointGoalAndRSASignal_fromStart,session_24_player2,24,9,2,closer_to_player2,9,"[0.5, 0.6230034231302148, 0.9996828859075902, 0.9999998547247616, 0.9999999998305811, 0.9999999999997009, 0.9999999999999987, 1.0, 1.0]"
sampleJointGoalAndRSASignal_fromStart,session_24_player1,24,10,1,equal_to_both,9,"[0.5, 0.5000003208883179, 0.4999923914325273, 0.9992062232268505, 0.999220307518001, 0.9999993683985032, 0.9999999988306729, 0.9999999999953024, 0.9999999999999598]"
sampleJointGoalAndRSASignal_fromStart,session_24_player2,24,10,2,equal_to_both,9,"[0.5, 0.49999888604822545, 0.9982963904922849, 0.9999942568292116, 0.9999999645801987, 0.9999999652985172, 0.999999999777772, 0.9999999998194511, 0.9999999999984566]"
sampleJointGoalAndRSASignal_fromStart,session_24_player1,24,11,1,equal_to_both,9,"[0.5, 0.5000021609555863, 0.5000072331626061, 0.5000398641417746, 0.9997008586814409, 0.9999997776549795, 0.9999999996313319, 0.9999999999987613, 0.9999999999999922]"
sampleJointGoalAndRSASignal_fromStart,session_24_player2,24,11,2,equal_to_both,9,"[0.5, 0.5000004421555605, 0.5000051340629715, 0.9992298180293229, 0.9999986913625871, 0.999998868330283, 0.9999999981235878, 0.9999999999936957, 0.9999999999999606]"
sampleJointGoalAndRSASignal_fromStart,session_25_player1,25,0,1,closer_to_player1,6,"[0.5, 0.5003235739636286, 0.5027303184712343, 0.49690575615448596, 0.5386521787498537, 0.46290286218188453]"
sampleJointGoalAndRSASignal_fromStart,session_25_player2,25,0,2,closer_to_player1,9,"[0.5, 0.5030292860113901, 0.49714876219706156, 0.36497526482198395, 0.5347495489184202, 0.6968793094187118, 0.8213961836123878, 0.9019678907930853, 0.9488225658786777]"
sampleJointGoalAndRSASignal_fromStart,session_25_player1,25,1,1,closer_to_player1,9,"[0.5, 0.4992471142107006, 0.9998679513191345, 0.9999999545141778, 0.9999999999624589, 0.9999999999999013, 0.9999999999999527, 0.9999999999999866, 1.0]"
sampleJointGoalAndRSASignal_fromStart,session_25_player2,25,1,2,closer_to_player1,11,"[0.5, 0.9830741697983418, 0.9840365745838501, 0.9997172280754069, 0.999987996184619, 0.9778714419111191, 0.9990405554492162, 0.9995366186035175, 0.9997736087805994, 0.9998884892217446, 0.9999447876052359]"
sampleJointGoalAndRSASignal_fromStart,session_25_player1,25,2,1,equal_to_both,13,"[0.5, 0.9811851344955599, 0.98338576666614, 0.9997053949502263, 0.9999921615116769, 0.9999996872315933, 0.9999999663395407, 0.9999999848069298, 0.9999999848069296, 0.9999999929263217, 0.9999999967112446, 0.9999999985150758, 0.9999999995717604]"
sampleJointGoalAndRSASignal_fromStart,session_25_player2,25,2,2,equal_to_both,12,"[0.5, 0.982866963004557, 0.9831940160295802, 0.9833779858739554, 0.9834954943413102, 0.999896703195801, 0.9999989106559536, 0.9999989290317917, 0.9999989361123567, 0.9999999946589239, 0.999999994006885, 0.9999999999742496]"
sampleJointGoalAndRSASignal_fromStart,session_25_player1,25,3,1,equal_to_both,12,"[0.5, 0.5001784512807519, 0.500200505350903, 0.5002016416858104, 0.9966435471337637, 0.9966587439390459, 0.9999887184083001, 0.999999930422606, 0.9999999992563892, 0.9999999999798113, 0.9999999999903867, 0.9999999999955458]"
sampleJointGoalAndRSASignal_fromStart,session_25_player2,25,3,2,equal_to_both,18,"[0.5, 0.018654370975413937, 0.017165952541813446, 0.016842348564508832, 0.0001813716312370528, 3.0978732076654366e-06, 2.94549960969767e-06, 0.00833273343377419, 0.008247499161848802, 0.9606409626278027, 0.9999673166812031, 0.9999673166960146, 0.9999673168591401, 0.9999999892827028, 0.9999999999913081, 0.999999999993215, 0.999999999999995, 1.0]"
sampleJointGoalAndRSASignal_fromStart,session_25_player1,25,5,1,closer_to_player2,9,"[0.5, 0.502881670157602, 0.5056461712894373, 0.502310882589882, 0.4977677579277187, 0.5040410493195441, 0.4795060601386877, 0.5533011105194214, 0.5535212862147397]"
sampleJointGoalAndRSASignal_fromStart,session_25_player2,25,5,2,closer_to_player2,6,"[0.5, 0.5001185943541315, 0.5026234115263261, 0.49720968913208713, 0.5395241416625851, 0.6376662202855369]"
sampleJointGoalAndRSASignal_fromStart,session_25_player1,25,6,1,closer_to_player1,11,"[0.5, 0.5035768479758506, 0.0012786597057387293, 0.9583187092113036, 0.9724835430355866, 0.9999956609200147, 0.9999999992244119, 0.9999999999997307, 0.9999999999999998, 1.0, 1.0]"
sampleJointGoalAndRSASignal_fromStart,session_25_player2,25,6,2,closer_to_player1,11,"[0.5, 0.501706918894845, 0.9895879339679424, 0.07146405074981103, 0.07183649127402482, 0.07200580849370043, 0.9590431499928451, 0.9589843313124081, 0.9441488984362665, 0.9999496063740759, 0.9999999153317204]"
sampleJointGoalAndRSASignal_fromStart,session_25_player1,25,9,1,closer_to_player2,9,"[0.5, 0.5038630869387114, 0.5063295247274724, 0.5075540640669887, 0.5044356885925424, 0.39861958504464556, 0.570069364489058, 0.72623080813077, 0.8424035817680003]"
sampleJointGoalAndRSASignal_fromStart,session_25_player2,25,9,2,closer_to_player2,6,"[0.5, 0.5832697855020992, 0.6542350629181789, 0.5781187886020456, 0.7327272603169179, 0.8467251173585657]"
sampleJointGoalAndRSASignal_fromStart,session_25_player1,25,10,1,equal_to_both,8,"[0.5, 0.5002421530113214, 0.5061644482189469, 0.6253997891149021, 0.9999056089061528, 0.999999955911614, 0.9999999999439013, 0.9999999999998145]"
sampleJointGoalAndRSASignal_fromStart,session_25_player2,25,10,2,equal_to_both,8,"[0.5, 0.49974699525088445, 0.9992216469823231, 0.9999986918561329, 0.9999986884798334, 0.9999982410329639, 0.9999999990373326, 0.9999999999988599]"
sampleJointGoalAndRSASignal_fromStart,session_25_player1,25,11,1,closer_to_player2,9,"[0.5, 0.5029515095888271, 0.9899891713861513, 0.9998319274662582, 0.9999956962082526, 0.9999998384052156, 0.9999998469646875, 0.9999999950000017, 0.9999999952867648]"
sampleJointGoalAndRSASignal_fromStart,session_25_player2,25,11,2,closer_to_player2,15,"[0.5, 0.5058850174587016, 0.004415453578363061, 0.9056139634455286, 0.9428797234552541, 0.9999637436153764, 0.9999998628515836, 0.9999999996824722, 0.9999999999985332, 0.9999999999999875, 0.9999999999999998, 1.0, 1.0, 7.948944649523863e-15, 2.7196950279115696e-13]"
sampleJointGoalAndRSASignal_fromStart,session_26_player1,26,1,1,closer_to_player1,9,"[0.5, 0.6229009675276003, 0.9996824576884066, 0.9999998449637192, 0.9999999998714809, 0.9999999999998379, 0.9999999999999992, 1.0, 1.0]"
sampleJointGoalAndRSASignal_fromStart,session_26_player2,26,1,2,closer_to_player1,9,"[0.5, 0.9832213773922291, 0.9995560104936257, 0.9999831905374057, 0.9999842967575439, 0.9999849888396112, 0.9999853737819987, 0.9999827337539983, 0.9999999089824525]"
sampleJointGoalAndRSASignal_fromStart,session_26_player1,26,2,1,closer_to_player2,9,"[0.5, 0.5035102290620428, 0.5051564365973713, 0.5059868911815912, 0.506321417335136, 0.5046907439629773, 0.5655357011139175, 0.6061015840793386, 0.7050722652408734]"
sampleJointGoalAndRSASignal_fromStart,session_26_player2,26,2,2,closer_to_player2,9,"[0.5, 0.6226181213581511, 0.4520026454943826, 0.29194907627191974, 0.17088261303889732, 0.9999662155705178, 0.9999607021011868, 0.9999529055951499, 1.0]"
sampleJointGoalAndRSASignal_fromStart,session_26_player1,26,3,1,closer_to_player2,9,"[0.5, 0.5034379159822661, 0.9897039654147632, 0.9898652493444576, 0.9998936971334378, 0.9999982037850137, 0.9999999527889767, 0.9999999973774173, 0.999999998758889]"
sampleJointGoalAndRSASignal_fromStart,session_26_player2,26,3,2,closer_to_player2,9,"[0.5, 0.999541210071824, 0.9999994966714307, 0.9999997154791899, 0.9999999989263934, 0.9999999999971959, 0.9999999999999865, 1.0, 1.0]"
sampleJointGoalAndRSASignal_fromStart,session_26_player1,26,7,1,closer_to_player2,12,"[0.5, 0.004131284345049146, 0.004131284345049146, 0.004114842180996345, 0.004122793566457977, 0.5505092510789608, 0.5576863839023015, 0.562217685303329, 0.9986420021587242, 0.9989396291047955, 0.9999971397946584, 0.999998480712636]"
sampleJointGoalAndRSASignal_fromStart,session_26_player2,26,7,2,closer_to_player2,11,"[0.5, 0.9996542350332611, 0.9999997235516354, 0.9996620596070491, 0.9996619574965283, 0.9996619448168494, 0.999664269512469, 0.9997551731336431, 0.9999999875466483, 0.9999999999996544, 1.0]"
sampleJointGoalAndRSASignal_fromStart,session_26_player1,26,8,1,equal_to_both,9,"[0.5, 0.5000156900469453, 0.5002578430488624, 0.5061801358083385, 0.9995607093929036, 0.9999995224619754, 0.9999997300312812, 0.999999999656488, 0.9999999999988644]"
sampleJointGoalAndRSASignal_fromStart,session_26_player2,26,8,2,equal_to_both,9,"[0.5, 0.4999265980779694, 0.9982973813536355, 0.9999942686695094, 0.9999999647292057, 0.9999999653340591, 0.9999999997863366, 0.9999999998176977, 0.9999999998261699]"
sampleJointGoalAndRSASignal_fromStart,session_26_player1,26,10,1,equal_to_both,7,"[0.5, 0.596917473213736, 0.0003151560766053063, 0.0002131108569959922, 0.0001363261521554273, 1.0, 1.0]"
sampleJointGoalAndRSASignal_fromStart,session_26_player2,26,10,2,equal_to_both,5,"[0.5, 0.39962753098886933, 0.999675033276303, 0.9997786673064618, 0.9998578078924556]"
sampleJointGoalAndRSASignal_fromStart,session_26_player1,26,11,1,closer_to_player1,7,"[0.5, 0.9956305502125643, 0.9928145335278896, 0.9999776215610953, 0.9999998813722267, 0.9999999989846643, 0.9999999999867122]"
sampleJointGoalAndRSASignal_fromStart,session_26_player2,26,11,2,closer_to_player1,12,"[0.5, 0.4969675671409992, 0.9982102915344632, 0.9999937254636084, 0.9999940281461348, 0.9999966367890575, 0.9999999720574871, 0.9999999998709059, 0.9999999999989005, 0.9999999999999839, 0.9999999999999997, 1.0]"
sampleJointGoalAndRSASignal_fromStart,session_27_player1,27,0,1,equal_to_both,11,"[0.5, 0.9894463404715584, 0.9998172306695939, 0.9998219296050094, 0.9999969618383413, 0.9999971103394335, 0.9999972142434849, 0.9999999689813682, 0.9999999991702263, 0.9999999996253405, 0.9999999998919512]"
sampleJointGoalAndRSASignal_fromStart,session_27_player2,27,0,2,equal_to_both,11,"[0.5, 0.9893767698092657, 0.9895255974371874, 0.9998879508249836, 0.9998897573388159, 0.9998908059378812, 0.9999993367585288, 0.9999999930372098, 0.9999999998807763, 0.9999999999010457, 0.9999999999082431]"
sampleJointGoalAndRSASignal_fromStart,session_27_player1,27,1,1,closer_to_player2,8,"[0.5, 0.5041586111073917, 0.5057057718454548, 0.5025988516629669, 0.5786306374714647, 0.49000528562842827, 0.663281947379896, 0.8668041263647412]"
sampleJointGoalAndRSASignal_fromStart,session_27_player2,27,1,2,closer_to_player2,10,"[0.5, 0.41628932557571235, 0.3451405576289482, 0.9998913060791503, 0.9998905129937101, 0.9998904830498822, 0.9999999983239934, 0.9999999999999071, 1.0, 1.0]"
sampleJointGoalAndRSASignal_fromStart,session_27_player1,27,3,1,closer_to_player1,6,"[0.5, 0.5016195744922924, 0.5087679328687554, 0.5672943240769915, 0.5708036947434767, 0.5729115046053758]"
sampleJointGoalAndRSASignal_fromStart,session_27_player2,27,3,2,closer_to_player1,9,"[0.5, 0.5034565445573281, 0.5057108350293907, 0.5075757805956552, 0.5024375523932709, 0.5093198368143993, 0.4819815878774787, 0.4361271735273569, 0.36343770250668345]"
sampleJointGoalAndRSASignal_fromStart,session_27_player1,27,4,1,closer_to_player2,9,"[0.5, 0.503032556300015, 0.5130748844288319, 0.5083915340816105, 0.38530821845455226, 0.5563054578452818, 0.714947451084179, 0.8338252406337244, 0.9099990322629851]"
sampleJointGoalAndRSASignal_fromStart,session_27_player2,27,4,2,closer_to_player2,10,"[0.5, 0.497577860353471, 0.5034086949831275, 0.5515573960774406, 0.37902844701914246, 1.0, 1.0, 1.0, 0.9999950693029983, 1.0]"
sampleJointGoalAndRSASignal_fromStart,session_27_player1,27,8,1,equal_to_both,11,"[0.5, 0.996641050140291, 0.9999792329736676, 0.9999997808425899, 0.9999999962159903, 0.9999999998521456, 0.9999999999290056, 0.9999999999656131, 0.9999999467730597, 0.9999999235273664, 0.9999999644787816]"
sampleJointGoalAndRSASignal_fromStart,session_27_player2,27,8,2,equal_to_both,9,"[0.5, 0.9966371498134415, 0.9966540741772418, 0.9999887017460702, 0.9999887951320707, 0.9999891886694604, 0.9999999799840296, 0.9999999864859326, 0.9999999999775951]"
sampleJointGoalAndRSASignal_fromStart,session_27_player1,27,9,1,closer_to_player1,6,"[0.5, 0.9999815590882344, 0.9999999994720179, 0.9999999999999653, 1.0, 1.0]"
sampleJointGoalAndRSASignal_fromStart,session_27_player2,27,9,2,closer_to_player1,6,"[0.5, 0.500341033286556, 0.9983094284443403, 0.9983146834945612, 0.9999974840461553, 0.9999974869936495]"
sampleJointGoalAndRSASignal_fromStart,session_27_player1,27,10,1,closer_to_player1,9,"[0.5, 0.4953332385462297, 0.4928595368698531, 0.48694596247138155, 0.5296258887749449, 0.6009302911626817, 1.0, 1.0, 1.0]"
sampleJointGoalAndRSASignal_fromStart,session_27_player2,27,10,2,closer_to_player1,9,"[0.5, 0.5033991647586886, 0.5053666589267176, 0.5005783884568927, 0.37711166168207083, 0.5477030653420117, 0.7077991357463379, 0.8289407284268868, 0.9070486354256297]"
sampleJointGoalAndRSASignal_fromStart,session_28_player1,28,1,1,closer_to_player1,10,"[0.5, 0.0004587868530643572, 5.033222430011318e-07, 2.845282142485567e-07, 0.0016684612161089987, 0.8075036681975326, 0.9997968940908715, 0.9999996585931256, 0.9999999989485859, 0.9999999999944476]"
sampleJointGoalAndRSASignal_fromStart,session_28_player2,28,1,2,closer_to_player1,14,"[0.5, 0.9965976958509208, 0.9999787908808085, 0.9999789385713982, 0.9938021702978755, 0.9999789112622222, 0.9999790567588076, 0.999999927011096, 0.9999999323439389, 0.9999999996777545, 0.9999999999957496, 0.9999999999987829, 0.9999999999999821, 0.9999999999999999]"
sampleJointGoalAndRSASignal_fromStart,session_28_player1,28,2,1,equal_to_both,14,"[0.5, 0.9828669665797526, 0.9995382619093095, 0.9995586035885642, 0.8865526755425642, 0.8876736820624813, 0.9986635976193842, 0.9986841074828159, 0.999986106232292, 0.9999997635724541, 0.9999997714350352, 0.999999776261946, 0.9999997489479979, 0.9999999989213109]"
sampleJointGoalAndRSASignal_fromStart,session_28_player2,28,2,2,equal_to_both,12,"[0.5, 0.9811855241934716, 0.9833855855463559, 0.9997053925260633, 0.9999921614170908, 0.9999996872179995, 0.99999996633344, 0.9999999848045601, 0.9999999929252722, 0.9999999967107621, 0.9999999985148585, 0.9999999995716977]"
sampleJointGoalAndRSASignal_fromStart,session_28_player1,28,3,1,equal_to_both,11,"[0.5, 0.9894491334828933, 0.9998173181614746, 0.9999952283530315, 0.9999954145075007, 0.9999955337426426, 0.9999999237430464, 0.9999999266254241, 0.9999999986873179, 0.9999999999540218, 0.9999999999798564]"
sampleJointGoalAndRSASignal_fromStart,session_28_player2,28,3,2,equal_to_both,11,"[0.5, 0.9894491866830019, 0.9998173200297834, 0.9998217068366724, 0.9999969615728533, 0.9999970405761038, 0.9999999494708514, 0.9999999986677807, 0.999999999006972, 0.999999999965218, 0.9999999999847616]"
sampleJointGoalAndRSASignal_fromStart,session_28_player1,28,4,1,closer_to_player1,9,"[0.5, 0.9996595314875948, 0.9999997282949611, 0.9999999995360185, 0.9999999999984056, 0.999999999998834, 0.9999999999991279, 0.9999999999999972, 0.9999999999999992]"
sampleJointGoalAndRSASignal_fromStart,session_28_player2,28,4,2,closer_to_player1,10,"[0.5, 0.9830038046340677, 0.9840857421626114, 0.9847125519910549, 0.9998311066548033, 0.9998774269398483, 0.9999977191683834, 0.9999988390754634, 0.9999988390754634, 0.9999994177854957]"
sampleJointGoalAndRSASignal_fromStart,session_28_player1,28,5,1,closer_to_player2,9,"[0.5, 0.98321635198905, 0.9995552578046389, 0.999581260216695, 0.9995978146366739, 0.999993104934787, 0.9999946796719057, 0.999995475604076, 0.9999999521610892]"
sampleJointGoalAndRSASignal_fromStart,session_28_player2,28,5,2,closer_to_player2,9,"[0.5, 0.503180619744221, 0.9998315138367908, 0.9998981793008985, 0.999999978291512, 0.9999999999869398, 0.9999999999999737, 0.9999999999999999, 1.0]"
sampleJointGoalAndRSASignal_fromStart,session_28_player1,28,7,1,closer_to_player2,9,"[0.5, 0.9831530638897511, 0.9835519035067222, 0.9838050211612444, 0.9837197634454135, 0.9999245686742433, 0.9998969066452211, 0.9999996826809939, 0.999999998301515]"
sampleJointGoalAndRSASignal_fromStart,session_28_player2,28,7,2,closer_to_player2,13,"[0.5, 0.6287766241033245, 0.9996912231921483, 0.6491461249635063, 0.9999033455544586, 0.9999999667385348, 0.9998997805684193, 0.9999999655116016, 0.999999999971864, 0.9999999999999517, 0.9999999999999999, 1.0, 1.0]"
sampleJointGoalAndRSASignal_fromStart,session_28_player1,28,10,1,closer_to_player2,7,"[0.5, 0.0005266908489377569, 0.0007359620570380848, 0.5841727482088138, 0.7377072372053249, 0.8510626612547231, 0.9461079740240742]"
sampleJointGoalAndRSASignal_fromStart,session_28_player2,28,10,2,closer_to_player2,5,"[0.5, 0.49829058775366947, 1.0, 1.0, 1.0]"
sampleJointGoalAndRSASignal_fromStart,session_28_player1,28,11,1,closer_to_player1,5,"[0.5, 0.5754939626251938, 0.49348487760163934, 0.6608950446774944, 0.7970332581191382]"
sampleJointGoalAndRSASignal_fromStart,session_28_player2,28,11,2,closer_to_player1,11,"[0.5, 0.4899561344022282, 0.4946405824609291, 0.617560896395827, 0.9996748490123671, 0.999556631857495, 0.999410545302287, 0.9999999660037379, 0.9999999999938238, 0.9999999999969126, 0.9999999999984677]"
sampleJointGoalAndRSASignal_fromStart,session_29_player1,29,1,1,closer_to_player1,6,"[0.5, 0.49672064863073606, 0.39027181876705574, 0.5614760089486331, 0.7192156107927463, 0.8376104696803168]"
sampleJointGoalAndRSASignal_fromStart,session_29_player2,29,1,2,closer_to_player1,9,"[0.5, 0.5034056361628682, 0.5055977826031376, 0.5070631934481793, 0.5074293368939973, 0.505729652150877, 0.5671894159320127, 0.5183127959198249, 0.6842267767489165]"
sampleJointGoalAndRSASignal_fromStart,session_29_player1,29,3,1,closer_to_player2,9,"[0.5, 0.5034052049878841, 0.5055965908776696, 0.5070579007044498, 0.5073924095469702, 0.5057618207816185, 0.42565442907880296, 0.5972079362832505, 0.7492251800146905]"
sampleJointGoalAndRSASignal_fromStart,session_29_player2,29,3,2,closer_to_player2,10,"[0.5, 0.666646434685195, 0.8000031922494579, 0.8889113037944734, 0.9412056990623007, 0.9699317526946964, 2.1787550189774735e-32, 6.557272073590048e-38, 5.471667984401696e-38, 9.707367251162293e-05]"
sampleJointGoalAndRSASignal_fromStart,session_29_player1,29,4,1,equal_to_both,12,"[0.5, 0.9827974264286369, 0.9995347619489585, 0.9999820719876505, 0.9999990424350222, 0.999999163136406, 0.9999999545756394, 0.9999999937520839, 0.9999999972245354, 0.9999999987535602, 0.999999999438091, 0.9999999997538215]"
sampleJointGoalAndRSASignal_fromStart,session_29_player2,29,4,2,equal_to_both,12,"[0.5, 0.9827981835512246, 0.9995348038268466, 0.9995579054193543, 0.9999884495773794, 0.9999995614791486, 0.9999999761971787, 0.9999999843486015, 0.9999999985357433, 0.999999999342416, 0.999999999703554, 0.9999999998701238]"
sampleJointGoalAndRSASignal_fromStart,session_29_player1,29,6,1,closer_to_player2,9,"[0.5, 0.5034526775804175, 0.5056450876191848, 0.5071104659335667, 0.5074766063945199, 0.5057769246686689, 0.5672358408453977, 0.51836000791237, 0.6842676364260811]"
sampleJointGoalAndRSASignal_fromStart,session_29_player2,29,6,2,closer_to_player2,9,"[0.5, 0.4163067243839382, 0.34487431037789684, 0.4221251547292298, 0.2674747564672106, 0.15349450615281185, 1.0, 1.0, 1.0]"
sampleJointGoalAndRSASignal_fromStart,session_29_player1,29,7,1,equal_to_both,14,"[0.5, 0.017198935343319253, 0.6154190717602357, 0.6154568337894546, 0.9933814282196473, 0.9998858477829692, 0.9999970185112808, 0.9999971348559413, 0.9999972093629198, 0.999999952352689, 0.9999999987437616, 0.9999999999265042, 0.9999999999668674, 0.9999999999854842]"
sampleJointGoalAndRSASignal_fromStart,session_29_player2,29,7,2,equal_to_both,12,"[0.5, 0.9827981835512246, 0.9995348038268466, 0.9999820743891104, 0.9999834151758807, 0.9999840621860436, 0.99999958515576, 0.9999999839799328, 0.9999999985012528, 0.9999999993269266, 0.9999999996965713, 0.9999999998670646]"
sampleJointGoalAndRSASignal_fromStart,session_29_player1,29,9,1,closer_to_player1,8,"[0.5, 0.5125015399610048, 0.5061050211027976, 0.38294785390941916, 0.553838237202936, 0.7129061678599337, 0.8324353872975172, 0.9091767274337781]"
sampleJointGoalAndRSASignal_fromStart,session_29_player2,29,9,2,closer_to_player1,12,"[0.5, 0.4965455014935174, 0.49429180286296664, 0.4934612381775124, 0.49228000298353247, 0.49809421368247253, 0.5039186667085238, 0.5520616748855367, 0.9999943500955178, 0.9999999999117224, 0.9999999999241075, 0.9999999999999989]"
sampleJointGoalAndRSASignal_fromStart,session_29_player1,29,10,1,closer_to_player1,5,"[0.5, 0.9991484251992062, 0.9999985696866179, 0.999999995601749, 0.9999999999764692]"
sampleJointGoalAndRSASignal_fromStart,session_29_player2,29,10,2,closer_to_player1,11,"[0.5, 0.6537201648134093, 0.7888119130530986, 0.9240399074599825, 0.9999781603976989, 0.9999999946479915, 0.9999999999978152, 0.9999999999999981, 1.0, 1.0, 1.0]"
sampleJointGoalAndRSASignal_fromStart,session_29_player1,29,11,1,equal_to_both,11,"[0.5, 0.988651041283758, 0.9997940527263803, 0.999994458600632, 0.9999955345540877, 0.9999957675660834, 0.9999999275321452, 0.9999999304743639, 0.9999999354522414, 0.9999999991877366, 0.9999999999796515]"
sampleJointGoalAndRSASignal_fromStart,session_29_player2,29,11,2,equal_to_both,11,"[0.5, 0.9894609154160721, 0.999817790093705, 0.9999952484803214, 0.9999954249341165, 0.9999998809321072, 0.9999998872237494, 0.99999989148539, 0.9999998992323603, 0.9999999987319727, 0.9999999992617034]"
