participantId,group,stepFromNewGoal,posterior,plotGroup
always_committed_session_0_player1,sampleJointGoal_fromStart,0,0.5,"sampleJointGoal
fromStart"
always_committed_session_0_player1,sampleJointGoal_fromStart,1,0.7466783875900782,"sampleJointGoal
fromStart"
always_committed_session_0_player1,sampleJointGoal_fromStart,2,0.7671933905376569,"sampleJointGoal
fromStart"
always_committed_session_0_player1,sampleJointGoal_fromStart,3,0.8272968058279777,"sampleJointGoal
fromStart"
always_committed_session_0_player1,sampleJointGoal_fromStart,4,0.876248007243404,"sampleJointGoal
fromStart"
always_committed_session_0_player1,sampleJointGoal_fromStart,5,0.8763221166995774,"sampleJointGoal
fromStart"
always_committed_session_0_player2,sampleJointGoal_fromStart,0,0.5,"sampleJointGoal
fromStart"
always_committed_session_0_player2,sampleJointGoal_fromStart,1,0.605482416952829,"sampleJointGoal
fromStart"
always_committed_session_0_player2,sampleJointGoal_fromStart,2,0.6513513111956767,"sampleJointGoal
fromStart"
always_committed_session_0_player2,sampleJointGoal_fromStart,3,0.6402763730079556,"sampleJointGoal
fromStart"
always_committed_session_0_player2,sampleJointGoal_fromStart,4,0.6788170748085542,"sampleJointGoal
fromStart"
always_committed_session_0_player2,sampleJointGoal_fromStart,5,0.843220859049162,"sampleJointGoal
fromStart"
always_committed_session_10_player1,sampleJointGoal_fromStart,0,0.5,"sampleJointGoal
fromStart"
always_committed_session_10_player1,sampleJointGoal_fromStart,1,0.6495147910006409,"sampleJointGoal
fromStart"
always_committed_session_10_player1,sampleJointGoal_fromStart,2,0.7966532163793915,"sampleJointGoal
fromStart"
always_committed_session_10_player1,sampleJointGoal_fromStart,3,0.8728311837545291,"sampleJointGoal
fromStart"
always_committed_session_10_player1,sampleJointGoal_fromStart,4,0.8936363616035177,"sampleJointGoal
fromStart"
always_committed_session_10_player1,sampleJointGoal_fromStart,5,0.9462398790023142,"sampleJointGoal
fromStart"
always_committed_session_10_player2,sampleJointGoal_fromStart,0,0.5,"sampleJointGoal
fromStart"
always_committed_session_10_player2,sampleJointGoal_fromStart,1,0.7220149189139803,"sampleJointGoal
fromStart"
always_committed_session_10_player2,sampleJointGoal_fromStart,2,0.7944703213628582,"sampleJointGoal
fromStart"
always_committed_session_10_player2,sampleJointGoal_fromStart,3,0.8385931386108326,"sampleJointGoal
fromStart"
always_committed_session_10_player2,sampleJointGoal_fromStart,4,0.831688555161611,"sampleJointGoal
fromStart"
always_committed_session_10_player2,sampleJointGoal_fromStart,5,0.8955859656603428,"sampleJointGoal
fromStart"
always_committed_session_11_player1,sampleJointGoal_fromStart,0,0.5,"sampleJointGoal
fromStart"
always_committed_session_11_player1,sampleJointGoal_fromStart,1,0.7442744144425941,"sampleJointGoal
fromStart"
always_committed_session_11_player1,sampleJointGoal_fromStart,2,0.8106572021195776,"sampleJointGoal
fromStart"
always_committed_session_11_player1,sampleJointGoal_fromStart,3,0.9851641485132107,"sampleJointGoal
fromStart"
always_committed_session_11_player1,sampleJointGoal_fromStart,4,0.9888313819170963,"sampleJointGoal
fromStart"
always_committed_session_11_player1,sampleJointGoal_fromStart,5,0.9846305897432355,"sampleJointGoal
fromStart"
always_committed_session_11_player2,sampleJointGoal_fromStart,0,0.5,"sampleJointGoal
fromStart"
always_committed_session_11_player2,sampleJointGoal_fromStart,1,0.7523831183723078,"sampleJointGoal
fromStart"
always_committed_session_11_player2,sampleJointGoal_fromStart,2,0.9928919934069275,"sampleJointGoal
fromStart"
always_committed_session_11_player2,sampleJointGoal_fromStart,3,0.99981928251342,"sampleJointGoal
fromStart"
always_committed_session_11_player2,sampleJointGoal_fromStart,4,0.9998878523642343,"sampleJointGoal
fromStart"
always_committed_session_11_player2,sampleJointGoal_fromStart,5,0.9999723214157079,"sampleJointGoal
fromStart"
always_committed_session_12_player1,sampleJointGoal_fromStart,0,0.5,"sampleJointGoal
fromStart"
always_committed_session_12_player1,sampleJointGoal_fromStart,1,0.7919676855068324,"sampleJointGoal
fromStart"
always_committed_session_12_player1,sampleJointGoal_fromStart,2,0.8961743385554966,"sampleJointGoal
fromStart"
always_committed_session_12_player1,sampleJointGoal_fromStart,3,0.908104525157547,"sampleJointGoal
fromStart"
always_committed_session_12_player1,sampleJointGoal_fromStart,4,0.9244561898641606,"sampleJointGoal
fromStart"
always_committed_session_12_player1,sampleJointGoal_fromStart,5,0.9297975881307889,"sampleJointGoal
fromStart"
always_committed_session_12_player2,sampleJointGoal_fromStart,0,0.5,"sampleJointGoal
fromStart"
always_committed_session_12_player2,sampleJointGoal_fromStart,1,0.7371287976611799,"sampleJointGoal
fromStart"
always_committed_session_12_player2,sampleJointGoal_fromStart,2,0.8615928152986788,"sampleJointGoal
fromStart"
always_committed_session_12_player2,sampleJointGoal_fromStart,3,0.9300759883169972,"sampleJointGoal
fromStart"
always_committed_session_12_player2,sampleJointGoal_fromStart,4,0.9392171190988076,"sampleJointGoal
fromStart"
always_committed_session_12_player2,sampleJointGoal_fromStart,5,0.9373885582838254,"sampleJointGoal
fromStart"
always_committed_session_13_player1,sampleJointGoal_fromStart,0,0.5,"sampleJointGoal
fromStart"
always_committed_session_13_player1,sampleJointGoal_fromStart,1,0.7646012054890975,"sampleJointGoal
fromStart"
always_committed_session_13_player1,sampleJointGoal_fromStart,2,0.8323641419395855,"sampleJointGoal
fromStart"
always_committed_session_13_player1,sampleJointGoal_fromStart,3,0.9417358008836244,"sampleJointGoal
fromStart"
always_committed_session_13_player1,sampleJointGoal_fromStart,4,0.8904981678534948,"sampleJointGoal
fromStart"
always_committed_session_13_player1,sampleJointGoal_fromStart,5,0.8900613002476996,"sampleJointGoal
fromStart"
always_committed_session_13_player2,sampleJointGoal_fromStart,0,0.5,"sampleJointGoal
fromStart"
always_committed_session_13_player2,sampleJointGoal_fromStart,1,0.7712613710872304,"sampleJointGoal
fromStart"
always_committed_session_13_player2,sampleJointGoal_fromStart,2,0.8879880726623404,"sampleJointGoal
fromStart"
always_committed_session_13_player2,sampleJointGoal_fromStart,3,0.9420024018406582,"sampleJointGoal
fromStart"
always_committed_session_13_player2,sampleJointGoal_fromStart,4,0.9301748080216252,"sampleJointGoal
fromStart"
always_committed_session_13_player2,sampleJointGoal_fromStart,5,0.9497881369449923,"sampleJointGoal
fromStart"
always_committed_session_14_player1,sampleJointGoal_fromStart,0,0.5,"sampleJointGoal
fromStart"
always_committed_session_14_player1,sampleJointGoal_fromStart,1,0.911915664492942,"sampleJointGoal
fromStart"
always_committed_session_14_player1,sampleJointGoal_fromStart,2,0.9962422937328649,"sampleJointGoal
fromStart"
always_committed_session_14_player1,sampleJointGoal_fromStart,3,0.9962576329822251,"sampleJointGoal
fromStart"
always_committed_session_14_player1,sampleJointGoal_fromStart,4,0.9961449069943065,"sampleJointGoal
fromStart"
always_committed_session_14_player1,sampleJointGoal_fromStart,5,0.9964585689264261,"sampleJointGoal
fromStart"
always_committed_session_14_player2,sampleJointGoal_fromStart,0,0.5,"sampleJointGoal
fromStart"
always_committed_session_14_player2,sampleJointGoal_fromStart,1,0.7839616941725704,"sampleJointGoal
fromStart"
always_committed_session_14_player2,sampleJointGoal_fromStart,2,0.9461692019242546,"sampleJointGoal
fromStart"
always_committed_session_14_player2,sampleJointGoal_fromStart,3,0.9256995379292355,"sampleJointGoal
fromStart"
always_committed_session_14_player2,sampleJointGoal_fromStart,4,0.9985181809057754,"sampleJointGoal
fromStart"
always_committed_session_14_player2,sampleJointGoal_fromStart,5,0.9983833733391753,"sampleJointGoal
fromStart"
always_committed_session_15_player1,sampleJointGoal_fromStart,0,0.5,"sampleJointGoal
fromStart"
always_committed_session_15_player1,sampleJointGoal_fromStart,1,0.6849735527664353,"sampleJointGoal
fromStart"
always_committed_session_15_player1,sampleJointGoal_fromStart,2,0.9352914421082661,"sampleJointGoal
fromStart"
always_committed_session_15_player1,sampleJointGoal_fromStart,3,0.9363952553943538,"sampleJointGoal
fromStart"
always_committed_session_15_player1,sampleJointGoal_fromStart,4,0.936438910694715,"sampleJointGoal
fromStart"
always_committed_session_15_player1,sampleJointGoal_fromStart,5,0.938766732512387,"sampleJointGoal
fromStart"
always_committed_session_15_player2,sampleJointGoal_fromStart,0,0.5,"sampleJointGoal
fromStart"
always_committed_session_15_player2,sampleJointGoal_fromStart,1,0.6212711631913022,"sampleJointGoal
fromStart"
always_committed_session_15_player2,sampleJointGoal_fromStart,2,0.7384117605554931,"sampleJointGoal
fromStart"
always_committed_session_15_player2,sampleJointGoal_fromStart,3,0.8222616501286555,"sampleJointGoal
fromStart"
always_committed_session_15_player2,sampleJointGoal_fromStart,4,0.842806710151541,"sampleJointGoal
fromStart"
always_committed_session_15_player2,sampleJointGoal_fromStart,5,0.8577553775071727,"sampleJointGoal
fromStart"
always_committed_session_16_player1,sampleJointGoal_fromStart,0,0.5,"sampleJointGoal
fromStart"
always_committed_session_16_player1,sampleJointGoal_fromStart,1,0.6804611396275989,"sampleJointGoal
fromStart"
always_committed_session_16_player1,sampleJointGoal_fromStart,2,0.6966997518755981,"sampleJointGoal
fromStart"
always_committed_session_16_player1,sampleJointGoal_fromStart,3,0.955175945610428,"sampleJointGoal
fromStart"
always_committed_session_16_player1,sampleJointGoal_fromStart,4,0.9421431589318159,"sampleJointGoal
fromStart"
always_committed_session_16_player1,sampleJointGoal_fromStart,5,0.965006275233208,"sampleJointGoal
fromStart"
always_committed_session_16_player2,sampleJointGoal_fromStart,0,0.5,"sampleJointGoal
fromStart"
always_committed_session_16_player2,sampleJointGoal_fromStart,1,0.5499793194836985,"sampleJointGoal
fromStart"
always_committed_session_16_player2,sampleJointGoal_fromStart,2,0.6313981187279917,"sampleJointGoal
fromStart"
always_committed_session_16_player2,sampleJointGoal_fromStart,3,0.6991353154740065,"sampleJointGoal
fromStart"
always_committed_session_16_player2,sampleJointGoal_fromStart,4,0.7903893677707564,"sampleJointGoal
fromStart"
always_committed_session_16_player2,sampleJointGoal_fromStart,5,0.8165997037518683,"sampleJointGoal
fromStart"
always_committed_session_17_player1,sampleJointGoal_fromStart,0,0.5,"sampleJointGoal
fromStart"
always_committed_session_17_player1,sampleJointGoal_fromStart,1,0.6575217260886008,"sampleJointGoal
fromStart"
always_committed_session_17_player1,sampleJointGoal_fromStart,2,0.7836053980841402,"sampleJointGoal
fromStart"
always_committed_session_17_player1,sampleJointGoal_fromStart,3,0.750350183825627,"sampleJointGoal
fromStart"
always_committed_session_17_player1,sampleJointGoal_fromStart,4,0.8522056080146541,"sampleJointGoal
fromStart"
always_committed_session_17_player1,sampleJointGoal_fromStart,5,0.9307662175901336,"sampleJointGoal
fromStart"
always_committed_session_17_player2,sampleJointGoal_fromStart,0,0.5,"sampleJointGoal
fromStart"
always_committed_session_17_player2,sampleJointGoal_fromStart,1,0.7327289656689392,"sampleJointGoal
fromStart"
always_committed_session_17_player2,sampleJointGoal_fromStart,2,0.8322147467832627,"sampleJointGoal
fromStart"
always_committed_session_17_player2,sampleJointGoal_fromStart,3,0.8907171736094571,"sampleJointGoal
fromStart"
always_committed_session_17_player2,sampleJointGoal_fromStart,4,0.8910006256693972,"sampleJointGoal
fromStart"
always_committed_session_17_player2,sampleJointGoal_fromStart,5,0.8778871675787409,"sampleJointGoal
fromStart"
always_committed_session_18_player1,sampleJointGoal_fromStart,0,0.5,"sampleJointGoal
fromStart"
always_committed_session_18_player1,sampleJointGoal_fromStart,1,0.6715886856538883,"sampleJointGoal
fromStart"
always_committed_session_18_player1,sampleJointGoal_fromStart,2,0.723719184065346,"sampleJointGoal
fromStart"
always_committed_session_18_player1,sampleJointGoal_fromStart,3,0.7806975115532147,"sampleJointGoal
fromStart"
always_committed_session_18_player1,sampleJointGoal_fromStart,4,0.8467477271220738,"sampleJointGoal
fromStart"
always_committed_session_18_player1,sampleJointGoal_fromStart,5,0.846706954940131,"sampleJointGoal
fromStart"
always_committed_session_18_player2,sampleJointGoal_fromStart,0,0.5,"sampleJointGoal
fromStart"
always_committed_session_18_player2,sampleJointGoal_fromStart,1,0.5653498141464803,"sampleJointGoal
fromStart"
always_committed_session_18_player2,sampleJointGoal_fromStart,2,0.6870094139099474,"sampleJointGoal
fromStart"
always_committed_session_18_player2,sampleJointGoal_fromStart,3,0.7156697081662926,"sampleJointGoal
fromStart"
always_committed_session_18_player2,sampleJointGoal_fromStart,4,0.8206208322020371,"sampleJointGoal
fromStart"
always_committed_session_18_player2,sampleJointGoal_fromStart,5,0.8695657981393434,"sampleJointGoal
fromStart"
always_committed_session_19_player1,sampleJointGoal_fromStart,0,0.5,"sampleJointGoal
fromStart"
always_committed_session_19_player1,sampleJointGoal_fromStart,1,0.7467772067481471,"sampleJointGoal
fromStart"
always_committed_session_19_player1,sampleJointGoal_fromStart,2,0.8181256342210468,"sampleJointGoal
fromStart"
always_committed_session_19_player1,sampleJointGoal_fromStart,3,0.8831667286325886,"sampleJointGoal
fromStart"
always_committed_session_19_player1,sampleJointGoal_fromStart,4,0.9565954050397951,"sampleJointGoal
fromStart"
always_committed_session_19_player1,sampleJointGoal_fromStart,5,0.973715526020967,"sampleJointGoal
fromStart"
always_committed_session_19_player2,sampleJointGoal_fromStart,0,0.5,"sampleJointGoal
fromStart"
always_committed_session_19_player2,sampleJointGoal_fromStart,1,0.8678316357126922,"sampleJointGoal
fromStart"
always_committed_session_19_player2,sampleJointGoal_fromStart,2,0.9379670828560622,"sampleJointGoal
fromStart"
always_committed_session_19_player2,sampleJointGoal_fromStart,3,0.9383576384782135,"sampleJointGoal
fromStart"
always_committed_session_19_player2,sampleJointGoal_fromStart,4,0.9384060602575081,"sampleJointGoal
fromStart"
always_committed_session_19_player2,sampleJointGoal_fromStart,5,0.9382041511122912,"sampleJointGoal
fromStart"
always_committed_session_1_player1,sampleJointGoal_fromStart,0,0.5,"sampleJointGoal
fromStart"
always_committed_session_1_player1,sampleJointGoal_fromStart,1,0.6610660569941541,"sampleJointGoal
fromStart"
always_committed_session_1_player1,sampleJointGoal_fromStart,2,0.6690849205832244,"sampleJointGoal
fromStart"
always_committed_session_1_player1,sampleJointGoal_fromStart,3,0.7612659913036586,"sampleJointGoal
fromStart"
always_committed_session_1_player1,sampleJointGoal_fromStart,4,0.7918586528172501,"sampleJointGoal
fromStart"
always_committed_session_1_player1,sampleJointGoal_fromStart,5,0.812314503438264,"sampleJointGoal
fromStart"
always_committed_session_1_player2,sampleJointGoal_fromStart,0,0.5,"sampleJointGoal
fromStart"
always_committed_session_1_player2,sampleJointGoal_fromStart,1,0.6615691758273786,"sampleJointGoal
fromStart"
always_committed_session_1_player2,sampleJointGoal_fromStart,2,0.7185741150565004,"sampleJointGoal
fromStart"
always_committed_session_1_player2,sampleJointGoal_fromStart,3,0.7382609565764631,"sampleJointGoal
fromStart"
always_committed_session_1_player2,sampleJointGoal_fromStart,4,0.7709318197457704,"sampleJointGoal
fromStart"
always_committed_session_1_player2,sampleJointGoal_fromStart,5,0.8444237280274012,"sampleJointGoal
fromStart"
always_committed_session_20_player1,sampleJointGoal_fromStart,0,0.5,"sampleJointGoal
fromStart"
always_committed_session_20_player1,sampleJointGoal_fromStart,1,0.7653259587104926,"sampleJointGoal
fromStart"
always_committed_session_20_player1,sampleJointGoal_fromStart,2,0.9187564742593064,"sampleJointGoal
fromStart"
always_committed_session_20_player1,sampleJointGoal_fromStart,3,0.9543293454888471,"sampleJointGoal
fromStart"
always_committed_session_20_player1,sampleJointGoal_fromStart,4,0.8459806982429953,"sampleJointGoal
fromStart"
always_committed_session_20_player1,sampleJointGoal_fromStart,5,0.8850600834588997,"sampleJointGoal
fromStart"
always_committed_session_20_player2,sampleJointGoal_fromStart,0,0.5,"sampleJointGoal
fromStart"
always_committed_session_20_player2,sampleJointGoal_fromStart,1,0.6002976596478721,"sampleJointGoal
fromStart"
always_committed_session_20_player2,sampleJointGoal_fromStart,2,0.8949105887587478,"sampleJointGoal
fromStart"
always_committed_session_20_player2,sampleJointGoal_fromStart,3,0.8958729059894424,"sampleJointGoal
fromStart"
always_committed_session_20_player2,sampleJointGoal_fromStart,4,0.8964815329692659,"sampleJointGoal
fromStart"
always_committed_session_20_player2,sampleJointGoal_fromStart,5,0.8957496244833656,"sampleJointGoal
fromStart"
always_committed_session_21_player1,sampleJointGoal_fromStart,0,0.5,"sampleJointGoal
fromStart"
always_committed_session_21_player1,sampleJointGoal_fromStart,1,0.6950052637856091,"sampleJointGoal
fromStart"
always_committed_session_21_player1,sampleJointGoal_fromStart,2,0.8061445486440098,"sampleJointGoal
fromStart"
always_committed_session_21_player1,sampleJointGoal_fromStart,3,0.8199943813898876,"sampleJointGoal
fromStart"
always_committed_session_21_player1,sampleJointGoal_fromStart,4,0.8796550434735129,"sampleJointGoal
fromStart"
always_committed_session_21_player1,sampleJointGoal_fromStart,5,0.876527366301957,"sampleJointGoal
fromStart"
always_committed_session_21_player2,sampleJointGoal_fromStart,0,0.5,"sampleJointGoal
fromStart"
always_committed_session_21_player2,sampleJointGoal_fromStart,1,0.6788349473256949,"sampleJointGoal
fromStart"
always_committed_session_21_player2,sampleJointGoal_fromStart,2,0.8860561052950258,"sampleJointGoal
fromStart"
always_committed_session_21_player2,sampleJointGoal_fromStart,3,0.8891380816267402,"sampleJointGoal
fromStart"
always_committed_session_21_player2,sampleJointGoal_fromStart,4,0.8997203245441006,"sampleJointGoal
fromStart"
always_committed_session_21_player2,sampleJointGoal_fromStart,5,0.9002377000404095,"sampleJointGoal
fromStart"
always_committed_session_22_player1,sampleJointGoal_fromStart,0,0.5,"sampleJointGoal
fromStart"
always_committed_session_22_player1,sampleJointGoal_fromStart,1,0.6258715756943781,"sampleJointGoal
fromStart"
always_committed_session_22_player1,sampleJointGoal_fromStart,2,0.6681563538867163,"sampleJointGoal
fromStart"
always_committed_session_22_player1,sampleJointGoal_fromStart,3,0.8882005936403664,"sampleJointGoal
fromStart"
always_committed_session_22_player1,sampleJointGoal_fromStart,4,0.889756284059417,"sampleJointGoal
fromStart"
always_committed_session_22_player1,sampleJointGoal_fromStart,5,0.8772040276695248,"sampleJointGoal
fromStart"
always_committed_session_22_player2,sampleJointGoal_fromStart,0,0.5,"sampleJointGoal
fromStart"
always_committed_session_22_player2,sampleJointGoal_fromStart,1,0.6792422118172046,"sampleJointGoal
fromStart"
always_committed_session_22_player2,sampleJointGoal_fromStart,2,0.771369045941615,"sampleJointGoal
fromStart"
always_committed_session_22_player2,sampleJointGoal_fromStart,3,0.8872439772224986,"sampleJointGoal
fromStart"
always_committed_session_22_player2,sampleJointGoal_fromStart,4,0.886670671886082,"sampleJointGoal
fromStart"
always_committed_session_22_player2,sampleJointGoal_fromStart,5,0.9414900938205208,"sampleJointGoal
fromStart"
always_committed_session_23_player1,sampleJointGoal_fromStart,0,0.5,"sampleJointGoal
fromStart"
always_committed_session_23_player1,sampleJointGoal_fromStart,1,0.6169534631474392,"sampleJointGoal
fromStart"
always_committed_session_23_player1,sampleJointGoal_fromStart,2,0.7170374129851558,"sampleJointGoal
fromStart"
always_committed_session_23_player1,sampleJointGoal_fromStart,3,0.7855098121306653,"sampleJointGoal
fromStart"
always_committed_session_23_player1,sampleJointGoal_fromStart,4,0.9049022722857387,"sampleJointGoal
fromStart"
always_committed_session_23_player1,sampleJointGoal_fromStart,5,0.9114027803280621,"sampleJointGoal
fromStart"
always_committed_session_23_player2,sampleJointGoal_fromStart,0,0.5,"sampleJointGoal
fromStart"
always_committed_session_23_player2,sampleJointGoal_fromStart,1,0.8057590529462022,"sampleJointGoal
fromStart"
always_committed_session_23_player2,sampleJointGoal_fromStart,2,0.8433672158196877,"sampleJointGoal
fromStart"
always_committed_session_23_player2,sampleJointGoal_fromStart,3,0.8551233826879683,"sampleJointGoal
fromStart"
always_committed_session_23_player2,sampleJointGoal_fromStart,4,0.778812220652635,"sampleJointGoal
fromStart"
always_committed_session_23_player2,sampleJointGoal_fromStart,5,0.7666858538676127,"sampleJointGoal
fromStart"
always_committed_session_24_player1,sampleJointGoal_fromStart,0,0.5,"sampleJointGoal
fromStart"
always_committed_session_24_player1,sampleJointGoal_fromStart,1,0.5966735082115151,"sampleJointGoal
fromStart"
always_committed_session_24_player1,sampleJointGoal_fromStart,2,0.6786091131770972,"sampleJointGoal
fromStart"
always_committed_session_24_player1,sampleJointGoal_fromStart,3,0.8450289787221704,"sampleJointGoal
fromStart"
always_committed_session_24_player1,sampleJointGoal_fromStart,4,0.9247199432150861,"sampleJointGoal
fromStart"
always_committed_session_24_player1,sampleJointGoal_fromStart,5,0.9343751258430948,"sampleJointGoal
fromStart"
always_committed_session_24_player2,sampleJointGoal_fromStart,0,0.5,"sampleJointGoal
fromStart"
always_committed_session_24_player2,sampleJointGoal_fromStart,1,0.7668597211077288,"sampleJointGoal
fromStart"
always_committed_session_24_player2,sampleJointGoal_fromStart,2,0.8156259306998899,"sampleJointGoal
fromStart"
always_committed_session_24_player2,sampleJointGoal_fromStart,3,0.826019627141729,"sampleJointGoal
fromStart"
always_committed_session_24_player2,sampleJointGoal_fromStart,4,0.8766243443779123,"sampleJointGoal
fromStart"
always_committed_session_24_player2,sampleJointGoal_fromStart,5,0.8786974090051604,"sampleJointGoal
fromStart"
always_committed_session_25_player1,sampleJointGoal_fromStart,0,0.5,"sampleJointGoal
fromStart"
always_committed_session_25_player1,sampleJointGoal_fromStart,1,0.5614986184113843,"sampleJointGoal
fromStart"
always_committed_session_25_player1,sampleJointGoal_fromStart,2,0.6236060991395894,"sampleJointGoal
fromStart"
always_committed_session_25_player1,sampleJointGoal_fromStart,3,0.6810170659833237,"sampleJointGoal
fromStart"
always_committed_session_25_player1,sampleJointGoal_fromStart,4,0.7516570663781764,"sampleJointGoal
fromStart"
always_committed_session_25_player1,sampleJointGoal_fromStart,5,0.7639961601056001,"sampleJointGoal
fromStart"
always_committed_session_25_player2,sampleJointGoal_fromStart,0,0.5,"sampleJointGoal
fromStart"
always_committed_session_25_player2,sampleJointGoal_fromStart,1,0.719153478958948,"sampleJointGoal
fromStart"
always_committed_session_25_player2,sampleJointGoal_fromStart,2,0.7826011386813164,"sampleJointGoal
fromStart"
always_committed_session_25_player2,sampleJointGoal_fromStart,3,0.7783870743522378,"sampleJointGoal
fromStart"
always_committed_session_25_player2,sampleJointGoal_fromStart,4,0.811886232309216,"sampleJointGoal
fromStart"
always_committed_session_25_player2,sampleJointGoal_fromStart,5,0.8606424347891636,"sampleJointGoal
fromStart"
always_committed_session_26_player1,sampleJointGoal_fromStart,0,0.5,"sampleJointGoal
fromStart"
always_committed_session_26_player1,sampleJointGoal_fromStart,1,0.6869322690391717,"sampleJointGoal
fromStart"
always_committed_session_26_player1,sampleJointGoal_fromStart,2,0.8878291561480247,"sampleJointGoal
fromStart"
always_committed_session_26_player1,sampleJointGoal_fromStart,3,0.9369780083530367,"sampleJointGoal
fromStart"
always_committed_session_26_player1,sampleJointGoal_fromStart,4,0.9379531959978176,"sampleJointGoal
fromStart"
always_committed_session_26_player1,sampleJointGoal_fromStart,5,0.9472929083844586,"sampleJointGoal
fromStart"
always_committed_session_26_player2,sampleJointGoal_fromStart,0,0.5,"sampleJointGoal
fromStart"
always_committed_session_26_player2,sampleJointGoal_fromStart,1,0.7017085355665941,"sampleJointGoal
fromStart"
always_committed_session_26_player2,sampleJointGoal_fromStart,2,0.8938348993433125,"sampleJointGoal
fromStart"
always_committed_session_26_player2,sampleJointGoal_fromStart,3,0.9004325263420571,"sampleJointGoal
fromStart"
always_committed_session_26_player2,sampleJointGoal_fromStart,4,0.9665686258234155,"sampleJointGoal
fromStart"
always_committed_session_26_player2,sampleJointGoal_fromStart,5,0.9808343129123099,"sampleJointGoal
fromStart"
always_committed_session_27_player1,sampleJointGoal_fromStart,0,0.5,"sampleJointGoal
fromStart"
always_committed_session_27_player1,sampleJointGoal_fromStart,1,0.7714703301721747,"sampleJointGoal
fromStart"
always_committed_session_27_player1,sampleJointGoal_fromStart,2,0.8002856594163417,"sampleJointGoal
fromStart"
always_committed_session_27_player1,sampleJointGoal_fromStart,3,0.8132372318865337,"sampleJointGoal
fromStart"
always_committed_session_27_player1,sampleJointGoal_fromStart,4,0.8656832185541358,"sampleJointGoal
fromStart"
always_committed_session_27_player1,sampleJointGoal_fromStart,5,0.8687428954752944,"sampleJointGoal
fromStart"
always_committed_session_27_player2,sampleJointGoal_fromStart,0,0.5,"sampleJointGoal
fromStart"
always_committed_session_27_player2,sampleJointGoal_fromStart,1,0.6938700282177093,"sampleJointGoal
fromStart"
always_committed_session_27_player2,sampleJointGoal_fromStart,2,0.8509938880488599,"sampleJointGoal
fromStart"
always_committed_session_27_player2,sampleJointGoal_fromStart,3,0.8449401484691264,"sampleJointGoal
fromStart"
always_committed_session_27_player2,sampleJointGoal_fromStart,4,0.8461870389157554,"sampleJointGoal
fromStart"
always_committed_session_27_player2,sampleJointGoal_fromStart,5,0.824078928972285,"sampleJointGoal
fromStart"
always_committed_session_28_player1,sampleJointGoal_fromStart,0,0.5,"sampleJointGoal
fromStart"
always_committed_session_28_player1,sampleJointGoal_fromStart,1,0.6787545486037039,"sampleJointGoal
fromStart"
always_committed_session_28_player1,sampleJointGoal_fromStart,2,0.7922501183365167,"sampleJointGoal
fromStart"
always_committed_session_28_player1,sampleJointGoal_fromStart,3,0.8728373255819,"sampleJointGoal
fromStart"
always_committed_session_28_player1,sampleJointGoal_fromStart,4,0.9468982034391753,"sampleJointGoal
fromStart"
always_committed_session_28_player1,sampleJointGoal_fromStart,5,0.9548079441016449,"sampleJointGoal
fromStart"
always_committed_session_28_player2,sampleJointGoal_fromStart,0,0.5,"sampleJointGoal
fromStart"
always_committed_session_28_player2,sampleJointGoal_fromStart,1,0.815945281236462,"sampleJointGoal
fromStart"
always_committed_session_28_player2,sampleJointGoal_fromStart,2,0.7553070926533232,"sampleJointGoal
fromStart"
always_committed_session_28_player2,sampleJointGoal_fromStart,3,0.8385294605102638,"sampleJointGoal
fromStart"
always_committed_session_28_player2,sampleJointGoal_fromStart,4,0.9813847375407118,"sampleJointGoal
fromStart"
always_committed_session_28_player2,sampleJointGoal_fromStart,5,0.9857112593884395,"sampleJointGoal
fromStart"
always_committed_session_29_player1,sampleJointGoal_fromStart,0,0.5,"sampleJointGoal
fromStart"
always_committed_session_29_player1,sampleJointGoal_fromStart,1,0.700653716480849,"sampleJointGoal
fromStart"
always_committed_session_29_player1,sampleJointGoal_fromStart,2,0.7751353926168087,"sampleJointGoal
fromStart"
always_committed_session_29_player1,sampleJointGoal_fromStart,3,0.835181154718826,"sampleJointGoal
fromStart"
always_committed_session_29_player1,sampleJointGoal_fromStart,4,0.9019270417704103,"sampleJointGoal
fromStart"
always_committed_session_29_player1,sampleJointGoal_fromStart,5,0.9997512796599143,"sampleJointGoal
fromStart"
always_committed_session_29_player2,sampleJointGoal_fromStart,0,0.5,"sampleJointGoal
fromStart"
always_committed_session_29_player2,sampleJointGoal_fromStart,1,0.7827901657969518,"sampleJointGoal
fromStart"
always_committed_session_29_player2,sampleJointGoal_fromStart,2,0.8720590285886775,"sampleJointGoal
fromStart"
always_committed_session_29_player2,sampleJointGoal_fromStart,3,0.8727425552646667,"sampleJointGoal
fromStart"
always_committed_session_29_player2,sampleJointGoal_fromStart,4,0.86618511902589,"sampleJointGoal
fromStart"
always_committed_session_29_player2,sampleJointGoal_fromStart,5,0.8875523314918667,"sampleJointGoal
fromStart"
always_committed_session_2_player1,sampleJointGoal_fromStart,0,0.5,"sampleJointGoal
fromStart"
always_committed_session_2_player1,sampleJointGoal_fromStart,1,0.7279816612243691,"sampleJointGoal
fromStart"
always_committed_session_2_player1,sampleJointGoal_fromStart,2,0.7193422739084068,"sampleJointGoal
fromStart"
always_committed_session_2_player1,sampleJointGoal_fromStart,3,0.793864872985848,"sampleJointGoal
fromStart"
always_committed_session_2_player1,sampleJointGoal_fromStart,4,0.8739583297976918,"sampleJointGoal
fromStart"
always_committed_session_2_player1,sampleJointGoal_fromStart,5,0.884048726828722,"sampleJointGoal
fromStart"
always_committed_session_2_player2,sampleJointGoal_fromStart,0,0.5,"sampleJointGoal
fromStart"
always_committed_session_2_player2,sampleJointGoal_fromStart,1,0.6116866222109442,"sampleJointGoal
fromStart"
always_committed_session_2_player2,sampleJointGoal_fromStart,2,0.7218519071392435,"sampleJointGoal
fromStart"
always_committed_session_2_player2,sampleJointGoal_fromStart,3,0.7165380567196278,"sampleJointGoal
fromStart"
always_committed_session_2_player2,sampleJointGoal_fromStart,4,0.8358371807771529,"sampleJointGoal
fromStart"
always_committed_session_2_player2,sampleJointGoal_fromStart,5,0.8515089387103941,"sampleJointGoal
fromStart"
always_committed_session_3_player1,sampleJointGoal_fromStart,0,0.5,"sampleJointGoal
fromStart"
always_committed_session_3_player1,sampleJointGoal_fromStart,1,0.7415894377874621,"sampleJointGoal
fromStart"
always_committed_session_3_player1,sampleJointGoal_fromStart,2,0.8287816822014508,"sampleJointGoal
fromStart"
always_committed_session_3_player1,sampleJointGoal_fromStart,3,0.871707384317412,"sampleJointGoal
fromStart"
always_committed_session_3_player1,sampleJointGoal_fromStart,4,0.9994282924993807,"sampleJointGoal
fromStart"
always_committed_session_3_player1,sampleJointGoal_fromStart,5,0.9999821887635694,"sampleJointGoal
fromStart"
always_committed_session_3_player2,sampleJointGoal_fromStart,0,0.5,"sampleJointGoal
fromStart"
always_committed_session_3_player2,sampleJointGoal_fromStart,1,0.6858783092199339,"sampleJointGoal
fromStart"
always_committed_session_3_player2,sampleJointGoal_fromStart,2,0.7027456389779617,"sampleJointGoal
fromStart"
always_committed_session_3_player2,sampleJointGoal_fromStart,3,0.7613348027927502,"sampleJointGoal
fromStart"
always_committed_session_3_player2,sampleJointGoal_fromStart,4,0.8343120191702857,"sampleJointGoal
fromStart"
always_committed_session_3_player2,sampleJointGoal_fromStart,5,0.7979678811393379,"sampleJointGoal
fromStart"
always_committed_session_4_player1,sampleJointGoal_fromStart,0,0.5,"sampleJointGoal
fromStart"
always_committed_session_4_player1,sampleJointGoal_fromStart,1,0.5497630045699204,"sampleJointGoal
fromStart"
always_committed_session_4_player1,sampleJointGoal_fromStart,2,0.6645586525698396,"sampleJointGoal
fromStart"
always_committed_session_4_player1,sampleJointGoal_fromStart,3,0.7492903288580951,"sampleJointGoal
fromStart"
always_committed_session_4_player1,sampleJointGoal_fromStart,4,0.7986248656825108,"sampleJointGoal
fromStart"
always_committed_session_4_player1,sampleJointGoal_fromStart,5,0.8347861616496056,"sampleJointGoal
fromStart"
always_committed_session_4_player2,sampleJointGoal_fromStart,0,0.5,"sampleJointGoal
fromStart"
always_committed_session_4_player2,sampleJointGoal_fromStart,1,0.6154164284660468,"sampleJointGoal
fromStart"
always_committed_session_4_player2,sampleJointGoal_fromStart,2,0.77044776585984,"sampleJointGoal
fromStart"
always_committed_session_4_player2,sampleJointGoal_fromStart,3,0.7890640562746564,"sampleJointGoal
fromStart"
always_committed_session_4_player2,sampleJointGoal_fromStart,4,0.8622669535328672,"sampleJointGoal
fromStart"
always_committed_session_4_player2,sampleJointGoal_fromStart,5,0.8548455735633936,"sampleJointGoal
fromStart"
always_committed_session_5_player1,sampleJointGoal_fromStart,0,0.5,"sampleJointGoal
fromStart"
always_committed_session_5_player1,sampleJointGoal_fromStart,1,0.6463486949123091,"sampleJointGoal
fromStart"
always_committed_session_5_player1,sampleJointGoal_fromStart,2,0.7809382921180229,"sampleJointGoal
fromStart"
always_committed_session_5_player1,sampleJointGoal_fromStart,3,0.7893680247006889,"sampleJointGoal
fromStart"
always_committed_session_5_player1,sampleJointGoal_fromStart,4,0.791168197727903,"sampleJointGoal
fromStart"
always_committed_session_5_player1,sampleJointGoal_fromStart,5,0.7913511294150596,"sampleJointGoal
fromStart"
always_committed_session_5_player2,sampleJointGoal_fromStart,0,0.5,"sampleJointGoal
fromStart"
always_committed_session_5_player2,sampleJointGoal_fromStart,1,0.5013153577357116,"sampleJointGoal
fromStart"
always_committed_session_5_player2,sampleJointGoal_fromStart,2,0.7224831796867891,"sampleJointGoal
fromStart"
always_committed_session_5_player2,sampleJointGoal_fromStart,3,0.7468337924947058,"sampleJointGoal
fromStart"
always_committed_session_5_player2,sampleJointGoal_fromStart,4,0.7647541333962596,"sampleJointGoal
fromStart"
always_committed_session_5_player2,sampleJointGoal_fromStart,5,0.7707230724219328,"sampleJointGoal
fromStart"
always_committed_session_6_player1,sampleJointGoal_fromStart,0,0.5,"sampleJointGoal
fromStart"
always_committed_session_6_player1,sampleJointGoal_fromStart,1,0.6039806227385418,"sampleJointGoal
fromStart"
always_committed_session_6_player1,sampleJointGoal_fromStart,2,0.8494631049915553,"sampleJointGoal
fromStart"
always_committed_session_6_player1,sampleJointGoal_fromStart,3,0.9553765799498519,"sampleJointGoal
fromStart"
always_committed_session_6_player1,sampleJointGoal_fromStart,4,0.971454711798309,"sampleJointGoal
fromStart"
always_committed_session_6_player1,sampleJointGoal_fromStart,5,0.9998791577611119,"sampleJointGoal
fromStart"
always_committed_session_6_player2,sampleJointGoal_fromStart,0,0.5,"sampleJointGoal
fromStart"
always_committed_session_6_player2,sampleJointGoal_fromStart,1,0.6786881017375349,"sampleJointGoal
fromStart"
always_committed_session_6_player2,sampleJointGoal_fromStart,2,0.8016468839589536,"sampleJointGoal
fromStart"
always_committed_session_6_player2,sampleJointGoal_fromStart,3,0.924259292456807,"sampleJointGoal
fromStart"
always_committed_session_6_player2,sampleJointGoal_fromStart,4,0.9556511561544468,"sampleJointGoal
fromStart"
always_committed_session_6_player2,sampleJointGoal_fromStart,5,0.9999821227942876,"sampleJointGoal
fromStart"
always_committed_session_7_player1,sampleJointGoal_fromStart,0,0.5,"sampleJointGoal
fromStart"
always_committed_session_7_player1,sampleJointGoal_fromStart,1,0.5250831658813404,"sampleJointGoal
fromStart"
always_committed_session_7_player1,sampleJointGoal_fromStart,2,0.620109964207603,"sampleJointGoal
fromStart"
always_committed_session_7_player1,sampleJointGoal_fromStart,3,0.7033931470226948,"sampleJointGoal
fromStart"
always_committed_session_7_player1,sampleJointGoal_fromStart,4,0.674060127496251,"sampleJointGoal
fromStart"
always_committed_session_7_player1,sampleJointGoal_fromStart,5,0.7471086497759939,"sampleJointGoal
fromStart"
always_committed_session_7_player2,sampleJointGoal_fromStart,0,0.5,"sampleJointGoal
fromStart"
always_committed_session_7_player2,sampleJointGoal_fromStart,1,0.6093376077155067,"sampleJointGoal
fromStart"
always_committed_session_7_player2,sampleJointGoal_fromStart,2,0.7192954058605266,"sampleJointGoal
fromStart"
always_committed_session_7_player2,sampleJointGoal_fromStart,3,0.711021158451211,"sampleJointGoal
fromStart"
always_committed_session_7_player2,sampleJointGoal_fromStart,4,0.7412794855008354,"sampleJointGoal
fromStart"
always_committed_session_7_player2,sampleJointGoal_fromStart,5,0.749369586479192,"sampleJointGoal
fromStart"
always_committed_session_8_player1,sampleJointGoal_fromStart,0,0.5,"sampleJointGoal
fromStart"
always_committed_session_8_player1,sampleJointGoal_fromStart,1,0.8004962191096822,"sampleJointGoal
fromStart"
always_committed_session_8_player1,sampleJointGoal_fromStart,2,0.8583328863282118,"sampleJointGoal
fromStart"
always_committed_session_8_player1,sampleJointGoal_fromStart,3,0.9392473009858389,"sampleJointGoal
fromStart"
always_committed_session_8_player1,sampleJointGoal_fromStart,4,0.9436869624543155,"sampleJointGoal
fromStart"
always_committed_session_8_player1,sampleJointGoal_fromStart,5,0.9447294973202269,"sampleJointGoal
fromStart"
always_committed_session_8_player2,sampleJointGoal_fromStart,0,0.5,"sampleJointGoal
fromStart"
always_committed_session_8_player2,sampleJointGoal_fromStart,1,0.55942961358691,"sampleJointGoal
fromStart"
always_committed_session_8_player2,sampleJointGoal_fromStart,2,0.6855320451929551,"sampleJointGoal
fromStart"
always_committed_session_8_player2,sampleJointGoal_fromStart,3,0.7663381579493894,"sampleJointGoal
fromStart"
always_committed_session_8_player2,sampleJointGoal_fromStart,4,0.8210323095073951,"sampleJointGoal
fromStart"
always_committed_session_8_player2,sampleJointGoal_fromStart,5,0.8167204825901901,"sampleJointGoal
fromStart"
always_committed_session_9_player1,sampleJointGoal_fromStart,0,0.5,"sampleJointGoal
fromStart"
always_committed_session_9_player1,sampleJointGoal_fromStart,1,0.7165519346253747,"sampleJointGoal
fromStart"
always_committed_session_9_player1,sampleJointGoal_fromStart,2,0.7170147177063564,"sampleJointGoal
fromStart"
always_committed_session_9_player1,sampleJointGoal_fromStart,3,0.7511608719240042,"sampleJointGoal
fromStart"
always_committed_session_9_player1,sampleJointGoal_fromStart,4,0.7799123530672449,"sampleJointGoal
fromStart"
always_committed_session_9_player1,sampleJointGoal_fromStart,5,0.9296593440064709,"sampleJointGoal
fromStart"
always_committed_session_9_player2,sampleJointGoal_fromStart,0,0.5,"sampleJointGoal
fromStart"
always_committed_session_9_player2,sampleJointGoal_fromStart,1,0.7190367541522245,"sampleJointGoal
fromStart"
always_committed_session_9_player2,sampleJointGoal_fromStart,2,0.7319706121282397,"sampleJointGoal
fromStart"
always_committed_session_9_player2,sampleJointGoal_fromStart,3,0.8855903150883812,"sampleJointGoal
fromStart"
always_committed_session_9_player2,sampleJointGoal_fromStart,4,0.8865763176373593,"sampleJointGoal
fromStart"
always_committed_session_9_player2,sampleJointGoal_fromStart,5,0.8846249931067659,"sampleJointGoal
fromStart"
human_1d1f4cf9-e5f0-4ef5-8d74-ab6b134f25eb_player1,Human-Human,0,0.5,Human-Human
human_1d1f4cf9-e5f0-4ef5-8d74-ab6b134f25eb_player1,Human-Human,1,0.7753724005722413,Human-Human
human_1d1f4cf9-e5f0-4ef5-8d74-ab6b134f25eb_player1,Human-Human,2,0.8000690098277583,Human-Human
human_1d1f4cf9-e5f0-4ef5-8d74-ab6b134f25eb_player1,Human-Human,3,0.8148736655554164,Human-Human
human_1d1f4cf9-e5f0-4ef5-8d74-ab6b134f25eb_player1,Human-Human,4,0.7884378526462908,Human-Human
human_1d1f4cf9-e5f0-4ef5-8d74-ab6b134f25eb_player1,Human-Human,5,0.48994133399258255,Human-Human
human_1d1f4cf9-e5f0-4ef5-8d74-ab6b134f25eb_player2,Human-Human,0,0.5,Human-Human
human_1d1f4cf9-e5f0-4ef5-8d74-ab6b134f25eb_player2,Human-Human,1,0.7813696514842347,Human-Human
human_1d1f4cf9-e5f0-4ef5-8d74-ab6b134f25eb_player2,Human-Human,2,0.8072556339908187,Human-Human
human_1d1f4cf9-e5f0-4ef5-8d74-ab6b134f25eb_player2,Human-Human,3,0.8335757777859918,Human-Human
human_1d1f4cf9-e5f0-4ef5-8d74-ab6b134f25eb_player2,Human-Human,4,0.807708714909498,Human-Human
human_1d1f4cf9-e5f0-4ef5-8d74-ab6b134f25eb_player2,Human-Human,5,0.8091731057478871,Human-Human
human_2ed9e54f-be52-49b9-a758-abb5f5ef5150_player1,Human-Human,0,0.5,Human-Human
human_2ed9e54f-be52-49b9-a758-abb5f5ef5150_player1,Human-Human,1,0.7761361721629222,Human-Human
human_2ed9e54f-be52-49b9-a758-abb5f5ef5150_player1,Human-Human,2,0.9196426335493134,Human-Human
human_2ed9e54f-be52-49b9-a758-abb5f5ef5150_player1,Human-Human,3,0.9376260179316017,Human-Human
human_2ed9e54f-be52-49b9-a758-abb5f5ef5150_player1,Human-Human,4,0.9979182563645986,Human-Human
human_2ed9e54f-be52-49b9-a758-abb5f5ef5150_player1,Human-Human,5,0.99711173981797,Human-Human
human_2ed9e54f-be52-49b9-a758-abb5f5ef5150_player2,Human-Human,0,0.5,Human-Human
human_2ed9e54f-be52-49b9-a758-abb5f5ef5150_player2,Human-Human,1,0.6348365412843425,Human-Human
human_2ed9e54f-be52-49b9-a758-abb5f5ef5150_player2,Human-Human,2,0.879388908063792,Human-Human
human_2ed9e54f-be52-49b9-a758-abb5f5ef5150_player2,Human-Human,3,0.9353877354873643,Human-Human
human_2ed9e54f-be52-49b9-a758-abb5f5ef5150_player2,Human-Human,4,0.9999448957327775,Human-Human
human_2ed9e54f-be52-49b9-a758-abb5f5ef5150_player2,Human-Human,5,0.9999650306502552,Human-Human
human_31e13002-490a-484d-a0f6-1781673d477a_player1,Human-Human,0,0.5,Human-Human
human_31e13002-490a-484d-a0f6-1781673d477a_player1,Human-Human,1,0.8698209994054366,Human-Human
human_31e13002-490a-484d-a0f6-1781673d477a_player1,Human-Human,2,0.971809269416133,Human-Human
human_31e13002-490a-484d-a0f6-1781673d477a_player1,Human-Human,3,0.9849573980782587,Human-Human
human_31e13002-490a-484d-a0f6-1781673d477a_player1,Human-Human,4,0.9953953082871304,Human-Human
human_31e13002-490a-484d-a0f6-1781673d477a_player1,Human-Human,5,0.9999831612996576,Human-Human
human_31e13002-490a-484d-a0f6-1781673d477a_player2,Human-Human,0,0.5,Human-Human
human_31e13002-490a-484d-a0f6-1781673d477a_player2,Human-Human,1,0.9166636548980519,Human-Human
human_31e13002-490a-484d-a0f6-1781673d477a_player2,Human-Human,2,0.999991097505123,Human-Human
human_31e13002-490a-484d-a0f6-1781673d477a_player2,Human-Human,3,0.9999973847217686,Human-Human
human_31e13002-490a-484d-a0f6-1781673d477a_player2,Human-Human,4,0.9999987029548195,Human-Human
human_31e13002-490a-484d-a0f6-1781673d477a_player2,Human-Human,5,0.9999989132307652,Human-Human
human_6558f174-56b6-4592-b53b-bf9ff8c7f3ca_player1,Human-Human,0,0.5,Human-Human
human_6558f174-56b6-4592-b53b-bf9ff8c7f3ca_player1,Human-Human,1,0.5155175386714133,Human-Human
human_6558f174-56b6-4592-b53b-bf9ff8c7f3ca_player1,Human-Human,2,0.5396888194205918,Human-Human
human_6558f174-56b6-4592-b53b-bf9ff8c7f3ca_player1,Human-Human,3,0.8197170562106179,Human-Human
human_6558f174-56b6-4592-b53b-bf9ff8c7f3ca_player1,Human-Human,4,0.8580452373621491,Human-Human
human_6558f174-56b6-4592-b53b-bf9ff8c7f3ca_player1,Human-Human,5,0.9476784474204049,Human-Human
human_6558f174-56b6-4592-b53b-bf9ff8c7f3ca_player2,Human-Human,0,0.5,Human-Human
human_6558f174-56b6-4592-b53b-bf9ff8c7f3ca_player2,Human-Human,1,0.9382053904741786,Human-Human
human_6558f174-56b6-4592-b53b-bf9ff8c7f3ca_player2,Human-Human,2,0.9328167488788431,Human-Human
human_6558f174-56b6-4592-b53b-bf9ff8c7f3ca_player2,Human-Human,3,0.9978152807249868,Human-Human
human_6558f174-56b6-4592-b53b-bf9ff8c7f3ca_player2,Human-Human,4,0.9985066387843025,Human-Human
human_6558f174-56b6-4592-b53b-bf9ff8c7f3ca_player2,Human-Human,5,0.9990054005688478,Human-Human
human_6b3ca33d-6a91-4de7-aaef-b55bcb13d712_player1,Human-Human,0,0.5,Human-Human
human_6b3ca33d-6a91-4de7-aaef-b55bcb13d712_player1,Human-Human,1,0.6452399842696275,Human-Human
human_6b3ca33d-6a91-4de7-aaef-b55bcb13d712_player1,Human-Human,2,0.752713449494831,Human-Human
human_6b3ca33d-6a91-4de7-aaef-b55bcb13d712_player1,Human-Human,3,0.8122070318271094,Human-Human
human_6b3ca33d-6a91-4de7-aaef-b55bcb13d712_player1,Human-Human,4,0.8336395498318733,Human-Human
human_6b3ca33d-6a91-4de7-aaef-b55bcb13d712_player1,Human-Human,5,0.7506408057646151,Human-Human
human_6b3ca33d-6a91-4de7-aaef-b55bcb13d712_player2,Human-Human,0,0.5,Human-Human
human_6b3ca33d-6a91-4de7-aaef-b55bcb13d712_player2,Human-Human,1,0.6906300889704988,Human-Human
human_6b3ca33d-6a91-4de7-aaef-b55bcb13d712_player2,Human-Human,2,0.7224755644667727,Human-Human
human_6b3ca33d-6a91-4de7-aaef-b55bcb13d712_player2,Human-Human,3,0.7968879646197755,Human-Human
human_6b3ca33d-6a91-4de7-aaef-b55bcb13d712_player2,Human-Human,4,0.7344245221850207,Human-Human
human_6b3ca33d-6a91-4de7-aaef-b55bcb13d712_player2,Human-Human,5,0.8561034376496299,Human-Human
human_74ea1778-cc30-4c70-92fe-ee112edef228_player1,Human-Human,0,0.5,Human-Human
human_74ea1778-cc30-4c70-92fe-ee112edef228_player1,Human-Human,1,0.5837834128861178,Human-Human
human_74ea1778-cc30-4c70-92fe-ee112edef228_player1,Human-Human,2,0.6415382311805775,Human-Human
human_74ea1778-cc30-4c70-92fe-ee112edef228_player1,Human-Human,3,0.8529131031975801,Human-Human
human_74ea1778-cc30-4c70-92fe-ee112edef228_player1,Human-Human,4,0.8705190247915509,Human-Human
human_74ea1778-cc30-4c70-92fe-ee112edef228_player1,Human-Human,5,0.8853069753331478,Human-Human
human_74ea1778-cc30-4c70-92fe-ee112edef228_player2,Human-Human,0,0.5,Human-Human
human_74ea1778-cc30-4c70-92fe-ee112edef228_player2,Human-Human,1,0.7613381126135931,Human-Human
human_74ea1778-cc30-4c70-92fe-ee112edef228_player2,Human-Human,2,0.5357100111121449,Human-Human
human_74ea1778-cc30-4c70-92fe-ee112edef228_player2,Human-Human,3,0.8658955974560598,Human-Human
human_74ea1778-cc30-4c70-92fe-ee112edef228_player2,Human-Human,4,0.8422306528947353,Human-Human
human_74ea1778-cc30-4c70-92fe-ee112edef228_player2,Human-Human,5,0.8667917637498794,Human-Human
human_975b16bb-4262-4523-94e3-02521faeb953_player1,Human-Human,0,0.5,Human-Human
human_975b16bb-4262-4523-94e3-02521faeb953_player1,Human-Human,1,0.8112130322033103,Human-Human
human_975b16bb-4262-4523-94e3-02521faeb953_player1,Human-Human,2,0.8176811309403665,Human-Human
human_975b16bb-4262-4523-94e3-02521faeb953_player1,Human-Human,3,0.7488902481826186,Human-Human
human_975b16bb-4262-4523-94e3-02521faeb953_player1,Human-Human,4,0.7736124714971184,Human-Human
human_975b16bb-4262-4523-94e3-02521faeb953_player1,Human-Human,5,0.683820319863971,Human-Human
human_975b16bb-4262-4523-94e3-02521faeb953_player2,Human-Human,0,0.5,Human-Human
human_975b16bb-4262-4523-94e3-02521faeb953_player2,Human-Human,1,0.7859932322063092,Human-Human
human_975b16bb-4262-4523-94e3-02521faeb953_player2,Human-Human,2,0.7438094961068201,Human-Human
human_975b16bb-4262-4523-94e3-02521faeb953_player2,Human-Human,3,0.6972368387865797,Human-Human
human_975b16bb-4262-4523-94e3-02521faeb953_player2,Human-Human,4,0.8494601576567635,Human-Human
human_975b16bb-4262-4523-94e3-02521faeb953_player2,Human-Human,5,0.8416218241168073,Human-Human
human_9efbe63f-05a0-4f24-b469-a246d7732c10_player1,Human-Human,0,0.5,Human-Human
human_9efbe63f-05a0-4f24-b469-a246d7732c10_player1,Human-Human,1,0.5428485938411582,Human-Human
human_9efbe63f-05a0-4f24-b469-a246d7732c10_player1,Human-Human,2,0.46705186161718426,Human-Human
human_9efbe63f-05a0-4f24-b469-a246d7732c10_player1,Human-Human,3,0.2915837619911025,Human-Human
human_9efbe63f-05a0-4f24-b469-a246d7732c10_player1,Human-Human,4,0.5066312081243151,Human-Human
human_9efbe63f-05a0-4f24-b469-a246d7732c10_player1,Human-Human,5,0.607260403900662,Human-Human
human_9efbe63f-05a0-4f24-b469-a246d7732c10_player2,Human-Human,0,0.5,Human-Human
human_9efbe63f-05a0-4f24-b469-a246d7732c10_player2,Human-Human,1,0.5138557783527826,Human-Human
human_9efbe63f-05a0-4f24-b469-a246d7732c10_player2,Human-Human,2,0.4464375842764811,Human-Human
human_9efbe63f-05a0-4f24-b469-a246d7732c10_player2,Human-Human,3,0.45215703137422025,Human-Human
human_9efbe63f-05a0-4f24-b469-a246d7732c10_player2,Human-Human,4,0.6346464316373305,Human-Human
human_9efbe63f-05a0-4f24-b469-a246d7732c10_player2,Human-Human,5,0.6827237478842108,Human-Human
human_a5a659ea-c541-4c54-9bad-d736222acbb9_player1,Human-Human,0,0.5,Human-Human
human_a5a659ea-c541-4c54-9bad-d736222acbb9_player1,Human-Human,1,0.8109370851572276,Human-Human
human_a5a659ea-c541-4c54-9bad-d736222acbb9_player1,Human-Human,2,0.8377051207417072,Human-Human
human_a5a659ea-c541-4c54-9bad-d736222acbb9_player1,Human-Human,3,0.8458849047662252,Human-Human
human_a5a659ea-c541-4c54-9bad-d736222acbb9_player1,Human-Human,4,0.9999999999988577,Human-Human
human_a5a659ea-c541-4c54-9bad-d736222acbb9_player1,Human-Human,5,0.9999999999999986,Human-Human
human_a5a659ea-c541-4c54-9bad-d736222acbb9_player2,Human-Human,0,0.5,Human-Human
human_a5a659ea-c541-4c54-9bad-d736222acbb9_player2,Human-Human,1,0.8876035869760586,Human-Human
human_a5a659ea-c541-4c54-9bad-d736222acbb9_player2,Human-Human,2,0.9999886519356391,Human-Human
human_a5a659ea-c541-4c54-9bad-d736222acbb9_player2,Human-Human,3,0.9999999972205954,Human-Human
human_a5a659ea-c541-4c54-9bad-d736222acbb9_player2,Human-Human,4,0.9999999999986495,Human-Human
human_a5a659ea-c541-4c54-9bad-d736222acbb9_player2,Human-Human,5,0.9999999999999981,Human-Human
human_a9a91c71-c38b-4e78-9be4-3c2f5c450004_player1,Human-Human,0,0.5,Human-Human
human_a9a91c71-c38b-4e78-9be4-3c2f5c450004_player1,Human-Human,1,0.7564304137886128,Human-Human
human_a9a91c71-c38b-4e78-9be4-3c2f5c450004_player1,Human-Human,2,0.882109174600176,Human-Human
human_a9a91c71-c38b-4e78-9be4-3c2f5c450004_player1,Human-Human,3,0.9999531532211028,Human-Human
human_a9a91c71-c38b-4e78-9be4-3c2f5c450004_player1,Human-Human,4,0.9999999614800203,Human-Human
human_a9a91c71-c38b-4e78-9be4-3c2f5c450004_player1,Human-Human,5,0.9999999663687967,Human-Human
human_a9a91c71-c38b-4e78-9be4-3c2f5c450004_player2,Human-Human,0,0.5,Human-Human
human_a9a91c71-c38b-4e78-9be4-3c2f5c450004_player2,Human-Human,1,0.7127064962947324,Human-Human
human_a9a91c71-c38b-4e78-9be4-3c2f5c450004_player2,Human-Human,2,0.7178349775205213,Human-Human
human_a9a91c71-c38b-4e78-9be4-3c2f5c450004_player2,Human-Human,3,0.7885317633479214,Human-Human
human_a9a91c71-c38b-4e78-9be4-3c2f5c450004_player2,Human-Human,4,0.748315954607475,Human-Human
human_a9a91c71-c38b-4e78-9be4-3c2f5c450004_player2,Human-Human,5,0.7500875685661739,Human-Human
human_b40d6c2e-46aa-4680-8f62-ef715fd65b79_player1,Human-Human,0,0.5,Human-Human
human_b40d6c2e-46aa-4680-8f62-ef715fd65b79_player1,Human-Human,1,0.7446030106840296,Human-Human
human_b40d6c2e-46aa-4680-8f62-ef715fd65b79_player1,Human-Human,2,0.8669334847170782,Human-Human
human_b40d6c2e-46aa-4680-8f62-ef715fd65b79_player1,Human-Human,3,0.9360871968227839,Human-Human
human_b40d6c2e-46aa-4680-8f62-ef715fd65b79_player1,Human-Human,4,0.9871086118125993,Human-Human
human_b40d6c2e-46aa-4680-8f62-ef715fd65b79_player1,Human-Human,5,0.9926126166901719,Human-Human
human_b40d6c2e-46aa-4680-8f62-ef715fd65b79_player2,Human-Human,0,0.5,Human-Human
human_b40d6c2e-46aa-4680-8f62-ef715fd65b79_player2,Human-Human,1,0.8443701685402859,Human-Human
human_b40d6c2e-46aa-4680-8f62-ef715fd65b79_player2,Human-Human,2,0.9050782206720166,Human-Human
human_b40d6c2e-46aa-4680-8f62-ef715fd65b79_player2,Human-Human,3,0.9518954298818313,Human-Human
human_b40d6c2e-46aa-4680-8f62-ef715fd65b79_player2,Human-Human,4,0.9937444674004069,Human-Human
human_b40d6c2e-46aa-4680-8f62-ef715fd65b79_player2,Human-Human,5,0.9982681890435353,Human-Human
human_bf70b991-4d12-4b4f-9ce5-57687e7d0c35_player1,Human-Human,0,0.5,Human-Human
human_bf70b991-4d12-4b4f-9ce5-57687e7d0c35_player1,Human-Human,1,0.6653941544085824,Human-Human
human_bf70b991-4d12-4b4f-9ce5-57687e7d0c35_player1,Human-Human,2,0.515781630719061,Human-Human
human_bf70b991-4d12-4b4f-9ce5-57687e7d0c35_player1,Human-Human,3,0.8639050780400473,Human-Human
human_bf70b991-4d12-4b4f-9ce5-57687e7d0c35_player1,Human-Human,4,0.9986925232097811,Human-Human
human_bf70b991-4d12-4b4f-9ce5-57687e7d0c35_player1,Human-Human,5,0.9999999995554932,Human-Human
human_bf70b991-4d12-4b4f-9ce5-57687e7d0c35_player2,Human-Human,0,0.5,Human-Human
human_bf70b991-4d12-4b4f-9ce5-57687e7d0c35_player2,Human-Human,1,0.5851448231126597,Human-Human
human_bf70b991-4d12-4b4f-9ce5-57687e7d0c35_player2,Human-Human,2,0.5975731614778987,Human-Human
human_bf70b991-4d12-4b4f-9ce5-57687e7d0c35_player2,Human-Human,3,0.7960711011956083,Human-Human
human_bf70b991-4d12-4b4f-9ce5-57687e7d0c35_player2,Human-Human,4,0.7934580662663224,Human-Human
human_bf70b991-4d12-4b4f-9ce5-57687e7d0c35_player2,Human-Human,5,0.991512300240777,Human-Human
human_c252dec7-11a7-48c1-9696-691e0511cbc2_player1,Human-Human,0,0.5,Human-Human
human_c252dec7-11a7-48c1-9696-691e0511cbc2_player1,Human-Human,1,0.8242338009869487,Human-Human
human_c252dec7-11a7-48c1-9696-691e0511cbc2_player1,Human-Human,2,0.7557077784743521,Human-Human
human_c252dec7-11a7-48c1-9696-691e0511cbc2_player1,Human-Human,3,0.7453325295081263,Human-Human
human_c252dec7-11a7-48c1-9696-691e0511cbc2_player1,Human-Human,4,0.7142633780597542,Human-Human
human_c252dec7-11a7-48c1-9696-691e0511cbc2_player1,Human-Human,5,0.7142855226979189,Human-Human
human_c252dec7-11a7-48c1-9696-691e0511cbc2_player2,Human-Human,0,0.5,Human-Human
human_c252dec7-11a7-48c1-9696-691e0511cbc2_player2,Human-Human,1,0.808429627270552,Human-Human
human_c252dec7-11a7-48c1-9696-691e0511cbc2_player2,Human-Human,2,0.9088453245493854,Human-Human
human_c252dec7-11a7-48c1-9696-691e0511cbc2_player2,Human-Human,3,0.8945331809854995,Human-Human
human_c252dec7-11a7-48c1-9696-691e0511cbc2_player2,Human-Human,4,0.8749998505808476,Human-Human
human_c252dec7-11a7-48c1-9696-691e0511cbc2_player2,Human-Human,5,0.8855307590513734,Human-Human
human_c70d7765-1724-49bf-9fed-d8647822e9f2_player1,Human-Human,0,0.5,Human-Human
human_c70d7765-1724-49bf-9fed-d8647822e9f2_player1,Human-Human,1,0.9021994812251801,Human-Human
human_c70d7765-1724-49bf-9fed-d8647822e9f2_player1,Human-Human,2,0.9458434958175642,Human-Human
human_c70d7765-1724-49bf-9fed-d8647822e9f2_player1,Human-Human,3,0.93974762641972,Human-Human
human_c70d7765-1724-49bf-9fed-d8647822e9f2_player1,Human-Human,4,0.9404531247744123,Human-Human
human_c70d7765-1724-49bf-9fed-d8647822e9f2_player1,Human-Human,5,0.9380555764309033,Human-Human
human_c70d7765-1724-49bf-9fed-d8647822e9f2_player2,Human-Human,0,0.5,Human-Human
human_c70d7765-1724-49bf-9fed-d8647822e9f2_player2,Human-Human,1,0.7733160879888618,Human-Human
human_c70d7765-1724-49bf-9fed-d8647822e9f2_player2,Human-Human,2,0.857531732421636,Human-Human
human_c70d7765-1724-49bf-9fed-d8647822e9f2_player2,Human-Human,3,0.9482938454138643,Human-Human
human_c70d7765-1724-49bf-9fed-d8647822e9f2_player2,Human-Human,4,0.9939049012116998,Human-Human
human_c70d7765-1724-49bf-9fed-d8647822e9f2_player2,Human-Human,5,0.9971671394944114,Human-Human
human_cb6a41aa-0534-4a15-86a4-80d9c232a01e_player1,Human-Human,0,0.5,Human-Human
human_cb6a41aa-0534-4a15-86a4-80d9c232a01e_player1,Human-Human,1,0.7705536318588345,Human-Human
human_cb6a41aa-0534-4a15-86a4-80d9c232a01e_player1,Human-Human,2,0.6353957035113986,Human-Human
human_cb6a41aa-0534-4a15-86a4-80d9c232a01e_player1,Human-Human,3,0.7705379915171859,Human-Human
human_cb6a41aa-0534-4a15-86a4-80d9c232a01e_player1,Human-Human,4,0.9999998766674129,Human-Human
human_cb6a41aa-0534-4a15-86a4-80d9c232a01e_player1,Human-Human,5,0.9999999999999997,Human-Human
human_cb6a41aa-0534-4a15-86a4-80d9c232a01e_player2,Human-Human,0,0.5,Human-Human
human_cb6a41aa-0534-4a15-86a4-80d9c232a01e_player2,Human-Human,1,0.7704920924250835,Human-Human
human_cb6a41aa-0534-4a15-86a4-80d9c232a01e_player2,Human-Human,2,0.6401875259219563,Human-Human
human_cb6a41aa-0534-4a15-86a4-80d9c232a01e_player2,Human-Human,3,0.7797433210428061,Human-Human
human_cb6a41aa-0534-4a15-86a4-80d9c232a01e_player2,Human-Human,4,0.9999998766674129,Human-Human
human_cb6a41aa-0534-4a15-86a4-80d9c232a01e_player2,Human-Human,5,0.9999999999999997,Human-Human
human_dbe27c5c-9678-4808-9506-13690c5d442a_player1,Human-Human,0,0.5,Human-Human
human_dbe27c5c-9678-4808-9506-13690c5d442a_player1,Human-Human,1,0.8578270080062492,Human-Human
human_dbe27c5c-9678-4808-9506-13690c5d442a_player1,Human-Human,2,0.8815164765791388,Human-Human
human_dbe27c5c-9678-4808-9506-13690c5d442a_player1,Human-Human,3,0.9999654798834252,Human-Human
human_dbe27c5c-9678-4808-9506-13690c5d442a_player1,Human-Human,4,0.9999599505553097,Human-Human
human_dbe27c5c-9678-4808-9506-13690c5d442a_player1,Human-Human,5,0.9999489101619455,Human-Human
human_dbe27c5c-9678-4808-9506-13690c5d442a_player2,Human-Human,0,0.5,Human-Human
human_dbe27c5c-9678-4808-9506-13690c5d442a_player2,Human-Human,1,0.45190365716632247,Human-Human
human_dbe27c5c-9678-4808-9506-13690c5d442a_player2,Human-Human,2,0.5651954908894489,Human-Human
human_dbe27c5c-9678-4808-9506-13690c5d442a_player2,Human-Human,3,0.7104627779531033,Human-Human
human_dbe27c5c-9678-4808-9506-13690c5d442a_player2,Human-Human,4,0.9999172847024962,Human-Human
human_dbe27c5c-9678-4808-9506-13690c5d442a_player2,Human-Human,5,0.9998949304103147,Human-Human
session_0_player1,TwoStageSignalAgent_sigmoidThreshold,0,0.5,"TwoStageSignal
sigmoidThreshold"
session_0_player1,TwoStageSignalAgent_sigmoidThreshold,1,0.7403010780545026,"TwoStageSignal
sigmoidThreshold"
session_0_player1,TwoStageSignalAgent_sigmoidThreshold,2,0.8660077629762681,"TwoStageSignal
sigmoidThreshold"
session_0_player1,TwoStageSignalAgent_sigmoidThreshold,3,0.8779474971996203,"TwoStageSignal
sigmoidThreshold"
session_0_player1,TwoStageSignalAgent_sigmoidThreshold,4,0.8843022410394733,"TwoStageSignal
sigmoidThreshold"
session_0_player1,TwoStageSignalAgent_sigmoidThreshold,5,0.8423427740779255,"TwoStageSignal
sigmoidThreshold"
session_0_player1,sampleJointGoalAndRSASignal_fromStart,0,0.5,"shared-agency
communicative action mixture (legibility over alternatives)
fromStart"
session_0_player1,sampleJointGoalAndRSASignal_fromStart,1,0.6788743536579965,"shared-agency
communicative action mixture (legibility over alternatives)
fromStart"
session_0_player1,sampleJointGoalAndRSASignal_fromStart,2,0.8591748209789756,"shared-agency
communicative action mixture (legibility over alternatives)
fromStart"
session_0_player1,sampleJointGoalAndRSASignal_fromStart,3,0.8687498019752926,"shared-agency
communicative action mixture (legibility over alternatives)
fromStart"
session_0_player1,sampleJointGoalAndRSASignal_fromStart,4,0.9273609497646055,"shared-agency
communicative action mixture (legibility over alternatives)
fromStart"
session_0_player1,sampleJointGoalAndRSASignal_fromStart,5,0.9297806053545593,"shared-agency
communicative action mixture (legibility over alternatives)
fromStart"
session_0_player1,sampleJointGoalAndSignal_afterNewGoal,0,0.5,"sampleJointGoal+Signal
afterNewGoal"
session_0_player1,sampleJointGoalAndSignal_afterNewGoal,1,0.6416733857113801,"sampleJointGoal+Signal
afterNewGoal"
session_0_player1,sampleJointGoalAndSignal_afterNewGoal,2,0.8741921797948572,"sampleJointGoal+Signal
afterNewGoal"
session_0_player1,sampleJointGoalAndSignal_afterNewGoal,3,0.9966543825955192,"sampleJointGoal+Signal
afterNewGoal"
session_0_player1,sampleJointGoalAndSignal_afterNewGoal,4,0.9999693063676953,"sampleJointGoal+Signal
afterNewGoal"
session_0_player1,sampleJointGoalAndSignal_afterNewGoal,5,0.9999813578642327,"sampleJointGoal+Signal
afterNewGoal"
session_0_player1,sampleJointGoalAndSignal_fromStart,0,0.5,"sampleJointGoal+Signal
fromStart"
session_0_player1,sampleJointGoalAndSignal_fromStart,1,0.6354597621370627,"sampleJointGoal+Signal
fromStart"
session_0_player1,sampleJointGoalAndSignal_fromStart,2,0.7707437830606202,"sampleJointGoal+Signal
fromStart"
session_0_player1,sampleJointGoalAndSignal_fromStart,3,0.867444858200815,"sampleJointGoal+Signal
fromStart"
session_0_player1,sampleJointGoalAndSignal_fromStart,4,0.9755935334792698,"sampleJointGoal+Signal
fromStart"
session_0_player1,sampleJointGoalAndSignal_fromStart,5,0.9918021945977646,"sampleJointGoal+Signal
fromStart"
session_0_player1,sampleJointGoal_afterNewGoal,0,0.5,"sampleJointGoal
afterNewGoal"
session_0_player1,sampleJointGoal_afterNewGoal,1,0.6397246808558936,"sampleJointGoal
afterNewGoal"
session_0_player1,sampleJointGoal_afterNewGoal,2,0.7072052051876029,"sampleJointGoal
afterNewGoal"
session_0_player1,sampleJointGoal_afterNewGoal,3,0.8375118206147608,"sampleJointGoal
afterNewGoal"
session_0_player1,sampleJointGoal_afterNewGoal,4,0.8401883878018656,"sampleJointGoal
afterNewGoal"
session_0_player1,sampleJointGoal_afterNewGoal,5,0.8342759398178626,"sampleJointGoal
afterNewGoal"
session_0_player1,samplePosteriorOnlyGoalAndSignal_fromStart,0,0.5,"samplePosteriorOnlyGoal+Signal
fromStart"
session_0_player1,samplePosteriorOnlyGoalAndSignal_fromStart,1,0.5642789465387048,"samplePosteriorOnlyGoal+Signal
fromStart"
session_0_player1,samplePosteriorOnlyGoalAndSignal_fromStart,2,0.5189363283283628,"samplePosteriorOnlyGoal+Signal
fromStart"
session_0_player1,samplePosteriorOnlyGoalAndSignal_fromStart,3,0.6252236464436843,"samplePosteriorOnlyGoal+Signal
fromStart"
session_0_player1,samplePosteriorOnlyGoalAndSignal_fromStart,4,0.6726444582599531,"samplePosteriorOnlyGoal+Signal
fromStart"
session_0_player1,samplePosteriorOnlyGoalAndSignal_fromStart,5,0.8496148951707614,"samplePosteriorOnlyGoal+Signal
fromStart"
session_0_player2,TwoStageSignalAgent_sigmoidThreshold,0,0.5,"TwoStageSignal
sigmoidThreshold"
session_0_player2,TwoStageSignalAgent_sigmoidThreshold,1,0.5803185718598557,"TwoStageSignal
sigmoidThreshold"
session_0_player2,TwoStageSignalAgent_sigmoidThreshold,2,0.7265363386408237,"TwoStageSignal
sigmoidThreshold"
session_0_player2,TwoStageSignalAgent_sigmoidThreshold,3,0.7313100016739927,"TwoStageSignal
sigmoidThreshold"
session_0_player2,TwoStageSignalAgent_sigmoidThreshold,4,0.7950400193086523,"TwoStageSignal
sigmoidThreshold"
session_0_player2,TwoStageSignalAgent_sigmoidThreshold,5,0.8213816365026377,"TwoStageSignal
sigmoidThreshold"
session_0_player2,sampleJointGoalAndRSASignal_fromStart,0,0.5,"shared-agency
communicative action mixture (legibility over alternatives)
fromStart"
session_0_player2,sampleJointGoalAndRSASignal_fromStart,1,0.5040186575915713,"shared-agency
communicative action mixture (legibility over alternatives)
fromStart"
session_0_player2,sampleJointGoalAndRSASignal_fromStart,2,0.7365731563208356,"shared-agency
communicative action mixture (legibility over alternatives)
fromStart"
session_0_player2,sampleJointGoalAndRSASignal_fromStart,3,0.7871511361770758,"shared-agency
communicative action mixture (legibility over alternatives)
fromStart"
session_0_player2,sampleJointGoalAndRSASignal_fromStart,4,0.7945712385164808,"shared-agency
communicative action mixture (legibility over alternatives)
fromStart"
session_0_player2,sampleJointGoalAndRSASignal_fromStart,5,0.7954554454589264,"shared-agency
communicative action mixture (legibility over alternatives)
fromStart"
session_0_player2,sampleJointGoalAndSignal_afterNewGoal,0,0.5,"sampleJointGoal+Signal
afterNewGoal"
session_0_player2,sampleJointGoalAndSignal_afterNewGoal,1,0.747991721647194,"sampleJointGoal+Signal
afterNewGoal"
session_0_player2,sampleJointGoalAndSignal_afterNewGoal,2,0.8748662312712453,"sampleJointGoal+Signal
afterNewGoal"
session_0_player2,sampleJointGoalAndSignal_afterNewGoal,3,0.9359096358312763,"sampleJointGoal+Signal
afterNewGoal"
session_0_player2,sampleJointGoalAndSignal_afterNewGoal,4,0.9377668077364432,"sampleJointGoal+Signal
afterNewGoal"
session_0_player2,sampleJointGoalAndSignal_afterNewGoal,5,0.942206068334513,"sampleJointGoal+Signal
afterNewGoal"
session_0_player2,sampleJointGoalAndSignal_fromStart,0,0.5,"sampleJointGoal+Signal
fromStart"
session_0_player2,sampleJointGoalAndSignal_fromStart,1,0.7607737925762444,"sampleJointGoal+Signal
fromStart"
session_0_player2,sampleJointGoalAndSignal_fromStart,2,0.8830885540065785,"sampleJointGoal+Signal
fromStart"
session_0_player2,sampleJointGoalAndSignal_fromStart,3,0.8933015395841795,"sampleJointGoal+Signal
fromStart"
session_0_player2,sampleJointGoalAndSignal_fromStart,4,0.9169150477571321,"sampleJointGoal+Signal
fromStart"
session_0_player2,sampleJointGoalAndSignal_fromStart,5,0.9897709730837472,"sampleJointGoal+Signal
fromStart"
session_0_player2,sampleJointGoal_afterNewGoal,0,0.5,"sampleJointGoal
afterNewGoal"
session_0_player2,sampleJointGoal_afterNewGoal,1,0.6445440231611734,"sampleJointGoal
afterNewGoal"
session_0_player2,sampleJointGoal_afterNewGoal,2,0.7311435318038668,"sampleJointGoal
afterNewGoal"
session_0_player2,sampleJointGoal_afterNewGoal,3,0.7880365581798632,"sampleJointGoal
afterNewGoal"
session_0_player2,sampleJointGoal_afterNewGoal,4,0.7903939126703479,"sampleJointGoal
afterNewGoal"
session_0_player2,sampleJointGoal_afterNewGoal,5,0.7806012661698399,"sampleJointGoal
afterNewGoal"
session_0_player2,samplePosteriorOnlyGoalAndSignal_fromStart,0,0.5,"samplePosteriorOnlyGoal+Signal
fromStart"
session_0_player2,samplePosteriorOnlyGoalAndSignal_fromStart,1,0.693076962025088,"samplePosteriorOnlyGoal+Signal
fromStart"
session_0_player2,samplePosteriorOnlyGoalAndSignal_fromStart,2,0.6801637427283785,"samplePosteriorOnlyGoal+Signal
fromStart"
session_0_player2,samplePosteriorOnlyGoalAndSignal_fromStart,3,0.7013880108670708,"samplePosteriorOnlyGoal+Signal
fromStart"
session_0_player2,samplePosteriorOnlyGoalAndSignal_fromStart,4,0.8409850422715293,"samplePosteriorOnlyGoal+Signal
fromStart"
session_0_player2,samplePosteriorOnlyGoalAndSignal_fromStart,5,0.905393313570442,"samplePosteriorOnlyGoal+Signal
fromStart"
session_10_player1,TwoStageSignalAgent_sigmoidThreshold,0,0.5,"TwoStageSignal
sigmoidThreshold"
session_10_player1,TwoStageSignalAgent_sigmoidThreshold,1,0.7849400120377995,"TwoStageSignal
sigmoidThreshold"
session_10_player1,TwoStageSignalAgent_sigmoidThreshold,2,0.8528460828651979,"TwoStageSignal
sigmoidThreshold"
session_10_player1,TwoStageSignalAgent_sigmoidThreshold,3,0.8457254806944602,"TwoStageSignal
sigmoidThreshold"
session_10_player1,TwoStageSignalAgent_sigmoidThreshold,4,0.861576550879011,"TwoStageSignal
sigmoidThreshold"
session_10_player1,TwoStageSignalAgent_sigmoidThreshold,5,0.9183218526958425,"TwoStageSignal
sigmoidThreshold"
session_10_player1,sampleJointGoalAndRSASignal_fromStart,0,0.5,"shared-agency
communicative action mixture (legibility over alternatives)
fromStart"
session_10_player1,sampleJointGoalAndRSASignal_fromStart,1,0.5470295092281756,"shared-agency
communicative action mixture (legibility over alternatives)
fromStart"
session_10_player1,sampleJointGoalAndRSASignal_fromStart,2,0.8067338510561181,"shared-agency
communicative action mixture (legibility over alternatives)
fromStart"
session_10_player1,sampleJointGoalAndRSASignal_fromStart,3,0.797866880665693,"shared-agency
communicative action mixture (legibility over alternatives)
fromStart"
session_10_player1,sampleJointGoalAndRSASignal_fromStart,4,0.9321790421079744,"shared-agency
communicative action mixture (legibility over alternatives)
fromStart"
session_10_player1,sampleJointGoalAndRSASignal_fromStart,5,0.9326986808442884,"shared-agency
communicative action mixture (legibility over alternatives)
fromStart"
session_10_player1,sampleJointGoalAndSignal_afterNewGoal,0,0.5,"sampleJointGoal+Signal
afterNewGoal"
session_10_player1,sampleJointGoalAndSignal_afterNewGoal,1,0.6476654649022136,"sampleJointGoal+Signal
afterNewGoal"
session_10_player1,sampleJointGoalAndSignal_afterNewGoal,2,0.8335902433245038,"sampleJointGoal+Signal
afterNewGoal"
session_10_player1,sampleJointGoalAndSignal_afterNewGoal,3,0.8271223182934128,"sampleJointGoal+Signal
afterNewGoal"
session_10_player1,sampleJointGoalAndSignal_afterNewGoal,4,0.8332130191360723,"sampleJointGoal+Signal
afterNewGoal"
session_10_player1,sampleJointGoalAndSignal_afterNewGoal,5,0.9997505234506188,"sampleJointGoal+Signal
afterNewGoal"
session_10_player1,sampleJointGoalAndSignal_fromStart,0,0.5,"sampleJointGoal+Signal
fromStart"
session_10_player1,sampleJointGoalAndSignal_fromStart,1,0.7750383419968045,"sampleJointGoal+Signal
fromStart"
session_10_player1,sampleJointGoalAndSignal_fromStart,2,0.8577714663346194,"sampleJointGoal+Signal
fromStart"
session_10_player1,sampleJointGoalAndSignal_fromStart,3,0.8573021063431499,"sampleJointGoal+Signal
fromStart"
session_10_player1,sampleJointGoalAndSignal_fromStart,4,0.8683864650233906,"sampleJointGoal+Signal
fromStart"
session_10_player1,sampleJointGoalAndSignal_fromStart,5,0.8645290273952227,"sampleJointGoal+Signal
fromStart"
session_10_player1,sampleJointGoal_afterNewGoal,0,0.5,"sampleJointGoal
afterNewGoal"
session_10_player1,sampleJointGoal_afterNewGoal,1,0.7115117436706758,"sampleJointGoal
afterNewGoal"
session_10_player1,sampleJointGoal_afterNewGoal,2,0.713192525211431,"sampleJointGoal
afterNewGoal"
session_10_player1,sampleJointGoal_afterNewGoal,3,0.7773815539202131,"sampleJointGoal
afterNewGoal"
session_10_player1,sampleJointGoal_afterNewGoal,4,0.8244106863239006,"sampleJointGoal
afterNewGoal"
session_10_player1,sampleJointGoal_afterNewGoal,5,0.9376875630188152,"sampleJointGoal
afterNewGoal"
session_10_player1,samplePosteriorOnlyGoalAndSignal_fromStart,0,0.5,"samplePosteriorOnlyGoal+Signal
fromStart"
session_10_player1,samplePosteriorOnlyGoalAndSignal_fromStart,1,0.6510027668954721,"samplePosteriorOnlyGoal+Signal
fromStart"
session_10_player1,samplePosteriorOnlyGoalAndSignal_fromStart,2,0.7509424140873019,"samplePosteriorOnlyGoal+Signal
fromStart"
session_10_player1,samplePosteriorOnlyGoalAndSignal_fromStart,3,0.7778852912884716,"samplePosteriorOnlyGoal+Signal
fromStart"
session_10_player1,samplePosteriorOnlyGoalAndSignal_fromStart,4,0.7224107439184996,"samplePosteriorOnlyGoal+Signal
fromStart"
session_10_player1,samplePosteriorOnlyGoalAndSignal_fromStart,5,0.8976485753804502,"samplePosteriorOnlyGoal+Signal
fromStart"
session_10_player2,TwoStageSignalAgent_sigmoidThreshold,0,0.5,"TwoStageSignal
sigmoidThreshold"
session_10_player2,TwoStageSignalAgent_sigmoidThreshold,1,0.6760789237043225,"TwoStageSignal
sigmoidThreshold"
session_10_player2,TwoStageSignalAgent_sigmoidThreshold,2,0.8031344496558441,"TwoStageSignal
sigmoidThreshold"
session_10_player2,TwoStageSignalAgent_sigmoidThreshold,3,0.6849552187617547,"TwoStageSignal
sigmoidThreshold"
session_10_player2,TwoStageSignalAgent_sigmoidThreshold,4,0.7419277231854281,"TwoStageSignal
sigmoidThreshold"
session_10_player2,TwoStageSignalAgent_sigmoidThreshold,5,0.9837028019865981,"TwoStageSignal
sigmoidThreshold"
session_10_player2,sampleJointGoalAndRSASignal_fromStart,0,0.5,"shared-agency
communicative action mixture (legibility over alternatives)
fromStart"
session_10_player2,sampleJointGoalAndRSASignal_fromStart,1,0.5745542679201827,"shared-agency
communicative action mixture (legibility over alternatives)
fromStart"
session_10_player2,sampleJointGoalAndRSASignal_fromStart,2,0.6461714549157762,"shared-agency
communicative action mixture (legibility over alternatives)
fromStart"
session_10_player2,sampleJointGoalAndRSASignal_fromStart,3,0.6581013255412008,"shared-agency
communicative action mixture (legibility over alternatives)
fromStart"
session_10_player2,sampleJointGoalAndRSASignal_fromStart,4,0.8365463364839177,"shared-agency
communicative action mixture (legibility over alternatives)
fromStart"
session_10_player2,sampleJointGoalAndRSASignal_fromStart,5,0.7758875523359807,"shared-agency
communicative action mixture (legibility over alternatives)
fromStart"
session_10_player2,sampleJointGoalAndSignal_afterNewGoal,0,0.5,"sampleJointGoal+Signal
afterNewGoal"
session_10_player2,sampleJointGoalAndSignal_afterNewGoal,1,0.5745761980831864,"sampleJointGoal+Signal
afterNewGoal"
session_10_player2,sampleJointGoalAndSignal_afterNewGoal,2,0.7748640261610953,"sampleJointGoal+Signal
afterNewGoal"
session_10_player2,sampleJointGoalAndSignal_afterNewGoal,3,0.8668912634118806,"sampleJointGoal+Signal
afterNewGoal"
session_10_player2,sampleJointGoalAndSignal_afterNewGoal,4,0.9264200267884598,"sampleJointGoal+Signal
afterNewGoal"
session_10_player2,sampleJointGoalAndSignal_afterNewGoal,5,0.9283448124473246,"sampleJointGoal+Signal
afterNewGoal"
session_10_player2,sampleJointGoalAndSignal_fromStart,0,0.5,"sampleJointGoal+Signal
fromStart"
session_10_player2,sampleJointGoalAndSignal_fromStart,1,0.5840559245585631,"sampleJointGoal+Signal
fromStart"
session_10_player2,sampleJointGoalAndSignal_fromStart,2,0.671026510959048,"sampleJointGoal+Signal
fromStart"
session_10_player2,sampleJointGoalAndSignal_fromStart,3,0.7182253217895392,"sampleJointGoal+Signal
fromStart"
session_10_player2,sampleJointGoalAndSignal_fromStart,4,0.8114244065064444,"sampleJointGoal+Signal
fromStart"
session_10_player2,sampleJointGoalAndSignal_fromStart,5,0.8112541364558975,"sampleJointGoal+Signal
fromStart"
session_10_player2,sampleJointGoal_afterNewGoal,0,0.5,"sampleJointGoal
afterNewGoal"
session_10_player2,sampleJointGoal_afterNewGoal,1,0.6535022692294188,"sampleJointGoal
afterNewGoal"
session_10_player2,sampleJointGoal_afterNewGoal,2,0.786040262394789,"sampleJointGoal
afterNewGoal"
session_10_player2,sampleJointGoal_afterNewGoal,3,0.7861966224847488,"sampleJointGoal
afterNewGoal"
session_10_player2,sampleJointGoal_afterNewGoal,4,0.7676418779897445,"sampleJointGoal
afterNewGoal"
session_10_player2,sampleJointGoal_afterNewGoal,5,0.8659256801069269,"sampleJointGoal
afterNewGoal"
session_10_player2,samplePosteriorOnlyGoalAndSignal_fromStart,0,0.5,"samplePosteriorOnlyGoal+Signal
fromStart"
session_10_player2,samplePosteriorOnlyGoalAndSignal_fromStart,1,0.40269936184750454,"samplePosteriorOnlyGoal+Signal
fromStart"
session_10_player2,samplePosteriorOnlyGoalAndSignal_fromStart,2,0.7947519686602676,"samplePosteriorOnlyGoal+Signal
fromStart"
session_10_player2,samplePosteriorOnlyGoalAndSignal_fromStart,3,0.8113070388791833,"samplePosteriorOnlyGoal+Signal
fromStart"
session_10_player2,samplePosteriorOnlyGoalAndSignal_fromStart,4,0.8066265711448659,"samplePosteriorOnlyGoal+Signal
fromStart"
session_10_player2,samplePosteriorOnlyGoalAndSignal_fromStart,5,0.8790122223008423,"samplePosteriorOnlyGoal+Signal
fromStart"
session_11_player1,TwoStageSignalAgent_sigmoidThreshold,0,0.5,"TwoStageSignal
sigmoidThreshold"
session_11_player1,TwoStageSignalAgent_sigmoidThreshold,1,0.7112500440660963,"TwoStageSignal
sigmoidThreshold"
session_11_player1,TwoStageSignalAgent_sigmoidThreshold,2,0.7457933415854707,"TwoStageSignal
sigmoidThreshold"
session_11_player1,TwoStageSignalAgent_sigmoidThreshold,3,0.8151547271755167,"TwoStageSignal
sigmoidThreshold"
session_11_player1,TwoStageSignalAgent_sigmoidThreshold,4,0.8079054075093294,"TwoStageSignal
sigmoidThreshold"
session_11_player1,TwoStageSignalAgent_sigmoidThreshold,5,0.8793328261525616,"TwoStageSignal
sigmoidThreshold"
session_11_player1,sampleJointGoalAndRSASignal_fromStart,0,0.5,"shared-agency
communicative action mixture (legibility over alternatives)
fromStart"
session_11_player1,sampleJointGoalAndRSASignal_fromStart,1,0.8123971314005567,"shared-agency
communicative action mixture (legibility over alternatives)
fromStart"
session_11_player1,sampleJointGoalAndRSASignal_fromStart,2,0.8741447653565142,"shared-agency
communicative action mixture (legibility over alternatives)
fromStart"
session_11_player1,sampleJointGoalAndRSASignal_fromStart,3,0.884053930773862,"shared-agency
communicative action mixture (legibility over alternatives)
fromStart"
session_11_player1,sampleJointGoalAndRSASignal_fromStart,4,0.8776711819332716,"shared-agency
communicative action mixture (legibility over alternatives)
fromStart"
session_11_player1,sampleJointGoalAndRSASignal_fromStart,5,0.9635365236029132,"shared-agency
communicative action mixture (legibility over alternatives)
fromStart"
session_11_player1,sampleJointGoalAndSignal_afterNewGoal,0,0.5,"sampleJointGoal+Signal
afterNewGoal"
session_11_player1,sampleJointGoalAndSignal_afterNewGoal,1,0.6486069685889911,"sampleJointGoal+Signal
afterNewGoal"
session_11_player1,sampleJointGoalAndSignal_afterNewGoal,2,0.7549608008639737,"sampleJointGoal+Signal
afterNewGoal"
session_11_player1,sampleJointGoalAndSignal_afterNewGoal,3,0.7682209742961709,"sampleJointGoal+Signal
afterNewGoal"
session_11_player1,sampleJointGoalAndSignal_afterNewGoal,4,0.8056273072090868,"sampleJointGoal+Signal
afterNewGoal"
session_11_player1,sampleJointGoalAndSignal_afterNewGoal,5,0.8433845339360415,"sampleJointGoal+Signal
afterNewGoal"
session_11_player1,sampleJointGoalAndSignal_fromStart,0,0.5,"sampleJointGoal+Signal
fromStart"
session_11_player1,sampleJointGoalAndSignal_fromStart,1,0.8307070280645554,"sampleJointGoal+Signal
fromStart"
session_11_player1,sampleJointGoalAndSignal_fromStart,2,0.9436637246411748,"sampleJointGoal+Signal
fromStart"
session_11_player1,sampleJointGoalAndSignal_fromStart,3,0.9445792523542502,"sampleJointGoal+Signal
fromStart"
session_11_player1,sampleJointGoalAndSignal_fromStart,4,0.9442767378426065,"sampleJointGoal+Signal
fromStart"
session_11_player1,sampleJointGoalAndSignal_fromStart,5,0.9451125788778705,"sampleJointGoal+Signal
fromStart"
session_11_player1,sampleJointGoal_afterNewGoal,0,0.5,"sampleJointGoal
afterNewGoal"
session_11_player1,sampleJointGoal_afterNewGoal,1,0.7100046014590539,"sampleJointGoal
afterNewGoal"
session_11_player1,sampleJointGoal_afterNewGoal,2,0.7903091533788661,"sampleJointGoal
afterNewGoal"
session_11_player1,sampleJointGoal_afterNewGoal,3,0.8859235783373561,"sampleJointGoal
afterNewGoal"
session_11_player1,sampleJointGoal_afterNewGoal,4,0.9095086154138183,"sampleJointGoal
afterNewGoal"
session_11_player1,sampleJointGoal_afterNewGoal,5,0.910303804769147,"sampleJointGoal
afterNewGoal"
session_11_player1,samplePosteriorOnlyGoalAndSignal_fromStart,0,0.5,"samplePosteriorOnlyGoal+Signal
fromStart"
session_11_player1,samplePosteriorOnlyGoalAndSignal_fromStart,1,0.7118014643756597,"samplePosteriorOnlyGoal+Signal
fromStart"
session_11_player1,samplePosteriorOnlyGoalAndSignal_fromStart,2,0.7855844736806644,"samplePosteriorOnlyGoal+Signal
fromStart"
session_11_player1,samplePosteriorOnlyGoalAndSignal_fromStart,3,0.9271553891020492,"samplePosteriorOnlyGoal+Signal
fromStart"
session_11_player1,samplePosteriorOnlyGoalAndSignal_fromStart,4,0.9340640475658857,"samplePosteriorOnlyGoal+Signal
fromStart"
session_11_player1,samplePosteriorOnlyGoalAndSignal_fromStart,5,0.9981895257020154,"samplePosteriorOnlyGoal+Signal
fromStart"
session_11_player2,TwoStageSignalAgent_sigmoidThreshold,0,0.5,"TwoStageSignal
sigmoidThreshold"
session_11_player2,TwoStageSignalAgent_sigmoidThreshold,1,0.7795329814714685,"TwoStageSignal
sigmoidThreshold"
session_11_player2,TwoStageSignalAgent_sigmoidThreshold,2,0.8026553408689502,"TwoStageSignal
sigmoidThreshold"
session_11_player2,TwoStageSignalAgent_sigmoidThreshold,3,0.7733123081211127,"TwoStageSignal
sigmoidThreshold"
session_11_player2,TwoStageSignalAgent_sigmoidThreshold,4,0.8212234352329252,"TwoStageSignal
sigmoidThreshold"
session_11_player2,TwoStageSignalAgent_sigmoidThreshold,5,0.8640853684780384,"TwoStageSignal
sigmoidThreshold"
session_11_player2,sampleJointGoalAndRSASignal_fromStart,0,0.5,"shared-agency
communicative action mixture (legibility over alternatives)
fromStart"
session_11_player2,sampleJointGoalAndRSASignal_fromStart,1,0.6569269470791985,"shared-agency
communicative action mixture (legibility over alternatives)
fromStart"
session_11_player2,sampleJointGoalAndRSASignal_fromStart,2,0.7493644896411906,"shared-agency
communicative action mixture (legibility over alternatives)
fromStart"
session_11_player2,sampleJointGoalAndRSASignal_fromStart,3,0.8268231699747148,"shared-agency
communicative action mixture (legibility over alternatives)
fromStart"
session_11_player2,sampleJointGoalAndRSASignal_fromStart,4,0.9278765043122066,"shared-agency
communicative action mixture (legibility over alternatives)
fromStart"
session_11_player2,sampleJointGoalAndRSASignal_fromStart,5,0.9996239342193978,"shared-agency
communicative action mixture (legibility over alternatives)
fromStart"
session_11_player2,sampleJointGoalAndSignal_afterNewGoal,0,0.5,"sampleJointGoal+Signal
afterNewGoal"
session_11_player2,sampleJointGoalAndSignal_afterNewGoal,1,0.6375593865423864,"sampleJointGoal+Signal
afterNewGoal"
session_11_player2,sampleJointGoalAndSignal_afterNewGoal,2,0.7528977019980443,"sampleJointGoal+Signal
afterNewGoal"
session_11_player2,sampleJointGoalAndSignal_afterNewGoal,3,0.7322152570443792,"sampleJointGoal+Signal
afterNewGoal"
session_11_player2,sampleJointGoalAndSignal_afterNewGoal,4,0.8775471667969819,"sampleJointGoal+Signal
afterNewGoal"
session_11_player2,sampleJointGoalAndSignal_afterNewGoal,5,0.8793112876455139,"sampleJointGoal+Signal
afterNewGoal"
session_11_player2,sampleJointGoalAndSignal_fromStart,0,0.5,"sampleJointGoal+Signal
fromStart"
session_11_player2,sampleJointGoalAndSignal_fromStart,1,0.6869931852924304,"sampleJointGoal+Signal
fromStart"
session_11_player2,sampleJointGoalAndSignal_fromStart,2,0.8362121456913114,"sampleJointGoal+Signal
fromStart"
session_11_player2,sampleJointGoalAndSignal_fromStart,3,0.9426865877270756,"sampleJointGoal+Signal
fromStart"
session_11_player2,sampleJointGoalAndSignal_fromStart,4,0.9476358884074316,"sampleJointGoal+Signal
fromStart"
session_11_player2,sampleJointGoalAndSignal_fromStart,5,0.9999018801689026,"sampleJointGoal+Signal
fromStart"
session_11_player2,sampleJointGoal_afterNewGoal,0,0.5,"sampleJointGoal
afterNewGoal"
session_11_player2,sampleJointGoal_afterNewGoal,1,0.7131231008217708,"sampleJointGoal
afterNewGoal"
session_11_player2,sampleJointGoal_afterNewGoal,2,0.7836670738751738,"sampleJointGoal
afterNewGoal"
session_11_player2,sampleJointGoal_afterNewGoal,3,0.7848695378084634,"sampleJointGoal
afterNewGoal"
session_11_player2,sampleJointGoal_afterNewGoal,4,0.8608445132919637,"sampleJointGoal
afterNewGoal"
session_11_player2,sampleJointGoal_afterNewGoal,5,0.8629912973872608,"sampleJointGoal
afterNewGoal"
session_11_player2,samplePosteriorOnlyGoalAndSignal_fromStart,0,0.5,"samplePosteriorOnlyGoal+Signal
fromStart"
session_11_player2,samplePosteriorOnlyGoalAndSignal_fromStart,1,0.6192295018363889,"samplePosteriorOnlyGoal+Signal
fromStart"
session_11_player2,samplePosteriorOnlyGoalAndSignal_fromStart,2,0.8492305332438903,"samplePosteriorOnlyGoal+Signal
fromStart"
session_11_player2,samplePosteriorOnlyGoalAndSignal_fromStart,3,0.7976564801979903,"samplePosteriorOnlyGoal+Signal
fromStart"
session_11_player2,samplePosteriorOnlyGoalAndSignal_fromStart,4,0.9973506754355066,"samplePosteriorOnlyGoal+Signal
fromStart"
session_11_player2,samplePosteriorOnlyGoalAndSignal_fromStart,5,0.9998877529946376,"samplePosteriorOnlyGoal+Signal
fromStart"
session_12_player1,TwoStageSignalAgent_sigmoidThreshold,0,0.5,"TwoStageSignal
sigmoidThreshold"
session_12_player1,TwoStageSignalAgent_sigmoidThreshold,1,0.8095982403503992,"TwoStageSignal
sigmoidThreshold"
session_12_player1,TwoStageSignalAgent_sigmoidThreshold,2,0.8378813947746174,"TwoStageSignal
sigmoidThreshold"
session_12_player1,TwoStageSignalAgent_sigmoidThreshold,3,0.9382779184904341,"TwoStageSignal
sigmoidThreshold"
session_12_player1,TwoStageSignalAgent_sigmoidThreshold,4,0.9389070413550552,"TwoStageSignal
sigmoidThreshold"
session_12_player1,TwoStageSignalAgent_sigmoidThreshold,5,0.9387029365284748,"TwoStageSignal
sigmoidThreshold"
session_12_player1,sampleJointGoalAndRSASignal_fromStart,0,0.5,"shared-agency
communicative action mixture (legibility over alternatives)
fromStart"
session_12_player1,sampleJointGoalAndRSASignal_fromStart,1,0.5697059449523441,"shared-agency
communicative action mixture (legibility over alternatives)
fromStart"
session_12_player1,sampleJointGoalAndRSASignal_fromStart,2,0.6416638420390519,"shared-agency
communicative action mixture (legibility over alternatives)
fromStart"
session_12_player1,sampleJointGoalAndRSASignal_fromStart,3,0.7808467311628408,"shared-agency
communicative action mixture (legibility over alternatives)
fromStart"
session_12_player1,sampleJointGoalAndRSASignal_fromStart,4,0.7798521154140967,"shared-agency
communicative action mixture (legibility over alternatives)
fromStart"
session_12_player1,sampleJointGoalAndRSASignal_fromStart,5,0.8110126719234495,"shared-agency
communicative action mixture (legibility over alternatives)
fromStart"
session_12_player1,sampleJointGoalAndSignal_afterNewGoal,0,0.5,"sampleJointGoal+Signal
afterNewGoal"
session_12_player1,sampleJointGoalAndSignal_afterNewGoal,1,0.6245751539879064,"sampleJointGoal+Signal
afterNewGoal"
session_12_player1,sampleJointGoalAndSignal_afterNewGoal,2,0.7801821111006716,"sampleJointGoal+Signal
afterNewGoal"
session_12_player1,sampleJointGoalAndSignal_afterNewGoal,3,0.821381652159406,"sampleJointGoal+Signal
afterNewGoal"
session_12_player1,sampleJointGoalAndSignal_afterNewGoal,4,0.9167680513158606,"sampleJointGoal+Signal
afterNewGoal"
session_12_player1,sampleJointGoalAndSignal_afterNewGoal,5,0.9327248797639788,"sampleJointGoal+Signal
afterNewGoal"
session_12_player1,sampleJointGoalAndSignal_fromStart,0,0.5,"sampleJointGoal+Signal
fromStart"
session_12_player1,sampleJointGoalAndSignal_fromStart,1,0.7526609359723495,"sampleJointGoal+Signal
fromStart"
session_12_player1,sampleJointGoalAndSignal_fromStart,2,0.9110496153545848,"sampleJointGoal+Signal
fromStart"
session_12_player1,sampleJointGoalAndSignal_fromStart,3,0.9246060106998527,"sampleJointGoal+Signal
fromStart"
session_12_player1,sampleJointGoalAndSignal_fromStart,4,0.9305247030252256,"sampleJointGoal+Signal
fromStart"
session_12_player1,sampleJointGoalAndSignal_fromStart,5,0.9346835190302973,"sampleJointGoal+Signal
fromStart"
session_12_player1,sampleJointGoal_afterNewGoal,0,0.5,"sampleJointGoal
afterNewGoal"
session_12_player1,sampleJointGoal_afterNewGoal,1,0.6535309585480149,"sampleJointGoal
afterNewGoal"
session_12_player1,sampleJointGoal_afterNewGoal,2,0.666038053068814,"sampleJointGoal
afterNewGoal"
session_12_player1,sampleJointGoal_afterNewGoal,3,0.7447837713488222,"sampleJointGoal
afterNewGoal"
session_12_player1,sampleJointGoal_afterNewGoal,4,0.8089578204543928,"sampleJointGoal
afterNewGoal"
session_12_player1,sampleJointGoal_afterNewGoal,5,0.8270819713514069,"sampleJointGoal
afterNewGoal"
session_12_player1,samplePosteriorOnlyGoalAndSignal_fromStart,0,0.5,"samplePosteriorOnlyGoal+Signal
fromStart"
session_12_player1,samplePosteriorOnlyGoalAndSignal_fromStart,1,0.7544003387756073,"samplePosteriorOnlyGoal+Signal
fromStart"
session_12_player1,samplePosteriorOnlyGoalAndSignal_fromStart,2,0.8193282595475561,"samplePosteriorOnlyGoal+Signal
fromStart"
session_12_player1,samplePosteriorOnlyGoalAndSignal_fromStart,3,0.9021317982986502,"samplePosteriorOnlyGoal+Signal
fromStart"
session_12_player1,samplePosteriorOnlyGoalAndSignal_fromStart,4,0.9999236681199856,"samplePosteriorOnlyGoal+Signal
fromStart"
session_12_player1,samplePosteriorOnlyGoalAndSignal_fromStart,5,0.9999940742066927,"samplePosteriorOnlyGoal+Signal
fromStart"
session_12_player2,TwoStageSignalAgent_sigmoidThreshold,0,0.5,"TwoStageSignal
sigmoidThreshold"
session_12_player2,TwoStageSignalAgent_sigmoidThreshold,1,0.6743769972855522,"TwoStageSignal
sigmoidThreshold"
session_12_player2,TwoStageSignalAgent_sigmoidThreshold,2,0.7978523472525467,"TwoStageSignal
sigmoidThreshold"
session_12_player2,TwoStageSignalAgent_sigmoidThreshold,3,0.8789925423665302,"TwoStageSignal
sigmoidThreshold"
session_12_player2,TwoStageSignalAgent_sigmoidThreshold,4,0.9007094858418061,"TwoStageSignal
sigmoidThreshold"
session_12_player2,TwoStageSignalAgent_sigmoidThreshold,5,0.9256031542075125,"TwoStageSignal
sigmoidThreshold"
session_12_player2,sampleJointGoalAndRSASignal_fromStart,0,0.5,"shared-agency
communicative action mixture (legibility over alternatives)
fromStart"
session_12_player2,sampleJointGoalAndRSASignal_fromStart,1,0.5757112784689951,"shared-agency
communicative action mixture (legibility over alternatives)
fromStart"
session_12_player2,sampleJointGoalAndRSASignal_fromStart,2,0.7574471768163138,"shared-agency
communicative action mixture (legibility over alternatives)
fromStart"
session_12_player2,sampleJointGoalAndRSASignal_fromStart,3,0.7643088483022377,"shared-agency
communicative action mixture (legibility over alternatives)
fromStart"
session_12_player2,sampleJointGoalAndRSASignal_fromStart,4,0.7840764596734375,"shared-agency
communicative action mixture (legibility over alternatives)
fromStart"
session_12_player2,sampleJointGoalAndRSASignal_fromStart,5,0.7955657117787637,"shared-agency
communicative action mixture (legibility over alternatives)
fromStart"
session_12_player2,sampleJointGoalAndSignal_afterNewGoal,0,0.5,"sampleJointGoal+Signal
afterNewGoal"
session_12_player2,sampleJointGoalAndSignal_afterNewGoal,1,0.7237709237163197,"sampleJointGoal+Signal
afterNewGoal"
session_12_player2,sampleJointGoalAndSignal_afterNewGoal,2,0.8103471568414068,"sampleJointGoal+Signal
afterNewGoal"
session_12_player2,sampleJointGoalAndSignal_afterNewGoal,3,0.9250758334672083,"sampleJointGoal+Signal
afterNewGoal"
session_12_player2,sampleJointGoalAndSignal_afterNewGoal,4,0.9359634923529809,"sampleJointGoal+Signal
afterNewGoal"
session_12_player2,sampleJointGoalAndSignal_afterNewGoal,5,0.9444501050893067,"sampleJointGoal+Signal
afterNewGoal"
session_12_player2,sampleJointGoalAndSignal_fromStart,0,0.5,"sampleJointGoal+Signal
fromStart"
session_12_player2,sampleJointGoalAndSignal_fromStart,1,0.7631692114016758,"sampleJointGoal+Signal
fromStart"
session_12_player2,sampleJointGoalAndSignal_fromStart,2,0.8111875062470123,"sampleJointGoal+Signal
fromStart"
session_12_player2,sampleJointGoalAndSignal_fromStart,3,0.8239530661207578,"sampleJointGoal+Signal
fromStart"
session_12_player2,sampleJointGoalAndSignal_fromStart,4,0.8682019977585227,"sampleJointGoal+Signal
fromStart"
session_12_player2,sampleJointGoalAndSignal_fromStart,5,0.9382168169074154,"sampleJointGoal+Signal
fromStart"
session_12_player2,sampleJointGoal_afterNewGoal,0,0.5,"sampleJointGoal
afterNewGoal"
session_12_player2,sampleJointGoal_afterNewGoal,1,0.643140647482851,"sampleJointGoal
afterNewGoal"
session_12_player2,sampleJointGoal_afterNewGoal,2,0.6551724912420772,"sampleJointGoal
afterNewGoal"
session_12_player2,sampleJointGoal_afterNewGoal,3,0.651975450246507,"sampleJointGoal
afterNewGoal"
session_12_player2,sampleJointGoal_afterNewGoal,4,0.6715261577849098,"sampleJointGoal
afterNewGoal"
session_12_player2,sampleJointGoal_afterNewGoal,5,0.7127283838077866,"sampleJointGoal
afterNewGoal"
session_12_player2,samplePosteriorOnlyGoalAndSignal_fromStart,0,0.5,"samplePosteriorOnlyGoal+Signal
fromStart"
session_12_player2,samplePosteriorOnlyGoalAndSignal_fromStart,1,0.6379974787200652,"samplePosteriorOnlyGoal+Signal
fromStart"
session_12_player2,samplePosteriorOnlyGoalAndSignal_fromStart,2,0.714076374987142,"samplePosteriorOnlyGoal+Signal
fromStart"
session_12_player2,samplePosteriorOnlyGoalAndSignal_fromStart,3,0.7314769407912702,"samplePosteriorOnlyGoal+Signal
fromStart"
session_12_player2,samplePosteriorOnlyGoalAndSignal_fromStart,4,0.7063185607888768,"samplePosteriorOnlyGoal+Signal
fromStart"
session_12_player2,samplePosteriorOnlyGoalAndSignal_fromStart,5,0.7673956153944248,"samplePosteriorOnlyGoal+Signal
fromStart"
session_13_player1,TwoStageSignalAgent_sigmoidThreshold,0,0.5,"TwoStageSignal
sigmoidThreshold"
session_13_player1,TwoStageSignalAgent_sigmoidThreshold,1,0.7619954689386498,"TwoStageSignal
sigmoidThreshold"
session_13_player1,TwoStageSignalAgent_sigmoidThreshold,2,0.8317008910322482,"TwoStageSignal
sigmoidThreshold"
session_13_player1,TwoStageSignalAgent_sigmoidThreshold,3,0.8532260028084417,"TwoStageSignal
sigmoidThreshold"
session_13_player1,TwoStageSignalAgent_sigmoidThreshold,4,0.8327127388257056,"TwoStageSignal
sigmoidThreshold"
session_13_player1,TwoStageSignalAgent_sigmoidThreshold,5,0.9150046171264049,"TwoStageSignal
sigmoidThreshold"
session_13_player1,sampleJointGoalAndRSASignal_fromStart,0,0.5,"shared-agency
communicative action mixture (legibility over alternatives)
fromStart"
session_13_player1,sampleJointGoalAndRSASignal_fromStart,1,0.7328335824153475,"shared-agency
communicative action mixture (legibility over alternatives)
fromStart"
session_13_player1,sampleJointGoalAndRSASignal_fromStart,2,0.8353714291686719,"shared-agency
communicative action mixture (legibility over alternatives)
fromStart"
session_13_player1,sampleJointGoalAndRSASignal_fromStart,3,0.9163117410640845,"shared-agency
communicative action mixture (legibility over alternatives)
fromStart"
session_13_player1,sampleJointGoalAndRSASignal_fromStart,4,0.9993371265565569,"shared-agency
communicative action mixture (legibility over alternatives)
fromStart"
session_13_player1,sampleJointGoalAndRSASignal_fromStart,5,0.9993999783483664,"shared-agency
communicative action mixture (legibility over alternatives)
fromStart"
session_13_player1,sampleJointGoalAndSignal_afterNewGoal,0,0.5,"sampleJointGoal+Signal
afterNewGoal"
session_13_player1,sampleJointGoalAndSignal_afterNewGoal,1,0.610313371868296,"sampleJointGoal+Signal
afterNewGoal"
session_13_player1,sampleJointGoalAndSignal_afterNewGoal,2,0.7237160882445842,"sampleJointGoal+Signal
afterNewGoal"
session_13_player1,sampleJointGoalAndSignal_afterNewGoal,3,0.7784079630683245,"sampleJointGoal+Signal
afterNewGoal"
session_13_player1,sampleJointGoalAndSignal_afterNewGoal,4,0.7743868602071234,"sampleJointGoal+Signal
afterNewGoal"
session_13_player1,sampleJointGoalAndSignal_afterNewGoal,5,0.7770714186573928,"sampleJointGoal+Signal
afterNewGoal"
session_13_player1,sampleJointGoalAndSignal_fromStart,0,0.5,"sampleJointGoal+Signal
fromStart"
session_13_player1,sampleJointGoalAndSignal_fromStart,1,0.6445068242178245,"sampleJointGoal+Signal
fromStart"
session_13_player1,sampleJointGoalAndSignal_fromStart,2,0.7152176396208141,"sampleJointGoal+Signal
fromStart"
session_13_player1,sampleJointGoalAndSignal_fromStart,3,0.7883950216284292,"sampleJointGoal+Signal
fromStart"
session_13_player1,sampleJointGoalAndSignal_fromStart,4,0.8605152150889482,"sampleJointGoal+Signal
fromStart"
session_13_player1,sampleJointGoalAndSignal_fromStart,5,0.880909254964796,"sampleJointGoal+Signal
fromStart"
session_13_player1,sampleJointGoal_afterNewGoal,0,0.5,"sampleJointGoal
afterNewGoal"
session_13_player1,sampleJointGoal_afterNewGoal,1,0.6285799999324657,"sampleJointGoal
afterNewGoal"
session_13_player1,sampleJointGoal_afterNewGoal,2,0.7722090840151831,"sampleJointGoal
afterNewGoal"
session_13_player1,sampleJointGoal_afterNewGoal,3,0.8794058424652195,"sampleJointGoal
afterNewGoal"
session_13_player1,sampleJointGoal_afterNewGoal,4,0.9052759116373442,"sampleJointGoal
afterNewGoal"
session_13_player1,sampleJointGoal_afterNewGoal,5,0.9214694627340054,"sampleJointGoal
afterNewGoal"
session_13_player1,samplePosteriorOnlyGoalAndSignal_fromStart,0,0.5,"samplePosteriorOnlyGoal+Signal
fromStart"
session_13_player1,samplePosteriorOnlyGoalAndSignal_fromStart,1,0.710394469283641,"samplePosteriorOnlyGoal+Signal
fromStart"
session_13_player1,samplePosteriorOnlyGoalAndSignal_fromStart,2,0.7856705974947952,"samplePosteriorOnlyGoal+Signal
fromStart"
session_13_player1,samplePosteriorOnlyGoalAndSignal_fromStart,3,0.8594975826787165,"samplePosteriorOnlyGoal+Signal
fromStart"
session_13_player1,samplePosteriorOnlyGoalAndSignal_fromStart,4,0.8482934747410352,"samplePosteriorOnlyGoal+Signal
fromStart"
session_13_player1,samplePosteriorOnlyGoalAndSignal_fromStart,5,0.8737904380335133,"samplePosteriorOnlyGoal+Signal
fromStart"
session_13_player2,TwoStageSignalAgent_sigmoidThreshold,0,0.5,"TwoStageSignal
sigmoidThreshold"
session_13_player2,TwoStageSignalAgent_sigmoidThreshold,1,0.7133306903823315,"TwoStageSignal
sigmoidThreshold"
session_13_player2,TwoStageSignalAgent_sigmoidThreshold,2,0.7711172374742487,"TwoStageSignal
sigmoidThreshold"
session_13_player2,TwoStageSignalAgent_sigmoidThreshold,3,0.786648823499626,"TwoStageSignal
sigmoidThreshold"
session_13_player2,TwoStageSignalAgent_sigmoidThreshold,4,0.8370849954718461,"TwoStageSignal
sigmoidThreshold"
session_13_player2,TwoStageSignalAgent_sigmoidThreshold,5,0.872602684851639,"TwoStageSignal
sigmoidThreshold"
session_13_player2,sampleJointGoalAndRSASignal_fromStart,0,0.5,"shared-agency
communicative action mixture (legibility over alternatives)
fromStart"
session_13_player2,sampleJointGoalAndRSASignal_fromStart,1,0.6575272562881186,"shared-agency
communicative action mixture (legibility over alternatives)
fromStart"
session_13_player2,sampleJointGoalAndRSASignal_fromStart,2,0.6645830002599922,"shared-agency
communicative action mixture (legibility over alternatives)
fromStart"
session_13_player2,sampleJointGoalAndRSASignal_fromStart,3,0.9205522363691395,"shared-agency
communicative action mixture (legibility over alternatives)
fromStart"
session_13_player2,sampleJointGoalAndRSASignal_fromStart,4,0.9091244309461798,"shared-agency
communicative action mixture (legibility over alternatives)
fromStart"
session_13_player2,sampleJointGoalAndRSASignal_fromStart,5,0.9384507633901668,"shared-agency
communicative action mixture (legibility over alternatives)
fromStart"
session_13_player2,sampleJointGoalAndSignal_afterNewGoal,0,0.5,"sampleJointGoal+Signal
afterNewGoal"
session_13_player2,sampleJointGoalAndSignal_afterNewGoal,1,0.7631112661519025,"sampleJointGoal+Signal
afterNewGoal"
session_13_player2,sampleJointGoalAndSignal_afterNewGoal,2,0.8067246325675976,"sampleJointGoal+Signal
afterNewGoal"
session_13_player2,sampleJointGoalAndSignal_afterNewGoal,3,0.8768322057623837,"sampleJointGoal+Signal
afterNewGoal"
session_13_player2,sampleJointGoalAndSignal_afterNewGoal,4,0.8769331720666574,"sampleJointGoal+Signal
afterNewGoal"
session_13_player2,sampleJointGoalAndSignal_afterNewGoal,5,0.8770222388765135,"sampleJointGoal+Signal
afterNewGoal"
session_13_player2,sampleJointGoalAndSignal_fromStart,0,0.5,"sampleJointGoal+Signal
fromStart"
session_13_player2,sampleJointGoalAndSignal_fromStart,1,0.6319509214334381,"sampleJointGoal+Signal
fromStart"
session_13_player2,sampleJointGoalAndSignal_fromStart,2,0.8583728189925451,"sampleJointGoal+Signal
fromStart"
session_13_player2,sampleJointGoalAndSignal_fromStart,3,0.9045286963866727,"sampleJointGoal+Signal
fromStart"
session_13_player2,sampleJointGoalAndSignal_fromStart,4,0.9244436350372824,"sampleJointGoal+Signal
fromStart"
session_13_player2,sampleJointGoalAndSignal_fromStart,5,0.9042015992487854,"sampleJointGoal+Signal
fromStart"
session_13_player2,sampleJointGoal_afterNewGoal,0,0.5,"sampleJointGoal
afterNewGoal"
session_13_player2,sampleJointGoal_afterNewGoal,1,0.6113261651942857,"sampleJointGoal
afterNewGoal"
session_13_player2,sampleJointGoal_afterNewGoal,2,0.7289351722416941,"sampleJointGoal
afterNewGoal"
session_13_player2,sampleJointGoal_afterNewGoal,3,0.8023619711292026,"sampleJointGoal
afterNewGoal"
session_13_player2,sampleJointGoal_afterNewGoal,4,0.8176735434526493,"sampleJointGoal
afterNewGoal"
session_13_player2,sampleJointGoal_afterNewGoal,5,0.817020822120038,"sampleJointGoal
afterNewGoal"
session_13_player2,samplePosteriorOnlyGoalAndSignal_fromStart,0,0.5,"samplePosteriorOnlyGoal+Signal
fromStart"
session_13_player2,samplePosteriorOnlyGoalAndSignal_fromStart,1,0.5733818792051659,"samplePosteriorOnlyGoal+Signal
fromStart"
session_13_player2,samplePosteriorOnlyGoalAndSignal_fromStart,2,0.5534739031181214,"samplePosteriorOnlyGoal+Signal
fromStart"
session_13_player2,samplePosteriorOnlyGoalAndSignal_fromStart,3,0.5780219152490582,"samplePosteriorOnlyGoal+Signal
fromStart"
session_13_player2,samplePosteriorOnlyGoalAndSignal_fromStart,4,0.7883997541867263,"samplePosteriorOnlyGoal+Signal
fromStart"
session_13_player2,samplePosteriorOnlyGoalAndSignal_fromStart,5,0.7420885185454109,"samplePosteriorOnlyGoal+Signal
fromStart"
session_14_player1,TwoStageSignalAgent_sigmoidThreshold,0,0.5,"TwoStageSignal
sigmoidThreshold"
session_14_player1,TwoStageSignalAgent_sigmoidThreshold,1,0.7392192810335177,"TwoStageSignal
sigmoidThreshold"
session_14_player1,TwoStageSignalAgent_sigmoidThreshold,2,0.8158775124677622,"TwoStageSignal
sigmoidThreshold"
session_14_player1,TwoStageSignalAgent_sigmoidThreshold,3,0.8762577588106976,"TwoStageSignal
sigmoidThreshold"
session_14_player1,TwoStageSignalAgent_sigmoidThreshold,4,0.9372656390852765,"TwoStageSignal
sigmoidThreshold"
session_14_player1,TwoStageSignalAgent_sigmoidThreshold,5,0.9409199804553612,"TwoStageSignal
sigmoidThreshold"
session_14_player1,sampleJointGoalAndRSASignal_fromStart,0,0.5,"shared-agency
communicative action mixture (legibility over alternatives)
fromStart"
session_14_player1,sampleJointGoalAndRSASignal_fromStart,1,0.9909728808822192,"shared-agency
communicative action mixture (legibility over alternatives)
fromStart"
session_14_player1,sampleJointGoalAndRSASignal_fromStart,2,0.894779100576164,"shared-agency
communicative action mixture (legibility over alternatives)
fromStart"
session_14_player1,sampleJointGoalAndRSASignal_fromStart,3,0.9954511682085528,"shared-agency
communicative action mixture (legibility over alternatives)
fromStart"
session_14_player1,sampleJointGoalAndRSASignal_fromStart,4,0.9998399307328366,"shared-agency
communicative action mixture (legibility over alternatives)
fromStart"
session_14_player1,sampleJointGoalAndRSASignal_fromStart,5,0.9999675783456802,"shared-agency
communicative action mixture (legibility over alternatives)
fromStart"
session_14_player1,sampleJointGoalAndSignal_afterNewGoal,0,0.5,"sampleJointGoal+Signal
afterNewGoal"
session_14_player1,sampleJointGoalAndSignal_afterNewGoal,1,0.7993880825066657,"sampleJointGoal+Signal
afterNewGoal"
session_14_player1,sampleJointGoalAndSignal_afterNewGoal,2,0.817258775438863,"sampleJointGoal+Signal
afterNewGoal"
session_14_player1,sampleJointGoalAndSignal_afterNewGoal,3,0.9373918091087041,"sampleJointGoal+Signal
afterNewGoal"
session_14_player1,sampleJointGoalAndSignal_afterNewGoal,4,0.9374770184559759,"sampleJointGoal+Signal
afterNewGoal"
session_14_player1,sampleJointGoalAndSignal_afterNewGoal,5,0.9289978992924317,"sampleJointGoal+Signal
afterNewGoal"
session_14_player1,sampleJointGoalAndSignal_fromStart,0,0.5,"sampleJointGoal+Signal
fromStart"
session_14_player1,sampleJointGoalAndSignal_fromStart,1,0.7147776573422986,"sampleJointGoal+Signal
fromStart"
session_14_player1,sampleJointGoalAndSignal_fromStart,2,0.7855594676402103,"sampleJointGoal+Signal
fromStart"
session_14_player1,sampleJointGoalAndSignal_fromStart,3,0.7867627278927285,"sampleJointGoal+Signal
fromStart"
session_14_player1,sampleJointGoalAndSignal_fromStart,4,0.790361839806452,"sampleJointGoal+Signal
fromStart"
session_14_player1,sampleJointGoalAndSignal_fromStart,5,0.9133389585043439,"sampleJointGoal+Signal
fromStart"
session_14_player1,sampleJointGoal_afterNewGoal,0,0.5,"sampleJointGoal
afterNewGoal"
session_14_player1,sampleJointGoal_afterNewGoal,1,0.679030000118438,"sampleJointGoal
afterNewGoal"
session_14_player1,sampleJointGoal_afterNewGoal,2,0.8758588831786359,"sampleJointGoal
afterNewGoal"
session_14_player1,sampleJointGoal_afterNewGoal,3,0.9990642795666066,"sampleJointGoal
afterNewGoal"
session_14_player1,sampleJointGoal_afterNewGoal,4,0.9997571995468231,"sampleJointGoal
afterNewGoal"
session_14_player1,sampleJointGoal_afterNewGoal,5,0.9999320300191126,"sampleJointGoal
afterNewGoal"
session_14_player1,samplePosteriorOnlyGoalAndSignal_fromStart,0,0.5,"samplePosteriorOnlyGoal+Signal
fromStart"
session_14_player1,samplePosteriorOnlyGoalAndSignal_fromStart,1,0.7776493265677556,"samplePosteriorOnlyGoal+Signal
fromStart"
session_14_player1,samplePosteriorOnlyGoalAndSignal_fromStart,2,0.7338089201655632,"samplePosteriorOnlyGoal+Signal
fromStart"
session_14_player1,samplePosteriorOnlyGoalAndSignal_fromStart,3,0.8121161809049331,"samplePosteriorOnlyGoal+Signal
fromStart"
session_14_player1,samplePosteriorOnlyGoalAndSignal_fromStart,4,0.9956154977533561,"samplePosteriorOnlyGoal+Signal
fromStart"
session_14_player1,samplePosteriorOnlyGoalAndSignal_fromStart,5,0.9972498257918255,"samplePosteriorOnlyGoal+Signal
fromStart"
session_14_player2,TwoStageSignalAgent_sigmoidThreshold,0,0.5,"TwoStageSignal
sigmoidThreshold"
session_14_player2,TwoStageSignalAgent_sigmoidThreshold,1,0.750163692013052,"TwoStageSignal
sigmoidThreshold"
session_14_player2,TwoStageSignalAgent_sigmoidThreshold,2,0.8736315076255478,"TwoStageSignal
sigmoidThreshold"
session_14_player2,TwoStageSignalAgent_sigmoidThreshold,3,0.8869406367071152,"TwoStageSignal
sigmoidThreshold"
session_14_player2,TwoStageSignalAgent_sigmoidThreshold,4,0.9068328848327779,"TwoStageSignal
sigmoidThreshold"
session_14_player2,TwoStageSignalAgent_sigmoidThreshold,5,0.9472766225910063,"TwoStageSignal
sigmoidThreshold"
session_14_player2,sampleJointGoalAndRSASignal_fromStart,0,0.5,"shared-agency
communicative action mixture (legibility over alternatives)
fromStart"
session_14_player2,sampleJointGoalAndRSASignal_fromStart,1,0.5130287773263005,"shared-agency
communicative action mixture (legibility over alternatives)
fromStart"
session_14_player2,sampleJointGoalAndRSASignal_fromStart,2,0.40377512853107705,"shared-agency
communicative action mixture (legibility over alternatives)
fromStart"
session_14_player2,sampleJointGoalAndRSASignal_fromStart,3,0.6716304369902689,"shared-agency
communicative action mixture (legibility over alternatives)
fromStart"
session_14_player2,sampleJointGoalAndRSASignal_fromStart,4,0.6564606647120907,"shared-agency
communicative action mixture (legibility over alternatives)
fromStart"
session_14_player2,sampleJointGoalAndRSASignal_fromStart,5,0.7387687345780747,"shared-agency
communicative action mixture (legibility over alternatives)
fromStart"
session_14_player2,sampleJointGoalAndSignal_afterNewGoal,0,0.5,"sampleJointGoal+Signal
afterNewGoal"
session_14_player2,sampleJointGoalAndSignal_afterNewGoal,1,0.7055598579627268,"sampleJointGoal+Signal
afterNewGoal"
session_14_player2,sampleJointGoalAndSignal_afterNewGoal,2,0.8045071127064777,"sampleJointGoal+Signal
afterNewGoal"
session_14_player2,sampleJointGoalAndSignal_afterNewGoal,3,0.819628711138885,"sampleJointGoal+Signal
afterNewGoal"
session_14_player2,sampleJointGoalAndSignal_afterNewGoal,4,0.8619332223688435,"sampleJointGoal+Signal
afterNewGoal"
session_14_player2,sampleJointGoalAndSignal_afterNewGoal,5,0.8837595190374301,"sampleJointGoal+Signal
afterNewGoal"
session_14_player2,sampleJointGoalAndSignal_fromStart,0,0.5,"sampleJointGoal+Signal
fromStart"
session_14_player2,sampleJointGoalAndSignal_fromStart,1,0.6435545705354181,"sampleJointGoal+Signal
fromStart"
session_14_player2,sampleJointGoalAndSignal_fromStart,2,0.6236632082780992,"sampleJointGoal+Signal
fromStart"
session_14_player2,sampleJointGoalAndSignal_fromStart,3,0.6798826035998241,"sampleJointGoal+Signal
fromStart"
session_14_player2,sampleJointGoalAndSignal_fromStart,4,0.6294581812698328,"sampleJointGoal+Signal
fromStart"
session_14_player2,sampleJointGoalAndSignal_fromStart,5,0.8569382575598077,"sampleJointGoal+Signal
fromStart"
session_14_player2,sampleJointGoal_afterNewGoal,0,0.5,"sampleJointGoal
afterNewGoal"
session_14_player2,sampleJointGoal_afterNewGoal,1,0.6863855328705761,"sampleJointGoal
afterNewGoal"
session_14_player2,sampleJointGoal_afterNewGoal,2,0.7495163268302479,"sampleJointGoal
afterNewGoal"
session_14_player2,sampleJointGoal_afterNewGoal,3,0.8915177851085124,"sampleJointGoal
afterNewGoal"
session_14_player2,sampleJointGoal_afterNewGoal,4,0.9382875916732828,"sampleJointGoal
afterNewGoal"
session_14_player2,sampleJointGoal_afterNewGoal,5,0.9393027151185699,"sampleJointGoal
afterNewGoal"
session_14_player2,samplePosteriorOnlyGoalAndSignal_fromStart,0,0.5,"samplePosteriorOnlyGoal+Signal
fromStart"
session_14_player2,samplePosteriorOnlyGoalAndSignal_fromStart,1,0.791605032015965,"samplePosteriorOnlyGoal+Signal
fromStart"
session_14_player2,samplePosteriorOnlyGoalAndSignal_fromStart,2,0.7986411376113665,"samplePosteriorOnlyGoal+Signal
fromStart"
session_14_player2,samplePosteriorOnlyGoalAndSignal_fromStart,3,0.858003300641344,"samplePosteriorOnlyGoal+Signal
fromStart"
session_14_player2,samplePosteriorOnlyGoalAndSignal_fromStart,4,0.8593069381003717,"samplePosteriorOnlyGoal+Signal
fromStart"
session_14_player2,samplePosteriorOnlyGoalAndSignal_fromStart,5,0.8582265813554101,"samplePosteriorOnlyGoal+Signal
fromStart"
session_15_player1,TwoStageSignalAgent_sigmoidThreshold,0,0.5,"TwoStageSignal
sigmoidThreshold"
session_15_player1,TwoStageSignalAgent_sigmoidThreshold,1,0.6970954245109517,"TwoStageSignal
sigmoidThreshold"
session_15_player1,TwoStageSignalAgent_sigmoidThreshold,2,0.9206804941291112,"TwoStageSignal
sigmoidThreshold"
session_15_player1,TwoStageSignalAgent_sigmoidThreshold,3,0.9656920964733461,"TwoStageSignal
sigmoidThreshold"
session_15_player1,TwoStageSignalAgent_sigmoidThreshold,4,0.9970233642145362,"TwoStageSignal
sigmoidThreshold"
session_15_player1,TwoStageSignalAgent_sigmoidThreshold,5,0.9995942250955436,"TwoStageSignal
sigmoidThreshold"
session_15_player1,sampleJointGoalAndRSASignal_fromStart,0,0.5,"shared-agency
communicative action mixture (legibility over alternatives)
fromStart"
session_15_player1,sampleJointGoalAndRSASignal_fromStart,1,0.7042149182614514,"shared-agency
communicative action mixture (legibility over alternatives)
fromStart"
session_15_player1,sampleJointGoalAndRSASignal_fromStart,2,0.6837933501249674,"shared-agency
communicative action mixture (legibility over alternatives)
fromStart"
session_15_player1,sampleJointGoalAndRSASignal_fromStart,3,0.734293511421612,"shared-agency
communicative action mixture (legibility over alternatives)
fromStart"
session_15_player1,sampleJointGoalAndRSASignal_fromStart,4,0.7484120020458653,"shared-agency
communicative action mixture (legibility over alternatives)
fromStart"
session_15_player1,sampleJointGoalAndRSASignal_fromStart,5,0.8821036993136314,"shared-agency
communicative action mixture (legibility over alternatives)
fromStart"
session_15_player1,sampleJointGoalAndSignal_afterNewGoal,0,0.5,"sampleJointGoal+Signal
afterNewGoal"
session_15_player1,sampleJointGoalAndSignal_afterNewGoal,1,0.6878854339403987,"sampleJointGoal+Signal
afterNewGoal"
session_15_player1,sampleJointGoalAndSignal_afterNewGoal,2,0.8177073478526513,"sampleJointGoal+Signal
afterNewGoal"
session_15_player1,sampleJointGoalAndSignal_afterNewGoal,3,0.8215508518074844,"sampleJointGoal+Signal
afterNewGoal"
session_15_player1,sampleJointGoalAndSignal_afterNewGoal,4,0.8844911075860373,"sampleJointGoal+Signal
afterNewGoal"
session_15_player1,sampleJointGoalAndSignal_afterNewGoal,5,0.9470586242510536,"sampleJointGoal+Signal
afterNewGoal"
session_15_player1,sampleJointGoalAndSignal_fromStart,0,0.5,"sampleJointGoal+Signal
fromStart"
session_15_player1,sampleJointGoalAndSignal_fromStart,1,0.7748794989506955,"sampleJointGoal+Signal
fromStart"
session_15_player1,sampleJointGoalAndSignal_fromStart,2,0.8722934752418743,"sampleJointGoal+Signal
fromStart"
session_15_player1,sampleJointGoalAndSignal_fromStart,3,0.9273386345088617,"sampleJointGoal+Signal
fromStart"
session_15_player1,sampleJointGoalAndSignal_fromStart,4,0.9200747108186665,"sampleJointGoal+Signal
fromStart"
session_15_player1,sampleJointGoalAndSignal_fromStart,5,0.9259850655597897,"sampleJointGoal+Signal
fromStart"
session_15_player1,sampleJointGoal_afterNewGoal,0,0.5,"sampleJointGoal
afterNewGoal"
session_15_player1,sampleJointGoal_afterNewGoal,1,0.627072878895338,"sampleJointGoal
afterNewGoal"
session_15_player1,sampleJointGoal_afterNewGoal,2,0.7139916208481676,"sampleJointGoal
afterNewGoal"
session_15_player1,sampleJointGoal_afterNewGoal,3,0.7475773237901281,"sampleJointGoal
afterNewGoal"
session_15_player1,sampleJointGoal_afterNewGoal,4,0.8345681886204934,"sampleJointGoal
afterNewGoal"
session_15_player1,sampleJointGoal_afterNewGoal,5,0.9097180455056053,"sampleJointGoal
afterNewGoal"
session_15_player1,samplePosteriorOnlyGoalAndSignal_fromStart,0,0.5,"samplePosteriorOnlyGoal+Signal
fromStart"
session_15_player1,samplePosteriorOnlyGoalAndSignal_fromStart,1,0.637328457994638,"samplePosteriorOnlyGoal+Signal
fromStart"
session_15_player1,samplePosteriorOnlyGoalAndSignal_fromStart,2,0.6852661060529152,"samplePosteriorOnlyGoal+Signal
fromStart"
session_15_player1,samplePosteriorOnlyGoalAndSignal_fromStart,3,0.7788766380448445,"samplePosteriorOnlyGoal+Signal
fromStart"
session_15_player1,samplePosteriorOnlyGoalAndSignal_fromStart,4,0.8981520408870616,"samplePosteriorOnlyGoal+Signal
fromStart"
session_15_player1,samplePosteriorOnlyGoalAndSignal_fromStart,5,0.888179276729687,"samplePosteriorOnlyGoal+Signal
fromStart"
session_15_player2,TwoStageSignalAgent_sigmoidThreshold,0,0.5,"TwoStageSignal
sigmoidThreshold"
session_15_player2,TwoStageSignalAgent_sigmoidThreshold,1,0.9122740783137172,"TwoStageSignal
sigmoidThreshold"
session_15_player2,TwoStageSignalAgent_sigmoidThreshold,2,0.9174839523608029,"TwoStageSignal
sigmoidThreshold"
session_15_player2,TwoStageSignalAgent_sigmoidThreshold,3,0.9177716992632621,"TwoStageSignal
sigmoidThreshold"
session_15_player2,TwoStageSignalAgent_sigmoidThreshold,4,0.9180373392009048,"TwoStageSignal
sigmoidThreshold"
session_15_player2,TwoStageSignalAgent_sigmoidThreshold,5,0.917069062119733,"TwoStageSignal
sigmoidThreshold"
session_15_player2,sampleJointGoalAndRSASignal_fromStart,0,0.5,"shared-agency
communicative action mixture (legibility over alternatives)
fromStart"
session_15_player2,sampleJointGoalAndRSASignal_fromStart,1,0.56781473275022,"shared-agency
communicative action mixture (legibility over alternatives)
fromStart"
session_15_player2,sampleJointGoalAndRSASignal_fromStart,2,0.8411157066241952,"shared-agency
communicative action mixture (legibility over alternatives)
fromStart"
session_15_player2,sampleJointGoalAndRSASignal_fromStart,3,0.7259816894944026,"shared-agency
communicative action mixture (legibility over alternatives)
fromStart"
session_15_player2,sampleJointGoalAndRSASignal_fromStart,4,0.7902678765092901,"shared-agency
communicative action mixture (legibility over alternatives)
fromStart"
session_15_player2,sampleJointGoalAndRSASignal_fromStart,5,0.8653894023952328,"shared-agency
communicative action mixture (legibility over alternatives)
fromStart"
session_15_player2,sampleJointGoalAndSignal_afterNewGoal,0,0.5,"sampleJointGoal+Signal
afterNewGoal"
session_15_player2,sampleJointGoalAndSignal_afterNewGoal,1,0.75875643022241,"sampleJointGoal+Signal
afterNewGoal"
session_15_player2,sampleJointGoalAndSignal_afterNewGoal,2,0.8464156510330876,"sampleJointGoal+Signal
afterNewGoal"
session_15_player2,sampleJointGoalAndSignal_afterNewGoal,3,0.8206339032652287,"sampleJointGoal+Signal
afterNewGoal"
session_15_player2,sampleJointGoalAndSignal_afterNewGoal,4,0.9382170022706607,"sampleJointGoal+Signal
afterNewGoal"
session_15_player2,sampleJointGoalAndSignal_afterNewGoal,5,0.9378326981676237,"sampleJointGoal+Signal
afterNewGoal"
session_15_player2,sampleJointGoalAndSignal_fromStart,0,0.5,"sampleJointGoal+Signal
fromStart"
session_15_player2,sampleJointGoalAndSignal_fromStart,1,0.8106042032704122,"sampleJointGoal+Signal
fromStart"
session_15_player2,sampleJointGoalAndSignal_fromStart,2,0.8109956485360602,"sampleJointGoal+Signal
fromStart"
session_15_player2,sampleJointGoalAndSignal_fromStart,3,0.8567595255302247,"sampleJointGoal+Signal
fromStart"
session_15_player2,sampleJointGoalAndSignal_fromStart,4,0.8800222455076636,"sampleJointGoal+Signal
fromStart"
session_15_player2,sampleJointGoalAndSignal_fromStart,5,0.9006049365177863,"sampleJointGoal+Signal
fromStart"
session_15_player2,sampleJointGoal_afterNewGoal,0,0.5,"sampleJointGoal
afterNewGoal"
session_15_player2,sampleJointGoal_afterNewGoal,1,0.6316452382007004,"sampleJointGoal
afterNewGoal"
session_15_player2,sampleJointGoal_afterNewGoal,2,0.7707266646781497,"sampleJointGoal
afterNewGoal"
session_15_player2,sampleJointGoal_afterNewGoal,3,0.8722270678261403,"sampleJointGoal
afterNewGoal"
session_15_player2,sampleJointGoal_afterNewGoal,4,0.8743080852265005,"sampleJointGoal
afterNewGoal"
session_15_player2,sampleJointGoal_afterNewGoal,5,0.8754141440112739,"sampleJointGoal
afterNewGoal"
session_15_player2,samplePosteriorOnlyGoalAndSignal_fromStart,0,0.5,"samplePosteriorOnlyGoal+Signal
fromStart"
session_15_player2,samplePosteriorOnlyGoalAndSignal_fromStart,1,0.7992063393449147,"samplePosteriorOnlyGoal+Signal
fromStart"
session_15_player2,samplePosteriorOnlyGoalAndSignal_fromStart,2,0.8495930657144468,"samplePosteriorOnlyGoal+Signal
fromStart"
session_15_player2,samplePosteriorOnlyGoalAndSignal_fromStart,3,0.8605593858302694,"samplePosteriorOnlyGoal+Signal
fromStart"
session_15_player2,samplePosteriorOnlyGoalAndSignal_fromStart,4,0.84173108099699,"samplePosteriorOnlyGoal+Signal
fromStart"
session_15_player2,samplePosteriorOnlyGoalAndSignal_fromStart,5,0.8263172801834091,"samplePosteriorOnlyGoal+Signal
fromStart"
session_16_player1,TwoStageSignalAgent_sigmoidThreshold,0,0.5,"TwoStageSignal
sigmoidThreshold"
session_16_player1,TwoStageSignalAgent_sigmoidThreshold,1,0.7140880912435177,"TwoStageSignal
sigmoidThreshold"
session_16_player1,TwoStageSignalAgent_sigmoidThreshold,2,0.7978826662635774,"TwoStageSignal
sigmoidThreshold"
session_16_player1,TwoStageSignalAgent_sigmoidThreshold,3,0.7769244487429537,"TwoStageSignal
sigmoidThreshold"
session_16_player1,TwoStageSignalAgent_sigmoidThreshold,4,0.8009799226074902,"TwoStageSignal
sigmoidThreshold"
session_16_player1,TwoStageSignalAgent_sigmoidThreshold,5,0.8364615153533942,"TwoStageSignal
sigmoidThreshold"
session_16_player1,sampleJointGoalAndRSASignal_fromStart,0,0.5,"shared-agency
communicative action mixture (legibility over alternatives)
fromStart"
session_16_player1,sampleJointGoalAndRSASignal_fromStart,1,0.7120759251809522,"shared-agency
communicative action mixture (legibility over alternatives)
fromStart"
session_16_player1,sampleJointGoalAndRSASignal_fromStart,2,0.7852020999789219,"shared-agency
communicative action mixture (legibility over alternatives)
fromStart"
session_16_player1,sampleJointGoalAndRSASignal_fromStart,3,0.8724539779165461,"shared-agency
communicative action mixture (legibility over alternatives)
fromStart"
session_16_player1,sampleJointGoalAndRSASignal_fromStart,4,0.9274190083564127,"shared-agency
communicative action mixture (legibility over alternatives)
fromStart"
session_16_player1,sampleJointGoalAndRSASignal_fromStart,5,0.9999470984929707,"shared-agency
communicative action mixture (legibility over alternatives)
fromStart"
session_16_player1,sampleJointGoalAndSignal_afterNewGoal,0,0.5,"sampleJointGoal+Signal
afterNewGoal"
session_16_player1,sampleJointGoalAndSignal_afterNewGoal,1,0.7120382847756059,"sampleJointGoal+Signal
afterNewGoal"
session_16_player1,sampleJointGoalAndSignal_afterNewGoal,2,0.8912743164498431,"sampleJointGoal+Signal
afterNewGoal"
session_16_player1,sampleJointGoalAndSignal_afterNewGoal,3,0.9605587016838756,"sampleJointGoal+Signal
afterNewGoal"
session_16_player1,sampleJointGoalAndSignal_afterNewGoal,4,0.9655404378694912,"sampleJointGoal+Signal
afterNewGoal"
session_16_player1,sampleJointGoalAndSignal_afterNewGoal,5,0.9750032559986845,"sampleJointGoal+Signal
afterNewGoal"
session_16_player1,sampleJointGoalAndSignal_fromStart,0,0.5,"sampleJointGoal+Signal
fromStart"
session_16_player1,sampleJointGoalAndSignal_fromStart,1,0.7045674024915819,"sampleJointGoal+Signal
fromStart"
session_16_player1,sampleJointGoalAndSignal_fromStart,2,0.7555310747000368,"sampleJointGoal+Signal
fromStart"
session_16_player1,sampleJointGoalAndSignal_fromStart,3,0.8778919121251217,"sampleJointGoal+Signal
fromStart"
session_16_player1,sampleJointGoalAndSignal_fromStart,4,0.8970524976481768,"sampleJointGoal+Signal
fromStart"
session_16_player1,sampleJointGoalAndSignal_fromStart,5,0.9375590453486747,"sampleJointGoal+Signal
fromStart"
session_16_player1,sampleJointGoal_afterNewGoal,0,0.5,"sampleJointGoal
afterNewGoal"
session_16_player1,sampleJointGoal_afterNewGoal,1,0.6413145402872983,"sampleJointGoal
afterNewGoal"
session_16_player1,sampleJointGoal_afterNewGoal,2,0.861945850456573,"sampleJointGoal
afterNewGoal"
session_16_player1,sampleJointGoal_afterNewGoal,3,0.8794024637239743,"sampleJointGoal
afterNewGoal"
session_16_player1,sampleJointGoal_afterNewGoal,4,0.8599971955178867,"sampleJointGoal
afterNewGoal"
session_16_player1,sampleJointGoal_afterNewGoal,5,0.9378620943420974,"sampleJointGoal
afterNewGoal"
session_16_player1,samplePosteriorOnlyGoalAndSignal_fromStart,0,0.5,"samplePosteriorOnlyGoal+Signal
fromStart"
session_16_player1,samplePosteriorOnlyGoalAndSignal_fromStart,1,0.3729811664851336,"samplePosteriorOnlyGoal+Signal
fromStart"
session_16_player1,samplePosteriorOnlyGoalAndSignal_fromStart,2,0.48512030255069777,"samplePosteriorOnlyGoal+Signal
fromStart"
session_16_player1,samplePosteriorOnlyGoalAndSignal_fromStart,3,0.6514534163507044,"samplePosteriorOnlyGoal+Signal
fromStart"
session_16_player1,samplePosteriorOnlyGoalAndSignal_fromStart,4,0.9012174297985581,"samplePosteriorOnlyGoal+Signal
fromStart"
session_16_player1,samplePosteriorOnlyGoalAndSignal_fromStart,5,0.9008680791452598,"samplePosteriorOnlyGoal+Signal
fromStart"
session_16_player2,TwoStageSignalAgent_sigmoidThreshold,0,0.5,"TwoStageSignal
sigmoidThreshold"
session_16_player2,TwoStageSignalAgent_sigmoidThreshold,1,0.7853502698513307,"TwoStageSignal
sigmoidThreshold"
session_16_player2,TwoStageSignalAgent_sigmoidThreshold,2,0.723005459516698,"TwoStageSignal
sigmoidThreshold"
session_16_player2,TwoStageSignalAgent_sigmoidThreshold,3,0.7852647658680529,"TwoStageSignal
sigmoidThreshold"
session_16_player2,TwoStageSignalAgent_sigmoidThreshold,4,0.8954816592349433,"TwoStageSignal
sigmoidThreshold"
session_16_player2,TwoStageSignalAgent_sigmoidThreshold,5,0.9153684491649852,"TwoStageSignal
sigmoidThreshold"
session_16_player2,sampleJointGoalAndRSASignal_fromStart,0,0.5,"shared-agency
communicative action mixture (legibility over alternatives)
fromStart"
session_16_player2,sampleJointGoalAndRSASignal_fromStart,1,0.6583273522757346,"shared-agency
communicative action mixture (legibility over alternatives)
fromStart"
session_16_player2,sampleJointGoalAndRSASignal_fromStart,2,0.7302458254975959,"shared-agency
communicative action mixture (legibility over alternatives)
fromStart"
session_16_player2,sampleJointGoalAndRSASignal_fromStart,3,0.8397041244568246,"shared-agency
communicative action mixture (legibility over alternatives)
fromStart"
session_16_player2,sampleJointGoalAndRSASignal_fromStart,4,0.828763510561436,"shared-agency
communicative action mixture (legibility over alternatives)
fromStart"
session_16_player2,sampleJointGoalAndRSASignal_fromStart,5,0.8470841855919461,"shared-agency
communicative action mixture (legibility over alternatives)
fromStart"
session_16_player2,sampleJointGoalAndSignal_afterNewGoal,0,0.5,"sampleJointGoal+Signal
afterNewGoal"
session_16_player2,sampleJointGoalAndSignal_afterNewGoal,1,0.8071245356714822,"sampleJointGoal+Signal
afterNewGoal"
session_16_player2,sampleJointGoalAndSignal_afterNewGoal,2,0.9345723050848552,"sampleJointGoal+Signal
afterNewGoal"
session_16_player2,sampleJointGoalAndSignal_afterNewGoal,3,0.9381793072162574,"sampleJointGoal+Signal
afterNewGoal"
session_16_player2,sampleJointGoalAndSignal_afterNewGoal,4,0.9373624135616385,"sampleJointGoal+Signal
afterNewGoal"
session_16_player2,sampleJointGoalAndSignal_afterNewGoal,5,0.9424728336832809,"sampleJointGoal+Signal
afterNewGoal"
session_16_player2,sampleJointGoalAndSignal_fromStart,0,0.5,"sampleJointGoal+Signal
fromStart"
session_16_player2,sampleJointGoalAndSignal_fromStart,1,0.8769455735292089,"sampleJointGoal+Signal
fromStart"
session_16_player2,sampleJointGoalAndSignal_fromStart,2,0.9018421844967852,"sampleJointGoal+Signal
fromStart"
session_16_player2,sampleJointGoalAndSignal_fromStart,3,0.9597603350285779,"sampleJointGoal+Signal
fromStart"
session_16_player2,sampleJointGoalAndSignal_fromStart,4,0.9998800248595342,"sampleJointGoal+Signal
fromStart"
session_16_player2,sampleJointGoalAndSignal_fromStart,5,0.9999745583770713,"sampleJointGoal+Signal
fromStart"
session_16_player2,sampleJointGoal_afterNewGoal,0,0.5,"sampleJointGoal
afterNewGoal"
session_16_player2,sampleJointGoal_afterNewGoal,1,0.6066482449210869,"sampleJointGoal
afterNewGoal"
session_16_player2,sampleJointGoal_afterNewGoal,2,0.6836409314163083,"sampleJointGoal
afterNewGoal"
session_16_player2,sampleJointGoal_afterNewGoal,3,0.6961363035003214,"sampleJointGoal
afterNewGoal"
session_16_player2,sampleJointGoal_afterNewGoal,4,0.7507055278469162,"sampleJointGoal
afterNewGoal"
session_16_player2,sampleJointGoal_afterNewGoal,5,0.7299667049458025,"sampleJointGoal
afterNewGoal"
session_16_player2,samplePosteriorOnlyGoalAndSignal_fromStart,0,0.5,"samplePosteriorOnlyGoal+Signal
fromStart"
session_16_player2,samplePosteriorOnlyGoalAndSignal_fromStart,1,0.6979155167212597,"samplePosteriorOnlyGoal+Signal
fromStart"
session_16_player2,samplePosteriorOnlyGoalAndSignal_fromStart,2,0.7253187745174732,"samplePosteriorOnlyGoal+Signal
fromStart"
session_16_player2,samplePosteriorOnlyGoalAndSignal_fromStart,3,0.6857545734641111,"samplePosteriorOnlyGoal+Signal
fromStart"
session_16_player2,samplePosteriorOnlyGoalAndSignal_fromStart,4,0.7859802582718362,"samplePosteriorOnlyGoal+Signal
fromStart"
session_16_player2,samplePosteriorOnlyGoalAndSignal_fromStart,5,0.822310687415151,"samplePosteriorOnlyGoal+Signal
fromStart"
session_17_player1,TwoStageSignalAgent_sigmoidThreshold,0,0.5,"TwoStageSignal
sigmoidThreshold"
session_17_player1,TwoStageSignalAgent_sigmoidThreshold,1,0.6795506959936309,"TwoStageSignal
sigmoidThreshold"
session_17_player1,TwoStageSignalAgent_sigmoidThreshold,2,0.8732057312164057,"TwoStageSignal
sigmoidThreshold"
session_17_player1,TwoStageSignalAgent_sigmoidThreshold,3,0.9373401397978778,"TwoStageSignal
sigmoidThreshold"
session_17_player1,TwoStageSignalAgent_sigmoidThreshold,4,0.9379406187323819,"TwoStageSignal
sigmoidThreshold"
session_17_player1,TwoStageSignalAgent_sigmoidThreshold,5,0.9246043564760925,"TwoStageSignal
sigmoidThreshold"
session_17_player1,sampleJointGoalAndRSASignal_fromStart,0,0.5,"shared-agency
communicative action mixture (legibility over alternatives)
fromStart"
session_17_player1,sampleJointGoalAndRSASignal_fromStart,1,0.7168200048511344,"shared-agency
communicative action mixture (legibility over alternatives)
fromStart"
session_17_player1,sampleJointGoalAndRSASignal_fromStart,2,0.7201590584631845,"shared-agency
communicative action mixture (legibility over alternatives)
fromStart"
session_17_player1,sampleJointGoalAndRSASignal_fromStart,3,0.7604100029253753,"shared-agency
communicative action mixture (legibility over alternatives)
fromStart"
session_17_player1,sampleJointGoalAndRSASignal_fromStart,4,0.8802492067708612,"shared-agency
communicative action mixture (legibility over alternatives)
fromStart"
session_17_player1,sampleJointGoalAndRSASignal_fromStart,5,0.8920213973423965,"shared-agency
communicative action mixture (legibility over alternatives)
fromStart"
session_17_player1,sampleJointGoalAndSignal_afterNewGoal,0,0.5,"sampleJointGoal+Signal
afterNewGoal"
session_17_player1,sampleJointGoalAndSignal_afterNewGoal,1,0.6640629448161368,"sampleJointGoal+Signal
afterNewGoal"
session_17_player1,sampleJointGoalAndSignal_afterNewGoal,2,0.666868210877027,"sampleJointGoal+Signal
afterNewGoal"
session_17_player1,sampleJointGoalAndSignal_afterNewGoal,3,0.6718840550698356,"sampleJointGoal+Signal
afterNewGoal"
session_17_player1,sampleJointGoalAndSignal_afterNewGoal,4,0.7326834285744884,"sampleJointGoal+Signal
afterNewGoal"
session_17_player1,sampleJointGoalAndSignal_afterNewGoal,5,0.7598318524552976,"sampleJointGoal+Signal
afterNewGoal"
session_17_player1,sampleJointGoalAndSignal_fromStart,0,0.5,"sampleJointGoal+Signal
fromStart"
session_17_player1,sampleJointGoalAndSignal_fromStart,1,0.8084507086640966,"sampleJointGoal+Signal
fromStart"
session_17_player1,sampleJointGoalAndSignal_fromStart,2,0.8106909484761409,"sampleJointGoal+Signal
fromStart"
session_17_player1,sampleJointGoalAndSignal_fromStart,3,0.8829989148128081,"sampleJointGoal+Signal
fromStart"
session_17_player1,sampleJointGoalAndSignal_fromStart,4,0.8947521353741528,"sampleJointGoal+Signal
fromStart"
session_17_player1,sampleJointGoalAndSignal_fromStart,5,0.9200618248323862,"sampleJointGoal+Signal
fromStart"
session_17_player1,sampleJointGoal_afterNewGoal,0,0.5,"sampleJointGoal
afterNewGoal"
session_17_player1,sampleJointGoal_afterNewGoal,1,0.6786434254395218,"sampleJointGoal
afterNewGoal"
session_17_player1,sampleJointGoal_afterNewGoal,2,0.7517771660093148,"sampleJointGoal
afterNewGoal"
session_17_player1,sampleJointGoal_afterNewGoal,3,0.8130434337311893,"sampleJointGoal
afterNewGoal"
session_17_player1,sampleJointGoal_afterNewGoal,4,0.8229224360707846,"sampleJointGoal
afterNewGoal"
session_17_player1,sampleJointGoal_afterNewGoal,5,0.823257675586945,"sampleJointGoal
afterNewGoal"
session_17_player1,samplePosteriorOnlyGoalAndSignal_fromStart,0,0.5,"samplePosteriorOnlyGoal+Signal
fromStart"
session_17_player1,samplePosteriorOnlyGoalAndSignal_fromStart,1,0.4980923214324647,"samplePosteriorOnlyGoal+Signal
fromStart"
session_17_player1,samplePosteriorOnlyGoalAndSignal_fromStart,2,0.49380825929600425,"samplePosteriorOnlyGoal+Signal
fromStart"
session_17_player1,samplePosteriorOnlyGoalAndSignal_fromStart,3,0.5388206591874983,"samplePosteriorOnlyGoal+Signal
fromStart"
session_17_player1,samplePosteriorOnlyGoalAndSignal_fromStart,4,0.7346133763191599,"samplePosteriorOnlyGoal+Signal
fromStart"
session_17_player1,samplePosteriorOnlyGoalAndSignal_fromStart,5,0.7456854294514745,"samplePosteriorOnlyGoal+Signal
fromStart"
session_17_player2,TwoStageSignalAgent_sigmoidThreshold,0,0.5,"TwoStageSignal
sigmoidThreshold"
session_17_player2,TwoStageSignalAgent_sigmoidThreshold,1,0.6872206158307712,"TwoStageSignal
sigmoidThreshold"
session_17_player2,TwoStageSignalAgent_sigmoidThreshold,2,0.7510252983358585,"TwoStageSignal
sigmoidThreshold"
session_17_player2,TwoStageSignalAgent_sigmoidThreshold,3,0.8161994793910862,"TwoStageSignal
sigmoidThreshold"
session_17_player2,TwoStageSignalAgent_sigmoidThreshold,4,0.871974968981437,"TwoStageSignal
sigmoidThreshold"
session_17_player2,TwoStageSignalAgent_sigmoidThreshold,5,0.8812325288815597,"TwoStageSignal
sigmoidThreshold"
session_17_player2,sampleJointGoalAndRSASignal_fromStart,0,0.5,"shared-agency
communicative action mixture (legibility over alternatives)
fromStart"
session_17_player2,sampleJointGoalAndRSASignal_fromStart,1,0.5535268305357751,"shared-agency
communicative action mixture (legibility over alternatives)
fromStart"
session_17_player2,sampleJointGoalAndRSASignal_fromStart,2,0.7196957780468005,"shared-agency
communicative action mixture (legibility over alternatives)
fromStart"
session_17_player2,sampleJointGoalAndRSASignal_fromStart,3,0.788798517395601,"shared-agency
communicative action mixture (legibility over alternatives)
fromStart"
session_17_player2,sampleJointGoalAndRSASignal_fromStart,4,0.723702579471047,"shared-agency
communicative action mixture (legibility over alternatives)
fromStart"
session_17_player2,sampleJointGoalAndRSASignal_fromStart,5,0.7351846229601119,"shared-agency
communicative action mixture (legibility over alternatives)
fromStart"
session_17_player2,sampleJointGoalAndSignal_afterNewGoal,0,0.5,"sampleJointGoal+Signal
afterNewGoal"
session_17_player2,sampleJointGoalAndSignal_afterNewGoal,1,0.6473096413217676,"sampleJointGoal+Signal
afterNewGoal"
session_17_player2,sampleJointGoalAndSignal_afterNewGoal,2,0.6763196998234537,"sampleJointGoal+Signal
afterNewGoal"
session_17_player2,sampleJointGoalAndSignal_afterNewGoal,3,0.7033770104279737,"sampleJointGoal+Signal
afterNewGoal"
session_17_player2,sampleJointGoalAndSignal_afterNewGoal,4,0.8076990509503674,"sampleJointGoal+Signal
afterNewGoal"
session_17_player2,sampleJointGoalAndSignal_afterNewGoal,5,0.8993316685592356,"sampleJointGoal+Signal
afterNewGoal"
session_17_player2,sampleJointGoalAndSignal_fromStart,0,0.5,"sampleJointGoal+Signal
fromStart"
session_17_player2,sampleJointGoalAndSignal_fromStart,1,0.6542959041400307,"sampleJointGoal+Signal
fromStart"
session_17_player2,sampleJointGoalAndSignal_fromStart,2,0.7664203069905186,"sampleJointGoal+Signal
fromStart"
session_17_player2,sampleJointGoalAndSignal_fromStart,3,0.819936363330405,"sampleJointGoal+Signal
fromStart"
session_17_player2,sampleJointGoalAndSignal_fromStart,4,0.9090662236177268,"sampleJointGoal+Signal
fromStart"
session_17_player2,sampleJointGoalAndSignal_fromStart,5,0.959792662303449,"sampleJointGoal+Signal
fromStart"
session_17_player2,sampleJointGoal_afterNewGoal,0,0.5,"sampleJointGoal
afterNewGoal"
session_17_player2,sampleJointGoal_afterNewGoal,1,0.5968185546290798,"sampleJointGoal
afterNewGoal"
session_17_player2,sampleJointGoal_afterNewGoal,2,0.8227731924509876,"sampleJointGoal
afterNewGoal"
session_17_player2,sampleJointGoal_afterNewGoal,3,0.8819487208434373,"sampleJointGoal
afterNewGoal"
session_17_player2,sampleJointGoal_afterNewGoal,4,0.8709928396973051,"sampleJointGoal
afterNewGoal"
session_17_player2,sampleJointGoal_afterNewGoal,5,0.8605391607358235,"sampleJointGoal
afterNewGoal"
session_17_player2,samplePosteriorOnlyGoalAndSignal_fromStart,0,0.5,"samplePosteriorOnlyGoal+Signal
fromStart"
session_17_player2,samplePosteriorOnlyGoalAndSignal_fromStart,1,0.6168169422441308,"samplePosteriorOnlyGoal+Signal
fromStart"
session_17_player2,samplePosteriorOnlyGoalAndSignal_fromStart,2,0.6934911014660091,"samplePosteriorOnlyGoal+Signal
fromStart"
session_17_player2,samplePosteriorOnlyGoalAndSignal_fromStart,3,0.8568733590517823,"samplePosteriorOnlyGoal+Signal
fromStart"
session_17_player2,samplePosteriorOnlyGoalAndSignal_fromStart,4,0.5525488665711925,"samplePosteriorOnlyGoal+Signal
fromStart"
session_17_player2,samplePosteriorOnlyGoalAndSignal_fromStart,5,0.6270538245564045,"samplePosteriorOnlyGoal+Signal
fromStart"
session_18_player1,TwoStageSignalAgent_sigmoidThreshold,0,0.5,"TwoStageSignal
sigmoidThreshold"
session_18_player1,TwoStageSignalAgent_sigmoidThreshold,1,0.7744538106890335,"TwoStageSignal
sigmoidThreshold"
session_18_player1,TwoStageSignalAgent_sigmoidThreshold,2,0.8996489210914116,"TwoStageSignal
sigmoidThreshold"
session_18_player1,TwoStageSignalAgent_sigmoidThreshold,3,0.9438645462696498,"TwoStageSignal
sigmoidThreshold"
session_18_player1,TwoStageSignalAgent_sigmoidThreshold,4,0.9452732513235345,"TwoStageSignal
sigmoidThreshold"
session_18_player1,TwoStageSignalAgent_sigmoidThreshold,5,0.9460568132458188,"TwoStageSignal
sigmoidThreshold"
session_18_player1,sampleJointGoalAndRSASignal_fromStart,0,0.5,"shared-agency
communicative action mixture (legibility over alternatives)
fromStart"
session_18_player1,sampleJointGoalAndRSASignal_fromStart,1,0.6293589179974217,"shared-agency
communicative action mixture (legibility over alternatives)
fromStart"
session_18_player1,sampleJointGoalAndRSASignal_fromStart,2,0.6941186303779391,"shared-agency
communicative action mixture (legibility over alternatives)
fromStart"
session_18_player1,sampleJointGoalAndRSASignal_fromStart,3,0.860870709269683,"shared-agency
communicative action mixture (legibility over alternatives)
fromStart"
session_18_player1,sampleJointGoalAndRSASignal_fromStart,4,0.8805430118689237,"shared-agency
communicative action mixture (legibility over alternatives)
fromStart"
session_18_player1,sampleJointGoalAndRSASignal_fromStart,5,0.7571807284809662,"shared-agency
communicative action mixture (legibility over alternatives)
fromStart"
session_18_player1,sampleJointGoalAndSignal_afterNewGoal,0,0.5,"sampleJointGoal+Signal
afterNewGoal"
session_18_player1,sampleJointGoalAndSignal_afterNewGoal,1,0.5219134535019815,"sampleJointGoal+Signal
afterNewGoal"
session_18_player1,sampleJointGoalAndSignal_afterNewGoal,2,0.60264727117371,"sampleJointGoal+Signal
afterNewGoal"
session_18_player1,sampleJointGoalAndSignal_afterNewGoal,3,0.682190868036737,"sampleJointGoal+Signal
afterNewGoal"
session_18_player1,sampleJointGoalAndSignal_afterNewGoal,4,0.8030515801160185,"sampleJointGoal+Signal
afterNewGoal"
session_18_player1,sampleJointGoalAndSignal_afterNewGoal,5,0.7983727315561107,"sampleJointGoal+Signal
afterNewGoal"
session_18_player1,sampleJointGoalAndSignal_fromStart,0,0.5,"sampleJointGoal+Signal
fromStart"
session_18_player1,sampleJointGoalAndSignal_fromStart,1,0.647203747821578,"sampleJointGoal+Signal
fromStart"
session_18_player1,sampleJointGoalAndSignal_fromStart,2,0.8416078854397641,"sampleJointGoal+Signal
fromStart"
session_18_player1,sampleJointGoalAndSignal_fromStart,3,0.8580328268145235,"sampleJointGoal+Signal
fromStart"
session_18_player1,sampleJointGoalAndSignal_fromStart,4,0.9982560709585293,"sampleJointGoal+Signal
fromStart"
session_18_player1,sampleJointGoalAndSignal_fromStart,5,0.9998307309622697,"sampleJointGoal+Signal
fromStart"
session_18_player1,sampleJointGoal_afterNewGoal,0,0.5,"sampleJointGoal
afterNewGoal"
session_18_player1,sampleJointGoal_afterNewGoal,1,0.6787590761077427,"sampleJointGoal
afterNewGoal"
session_18_player1,sampleJointGoal_afterNewGoal,2,0.7135453143448338,"sampleJointGoal
afterNewGoal"
session_18_player1,sampleJointGoal_afterNewGoal,3,0.714137971000482,"sampleJointGoal
afterNewGoal"
session_18_player1,sampleJointGoal_afterNewGoal,4,0.8271222320677527,"sampleJointGoal
afterNewGoal"
session_18_player1,sampleJointGoal_afterNewGoal,5,0.9063278010876298,"sampleJointGoal
afterNewGoal"
session_18_player1,samplePosteriorOnlyGoalAndSignal_fromStart,0,0.5,"samplePosteriorOnlyGoal+Signal
fromStart"
session_18_player1,samplePosteriorOnlyGoalAndSignal_fromStart,1,0.5714603444881866,"samplePosteriorOnlyGoal+Signal
fromStart"
session_18_player1,samplePosteriorOnlyGoalAndSignal_fromStart,2,0.7184614510399897,"samplePosteriorOnlyGoal+Signal
fromStart"
session_18_player1,samplePosteriorOnlyGoalAndSignal_fromStart,3,0.7976175520854846,"samplePosteriorOnlyGoal+Signal
fromStart"
session_18_player1,samplePosteriorOnlyGoalAndSignal_fromStart,4,0.8756029263503086,"samplePosteriorOnlyGoal+Signal
fromStart"
session_18_player1,samplePosteriorOnlyGoalAndSignal_fromStart,5,0.9855202348498187,"samplePosteriorOnlyGoal+Signal
fromStart"
session_18_player2,TwoStageSignalAgent_sigmoidThreshold,0,0.5,"TwoStageSignal
sigmoidThreshold"
session_18_player2,TwoStageSignalAgent_sigmoidThreshold,1,0.6327893957728309,"TwoStageSignal
sigmoidThreshold"
session_18_player2,TwoStageSignalAgent_sigmoidThreshold,2,0.7938753240674565,"TwoStageSignal
sigmoidThreshold"
session_18_player2,TwoStageSignalAgent_sigmoidThreshold,3,0.802179207050249,"TwoStageSignal
sigmoidThreshold"
session_18_player2,TwoStageSignalAgent_sigmoidThreshold,4,0.7987507793490891,"TwoStageSignal
sigmoidThreshold"
session_18_player2,TwoStageSignalAgent_sigmoidThreshold,5,0.8832701821722014,"TwoStageSignal
sigmoidThreshold"
session_18_player2,sampleJointGoalAndRSASignal_fromStart,0,0.5,"shared-agency
communicative action mixture (legibility over alternatives)
fromStart"
session_18_player2,sampleJointGoalAndRSASignal_fromStart,1,0.7148658949450917,"shared-agency
communicative action mixture (legibility over alternatives)
fromStart"
session_18_player2,sampleJointGoalAndRSASignal_fromStart,2,0.7065663330423685,"shared-agency
communicative action mixture (legibility over alternatives)
fromStart"
session_18_player2,sampleJointGoalAndRSASignal_fromStart,3,0.7898481399094769,"shared-agency
communicative action mixture (legibility over alternatives)
fromStart"
session_18_player2,sampleJointGoalAndRSASignal_fromStart,4,0.8455850886643917,"shared-agency
communicative action mixture (legibility over alternatives)
fromStart"
session_18_player2,sampleJointGoalAndRSASignal_fromStart,5,0.8250815568415694,"shared-agency
communicative action mixture (legibility over alternatives)
fromStart"
session_18_player2,sampleJointGoalAndSignal_afterNewGoal,0,0.5,"sampleJointGoal+Signal
afterNewGoal"
session_18_player2,sampleJointGoalAndSignal_afterNewGoal,1,0.5824653351625787,"sampleJointGoal+Signal
afterNewGoal"
session_18_player2,sampleJointGoalAndSignal_afterNewGoal,2,0.5985123699446029,"sampleJointGoal+Signal
afterNewGoal"
session_18_player2,sampleJointGoalAndSignal_afterNewGoal,3,0.5997764769831042,"sampleJointGoal+Signal
afterNewGoal"
session_18_player2,sampleJointGoalAndSignal_afterNewGoal,4,0.7383431991475393,"sampleJointGoal+Signal
afterNewGoal"
session_18_player2,sampleJointGoalAndSignal_afterNewGoal,5,0.7533018851920406,"sampleJointGoal+Signal
afterNewGoal"
session_18_player2,sampleJointGoalAndSignal_fromStart,0,0.5,"sampleJointGoal+Signal
fromStart"
session_18_player2,sampleJointGoalAndSignal_fromStart,1,0.808702015959072,"sampleJointGoal+Signal
fromStart"
session_18_player2,sampleJointGoalAndSignal_fromStart,2,0.8116391349366603,"sampleJointGoal+Signal
fromStart"
session_18_player2,sampleJointGoalAndSignal_fromStart,3,0.8911789212628843,"sampleJointGoal+Signal
fromStart"
session_18_player2,sampleJointGoalAndSignal_fromStart,4,0.8715502117519289,"sampleJointGoal+Signal
fromStart"
session_18_player2,sampleJointGoalAndSignal_fromStart,5,0.8502676127146636,"sampleJointGoal+Signal
fromStart"
session_18_player2,sampleJointGoal_afterNewGoal,0,0.5,"sampleJointGoal
afterNewGoal"
session_18_player2,sampleJointGoal_afterNewGoal,1,0.602446744745803,"sampleJointGoal
afterNewGoal"
session_18_player2,sampleJointGoal_afterNewGoal,2,0.7181732021815699,"sampleJointGoal
afterNewGoal"
session_18_player2,sampleJointGoal_afterNewGoal,3,0.7815903194692746,"sampleJointGoal
afterNewGoal"
session_18_player2,sampleJointGoal_afterNewGoal,4,0.8359761740719026,"sampleJointGoal
afterNewGoal"
session_18_player2,sampleJointGoal_afterNewGoal,5,0.8232740671484902,"sampleJointGoal
afterNewGoal"
session_18_player2,samplePosteriorOnlyGoalAndSignal_fromStart,0,0.5,"samplePosteriorOnlyGoal+Signal
fromStart"
session_18_player2,samplePosteriorOnlyGoalAndSignal_fromStart,1,0.7014119464697136,"samplePosteriorOnlyGoal+Signal
fromStart"
session_18_player2,samplePosteriorOnlyGoalAndSignal_fromStart,2,0.6244667513709714,"samplePosteriorOnlyGoal+Signal
fromStart"
session_18_player2,samplePosteriorOnlyGoalAndSignal_fromStart,3,0.7500189413210969,"samplePosteriorOnlyGoal+Signal
fromStart"
session_18_player2,samplePosteriorOnlyGoalAndSignal_fromStart,4,0.7287758426886538,"samplePosteriorOnlyGoal+Signal
fromStart"
session_18_player2,samplePosteriorOnlyGoalAndSignal_fromStart,5,0.8370536707888804,"samplePosteriorOnlyGoal+Signal
fromStart"
session_19_player1,TwoStageSignalAgent_sigmoidThreshold,0,0.5,"TwoStageSignal
sigmoidThreshold"
session_19_player1,TwoStageSignalAgent_sigmoidThreshold,1,0.804769949745254,"TwoStageSignal
sigmoidThreshold"
session_19_player1,TwoStageSignalAgent_sigmoidThreshold,2,0.824739364760083,"TwoStageSignal
sigmoidThreshold"
session_19_player1,TwoStageSignalAgent_sigmoidThreshold,3,0.8987471910049357,"TwoStageSignal
sigmoidThreshold"
session_19_player1,TwoStageSignalAgent_sigmoidThreshold,4,0.9105118705664866,"TwoStageSignal
sigmoidThreshold"
session_19_player1,TwoStageSignalAgent_sigmoidThreshold,5,0.9234529727216371,"TwoStageSignal
sigmoidThreshold"
session_19_player1,sampleJointGoalAndRSASignal_fromStart,0,0.5,"shared-agency
communicative action mixture (legibility over alternatives)
fromStart"
session_19_player1,sampleJointGoalAndRSASignal_fromStart,1,0.7197697659393719,"shared-agency
communicative action mixture (legibility over alternatives)
fromStart"
session_19_player1,sampleJointGoalAndRSASignal_fromStart,2,0.8459438867511093,"shared-agency
communicative action mixture (legibility over alternatives)
fromStart"
session_19_player1,sampleJointGoalAndRSASignal_fromStart,3,0.9172800619780409,"shared-agency
communicative action mixture (legibility over alternatives)
fromStart"
session_19_player1,sampleJointGoalAndRSASignal_fromStart,4,0.944409606060893,"shared-agency
communicative action mixture (legibility over alternatives)
fromStart"
session_19_player1,sampleJointGoalAndRSASignal_fromStart,5,0.9999691260838142,"shared-agency
communicative action mixture (legibility over alternatives)
fromStart"
session_19_player1,sampleJointGoalAndSignal_afterNewGoal,0,0.5,"sampleJointGoal+Signal
afterNewGoal"
session_19_player1,sampleJointGoalAndSignal_afterNewGoal,1,0.6711142739708436,"sampleJointGoal+Signal
afterNewGoal"
session_19_player1,sampleJointGoalAndSignal_afterNewGoal,2,0.7322786335286069,"sampleJointGoal+Signal
afterNewGoal"
session_19_player1,sampleJointGoalAndSignal_afterNewGoal,3,0.8015169222469607,"sampleJointGoal+Signal
afterNewGoal"
session_19_player1,sampleJointGoalAndSignal_afterNewGoal,4,0.8216387170689791,"sampleJointGoal+Signal
afterNewGoal"
session_19_player1,sampleJointGoalAndSignal_afterNewGoal,5,0.888398843704975,"sampleJointGoal+Signal
afterNewGoal"
session_19_player1,sampleJointGoalAndSignal_fromStart,0,0.5,"sampleJointGoal+Signal
fromStart"
session_19_player1,sampleJointGoalAndSignal_fromStart,1,0.6468742963859732,"sampleJointGoal+Signal
fromStart"
session_19_player1,sampleJointGoalAndSignal_fromStart,2,0.8036357168267463,"sampleJointGoal+Signal
fromStart"
session_19_player1,sampleJointGoalAndSignal_fromStart,3,0.7967360908263199,"sampleJointGoal+Signal
fromStart"
session_19_player1,sampleJointGoalAndSignal_fromStart,4,0.792688433788794,"sampleJointGoal+Signal
fromStart"
session_19_player1,sampleJointGoalAndSignal_fromStart,5,0.886025244900105,"sampleJointGoal+Signal
fromStart"
session_19_player1,sampleJointGoal_afterNewGoal,0,0.5,"sampleJointGoal
afterNewGoal"
session_19_player1,sampleJointGoal_afterNewGoal,1,0.6096852111204178,"sampleJointGoal
afterNewGoal"
session_19_player1,sampleJointGoal_afterNewGoal,2,0.6551632000906576,"sampleJointGoal
afterNewGoal"
session_19_player1,sampleJointGoal_afterNewGoal,3,0.8658515929610225,"sampleJointGoal
afterNewGoal"
session_19_player1,sampleJointGoal_afterNewGoal,4,0.8804597405787744,"sampleJointGoal
afterNewGoal"
session_19_player1,sampleJointGoal_afterNewGoal,5,0.8644672971907967,"sampleJointGoal
afterNewGoal"
session_19_player1,samplePosteriorOnlyGoalAndSignal_fromStart,0,0.5,"samplePosteriorOnlyGoal+Signal
fromStart"
session_19_player1,samplePosteriorOnlyGoalAndSignal_fromStart,1,0.5603847814125331,"samplePosteriorOnlyGoal+Signal
fromStart"
session_19_player1,samplePosteriorOnlyGoalAndSignal_fromStart,2,0.7130622276713113,"samplePosteriorOnlyGoal+Signal
fromStart"
session_19_player1,samplePosteriorOnlyGoalAndSignal_fromStart,3,0.7123714516908123,"samplePosteriorOnlyGoal+Signal
fromStart"
session_19_player1,samplePosteriorOnlyGoalAndSignal_fromStart,4,0.6962336212349075,"samplePosteriorOnlyGoal+Signal
fromStart"
session_19_player1,samplePosteriorOnlyGoalAndSignal_fromStart,5,0.8476945126043935,"samplePosteriorOnlyGoal+Signal
fromStart"
session_19_player2,TwoStageSignalAgent_sigmoidThreshold,0,0.5,"TwoStageSignal
sigmoidThreshold"
session_19_player2,TwoStageSignalAgent_sigmoidThreshold,1,0.5779664870163261,"TwoStageSignal
sigmoidThreshold"
session_19_player2,TwoStageSignalAgent_sigmoidThreshold,2,0.6991733617587791,"TwoStageSignal
sigmoidThreshold"
session_19_player2,TwoStageSignalAgent_sigmoidThreshold,3,0.8447179672014976,"TwoStageSignal
sigmoidThreshold"
session_19_player2,TwoStageSignalAgent_sigmoidThreshold,4,0.9999012782782757,"TwoStageSignal
sigmoidThreshold"
session_19_player2,TwoStageSignalAgent_sigmoidThreshold,5,0.9999651097124204,"TwoStageSignal
sigmoidThreshold"
session_19_player2,sampleJointGoalAndRSASignal_fromStart,0,0.5,"shared-agency
communicative action mixture (legibility over alternatives)
fromStart"
session_19_player2,sampleJointGoalAndRSASignal_fromStart,1,0.7287359426375895,"shared-agency
communicative action mixture (legibility over alternatives)
fromStart"
session_19_player2,sampleJointGoalAndRSASignal_fromStart,2,0.9203432356451775,"shared-agency
communicative action mixture (legibility over alternatives)
fromStart"
session_19_player2,sampleJointGoalAndRSASignal_fromStart,3,0.9332015816366437,"shared-agency
communicative action mixture (legibility over alternatives)
fromStart"
session_19_player2,sampleJointGoalAndRSASignal_fromStart,4,0.9398313435525935,"shared-agency
communicative action mixture (legibility over alternatives)
fromStart"
session_19_player2,sampleJointGoalAndRSASignal_fromStart,5,0.9337136898551294,"shared-agency
communicative action mixture (legibility over alternatives)
fromStart"
session_19_player2,sampleJointGoalAndSignal_afterNewGoal,0,0.5,"sampleJointGoal+Signal
afterNewGoal"
session_19_player2,sampleJointGoalAndSignal_afterNewGoal,1,0.5717331187728244,"sampleJointGoal+Signal
afterNewGoal"
session_19_player2,sampleJointGoalAndSignal_afterNewGoal,2,0.6181418671206961,"sampleJointGoal+Signal
afterNewGoal"
session_19_player2,sampleJointGoalAndSignal_afterNewGoal,3,0.714193262219515,"sampleJointGoal+Signal
afterNewGoal"
session_19_player2,sampleJointGoalAndSignal_afterNewGoal,4,0.7145017340290885,"sampleJointGoal+Signal
afterNewGoal"
session_19_player2,sampleJointGoalAndSignal_afterNewGoal,5,0.8588271989464469,"sampleJointGoal+Signal
afterNewGoal"
session_19_player2,sampleJointGoalAndSignal_fromStart,0,0.5,"sampleJointGoal+Signal
fromStart"
session_19_player2,sampleJointGoalAndSignal_fromStart,1,0.6797982862396686,"sampleJointGoal+Signal
fromStart"
session_19_player2,sampleJointGoalAndSignal_fromStart,2,0.7703808004717864,"sampleJointGoal+Signal
fromStart"
session_19_player2,sampleJointGoalAndSignal_fromStart,3,0.9186958423138231,"sampleJointGoal+Signal
fromStart"
session_19_player2,sampleJointGoalAndSignal_fromStart,4,0.9199005715059517,"sampleJointGoal+Signal
fromStart"
session_19_player2,sampleJointGoalAndSignal_fromStart,5,0.9204365137806697,"sampleJointGoal+Signal
fromStart"
session_19_player2,sampleJointGoal_afterNewGoal,0,0.5,"sampleJointGoal
afterNewGoal"
session_19_player2,sampleJointGoal_afterNewGoal,1,0.5636322056466566,"sampleJointGoal
afterNewGoal"
session_19_player2,sampleJointGoal_afterNewGoal,2,0.6866831054245662,"sampleJointGoal
afterNewGoal"
session_19_player2,sampleJointGoal_afterNewGoal,3,0.7622443756156195,"sampleJointGoal
afterNewGoal"
session_19_player2,sampleJointGoal_afterNewGoal,4,0.8003739315266308,"sampleJointGoal
afterNewGoal"
session_19_player2,sampleJointGoal_afterNewGoal,5,0.8182431906487317,"sampleJointGoal
afterNewGoal"
session_19_player2,samplePosteriorOnlyGoalAndSignal_fromStart,0,0.5,"samplePosteriorOnlyGoal+Signal
fromStart"
session_19_player2,samplePosteriorOnlyGoalAndSignal_fromStart,1,0.6288142099149745,"samplePosteriorOnlyGoal+Signal
fromStart"
session_19_player2,samplePosteriorOnlyGoalAndSignal_fromStart,2,0.49413517825068365,"samplePosteriorOnlyGoal+Signal
fromStart"
session_19_player2,samplePosteriorOnlyGoalAndSignal_fromStart,3,0.5929027168005492,"samplePosteriorOnlyGoal+Signal
fromStart"
session_19_player2,samplePosteriorOnlyGoalAndSignal_fromStart,4,0.6421908942656424,"samplePosteriorOnlyGoal+Signal
fromStart"
session_19_player2,samplePosteriorOnlyGoalAndSignal_fromStart,5,0.6990443950398029,"samplePosteriorOnlyGoal+Signal
fromStart"
session_1_player1,TwoStageSignalAgent_sigmoidThreshold,0,0.5,"TwoStageSignal
sigmoidThreshold"
session_1_player1,TwoStageSignalAgent_sigmoidThreshold,1,0.6130303471414842,"TwoStageSignal
sigmoidThreshold"
session_1_player1,TwoStageSignalAgent_sigmoidThreshold,2,0.6857450728021917,"TwoStageSignal
sigmoidThreshold"
session_1_player1,TwoStageSignalAgent_sigmoidThreshold,3,0.8150628340785059,"TwoStageSignal
sigmoidThreshold"
session_1_player1,TwoStageSignalAgent_sigmoidThreshold,4,0.7944969665105743,"TwoStageSignal
sigmoidThreshold"
session_1_player1,TwoStageSignalAgent_sigmoidThreshold,5,0.7166082437572698,"TwoStageSignal
sigmoidThreshold"
session_1_player1,sampleJointGoalAndRSASignal_fromStart,0,0.5,"shared-agency
communicative action mixture (legibility over alternatives)
fromStart"
session_1_player1,sampleJointGoalAndRSASignal_fromStart,1,0.49799462230853253,"shared-agency
communicative action mixture (legibility over alternatives)
fromStart"
session_1_player1,sampleJointGoalAndRSASignal_fromStart,2,0.6508227028942715,"shared-agency
communicative action mixture (legibility over alternatives)
fromStart"
session_1_player1,sampleJointGoalAndRSASignal_fromStart,3,0.8257655407924683,"shared-agency
communicative action mixture (legibility over alternatives)
fromStart"
session_1_player1,sampleJointGoalAndRSASignal_fromStart,4,0.8750244279226593,"shared-agency
communicative action mixture (legibility over alternatives)
fromStart"
session_1_player1,sampleJointGoalAndRSASignal_fromStart,5,0.8749993209068105,"shared-agency
communicative action mixture (legibility over alternatives)
fromStart"
session_1_player1,sampleJointGoalAndSignal_afterNewGoal,0,0.5,"sampleJointGoal+Signal
afterNewGoal"
session_1_player1,sampleJointGoalAndSignal_afterNewGoal,1,0.7479593257579874,"sampleJointGoal+Signal
afterNewGoal"
session_1_player1,sampleJointGoalAndSignal_afterNewGoal,2,0.761362049006621,"sampleJointGoal+Signal
afterNewGoal"
session_1_player1,sampleJointGoalAndSignal_afterNewGoal,3,0.8741574232428853,"sampleJointGoal+Signal
afterNewGoal"
session_1_player1,sampleJointGoalAndSignal_afterNewGoal,4,0.876071013606466,"sampleJointGoal+Signal
afterNewGoal"
session_1_player1,sampleJointGoalAndSignal_afterNewGoal,5,0.8791521116800997,"sampleJointGoal+Signal
afterNewGoal"
session_1_player1,sampleJointGoalAndSignal_fromStart,0,0.5,"sampleJointGoal+Signal
fromStart"
session_1_player1,sampleJointGoalAndSignal_fromStart,1,0.8980476951902467,"sampleJointGoal+Signal
fromStart"
session_1_player1,sampleJointGoalAndSignal_fromStart,2,0.9438856680022563,"sampleJointGoal+Signal
fromStart"
session_1_player1,sampleJointGoalAndSignal_fromStart,3,0.9444437290428538,"sampleJointGoal+Signal
fromStart"
session_1_player1,sampleJointGoalAndSignal_fromStart,4,0.9452899765045184,"sampleJointGoal+Signal
fromStart"
session_1_player1,sampleJointGoalAndSignal_fromStart,5,0.9460587811018681,"sampleJointGoal+Signal
fromStart"
session_1_player1,sampleJointGoal_afterNewGoal,0,0.5,"sampleJointGoal
afterNewGoal"
session_1_player1,sampleJointGoal_afterNewGoal,1,0.7281054761922282,"sampleJointGoal
afterNewGoal"
session_1_player1,sampleJointGoal_afterNewGoal,2,0.7923436590014273,"sampleJointGoal
afterNewGoal"
session_1_player1,sampleJointGoal_afterNewGoal,3,0.9166473644065749,"sampleJointGoal
afterNewGoal"
session_1_player1,sampleJointGoal_afterNewGoal,4,0.889966130379427,"sampleJointGoal
afterNewGoal"
session_1_player1,sampleJointGoal_afterNewGoal,5,0.8878331215145442,"sampleJointGoal
afterNewGoal"
session_1_player1,samplePosteriorOnlyGoalAndSignal_fromStart,0,0.5,"samplePosteriorOnlyGoal+Signal
fromStart"
session_1_player1,samplePosteriorOnlyGoalAndSignal_fromStart,1,0.7274325330553163,"samplePosteriorOnlyGoal+Signal
fromStart"
session_1_player1,samplePosteriorOnlyGoalAndSignal_fromStart,2,0.7373722179765168,"samplePosteriorOnlyGoal+Signal
fromStart"
session_1_player1,samplePosteriorOnlyGoalAndSignal_fromStart,3,0.7982621818299264,"samplePosteriorOnlyGoal+Signal
fromStart"
session_1_player1,samplePosteriorOnlyGoalAndSignal_fromStart,4,0.8567863402791315,"samplePosteriorOnlyGoal+Signal
fromStart"
session_1_player1,samplePosteriorOnlyGoalAndSignal_fromStart,5,0.8753718941784492,"samplePosteriorOnlyGoal+Signal
fromStart"
session_1_player2,TwoStageSignalAgent_sigmoidThreshold,0,0.5,"TwoStageSignal
sigmoidThreshold"
session_1_player2,TwoStageSignalAgent_sigmoidThreshold,1,0.7030696080205723,"TwoStageSignal
sigmoidThreshold"
session_1_player2,TwoStageSignalAgent_sigmoidThreshold,2,0.778429501140647,"TwoStageSignal
sigmoidThreshold"
session_1_player2,TwoStageSignalAgent_sigmoidThreshold,3,0.7811949567466585,"TwoStageSignal
sigmoidThreshold"
session_1_player2,TwoStageSignalAgent_sigmoidThreshold,4,0.7817583822396295,"TwoStageSignal
sigmoidThreshold"
session_1_player2,TwoStageSignalAgent_sigmoidThreshold,5,0.7851460666041188,"TwoStageSignal
sigmoidThreshold"
session_1_player2,sampleJointGoalAndRSASignal_fromStart,0,0.5,"shared-agency
communicative action mixture (legibility over alternatives)
fromStart"
session_1_player2,sampleJointGoalAndRSASignal_fromStart,1,0.8675647840744563,"shared-agency
communicative action mixture (legibility over alternatives)
fromStart"
session_1_player2,sampleJointGoalAndRSASignal_fromStart,2,0.9207494707966628,"shared-agency
communicative action mixture (legibility over alternatives)
fromStart"
session_1_player2,sampleJointGoalAndRSASignal_fromStart,3,0.9549473033907447,"shared-agency
communicative action mixture (legibility over alternatives)
fromStart"
session_1_player2,sampleJointGoalAndRSASignal_fromStart,4,0.8360657759572878,"shared-agency
communicative action mixture (legibility over alternatives)
fromStart"
session_1_player2,sampleJointGoalAndRSASignal_fromStart,5,0.9380850620283491,"shared-agency
communicative action mixture (legibility over alternatives)
fromStart"
session_1_player2,sampleJointGoalAndSignal_afterNewGoal,0,0.5,"sampleJointGoal+Signal
afterNewGoal"
session_1_player2,sampleJointGoalAndSignal_afterNewGoal,1,0.7127987462280131,"sampleJointGoal+Signal
afterNewGoal"
session_1_player2,sampleJointGoalAndSignal_afterNewGoal,2,0.8312243521103005,"sampleJointGoal+Signal
afterNewGoal"
session_1_player2,sampleJointGoalAndSignal_afterNewGoal,3,0.874665438554379,"sampleJointGoal+Signal
afterNewGoal"
session_1_player2,sampleJointGoalAndSignal_afterNewGoal,4,0.8693591132702578,"sampleJointGoal+Signal
afterNewGoal"
session_1_player2,sampleJointGoalAndSignal_afterNewGoal,5,0.8779159588330873,"sampleJointGoal+Signal
afterNewGoal"
session_1_player2,sampleJointGoalAndSignal_fromStart,0,0.5,"sampleJointGoal+Signal
fromStart"
session_1_player2,sampleJointGoalAndSignal_fromStart,1,0.745321590886474,"sampleJointGoal+Signal
fromStart"
session_1_player2,sampleJointGoalAndSignal_fromStart,2,0.772173384559068,"sampleJointGoal+Signal
fromStart"
session_1_player2,sampleJointGoalAndSignal_fromStart,3,0.8220267328827784,"sampleJointGoal+Signal
fromStart"
session_1_player2,sampleJointGoalAndSignal_fromStart,4,0.8576017266471969,"sampleJointGoal+Signal
fromStart"
session_1_player2,sampleJointGoalAndSignal_fromStart,5,0.9440446413697781,"sampleJointGoal+Signal
fromStart"
session_1_player2,sampleJointGoal_afterNewGoal,0,0.5,"sampleJointGoal
afterNewGoal"
session_1_player2,sampleJointGoal_afterNewGoal,1,0.7181112444491573,"sampleJointGoal
afterNewGoal"
session_1_player2,sampleJointGoal_afterNewGoal,2,0.8015381023242404,"sampleJointGoal
afterNewGoal"
session_1_player2,sampleJointGoal_afterNewGoal,3,0.9348248401831175,"sampleJointGoal
afterNewGoal"
session_1_player2,sampleJointGoal_afterNewGoal,4,0.9388283750473337,"sampleJointGoal
afterNewGoal"
session_1_player2,sampleJointGoal_afterNewGoal,5,0.9391924086236466,"sampleJointGoal
afterNewGoal"
session_1_player2,samplePosteriorOnlyGoalAndSignal_fromStart,0,0.5,"samplePosteriorOnlyGoal+Signal
fromStart"
session_1_player2,samplePosteriorOnlyGoalAndSignal_fromStart,1,0.43915675367998075,"samplePosteriorOnlyGoal+Signal
fromStart"
session_1_player2,samplePosteriorOnlyGoalAndSignal_fromStart,2,0.5945550074414485,"samplePosteriorOnlyGoal+Signal
fromStart"
session_1_player2,samplePosteriorOnlyGoalAndSignal_fromStart,3,0.6535024408669962,"samplePosteriorOnlyGoal+Signal
fromStart"
session_1_player2,samplePosteriorOnlyGoalAndSignal_fromStart,4,0.7133015562083541,"samplePosteriorOnlyGoal+Signal
fromStart"
session_1_player2,samplePosteriorOnlyGoalAndSignal_fromStart,5,0.7107929747588306,"samplePosteriorOnlyGoal+Signal
fromStart"
session_20_player1,TwoStageSignalAgent_sigmoidThreshold,0,0.5,"TwoStageSignal
sigmoidThreshold"
session_20_player1,TwoStageSignalAgent_sigmoidThreshold,1,0.5033801448921602,"TwoStageSignal
sigmoidThreshold"
session_20_player1,TwoStageSignalAgent_sigmoidThreshold,2,0.5880995652243556,"TwoStageSignal
sigmoidThreshold"
session_20_player1,TwoStageSignalAgent_sigmoidThreshold,3,0.5862774041804601,"TwoStageSignal
sigmoidThreshold"
session_20_player1,TwoStageSignalAgent_sigmoidThreshold,4,0.5518657515389574,"TwoStageSignal
sigmoidThreshold"
session_20_player1,TwoStageSignalAgent_sigmoidThreshold,5,0.6089953434228524,"TwoStageSignal
sigmoidThreshold"
session_20_player1,sampleJointGoalAndRSASignal_fromStart,0,0.5,"shared-agency
communicative action mixture (legibility over alternatives)
fromStart"
session_20_player1,sampleJointGoalAndRSASignal_fromStart,1,0.6641089613319565,"shared-agency
communicative action mixture (legibility over alternatives)
fromStart"
session_20_player1,sampleJointGoalAndRSASignal_fromStart,2,0.828317932835768,"shared-agency
communicative action mixture (legibility over alternatives)
fromStart"
session_20_player1,sampleJointGoalAndRSASignal_fromStart,3,0.994523288304988,"shared-agency
communicative action mixture (legibility over alternatives)
fromStart"
session_20_player1,sampleJointGoalAndRSASignal_fromStart,4,0.9966059065075976,"shared-agency
communicative action mixture (legibility over alternatives)
fromStart"
session_20_player1,sampleJointGoalAndRSASignal_fromStart,5,0.9994009046836809,"shared-agency
communicative action mixture (legibility over alternatives)
fromStart"
session_20_player1,sampleJointGoalAndSignal_afterNewGoal,0,0.5,"sampleJointGoal+Signal
afterNewGoal"
session_20_player1,sampleJointGoalAndSignal_afterNewGoal,1,0.6703672107954836,"sampleJointGoal+Signal
afterNewGoal"
session_20_player1,sampleJointGoalAndSignal_afterNewGoal,2,0.8486555279969142,"sampleJointGoal+Signal
afterNewGoal"
session_20_player1,sampleJointGoalAndSignal_afterNewGoal,3,0.8870302131418907,"sampleJointGoal+Signal
afterNewGoal"
session_20_player1,sampleJointGoalAndSignal_afterNewGoal,4,0.9418786351656746,"sampleJointGoal+Signal
afterNewGoal"
session_20_player1,sampleJointGoalAndSignal_afterNewGoal,5,0.9425879140334236,"sampleJointGoal+Signal
afterNewGoal"
session_20_player1,sampleJointGoalAndSignal_fromStart,0,0.5,"sampleJointGoal+Signal
fromStart"
session_20_player1,sampleJointGoalAndSignal_fromStart,1,0.805245100873153,"sampleJointGoal+Signal
fromStart"
session_20_player1,sampleJointGoalAndSignal_fromStart,2,0.9268430192154061,"sampleJointGoal+Signal
fromStart"
session_20_player1,sampleJointGoalAndSignal_fromStart,3,0.9294567961873891,"sampleJointGoal+Signal
fromStart"
session_20_player1,sampleJointGoalAndSignal_fromStart,4,0.9301650741721194,"sampleJointGoal+Signal
fromStart"
session_20_player1,sampleJointGoalAndSignal_fromStart,5,0.931593207142711,"sampleJointGoal+Signal
fromStart"
session_20_player1,sampleJointGoal_afterNewGoal,0,0.5,"sampleJointGoal
afterNewGoal"
session_20_player1,sampleJointGoal_afterNewGoal,1,0.6978856947946874,"sampleJointGoal
afterNewGoal"
session_20_player1,sampleJointGoal_afterNewGoal,2,0.6962350898552393,"sampleJointGoal
afterNewGoal"
session_20_player1,sampleJointGoal_afterNewGoal,3,0.8873558875208096,"sampleJointGoal
afterNewGoal"
session_20_player1,sampleJointGoal_afterNewGoal,4,0.9999278126364679,"sampleJointGoal
afterNewGoal"
session_20_player1,sampleJointGoal_afterNewGoal,5,0.9999204675677912,"sampleJointGoal
afterNewGoal"
session_20_player1,samplePosteriorOnlyGoalAndSignal_fromStart,0,0.5,"samplePosteriorOnlyGoal+Signal
fromStart"
session_20_player1,samplePosteriorOnlyGoalAndSignal_fromStart,1,0.5027707608473436,"samplePosteriorOnlyGoal+Signal
fromStart"
session_20_player1,samplePosteriorOnlyGoalAndSignal_fromStart,2,0.5028689456335567,"samplePosteriorOnlyGoal+Signal
fromStart"
session_20_player1,samplePosteriorOnlyGoalAndSignal_fromStart,3,0.4118358244340621,"samplePosteriorOnlyGoal+Signal
fromStart"
session_20_player1,samplePosteriorOnlyGoalAndSignal_fromStart,4,0.6754295567528484,"samplePosteriorOnlyGoal+Signal
fromStart"
session_20_player1,samplePosteriorOnlyGoalAndSignal_fromStart,5,0.706001344264404,"samplePosteriorOnlyGoal+Signal
fromStart"
session_20_player2,TwoStageSignalAgent_sigmoidThreshold,0,0.5,"TwoStageSignal
sigmoidThreshold"
session_20_player2,TwoStageSignalAgent_sigmoidThreshold,1,0.5925412133798025,"TwoStageSignal
sigmoidThreshold"
session_20_player2,TwoStageSignalAgent_sigmoidThreshold,2,0.6803357870604403,"TwoStageSignal
sigmoidThreshold"
session_20_player2,TwoStageSignalAgent_sigmoidThreshold,3,0.7624532470088713,"TwoStageSignal
sigmoidThreshold"
session_20_player2,TwoStageSignalAgent_sigmoidThreshold,4,0.7567273270467322,"TwoStageSignal
sigmoidThreshold"
session_20_player2,TwoStageSignalAgent_sigmoidThreshold,5,0.7763705487996821,"TwoStageSignal
sigmoidThreshold"
session_20_player2,sampleJointGoalAndRSASignal_fromStart,0,0.5,"shared-agency
communicative action mixture (legibility over alternatives)
fromStart"
session_20_player2,sampleJointGoalAndRSASignal_fromStart,1,0.5156067655078677,"shared-agency
communicative action mixture (legibility over alternatives)
fromStart"
session_20_player2,sampleJointGoalAndRSASignal_fromStart,2,0.7347799878283463,"shared-agency
communicative action mixture (legibility over alternatives)
fromStart"
session_20_player2,sampleJointGoalAndRSASignal_fromStart,3,0.933097075580965,"shared-agency
communicative action mixture (legibility over alternatives)
fromStart"
session_20_player2,sampleJointGoalAndRSASignal_fromStart,4,0.8344890843866577,"shared-agency
communicative action mixture (legibility over alternatives)
fromStart"
session_20_player2,sampleJointGoalAndRSASignal_fromStart,5,0.83540302285629,"shared-agency
communicative action mixture (legibility over alternatives)
fromStart"
session_20_player2,sampleJointGoalAndSignal_afterNewGoal,0,0.5,"sampleJointGoal+Signal
afterNewGoal"
session_20_player2,sampleJointGoalAndSignal_afterNewGoal,1,0.7569782621698342,"sampleJointGoal+Signal
afterNewGoal"
session_20_player2,sampleJointGoalAndSignal_afterNewGoal,2,0.8150179891975979,"sampleJointGoal+Signal
afterNewGoal"
session_20_player2,sampleJointGoalAndSignal_afterNewGoal,3,0.9074120013155638,"sampleJointGoal+Signal
afterNewGoal"
session_20_player2,sampleJointGoalAndSignal_afterNewGoal,4,0.9371561139182797,"sampleJointGoal+Signal
afterNewGoal"
session_20_player2,sampleJointGoalAndSignal_afterNewGoal,5,0.9993847456002241,"sampleJointGoal+Signal
afterNewGoal"
session_20_player2,sampleJointGoalAndSignal_fromStart,0,0.5,"sampleJointGoal+Signal
fromStart"
session_20_player2,sampleJointGoalAndSignal_fromStart,1,0.6439900330633499,"sampleJointGoal+Signal
fromStart"
session_20_player2,sampleJointGoalAndSignal_fromStart,2,0.7852281099624859,"sampleJointGoal+Signal
fromStart"
session_20_player2,sampleJointGoalAndSignal_fromStart,3,0.925954579995256,"sampleJointGoal+Signal
fromStart"
session_20_player2,sampleJointGoalAndSignal_fromStart,4,0.9985589290017751,"sampleJointGoal+Signal
fromStart"
session_20_player2,sampleJointGoalAndSignal_fromStart,5,0.9986444777719059,"sampleJointGoal+Signal
fromStart"
session_20_player2,sampleJointGoal_afterNewGoal,0,0.5,"sampleJointGoal
afterNewGoal"
session_20_player2,sampleJointGoal_afterNewGoal,1,0.8837262667787242,"sampleJointGoal
afterNewGoal"
session_20_player2,sampleJointGoal_afterNewGoal,2,0.8864672109989937,"sampleJointGoal
afterNewGoal"
session_20_player2,sampleJointGoal_afterNewGoal,3,0.8879897250456378,"sampleJointGoal
afterNewGoal"
session_20_player2,sampleJointGoal_afterNewGoal,4,0.890340411311397,"sampleJointGoal
afterNewGoal"
session_20_player2,sampleJointGoal_afterNewGoal,5,0.8825750385453317,"sampleJointGoal
afterNewGoal"
session_20_player2,samplePosteriorOnlyGoalAndSignal_fromStart,0,0.5,"samplePosteriorOnlyGoal+Signal
fromStart"
session_20_player2,samplePosteriorOnlyGoalAndSignal_fromStart,1,0.5547497980389825,"samplePosteriorOnlyGoal+Signal
fromStart"
session_20_player2,samplePosteriorOnlyGoalAndSignal_fromStart,2,0.6222066307448133,"samplePosteriorOnlyGoal+Signal
fromStart"
session_20_player2,samplePosteriorOnlyGoalAndSignal_fromStart,3,0.6678425013122222,"samplePosteriorOnlyGoal+Signal
fromStart"
session_20_player2,samplePosteriorOnlyGoalAndSignal_fromStart,4,0.7333176609464905,"samplePosteriorOnlyGoal+Signal
fromStart"
session_20_player2,samplePosteriorOnlyGoalAndSignal_fromStart,5,0.8421677119196216,"samplePosteriorOnlyGoal+Signal
fromStart"
session_21_player1,TwoStageSignalAgent_sigmoidThreshold,0,0.5,"TwoStageSignal
sigmoidThreshold"
session_21_player1,TwoStageSignalAgent_sigmoidThreshold,1,0.6393707444167193,"TwoStageSignal
sigmoidThreshold"
session_21_player1,TwoStageSignalAgent_sigmoidThreshold,2,0.6971962454364731,"TwoStageSignal
sigmoidThreshold"
session_21_player1,TwoStageSignalAgent_sigmoidThreshold,3,0.837600973501817,"TwoStageSignal
sigmoidThreshold"
session_21_player1,TwoStageSignalAgent_sigmoidThreshold,4,0.9988140566011839,"TwoStageSignal
sigmoidThreshold"
session_21_player1,TwoStageSignalAgent_sigmoidThreshold,5,0.9999726425727997,"TwoStageSignal
sigmoidThreshold"
session_21_player1,sampleJointGoalAndRSASignal_fromStart,0,0.5,"shared-agency
communicative action mixture (legibility over alternatives)
fromStart"
session_21_player1,sampleJointGoalAndRSASignal_fromStart,1,0.7714452727555526,"shared-agency
communicative action mixture (legibility over alternatives)
fromStart"
session_21_player1,sampleJointGoalAndRSASignal_fromStart,2,0.8811314485678307,"shared-agency
communicative action mixture (legibility over alternatives)
fromStart"
session_21_player1,sampleJointGoalAndRSASignal_fromStart,3,0.9415646587190651,"shared-agency
communicative action mixture (legibility over alternatives)
fromStart"
session_21_player1,sampleJointGoalAndRSASignal_fromStart,4,0.9379849570497714,"shared-agency
communicative action mixture (legibility over alternatives)
fromStart"
session_21_player1,sampleJointGoalAndRSASignal_fromStart,5,0.9578164603415004,"shared-agency
communicative action mixture (legibility over alternatives)
fromStart"
session_21_player1,sampleJointGoalAndSignal_afterNewGoal,0,0.5,"sampleJointGoal+Signal
afterNewGoal"
session_21_player1,sampleJointGoalAndSignal_afterNewGoal,1,0.6064074137600507,"sampleJointGoal+Signal
afterNewGoal"
session_21_player1,sampleJointGoalAndSignal_afterNewGoal,2,0.6652175779569038,"sampleJointGoal+Signal
afterNewGoal"
session_21_player1,sampleJointGoalAndSignal_afterNewGoal,3,0.693114408800435,"sampleJointGoal+Signal
afterNewGoal"
session_21_player1,sampleJointGoalAndSignal_afterNewGoal,4,0.8025978651159031,"sampleJointGoal+Signal
afterNewGoal"
session_21_player1,sampleJointGoalAndSignal_afterNewGoal,5,0.8264816466544408,"sampleJointGoal+Signal
afterNewGoal"
session_21_player1,sampleJointGoalAndSignal_fromStart,0,0.5,"sampleJointGoal+Signal
fromStart"
session_21_player1,sampleJointGoalAndSignal_fromStart,1,0.7934209755713975,"sampleJointGoal+Signal
fromStart"
session_21_player1,sampleJointGoalAndSignal_fromStart,2,0.7913032930841514,"sampleJointGoal+Signal
fromStart"
session_21_player1,sampleJointGoalAndSignal_fromStart,3,0.8946355127199148,"sampleJointGoal+Signal
fromStart"
session_21_player1,sampleJointGoalAndSignal_fromStart,4,0.9228274032142098,"sampleJointGoal+Signal
fromStart"
session_21_player1,sampleJointGoalAndSignal_fromStart,5,0.9505276526596377,"sampleJointGoal+Signal
fromStart"
session_21_player1,sampleJointGoal_afterNewGoal,0,0.5,"sampleJointGoal
afterNewGoal"
session_21_player1,sampleJointGoal_afterNewGoal,1,0.5004882724314205,"sampleJointGoal
afterNewGoal"
session_21_player1,sampleJointGoal_afterNewGoal,2,0.6748180251412838,"sampleJointGoal
afterNewGoal"
session_21_player1,sampleJointGoal_afterNewGoal,3,0.7739917957027579,"sampleJointGoal
afterNewGoal"
session_21_player1,sampleJointGoal_afterNewGoal,4,0.8078923530717975,"sampleJointGoal
afterNewGoal"
session_21_player1,sampleJointGoal_afterNewGoal,5,0.8176363695508272,"sampleJointGoal
afterNewGoal"
session_21_player1,samplePosteriorOnlyGoalAndSignal_fromStart,0,0.5,"samplePosteriorOnlyGoal+Signal
fromStart"
session_21_player1,samplePosteriorOnlyGoalAndSignal_fromStart,1,0.49214571931978207,"samplePosteriorOnlyGoal+Signal
fromStart"
session_21_player1,samplePosteriorOnlyGoalAndSignal_fromStart,2,0.7301858545995512,"samplePosteriorOnlyGoal+Signal
fromStart"
session_21_player1,samplePosteriorOnlyGoalAndSignal_fromStart,3,0.741612619715756,"samplePosteriorOnlyGoal+Signal
fromStart"
session_21_player1,samplePosteriorOnlyGoalAndSignal_fromStart,4,0.8488645300719939,"samplePosteriorOnlyGoal+Signal
fromStart"
session_21_player1,samplePosteriorOnlyGoalAndSignal_fromStart,5,0.8427880228710137,"samplePosteriorOnlyGoal+Signal
fromStart"
session_21_player2,TwoStageSignalAgent_sigmoidThreshold,0,0.5,"TwoStageSignal
sigmoidThreshold"
session_21_player2,TwoStageSignalAgent_sigmoidThreshold,1,0.7322226438165647,"TwoStageSignal
sigmoidThreshold"
session_21_player2,TwoStageSignalAgent_sigmoidThreshold,2,0.788348232905406,"TwoStageSignal
sigmoidThreshold"
session_21_player2,TwoStageSignalAgent_sigmoidThreshold,3,0.7998195221477964,"TwoStageSignal
sigmoidThreshold"
session_21_player2,TwoStageSignalAgent_sigmoidThreshold,4,0.7856640655697167,"TwoStageSignal
sigmoidThreshold"
session_21_player2,TwoStageSignalAgent_sigmoidThreshold,5,0.8153843272142822,"TwoStageSignal
sigmoidThreshold"
session_21_player2,sampleJointGoalAndRSASignal_fromStart,0,0.5,"shared-agency
communicative action mixture (legibility over alternatives)
fromStart"
session_21_player2,sampleJointGoalAndRSASignal_fromStart,1,0.7234465249506247,"shared-agency
communicative action mixture (legibility over alternatives)
fromStart"
session_21_player2,sampleJointGoalAndRSASignal_fromStart,2,0.8327237311382588,"shared-agency
communicative action mixture (legibility over alternatives)
fromStart"
session_21_player2,sampleJointGoalAndRSASignal_fromStart,3,0.7807394266639166,"shared-agency
communicative action mixture (legibility over alternatives)
fromStart"
session_21_player2,sampleJointGoalAndRSASignal_fromStart,4,0.8469199374460904,"shared-agency
communicative action mixture (legibility over alternatives)
fromStart"
session_21_player2,sampleJointGoalAndRSASignal_fromStart,5,0.8985146384779754,"shared-agency
communicative action mixture (legibility over alternatives)
fromStart"
session_21_player2,sampleJointGoalAndSignal_afterNewGoal,0,0.5,"sampleJointGoal+Signal
afterNewGoal"
session_21_player2,sampleJointGoalAndSignal_afterNewGoal,1,0.7282446715267066,"sampleJointGoal+Signal
afterNewGoal"
session_21_player2,sampleJointGoalAndSignal_afterNewGoal,2,0.8244018125389871,"sampleJointGoal+Signal
afterNewGoal"
session_21_player2,sampleJointGoalAndSignal_afterNewGoal,3,0.8951011602021339,"sampleJointGoal+Signal
afterNewGoal"
session_21_player2,sampleJointGoalAndSignal_afterNewGoal,4,0.8933242260307896,"sampleJointGoal+Signal
afterNewGoal"
session_21_player2,sampleJointGoalAndSignal_afterNewGoal,5,0.9044478687234403,"sampleJointGoal+Signal
afterNewGoal"
session_21_player2,sampleJointGoalAndSignal_fromStart,0,0.5,"sampleJointGoal+Signal
fromStart"
session_21_player2,sampleJointGoalAndSignal_fromStart,1,0.7349529753411028,"sampleJointGoal+Signal
fromStart"
session_21_player2,sampleJointGoalAndSignal_fromStart,2,0.778086715639823,"sampleJointGoal+Signal
fromStart"
session_21_player2,sampleJointGoalAndSignal_fromStart,3,0.7667315182923428,"sampleJointGoal+Signal
fromStart"
session_21_player2,sampleJointGoalAndSignal_fromStart,4,0.7866461198388256,"sampleJointGoal+Signal
fromStart"
session_21_player2,sampleJointGoalAndSignal_fromStart,5,0.7636358931167696,"sampleJointGoal+Signal
fromStart"
session_21_player2,sampleJointGoal_afterNewGoal,0,0.5,"sampleJointGoal
afterNewGoal"
session_21_player2,sampleJointGoal_afterNewGoal,1,0.6952225457783369,"sampleJointGoal
afterNewGoal"
session_21_player2,sampleJointGoal_afterNewGoal,2,0.7179964611072209,"sampleJointGoal
afterNewGoal"
session_21_player2,sampleJointGoal_afterNewGoal,3,0.8434200414628383,"sampleJointGoal
afterNewGoal"
session_21_player2,sampleJointGoal_afterNewGoal,4,0.8662429629820663,"sampleJointGoal
afterNewGoal"
session_21_player2,sampleJointGoal_afterNewGoal,5,0.9031855201381003,"sampleJointGoal
afterNewGoal"
session_21_player2,samplePosteriorOnlyGoalAndSignal_fromStart,0,0.5,"samplePosteriorOnlyGoal+Signal
fromStart"
session_21_player2,samplePosteriorOnlyGoalAndSignal_fromStart,1,0.6172805974767941,"samplePosteriorOnlyGoal+Signal
fromStart"
session_21_player2,samplePosteriorOnlyGoalAndSignal_fromStart,2,0.7296224540937402,"samplePosteriorOnlyGoal+Signal
fromStart"
session_21_player2,samplePosteriorOnlyGoalAndSignal_fromStart,3,0.8166289546002836,"samplePosteriorOnlyGoal+Signal
fromStart"
session_21_player2,samplePosteriorOnlyGoalAndSignal_fromStart,4,0.7015172713479588,"samplePosteriorOnlyGoal+Signal
fromStart"
session_21_player2,samplePosteriorOnlyGoalAndSignal_fromStart,5,0.7454841360244968,"samplePosteriorOnlyGoal+Signal
fromStart"
session_22_player1,TwoStageSignalAgent_sigmoidThreshold,0,0.5,"TwoStageSignal
sigmoidThreshold"
session_22_player1,TwoStageSignalAgent_sigmoidThreshold,1,0.7853296019568995,"TwoStageSignal
sigmoidThreshold"
session_22_player1,TwoStageSignalAgent_sigmoidThreshold,2,0.7861634620185974,"TwoStageSignal
sigmoidThreshold"
session_22_player1,TwoStageSignalAgent_sigmoidThreshold,3,0.7879343626935514,"TwoStageSignal
sigmoidThreshold"
session_22_player1,TwoStageSignalAgent_sigmoidThreshold,4,0.8203470659433402,"TwoStageSignal
sigmoidThreshold"
session_22_player1,TwoStageSignalAgent_sigmoidThreshold,5,0.8099716375214246,"TwoStageSignal
sigmoidThreshold"
session_22_player1,sampleJointGoalAndRSASignal_fromStart,0,0.5,"shared-agency
communicative action mixture (legibility over alternatives)
fromStart"
session_22_player1,sampleJointGoalAndRSASignal_fromStart,1,0.619789145249574,"shared-agency
communicative action mixture (legibility over alternatives)
fromStart"
session_22_player1,sampleJointGoalAndRSASignal_fromStart,2,0.8974378963762903,"shared-agency
communicative action mixture (legibility over alternatives)
fromStart"
session_22_player1,sampleJointGoalAndRSASignal_fromStart,3,0.90754148321306,"shared-agency
communicative action mixture (legibility over alternatives)
fromStart"
session_22_player1,sampleJointGoalAndRSASignal_fromStart,4,0.9257072767683299,"shared-agency
communicative action mixture (legibility over alternatives)
fromStart"
session_22_player1,sampleJointGoalAndRSASignal_fromStart,5,0.9051968016806445,"shared-agency
communicative action mixture (legibility over alternatives)
fromStart"
session_22_player1,sampleJointGoalAndSignal_afterNewGoal,0,0.5,"sampleJointGoal+Signal
afterNewGoal"
session_22_player1,sampleJointGoalAndSignal_afterNewGoal,1,0.5954149902203242,"sampleJointGoal+Signal
afterNewGoal"
session_22_player1,sampleJointGoalAndSignal_afterNewGoal,2,0.7456337478612033,"sampleJointGoal+Signal
afterNewGoal"
session_22_player1,sampleJointGoalAndSignal_afterNewGoal,3,0.7589179295380323,"sampleJointGoal+Signal
afterNewGoal"
session_22_player1,sampleJointGoalAndSignal_afterNewGoal,4,0.91714112412857,"sampleJointGoal+Signal
afterNewGoal"
session_22_player1,sampleJointGoalAndSignal_afterNewGoal,5,0.9168354761629928,"sampleJointGoal+Signal
afterNewGoal"
session_22_player1,sampleJointGoalAndSignal_fromStart,0,0.5,"sampleJointGoal+Signal
fromStart"
session_22_player1,sampleJointGoalAndSignal_fromStart,1,0.680194129783586,"sampleJointGoal+Signal
fromStart"
session_22_player1,sampleJointGoalAndSignal_fromStart,2,0.9034886064211675,"sampleJointGoal+Signal
fromStart"
session_22_player1,sampleJointGoalAndSignal_fromStart,3,0.9438608480841997,"sampleJointGoal+Signal
fromStart"
session_22_player1,sampleJointGoalAndSignal_fromStart,4,0.942925455249007,"sampleJointGoal+Signal
fromStart"
session_22_player1,sampleJointGoalAndSignal_fromStart,5,0.9442630098254368,"sampleJointGoal+Signal
fromStart"
session_22_player1,sampleJointGoal_afterNewGoal,0,0.5,"sampleJointGoal
afterNewGoal"
session_22_player1,sampleJointGoal_afterNewGoal,1,0.7399686667402529,"sampleJointGoal
afterNewGoal"
session_22_player1,sampleJointGoal_afterNewGoal,2,0.8151981086458068,"sampleJointGoal
afterNewGoal"
session_22_player1,sampleJointGoal_afterNewGoal,3,0.8565492117383755,"sampleJointGoal
afterNewGoal"
session_22_player1,sampleJointGoal_afterNewGoal,4,0.8475291256118502,"sampleJointGoal
afterNewGoal"
session_22_player1,sampleJointGoal_afterNewGoal,5,0.9702366450060665,"sampleJointGoal
afterNewGoal"
session_22_player1,samplePosteriorOnlyGoalAndSignal_fromStart,0,0.5,"samplePosteriorOnlyGoal+Signal
fromStart"
session_22_player1,samplePosteriorOnlyGoalAndSignal_fromStart,1,0.5989872742852691,"samplePosteriorOnlyGoal+Signal
fromStart"
session_22_player1,samplePosteriorOnlyGoalAndSignal_fromStart,2,0.8103063849487095,"samplePosteriorOnlyGoal+Signal
fromStart"
session_22_player1,samplePosteriorOnlyGoalAndSignal_fromStart,3,0.8716752947184806,"samplePosteriorOnlyGoal+Signal
fromStart"
session_22_player1,samplePosteriorOnlyGoalAndSignal_fromStart,4,0.9336096055975505,"samplePosteriorOnlyGoal+Signal
fromStart"
session_22_player1,samplePosteriorOnlyGoalAndSignal_fromStart,5,0.9442390763541102,"samplePosteriorOnlyGoal+Signal
fromStart"
session_22_player2,TwoStageSignalAgent_sigmoidThreshold,0,0.5,"TwoStageSignal
sigmoidThreshold"
session_22_player2,TwoStageSignalAgent_sigmoidThreshold,1,0.6198335100056932,"TwoStageSignal
sigmoidThreshold"
session_22_player2,TwoStageSignalAgent_sigmoidThreshold,2,0.7821487227963727,"TwoStageSignal
sigmoidThreshold"
session_22_player2,TwoStageSignalAgent_sigmoidThreshold,3,0.7784942036716286,"TwoStageSignal
sigmoidThreshold"
session_22_player2,TwoStageSignalAgent_sigmoidThreshold,4,0.847062228434275,"TwoStageSignal
sigmoidThreshold"
session_22_player2,TwoStageSignalAgent_sigmoidThreshold,5,0.8757919315877702,"TwoStageSignal
sigmoidThreshold"
session_22_player2,sampleJointGoalAndRSASignal_fromStart,0,0.5,"shared-agency
communicative action mixture (legibility over alternatives)
fromStart"
session_22_player2,sampleJointGoalAndRSASignal_fromStart,1,0.6834812539960853,"shared-agency
communicative action mixture (legibility over alternatives)
fromStart"
session_22_player2,sampleJointGoalAndRSASignal_fromStart,2,0.7532458272414659,"shared-agency
communicative action mixture (legibility over alternatives)
fromStart"
session_22_player2,sampleJointGoalAndRSASignal_fromStart,3,0.7726809227302289,"shared-agency
communicative action mixture (legibility over alternatives)
fromStart"
session_22_player2,sampleJointGoalAndRSASignal_fromStart,4,0.7691703344369407,"shared-agency
communicative action mixture (legibility over alternatives)
fromStart"
session_22_player2,sampleJointGoalAndRSASignal_fromStart,5,0.8292272736150941,"shared-agency
communicative action mixture (legibility over alternatives)
fromStart"
session_22_player2,sampleJointGoalAndSignal_afterNewGoal,0,0.5,"sampleJointGoal+Signal
afterNewGoal"
session_22_player2,sampleJointGoalAndSignal_afterNewGoal,1,0.7599641123009304,"sampleJointGoal+Signal
afterNewGoal"
session_22_player2,sampleJointGoalAndSignal_afterNewGoal,2,0.8310056571164295,"sampleJointGoal+Signal
afterNewGoal"
session_22_player2,sampleJointGoalAndSignal_afterNewGoal,3,0.8119724566316805,"sampleJointGoal+Signal
afterNewGoal"
session_22_player2,sampleJointGoalAndSignal_afterNewGoal,4,0.8403538768662857,"sampleJointGoal+Signal
afterNewGoal"
session_22_player2,sampleJointGoalAndSignal_afterNewGoal,5,0.8678303231782326,"sampleJointGoal+Signal
afterNewGoal"
session_22_player2,sampleJointGoalAndSignal_fromStart,0,0.5,"sampleJointGoal+Signal
fromStart"
session_22_player2,sampleJointGoalAndSignal_fromStart,1,0.6570595477805967,"sampleJointGoal+Signal
fromStart"
session_22_player2,sampleJointGoalAndSignal_fromStart,2,0.845552197962639,"sampleJointGoal+Signal
fromStart"
session_22_player2,sampleJointGoalAndSignal_fromStart,3,0.8886538389840845,"sampleJointGoal+Signal
fromStart"
session_22_player2,sampleJointGoalAndSignal_fromStart,4,0.9441484497329495,"sampleJointGoal+Signal
fromStart"
session_22_player2,sampleJointGoalAndSignal_fromStart,5,0.999448173053736,"sampleJointGoal+Signal
fromStart"
session_22_player2,sampleJointGoal_afterNewGoal,0,0.5,"sampleJointGoal
afterNewGoal"
session_22_player2,sampleJointGoal_afterNewGoal,1,0.7151574656295503,"sampleJointGoal
afterNewGoal"
session_22_player2,sampleJointGoal_afterNewGoal,2,0.8551172347517577,"sampleJointGoal
afterNewGoal"
session_22_player2,sampleJointGoal_afterNewGoal,3,0.9264317774691618,"sampleJointGoal
afterNewGoal"
session_22_player2,sampleJointGoal_afterNewGoal,4,0.9288057329483145,"sampleJointGoal
afterNewGoal"
session_22_player2,sampleJointGoal_afterNewGoal,5,0.9300169801998289,"sampleJointGoal
afterNewGoal"
session_22_player2,samplePosteriorOnlyGoalAndSignal_fromStart,0,0.5,"samplePosteriorOnlyGoal+Signal
fromStart"
session_22_player2,samplePosteriorOnlyGoalAndSignal_fromStart,1,0.5493544372216963,"samplePosteriorOnlyGoal+Signal
fromStart"
session_22_player2,samplePosteriorOnlyGoalAndSignal_fromStart,2,0.7452927044543158,"samplePosteriorOnlyGoal+Signal
fromStart"
session_22_player2,samplePosteriorOnlyGoalAndSignal_fromStart,3,0.8751335539326426,"samplePosteriorOnlyGoal+Signal
fromStart"
session_22_player2,samplePosteriorOnlyGoalAndSignal_fromStart,4,0.9374133053442714,"samplePosteriorOnlyGoal+Signal
fromStart"
session_22_player2,samplePosteriorOnlyGoalAndSignal_fromStart,5,0.9998786496576607,"samplePosteriorOnlyGoal+Signal
fromStart"
session_23_player1,TwoStageSignalAgent_sigmoidThreshold,0,0.5,"TwoStageSignal
sigmoidThreshold"
session_23_player1,TwoStageSignalAgent_sigmoidThreshold,1,0.5952398670741129,"TwoStageSignal
sigmoidThreshold"
session_23_player1,TwoStageSignalAgent_sigmoidThreshold,2,0.7296882934162439,"TwoStageSignal
sigmoidThreshold"
session_23_player1,TwoStageSignalAgent_sigmoidThreshold,3,0.7422108231972822,"TwoStageSignal
sigmoidThreshold"
session_23_player1,TwoStageSignalAgent_sigmoidThreshold,4,0.7510049869250407,"TwoStageSignal
sigmoidThreshold"
session_23_player1,TwoStageSignalAgent_sigmoidThreshold,5,0.6820996288541057,"TwoStageSignal
sigmoidThreshold"
session_23_player1,sampleJointGoalAndRSASignal_fromStart,0,0.5,"shared-agency
communicative action mixture (legibility over alternatives)
fromStart"
session_23_player1,sampleJointGoalAndRSASignal_fromStart,1,0.7070779511400183,"shared-agency
communicative action mixture (legibility over alternatives)
fromStart"
session_23_player1,sampleJointGoalAndRSASignal_fromStart,2,0.779113527802914,"shared-agency
communicative action mixture (legibility over alternatives)
fromStart"
session_23_player1,sampleJointGoalAndRSASignal_fromStart,3,0.8103163712414589,"shared-agency
communicative action mixture (legibility over alternatives)
fromStart"
session_23_player1,sampleJointGoalAndRSASignal_fromStart,4,0.9162697205198402,"shared-agency
communicative action mixture (legibility over alternatives)
fromStart"
session_23_player1,sampleJointGoalAndRSASignal_fromStart,5,0.8976877361099633,"shared-agency
communicative action mixture (legibility over alternatives)
fromStart"
session_23_player1,sampleJointGoalAndSignal_afterNewGoal,0,0.5,"sampleJointGoal+Signal
afterNewGoal"
session_23_player1,sampleJointGoalAndSignal_afterNewGoal,1,0.7105034318981114,"sampleJointGoal+Signal
afterNewGoal"
session_23_player1,sampleJointGoalAndSignal_afterNewGoal,2,0.7007763023444451,"sampleJointGoal+Signal
afterNewGoal"
session_23_player1,sampleJointGoalAndSignal_afterNewGoal,3,0.7697691473698772,"sampleJointGoal+Signal
afterNewGoal"
session_23_player1,sampleJointGoalAndSignal_afterNewGoal,4,0.8463096494543375,"sampleJointGoal+Signal
afterNewGoal"
session_23_player1,sampleJointGoalAndSignal_afterNewGoal,5,0.8068982570066467,"sampleJointGoal+Signal
afterNewGoal"
session_23_player1,sampleJointGoalAndSignal_fromStart,0,0.5,"sampleJointGoal+Signal
fromStart"
session_23_player1,sampleJointGoalAndSignal_fromStart,1,0.668063506630492,"sampleJointGoal+Signal
fromStart"
session_23_player1,sampleJointGoalAndSignal_fromStart,2,0.9312150688224279,"sampleJointGoal+Signal
fromStart"
session_23_player1,sampleJointGoalAndSignal_fromStart,3,0.9619050854514023,"sampleJointGoal+Signal
fromStart"
session_23_player1,sampleJointGoalAndSignal_fromStart,4,0.9773373952342592,"sampleJointGoal+Signal
fromStart"
session_23_player1,sampleJointGoalAndSignal_fromStart,5,0.9883851590288537,"sampleJointGoal+Signal
fromStart"
session_23_player1,sampleJointGoal_afterNewGoal,0,0.5,"sampleJointGoal
afterNewGoal"
session_23_player1,sampleJointGoal_afterNewGoal,1,0.870201475712242,"sampleJointGoal
afterNewGoal"
session_23_player1,sampleJointGoal_afterNewGoal,2,0.8714754072259174,"sampleJointGoal
afterNewGoal"
session_23_player1,sampleJointGoal_afterNewGoal,3,0.871801771511641,"sampleJointGoal
afterNewGoal"
session_23_player1,sampleJointGoal_afterNewGoal,4,0.8437192136108835,"sampleJointGoal
afterNewGoal"
session_23_player1,sampleJointGoal_afterNewGoal,5,0.8864536171913427,"sampleJointGoal
afterNewGoal"
session_23_player1,samplePosteriorOnlyGoalAndSignal_fromStart,0,0.5,"samplePosteriorOnlyGoal+Signal
fromStart"
session_23_player1,samplePosteriorOnlyGoalAndSignal_fromStart,1,0.6466862827747932,"samplePosteriorOnlyGoal+Signal
fromStart"
session_23_player1,samplePosteriorOnlyGoalAndSignal_fromStart,2,0.5672301119097716,"samplePosteriorOnlyGoal+Signal
fromStart"
session_23_player1,samplePosteriorOnlyGoalAndSignal_fromStart,3,0.7057076151060532,"samplePosteriorOnlyGoal+Signal
fromStart"
session_23_player1,samplePosteriorOnlyGoalAndSignal_fromStart,4,0.7308431624976073,"samplePosteriorOnlyGoal+Signal
fromStart"
session_23_player1,samplePosteriorOnlyGoalAndSignal_fromStart,5,0.7595264557882861,"samplePosteriorOnlyGoal+Signal
fromStart"
session_23_player2,TwoStageSignalAgent_sigmoidThreshold,0,0.5,"TwoStageSignal
sigmoidThreshold"
session_23_player2,TwoStageSignalAgent_sigmoidThreshold,1,0.6572903111481726,"TwoStageSignal
sigmoidThreshold"
session_23_player2,TwoStageSignalAgent_sigmoidThreshold,2,0.779569943568425,"TwoStageSignal
sigmoidThreshold"
session_23_player2,TwoStageSignalAgent_sigmoidThreshold,3,0.9344453873912979,"TwoStageSignal
sigmoidThreshold"
session_23_player2,TwoStageSignalAgent_sigmoidThreshold,4,0.918254526475389,"TwoStageSignal
sigmoidThreshold"
session_23_player2,TwoStageSignalAgent_sigmoidThreshold,5,0.8882146802239655,"TwoStageSignal
sigmoidThreshold"
session_23_player2,sampleJointGoalAndRSASignal_fromStart,0,0.5,"shared-agency
communicative action mixture (legibility over alternatives)
fromStart"
session_23_player2,sampleJointGoalAndRSASignal_fromStart,1,0.7999484419470865,"shared-agency
communicative action mixture (legibility over alternatives)
fromStart"
session_23_player2,sampleJointGoalAndRSASignal_fromStart,2,0.9250824758495018,"shared-agency
communicative action mixture (legibility over alternatives)
fromStart"
session_23_player2,sampleJointGoalAndRSASignal_fromStart,3,0.9277934441061083,"shared-agency
communicative action mixture (legibility over alternatives)
fromStart"
session_23_player2,sampleJointGoalAndRSASignal_fromStart,4,0.9288464047095222,"shared-agency
communicative action mixture (legibility over alternatives)
fromStart"
session_23_player2,sampleJointGoalAndRSASignal_fromStart,5,0.934111838826361,"shared-agency
communicative action mixture (legibility over alternatives)
fromStart"
session_23_player2,sampleJointGoalAndSignal_afterNewGoal,0,0.5,"sampleJointGoal+Signal
afterNewGoal"
session_23_player2,sampleJointGoalAndSignal_afterNewGoal,1,0.6857704862359998,"sampleJointGoal+Signal
afterNewGoal"
session_23_player2,sampleJointGoalAndSignal_afterNewGoal,2,0.7988273241238038,"sampleJointGoal+Signal
afterNewGoal"
session_23_player2,sampleJointGoalAndSignal_afterNewGoal,3,0.8155260264506129,"sampleJointGoal+Signal
afterNewGoal"
session_23_player2,sampleJointGoalAndSignal_afterNewGoal,4,0.7970534638443231,"sampleJointGoal+Signal
afterNewGoal"
session_23_player2,sampleJointGoalAndSignal_afterNewGoal,5,0.8813697235396447,"sampleJointGoal+Signal
afterNewGoal"
session_23_player2,sampleJointGoalAndSignal_fromStart,0,0.5,"sampleJointGoal+Signal
fromStart"
session_23_player2,sampleJointGoalAndSignal_fromStart,1,0.6384466138547582,"sampleJointGoal+Signal
fromStart"
session_23_player2,sampleJointGoalAndSignal_fromStart,2,0.8063100168965113,"sampleJointGoal+Signal
fromStart"
session_23_player2,sampleJointGoalAndSignal_fromStart,3,0.8692589240193942,"sampleJointGoal+Signal
fromStart"
session_23_player2,sampleJointGoalAndSignal_fromStart,4,0.87745709375454,"sampleJointGoal+Signal
fromStart"
session_23_player2,sampleJointGoalAndSignal_fromStart,5,0.8754047401148665,"sampleJointGoal+Signal
fromStart"
session_23_player2,sampleJointGoal_afterNewGoal,0,0.5,"sampleJointGoal
afterNewGoal"
session_23_player2,sampleJointGoal_afterNewGoal,1,0.7973177016688356,"sampleJointGoal
afterNewGoal"
session_23_player2,sampleJointGoal_afterNewGoal,2,0.8140224280105982,"sampleJointGoal
afterNewGoal"
session_23_player2,sampleJointGoal_afterNewGoal,3,0.9348499991921981,"sampleJointGoal
afterNewGoal"
session_23_player2,sampleJointGoal_afterNewGoal,4,0.9220724366511479,"sampleJointGoal
afterNewGoal"
session_23_player2,sampleJointGoal_afterNewGoal,5,0.9997856860277166,"sampleJointGoal
afterNewGoal"
session_23_player2,samplePosteriorOnlyGoalAndSignal_fromStart,0,0.5,"samplePosteriorOnlyGoal+Signal
fromStart"
session_23_player2,samplePosteriorOnlyGoalAndSignal_fromStart,1,0.5836016499603213,"samplePosteriorOnlyGoal+Signal
fromStart"
session_23_player2,samplePosteriorOnlyGoalAndSignal_fromStart,2,0.7466439981590818,"samplePosteriorOnlyGoal+Signal
fromStart"
session_23_player2,samplePosteriorOnlyGoalAndSignal_fromStart,3,0.7885728079334667,"samplePosteriorOnlyGoal+Signal
fromStart"
session_23_player2,samplePosteriorOnlyGoalAndSignal_fromStart,4,0.8579983015525487,"samplePosteriorOnlyGoal+Signal
fromStart"
session_23_player2,samplePosteriorOnlyGoalAndSignal_fromStart,5,0.8192137174671544,"samplePosteriorOnlyGoal+Signal
fromStart"
session_24_player1,TwoStageSignalAgent_sigmoidThreshold,0,0.5,"TwoStageSignal
sigmoidThreshold"
session_24_player1,TwoStageSignalAgent_sigmoidThreshold,1,0.8263841030820084,"TwoStageSignal
sigmoidThreshold"
session_24_player1,TwoStageSignalAgent_sigmoidThreshold,2,0.8621160533391312,"TwoStageSignal
sigmoidThreshold"
session_24_player1,TwoStageSignalAgent_sigmoidThreshold,3,0.9218322140998423,"TwoStageSignal
sigmoidThreshold"
session_24_player1,TwoStageSignalAgent_sigmoidThreshold,4,0.9377449474487072,"TwoStageSignal
sigmoidThreshold"
session_24_player1,TwoStageSignalAgent_sigmoidThreshold,5,0.9312916572648509,"TwoStageSignal
sigmoidThreshold"
session_24_player1,sampleJointGoalAndRSASignal_fromStart,0,0.5,"shared-agency
communicative action mixture (legibility over alternatives)
fromStart"
session_24_player1,sampleJointGoalAndRSASignal_fromStart,1,0.650492555168498,"shared-agency
communicative action mixture (legibility over alternatives)
fromStart"
session_24_player1,sampleJointGoalAndRSASignal_fromStart,2,0.7349539077089029,"shared-agency
communicative action mixture (legibility over alternatives)
fromStart"
session_24_player1,sampleJointGoalAndRSASignal_fromStart,3,0.7949513850262613,"shared-agency
communicative action mixture (legibility over alternatives)
fromStart"
session_24_player1,sampleJointGoalAndRSASignal_fromStart,4,0.8222704536063334,"shared-agency
communicative action mixture (legibility over alternatives)
fromStart"
session_24_player1,sampleJointGoalAndRSASignal_fromStart,5,0.8917441929819822,"shared-agency
communicative action mixture (legibility over alternatives)
fromStart"
session_24_player1,sampleJointGoalAndSignal_afterNewGoal,0,0.5,"sampleJointGoal+Signal
afterNewGoal"
session_24_player1,sampleJointGoalAndSignal_afterNewGoal,1,0.689341415352713,"sampleJointGoal+Signal
afterNewGoal"
session_24_player1,sampleJointGoalAndSignal_afterNewGoal,2,0.6973823376731935,"sampleJointGoal+Signal
afterNewGoal"
session_24_player1,sampleJointGoalAndSignal_afterNewGoal,3,0.7000044878870413,"sampleJointGoal+Signal
afterNewGoal"
session_24_player1,sampleJointGoalAndSignal_afterNewGoal,4,0.7849043569771519,"sampleJointGoal+Signal
afterNewGoal"
session_24_player1,sampleJointGoalAndSignal_afterNewGoal,5,0.9029930830168631,"sampleJointGoal+Signal
afterNewGoal"
session_24_player1,sampleJointGoalAndSignal_fromStart,0,0.5,"sampleJointGoal+Signal
fromStart"
session_24_player1,sampleJointGoalAndSignal_fromStart,1,0.7484385228602364,"sampleJointGoal+Signal
fromStart"
session_24_player1,sampleJointGoalAndSignal_fromStart,2,0.8853394650003142,"sampleJointGoal+Signal
fromStart"
session_24_player1,sampleJointGoalAndSignal_fromStart,3,0.9186802622536295,"sampleJointGoal+Signal
fromStart"
session_24_player1,sampleJointGoalAndSignal_fromStart,4,0.9055597637207037,"sampleJointGoal+Signal
fromStart"
session_24_player1,sampleJointGoalAndSignal_fromStart,5,0.9999712464524703,"sampleJointGoal+Signal
fromStart"
session_24_player1,sampleJointGoal_afterNewGoal,0,0.5,"sampleJointGoal
afterNewGoal"
session_24_player1,sampleJointGoal_afterNewGoal,1,0.6863364585368258,"sampleJointGoal
afterNewGoal"
session_24_player1,sampleJointGoal_afterNewGoal,2,0.8488518163393184,"sampleJointGoal
afterNewGoal"
session_24_player1,sampleJointGoal_afterNewGoal,3,0.8617221012039112,"sampleJointGoal
afterNewGoal"
session_24_player1,sampleJointGoal_afterNewGoal,4,0.8604945196268985,"sampleJointGoal
afterNewGoal"
session_24_player1,sampleJointGoal_afterNewGoal,5,0.8994918139110445,"sampleJointGoal
afterNewGoal"
session_24_player1,samplePosteriorOnlyGoalAndSignal_fromStart,0,0.5,"samplePosteriorOnlyGoal+Signal
fromStart"
session_24_player1,samplePosteriorOnlyGoalAndSignal_fromStart,1,0.6345894502704379,"samplePosteriorOnlyGoal+Signal
fromStart"
session_24_player1,samplePosteriorOnlyGoalAndSignal_fromStart,2,0.6855668392097487,"samplePosteriorOnlyGoal+Signal
fromStart"
session_24_player1,samplePosteriorOnlyGoalAndSignal_fromStart,3,0.8273082715115971,"samplePosteriorOnlyGoal+Signal
fromStart"
session_24_player1,samplePosteriorOnlyGoalAndSignal_fromStart,4,0.8644959743732227,"samplePosteriorOnlyGoal+Signal
fromStart"
session_24_player1,samplePosteriorOnlyGoalAndSignal_fromStart,5,0.8151539022132692,"samplePosteriorOnlyGoal+Signal
fromStart"
session_24_player2,TwoStageSignalAgent_sigmoidThreshold,0,0.5,"TwoStageSignal
sigmoidThreshold"
session_24_player2,TwoStageSignalAgent_sigmoidThreshold,1,0.6896947635138444,"TwoStageSignal
sigmoidThreshold"
session_24_player2,TwoStageSignalAgent_sigmoidThreshold,2,0.8137056600921787,"TwoStageSignal
sigmoidThreshold"
session_24_player2,TwoStageSignalAgent_sigmoidThreshold,3,0.8135679148596044,"TwoStageSignal
sigmoidThreshold"
session_24_player2,TwoStageSignalAgent_sigmoidThreshold,4,0.813220889537758,"TwoStageSignal
sigmoidThreshold"
session_24_player2,TwoStageSignalAgent_sigmoidThreshold,5,0.8133133401407864,"TwoStageSignal
sigmoidThreshold"
session_24_player2,sampleJointGoalAndRSASignal_fromStart,0,0.5,"shared-agency
communicative action mixture (legibility over alternatives)
fromStart"
session_24_player2,sampleJointGoalAndRSASignal_fromStart,1,0.7350512500867643,"shared-agency
communicative action mixture (legibility over alternatives)
fromStart"
session_24_player2,sampleJointGoalAndRSASignal_fromStart,2,0.8327986463728461,"shared-agency
communicative action mixture (legibility over alternatives)
fromStart"
session_24_player2,sampleJointGoalAndRSASignal_fromStart,3,0.8894665438561772,"shared-agency
communicative action mixture (legibility over alternatives)
fromStart"
session_24_player2,sampleJointGoalAndRSASignal_fromStart,4,0.8899810661835486,"shared-agency
communicative action mixture (legibility over alternatives)
fromStart"
session_24_player2,sampleJointGoalAndRSASignal_fromStart,5,0.8963974747969954,"shared-agency
communicative action mixture (legibility over alternatives)
fromStart"
session_24_player2,sampleJointGoalAndSignal_afterNewGoal,0,0.5,"sampleJointGoal+Signal
afterNewGoal"
session_24_player2,sampleJointGoalAndSignal_afterNewGoal,1,0.6231555548057992,"sampleJointGoal+Signal
afterNewGoal"
session_24_player2,sampleJointGoalAndSignal_afterNewGoal,2,0.7487879835919995,"sampleJointGoal+Signal
afterNewGoal"
session_24_player2,sampleJointGoalAndSignal_afterNewGoal,3,0.8138009009553733,"sampleJointGoal+Signal
afterNewGoal"
session_24_player2,sampleJointGoalAndSignal_afterNewGoal,4,0.8877710733976113,"sampleJointGoal+Signal
afterNewGoal"
session_24_player2,sampleJointGoalAndSignal_afterNewGoal,5,0.8873715363042936,"sampleJointGoal+Signal
afterNewGoal"
session_24_player2,sampleJointGoalAndSignal_fromStart,0,0.5,"sampleJointGoal+Signal
fromStart"
session_24_player2,sampleJointGoalAndSignal_fromStart,1,0.7951546447389144,"sampleJointGoal+Signal
fromStart"
session_24_player2,sampleJointGoalAndSignal_fromStart,2,0.8646753929448647,"sampleJointGoal+Signal
fromStart"
session_24_player2,sampleJointGoalAndSignal_fromStart,3,0.8767088221190943,"sampleJointGoal+Signal
fromStart"
session_24_player2,sampleJointGoalAndSignal_fromStart,4,0.866206819033357,"sampleJointGoal+Signal
fromStart"
session_24_player2,sampleJointGoalAndSignal_fromStart,5,0.8479539608255975,"sampleJointGoal+Signal
fromStart"
session_24_player2,sampleJointGoal_afterNewGoal,0,0.5,"sampleJointGoal
afterNewGoal"
session_24_player2,sampleJointGoal_afterNewGoal,1,0.6821911776673036,"sampleJointGoal
afterNewGoal"
session_24_player2,sampleJointGoal_afterNewGoal,2,0.8030427979990504,"sampleJointGoal
afterNewGoal"
session_24_player2,sampleJointGoal_afterNewGoal,3,0.8221229851678824,"sampleJointGoal
afterNewGoal"
session_24_player2,sampleJointGoal_afterNewGoal,4,0.8745935735188093,"sampleJointGoal
afterNewGoal"
session_24_player2,sampleJointGoal_afterNewGoal,5,0.9598402802269749,"sampleJointGoal
afterNewGoal"
session_24_player2,samplePosteriorOnlyGoalAndSignal_fromStart,0,0.5,"samplePosteriorOnlyGoal+Signal
fromStart"
session_24_player2,samplePosteriorOnlyGoalAndSignal_fromStart,1,0.8169412121868551,"samplePosteriorOnlyGoal+Signal
fromStart"
session_24_player2,samplePosteriorOnlyGoalAndSignal_fromStart,2,0.8247145610192574,"samplePosteriorOnlyGoal+Signal
fromStart"
session_24_player2,samplePosteriorOnlyGoalAndSignal_fromStart,3,0.8758976957196126,"samplePosteriorOnlyGoal+Signal
fromStart"
session_24_player2,samplePosteriorOnlyGoalAndSignal_fromStart,4,0.8628674969601487,"samplePosteriorOnlyGoal+Signal
fromStart"
session_24_player2,samplePosteriorOnlyGoalAndSignal_fromStart,5,0.862959656860087,"samplePosteriorOnlyGoal+Signal
fromStart"
session_25_player1,TwoStageSignalAgent_sigmoidThreshold,0,0.5,"TwoStageSignal
sigmoidThreshold"
session_25_player1,TwoStageSignalAgent_sigmoidThreshold,1,0.8480731109879549,"TwoStageSignal
sigmoidThreshold"
session_25_player1,TwoStageSignalAgent_sigmoidThreshold,2,0.8321351400730813,"TwoStageSignal
sigmoidThreshold"
session_25_player1,TwoStageSignalAgent_sigmoidThreshold,3,0.8542166789824818,"TwoStageSignal
sigmoidThreshold"
session_25_player1,TwoStageSignalAgent_sigmoidThreshold,4,0.8591038112417674,"TwoStageSignal
sigmoidThreshold"
session_25_player1,TwoStageSignalAgent_sigmoidThreshold,5,0.8372791147457731,"TwoStageSignal
sigmoidThreshold"
session_25_player1,sampleJointGoalAndRSASignal_fromStart,0,0.5,"shared-agency
communicative action mixture (legibility over alternatives)
fromStart"
session_25_player1,sampleJointGoalAndRSASignal_fromStart,1,0.554938837958106,"shared-agency
communicative action mixture (legibility over alternatives)
fromStart"
session_25_player1,sampleJointGoalAndRSASignal_fromStart,2,0.6106213907927953,"shared-agency
communicative action mixture (legibility over alternatives)
fromStart"
session_25_player1,sampleJointGoalAndRSASignal_fromStart,3,0.7322475688615594,"shared-agency
communicative action mixture (legibility over alternatives)
fromStart"
session_25_player1,sampleJointGoalAndRSASignal_fromStart,4,0.8344306868920007,"shared-agency
communicative action mixture (legibility over alternatives)
fromStart"
session_25_player1,sampleJointGoalAndRSASignal_fromStart,5,0.8180241536614954,"shared-agency
communicative action mixture (legibility over alternatives)
fromStart"
session_25_player1,sampleJointGoalAndSignal_afterNewGoal,0,0.5,"sampleJointGoal+Signal
afterNewGoal"
session_25_player1,sampleJointGoalAndSignal_afterNewGoal,1,0.7921690119058197,"sampleJointGoal+Signal
afterNewGoal"
session_25_player1,sampleJointGoalAndSignal_afterNewGoal,2,0.8308287712520731,"sampleJointGoal+Signal
afterNewGoal"
session_25_player1,sampleJointGoalAndSignal_afterNewGoal,3,0.8596838993971371,"sampleJointGoal+Signal
afterNewGoal"
session_25_player1,sampleJointGoalAndSignal_afterNewGoal,4,0.9369818819931832,"sampleJointGoal+Signal
afterNewGoal"
session_25_player1,sampleJointGoalAndSignal_afterNewGoal,5,0.8492584413483173,"sampleJointGoal+Signal
afterNewGoal"
session_25_player1,sampleJointGoalAndSignal_fromStart,0,0.5,"sampleJointGoal+Signal
fromStart"
session_25_player1,sampleJointGoalAndSignal_fromStart,1,0.6783248387872535,"sampleJointGoal+Signal
fromStart"
session_25_player1,sampleJointGoalAndSignal_fromStart,2,0.7487639471634437,"sampleJointGoal+Signal
fromStart"
session_25_player1,sampleJointGoalAndSignal_fromStart,3,0.802096621704283,"sampleJointGoal+Signal
fromStart"
session_25_player1,sampleJointGoalAndSignal_fromStart,4,0.8752990890734393,"sampleJointGoal+Signal
fromStart"
session_25_player1,sampleJointGoalAndSignal_fromStart,5,0.8658585066395714,"sampleJointGoal+Signal
fromStart"
session_25_player1,sampleJointGoal_afterNewGoal,0,0.5,"sampleJointGoal
afterNewGoal"
session_25_player1,sampleJointGoal_afterNewGoal,1,0.6843118132586309,"sampleJointGoal
afterNewGoal"
session_25_player1,sampleJointGoal_afterNewGoal,2,0.7444770720607523,"sampleJointGoal
afterNewGoal"
session_25_player1,sampleJointGoal_afterNewGoal,3,0.7515774987927373,"sampleJointGoal
afterNewGoal"
session_25_player1,sampleJointGoal_afterNewGoal,4,0.8227952731592952,"sampleJointGoal
afterNewGoal"
session_25_player1,sampleJointGoal_afterNewGoal,5,0.913073015049785,"sampleJointGoal
afterNewGoal"
session_25_player1,samplePosteriorOnlyGoalAndSignal_fromStart,0,0.5,"samplePosteriorOnlyGoal+Signal
fromStart"
session_25_player1,samplePosteriorOnlyGoalAndSignal_fromStart,1,0.8021221194964837,"samplePosteriorOnlyGoal+Signal
fromStart"
session_25_player1,samplePosteriorOnlyGoalAndSignal_fromStart,2,0.94946889262947,"samplePosteriorOnlyGoal+Signal
fromStart"
session_25_player1,samplePosteriorOnlyGoalAndSignal_fromStart,3,0.9288722804671641,"samplePosteriorOnlyGoal+Signal
fromStart"
session_25_player1,samplePosteriorOnlyGoalAndSignal_fromStart,4,0.9999742268159129,"samplePosteriorOnlyGoal+Signal
fromStart"
session_25_player1,samplePosteriorOnlyGoalAndSignal_fromStart,5,0.9999905956065358,"samplePosteriorOnlyGoal+Signal
fromStart"
session_25_player2,TwoStageSignalAgent_sigmoidThreshold,0,0.5,"TwoStageSignal
sigmoidThreshold"
session_25_player2,TwoStageSignalAgent_sigmoidThreshold,1,0.5712002923035363,"TwoStageSignal
sigmoidThreshold"
session_25_player2,TwoStageSignalAgent_sigmoidThreshold,2,0.642225236604561,"TwoStageSignal
sigmoidThreshold"
session_25_player2,TwoStageSignalAgent_sigmoidThreshold,3,0.6414089152076993,"TwoStageSignal
sigmoidThreshold"
session_25_player2,TwoStageSignalAgent_sigmoidThreshold,4,0.8540431894159414,"TwoStageSignal
sigmoidThreshold"
session_25_player2,TwoStageSignalAgent_sigmoidThreshold,5,0.9306562370217792,"TwoStageSignal
sigmoidThreshold"
session_25_player2,sampleJointGoalAndRSASignal_fromStart,0,0.5,"shared-agency
communicative action mixture (legibility over alternatives)
fromStart"
session_25_player2,sampleJointGoalAndRSASignal_fromStart,1,0.5642613445833738,"shared-agency
communicative action mixture (legibility over alternatives)
fromStart"
session_25_player2,sampleJointGoalAndRSASignal_fromStart,2,0.6257365349250488,"shared-agency
communicative action mixture (legibility over alternatives)
fromStart"
session_25_player2,sampleJointGoalAndRSASignal_fromStart,3,0.60192422345794,"shared-agency
communicative action mixture (legibility over alternatives)
fromStart"
session_25_player2,sampleJointGoalAndRSASignal_fromStart,4,0.6450423018071336,"shared-agency
communicative action mixture (legibility over alternatives)
fromStart"
session_25_player2,sampleJointGoalAndRSASignal_fromStart,5,0.6923344092427759,"shared-agency
communicative action mixture (legibility over alternatives)
fromStart"
session_25_player2,sampleJointGoalAndSignal_afterNewGoal,0,0.5,"sampleJointGoal+Signal
afterNewGoal"
session_25_player2,sampleJointGoalAndSignal_afterNewGoal,1,0.7467737142095522,"sampleJointGoal+Signal
afterNewGoal"
session_25_player2,sampleJointGoalAndSignal_afterNewGoal,2,0.8095261784129345,"sampleJointGoal+Signal
afterNewGoal"
session_25_player2,sampleJointGoalAndSignal_afterNewGoal,3,0.8265976509159173,"sampleJointGoal+Signal
afterNewGoal"
session_25_player2,sampleJointGoalAndSignal_afterNewGoal,4,0.8740086571860545,"sampleJointGoal+Signal
afterNewGoal"
session_25_player2,sampleJointGoalAndSignal_afterNewGoal,5,0.8825168905780827,"sampleJointGoal+Signal
afterNewGoal"
session_25_player2,sampleJointGoalAndSignal_fromStart,0,0.5,"sampleJointGoal+Signal
fromStart"
session_25_player2,sampleJointGoalAndSignal_fromStart,1,0.7091855276212422,"sampleJointGoal+Signal
fromStart"
session_25_player2,sampleJointGoalAndSignal_fromStart,2,0.8022878104675251,"sampleJointGoal+Signal
fromStart"
session_25_player2,sampleJointGoalAndSignal_fromStart,3,0.8615693771665882,"sampleJointGoal+Signal
fromStart"
session_25_player2,sampleJointGoalAndSignal_fromStart,4,0.8733806851492886,"sampleJointGoal+Signal
fromStart"
session_25_player2,sampleJointGoalAndSignal_fromStart,5,0.8776626401396298,"sampleJointGoal+Signal
fromStart"
session_25_player2,sampleJointGoal_afterNewGoal,0,0.5,"sampleJointGoal
afterNewGoal"
session_25_player2,sampleJointGoal_afterNewGoal,1,0.6696874857818778,"sampleJointGoal
afterNewGoal"
session_25_player2,sampleJointGoal_afterNewGoal,2,0.8029119162576241,"sampleJointGoal
afterNewGoal"
session_25_player2,sampleJointGoal_afterNewGoal,3,0.8125031301845962,"sampleJointGoal
afterNewGoal"
session_25_player2,sampleJointGoal_afterNewGoal,4,0.8751622061282591,"sampleJointGoal
afterNewGoal"
session_25_player2,sampleJointGoal_afterNewGoal,5,0.8666103009293242,"sampleJointGoal
afterNewGoal"
session_25_player2,samplePosteriorOnlyGoalAndSignal_fromStart,0,0.5,"samplePosteriorOnlyGoal+Signal
fromStart"
session_25_player2,samplePosteriorOnlyGoalAndSignal_fromStart,1,0.6249812140680462,"samplePosteriorOnlyGoal+Signal
fromStart"
session_25_player2,samplePosteriorOnlyGoalAndSignal_fromStart,2,0.6274268264803138,"samplePosteriorOnlyGoal+Signal
fromStart"
session_25_player2,samplePosteriorOnlyGoalAndSignal_fromStart,3,0.6896344747147545,"samplePosteriorOnlyGoal+Signal
fromStart"
session_25_player2,samplePosteriorOnlyGoalAndSignal_fromStart,4,0.7735982083309882,"samplePosteriorOnlyGoal+Signal
fromStart"
session_25_player2,samplePosteriorOnlyGoalAndSignal_fromStart,5,0.9036844783576624,"samplePosteriorOnlyGoal+Signal
fromStart"
session_26_player1,TwoStageSignalAgent_sigmoidThreshold,0,0.5,"TwoStageSignal
sigmoidThreshold"
session_26_player1,TwoStageSignalAgent_sigmoidThreshold,1,0.6128755705275711,"TwoStageSignal
sigmoidThreshold"
session_26_player1,TwoStageSignalAgent_sigmoidThreshold,2,0.7212415494375871,"TwoStageSignal
sigmoidThreshold"
session_26_player1,TwoStageSignalAgent_sigmoidThreshold,3,0.8107269176664695,"TwoStageSignal
sigmoidThreshold"
session_26_player1,TwoStageSignalAgent_sigmoidThreshold,4,0.8272348138708018,"TwoStageSignal
sigmoidThreshold"
session_26_player1,TwoStageSignalAgent_sigmoidThreshold,5,0.8352086727370328,"TwoStageSignal
sigmoidThreshold"
session_26_player1,sampleJointGoalAndRSASignal_fromStart,0,0.5,"shared-agency
communicative action mixture (legibility over alternatives)
fromStart"
session_26_player1,sampleJointGoalAndRSASignal_fromStart,1,0.5323634443414578,"shared-agency
communicative action mixture (legibility over alternatives)
fromStart"
session_26_player1,sampleJointGoalAndRSASignal_fromStart,2,0.5702945252427069,"shared-agency
communicative action mixture (legibility over alternatives)
fromStart"
session_26_player1,sampleJointGoalAndRSASignal_fromStart,3,0.572333956556742,"shared-agency
communicative action mixture (legibility over alternatives)
fromStart"
session_26_player1,sampleJointGoalAndRSASignal_fromStart,4,0.6442906892605427,"shared-agency
communicative action mixture (legibility over alternatives)
fromStart"
session_26_player1,sampleJointGoalAndRSASignal_fromStart,5,0.865028245753347,"shared-agency
communicative action mixture (legibility over alternatives)
fromStart"
session_26_player1,sampleJointGoalAndSignal_afterNewGoal,0,0.5,"sampleJointGoal+Signal
afterNewGoal"
session_26_player1,sampleJointGoalAndSignal_afterNewGoal,1,0.6152111711259327,"sampleJointGoal+Signal
afterNewGoal"
session_26_player1,sampleJointGoalAndSignal_afterNewGoal,2,0.6921664011606652,"sampleJointGoal+Signal
afterNewGoal"
session_26_player1,sampleJointGoalAndSignal_afterNewGoal,3,0.6816089374020681,"sampleJointGoal+Signal
afterNewGoal"
session_26_player1,sampleJointGoalAndSignal_afterNewGoal,4,0.8178165255136549,"sampleJointGoal+Signal
afterNewGoal"
session_26_player1,sampleJointGoalAndSignal_afterNewGoal,5,0.8184497261882634,"sampleJointGoal+Signal
afterNewGoal"
session_26_player1,sampleJointGoalAndSignal_fromStart,0,0.5,"sampleJointGoal+Signal
fromStart"
session_26_player1,sampleJointGoalAndSignal_fromStart,1,0.732275570672464,"sampleJointGoal+Signal
fromStart"
session_26_player1,sampleJointGoalAndSignal_fromStart,2,0.8857959479005415,"sampleJointGoal+Signal
fromStart"
session_26_player1,sampleJointGoalAndSignal_fromStart,3,0.9423859710055582,"sampleJointGoal+Signal
fromStart"
session_26_player1,sampleJointGoalAndSignal_fromStart,4,0.9442697194487608,"sampleJointGoal+Signal
fromStart"
session_26_player1,sampleJointGoalAndSignal_fromStart,5,0.999986973610867,"sampleJointGoal+Signal
fromStart"
session_26_player1,sampleJointGoal_afterNewGoal,0,0.5,"sampleJointGoal
afterNewGoal"
session_26_player1,sampleJointGoal_afterNewGoal,1,0.6648017869153808,"sampleJointGoal
afterNewGoal"
session_26_player1,sampleJointGoal_afterNewGoal,2,0.8351277763468393,"sampleJointGoal
afterNewGoal"
session_26_player1,sampleJointGoal_afterNewGoal,3,0.8361780656588254,"sampleJointGoal
afterNewGoal"
session_26_player1,sampleJointGoal_afterNewGoal,4,0.8503873409300361,"sampleJointGoal
afterNewGoal"
session_26_player1,sampleJointGoal_afterNewGoal,5,0.8922826148206219,"sampleJointGoal
afterNewGoal"
session_26_player1,samplePosteriorOnlyGoalAndSignal_fromStart,0,0.5,"samplePosteriorOnlyGoal+Signal
fromStart"
session_26_player1,samplePosteriorOnlyGoalAndSignal_fromStart,1,0.7522265819620407,"samplePosteriorOnlyGoal+Signal
fromStart"
session_26_player1,samplePosteriorOnlyGoalAndSignal_fromStart,2,0.8030403380571044,"samplePosteriorOnlyGoal+Signal
fromStart"
session_26_player1,samplePosteriorOnlyGoalAndSignal_fromStart,3,0.8686302601950848,"samplePosteriorOnlyGoal+Signal
fromStart"
session_26_player1,samplePosteriorOnlyGoalAndSignal_fromStart,4,0.9149772848341201,"samplePosteriorOnlyGoal+Signal
fromStart"
session_26_player1,samplePosteriorOnlyGoalAndSignal_fromStart,5,0.929717476647779,"samplePosteriorOnlyGoal+Signal
fromStart"
session_26_player2,TwoStageSignalAgent_sigmoidThreshold,0,0.5,"TwoStageSignal
sigmoidThreshold"
session_26_player2,TwoStageSignalAgent_sigmoidThreshold,1,0.6230536925556768,"TwoStageSignal
sigmoidThreshold"
session_26_player2,TwoStageSignalAgent_sigmoidThreshold,2,0.8547539498101744,"TwoStageSignal
sigmoidThreshold"
session_26_player2,TwoStageSignalAgent_sigmoidThreshold,3,0.8556584114618316,"TwoStageSignal
sigmoidThreshold"
session_26_player2,TwoStageSignalAgent_sigmoidThreshold,4,0.875216554960866,"TwoStageSignal
sigmoidThreshold"
session_26_player2,TwoStageSignalAgent_sigmoidThreshold,5,0.8615413255987425,"TwoStageSignal
sigmoidThreshold"
session_26_player2,sampleJointGoalAndRSASignal_fromStart,0,0.5,"shared-agency
communicative action mixture (legibility over alternatives)
fromStart"
session_26_player2,sampleJointGoalAndRSASignal_fromStart,1,0.7145080914376148,"shared-agency
communicative action mixture (legibility over alternatives)
fromStart"
session_26_player2,sampleJointGoalAndRSASignal_fromStart,2,0.9211057974822109,"shared-agency
communicative action mixture (legibility over alternatives)
fromStart"
session_26_player2,sampleJointGoalAndRSASignal_fromStart,3,0.8987658147621634,"shared-agency
communicative action mixture (legibility over alternatives)
fromStart"
session_26_player2,sampleJointGoalAndRSASignal_fromStart,4,0.8814829524267369,"shared-agency
communicative action mixture (legibility over alternatives)
fromStart"
session_26_player2,sampleJointGoalAndRSASignal_fromStart,5,0.9999349585578817,"shared-agency
communicative action mixture (legibility over alternatives)
fromStart"
session_26_player2,sampleJointGoalAndSignal_afterNewGoal,0,0.5,"sampleJointGoal+Signal
afterNewGoal"
session_26_player2,sampleJointGoalAndSignal_afterNewGoal,1,0.6328192121052737,"sampleJointGoal+Signal
afterNewGoal"
session_26_player2,sampleJointGoalAndSignal_afterNewGoal,2,0.6948792329527326,"sampleJointGoal+Signal
afterNewGoal"
session_26_player2,sampleJointGoalAndSignal_afterNewGoal,3,0.8287528640012556,"sampleJointGoal+Signal
afterNewGoal"
session_26_player2,sampleJointGoalAndSignal_afterNewGoal,4,0.8027464686635013,"sampleJointGoal+Signal
afterNewGoal"
session_26_player2,sampleJointGoalAndSignal_afterNewGoal,5,0.9060314731641154,"sampleJointGoal+Signal
afterNewGoal"
session_26_player2,sampleJointGoalAndSignal_fromStart,0,0.5,"sampleJointGoal+Signal
fromStart"
session_26_player2,sampleJointGoalAndSignal_fromStart,1,0.8297574174017547,"sampleJointGoal+Signal
fromStart"
session_26_player2,sampleJointGoalAndSignal_fromStart,2,0.893956483895551,"sampleJointGoal+Signal
fromStart"
session_26_player2,sampleJointGoalAndSignal_fromStart,3,0.8353482117836871,"sampleJointGoal+Signal
fromStart"
session_26_player2,sampleJointGoalAndSignal_fromStart,4,0.9299674729092189,"sampleJointGoal+Signal
fromStart"
session_26_player2,sampleJointGoalAndSignal_fromStart,5,0.9489227806782254,"sampleJointGoal+Signal
fromStart"
session_26_player2,sampleJointGoal_afterNewGoal,0,0.5,"sampleJointGoal
afterNewGoal"
session_26_player2,sampleJointGoal_afterNewGoal,1,0.7875210820885856,"sampleJointGoal
afterNewGoal"
session_26_player2,sampleJointGoal_afterNewGoal,2,0.8293503438557307,"sampleJointGoal
afterNewGoal"
session_26_player2,sampleJointGoal_afterNewGoal,3,0.8870231542588533,"sampleJointGoal
afterNewGoal"
session_26_player2,sampleJointGoal_afterNewGoal,4,0.9519775868897106,"sampleJointGoal
afterNewGoal"
session_26_player2,sampleJointGoal_afterNewGoal,5,0.9525833718942871,"sampleJointGoal
afterNewGoal"
session_26_player2,samplePosteriorOnlyGoalAndSignal_fromStart,0,0.5,"samplePosteriorOnlyGoal+Signal
fromStart"
session_26_player2,samplePosteriorOnlyGoalAndSignal_fromStart,1,0.5178179490746707,"samplePosteriorOnlyGoal+Signal
fromStart"
session_26_player2,samplePosteriorOnlyGoalAndSignal_fromStart,2,0.5110604377421493,"samplePosteriorOnlyGoal+Signal
fromStart"
session_26_player2,samplePosteriorOnlyGoalAndSignal_fromStart,3,0.6848841146404381,"samplePosteriorOnlyGoal+Signal
fromStart"
session_26_player2,samplePosteriorOnlyGoalAndSignal_fromStart,4,0.8681536315108795,"samplePosteriorOnlyGoal+Signal
fromStart"
session_26_player2,samplePosteriorOnlyGoalAndSignal_fromStart,5,0.9039264081857816,"samplePosteriorOnlyGoal+Signal
fromStart"
session_27_player1,TwoStageSignalAgent_sigmoidThreshold,0,0.5,"TwoStageSignal
sigmoidThreshold"
session_27_player1,TwoStageSignalAgent_sigmoidThreshold,1,0.8684470068654426,"TwoStageSignal
sigmoidThreshold"
session_27_player1,TwoStageSignalAgent_sigmoidThreshold,2,0.9332072651901318,"TwoStageSignal
sigmoidThreshold"
session_27_player1,TwoStageSignalAgent_sigmoidThreshold,3,0.935210632340949,"TwoStageSignal
sigmoidThreshold"
session_27_player1,TwoStageSignalAgent_sigmoidThreshold,4,0.9339343687131014,"TwoStageSignal
sigmoidThreshold"
session_27_player1,TwoStageSignalAgent_sigmoidThreshold,5,0.9997972343165277,"TwoStageSignal
sigmoidThreshold"
session_27_player1,sampleJointGoalAndRSASignal_fromStart,0,0.5,"shared-agency
communicative action mixture (legibility over alternatives)
fromStart"
session_27_player1,sampleJointGoalAndRSASignal_fromStart,1,0.7128875614494303,"shared-agency
communicative action mixture (legibility over alternatives)
fromStart"
session_27_player1,sampleJointGoalAndRSASignal_fromStart,2,0.7171720841611677,"shared-agency
communicative action mixture (legibility over alternatives)
fromStart"
session_27_player1,sampleJointGoalAndRSASignal_fromStart,3,0.7235789118200736,"shared-agency
communicative action mixture (legibility over alternatives)
fromStart"
session_27_player1,sampleJointGoalAndRSASignal_fromStart,4,0.7234807710712529,"shared-agency
communicative action mixture (legibility over alternatives)
fromStart"
session_27_player1,sampleJointGoalAndRSASignal_fromStart,5,0.7457356642047638,"shared-agency
communicative action mixture (legibility over alternatives)
fromStart"
session_27_player1,sampleJointGoalAndSignal_afterNewGoal,0,0.5,"sampleJointGoal+Signal
afterNewGoal"
session_27_player1,sampleJointGoalAndSignal_afterNewGoal,1,0.718235217724757,"sampleJointGoal+Signal
afterNewGoal"
session_27_player1,sampleJointGoalAndSignal_afterNewGoal,2,0.7209283316817313,"sampleJointGoal+Signal
afterNewGoal"
session_27_player1,sampleJointGoalAndSignal_afterNewGoal,3,0.7229405856330963,"sampleJointGoal+Signal
afterNewGoal"
session_27_player1,sampleJointGoalAndSignal_afterNewGoal,4,0.7840766166725385,"sampleJointGoal+Signal
afterNewGoal"
session_27_player1,sampleJointGoalAndSignal_afterNewGoal,5,0.8737585996476744,"sampleJointGoal+Signal
afterNewGoal"
session_27_player1,sampleJointGoalAndSignal_fromStart,0,0.5,"sampleJointGoal+Signal
fromStart"
session_27_player1,sampleJointGoalAndSignal_fromStart,1,0.7442478135456524,"sampleJointGoal+Signal
fromStart"
session_27_player1,sampleJointGoalAndSignal_fromStart,2,0.877871133105556,"sampleJointGoal+Signal
fromStart"
session_27_player1,sampleJointGoalAndSignal_fromStart,3,0.9527602741433444,"sampleJointGoal+Signal
fromStart"
session_27_player1,sampleJointGoalAndSignal_fromStart,4,0.9970470356956165,"sampleJointGoal+Signal
fromStart"
session_27_player1,sampleJointGoalAndSignal_fromStart,5,0.9999906234577676,"sampleJointGoal+Signal
fromStart"
session_27_player1,sampleJointGoal_afterNewGoal,0,0.5,"sampleJointGoal
afterNewGoal"
session_27_player1,sampleJointGoal_afterNewGoal,1,0.7449880933656204,"sampleJointGoal
afterNewGoal"
session_27_player1,sampleJointGoal_afterNewGoal,2,0.8296358681156942,"sampleJointGoal
afterNewGoal"
session_27_player1,sampleJointGoal_afterNewGoal,3,0.8296891685041549,"sampleJointGoal
afterNewGoal"
session_27_player1,sampleJointGoal_afterNewGoal,4,0.8185003958626762,"sampleJointGoal
afterNewGoal"
session_27_player1,sampleJointGoal_afterNewGoal,5,0.8395364143911973,"sampleJointGoal
afterNewGoal"
session_27_player1,samplePosteriorOnlyGoalAndSignal_fromStart,0,0.5,"samplePosteriorOnlyGoal+Signal
fromStart"
session_27_player1,samplePosteriorOnlyGoalAndSignal_fromStart,1,0.7652390382835055,"samplePosteriorOnlyGoal+Signal
fromStart"
session_27_player1,samplePosteriorOnlyGoalAndSignal_fromStart,2,0.7429962455105922,"samplePosteriorOnlyGoal+Signal
fromStart"
session_27_player1,samplePosteriorOnlyGoalAndSignal_fromStart,3,0.8640658545515641,"samplePosteriorOnlyGoal+Signal
fromStart"
session_27_player1,samplePosteriorOnlyGoalAndSignal_fromStart,4,0.9191701996955808,"samplePosteriorOnlyGoal+Signal
fromStart"
session_27_player1,samplePosteriorOnlyGoalAndSignal_fromStart,5,0.9537719851893828,"samplePosteriorOnlyGoal+Signal
fromStart"
session_27_player2,TwoStageSignalAgent_sigmoidThreshold,0,0.5,"TwoStageSignal
sigmoidThreshold"
session_27_player2,TwoStageSignalAgent_sigmoidThreshold,1,0.6883330439897474,"TwoStageSignal
sigmoidThreshold"
session_27_player2,TwoStageSignalAgent_sigmoidThreshold,2,0.7493829796605713,"TwoStageSignal
sigmoidThreshold"
session_27_player2,TwoStageSignalAgent_sigmoidThreshold,3,0.7487443871632256,"TwoStageSignal
sigmoidThreshold"
session_27_player2,TwoStageSignalAgent_sigmoidThreshold,4,0.8600203172485734,"TwoStageSignal
sigmoidThreshold"
session_27_player2,TwoStageSignalAgent_sigmoidThreshold,5,0.864979103408175,"TwoStageSignal
sigmoidThreshold"
session_27_player2,sampleJointGoalAndRSASignal_fromStart,0,0.5,"shared-agency
communicative action mixture (legibility over alternatives)
fromStart"
session_27_player2,sampleJointGoalAndRSASignal_fromStart,1,0.6295825497363519,"shared-agency
communicative action mixture (legibility over alternatives)
fromStart"
session_27_player2,sampleJointGoalAndRSASignal_fromStart,2,0.6920165495181363,"shared-agency
communicative action mixture (legibility over alternatives)
fromStart"
session_27_player2,sampleJointGoalAndRSASignal_fromStart,3,0.7939706010392505,"shared-agency
communicative action mixture (legibility over alternatives)
fromStart"
session_27_player2,sampleJointGoalAndRSASignal_fromStart,4,0.7511920300864624,"shared-agency
communicative action mixture (legibility over alternatives)
fromStart"
session_27_player2,sampleJointGoalAndRSASignal_fromStart,5,0.8652558381153262,"shared-agency
communicative action mixture (legibility over alternatives)
fromStart"
session_27_player2,sampleJointGoalAndSignal_afterNewGoal,0,0.5,"sampleJointGoal+Signal
afterNewGoal"
session_27_player2,sampleJointGoalAndSignal_afterNewGoal,1,0.5812606197019544,"sampleJointGoal+Signal
afterNewGoal"
session_27_player2,sampleJointGoalAndSignal_afterNewGoal,2,0.7761113553616538,"sampleJointGoal+Signal
afterNewGoal"
session_27_player2,sampleJointGoalAndSignal_afterNewGoal,3,0.9397603613863499,"sampleJointGoal+Signal
afterNewGoal"
session_27_player2,sampleJointGoalAndSignal_afterNewGoal,4,0.9228303391791888,"sampleJointGoal+Signal
afterNewGoal"
session_27_player2,sampleJointGoalAndSignal_afterNewGoal,5,0.9472964208796765,"sampleJointGoal+Signal
afterNewGoal"
session_27_player2,sampleJointGoalAndSignal_fromStart,0,0.5,"sampleJointGoal+Signal
fromStart"
session_27_player2,sampleJointGoalAndSignal_fromStart,1,0.7026667981861509,"sampleJointGoal+Signal
fromStart"
session_27_player2,sampleJointGoalAndSignal_fromStart,2,0.7475474026398513,"sampleJointGoal+Signal
fromStart"
session_27_player2,sampleJointGoalAndSignal_fromStart,3,0.8130025921734528,"sampleJointGoal+Signal
fromStart"
session_27_player2,sampleJointGoalAndSignal_fromStart,4,0.8145592339357133,"sampleJointGoal+Signal
fromStart"
session_27_player2,sampleJointGoalAndSignal_fromStart,5,0.8787265398236577,"sampleJointGoal+Signal
fromStart"
session_27_player2,sampleJointGoal_afterNewGoal,0,0.5,"sampleJointGoal
afterNewGoal"
session_27_player2,sampleJointGoal_afterNewGoal,1,0.7455718469304503,"sampleJointGoal
afterNewGoal"
session_27_player2,sampleJointGoal_afterNewGoal,2,0.7486586586714911,"sampleJointGoal
afterNewGoal"
session_27_player2,sampleJointGoal_afterNewGoal,3,0.8423185623421366,"sampleJointGoal
afterNewGoal"
session_27_player2,sampleJointGoal_afterNewGoal,4,0.8510294929073544,"sampleJointGoal
afterNewGoal"
session_27_player2,sampleJointGoal_afterNewGoal,5,0.8687339970496994,"sampleJointGoal
afterNewGoal"
session_27_player2,samplePosteriorOnlyGoalAndSignal_fromStart,0,0.5,"samplePosteriorOnlyGoal+Signal
fromStart"
session_27_player2,samplePosteriorOnlyGoalAndSignal_fromStart,1,0.5540440091137017,"samplePosteriorOnlyGoal+Signal
fromStart"
session_27_player2,samplePosteriorOnlyGoalAndSignal_fromStart,2,0.7255564233278853,"samplePosteriorOnlyGoal+Signal
fromStart"
session_27_player2,samplePosteriorOnlyGoalAndSignal_fromStart,3,0.7048106797393223,"samplePosteriorOnlyGoal+Signal
fromStart"
session_27_player2,samplePosteriorOnlyGoalAndSignal_fromStart,4,0.8865952500451628,"samplePosteriorOnlyGoal+Signal
fromStart"
session_27_player2,samplePosteriorOnlyGoalAndSignal_fromStart,5,0.948236782900831,"samplePosteriorOnlyGoal+Signal
fromStart"
session_28_player1,TwoStageSignalAgent_sigmoidThreshold,0,0.5,"TwoStageSignal
sigmoidThreshold"
session_28_player1,TwoStageSignalAgent_sigmoidThreshold,1,0.6582895657599197,"TwoStageSignal
sigmoidThreshold"
session_28_player1,TwoStageSignalAgent_sigmoidThreshold,2,0.7856494501690989,"TwoStageSignal
sigmoidThreshold"
session_28_player1,TwoStageSignalAgent_sigmoidThreshold,3,0.7732875155416787,"TwoStageSignal
sigmoidThreshold"
session_28_player1,TwoStageSignalAgent_sigmoidThreshold,4,0.8651805400694296,"TwoStageSignal
sigmoidThreshold"
session_28_player1,TwoStageSignalAgent_sigmoidThreshold,5,0.8305857389438984,"TwoStageSignal
sigmoidThreshold"
session_28_player1,sampleJointGoalAndRSASignal_fromStart,0,0.5,"shared-agency
communicative action mixture (legibility over alternatives)
fromStart"
session_28_player1,sampleJointGoalAndRSASignal_fromStart,1,0.6893530609695298,"shared-agency
communicative action mixture (legibility over alternatives)
fromStart"
session_28_player1,sampleJointGoalAndRSASignal_fromStart,2,0.6845854765822533,"shared-agency
communicative action mixture (legibility over alternatives)
fromStart"
session_28_player1,sampleJointGoalAndRSASignal_fromStart,3,0.7785010237837595,"shared-agency
communicative action mixture (legibility over alternatives)
fromStart"
session_28_player1,sampleJointGoalAndRSASignal_fromStart,4,0.8007843280838912,"shared-agency
communicative action mixture (legibility over alternatives)
fromStart"
session_28_player1,sampleJointGoalAndRSASignal_fromStart,5,0.9351647455521777,"shared-agency
communicative action mixture (legibility over alternatives)
fromStart"
session_28_player1,sampleJointGoalAndSignal_afterNewGoal,0,0.5,"sampleJointGoal+Signal
afterNewGoal"
session_28_player1,sampleJointGoalAndSignal_afterNewGoal,1,0.6526321221085604,"sampleJointGoal+Signal
afterNewGoal"
session_28_player1,sampleJointGoalAndSignal_afterNewGoal,2,0.7754606637878774,"sampleJointGoal+Signal
afterNewGoal"
session_28_player1,sampleJointGoalAndSignal_afterNewGoal,3,0.8741424050536007,"sampleJointGoal+Signal
afterNewGoal"
session_28_player1,sampleJointGoalAndSignal_afterNewGoal,4,0.885432939397802,"sampleJointGoal+Signal
afterNewGoal"
session_28_player1,sampleJointGoalAndSignal_afterNewGoal,5,0.8981298637370765,"sampleJointGoal+Signal
afterNewGoal"
session_28_player1,sampleJointGoalAndSignal_fromStart,0,0.5,"sampleJointGoal+Signal
fromStart"
session_28_player1,sampleJointGoalAndSignal_fromStart,1,0.6598495040404861,"sampleJointGoal+Signal
fromStart"
session_28_player1,sampleJointGoalAndSignal_fromStart,2,0.804148334421712,"sampleJointGoal+Signal
fromStart"
session_28_player1,sampleJointGoalAndSignal_fromStart,3,0.8594903584612886,"sampleJointGoal+Signal
fromStart"
session_28_player1,sampleJointGoalAndSignal_fromStart,4,0.9368952397830907,"sampleJointGoal+Signal
fromStart"
session_28_player1,sampleJointGoalAndSignal_fromStart,5,0.9428447300989894,"sampleJointGoal+Signal
fromStart"
session_28_player1,sampleJointGoal_afterNewGoal,0,0.5,"sampleJointGoal
afterNewGoal"
session_28_player1,sampleJointGoal_afterNewGoal,1,0.7499487410393169,"sampleJointGoal
afterNewGoal"
session_28_player1,sampleJointGoal_afterNewGoal,2,0.7510079876183282,"sampleJointGoal
afterNewGoal"
session_28_player1,sampleJointGoal_afterNewGoal,3,0.8230095101702719,"sampleJointGoal
afterNewGoal"
session_28_player1,sampleJointGoal_afterNewGoal,4,0.8752835809014506,"sampleJointGoal
afterNewGoal"
session_28_player1,sampleJointGoal_afterNewGoal,5,0.8576313695388578,"sampleJointGoal
afterNewGoal"
session_28_player1,samplePosteriorOnlyGoalAndSignal_fromStart,0,0.5,"samplePosteriorOnlyGoal+Signal
fromStart"
session_28_player1,samplePosteriorOnlyGoalAndSignal_fromStart,1,0.5510565046284818,"samplePosteriorOnlyGoal+Signal
fromStart"
session_28_player1,samplePosteriorOnlyGoalAndSignal_fromStart,2,0.5879160644112746,"samplePosteriorOnlyGoal+Signal
fromStart"
session_28_player1,samplePosteriorOnlyGoalAndSignal_fromStart,3,0.6138739542385857,"samplePosteriorOnlyGoal+Signal
fromStart"
session_28_player1,samplePosteriorOnlyGoalAndSignal_fromStart,4,0.6154825834677065,"samplePosteriorOnlyGoal+Signal
fromStart"
session_28_player1,samplePosteriorOnlyGoalAndSignal_fromStart,5,0.8110369879878313,"samplePosteriorOnlyGoal+Signal
fromStart"
session_28_player2,TwoStageSignalAgent_sigmoidThreshold,0,0.5,"TwoStageSignal
sigmoidThreshold"
session_28_player2,TwoStageSignalAgent_sigmoidThreshold,1,0.6259105960354627,"TwoStageSignal
sigmoidThreshold"
session_28_player2,TwoStageSignalAgent_sigmoidThreshold,2,0.7008482458875088,"TwoStageSignal
sigmoidThreshold"
session_28_player2,TwoStageSignalAgent_sigmoidThreshold,3,0.879043474020369,"TwoStageSignal
sigmoidThreshold"
session_28_player2,TwoStageSignalAgent_sigmoidThreshold,4,0.8665428989990879,"TwoStageSignal
sigmoidThreshold"
session_28_player2,TwoStageSignalAgent_sigmoidThreshold,5,0.8895380167197772,"TwoStageSignal
sigmoidThreshold"
session_28_player2,sampleJointGoalAndRSASignal_fromStart,0,0.5,"shared-agency
communicative action mixture (legibility over alternatives)
fromStart"
session_28_player2,sampleJointGoalAndRSASignal_fromStart,1,0.7588050221706132,"shared-agency
communicative action mixture (legibility over alternatives)
fromStart"
session_28_player2,sampleJointGoalAndRSASignal_fromStart,2,0.9326788447636785,"shared-agency
communicative action mixture (legibility over alternatives)
fromStart"
session_28_player2,sampleJointGoalAndRSASignal_fromStart,3,0.9063529738231776,"shared-agency
communicative action mixture (legibility over alternatives)
fromStart"
session_28_player2,sampleJointGoalAndRSASignal_fromStart,4,0.99915007160012,"shared-agency
communicative action mixture (legibility over alternatives)
fromStart"
session_28_player2,sampleJointGoalAndRSASignal_fromStart,5,0.9999156663684491,"shared-agency
communicative action mixture (legibility over alternatives)
fromStart"
session_28_player2,sampleJointGoalAndSignal_afterNewGoal,0,0.5,"sampleJointGoal+Signal
afterNewGoal"
session_28_player2,sampleJointGoalAndSignal_afterNewGoal,1,0.6822931329283545,"sampleJointGoal+Signal
afterNewGoal"
session_28_player2,sampleJointGoalAndSignal_afterNewGoal,2,0.7332744800734062,"sampleJointGoal+Signal
afterNewGoal"
session_28_player2,sampleJointGoalAndSignal_afterNewGoal,3,0.741528481879608,"sampleJointGoal+Signal
afterNewGoal"
session_28_player2,sampleJointGoalAndSignal_afterNewGoal,4,0.7815880922375684,"sampleJointGoal+Signal
afterNewGoal"
session_28_player2,sampleJointGoalAndSignal_afterNewGoal,5,0.8346094253784507,"sampleJointGoal+Signal
afterNewGoal"
session_28_player2,sampleJointGoalAndSignal_fromStart,0,0.5,"sampleJointGoal+Signal
fromStart"
session_28_player2,sampleJointGoalAndSignal_fromStart,1,0.7742436476368482,"sampleJointGoal+Signal
fromStart"
session_28_player2,sampleJointGoalAndSignal_fromStart,2,0.8876897212425856,"sampleJointGoal+Signal
fromStart"
session_28_player2,sampleJointGoalAndSignal_fromStart,3,0.8988321423562589,"sampleJointGoal+Signal
fromStart"
session_28_player2,sampleJointGoalAndSignal_fromStart,4,0.9452699512850794,"sampleJointGoal+Signal
fromStart"
session_28_player2,sampleJointGoalAndSignal_fromStart,5,0.9455499127190932,"sampleJointGoal+Signal
fromStart"
session_28_player2,sampleJointGoal_afterNewGoal,0,0.5,"sampleJointGoal
afterNewGoal"
session_28_player2,sampleJointGoal_afterNewGoal,1,0.6852972691107769,"sampleJointGoal
afterNewGoal"
session_28_player2,sampleJointGoal_afterNewGoal,2,0.7484743912911612,"sampleJointGoal
afterNewGoal"
session_28_player2,sampleJointGoal_afterNewGoal,3,0.8000496507248156,"sampleJointGoal
afterNewGoal"
session_28_player2,sampleJointGoal_afterNewGoal,4,0.830154691686864,"sampleJointGoal
afterNewGoal"
session_28_player2,sampleJointGoal_afterNewGoal,5,0.8664916080146076,"sampleJointGoal
afterNewGoal"
session_28_player2,samplePosteriorOnlyGoalAndSignal_fromStart,0,0.5,"samplePosteriorOnlyGoal+Signal
fromStart"
session_28_player2,samplePosteriorOnlyGoalAndSignal_fromStart,1,0.5039974718628489,"samplePosteriorOnlyGoal+Signal
fromStart"
session_28_player2,samplePosteriorOnlyGoalAndSignal_fromStart,2,0.7237722109603357,"samplePosteriorOnlyGoal+Signal
fromStart"
session_28_player2,samplePosteriorOnlyGoalAndSignal_fromStart,3,0.6885411135430661,"samplePosteriorOnlyGoal+Signal
fromStart"
session_28_player2,samplePosteriorOnlyGoalAndSignal_fromStart,4,0.662431338241575,"samplePosteriorOnlyGoal+Signal
fromStart"
session_28_player2,samplePosteriorOnlyGoalAndSignal_fromStart,5,0.6763958180851162,"samplePosteriorOnlyGoal+Signal
fromStart"
session_29_player1,TwoStageSignalAgent_sigmoidThreshold,0,0.5,"TwoStageSignal
sigmoidThreshold"
session_29_player1,TwoStageSignalAgent_sigmoidThreshold,1,0.6229541316266226,"TwoStageSignal
sigmoidThreshold"
session_29_player1,TwoStageSignalAgent_sigmoidThreshold,2,0.7763356974648866,"TwoStageSignal
sigmoidThreshold"
session_29_player1,TwoStageSignalAgent_sigmoidThreshold,3,0.8312371623086758,"TwoStageSignal
sigmoidThreshold"
session_29_player1,TwoStageSignalAgent_sigmoidThreshold,4,0.8319414116383133,"TwoStageSignal
sigmoidThreshold"
session_29_player1,TwoStageSignalAgent_sigmoidThreshold,5,0.83470820142315,"TwoStageSignal
sigmoidThreshold"
session_29_player1,sampleJointGoalAndRSASignal_fromStart,0,0.5,"shared-agency
communicative action mixture (legibility over alternatives)
fromStart"
session_29_player1,sampleJointGoalAndRSASignal_fromStart,1,0.6254844874268704,"shared-agency
communicative action mixture (legibility over alternatives)
fromStart"
session_29_player1,sampleJointGoalAndRSASignal_fromStart,2,0.6902956218111125,"shared-agency
communicative action mixture (legibility over alternatives)
fromStart"
session_29_player1,sampleJointGoalAndRSASignal_fromStart,3,0.6967531986844444,"shared-agency
communicative action mixture (legibility over alternatives)
fromStart"
session_29_player1,sampleJointGoalAndRSASignal_fromStart,4,0.7851623586402998,"shared-agency
communicative action mixture (legibility over alternatives)
fromStart"
session_29_player1,sampleJointGoalAndRSASignal_fromStart,5,0.7945623087822852,"shared-agency
communicative action mixture (legibility over alternatives)
fromStart"
session_29_player1,sampleJointGoalAndSignal_afterNewGoal,0,0.5,"sampleJointGoal+Signal
afterNewGoal"
session_29_player1,sampleJointGoalAndSignal_afterNewGoal,1,0.6147621222656406,"sampleJointGoal+Signal
afterNewGoal"
session_29_player1,sampleJointGoalAndSignal_afterNewGoal,2,0.6685779983242061,"sampleJointGoal+Signal
afterNewGoal"
session_29_player1,sampleJointGoalAndSignal_afterNewGoal,3,0.6882119494372494,"sampleJointGoal+Signal
afterNewGoal"
session_29_player1,sampleJointGoalAndSignal_afterNewGoal,4,0.6842352004688194,"sampleJointGoal+Signal
afterNewGoal"
session_29_player1,sampleJointGoalAndSignal_afterNewGoal,5,0.8578021454097284,"sampleJointGoal+Signal
afterNewGoal"
session_29_player1,sampleJointGoalAndSignal_fromStart,0,0.5,"sampleJointGoal+Signal
fromStart"
session_29_player1,sampleJointGoalAndSignal_fromStart,1,0.8140454902348045,"sampleJointGoal+Signal
fromStart"
session_29_player1,sampleJointGoalAndSignal_fromStart,2,0.8927208683436056,"sampleJointGoal+Signal
fromStart"
session_29_player1,sampleJointGoalAndSignal_fromStart,3,0.9673241719292839,"sampleJointGoal+Signal
fromStart"
session_29_player1,sampleJointGoalAndSignal_fromStart,4,0.9807406994036538,"sampleJointGoal+Signal
fromStart"
session_29_player1,sampleJointGoalAndSignal_fromStart,5,0.9896168509047997,"sampleJointGoal+Signal
fromStart"
session_29_player1,sampleJointGoal_afterNewGoal,0,0.5,"sampleJointGoal
afterNewGoal"
session_29_player1,sampleJointGoal_afterNewGoal,1,0.6845189583681761,"sampleJointGoal
afterNewGoal"
session_29_player1,sampleJointGoal_afterNewGoal,2,0.7644573736620901,"sampleJointGoal
afterNewGoal"
session_29_player1,sampleJointGoal_afterNewGoal,3,0.7426625765755395,"sampleJointGoal
afterNewGoal"
session_29_player1,sampleJointGoal_afterNewGoal,4,0.8606696771076793,"sampleJointGoal
afterNewGoal"
session_29_player1,sampleJointGoal_afterNewGoal,5,0.9366989937233015,"sampleJointGoal
afterNewGoal"
session_29_player1,samplePosteriorOnlyGoalAndSignal_fromStart,0,0.5,"samplePosteriorOnlyGoal+Signal
fromStart"
session_29_player1,samplePosteriorOnlyGoalAndSignal_fromStart,1,0.5884708471326237,"samplePosteriorOnlyGoal+Signal
fromStart"
session_29_player1,samplePosteriorOnlyGoalAndSignal_fromStart,2,0.8519395311433556,"samplePosteriorOnlyGoal+Signal
fromStart"
session_29_player1,samplePosteriorOnlyGoalAndSignal_fromStart,3,0.8520144578685398,"samplePosteriorOnlyGoal+Signal
fromStart"
session_29_player1,samplePosteriorOnlyGoalAndSignal_fromStart,4,0.9265623374415679,"samplePosteriorOnlyGoal+Signal
fromStart"
session_29_player1,samplePosteriorOnlyGoalAndSignal_fromStart,5,0.9432563004779485,"samplePosteriorOnlyGoal+Signal
fromStart"
session_29_player2,TwoStageSignalAgent_sigmoidThreshold,0,0.5,"TwoStageSignal
sigmoidThreshold"
session_29_player2,TwoStageSignalAgent_sigmoidThreshold,1,0.6530935947295918,"TwoStageSignal
sigmoidThreshold"
session_29_player2,TwoStageSignalAgent_sigmoidThreshold,2,0.726655922937609,"TwoStageSignal
sigmoidThreshold"
session_29_player2,TwoStageSignalAgent_sigmoidThreshold,3,0.8161273332787223,"TwoStageSignal
sigmoidThreshold"
session_29_player2,TwoStageSignalAgent_sigmoidThreshold,4,0.8903737594839188,"TwoStageSignal
sigmoidThreshold"
session_29_player2,TwoStageSignalAgent_sigmoidThreshold,5,0.90202205778218,"TwoStageSignal
sigmoidThreshold"
session_29_player2,sampleJointGoalAndRSASignal_fromStart,0,0.5,"shared-agency
communicative action mixture (legibility over alternatives)
fromStart"
session_29_player2,sampleJointGoalAndRSASignal_fromStart,1,0.7114602180071812,"shared-agency
communicative action mixture (legibility over alternatives)
fromStart"
session_29_player2,sampleJointGoalAndRSASignal_fromStart,2,0.7415582998617445,"shared-agency
communicative action mixture (legibility over alternatives)
fromStart"
session_29_player2,sampleJointGoalAndRSASignal_fromStart,3,0.7793920032372704,"shared-agency
communicative action mixture (legibility over alternatives)
fromStart"
session_29_player2,sampleJointGoalAndRSASignal_fromStart,4,0.7760419056865145,"shared-agency
communicative action mixture (legibility over alternatives)
fromStart"
session_29_player2,sampleJointGoalAndRSASignal_fromStart,5,0.7659042029907686,"shared-agency
communicative action mixture (legibility over alternatives)
fromStart"
session_29_player2,sampleJointGoalAndSignal_afterNewGoal,0,0.5,"sampleJointGoal+Signal
afterNewGoal"
session_29_player2,sampleJointGoalAndSignal_afterNewGoal,1,0.7279490018651007,"sampleJointGoal+Signal
afterNewGoal"
session_29_player2,sampleJointGoalAndSignal_afterNewGoal,2,0.8730485096224669,"sampleJointGoal+Signal
afterNewGoal"
session_29_player2,sampleJointGoalAndSignal_afterNewGoal,3,0.8842316685660313,"sampleJointGoal+Signal
afterNewGoal"
session_29_player2,sampleJointGoalAndSignal_afterNewGoal,4,0.8940989993130376,"sampleJointGoal+Signal
afterNewGoal"
session_29_player2,sampleJointGoalAndSignal_afterNewGoal,5,0.9031795451518461,"sampleJointGoal+Signal
afterNewGoal"
session_29_player2,sampleJointGoalAndSignal_fromStart,0,0.5,"sampleJointGoal+Signal
fromStart"
session_29_player2,sampleJointGoalAndSignal_fromStart,1,0.6679736324184707,"sampleJointGoal+Signal
fromStart"
session_29_player2,sampleJointGoalAndSignal_fromStart,2,0.7348786696371387,"sampleJointGoal+Signal
fromStart"
session_29_player2,sampleJointGoalAndSignal_fromStart,3,0.8877277856771132,"sampleJointGoal+Signal
fromStart"
session_29_player2,sampleJointGoalAndSignal_fromStart,4,0.8792282048413949,"sampleJointGoal+Signal
fromStart"
session_29_player2,sampleJointGoalAndSignal_fromStart,5,0.891097870754276,"sampleJointGoal+Signal
fromStart"
session_29_player2,sampleJointGoal_afterNewGoal,0,0.5,"sampleJointGoal
afterNewGoal"
session_29_player2,sampleJointGoal_afterNewGoal,1,0.7591885497303574,"sampleJointGoal
afterNewGoal"
session_29_player2,sampleJointGoal_afterNewGoal,2,0.867715249078583,"sampleJointGoal
afterNewGoal"
session_29_player2,sampleJointGoal_afterNewGoal,3,0.8897298360291388,"sampleJointGoal
afterNewGoal"
session_29_player2,sampleJointGoal_afterNewGoal,4,0.9086189784464184,"sampleJointGoal
afterNewGoal"
session_29_player2,sampleJointGoal_afterNewGoal,5,0.9218936708817597,"sampleJointGoal
afterNewGoal"
session_29_player2,samplePosteriorOnlyGoalAndSignal_fromStart,0,0.5,"samplePosteriorOnlyGoal+Signal
fromStart"
session_29_player2,samplePosteriorOnlyGoalAndSignal_fromStart,1,0.7695652288177571,"samplePosteriorOnlyGoal+Signal
fromStart"
session_29_player2,samplePosteriorOnlyGoalAndSignal_fromStart,2,0.7754047581363163,"samplePosteriorOnlyGoal+Signal
fromStart"
session_29_player2,samplePosteriorOnlyGoalAndSignal_fromStart,3,0.8407414619610755,"samplePosteriorOnlyGoal+Signal
fromStart"
session_29_player2,samplePosteriorOnlyGoalAndSignal_fromStart,4,0.8265128205940601,"samplePosteriorOnlyGoal+Signal
fromStart"
session_29_player2,samplePosteriorOnlyGoalAndSignal_fromStart,5,0.9179276549618197,"samplePosteriorOnlyGoal+Signal
fromStart"
session_2_player1,TwoStageSignalAgent_sigmoidThreshold,0,0.5,"TwoStageSignal
sigmoidThreshold"
session_2_player1,TwoStageSignalAgent_sigmoidThreshold,1,0.6411731644365898,"TwoStageSignal
sigmoidThreshold"
session_2_player1,TwoStageSignalAgent_sigmoidThreshold,2,0.6838353343209279,"TwoStageSignal
sigmoidThreshold"
session_2_player1,TwoStageSignalAgent_sigmoidThreshold,3,0.7446378266812259,"TwoStageSignal
sigmoidThreshold"
session_2_player1,TwoStageSignalAgent_sigmoidThreshold,4,0.7533942958398618,"TwoStageSignal
sigmoidThreshold"
session_2_player1,TwoStageSignalAgent_sigmoidThreshold,5,0.6960080956871806,"TwoStageSignal
sigmoidThreshold"
session_2_player1,sampleJointGoalAndRSASignal_fromStart,0,0.5,"shared-agency
communicative action mixture (legibility over alternatives)
fromStart"
session_2_player1,sampleJointGoalAndRSASignal_fromStart,1,0.8280445387033551,"shared-agency
communicative action mixture (legibility over alternatives)
fromStart"
session_2_player1,sampleJointGoalAndRSASignal_fromStart,2,0.7988237147279079,"shared-agency
communicative action mixture (legibility over alternatives)
fromStart"
session_2_player1,sampleJointGoalAndRSASignal_fromStart,3,0.8088619149023728,"shared-agency
communicative action mixture (legibility over alternatives)
fromStart"
session_2_player1,sampleJointGoalAndRSASignal_fromStart,4,0.9091631373313516,"shared-agency
communicative action mixture (legibility over alternatives)
fromStart"
session_2_player1,sampleJointGoalAndRSASignal_fromStart,5,0.943342617901477,"shared-agency
communicative action mixture (legibility over alternatives)
fromStart"
session_2_player1,sampleJointGoalAndSignal_afterNewGoal,0,0.5,"sampleJointGoal+Signal
afterNewGoal"
session_2_player1,sampleJointGoalAndSignal_afterNewGoal,1,0.7334377026900377,"sampleJointGoal+Signal
afterNewGoal"
session_2_player1,sampleJointGoalAndSignal_afterNewGoal,2,0.7148401235854837,"sampleJointGoal+Signal
afterNewGoal"
session_2_player1,sampleJointGoalAndSignal_afterNewGoal,3,0.8060074029613765,"sampleJointGoal+Signal
afterNewGoal"
session_2_player1,sampleJointGoalAndSignal_afterNewGoal,4,0.8522814791729367,"sampleJointGoal+Signal
afterNewGoal"
session_2_player1,sampleJointGoalAndSignal_afterNewGoal,5,0.9982027753136072,"sampleJointGoal+Signal
afterNewGoal"
session_2_player1,sampleJointGoalAndSignal_fromStart,0,0.5,"sampleJointGoal+Signal
fromStart"
session_2_player1,sampleJointGoalAndSignal_fromStart,1,0.8232547442849427,"sampleJointGoal+Signal
fromStart"
session_2_player1,sampleJointGoalAndSignal_fromStart,2,0.9377697730187977,"sampleJointGoal+Signal
fromStart"
session_2_player1,sampleJointGoalAndSignal_fromStart,3,0.9382623923948621,"sampleJointGoal+Signal
fromStart"
session_2_player1,sampleJointGoalAndSignal_fromStart,4,0.9385318201780779,"sampleJointGoal+Signal
fromStart"
session_2_player1,sampleJointGoalAndSignal_fromStart,5,0.9394032630131598,"sampleJointGoal+Signal
fromStart"
session_2_player1,sampleJointGoal_afterNewGoal,0,0.5,"sampleJointGoal
afterNewGoal"
session_2_player1,sampleJointGoal_afterNewGoal,1,0.6919589753221405,"sampleJointGoal
afterNewGoal"
session_2_player1,sampleJointGoal_afterNewGoal,2,0.7315590300315453,"sampleJointGoal
afterNewGoal"
session_2_player1,sampleJointGoal_afterNewGoal,3,0.762789675847933,"sampleJointGoal
afterNewGoal"
session_2_player1,sampleJointGoal_afterNewGoal,4,0.9099631918604127,"sampleJointGoal
afterNewGoal"
session_2_player1,sampleJointGoal_afterNewGoal,5,0.9291923708818886,"sampleJointGoal
afterNewGoal"
session_2_player1,samplePosteriorOnlyGoalAndSignal_fromStart,0,0.5,"samplePosteriorOnlyGoal+Signal
fromStart"
session_2_player1,samplePosteriorOnlyGoalAndSignal_fromStart,1,0.5157878284826327,"samplePosteriorOnlyGoal+Signal
fromStart"
session_2_player1,samplePosteriorOnlyGoalAndSignal_fromStart,2,0.6633296222342109,"samplePosteriorOnlyGoal+Signal
fromStart"
session_2_player1,samplePosteriorOnlyGoalAndSignal_fromStart,3,0.6480585997740366,"samplePosteriorOnlyGoal+Signal
fromStart"
session_2_player1,samplePosteriorOnlyGoalAndSignal_fromStart,4,0.8722701454193591,"samplePosteriorOnlyGoal+Signal
fromStart"
session_2_player1,samplePosteriorOnlyGoalAndSignal_fromStart,5,0.9748425462019197,"samplePosteriorOnlyGoal+Signal
fromStart"
session_2_player2,TwoStageSignalAgent_sigmoidThreshold,0,0.5,"TwoStageSignal
sigmoidThreshold"
session_2_player2,TwoStageSignalAgent_sigmoidThreshold,1,0.7015667610639463,"TwoStageSignal
sigmoidThreshold"
session_2_player2,TwoStageSignalAgent_sigmoidThreshold,2,0.8731881166443136,"TwoStageSignal
sigmoidThreshold"
session_2_player2,TwoStageSignalAgent_sigmoidThreshold,3,0.8740840023841412,"TwoStageSignal
sigmoidThreshold"
session_2_player2,TwoStageSignalAgent_sigmoidThreshold,4,0.9377432059490944,"TwoStageSignal
sigmoidThreshold"
session_2_player2,TwoStageSignalAgent_sigmoidThreshold,5,0.9370268921549427,"TwoStageSignal
sigmoidThreshold"
session_2_player2,sampleJointGoalAndRSASignal_fromStart,0,0.5,"shared-agency
communicative action mixture (legibility over alternatives)
fromStart"
session_2_player2,sampleJointGoalAndRSASignal_fromStart,1,0.6199092463489498,"shared-agency
communicative action mixture (legibility over alternatives)
fromStart"
session_2_player2,sampleJointGoalAndRSASignal_fromStart,2,0.9376575732756331,"shared-agency
communicative action mixture (legibility over alternatives)
fromStart"
session_2_player2,sampleJointGoalAndRSASignal_fromStart,3,0.9433885821427046,"shared-agency
communicative action mixture (legibility over alternatives)
fromStart"
session_2_player2,sampleJointGoalAndRSASignal_fromStart,4,0.9445754974691045,"shared-agency
communicative action mixture (legibility over alternatives)
fromStart"
session_2_player2,sampleJointGoalAndRSASignal_fromStart,5,0.9443881959209472,"shared-agency
communicative action mixture (legibility over alternatives)
fromStart"
session_2_player2,sampleJointGoalAndSignal_afterNewGoal,0,0.5,"sampleJointGoal+Signal
afterNewGoal"
session_2_player2,sampleJointGoalAndSignal_afterNewGoal,1,0.7108275033400595,"sampleJointGoal+Signal
afterNewGoal"
session_2_player2,sampleJointGoalAndSignal_afterNewGoal,2,0.9231259640872099,"sampleJointGoal+Signal
afterNewGoal"
session_2_player2,sampleJointGoalAndSignal_afterNewGoal,3,0.9970121041415378,"sampleJointGoal+Signal
afterNewGoal"
session_2_player2,sampleJointGoalAndSignal_afterNewGoal,4,0.9985325787917992,"sampleJointGoal+Signal
afterNewGoal"
session_2_player2,sampleJointGoalAndSignal_afterNewGoal,5,0.999976702792009,"sampleJointGoal+Signal
afterNewGoal"
session_2_player2,sampleJointGoalAndSignal_fromStart,0,0.5,"sampleJointGoal+Signal
fromStart"
session_2_player2,sampleJointGoalAndSignal_fromStart,1,0.8174238559455791,"sampleJointGoal+Signal
fromStart"
session_2_player2,sampleJointGoalAndSignal_fromStart,2,0.8947342327471717,"sampleJointGoal+Signal
fromStart"
session_2_player2,sampleJointGoalAndSignal_fromStart,3,0.9463881502559001,"sampleJointGoal+Signal
fromStart"
session_2_player2,sampleJointGoalAndSignal_fromStart,4,0.9665778878524593,"sampleJointGoal+Signal
fromStart"
session_2_player2,sampleJointGoalAndSignal_fromStart,5,0.9808293779749396,"sampleJointGoal+Signal
fromStart"
session_2_player2,sampleJointGoal_afterNewGoal,0,0.5,"sampleJointGoal
afterNewGoal"
session_2_player2,sampleJointGoal_afterNewGoal,1,0.6861608624021742,"sampleJointGoal
afterNewGoal"
session_2_player2,sampleJointGoal_afterNewGoal,2,0.8786430553731472,"sampleJointGoal
afterNewGoal"
session_2_player2,sampleJointGoal_afterNewGoal,3,0.9390455791551157,"sampleJointGoal
afterNewGoal"
session_2_player2,sampleJointGoal_afterNewGoal,4,0.9387403978891607,"sampleJointGoal
afterNewGoal"
session_2_player2,sampleJointGoal_afterNewGoal,5,0.9341523140989321,"sampleJointGoal
afterNewGoal"
session_2_player2,samplePosteriorOnlyGoalAndSignal_fromStart,0,0.5,"samplePosteriorOnlyGoal+Signal
fromStart"
session_2_player2,samplePosteriorOnlyGoalAndSignal_fromStart,1,0.8823334946847006,"samplePosteriorOnlyGoal+Signal
fromStart"
session_2_player2,samplePosteriorOnlyGoalAndSignal_fromStart,2,0.9437393133192903,"samplePosteriorOnlyGoal+Signal
fromStart"
session_2_player2,samplePosteriorOnlyGoalAndSignal_fromStart,3,0.9983181190764979,"samplePosteriorOnlyGoal+Signal
fromStart"
session_2_player2,samplePosteriorOnlyGoalAndSignal_fromStart,4,0.999332716360787,"samplePosteriorOnlyGoal+Signal
fromStart"
session_2_player2,samplePosteriorOnlyGoalAndSignal_fromStart,5,0.9989843168753649,"samplePosteriorOnlyGoal+Signal
fromStart"
session_3_player1,TwoStageSignalAgent_sigmoidThreshold,0,0.5,"TwoStageSignal
sigmoidThreshold"
session_3_player1,TwoStageSignalAgent_sigmoidThreshold,1,0.7719994643904724,"TwoStageSignal
sigmoidThreshold"
session_3_player1,TwoStageSignalAgent_sigmoidThreshold,2,0.775975936962637,"TwoStageSignal
sigmoidThreshold"
session_3_player1,TwoStageSignalAgent_sigmoidThreshold,3,0.8443401334556664,"TwoStageSignal
sigmoidThreshold"
session_3_player1,TwoStageSignalAgent_sigmoidThreshold,4,0.8637071637758188,"TwoStageSignal
sigmoidThreshold"
session_3_player1,TwoStageSignalAgent_sigmoidThreshold,5,0.9943901641155983,"TwoStageSignal
sigmoidThreshold"
session_3_player1,sampleJointGoalAndRSASignal_fromStart,0,0.5,"shared-agency
communicative action mixture (legibility over alternatives)
fromStart"
session_3_player1,sampleJointGoalAndRSASignal_fromStart,1,0.7221105288636005,"shared-agency
communicative action mixture (legibility over alternatives)
fromStart"
session_3_player1,sampleJointGoalAndRSASignal_fromStart,2,0.7378290142287156,"shared-agency
communicative action mixture (legibility over alternatives)
fromStart"
session_3_player1,sampleJointGoalAndRSASignal_fromStart,3,0.7948692308572944,"shared-agency
communicative action mixture (legibility over alternatives)
fromStart"
session_3_player1,sampleJointGoalAndRSASignal_fromStart,4,0.821179490350954,"shared-agency
communicative action mixture (legibility over alternatives)
fromStart"
session_3_player1,sampleJointGoalAndRSASignal_fromStart,5,0.8455974326589771,"shared-agency
communicative action mixture (legibility over alternatives)
fromStart"
session_3_player1,sampleJointGoalAndSignal_afterNewGoal,0,0.5,"sampleJointGoal+Signal
afterNewGoal"
session_3_player1,sampleJointGoalAndSignal_afterNewGoal,1,0.6674999306384144,"sampleJointGoal+Signal
afterNewGoal"
session_3_player1,sampleJointGoalAndSignal_afterNewGoal,2,0.7077317422524754,"sampleJointGoal+Signal
afterNewGoal"
session_3_player1,sampleJointGoalAndSignal_afterNewGoal,3,0.7936449614361292,"sampleJointGoal+Signal
afterNewGoal"
session_3_player1,sampleJointGoalAndSignal_afterNewGoal,4,0.7619522276309093,"sampleJointGoal+Signal
afterNewGoal"
session_3_player1,sampleJointGoalAndSignal_afterNewGoal,5,0.8305729921196418,"sampleJointGoal+Signal
afterNewGoal"
session_3_player1,sampleJointGoalAndSignal_fromStart,0,0.5,"sampleJointGoal+Signal
fromStart"
session_3_player1,sampleJointGoalAndSignal_fromStart,1,0.6682620950668374,"sampleJointGoal+Signal
fromStart"
session_3_player1,sampleJointGoalAndSignal_fromStart,2,0.6226554837726737,"sampleJointGoal+Signal
fromStart"
session_3_player1,sampleJointGoalAndSignal_fromStart,3,0.7545479463326163,"sampleJointGoal+Signal
fromStart"
session_3_player1,sampleJointGoalAndSignal_fromStart,4,0.9418233046827061,"sampleJointGoal+Signal
fromStart"
session_3_player1,sampleJointGoalAndSignal_fromStart,5,0.9982190637764984,"sampleJointGoal+Signal
fromStart"
session_3_player1,sampleJointGoal_afterNewGoal,0,0.5,"sampleJointGoal
afterNewGoal"
session_3_player1,sampleJointGoal_afterNewGoal,1,0.6669384848439864,"sampleJointGoal
afterNewGoal"
session_3_player1,sampleJointGoal_afterNewGoal,2,0.7226926258039548,"sampleJointGoal
afterNewGoal"
session_3_player1,sampleJointGoal_afterNewGoal,3,0.7643732432907774,"sampleJointGoal
afterNewGoal"
session_3_player1,sampleJointGoal_afterNewGoal,4,0.8341833185395372,"sampleJointGoal
afterNewGoal"
session_3_player1,sampleJointGoal_afterNewGoal,5,0.8879189319416224,"sampleJointGoal
afterNewGoal"
session_3_player1,samplePosteriorOnlyGoalAndSignal_fromStart,0,0.5,"samplePosteriorOnlyGoal+Signal
fromStart"
session_3_player1,samplePosteriorOnlyGoalAndSignal_fromStart,1,0.7473291520785786,"samplePosteriorOnlyGoal+Signal
fromStart"
session_3_player1,samplePosteriorOnlyGoalAndSignal_fromStart,2,0.8330239725133882,"samplePosteriorOnlyGoal+Signal
fromStart"
session_3_player1,samplePosteriorOnlyGoalAndSignal_fromStart,3,0.8211069748560309,"samplePosteriorOnlyGoal+Signal
fromStart"
session_3_player1,samplePosteriorOnlyGoalAndSignal_fromStart,4,0.9270453779801503,"samplePosteriorOnlyGoal+Signal
fromStart"
session_3_player1,samplePosteriorOnlyGoalAndSignal_fromStart,5,0.9115676190882676,"samplePosteriorOnlyGoal+Signal
fromStart"
session_3_player2,TwoStageSignalAgent_sigmoidThreshold,0,0.5,"TwoStageSignal
sigmoidThreshold"
session_3_player2,TwoStageSignalAgent_sigmoidThreshold,1,0.7329060901080756,"TwoStageSignal
sigmoidThreshold"
session_3_player2,TwoStageSignalAgent_sigmoidThreshold,2,0.8875915074589275,"TwoStageSignal
sigmoidThreshold"
session_3_player2,TwoStageSignalAgent_sigmoidThreshold,3,0.9441338604608954,"TwoStageSignal
sigmoidThreshold"
session_3_player2,TwoStageSignalAgent_sigmoidThreshold,4,0.9449437348137657,"TwoStageSignal
sigmoidThreshold"
session_3_player2,TwoStageSignalAgent_sigmoidThreshold,5,0.943335825139351,"TwoStageSignal
sigmoidThreshold"
session_3_player2,sampleJointGoalAndRSASignal_fromStart,0,0.5,"shared-agency
communicative action mixture (legibility over alternatives)
fromStart"
session_3_player2,sampleJointGoalAndRSASignal_fromStart,1,0.6293206296724714,"shared-agency
communicative action mixture (legibility over alternatives)
fromStart"
session_3_player2,sampleJointGoalAndRSASignal_fromStart,2,0.6943060569566964,"shared-agency
communicative action mixture (legibility over alternatives)
fromStart"
session_3_player2,sampleJointGoalAndRSASignal_fromStart,3,0.7021314453018748,"shared-agency
communicative action mixture (legibility over alternatives)
fromStart"
session_3_player2,sampleJointGoalAndRSASignal_fromStart,4,0.8489817566520746,"shared-agency
communicative action mixture (legibility over alternatives)
fromStart"
session_3_player2,sampleJointGoalAndRSASignal_fromStart,5,0.8232739909679746,"shared-agency
communicative action mixture (legibility over alternatives)
fromStart"
session_3_player2,sampleJointGoalAndSignal_afterNewGoal,0,0.5,"sampleJointGoal+Signal
afterNewGoal"
session_3_player2,sampleJointGoalAndSignal_afterNewGoal,1,0.7207257889612882,"sampleJointGoal+Signal
afterNewGoal"
session_3_player2,sampleJointGoalAndSignal_afterNewGoal,2,0.855132601299975,"sampleJointGoal+Signal
afterNewGoal"
session_3_player2,sampleJointGoalAndSignal_afterNewGoal,3,0.8591858529235535,"sampleJointGoal+Signal
afterNewGoal"
session_3_player2,sampleJointGoalAndSignal_afterNewGoal,4,0.8588010795172798,"sampleJointGoal+Signal
afterNewGoal"
session_3_player2,sampleJointGoalAndSignal_afterNewGoal,5,0.8683193687068728,"sampleJointGoal+Signal
afterNewGoal"
session_3_player2,sampleJointGoalAndSignal_fromStart,0,0.5,"sampleJointGoal+Signal
fromStart"
session_3_player2,sampleJointGoalAndSignal_fromStart,1,0.6564734544609475,"sampleJointGoal+Signal
fromStart"
session_3_player2,sampleJointGoalAndSignal_fromStart,2,0.8174626165031156,"sampleJointGoal+Signal
fromStart"
session_3_player2,sampleJointGoalAndSignal_fromStart,3,0.9174017839862169,"sampleJointGoal+Signal
fromStart"
session_3_player2,sampleJointGoalAndSignal_fromStart,4,0.8491001259140881,"sampleJointGoal+Signal
fromStart"
session_3_player2,sampleJointGoalAndSignal_fromStart,5,0.8492880728601011,"sampleJointGoal+Signal
fromStart"
session_3_player2,sampleJointGoal_afterNewGoal,0,0.5,"sampleJointGoal
afterNewGoal"
session_3_player2,sampleJointGoal_afterNewGoal,1,0.5955224324109393,"sampleJointGoal
afterNewGoal"
session_3_player2,sampleJointGoal_afterNewGoal,2,0.7927277989163938,"sampleJointGoal
afterNewGoal"
session_3_player2,sampleJointGoal_afterNewGoal,3,0.9426553891652634,"sampleJointGoal
afterNewGoal"
session_3_player2,sampleJointGoal_afterNewGoal,4,0.9441248609783321,"sampleJointGoal
afterNewGoal"
session_3_player2,sampleJointGoal_afterNewGoal,5,0.9455528477197076,"sampleJointGoal
afterNewGoal"
session_3_player2,samplePosteriorOnlyGoalAndSignal_fromStart,0,0.5,"samplePosteriorOnlyGoal+Signal
fromStart"
session_3_player2,samplePosteriorOnlyGoalAndSignal_fromStart,1,0.7336044995569097,"samplePosteriorOnlyGoal+Signal
fromStart"
session_3_player2,samplePosteriorOnlyGoalAndSignal_fromStart,2,0.9170714719058766,"samplePosteriorOnlyGoal+Signal
fromStart"
session_3_player2,samplePosteriorOnlyGoalAndSignal_fromStart,3,0.9179530418999257,"samplePosteriorOnlyGoal+Signal
fromStart"
session_3_player2,samplePosteriorOnlyGoalAndSignal_fromStart,4,0.9180825341349271,"samplePosteriorOnlyGoal+Signal
fromStart"
session_3_player2,samplePosteriorOnlyGoalAndSignal_fromStart,5,0.9997278673775419,"samplePosteriorOnlyGoal+Signal
fromStart"
session_4_player1,TwoStageSignalAgent_sigmoidThreshold,0,0.5,"TwoStageSignal
sigmoidThreshold"
session_4_player1,TwoStageSignalAgent_sigmoidThreshold,1,0.7541102455153947,"TwoStageSignal
sigmoidThreshold"
session_4_player1,TwoStageSignalAgent_sigmoidThreshold,2,0.7275635386276722,"TwoStageSignal
sigmoidThreshold"
session_4_player1,TwoStageSignalAgent_sigmoidThreshold,3,0.8029925775108074,"TwoStageSignal
sigmoidThreshold"
session_4_player1,TwoStageSignalAgent_sigmoidThreshold,4,0.7812174520262813,"TwoStageSignal
sigmoidThreshold"
session_4_player1,TwoStageSignalAgent_sigmoidThreshold,5,0.770955953785915,"TwoStageSignal
sigmoidThreshold"
session_4_player1,sampleJointGoalAndRSASignal_fromStart,0,0.5,"shared-agency
communicative action mixture (legibility over alternatives)
fromStart"
session_4_player1,sampleJointGoalAndRSASignal_fromStart,1,0.614731614156005,"shared-agency
communicative action mixture (legibility over alternatives)
fromStart"
session_4_player1,sampleJointGoalAndRSASignal_fromStart,2,0.650099268997933,"shared-agency
communicative action mixture (legibility over alternatives)
fromStart"
session_4_player1,sampleJointGoalAndRSASignal_fromStart,3,0.8059932393248758,"shared-agency
communicative action mixture (legibility over alternatives)
fromStart"
session_4_player1,sampleJointGoalAndRSASignal_fromStart,4,0.8073572145354413,"shared-agency
communicative action mixture (legibility over alternatives)
fromStart"
session_4_player1,sampleJointGoalAndRSASignal_fromStart,5,0.8110811575465645,"shared-agency
communicative action mixture (legibility over alternatives)
fromStart"
session_4_player1,sampleJointGoalAndSignal_afterNewGoal,0,0.5,"sampleJointGoal+Signal
afterNewGoal"
session_4_player1,sampleJointGoalAndSignal_afterNewGoal,1,0.6633077685741352,"sampleJointGoal+Signal
afterNewGoal"
session_4_player1,sampleJointGoalAndSignal_afterNewGoal,2,0.7922209863695941,"sampleJointGoal+Signal
afterNewGoal"
session_4_player1,sampleJointGoalAndSignal_afterNewGoal,3,0.865252598799022,"sampleJointGoal+Signal
afterNewGoal"
session_4_player1,sampleJointGoalAndSignal_afterNewGoal,4,0.9166737439998524,"sampleJointGoal+Signal
afterNewGoal"
session_4_player1,sampleJointGoalAndSignal_afterNewGoal,5,0.9993051305438578,"sampleJointGoal+Signal
afterNewGoal"
session_4_player1,sampleJointGoalAndSignal_fromStart,0,0.5,"sampleJointGoal+Signal
fromStart"
session_4_player1,sampleJointGoalAndSignal_fromStart,1,0.7559663892930809,"sampleJointGoal+Signal
fromStart"
session_4_player1,sampleJointGoalAndSignal_fromStart,2,0.7674427095201422,"sampleJointGoal+Signal
fromStart"
session_4_player1,sampleJointGoalAndSignal_fromStart,3,0.8267430501553912,"sampleJointGoal+Signal
fromStart"
session_4_player1,sampleJointGoalAndSignal_fromStart,4,0.8222487979401779,"sampleJointGoal+Signal
fromStart"
session_4_player1,sampleJointGoalAndSignal_fromStart,5,0.8402901575377097,"sampleJointGoal+Signal
fromStart"
session_4_player1,sampleJointGoal_afterNewGoal,0,0.5,"sampleJointGoal
afterNewGoal"
session_4_player1,sampleJointGoal_afterNewGoal,1,0.6603570136518282,"sampleJointGoal
afterNewGoal"
session_4_player1,sampleJointGoal_afterNewGoal,2,0.7270038760837352,"sampleJointGoal
afterNewGoal"
session_4_player1,sampleJointGoal_afterNewGoal,3,0.7389903913515624,"sampleJointGoal
afterNewGoal"
session_4_player1,sampleJointGoal_afterNewGoal,4,0.7978865999258737,"sampleJointGoal
afterNewGoal"
session_4_player1,sampleJointGoal_afterNewGoal,5,0.7678133020053971,"sampleJointGoal
afterNewGoal"
session_4_player1,samplePosteriorOnlyGoalAndSignal_fromStart,0,0.5,"samplePosteriorOnlyGoal+Signal
fromStart"
session_4_player1,samplePosteriorOnlyGoalAndSignal_fromStart,1,0.49953260605950617,"samplePosteriorOnlyGoal+Signal
fromStart"
session_4_player1,samplePosteriorOnlyGoalAndSignal_fromStart,2,0.5856456898432124,"samplePosteriorOnlyGoal+Signal
fromStart"
session_4_player1,samplePosteriorOnlyGoalAndSignal_fromStart,3,0.6840580459044734,"samplePosteriorOnlyGoal+Signal
fromStart"
session_4_player1,samplePosteriorOnlyGoalAndSignal_fromStart,4,0.7335035948108063,"samplePosteriorOnlyGoal+Signal
fromStart"
session_4_player1,samplePosteriorOnlyGoalAndSignal_fromStart,5,0.6323150370728398,"samplePosteriorOnlyGoal+Signal
fromStart"
session_4_player2,TwoStageSignalAgent_sigmoidThreshold,0,0.5,"TwoStageSignal
sigmoidThreshold"
session_4_player2,TwoStageSignalAgent_sigmoidThreshold,1,0.637215921511807,"TwoStageSignal
sigmoidThreshold"
session_4_player2,TwoStageSignalAgent_sigmoidThreshold,2,0.7494424391070689,"TwoStageSignal
sigmoidThreshold"
session_4_player2,TwoStageSignalAgent_sigmoidThreshold,3,0.8206658675267148,"TwoStageSignal
sigmoidThreshold"
session_4_player2,TwoStageSignalAgent_sigmoidThreshold,4,0.8401574779791564,"TwoStageSignal
sigmoidThreshold"
session_4_player2,TwoStageSignalAgent_sigmoidThreshold,5,0.9250979078913742,"TwoStageSignal
sigmoidThreshold"
session_4_player2,sampleJointGoalAndRSASignal_fromStart,0,0.5,"shared-agency
communicative action mixture (legibility over alternatives)
fromStart"
session_4_player2,sampleJointGoalAndRSASignal_fromStart,1,0.7505501972230129,"shared-agency
communicative action mixture (legibility over alternatives)
fromStart"
session_4_player2,sampleJointGoalAndRSASignal_fromStart,2,0.7269336606872108,"shared-agency
communicative action mixture (legibility over alternatives)
fromStart"
session_4_player2,sampleJointGoalAndRSASignal_fromStart,3,0.7379539350596342,"shared-agency
communicative action mixture (legibility over alternatives)
fromStart"
session_4_player2,sampleJointGoalAndRSASignal_fromStart,4,0.8312962832843495,"shared-agency
communicative action mixture (legibility over alternatives)
fromStart"
session_4_player2,sampleJointGoalAndRSASignal_fromStart,5,0.843082396045786,"shared-agency
communicative action mixture (legibility over alternatives)
fromStart"
session_4_player2,sampleJointGoalAndSignal_afterNewGoal,0,0.5,"sampleJointGoal+Signal
afterNewGoal"
session_4_player2,sampleJointGoalAndSignal_afterNewGoal,1,0.7149472197292669,"sampleJointGoal+Signal
afterNewGoal"
session_4_player2,sampleJointGoalAndSignal_afterNewGoal,2,0.7158121330936914,"sampleJointGoal+Signal
afterNewGoal"
session_4_player2,sampleJointGoalAndSignal_afterNewGoal,3,0.7082560787567426,"sampleJointGoal+Signal
afterNewGoal"
session_4_player2,sampleJointGoalAndSignal_afterNewGoal,4,0.7954502251416822,"sampleJointGoal+Signal
afterNewGoal"
session_4_player2,sampleJointGoalAndSignal_afterNewGoal,5,0.8375974619070677,"sampleJointGoal+Signal
afterNewGoal"
session_4_player2,sampleJointGoalAndSignal_fromStart,0,0.5,"sampleJointGoal+Signal
fromStart"
session_4_player2,sampleJointGoalAndSignal_fromStart,1,0.559182295988165,"sampleJointGoal+Signal
fromStart"
session_4_player2,sampleJointGoalAndSignal_fromStart,2,0.7387732335273706,"sampleJointGoal+Signal
fromStart"
session_4_player2,sampleJointGoalAndSignal_fromStart,3,0.8215089148623778,"sampleJointGoal+Signal
fromStart"
session_4_player2,sampleJointGoalAndSignal_fromStart,4,0.8427759104225206,"sampleJointGoal+Signal
fromStart"
session_4_player2,sampleJointGoalAndSignal_fromStart,5,0.8567048649900456,"sampleJointGoal+Signal
fromStart"
session_4_player2,sampleJointGoal_afterNewGoal,0,0.5,"sampleJointGoal
afterNewGoal"
session_4_player2,sampleJointGoal_afterNewGoal,1,0.6774977308263518,"sampleJointGoal
afterNewGoal"
session_4_player2,sampleJointGoal_afterNewGoal,2,0.7890473987536232,"sampleJointGoal
afterNewGoal"
session_4_player2,sampleJointGoal_afterNewGoal,3,0.7903344136909195,"sampleJointGoal
afterNewGoal"
session_4_player2,sampleJointGoal_afterNewGoal,4,0.7910058741687482,"sampleJointGoal
afterNewGoal"
session_4_player2,sampleJointGoal_afterNewGoal,5,0.8190034846706471,"sampleJointGoal
afterNewGoal"
session_4_player2,samplePosteriorOnlyGoalAndSignal_fromStart,0,0.5,"samplePosteriorOnlyGoal+Signal
fromStart"
session_4_player2,samplePosteriorOnlyGoalAndSignal_fromStart,1,0.596916330921296,"samplePosteriorOnlyGoal+Signal
fromStart"
session_4_player2,samplePosteriorOnlyGoalAndSignal_fromStart,2,0.7594186389953256,"samplePosteriorOnlyGoal+Signal
fromStart"
session_4_player2,samplePosteriorOnlyGoalAndSignal_fromStart,3,0.7729281698495392,"samplePosteriorOnlyGoal+Signal
fromStart"
session_4_player2,samplePosteriorOnlyGoalAndSignal_fromStart,4,0.781882324987936,"samplePosteriorOnlyGoal+Signal
fromStart"
session_4_player2,samplePosteriorOnlyGoalAndSignal_fromStart,5,0.7869825470336533,"samplePosteriorOnlyGoal+Signal
fromStart"
session_5_player1,TwoStageSignalAgent_sigmoidThreshold,0,0.5,"TwoStageSignal
sigmoidThreshold"
session_5_player1,TwoStageSignalAgent_sigmoidThreshold,1,0.6321827241647273,"TwoStageSignal
sigmoidThreshold"
session_5_player1,TwoStageSignalAgent_sigmoidThreshold,2,0.8569308187257116,"TwoStageSignal
sigmoidThreshold"
session_5_player1,TwoStageSignalAgent_sigmoidThreshold,3,0.8556795905586421,"TwoStageSignal
sigmoidThreshold"
session_5_player1,TwoStageSignalAgent_sigmoidThreshold,4,0.9264588914006789,"TwoStageSignal
sigmoidThreshold"
session_5_player1,TwoStageSignalAgent_sigmoidThreshold,5,0.9631627421493191,"TwoStageSignal
sigmoidThreshold"
session_5_player1,sampleJointGoalAndRSASignal_fromStart,0,0.5,"shared-agency
communicative action mixture (legibility over alternatives)
fromStart"
session_5_player1,sampleJointGoalAndRSASignal_fromStart,1,0.5689905824705187,"shared-agency
communicative action mixture (legibility over alternatives)
fromStart"
session_5_player1,sampleJointGoalAndRSASignal_fromStart,2,0.5836126225104957,"shared-agency
communicative action mixture (legibility over alternatives)
fromStart"
session_5_player1,sampleJointGoalAndRSASignal_fromStart,3,0.668877303132654,"shared-agency
communicative action mixture (legibility over alternatives)
fromStart"
session_5_player1,sampleJointGoalAndRSASignal_fromStart,4,0.6754096107574716,"shared-agency
communicative action mixture (legibility over alternatives)
fromStart"
session_5_player1,sampleJointGoalAndRSASignal_fromStart,5,0.6027124274142287,"shared-agency
communicative action mixture (legibility over alternatives)
fromStart"
session_5_player1,sampleJointGoalAndSignal_afterNewGoal,0,0.5,"sampleJointGoal+Signal
afterNewGoal"
session_5_player1,sampleJointGoalAndSignal_afterNewGoal,1,0.6413787309403648,"sampleJointGoal+Signal
afterNewGoal"
session_5_player1,sampleJointGoalAndSignal_afterNewGoal,2,0.8024542265700558,"sampleJointGoal+Signal
afterNewGoal"
session_5_player1,sampleJointGoalAndSignal_afterNewGoal,3,0.8556364368447713,"sampleJointGoal+Signal
afterNewGoal"
session_5_player1,sampleJointGoalAndSignal_afterNewGoal,4,0.8519377166437615,"sampleJointGoal+Signal
afterNewGoal"
session_5_player1,sampleJointGoalAndSignal_afterNewGoal,5,0.8478810543788893,"sampleJointGoal+Signal
afterNewGoal"
session_5_player1,sampleJointGoalAndSignal_fromStart,0,0.5,"sampleJointGoal+Signal
fromStart"
session_5_player1,sampleJointGoalAndSignal_fromStart,1,0.6003383222565655,"sampleJointGoal+Signal
fromStart"
session_5_player1,sampleJointGoalAndSignal_fromStart,2,0.8023254902691008,"sampleJointGoal+Signal
fromStart"
session_5_player1,sampleJointGoalAndSignal_fromStart,3,0.8309087491612127,"sampleJointGoal+Signal
fromStart"
session_5_player1,sampleJointGoalAndSignal_fromStart,4,0.9134943454595541,"sampleJointGoal+Signal
fromStart"
session_5_player1,sampleJointGoalAndSignal_fromStart,5,0.9273653048334991,"sampleJointGoal+Signal
fromStart"
session_5_player1,sampleJointGoal_afterNewGoal,0,0.5,"sampleJointGoal
afterNewGoal"
session_5_player1,sampleJointGoal_afterNewGoal,1,0.8549512783262188,"sampleJointGoal
afterNewGoal"
session_5_player1,sampleJointGoal_afterNewGoal,2,0.8486555293676558,"sampleJointGoal
afterNewGoal"
session_5_player1,sampleJointGoal_afterNewGoal,3,0.8651523030839506,"sampleJointGoal
afterNewGoal"
session_5_player1,sampleJointGoal_afterNewGoal,4,0.9967888586778852,"sampleJointGoal
afterNewGoal"
session_5_player1,sampleJointGoal_afterNewGoal,5,0.9993720273611455,"sampleJointGoal
afterNewGoal"
session_5_player1,samplePosteriorOnlyGoalAndSignal_fromStart,0,0.5,"samplePosteriorOnlyGoal+Signal
fromStart"
session_5_player1,samplePosteriorOnlyGoalAndSignal_fromStart,1,0.6911975036660197,"samplePosteriorOnlyGoal+Signal
fromStart"
session_5_player1,samplePosteriorOnlyGoalAndSignal_fromStart,2,0.7646383320231402,"samplePosteriorOnlyGoal+Signal
fromStart"
session_5_player1,samplePosteriorOnlyGoalAndSignal_fromStart,3,0.8278368618679772,"samplePosteriorOnlyGoal+Signal
fromStart"
session_5_player1,samplePosteriorOnlyGoalAndSignal_fromStart,4,0.9250744311496876,"samplePosteriorOnlyGoal+Signal
fromStart"
session_5_player1,samplePosteriorOnlyGoalAndSignal_fromStart,5,0.9297950882484887,"samplePosteriorOnlyGoal+Signal
fromStart"
session_5_player2,TwoStageSignalAgent_sigmoidThreshold,0,0.5,"TwoStageSignal
sigmoidThreshold"
session_5_player2,TwoStageSignalAgent_sigmoidThreshold,1,0.8096492795129318,"TwoStageSignal
sigmoidThreshold"
session_5_player2,TwoStageSignalAgent_sigmoidThreshold,2,0.889355591677933,"TwoStageSignal
sigmoidThreshold"
session_5_player2,TwoStageSignalAgent_sigmoidThreshold,3,0.936437219720948,"TwoStageSignal
sigmoidThreshold"
session_5_player2,TwoStageSignalAgent_sigmoidThreshold,4,0.929109463540006,"TwoStageSignal
sigmoidThreshold"
session_5_player2,TwoStageSignalAgent_sigmoidThreshold,5,0.9297879934950943,"TwoStageSignal
sigmoidThreshold"
session_5_player2,sampleJointGoalAndRSASignal_fromStart,0,0.5,"shared-agency
communicative action mixture (legibility over alternatives)
fromStart"
session_5_player2,sampleJointGoalAndRSASignal_fromStart,1,0.7219295414902734,"shared-agency
communicative action mixture (legibility over alternatives)
fromStart"
session_5_player2,sampleJointGoalAndRSASignal_fromStart,2,0.7312823183503477,"shared-agency
communicative action mixture (legibility over alternatives)
fromStart"
session_5_player2,sampleJointGoalAndRSASignal_fromStart,3,0.7218376427063863,"shared-agency
communicative action mixture (legibility over alternatives)
fromStart"
session_5_player2,sampleJointGoalAndRSASignal_fromStart,4,0.7586347699867635,"shared-agency
communicative action mixture (legibility over alternatives)
fromStart"
session_5_player2,sampleJointGoalAndRSASignal_fromStart,5,0.7516749788081513,"shared-agency
communicative action mixture (legibility over alternatives)
fromStart"
session_5_player2,sampleJointGoalAndSignal_afterNewGoal,0,0.5,"sampleJointGoal+Signal
afterNewGoal"
session_5_player2,sampleJointGoalAndSignal_afterNewGoal,1,0.6394561869772462,"sampleJointGoal+Signal
afterNewGoal"
session_5_player2,sampleJointGoalAndSignal_afterNewGoal,2,0.7627038015017165,"sampleJointGoal+Signal
afterNewGoal"
session_5_player2,sampleJointGoalAndSignal_afterNewGoal,3,0.8118488031128187,"sampleJointGoal+Signal
afterNewGoal"
session_5_player2,sampleJointGoalAndSignal_afterNewGoal,4,0.8150530204270272,"sampleJointGoal+Signal
afterNewGoal"
session_5_player2,sampleJointGoalAndSignal_afterNewGoal,5,0.8817436830114869,"sampleJointGoal+Signal
afterNewGoal"
session_5_player2,sampleJointGoalAndSignal_fromStart,0,0.5,"sampleJointGoal+Signal
fromStart"
session_5_player2,sampleJointGoalAndSignal_fromStart,1,0.7369374111116063,"sampleJointGoal+Signal
fromStart"
session_5_player2,sampleJointGoalAndSignal_fromStart,2,0.7954284902705185,"sampleJointGoal+Signal
fromStart"
session_5_player2,sampleJointGoalAndSignal_fromStart,3,0.8403585827738929,"sampleJointGoal+Signal
fromStart"
session_5_player2,sampleJointGoalAndSignal_fromStart,4,0.8361844398533513,"sampleJointGoal+Signal
fromStart"
session_5_player2,sampleJointGoalAndSignal_fromStart,5,0.8557743280508712,"sampleJointGoal+Signal
fromStart"
session_5_player2,sampleJointGoal_afterNewGoal,0,0.5,"sampleJointGoal
afterNewGoal"
session_5_player2,sampleJointGoal_afterNewGoal,1,0.8511529794222218,"sampleJointGoal
afterNewGoal"
session_5_player2,sampleJointGoal_afterNewGoal,2,0.926113656707411,"sampleJointGoal
afterNewGoal"
session_5_player2,sampleJointGoal_afterNewGoal,3,0.9281660350242495,"sampleJointGoal
afterNewGoal"
session_5_player2,sampleJointGoal_afterNewGoal,4,0.9391924805189432,"sampleJointGoal
afterNewGoal"
session_5_player2,sampleJointGoal_afterNewGoal,5,0.9491135746759439,"sampleJointGoal
afterNewGoal"
session_5_player2,samplePosteriorOnlyGoalAndSignal_fromStart,0,0.5,"samplePosteriorOnlyGoal+Signal
fromStart"
session_5_player2,samplePosteriorOnlyGoalAndSignal_fromStart,1,0.5702131667386334,"samplePosteriorOnlyGoal+Signal
fromStart"
session_5_player2,samplePosteriorOnlyGoalAndSignal_fromStart,2,0.7759740202200753,"samplePosteriorOnlyGoal+Signal
fromStart"
session_5_player2,samplePosteriorOnlyGoalAndSignal_fromStart,3,0.7257800184143727,"samplePosteriorOnlyGoal+Signal
fromStart"
session_5_player2,samplePosteriorOnlyGoalAndSignal_fromStart,4,0.7524145687732176,"samplePosteriorOnlyGoal+Signal
fromStart"
session_5_player2,samplePosteriorOnlyGoalAndSignal_fromStart,5,0.8737108398613884,"samplePosteriorOnlyGoal+Signal
fromStart"
session_6_player1,TwoStageSignalAgent_sigmoidThreshold,0,0.5,"TwoStageSignal
sigmoidThreshold"
session_6_player1,TwoStageSignalAgent_sigmoidThreshold,1,0.7627568983363908,"TwoStageSignal
sigmoidThreshold"
session_6_player1,TwoStageSignalAgent_sigmoidThreshold,2,0.8721770173714575,"TwoStageSignal
sigmoidThreshold"
session_6_player1,TwoStageSignalAgent_sigmoidThreshold,3,0.8722829713510541,"TwoStageSignal
sigmoidThreshold"
session_6_player1,TwoStageSignalAgent_sigmoidThreshold,4,0.8688385431085697,"TwoStageSignal
sigmoidThreshold"
session_6_player1,TwoStageSignalAgent_sigmoidThreshold,5,0.8758874181451775,"TwoStageSignal
sigmoidThreshold"
session_6_player1,sampleJointGoalAndRSASignal_fromStart,0,0.5,"shared-agency
communicative action mixture (legibility over alternatives)
fromStart"
session_6_player1,sampleJointGoalAndRSASignal_fromStart,1,0.8115878616434882,"shared-agency
communicative action mixture (legibility over alternatives)
fromStart"
session_6_player1,sampleJointGoalAndRSASignal_fromStart,2,0.8971585224389396,"shared-agency
communicative action mixture (legibility over alternatives)
fromStart"
session_6_player1,sampleJointGoalAndRSASignal_fromStart,3,0.928315165414383,"shared-agency
communicative action mixture (legibility over alternatives)
fromStart"
session_6_player1,sampleJointGoalAndRSASignal_fromStart,4,0.9954316651680466,"shared-agency
communicative action mixture (legibility over alternatives)
fromStart"
session_6_player1,sampleJointGoalAndRSASignal_fromStart,5,0.9999191460652734,"shared-agency
communicative action mixture (legibility over alternatives)
fromStart"
session_6_player1,sampleJointGoalAndSignal_afterNewGoal,0,0.5,"sampleJointGoal+Signal
afterNewGoal"
session_6_player1,sampleJointGoalAndSignal_afterNewGoal,1,0.85354701095143,"sampleJointGoal+Signal
afterNewGoal"
session_6_player1,sampleJointGoalAndSignal_afterNewGoal,2,0.9148591033071017,"sampleJointGoal+Signal
afterNewGoal"
session_6_player1,sampleJointGoalAndSignal_afterNewGoal,3,0.9963175025790454,"sampleJointGoal+Signal
afterNewGoal"
session_6_player1,sampleJointGoalAndSignal_afterNewGoal,4,0.943422016722789,"sampleJointGoal+Signal
afterNewGoal"
session_6_player1,sampleJointGoalAndSignal_afterNewGoal,5,0.9449903756146739,"sampleJointGoal+Signal
afterNewGoal"
session_6_player1,sampleJointGoalAndSignal_fromStart,0,0.5,"sampleJointGoal+Signal
fromStart"
session_6_player1,sampleJointGoalAndSignal_fromStart,1,0.5686256362737306,"sampleJointGoal+Signal
fromStart"
session_6_player1,sampleJointGoalAndSignal_fromStart,2,0.6028443085138316,"sampleJointGoal+Signal
fromStart"
session_6_player1,sampleJointGoalAndSignal_fromStart,3,0.6141569669144394,"sampleJointGoal+Signal
fromStart"
session_6_player1,sampleJointGoalAndSignal_fromStart,4,0.7680843407173485,"sampleJointGoal+Signal
fromStart"
session_6_player1,sampleJointGoalAndSignal_fromStart,5,0.9799776185837485,"sampleJointGoal+Signal
fromStart"
session_6_player1,sampleJointGoal_afterNewGoal,0,0.5,"sampleJointGoal
afterNewGoal"
session_6_player1,sampleJointGoal_afterNewGoal,1,0.6664055072153976,"sampleJointGoal
afterNewGoal"
session_6_player1,sampleJointGoal_afterNewGoal,2,0.7676098130882795,"sampleJointGoal
afterNewGoal"
session_6_player1,sampleJointGoal_afterNewGoal,3,0.7987248239521096,"sampleJointGoal
afterNewGoal"
session_6_player1,sampleJointGoal_afterNewGoal,4,0.8685872960232109,"sampleJointGoal
afterNewGoal"
session_6_player1,sampleJointGoal_afterNewGoal,5,0.9688174664194303,"sampleJointGoal
afterNewGoal"
session_6_player1,samplePosteriorOnlyGoalAndSignal_fromStart,0,0.5,"samplePosteriorOnlyGoal+Signal
fromStart"
session_6_player1,samplePosteriorOnlyGoalAndSignal_fromStart,1,0.734972680365988,"samplePosteriorOnlyGoal+Signal
fromStart"
session_6_player1,samplePosteriorOnlyGoalAndSignal_fromStart,2,0.7252041798465279,"samplePosteriorOnlyGoal+Signal
fromStart"
session_6_player1,samplePosteriorOnlyGoalAndSignal_fromStart,3,0.7709049249294373,"samplePosteriorOnlyGoal+Signal
fromStart"
session_6_player1,samplePosteriorOnlyGoalAndSignal_fromStart,4,0.8923169186613081,"samplePosteriorOnlyGoal+Signal
fromStart"
session_6_player1,samplePosteriorOnlyGoalAndSignal_fromStart,5,0.8771928682183967,"samplePosteriorOnlyGoal+Signal
fromStart"
session_6_player2,TwoStageSignalAgent_sigmoidThreshold,0,0.5,"TwoStageSignal
sigmoidThreshold"
session_6_player2,TwoStageSignalAgent_sigmoidThreshold,1,0.7885720192308505,"TwoStageSignal
sigmoidThreshold"
session_6_player2,TwoStageSignalAgent_sigmoidThreshold,2,0.9360244680788724,"TwoStageSignal
sigmoidThreshold"
session_6_player2,TwoStageSignalAgent_sigmoidThreshold,3,0.9014750537949499,"TwoStageSignal
sigmoidThreshold"
session_6_player2,TwoStageSignalAgent_sigmoidThreshold,4,0.9018569274235726,"TwoStageSignal
sigmoidThreshold"
session_6_player2,TwoStageSignalAgent_sigmoidThreshold,5,0.9378726627093534,"TwoStageSignal
sigmoidThreshold"
session_6_player2,sampleJointGoalAndRSASignal_fromStart,0,0.5,"shared-agency
communicative action mixture (legibility over alternatives)
fromStart"
session_6_player2,sampleJointGoalAndRSASignal_fromStart,1,0.7185554565561835,"shared-agency
communicative action mixture (legibility over alternatives)
fromStart"
session_6_player2,sampleJointGoalAndRSASignal_fromStart,2,0.7766626868139563,"shared-agency
communicative action mixture (legibility over alternatives)
fromStart"
session_6_player2,sampleJointGoalAndRSASignal_fromStart,3,0.7877051956643082,"shared-agency
communicative action mixture (legibility over alternatives)
fromStart"
session_6_player2,sampleJointGoalAndRSASignal_fromStart,4,0.8724938041115848,"shared-agency
communicative action mixture (legibility over alternatives)
fromStart"
session_6_player2,sampleJointGoalAndRSASignal_fromStart,5,0.931827122844044,"shared-agency
communicative action mixture (legibility over alternatives)
fromStart"
session_6_player2,sampleJointGoalAndSignal_afterNewGoal,0,0.5,"sampleJointGoal+Signal
afterNewGoal"
session_6_player2,sampleJointGoalAndSignal_afterNewGoal,1,0.6656583949976237,"sampleJointGoal+Signal
afterNewGoal"
session_6_player2,sampleJointGoalAndSignal_afterNewGoal,2,0.8977732860304746,"sampleJointGoal+Signal
afterNewGoal"
session_6_player2,sampleJointGoalAndSignal_afterNewGoal,3,0.9123759471930895,"sampleJointGoal+Signal
afterNewGoal"
session_6_player2,sampleJointGoalAndSignal_afterNewGoal,4,0.9204405628900633,"sampleJointGoal+Signal
afterNewGoal"
session_6_player2,sampleJointGoalAndSignal_afterNewGoal,5,0.9402456996390752,"sampleJointGoal+Signal
afterNewGoal"
session_6_player2,sampleJointGoalAndSignal_fromStart,0,0.5,"sampleJointGoal+Signal
fromStart"
session_6_player2,sampleJointGoalAndSignal_fromStart,1,0.6684248996577699,"sampleJointGoal+Signal
fromStart"
session_6_player2,sampleJointGoalAndSignal_fromStart,2,0.7515905762633935,"sampleJointGoal+Signal
fromStart"
session_6_player2,sampleJointGoalAndSignal_fromStart,3,0.8350947319449733,"sampleJointGoal+Signal
fromStart"
session_6_player2,sampleJointGoalAndSignal_fromStart,4,0.8378494959691373,"sampleJointGoal+Signal
fromStart"
session_6_player2,sampleJointGoalAndSignal_fromStart,5,0.8246278560295962,"sampleJointGoal+Signal
fromStart"
session_6_player2,sampleJointGoal_afterNewGoal,0,0.5,"sampleJointGoal
afterNewGoal"
session_6_player2,sampleJointGoal_afterNewGoal,1,0.7493190258495503,"sampleJointGoal
afterNewGoal"
session_6_player2,sampleJointGoal_afterNewGoal,2,0.8054094983574612,"sampleJointGoal
afterNewGoal"
session_6_player2,sampleJointGoal_afterNewGoal,3,0.7971858094513834,"sampleJointGoal
afterNewGoal"
session_6_player2,sampleJointGoal_afterNewGoal,4,0.8088069998821872,"sampleJointGoal
afterNewGoal"
session_6_player2,sampleJointGoal_afterNewGoal,5,0.8368701583267845,"sampleJointGoal
afterNewGoal"
session_6_player2,samplePosteriorOnlyGoalAndSignal_fromStart,0,0.5,"samplePosteriorOnlyGoal+Signal
fromStart"
session_6_player2,samplePosteriorOnlyGoalAndSignal_fromStart,1,0.5710564180376447,"samplePosteriorOnlyGoal+Signal
fromStart"
session_6_player2,samplePosteriorOnlyGoalAndSignal_fromStart,2,0.8028447092611296,"samplePosteriorOnlyGoal+Signal
fromStart"
session_6_player2,samplePosteriorOnlyGoalAndSignal_fromStart,3,0.8762999293697651,"samplePosteriorOnlyGoal+Signal
fromStart"
session_6_player2,samplePosteriorOnlyGoalAndSignal_fromStart,4,0.8603115456460438,"samplePosteriorOnlyGoal+Signal
fromStart"
session_6_player2,samplePosteriorOnlyGoalAndSignal_fromStart,5,0.8497216573032668,"samplePosteriorOnlyGoal+Signal
fromStart"
session_7_player1,TwoStageSignalAgent_sigmoidThreshold,0,0.5,"TwoStageSignal
sigmoidThreshold"
session_7_player1,TwoStageSignalAgent_sigmoidThreshold,1,0.7446854137950326,"TwoStageSignal
sigmoidThreshold"
session_7_player1,TwoStageSignalAgent_sigmoidThreshold,2,0.7449620531793756,"TwoStageSignal
sigmoidThreshold"
session_7_player1,TwoStageSignalAgent_sigmoidThreshold,3,0.8011697024385903,"TwoStageSignal
sigmoidThreshold"
session_7_player1,TwoStageSignalAgent_sigmoidThreshold,4,0.8105505295246087,"TwoStageSignal
sigmoidThreshold"
session_7_player1,TwoStageSignalAgent_sigmoidThreshold,5,0.8178470487394921,"TwoStageSignal
sigmoidThreshold"
session_7_player1,sampleJointGoalAndRSASignal_fromStart,0,0.5,"shared-agency
communicative action mixture (legibility over alternatives)
fromStart"
session_7_player1,sampleJointGoalAndRSASignal_fromStart,1,0.5584582906900319,"shared-agency
communicative action mixture (legibility over alternatives)
fromStart"
session_7_player1,sampleJointGoalAndRSASignal_fromStart,2,0.6884506613452563,"shared-agency
communicative action mixture (legibility over alternatives)
fromStart"
session_7_player1,sampleJointGoalAndRSASignal_fromStart,3,0.7257710698896982,"shared-agency
communicative action mixture (legibility over alternatives)
fromStart"
session_7_player1,sampleJointGoalAndRSASignal_fromStart,4,0.7574769351016436,"shared-agency
communicative action mixture (legibility over alternatives)
fromStart"
session_7_player1,sampleJointGoalAndRSASignal_fromStart,5,0.809296674944387,"shared-agency
communicative action mixture (legibility over alternatives)
fromStart"
session_7_player1,sampleJointGoalAndSignal_afterNewGoal,0,0.5,"sampleJointGoal+Signal
afterNewGoal"
session_7_player1,sampleJointGoalAndSignal_afterNewGoal,1,0.7182347104051503,"sampleJointGoal+Signal
afterNewGoal"
session_7_player1,sampleJointGoalAndSignal_afterNewGoal,2,0.7733650708124712,"sampleJointGoal+Signal
afterNewGoal"
session_7_player1,sampleJointGoalAndSignal_afterNewGoal,3,0.7591694426354694,"sampleJointGoal+Signal
afterNewGoal"
session_7_player1,sampleJointGoalAndSignal_afterNewGoal,4,0.9441710830376309,"sampleJointGoal+Signal
afterNewGoal"
session_7_player1,sampleJointGoalAndSignal_afterNewGoal,5,0.943917245120341,"sampleJointGoal+Signal
afterNewGoal"
session_7_player1,sampleJointGoalAndSignal_fromStart,0,0.5,"sampleJointGoal+Signal
fromStart"
session_7_player1,sampleJointGoalAndSignal_fromStart,1,0.6844567220181259,"sampleJointGoal+Signal
fromStart"
session_7_player1,sampleJointGoalAndSignal_fromStart,2,0.7582429716074032,"sampleJointGoal+Signal
fromStart"
session_7_player1,sampleJointGoalAndSignal_fromStart,3,0.8372020675090737,"sampleJointGoal+Signal
fromStart"
session_7_player1,sampleJointGoalAndSignal_fromStart,4,0.8446061875277528,"sampleJointGoal+Signal
fromStart"
session_7_player1,sampleJointGoalAndSignal_fromStart,5,0.8277457032389223,"sampleJointGoal+Signal
fromStart"
session_7_player1,sampleJointGoal_afterNewGoal,0,0.5,"sampleJointGoal
afterNewGoal"
session_7_player1,sampleJointGoal_afterNewGoal,1,0.6215856628897635,"sampleJointGoal
afterNewGoal"
session_7_player1,sampleJointGoal_afterNewGoal,2,0.7701677558834628,"sampleJointGoal
afterNewGoal"
session_7_player1,sampleJointGoal_afterNewGoal,3,0.8587702969442979,"sampleJointGoal
afterNewGoal"
session_7_player1,sampleJointGoal_afterNewGoal,4,0.9370874746743524,"sampleJointGoal
afterNewGoal"
session_7_player1,sampleJointGoal_afterNewGoal,5,0.9293754671182635,"sampleJointGoal
afterNewGoal"
session_7_player1,samplePosteriorOnlyGoalAndSignal_fromStart,0,0.5,"samplePosteriorOnlyGoal+Signal
fromStart"
session_7_player1,samplePosteriorOnlyGoalAndSignal_fromStart,1,0.739979029340883,"samplePosteriorOnlyGoal+Signal
fromStart"
session_7_player1,samplePosteriorOnlyGoalAndSignal_fromStart,2,0.9890497129199909,"samplePosteriorOnlyGoal+Signal
fromStart"
session_7_player1,samplePosteriorOnlyGoalAndSignal_fromStart,3,0.9977873228888423,"samplePosteriorOnlyGoal+Signal
fromStart"
session_7_player1,samplePosteriorOnlyGoalAndSignal_fromStart,4,0.9964178405952324,"samplePosteriorOnlyGoal+Signal
fromStart"
session_7_player1,samplePosteriorOnlyGoalAndSignal_fromStart,5,0.9999884709244674,"samplePosteriorOnlyGoal+Signal
fromStart"
session_7_player2,TwoStageSignalAgent_sigmoidThreshold,0,0.5,"TwoStageSignal
sigmoidThreshold"
session_7_player2,TwoStageSignalAgent_sigmoidThreshold,1,0.7017342508529117,"TwoStageSignal
sigmoidThreshold"
session_7_player2,TwoStageSignalAgent_sigmoidThreshold,2,0.8264493224949204,"TwoStageSignal
sigmoidThreshold"
session_7_player2,TwoStageSignalAgent_sigmoidThreshold,3,0.8758892937035861,"TwoStageSignal
sigmoidThreshold"
session_7_player2,TwoStageSignalAgent_sigmoidThreshold,4,0.8776936238227477,"TwoStageSignal
sigmoidThreshold"
session_7_player2,TwoStageSignalAgent_sigmoidThreshold,5,0.8802222967259938,"TwoStageSignal
sigmoidThreshold"
session_7_player2,sampleJointGoalAndRSASignal_fromStart,0,0.5,"shared-agency
communicative action mixture (legibility over alternatives)
fromStart"
session_7_player2,sampleJointGoalAndRSASignal_fromStart,1,0.6244701010439166,"shared-agency
communicative action mixture (legibility over alternatives)
fromStart"
session_7_player2,sampleJointGoalAndRSASignal_fromStart,2,0.654881362985941,"shared-agency
communicative action mixture (legibility over alternatives)
fromStart"
session_7_player2,sampleJointGoalAndRSASignal_fromStart,3,0.743512319242296,"shared-agency
communicative action mixture (legibility over alternatives)
fromStart"
session_7_player2,sampleJointGoalAndRSASignal_fromStart,4,0.9308317261020269,"shared-agency
communicative action mixture (legibility over alternatives)
fromStart"
session_7_player2,sampleJointGoalAndRSASignal_fromStart,5,0.9348537997616329,"shared-agency
communicative action mixture (legibility over alternatives)
fromStart"
session_7_player2,sampleJointGoalAndSignal_afterNewGoal,0,0.5,"sampleJointGoal+Signal
afterNewGoal"
session_7_player2,sampleJointGoalAndSignal_afterNewGoal,1,0.7853946819686981,"sampleJointGoal+Signal
afterNewGoal"
session_7_player2,sampleJointGoalAndSignal_afterNewGoal,2,0.8211858458439718,"sampleJointGoal+Signal
afterNewGoal"
session_7_player2,sampleJointGoalAndSignal_afterNewGoal,3,0.8582629680530128,"sampleJointGoal+Signal
afterNewGoal"
session_7_player2,sampleJointGoalAndSignal_afterNewGoal,4,0.85617142347667,"sampleJointGoal+Signal
afterNewGoal"
session_7_player2,sampleJointGoalAndSignal_afterNewGoal,5,0.8502966797201177,"sampleJointGoal+Signal
afterNewGoal"
session_7_player2,sampleJointGoalAndSignal_fromStart,0,0.5,"sampleJointGoal+Signal
fromStart"
session_7_player2,sampleJointGoalAndSignal_fromStart,1,0.6768772196000478,"sampleJointGoal+Signal
fromStart"
session_7_player2,sampleJointGoalAndSignal_fromStart,2,0.7990738136831644,"sampleJointGoal+Signal
fromStart"
session_7_player2,sampleJointGoalAndSignal_fromStart,3,0.9293544811578934,"sampleJointGoal+Signal
fromStart"
session_7_player2,sampleJointGoalAndSignal_fromStart,4,0.9309930571726802,"sampleJointGoal+Signal
fromStart"
session_7_player2,sampleJointGoalAndSignal_fromStart,5,0.9313471428500506,"sampleJointGoal+Signal
fromStart"
session_7_player2,sampleJointGoal_afterNewGoal,0,0.5,"sampleJointGoal
afterNewGoal"
session_7_player2,sampleJointGoal_afterNewGoal,1,0.6364473037110483,"sampleJointGoal
afterNewGoal"
session_7_player2,sampleJointGoal_afterNewGoal,2,0.7734691865607084,"sampleJointGoal
afterNewGoal"
session_7_player2,sampleJointGoal_afterNewGoal,3,0.8129530140929944,"sampleJointGoal
afterNewGoal"
session_7_player2,sampleJointGoal_afterNewGoal,4,0.8882399502883297,"sampleJointGoal
afterNewGoal"
session_7_player2,sampleJointGoal_afterNewGoal,5,0.9102288183333425,"sampleJointGoal
afterNewGoal"
session_7_player2,samplePosteriorOnlyGoalAndSignal_fromStart,0,0.5,"samplePosteriorOnlyGoal+Signal
fromStart"
session_7_player2,samplePosteriorOnlyGoalAndSignal_fromStart,1,0.763051111620787,"samplePosteriorOnlyGoal+Signal
fromStart"
session_7_player2,samplePosteriorOnlyGoalAndSignal_fromStart,2,0.883089109729129,"samplePosteriorOnlyGoal+Signal
fromStart"
session_7_player2,samplePosteriorOnlyGoalAndSignal_fromStart,3,0.9957896173927863,"samplePosteriorOnlyGoal+Signal
fromStart"
session_7_player2,samplePosteriorOnlyGoalAndSignal_fromStart,4,0.9999610445844922,"samplePosteriorOnlyGoal+Signal
fromStart"
session_7_player2,samplePosteriorOnlyGoalAndSignal_fromStart,5,0.9292951695870941,"samplePosteriorOnlyGoal+Signal
fromStart"
session_8_player1,TwoStageSignalAgent_sigmoidThreshold,0,0.5,"TwoStageSignal
sigmoidThreshold"
session_8_player1,TwoStageSignalAgent_sigmoidThreshold,1,0.6804364482805654,"TwoStageSignal
sigmoidThreshold"
session_8_player1,TwoStageSignalAgent_sigmoidThreshold,2,0.8330306060077236,"TwoStageSignal
sigmoidThreshold"
session_8_player1,TwoStageSignalAgent_sigmoidThreshold,3,0.9431887290652501,"TwoStageSignal
sigmoidThreshold"
session_8_player1,TwoStageSignalAgent_sigmoidThreshold,4,0.943477257310313,"TwoStageSignal
sigmoidThreshold"
session_8_player1,TwoStageSignalAgent_sigmoidThreshold,5,0.9368940966682716,"TwoStageSignal
sigmoidThreshold"
session_8_player1,sampleJointGoalAndRSASignal_fromStart,0,0.5,"shared-agency
communicative action mixture (legibility over alternatives)
fromStart"
session_8_player1,sampleJointGoalAndRSASignal_fromStart,1,0.7468002716646098,"shared-agency
communicative action mixture (legibility over alternatives)
fromStart"
session_8_player1,sampleJointGoalAndRSASignal_fromStart,2,0.768072900640369,"shared-agency
communicative action mixture (legibility over alternatives)
fromStart"
session_8_player1,sampleJointGoalAndRSASignal_fromStart,3,0.7765009599541535,"shared-agency
communicative action mixture (legibility over alternatives)
fromStart"
session_8_player1,sampleJointGoalAndRSASignal_fromStart,4,0.7988485479063144,"shared-agency
communicative action mixture (legibility over alternatives)
fromStart"
session_8_player1,sampleJointGoalAndRSASignal_fromStart,5,0.822266136993778,"shared-agency
communicative action mixture (legibility over alternatives)
fromStart"
session_8_player1,sampleJointGoalAndSignal_afterNewGoal,0,0.5,"sampleJointGoal+Signal
afterNewGoal"
session_8_player1,sampleJointGoalAndSignal_afterNewGoal,1,0.5766717670538692,"sampleJointGoal+Signal
afterNewGoal"
session_8_player1,sampleJointGoalAndSignal_afterNewGoal,2,0.7119367696599633,"sampleJointGoal+Signal
afterNewGoal"
session_8_player1,sampleJointGoalAndSignal_afterNewGoal,3,0.7756076324830754,"sampleJointGoal+Signal
afterNewGoal"
session_8_player1,sampleJointGoalAndSignal_afterNewGoal,4,0.8588235228830998,"sampleJointGoal+Signal
afterNewGoal"
session_8_player1,sampleJointGoalAndSignal_afterNewGoal,5,0.8604367549694344,"sampleJointGoal+Signal
afterNewGoal"
session_8_player1,sampleJointGoalAndSignal_fromStart,0,0.5,"sampleJointGoal+Signal
fromStart"
session_8_player1,sampleJointGoalAndSignal_fromStart,1,0.7890190400771085,"sampleJointGoal+Signal
fromStart"
session_8_player1,sampleJointGoalAndSignal_fromStart,2,0.8231441747834352,"sampleJointGoal+Signal
fromStart"
session_8_player1,sampleJointGoalAndSignal_fromStart,3,0.8323866431434105,"sampleJointGoal+Signal
fromStart"
session_8_player1,sampleJointGoalAndSignal_fromStart,4,0.8401366899140388,"sampleJointGoal+Signal
fromStart"
session_8_player1,sampleJointGoalAndSignal_fromStart,5,0.8601122271000804,"sampleJointGoal+Signal
fromStart"
session_8_player1,sampleJointGoal_afterNewGoal,0,0.5,"sampleJointGoal
afterNewGoal"
session_8_player1,sampleJointGoal_afterNewGoal,1,0.7189617668804102,"sampleJointGoal
afterNewGoal"
session_8_player1,sampleJointGoal_afterNewGoal,2,0.8186865089935863,"sampleJointGoal
afterNewGoal"
session_8_player1,sampleJointGoal_afterNewGoal,3,0.8183156557308896,"sampleJointGoal
afterNewGoal"
session_8_player1,sampleJointGoal_afterNewGoal,4,0.9167588904240478,"sampleJointGoal
afterNewGoal"
session_8_player1,sampleJointGoal_afterNewGoal,5,0.9314932732554185,"sampleJointGoal
afterNewGoal"
session_8_player1,samplePosteriorOnlyGoalAndSignal_fromStart,0,0.5,"samplePosteriorOnlyGoal+Signal
fromStart"
session_8_player1,samplePosteriorOnlyGoalAndSignal_fromStart,1,0.8628442638062426,"samplePosteriorOnlyGoal+Signal
fromStart"
session_8_player1,samplePosteriorOnlyGoalAndSignal_fromStart,2,0.7944131673030211,"samplePosteriorOnlyGoal+Signal
fromStart"
session_8_player1,samplePosteriorOnlyGoalAndSignal_fromStart,3,0.9177265587496996,"samplePosteriorOnlyGoal+Signal
fromStart"
session_8_player1,samplePosteriorOnlyGoalAndSignal_fromStart,4,0.9190078434781257,"samplePosteriorOnlyGoal+Signal
fromStart"
session_8_player1,samplePosteriorOnlyGoalAndSignal_fromStart,5,0.9101782598734346,"samplePosteriorOnlyGoal+Signal
fromStart"
session_8_player2,TwoStageSignalAgent_sigmoidThreshold,0,0.5,"TwoStageSignal
sigmoidThreshold"
session_8_player2,TwoStageSignalAgent_sigmoidThreshold,1,0.72342845202618,"TwoStageSignal
sigmoidThreshold"
session_8_player2,TwoStageSignalAgent_sigmoidThreshold,2,0.7241630538268837,"TwoStageSignal
sigmoidThreshold"
session_8_player2,TwoStageSignalAgent_sigmoidThreshold,3,0.7868475936971373,"TwoStageSignal
sigmoidThreshold"
session_8_player2,TwoStageSignalAgent_sigmoidThreshold,4,0.7979485266891887,"TwoStageSignal
sigmoidThreshold"
session_8_player2,TwoStageSignalAgent_sigmoidThreshold,5,0.8350118490699253,"TwoStageSignal
sigmoidThreshold"
session_8_player2,sampleJointGoalAndRSASignal_fromStart,0,0.5,"shared-agency
communicative action mixture (legibility over alternatives)
fromStart"
session_8_player2,sampleJointGoalAndRSASignal_fromStart,1,0.6859147023300584,"shared-agency
communicative action mixture (legibility over alternatives)
fromStart"
session_8_player2,sampleJointGoalAndRSASignal_fromStart,2,0.7743842276706301,"shared-agency
communicative action mixture (legibility over alternatives)
fromStart"
session_8_player2,sampleJointGoalAndRSASignal_fromStart,3,0.7328470191082976,"shared-agency
communicative action mixture (legibility over alternatives)
fromStart"
session_8_player2,sampleJointGoalAndRSASignal_fromStart,4,0.8648407615544736,"shared-agency
communicative action mixture (legibility over alternatives)
fromStart"
session_8_player2,sampleJointGoalAndRSASignal_fromStart,5,0.8789608909262978,"shared-agency
communicative action mixture (legibility over alternatives)
fromStart"
session_8_player2,sampleJointGoalAndSignal_afterNewGoal,0,0.5,"sampleJointGoal+Signal
afterNewGoal"
session_8_player2,sampleJointGoalAndSignal_afterNewGoal,1,0.5688247194223981,"sampleJointGoal+Signal
afterNewGoal"
session_8_player2,sampleJointGoalAndSignal_afterNewGoal,2,0.7193455487255462,"sampleJointGoal+Signal
afterNewGoal"
session_8_player2,sampleJointGoalAndSignal_afterNewGoal,3,0.8049597417645931,"sampleJointGoal+Signal
afterNewGoal"
session_8_player2,sampleJointGoalAndSignal_afterNewGoal,4,0.8430299075600199,"sampleJointGoal+Signal
afterNewGoal"
session_8_player2,sampleJointGoalAndSignal_afterNewGoal,5,0.9200252105390577,"sampleJointGoal+Signal
afterNewGoal"
session_8_player2,sampleJointGoalAndSignal_fromStart,0,0.5,"sampleJointGoal+Signal
fromStart"
session_8_player2,sampleJointGoalAndSignal_fromStart,1,0.6300916797393102,"sampleJointGoal+Signal
fromStart"
session_8_player2,sampleJointGoalAndSignal_fromStart,2,0.7224415887953488,"sampleJointGoal+Signal
fromStart"
session_8_player2,sampleJointGoalAndSignal_fromStart,3,0.7093775900055231,"sampleJointGoal+Signal
fromStart"
session_8_player2,sampleJointGoalAndSignal_fromStart,4,0.8771001099147381,"sampleJointGoal+Signal
fromStart"
session_8_player2,sampleJointGoalAndSignal_fromStart,5,0.9637657046672291,"sampleJointGoal+Signal
fromStart"
session_8_player2,sampleJointGoal_afterNewGoal,0,0.5,"sampleJointGoal
afterNewGoal"
session_8_player2,sampleJointGoal_afterNewGoal,1,0.5613893617851513,"sampleJointGoal
afterNewGoal"
session_8_player2,sampleJointGoal_afterNewGoal,2,0.6080099471364748,"sampleJointGoal
afterNewGoal"
session_8_player2,sampleJointGoal_afterNewGoal,3,0.8068824409195294,"sampleJointGoal
afterNewGoal"
session_8_player2,sampleJointGoal_afterNewGoal,4,0.8032187895971064,"sampleJointGoal
afterNewGoal"
session_8_player2,sampleJointGoal_afterNewGoal,5,0.8164928072949922,"sampleJointGoal
afterNewGoal"
session_8_player2,samplePosteriorOnlyGoalAndSignal_fromStart,0,0.5,"samplePosteriorOnlyGoal+Signal
fromStart"
session_8_player2,samplePosteriorOnlyGoalAndSignal_fromStart,1,0.7120349484804119,"samplePosteriorOnlyGoal+Signal
fromStart"
session_8_player2,samplePosteriorOnlyGoalAndSignal_fromStart,2,0.9228404352621936,"samplePosteriorOnlyGoal+Signal
fromStart"
session_8_player2,samplePosteriorOnlyGoalAndSignal_fromStart,3,0.9814778251741086,"samplePosteriorOnlyGoal+Signal
fromStart"
session_8_player2,samplePosteriorOnlyGoalAndSignal_fromStart,4,0.9067446383482496,"samplePosteriorOnlyGoal+Signal
fromStart"
session_8_player2,samplePosteriorOnlyGoalAndSignal_fromStart,5,0.9949811026362493,"samplePosteriorOnlyGoal+Signal
fromStart"
session_9_player1,TwoStageSignalAgent_sigmoidThreshold,0,0.5,"TwoStageSignal
sigmoidThreshold"
session_9_player1,TwoStageSignalAgent_sigmoidThreshold,1,0.776739450492368,"TwoStageSignal
sigmoidThreshold"
session_9_player1,TwoStageSignalAgent_sigmoidThreshold,2,0.8713691393422308,"TwoStageSignal
sigmoidThreshold"
session_9_player1,TwoStageSignalAgent_sigmoidThreshold,3,0.9275452859110713,"TwoStageSignal
sigmoidThreshold"
session_9_player1,TwoStageSignalAgent_sigmoidThreshold,4,0.9294450294927553,"TwoStageSignal
sigmoidThreshold"
session_9_player1,TwoStageSignalAgent_sigmoidThreshold,5,0.9297904558951805,"TwoStageSignal
sigmoidThreshold"
session_9_player1,sampleJointGoalAndRSASignal_fromStart,0,0.5,"shared-agency
communicative action mixture (legibility over alternatives)
fromStart"
session_9_player1,sampleJointGoalAndRSASignal_fromStart,1,0.6871371339995898,"shared-agency
communicative action mixture (legibility over alternatives)
fromStart"
session_9_player1,sampleJointGoalAndRSASignal_fromStart,2,0.7536264592481644,"shared-agency
communicative action mixture (legibility over alternatives)
fromStart"
session_9_player1,sampleJointGoalAndRSASignal_fromStart,3,0.754487972285633,"shared-agency
communicative action mixture (legibility over alternatives)
fromStart"
session_9_player1,sampleJointGoalAndRSASignal_fromStart,4,0.7539734389326348,"shared-agency
communicative action mixture (legibility over alternatives)
fromStart"
session_9_player1,sampleJointGoalAndRSASignal_fromStart,5,0.7624767455591309,"shared-agency
communicative action mixture (legibility over alternatives)
fromStart"
session_9_player1,sampleJointGoalAndSignal_afterNewGoal,0,0.5,"sampleJointGoal+Signal
afterNewGoal"
session_9_player1,sampleJointGoalAndSignal_afterNewGoal,1,0.5865995401101376,"sampleJointGoal+Signal
afterNewGoal"
session_9_player1,sampleJointGoalAndSignal_afterNewGoal,2,0.7774440209826464,"sampleJointGoal+Signal
afterNewGoal"
session_9_player1,sampleJointGoalAndSignal_afterNewGoal,3,0.7959161850553846,"sampleJointGoal+Signal
afterNewGoal"
session_9_player1,sampleJointGoalAndSignal_afterNewGoal,4,0.8327016395076937,"sampleJointGoal+Signal
afterNewGoal"
session_9_player1,sampleJointGoalAndSignal_afterNewGoal,5,0.8154238117070268,"sampleJointGoal+Signal
afterNewGoal"
session_9_player1,sampleJointGoalAndSignal_fromStart,0,0.5,"sampleJointGoal+Signal
fromStart"
session_9_player1,sampleJointGoalAndSignal_fromStart,1,0.7038245832349863,"sampleJointGoal+Signal
fromStart"
session_9_player1,sampleJointGoalAndSignal_fromStart,2,0.7546417196214098,"sampleJointGoal+Signal
fromStart"
session_9_player1,sampleJointGoalAndSignal_fromStart,3,0.8405309883446198,"sampleJointGoal+Signal
fromStart"
session_9_player1,sampleJointGoalAndSignal_fromStart,4,0.8489402371654872,"sampleJointGoal+Signal
fromStart"
session_9_player1,sampleJointGoalAndSignal_fromStart,5,0.901552994069319,"sampleJointGoal+Signal
fromStart"
session_9_player1,sampleJointGoal_afterNewGoal,0,0.5,"sampleJointGoal
afterNewGoal"
session_9_player1,sampleJointGoal_afterNewGoal,1,0.7195549423413842,"sampleJointGoal
afterNewGoal"
session_9_player1,sampleJointGoal_afterNewGoal,2,0.797627371219487,"sampleJointGoal
afterNewGoal"
session_9_player1,sampleJointGoal_afterNewGoal,3,0.8881134174111406,"sampleJointGoal
afterNewGoal"
session_9_player1,sampleJointGoal_afterNewGoal,4,0.9449943309018372,"sampleJointGoal
afterNewGoal"
session_9_player1,sampleJointGoal_afterNewGoal,5,0.9998452744673701,"sampleJointGoal
afterNewGoal"
session_9_player1,samplePosteriorOnlyGoalAndSignal_fromStart,0,0.5,"samplePosteriorOnlyGoal+Signal
fromStart"
session_9_player1,samplePosteriorOnlyGoalAndSignal_fromStart,1,0.7119839271189891,"samplePosteriorOnlyGoal+Signal
fromStart"
session_9_player1,samplePosteriorOnlyGoalAndSignal_fromStart,2,0.8806130336120414,"samplePosteriorOnlyGoal+Signal
fromStart"
session_9_player1,samplePosteriorOnlyGoalAndSignal_fromStart,3,0.9041524634773732,"samplePosteriorOnlyGoal+Signal
fromStart"
session_9_player1,samplePosteriorOnlyGoalAndSignal_fromStart,4,0.9161963065712381,"samplePosteriorOnlyGoal+Signal
fromStart"
session_9_player1,samplePosteriorOnlyGoalAndSignal_fromStart,5,0.9152415114076887,"samplePosteriorOnlyGoal+Signal
fromStart"
session_9_player2,TwoStageSignalAgent_sigmoidThreshold,0,0.5,"TwoStageSignal
sigmoidThreshold"
session_9_player2,TwoStageSignalAgent_sigmoidThreshold,1,0.7574707195026661,"TwoStageSignal
sigmoidThreshold"
session_9_player2,TwoStageSignalAgent_sigmoidThreshold,2,0.8542015921823333,"TwoStageSignal
sigmoidThreshold"
session_9_player2,TwoStageSignalAgent_sigmoidThreshold,3,0.9293987406060247,"TwoStageSignal
sigmoidThreshold"
session_9_player2,TwoStageSignalAgent_sigmoidThreshold,4,0.9295491161366943,"TwoStageSignal
sigmoidThreshold"
session_9_player2,TwoStageSignalAgent_sigmoidThreshold,5,0.9305830555598232,"TwoStageSignal
sigmoidThreshold"
session_9_player2,sampleJointGoalAndRSASignal_fromStart,0,0.5,"shared-agency
communicative action mixture (legibility over alternatives)
fromStart"
session_9_player2,sampleJointGoalAndRSASignal_fromStart,1,0.6265358275376514,"shared-agency
communicative action mixture (legibility over alternatives)
fromStart"
session_9_player2,sampleJointGoalAndRSASignal_fromStart,2,0.6157452340430251,"shared-agency
communicative action mixture (legibility over alternatives)
fromStart"
session_9_player2,sampleJointGoalAndRSASignal_fromStart,3,0.682571745707076,"shared-agency
communicative action mixture (legibility over alternatives)
fromStart"
session_9_player2,sampleJointGoalAndRSASignal_fromStart,4,0.6628101061562768,"shared-agency
communicative action mixture (legibility over alternatives)
fromStart"
session_9_player2,sampleJointGoalAndRSASignal_fromStart,5,0.6761283787554249,"shared-agency
communicative action mixture (legibility over alternatives)
fromStart"
session_9_player2,sampleJointGoalAndSignal_afterNewGoal,0,0.5,"sampleJointGoal+Signal
afterNewGoal"
session_9_player2,sampleJointGoalAndSignal_afterNewGoal,1,0.7046994431738306,"sampleJointGoal+Signal
afterNewGoal"
session_9_player2,sampleJointGoalAndSignal_afterNewGoal,2,0.784363740321122,"sampleJointGoal+Signal
afterNewGoal"
session_9_player2,sampleJointGoalAndSignal_afterNewGoal,3,0.7624916942780287,"sampleJointGoal+Signal
afterNewGoal"
session_9_player2,sampleJointGoalAndSignal_afterNewGoal,4,0.781251824219269,"sampleJointGoal+Signal
afterNewGoal"
session_9_player2,sampleJointGoalAndSignal_afterNewGoal,5,0.8207057394277506,"sampleJointGoal+Signal
afterNewGoal"
session_9_player2,sampleJointGoalAndSignal_fromStart,0,0.5,"sampleJointGoal+Signal
fromStart"
session_9_player2,sampleJointGoalAndSignal_fromStart,1,0.5606448827472068,"sampleJointGoal+Signal
fromStart"
session_9_player2,sampleJointGoalAndSignal_fromStart,2,0.646447789227483,"sampleJointGoal+Signal
fromStart"
session_9_player2,sampleJointGoalAndSignal_fromStart,3,0.6969602784223279,"sampleJointGoal+Signal
fromStart"
session_9_player2,sampleJointGoalAndSignal_fromStart,4,0.7716818740736289,"sampleJointGoal+Signal
fromStart"
session_9_player2,sampleJointGoalAndSignal_fromStart,5,0.7946610492070215,"sampleJointGoal+Signal
fromStart"
session_9_player2,sampleJointGoal_afterNewGoal,0,0.5,"sampleJointGoal
afterNewGoal"
session_9_player2,sampleJointGoal_afterNewGoal,1,0.8279715698777449,"sampleJointGoal
afterNewGoal"
session_9_player2,sampleJointGoal_afterNewGoal,2,0.8320449817747133,"sampleJointGoal
afterNewGoal"
session_9_player2,sampleJointGoal_afterNewGoal,3,0.9432766532257221,"sampleJointGoal
afterNewGoal"
session_9_player2,sampleJointGoal_afterNewGoal,4,0.9433638024558147,"sampleJointGoal
afterNewGoal"
session_9_player2,sampleJointGoal_afterNewGoal,5,0.9366506717132657,"sampleJointGoal
afterNewGoal"
session_9_player2,samplePosteriorOnlyGoalAndSignal_fromStart,0,0.5,"samplePosteriorOnlyGoal+Signal
fromStart"
session_9_player2,samplePosteriorOnlyGoalAndSignal_fromStart,1,0.7634725774083938,"samplePosteriorOnlyGoal+Signal
fromStart"
session_9_player2,samplePosteriorOnlyGoalAndSignal_fromStart,2,0.8285678382895268,"samplePosteriorOnlyGoal+Signal
fromStart"
session_9_player2,samplePosteriorOnlyGoalAndSignal_fromStart,3,0.8136193023400136,"samplePosteriorOnlyGoal+Signal
fromStart"
session_9_player2,samplePosteriorOnlyGoalAndSignal_fromStart,4,0.5238419502388806,"samplePosteriorOnlyGoal+Signal
fromStart"
session_9_player2,samplePosteriorOnlyGoalAndSignal_fromStart,5,0.732656890865587,"samplePosteriorOnlyGoal+Signal
fromStart"
