group,participantId,sessionIndex,trialIndex,playerIndex,distanceCondition,nSteps,posteriors
sampleJointGoal_afterNewGoal,session_0_player1,0,1,1,closer_to_player1,9,"[0.5, 0.6234402303769363, 0.9996814937362163, 0.9999998405669708, 0.9999999997841638, 0.9999999998920898, 0.9999999999460545, 0.9999999999730346, 0.9999999999866092]"
sampleJointGoal_afterNewGoal,session_0_player2,0,1,2,closer_to_player1,9,"[0.5, 0.5028816702504644, 0.5045821069736484, 0.5063973085690441, 0.5127851828417678, 0.5417222936795391, 0.543233992311721, 0.5438591712741471, 0.5440801660526089]"
sampleJointGoal_afterNewGoal,session_0_player1,0,5,1,closer_to_player1,13,"[0.5, 0.8572730129355463, 0.8506516049912219, 0.84534982265894, 0.8478829600752972, 0.9022313300611513, 0.9999428423544532, 0.9999219721216329, 0.9999999858147544, 0.999999989348187, 0.999999999998058, 0.9999999999990292, 0.9999999999995179]"
sampleJointGoal_afterNewGoal,session_0_player2,0,5,2,closer_to_player1,9,"[0.5, 0.5044483642990946, 0.5026973394280589, 0.5091558726676478, 0.522351756907991, 0.525557270761742, 0.5270757413419074, 0.5277038083034449, 0.5279258361962325]"
sampleJointGoal_afterNewGoal,session_0_player1,0,6,1,closer_to_player1,9,"[0.5, 0.5032200578718719, 0.6096668326003067, 0.9999012361595301, 0.9998684784210108, 0.9998329734644494, 0.9999999973833924, 0.9999999977577821, 0.9999999981171291]"
sampleJointGoal_afterNewGoal,session_0_player2,0,6,2,closer_to_player1,9,"[0.5, 0.5035279324580101, 0.5057103105047068, 0.5069278744775713, 0.5037104678128063, 0.3969502584694738, 0.5683532984217492, 0.7248314742522473, 0.8413806121060038]"
sampleJointGoal_afterNewGoal,session_0_player1,0,7,1,closer_to_player2,9,"[0.5, 0.5024478721186529, 0.5036336810910154, 0.511459642354227, 0.5259527935817682, 0.4355025475016374, 0.6294746480506676, 0.9991889550026516, 0.9988356442113989]"
sampleJointGoal_afterNewGoal,session_0_player2,0,7,2,closer_to_player2,9,"[0.5, 0.9996537651309405, 0.9999997146022817, 0.9999997993583996, 0.9999998563400008, 0.9999998952176153, 0.999999999975357, 0.9999999999925405, 0.9999999999999979]"
sampleJointGoal_afterNewGoal,session_0_player1,0,9,1,equal_to_both,9,"[0.5, 0.49958791452450624, 0.4917269811427831, 0.9994085866647155, 0.9999992565224742, 0.9999999980839362, 0.9999999999903808, 0.9999999999999085, 0.9999999999999982]"
sampleJointGoal_afterNewGoal,session_0_player2,0,9,2,equal_to_both,9,"[0.5, 0.9966362343657577, 0.999979159309071, 0.9999794386423874, 0.9999804893334743, 0.999999909138251, 0.9999999992190791, 0.999999999615994, 0.9999999999948472]"
sampleJointGoal_afterNewGoal,session_0_player1,0,10,1,closer_to_player2,9,"[0.5, 0.5034526368799835, 0.5057020704132458, 0.5065791828346065, 0.5077268791960884, 0.502474814874444, 0.49706755930820967, 0.5393822649523008, 0.4668376923395793]"
sampleJointGoal_afterNewGoal,session_0_player2,0,10,2,closer_to_player2,9,"[0.5, 0.5046603768742102, 0.6111869694933421, 0.9999018701892687, 0.999999982160528, 0.9999999999905133, 0.9999999999952575, 0.9999999999976293, 0.9999999999988227]"
sampleJointGoal_afterNewGoal,session_0_player1,0,11,1,equal_to_both,11,"[0.5, 0.988651041283758, 0.9893737723384306, 0.9998844330643353, 0.9998883470322558, 0.9998899148473305, 0.9998939221051815, 0.9999996313975001, 0.9999999975223256, 0.9999999983025188, 0.9999999999893966]"
sampleJointGoal_afterNewGoal,session_0_player2,0,11,2,equal_to_both,13,"[0.5, 0.49999981874973665, 0.9938491223159589, 0.993893743354723, 0.9939296532958669, 0.9999792359317451, 0.9999799898618743, 0.9999826957991584, 0.9999999713075834, 0.9999872544715384, 0.9999999143274865, 0.9999999989219249, 0.999999999972993]"
sampleJointGoal_afterNewGoal,session_1_player1,1,0,1,closer_to_player1,9,"[0.5, 0.5031065328624911, 0.6083712369296953, 0.999958232387568, 0.9999999777706822, 0.9999999999833296, 0.9999999999999932, 1.0, 1.0]"
sampleJointGoal_afterNewGoal,session_1_player2,1,0,2,closer_to_player1,9,"[0.5, 0.5039936110961619, 0.5062347968534642, 0.9940335505914867, 0.999936688334373, 0.9999989010385245, 0.9999991647442285, 0.9999992966557585, 0.9999999913314203]"
sampleJointGoal_afterNewGoal,session_1_player1,1,2,1,equal_to_both,12,"[0.5, 0.5000284385312168, 0.5000304381471883, 0.9938494029172098, 0.9999345493025321, 0.999998884727597, 0.9999999709711007, 0.9999999988789946, 0.9999999998951263, 0.999999999952902, 0.9999999999787678, 0.9999999999906979]"
sampleJointGoal_afterNewGoal,session_1_player2,1,2,2,equal_to_both,12,"[0.5, 0.500026772433551, 0.9894502513928599, 0.999817337720236, 0.9999952288639999, 0.9999998188612627, 0.9999998328102138, 0.9999999935436228, 0.9999999955080192, 0.9999999997371974, 0.9999999998815258, 0.9999999999480951]"
sampleJointGoal_afterNewGoal,session_1_player1,1,3,1,closer_to_player2,9,"[0.5, 0.9822384764675455, 0.9995275339080939, 0.9995446832889545, 0.9995493272807319, 0.9993185571973643, 0.9999964051115882, 0.9999999693841083, 0.9999999995920925]"
sampleJointGoal_afterNewGoal,session_1_player2,1,3,2,closer_to_player2,9,"[0.5, 0.9995386962932287, 0.9999994646932852, 0.9999999990780185, 0.999999999996832, 0.9999999999999855, 0.9999999999999997, 1.0, 1.0]"
sampleJointGoal_afterNewGoal,session_1_player1,1,5,1,closer_to_player2,9,"[0.5, 0.9832163562004733, 0.9995552575863569, 0.9999827585874774, 0.9999880982798105, 0.9999913927686868, 0.9999933585383218, 0.9999998644457482, 0.9999999339618004]"
sampleJointGoal_afterNewGoal,session_1_player2,1,5,2,closer_to_player2,9,"[0.5, 0.9996544312361458, 0.9999997176528216, 0.9999997331272137, 0.9999999997034444, 0.9999999998740431, 0.9999999999997458, 0.9999999999999989, 1.0]"
sampleJointGoal_afterNewGoal,session_1_player1,1,6,1,closer_to_player1,8,"[0.5, 0.9999563657070643, 0.9999999941206338, 0.9999999999985434, 0.9999999999999982, 1.0, 1.0, 1.0]"
sampleJointGoal_afterNewGoal,session_1_player2,1,6,2,closer_to_player1,8,"[0.5, 0.4217660174093228, 0.5655412662524825, 0.9783562303094699, 0.9996401543253397, 0.999993468744567, 0.999999786407222, 0.9999998958122323]"
sampleJointGoal_afterNewGoal,session_1_player1,1,7,1,closer_to_player2,10,"[0.5, 0.5909930604460928, 0.4565208300897152, 0.626843726141414, 0.34035000454398734, 0.23823481408536495, 0.3848238413113889, 0.5558241290918029, 0.7145690877514724, 0.8345631624633392]"
sampleJointGoal_afterNewGoal,session_1_player2,1,7,2,closer_to_player2,3,"[0.5, 0.5417265896767901, 0.647464118185654]"
sampleJointGoal_afterNewGoal,session_1_player1,1,8,1,closer_to_player1,6,"[0.5, 0.4967799421273604, 0.5721346004975519, 0.6313561923965286, 0.6698762252033812, 0.7529572767965754]"
sampleJointGoal_afterNewGoal,session_1_player2,1,8,2,closer_to_player1,9,"[0.5, 0.5030114569565336, 0.5051948452084931, 0.506412608253975, 0.511075598759968, 0.5135471338798254, 0.5194564610648907, 0.4767655915364052, 0.5778167439343767]"
sampleJointGoal_afterNewGoal,session_1_player1,1,9,1,equal_to_both,9,"[0.5, 0.9966297924994918, 0.9966565217100126, 0.9999883254683489, 0.999999925173803, 0.9999999991666533, 0.9999999999777032, 0.9999999999899346, 0.9999999999970972]"
sampleJointGoal_afterNewGoal,session_1_player2,1,9,2,equal_to_both,9,"[0.5, 0.996646445117719, 0.9999792864034927, 0.9999794825982038, 0.9999793342049643, 0.9999999467398158, 0.9999999302141934, 0.9999999998363702, 0.9999999999992969]"
sampleJointGoal_afterNewGoal,session_1_player1,1,10,1,equal_to_both,9,"[0.5, 0.5000003208883179, 0.9982965180235982, 0.998302958473129, 0.999997065859916, 0.9999971689053261, 0.9999999947585893, 0.9999999964611855, 0.9999999999941331]"
sampleJointGoal_afterNewGoal,session_1_player2,1,10,2,equal_to_both,9,"[0.5, 0.9966371798229628, 0.9999791742756107, 0.9999997797863365, 0.9999999961897486, 0.999999999851149, 0.9999999999287135, 0.9999999999654767, 0.9999999999839643]"
sampleJointGoal_afterNewGoal,session_2_player1,2,0,1,closer_to_player1,9,"[0.5, 0.999655719783886, 0.9999997199502725, 0.9999999994960219, 0.9999999999987441, 0.9999999999999855, 0.9999999999999999, 1.0, 1.0]"
sampleJointGoal_afterNewGoal,session_2_player2,2,0,2,closer_to_player1,9,"[0.5, 0.9822449122045728, 0.9995279915465427, 0.9999821439504875, 0.9999830764982162, 0.9999993634058493, 0.9999993968594562, 0.9999993064702988, 0.9999999907612145]"
sampleJointGoal_afterNewGoal,session_2_player1,2,2,1,closer_to_player1,9,"[0.5, 0.9994007961732946, 0.9999977349905677, 0.9999999941202294, 0.9999999999790893, 0.9999999999998017, 0.999999999999999, 1.0, 1.0]"
sampleJointGoal_afterNewGoal,session_2_player2,2,2,2,closer_to_player1,9,"[0.5, 0.5030311314870644, 0.9899923915165062, 0.9998319904230356, 0.9998337476542329, 0.9999979048177855, 0.9999999573152559, 0.9999999509336175, 0.9999999993585086]"
sampleJointGoal_afterNewGoal,session_2_player1,2,3,1,equal_to_both,12,"[0.5, 0.5000267724274141, 0.5000285381057885, 0.5000286871314532, 0.9966421397655739, 0.999979216693352, 0.9999997802358422, 0.9999999962477587, 0.9999999963895868, 0.9999999999354092, 0.9999999999492625, 0.9999999999704585]"
sampleJointGoal_afterNewGoal,session_2_player2,2,3,2,equal_to_both,12,"[0.5, 0.5000398882181271, 0.9894506526142338, 0.9998173423767727, 0.9999952289320617, 0.9999954151099674, 0.9999998806614188, 0.9999998869871786, 0.9999998912588878, 0.9999999980546057, 0.9999999999318604, 0.9999999999701473]"
sampleJointGoal_afterNewGoal,session_2_player1,2,5,1,closer_to_player2,9,"[0.5, 0.5024426719423568, 0.5036164882772318, 0.49822901995753993, 0.99758045623773, 0.9999889666989736, 0.9999999090999492, 0.9999999986746001, 0.9999999987023391]"
sampleJointGoal_afterNewGoal,session_2_player2,2,5,2,closer_to_player2,9,"[0.5, 0.9995265215309084, 0.9999994482709206, 0.9999999977725885, 0.9999999994013015, 0.9999999999975213, 0.9999999999999936, 1.0, 1.0]"
sampleJointGoal_afterNewGoal,session_2_player1,2,8,1,equal_to_both,9,"[0.5, 0.9966410501401075, 0.999979232973666, 0.9999794458051721, 0.9999998732535271, 0.999999998650972, 0.9999999989538069, 0.999999999986302, 0.9999999999936373]"
sampleJointGoal_afterNewGoal,session_2_player2,2,8,2,equal_to_both,9,"[0.5, 0.4999986184691912, 0.998296389187001, 0.9983028709546753, 0.9999970656891274, 0.9999999898681644, 0.9999999903857464, 0.9999999935087995, 0.9999999999892383]"
sampleJointGoal_afterNewGoal,session_2_player1,2,9,1,closer_to_player2,7,"[0.5, 0.6680119183325737, 0.801660729821048, 0.8901827297610746, 0.942033739696567, 0.9708206426880045, 0.9906537109681893]"
sampleJointGoal_afterNewGoal,session_2_player2,2,9,2,closer_to_player2,5,"[0.5, 1.0, 1.0, 1.0, 1.0]"
sampleJointGoal_afterNewGoal,session_2_player1,2,10,1,closer_to_player1,8,"[0.5, 0.5019018292524252, 0.5092228320590216, 0.5138872026499252, 0.5163589858859813, 0.5222661466393012, 0.5951178158088479, 0.595332457737016]"
sampleJointGoal_afterNewGoal,session_2_player2,2,10,2,closer_to_player1,9,"[0.5, 0.5045359656516974, 0.5077370829054993, 0.514436329662989, 0.5101140651338073, 0.539073525493244, 0.540587193501112, 0.5412129430138078, 0.5414341389307107]"
sampleJointGoal_afterNewGoal,session_2_player1,2,11,1,closer_to_player2,7,"[0.5, 0.36759104452506597, 0.537966964074767, 0.7000103278620478, 0.8270903400660897, 0.9404839956847184, 0.999982572699182]"
sampleJointGoal_afterNewGoal,session_2_player2,2,11,2,closer_to_player2,7,"[0.5, 0.499909861655833, 0.5441404869444738, 0.9999939581003765, 0.9999999998045387, 0.9999999999999931, 1.0]"
sampleJointGoal_afterNewGoal,session_3_player1,3,0,1,closer_to_player1,9,"[0.5, 0.5036213050698426, 0.999831623409945, 0.9999999210243296, 0.999999999856919, 0.9999999999596432, 0.9999999999999236, 0.9999999999999999, 1.0]"
sampleJointGoal_afterNewGoal,session_3_player2,3,0,2,closer_to_player1,9,"[0.5, 0.3528552597885968, 0.9188902251558932, 0.9976660403114055, 0.9999297138361016, 0.9999934160169941, 0.9999965001403496, 0.9999980835492182, 0.9999989225113174]"
sampleJointGoal_afterNewGoal,session_3_player1,3,1,1,closer_to_player2,8,"[0.5, 0.5019426805459648, 0.497139210651172, 0.3738736712393902, 0.998574479164502, 0.9999976019404268, 0.9999999926238139, 0.9999999999611178]"
sampleJointGoal_afterNewGoal,session_3_player2,3,1,2,closer_to_player2,10,"[0.5, 0.9994755835218665, 0.7150489189931379, 0.9999149252736061, 0.9999999490978997, 0.9999999998107019, 0.9999999999995486, 0.9999999999999971, 1.0, 1.0]"
sampleJointGoal_afterNewGoal,session_3_player1,3,2,1,closer_to_player1,7,"[0.5, 0.5027744337091765, 0.5028474903750202, 0.5052695593467502, 0.5116337866652569, 0.5945345085756584, 0.5966081354375684]"
sampleJointGoal_afterNewGoal,session_3_player2,3,2,2,closer_to_player1,9,"[0.5, 0.5028347458555446, 0.5044811512935116, 0.5053116467387534, 0.5064929547357452, 0.513373475199792, 0.4860331636369094, 0.5696192499174485, 0.5717284285310693]"
sampleJointGoal_afterNewGoal,session_3_player1,3,4,1,closer_to_player2,9,"[0.5, 0.5034063478532673, 0.5055985206718737, 0.9940180242971876, 0.9940786945856849, 0.994072425006434, 0.9999842973210997, 0.9999999160988964, 0.9999999170748943]"
sampleJointGoal_afterNewGoal,session_3_player2,3,4,2,closer_to_player2,9,"[0.5, 0.5031819560879485, 0.9998315136681116, 0.9998981833246984, 0.9999999782900589, 0.999999999986893, 0.99999999999997, 0.9999999999999999, 1.0]"
sampleJointGoal_afterNewGoal,session_3_player1,3,5,1,equal_to_both,11,"[0.5, 0.4999462295875077, 0.49994481233275817, 0.4999450321567762, 0.49993709789981844, 0.9992060476704474, 0.9999986285155108, 0.999998676681506, 0.9999999975500481, 0.9999999983458796, 0.9999999999972576]"
sampleJointGoal_afterNewGoal,session_3_player2,3,5,2,equal_to_both,11,"[0.5, 0.4999462834028669, 0.49994487552020883, 0.9966401354320463, 0.9966553469637907, 0.9966679744280282, 0.9999942295798074, 0.9999999800755324, 0.9999999998724054, 0.9999999998963351, 0.9999999999991137]"
sampleJointGoal_afterNewGoal,session_3_player1,3,6,1,equal_to_both,10,"[0.5, 0.993848665532102, 0.999934546407268, 0.9999356106035812, 0.99999932046015, 0.9999999882669427, 0.999999999541549, 0.9999999997798679, 0.9999999998933765, 0.9999999999504738]"
sampleJointGoal_afterNewGoal,session_3_player2,3,6,2,equal_to_both,10,"[0.5, 0.4999640815205922, 0.9966366997412078, 0.9966535976688741, 0.9999887001500586, 0.9999887935349174, 0.9999891871261148, 0.9999999799811724, 0.9999999999195791, 0.9999999999542617]"
sampleJointGoal_afterNewGoal,session_3_player1,3,8,1,equal_to_both,10,"[0.5, 0.9938486648523678, 0.9938929886439222, 0.9939204411540046, 0.9939433261023352, 0.999989482318678, 0.9999898516912326, 0.9999920412051538, 0.9999999940895743, 0.9999999999902012]"
sampleJointGoal_afterNewGoal,session_3_player2,3,8,2,equal_to_both,10,"[0.5, 0.4999727703421932, 0.9966367847483895, 0.9966537109432999, 0.9999887005154268, 0.999988793911599, 0.999999961306346, 0.9999999632830067, 0.9999999998524983, 0.9999999999161104]"
sampleJointGoal_afterNewGoal,session_3_player1,3,9,1,closer_to_player2,9,"[0.5, 0.5034030953885139, 0.5053812713562419, 0.5126005083163473, 0.5094832055288935, 0.4034703337624863, 0.5750115937030675, 0.7302274072899017, 0.8450660527823066]"
sampleJointGoal_afterNewGoal,session_3_player2,3,9,2,closer_to_player2,9,"[0.5, 0.9984830191766435, 0.9979098859294687, 0.9971520066828583, 0.9999994815355335, 0.9999996100694104, 0.9999999999291462, 0.9999999999645838, 0.9999999999824242]"
sampleJointGoal_afterNewGoal,session_3_player1,3,10,1,closer_to_player1,9,"[0.5, 0.9996549410571353, 0.9996631683873921, 0.9997964214786305, 0.9999999565922748, 0.9999999999738852, 0.999999999999922, 0.9999999999999998, 1.0]"
sampleJointGoal_afterNewGoal,session_3_player2,3,10,2,closer_to_player1,9,"[0.5, 0.5029881920022011, 0.505170135197615, 0.9940082561118283, 0.9940689236803743, 0.9999635665190325, 0.9999996158981959, 0.9999996733609579, 0.9999999965462811]"
sampleJointGoal_afterNewGoal,session_4_player1,4,1,1,closer_to_player1,7,"[0.5, 0.4940776807566307, 0.5367359871856892, 0.6077610730591092, 1.0, 1.0, 1.0]"
sampleJointGoal_afterNewGoal,session_4_player2,4,1,2,closer_to_player1,9,"[0.5, 0.5030203411747123, 0.5131555269630969, 0.5083694499207361, 0.5917473263544288, 0.6625411642850025, 0.5859850245978587, 0.7390066016539835, 0.8507877475173844]"
sampleJointGoal_afterNewGoal,session_4_player1,4,3,1,closer_to_player1,5,"[0.5, 0.6438948924345667, 1.0, 1.0, 1.0]"
sampleJointGoal_afterNewGoal,session_4_player2,4,3,2,closer_to_player1,11,"[0.5, 0.5025127430925913, 0.5054933072602168, 0.5174847700971122, 0.43843498624773586, 0.565322127210481, 0.9918915070886828, 0.9933818958479954, 0.9933818958479955, 0.9933818958479955, 0.9945841200451386]"
sampleJointGoal_afterNewGoal,session_4_player1,4,4,1,closer_to_player2,9,"[0.5, 0.5038574028278934, 0.5063210155599186, 0.5075461969967215, 0.5121144744710526, 0.5145190353240667, 0.5208703512897652, 0.4747065989227538, 0.4001501385116306]"
sampleJointGoal_afterNewGoal,session_4_player2,4,4,2,closer_to_player2,9,"[0.5, 0.6226181213614916, 0.999681753678485, 0.999999840888138, 0.9999998833180819, 0.9999999122450143, 0.9999999999840541, 0.9999999999920295, 0.9999999999960445]"
sampleJointGoal_afterNewGoal,session_4_player1,4,7,1,closer_to_player2,9,"[0.5, 0.5033927142734028, 0.9897008733496894, 0.9998229904732523, 0.9998275319224642, 0.9999970842804421, 0.9999999228908217, 0.9999999364004462, 0.9999999381472204]"
sampleJointGoal_afterNewGoal,session_4_player2,4,7,2,closer_to_player2,9,"[0.5, 0.6228994970505438, 0.9996824550083954, 0.999999854651727, 0.9999999998279302, 0.9999999999997006, 0.9999999999999989, 1.0, 1.0]"
sampleJointGoal_afterNewGoal,session_4_player1,4,8,1,closer_to_player1,8,"[0.5, 0.5046667614538028, 0.07280421297086706, 0.07407443813235817, 0.07360912885441354, 0.09236841041768346, 0.10760252453405623, 0.1533394672717062]"
sampleJointGoal_afterNewGoal,session_4_player2,4,8,2,closer_to_player1,9,"[0.5, 0.5035279324463005, 0.5058031632813352, 0.5066721859509444, 0.5070380931768651, 0.5053383486510348, 0.5668050920840536, 0.5179219587453606, 0.68388845714741]"
sampleJointGoal_afterNewGoal,session_4_player1,4,10,1,equal_to_both,11,"[0.5, 0.9894522360374424, 0.9998174358893044, 0.9998219995726128, 0.9998248933387913, 0.9999981517920261, 0.9999999680884711, 0.9999999766451816, 0.9999999994578979, 0.9999999997374266, 0.9999999998780358]"
sampleJointGoal_afterNewGoal,session_4_player2,4,10,2,equal_to_both,11,"[0.5, 0.988364216201295, 0.99978109957819, 0.9998149530701959, 0.9998208304920521, 0.9998228403040862, 0.9998243041609046, 0.9999993932381289, 0.9999999961143011, 0.9999999999491233, 0.9999999999763681]"
sampleJointGoal_afterNewGoal,session_4_player1,4,11,1,closer_to_player2,11,"[0.5, 0.983157407779058, 0.9836476076306777, 0.9839060412268831, 0.9998301708943949, 0.9999971302181647, 0.9999999245749166, 0.9999999958101862, 0.9999999958101862, 0.9999999958101862, 0.9999999980172537]"
sampleJointGoal_afterNewGoal,session_4_player2,4,11,2,closer_to_player2,9,"[0.5, 0.9995412644575277, 0.9997344855056433, 0.9999998412575828, 0.9999999997641434, 0.9999999999992103, 0.999999999999992, 0.9999999999999999, 1.0]"
sampleJointGoal_afterNewGoal,session_5_player1,5,0,1,closer_to_player1,9,"[0.5, 0.9996601045919494, 0.9999997285021747, 0.9999999995257784, 0.999999999998858, 0.9999999999999948, 1.0, 1.0, 1.0]"
sampleJointGoal_afterNewGoal,session_5_player2,5,0,2,closer_to_player1,9,"[0.5, 0.9831802844028213, 0.9835626577392266, 0.9997222247200773, 0.9997251269149467, 0.9999965354347244, 0.9999999293517379, 0.9999999187797979, 0.9999999989262024]"
sampleJointGoal_afterNewGoal,session_5_player1,5,1,1,closer_to_player2,8,"[0.5, 0.9889867765322061, 0.989115502742167, 0.9890197198648208, 0.9832027380613625, 0.9999712821332394, 0.9999999117394273, 0.9999999995347385]"
sampleJointGoal_afterNewGoal,session_5_player2,5,1,2,closer_to_player2,8,"[0.5, 0.999511142381727, 0.999999771244412, 0.9999999998117023, 0.9999999999997515, 0.9999999999999988, 1.0, 1.0]"
sampleJointGoal_afterNewGoal,session_5_player1,5,2,1,closer_to_player1,11,"[0.5, 0.9982812181479422, 0.9982763062137948, 0.9982722606503671, 0.9999986340243773, 0.999998646549828, 0.9999999989380465, 0.9999999990768075, 0.9999999999993143, 0.9999999999999989, 1.0]"
sampleJointGoal_afterNewGoal,session_5_player2,5,2,2,closer_to_player1,10,"[0.5, 0.9831979879676457, 0.9995541356366092, 0.9999825595590764, 0.9999882892674584, 0.9999991968789708, 0.9999996273136089, 0.9999998271653991, 0.9999999220764386, 0.9999999220764387]"
sampleJointGoal_afterNewGoal,session_5_player1,5,3,1,equal_to_both,9,"[0.5, 0.9966289159316792, 0.9966592374564742, 0.9999883244946596, 0.9999890942451515, 0.9999939124525357, 0.9999999494834013, 0.9999999996869384, 0.9999999999989947]"
sampleJointGoal_afterNewGoal,session_5_player2,5,3,2,equal_to_both,9,"[0.5, 0.49957933885962014, 0.9983458540105353, 0.9983099298023523, 0.9999979305902391, 0.9999968326059201, 0.9999999972238671, 0.9999999999951716, 0.9999999999999845]"
sampleJointGoal_afterNewGoal,session_5_player1,5,5,1,closer_to_player1,4,"[0.5, 0.5083871155664104, 0.46158157169167935, 0.5785302819659309]"
sampleJointGoal_afterNewGoal,session_5_player2,5,5,2,closer_to_player1,8,"[0.5, 0.5036072381427796, 0.512028082475169, 0.5095030416390075, 0.5849546572060782, 0.643836741204498, 0.5957249607202059, 0.7494591565907377]"
sampleJointGoal_afterNewGoal,session_5_player1,5,6,1,closer_to_player2,9,"[0.5, 0.5034390991401071, 0.5054111215426244, 0.5006243849001613, 0.9976073887353342, 0.9963321533916014, 0.9999938071224461, 0.9999999809114457, 0.9999999998991074]"
sampleJointGoal_afterNewGoal,session_5_player2,5,6,2,closer_to_player2,9,"[0.5, 0.999540327726241, 0.9997343945271258, 0.9999995979330859, 0.9999999995666194, 0.9999999999988678, 0.9999999999999944, 1.0, 1.0]"
sampleJointGoal_afterNewGoal,session_5_player1,5,7,1,equal_to_both,11,"[0.5, 0.9892757183732372, 0.9895452374246761, 0.9896311501859361, 0.9999352970022277, 0.9999361696396734, 0.9999995909549344, 0.9999999954453568, 0.9999999998781586, 0.9999999999449868, 0.9999999999841346]"
sampleJointGoal_afterNewGoal,session_5_player2,5,7,2,equal_to_both,11,"[0.5, 0.989454536474718, 0.9895707013187992, 0.9896448917044448, 0.9896813600875087, 0.9999657166086273, 0.9999654686577253, 0.9999491353464977, 0.9999999397512466, 0.9999999998587321, 0.999999999999393]"
sampleJointGoal_afterNewGoal,session_6_player1,6,0,1,closer_to_player1,10,"[0.5, 0.9994008835174024, 0.9999991081436145, 0.9999999970391843, 0.9999999999523199, 0.9999999999995872, 0.9999999999999909, 0.9999999999999999, 0.9999999999999999, 1.0]"
sampleJointGoal_afterNewGoal,session_6_player2,6,0,2,closer_to_player1,9,"[0.5, 0.5030257046919664, 0.9899921756699651, 0.9899149852553248, 0.9999230347409905, 0.99988362395636, 0.9999993864840212, 0.9999999947816166, 0.9999999999317748]"
sampleJointGoal_afterNewGoal,session_6_player1,6,1,1,closer_to_player1,6,"[0.5, 0.583637988822734, 0.6550206583659772, 0.7086140591075072, 0.7423563555446259, 0.8123077016199146]"
sampleJointGoal_afterNewGoal,session_6_player2,6,1,2,closer_to_player1,9,"[0.5, 0.503405636156003, 0.5056557066216236, 0.5065326912206942, 0.5076803980534603, 0.5139507743153656, 0.5630588970308839, 0.5636787357116761, 0.5638978279395928]"
sampleJointGoal_afterNewGoal,session_6_player1,6,2,1,equal_to_both,13,"[0.5, 0.9811851344955599, 0.9994521351105997, 0.9999774290814618, 0.9999774290814619, 0.9999986907954874, 0.9999993360683834, 0.9999995755263291, 0.999999710475923, 0.999999986795457, 0.9999999938608303, 0.9999999972280696, 0.9999999992005986]"
sampleJointGoal_afterNewGoal,session_6_player2,6,2,2,equal_to_both,12,"[0.5, 0.982866963004557, 0.999538261721243, 0.9995586035315255, 0.9999884734454746, 0.9999995625337326, 0.9999995959403937, 0.9999999843269234, 0.9999999984682248, 0.9999999992973393, 0.9999999996747848, 0.9999999998494014]"
sampleJointGoal_afterNewGoal,session_6_player1,6,4,1,closer_to_player2,9,"[0.5, 0.5034386874097326, 0.505418832628071, 0.5007335012306778, 0.37807834391466094, 0.9985986031639428, 0.999997639200545, 0.9999999927223712, 0.9999999999614005]"
sampleJointGoal_afterNewGoal,session_6_player2,6,4,2,closer_to_player2,9,"[0.5, 0.9995412114052852, 0.9997344742186444, 0.9999995980107254, 0.99999999951665, 0.9999999999986906, 0.9999999999999978, 1.0, 1.0]"
sampleJointGoal_afterNewGoal,session_6_player1,6,7,1,closer_to_player2,7,"[0.5, 0.6680119190108259, 0.8016607300035112, 0.8901827297990166, 0.9420337417230207, 0.9708206509141425, 0.990653692100659]"
sampleJointGoal_afterNewGoal,session_6_player2,6,7,2,closer_to_player2,7,"[0.5, 0.9999965357551841, 0.9999970539524085, 0.9999999999905994, 0.9999999999999992, 0.9999999999999992, 1.0]"
sampleJointGoal_afterNewGoal,session_6_player1,6,8,1,equal_to_both,5,"[0.5, 0.5946735273267835, 0.6954310446042227, 0.796227391131057, 0.8862731511293842]"
sampleJointGoal_afterNewGoal,session_6_player2,6,8,2,equal_to_both,5,"[0.5, 0.5036251202821023, 0.4429734432195131, 0.362846214178462, 0.5324402769835845]"
sampleJointGoal_afterNewGoal,session_6_player1,6,9,1,closer_to_player1,9,"[0.5, 0.49607240295483135, 0.4942560621934729, 0.4942442704894717, 0.9999842141180689, 0.9999999991174763, 0.9999999995514627, 0.9999999999999644, 1.0]"
sampleJointGoal_afterNewGoal,session_6_player2,6,9,2,closer_to_player1,9,"[0.5, 0.502436053397915, 0.5057219754936572, 0.5188382864961311, 0.43042392485504577, 0.3442571475201301, 0.21115193514219396, 0.47010828110824077, 0.9996882050267252]"
sampleJointGoal_afterNewGoal,session_6_player1,6,11,1,closer_to_player2,9,"[0.5, 0.5048235141853107, 0.9896399336567665, 0.9998192137385004, 0.9999951327221448, 0.9999966193254612, 0.9999974333118589, 0.999999936045351, 0.9999999685716642]"
sampleJointGoal_afterNewGoal,session_6_player2,6,11,2,closer_to_player2,9,"[0.5, 0.99965498210339, 0.9996628959626349, 0.9997960969276046, 0.9999998914622921, 0.999999999963213, 0.9999999999999399, 1.0, 1.0]"
sampleJointGoal_afterNewGoal,session_7_player1,7,0,1,equal_to_both,11,"[0.5, 0.9894463934555864, 0.9895699013003019, 0.9896462401831849, 0.9999354015480595, 0.9999993162531636, 0.9999993408387202, 0.9999999926604348, 0.9999999998036605, 0.9999999999113488, 0.9999999999744338]"
sampleJointGoal_afterNewGoal,session_7_player2,7,0,2,equal_to_both,11,"[0.5, 0.4985671560561082, 0.9938100718434667, 0.9938555008111427, 0.999961938919464, 0.9999623009722919, 0.9999620283890139, 0.9999440679281326, 0.9999999337485952, 0.9999999998446575, 0.9999999999993325]"
sampleJointGoal_afterNewGoal,session_7_player1,7,2,1,equal_to_both,12,"[0.5, 0.9827981943380929, 0.9832194152030654, 0.9834106264802949, 0.9998216128401798, 0.9999969599652991, 0.9999999208721464, 0.9999999250663544, 0.999999998024346, 0.9999999998844147, 0.9999999999478929, 0.9999999999771713]"
sampleJointGoal_afterNewGoal,session_7_player2,7,2,2,equal_to_both,12,"[0.5, 0.9827981835506038, 0.9995348038268133, 0.9999820743891085, 0.9999834151758795, 0.9999840621860429, 0.99999958515576, 0.9999996071447729, 0.9999996219939998, 0.9999996489804591, 0.9999999955828802, 0.9999999998893463]"
sampleJointGoal_afterNewGoal,session_7_player1,7,3,1,closer_to_player2,9,"[0.5, 0.5283662481060944, 0.9899994647513721, 0.9995519483420673, 0.9997559317763464, 0.9998658046620116, 0.9999262534461997, 0.9999598873841578, 0.9999786925599774]"
sampleJointGoal_afterNewGoal,session_7_player2,7,3,2,closer_to_player2,8,"[0.5, 0.9998682446801275, 0.9998682399940159, 0.9999999826701406, 0.9999999830632228, 0.9999999999971021, 0.9999999999999981, 0.9999999999999994]"
sampleJointGoal_afterNewGoal,session_7_player1,7,5,1,closer_to_player1,7,"[0.5, 0.43926724947035095, 0.4023641244824907, 0.40068197548491136, 1.0, 1.0, 1.0]"
sampleJointGoal_afterNewGoal,session_7_player2,7,5,2,closer_to_player1,7,"[0.5, 0.49519665449606926, 0.5789724589668843, 0.6508937839983097, 0.5677462666526878, 0.7274128564493332, 0.8912866398812891]"
sampleJointGoal_afterNewGoal,session_7_player1,7,7,1,closer_to_player2,9,"[0.5, 0.5034561414917134, 0.5056478121929917, 0.5071090636119663, 0.5074436048233343, 0.5058130248313505, 0.4257045094358643, 0.5972572117316992, 0.7492636665305527]"
sampleJointGoal_afterNewGoal,session_7_player2,7,7,2,closer_to_player2,6,"[0.5, 0.5000737090152877, 0.5024958468794472, 0.49666501068047525, 0.5384129822110336, 0.6444132134905379]"
sampleJointGoal_afterNewGoal,session_7_player1,7,8,1,equal_to_both,5,"[0.5, 0.40308252629978597, 0.3011548785886539, 0.9998972606285728, 0.9999342806538082]"
sampleJointGoal_afterNewGoal,session_7_player2,7,8,2,equal_to_both,5,"[0.5, 0.6052730963455314, 0.49457988572420475, 0.36271468268972723, 0.9999875782066435]"
sampleJointGoal_afterNewGoal,session_7_player1,7,9,1,closer_to_player1,9,"[0.5, 0.6228294977102106, 0.9996820496287709, 0.9999998577911429, 0.9999999998466566, 0.9999999999995995, 0.999999999999999, 1.0, 1.0]"
sampleJointGoal_afterNewGoal,session_7_player2,7,9,2,closer_to_player1,9,"[0.5, 0.5034387414006098, 0.989704008227092, 0.999823052418412, 0.9998275931085, 0.9998292954481428, 0.9999985892935114, 0.9999999792229849, 0.9999999798245601]"
sampleJointGoal_afterNewGoal,session_7_player1,7,10,1,closer_to_player2,9,"[0.5, 0.5034390522462727, 0.9897044009200554, 0.9898654030322425, 0.9898089659064344, 0.9999531641164202, 0.9999356987368917, 0.999999801790162, 0.9999999989523604]"
sampleJointGoal_afterNewGoal,session_7_player2,7,10,2,closer_to_player2,10,"[0.5, 0.5063626441440482, 0.6287881770237436, 0.9996900250866391, 0.999999844969206, 0.9999999997899461, 0.9999999999998208, 0.9999999999999997, 1.0, 1.0]"
sampleJointGoal_afterNewGoal,session_8_player1,8,0,1,equal_to_both,9,"[0.5, 0.5083633055754118, 0.9989412294474768, 0.9999974420623006, 0.999999979389741, 0.9999999939942646, 0.9999999999464977, 0.9999999999464976, 0.9999999999997279]"
sampleJointGoal_afterNewGoal,session_8_player2,8,0,2,equal_to_both,8,"[0.5, 0.4916560944900284, 0.35855257365686577, 0.9996959126945798, 0.9999998788054895, 0.9999999998966506, 0.9999999999998261, 0.9999999999999994]"
sampleJointGoal_afterNewGoal,session_8_player1,8,1,1,closer_to_player1,9,"[0.5, 0.9996595337447106, 0.9999997282988986, 0.9999997289149622, 0.9999999997795493, 0.999999999999611, 0.9999999999999982, 0.9999999999999991, 0.9999999999999998]"
sampleJointGoal_afterNewGoal,session_8_player2,8,1,2,closer_to_player1,9,"[0.5, 0.5050512150355926, 0.5075378573697497, 0.9940597655676016, 0.9999360436196961, 0.999998353456559, 0.9999991976611723, 0.999999605722467, 0.9999998054580259]"
sampleJointGoal_afterNewGoal,session_8_player1,8,2,1,closer_to_player2,10,"[0.5, 0.9832133207118297, 0.999554840073006, 0.9999823672389299, 0.9999979880617951, 0.9999990386862746, 0.9999995333272574, 0.9999997711221246, 0.9999997711221246, 0.9999998875235722]"
sampleJointGoal_afterNewGoal,session_8_player2,8,2,2,closer_to_player2,9,"[0.5, 0.50310685948034, 0.9998316394605873, 0.9998981712304186, 0.9999999458020313, 0.9999999999816305, 0.9999999999999841, 1.0, 1.0]"
sampleJointGoal_afterNewGoal,session_8_player1,8,3,1,closer_to_player2,9,"[0.5, 0.5035101256904665, 0.50515649620234, 0.5070214944268172, 0.5140758012373778, 0.5509019217743932, 0.556447114371617, 0.5599677952431903, 0.5620879103913974]"
sampleJointGoal_afterNewGoal,session_8_player2,8,3,2,closer_to_player2,6,"[0.5, 0.5016195744922259, 0.5087679328686816, 0.4812446704106711, 0.43539269718236734, 0.5450607684866128]"
sampleJointGoal_afterNewGoal,session_8_player1,8,5,1,equal_to_both,11,"[0.5, 0.9879008872300221, 0.9997607268598068, 0.9999928098447846, 0.9999960494678608, 0.9999972990063157, 0.9999999263556648, 0.9999999642167421, 0.9999999824812175, 0.9999999917680583, 0.9999999976684181]"
sampleJointGoal_afterNewGoal,session_8_player2,8,5,2,equal_to_both,11,"[0.5, 0.989381341087741, 0.9895283746938333, 0.9896043067559822, 0.9999352745501064, 0.9999993169400109, 0.9999993379261706, 0.9999999929720951, 0.9999999945282901, 0.9999999999312352, 0.9999999999663394]"
sampleJointGoal_afterNewGoal,session_8_player1,8,8,1,closer_to_player1,9,"[0.5, 0.4163651177744068, 0.5238116114004008, 0.35480003411616484, 0.999932604710906, 0.9999144095088084, 0.9999001196369955, 0.9998810596795834, 1.0]"
sampleJointGoal_afterNewGoal,session_8_player2,8,8,2,closer_to_player1,9,"[0.5, 0.5045359656535688, 0.5061122621247469, 0.5069812710561983, 0.5081292855621229, 0.5028771497693405, 0.49746989331890756, 0.5397820852419727, 0.6379060490425185]"
sampleJointGoal_afterNewGoal,session_8_player1,8,9,1,closer_to_player1,8,"[0.5, 0.363229608278992, 0.5326965528065858, 0.6950856559543813, 0.8201331667895541, 0.9011973284644105, 0.9480460572661373, 0.9735239745958816]"
sampleJointGoal_afterNewGoal,session_8_player2,8,9,2,closer_to_player1,12,"[0.5, 0.49614270333341504, 0.4941626676068671, 0.486943800873062, 0.48237805147221474, 0.4840070904075349, 0.42338579114511865, 0.4711420070278543, 0.30657087159372315, 1.0, 1.0, 1.0]"
sampleJointGoal_afterNewGoal,session_8_player1,8,10,1,equal_to_both,11,"[0.5, 0.9894522360374424, 0.9895708868601759, 0.9896457132887764, 0.9999355339555981, 0.9999361946092704, 0.9999996065301558, 0.9999999958120966, 0.9999999967522133, 0.9999999973613196, 0.9999999984992862]"
sampleJointGoal_afterNewGoal,session_8_player2,8,10,2,equal_to_both,11,"[0.5, 0.4996211407082991, 0.49958626931046735, 0.9966316287677219, 0.9999791397828229, 0.9999997794215981, 0.9999997865503085, 0.9999997908790972, 0.9999998015619849, 0.9999999992028226, 0.9999999999931848]"
sampleJointGoal_afterNewGoal,session_9_player1,9,0,1,equal_to_both,11,"[0.5, 0.5000884456249342, 0.500109612442594, 0.5005173642481708, 0.5083795117137286, 0.9989663954472476, 0.9999975856751346, 0.9999986328113244, 0.9999999964471049, 0.999999999930581, 0.9999999999997017]"
sampleJointGoal_afterNewGoal,session_9_player2,9,0,2,equal_to_both,11,"[0.5, 0.9893767698092447, 0.9998143639717493, 0.9998207852958964, 0.9998236744956156, 0.9999981401763015, 0.9999981716820676, 0.9999981837764725, 0.9999976202386802, 0.9999999944200572, 0.9999999999760248]"
sampleJointGoal_afterNewGoal,session_9_player1,9,1,1,equal_to_both,5,"[0.5, 0.9999342430446007, 0.9999999886873804, 0.9999999999954015, 0.999999999999996]"
sampleJointGoal_afterNewGoal,session_9_player2,9,1,2,equal_to_both,5,"[0.5, 0.9997240951352488, 0.9999999525242195, 0.9999999999807013, 0.9999999999999831]"
sampleJointGoal_afterNewGoal,session_9_player1,9,2,1,closer_to_player2,9,"[0.5, 0.5051075599960996, 0.507617000964378, 0.5090658932197, 0.9967689500315159, 0.9999797057595758, 0.9999843241274308, 0.9999998602991143, 0.9999999299387334]"
sampleJointGoal_afterNewGoal,session_9_player2,9,2,2,closer_to_player2,9,"[0.5, 0.49923502890936466, 0.500375974576518, 0.999945836730364, 0.9999642297518277, 0.9999999982406254, 0.999999999998727, 0.9999999999999997, 1.0]"
sampleJointGoal_afterNewGoal,session_9_player1,9,5,1,closer_to_player1,9,"[0.5, 0.5032793513693193, 0.6097281812331915, 0.9999012617675499, 0.9999999820492994, 0.9999999999904541, 0.9999999999952278, 0.9999999999976146, 0.9999999999988154]"
sampleJointGoal_afterNewGoal,session_9_player2,9,5,2,closer_to_player1,9,"[0.5, 0.5028816701610909, 0.5045821068430265, 0.5054591332647412, 0.5058253069952473, 0.508297837910671, 0.514210612880654, 0.5873199392295946, 0.587535846880279]"
sampleJointGoal_afterNewGoal,session_9_player1,9,6,1,closer_to_player1,9,"[0.5, 0.5031224077322323, 0.999831488241279, 0.9999999228157872, 0.9999999560312522, 0.9999999999339639, 0.9999999999999218, 0.9999999999999998, 1.0]"
sampleJointGoal_afterNewGoal,session_9_player2,9,6,2,closer_to_player1,9,"[0.5, 0.9831393486646561, 0.9995500240015427, 0.9999824453423934, 0.9999880553842408, 0.9999913683191209, 0.999999690555861, 0.9999998510567918, 0.9999999274390986]"
sampleJointGoal_afterNewGoal,session_9_player1,9,7,1,closer_to_player2,10,"[0.5, 0.9830032146857317, 0.9995266926110177, 0.9996853029024012, 0.9999816620378951, 0.9999906930114211, 0.9999906930114211, 0.9999952491762433, 0.9999975818662971, 0.999998787282539]"
sampleJointGoal_afterNewGoal,session_9_player2,9,7,2,closer_to_player2,9,"[0.5, 0.4992350289066827, 0.5003759745524412, 0.9999458367303957, 0.9999642297518345, 0.9999999982406254, 0.999999999998727, 0.9999999999999997, 1.0]"
sampleJointGoal_afterNewGoal,session_9_player1,9,9,1,equal_to_both,9,"[0.5, 0.9966297924995017, 0.9966565217100264, 0.9999883254683491, 0.9999889232284672, 0.9999937274533326, 0.9999999836995233, 0.9999999996815095, 0.9999999999986315]"
sampleJointGoal_afterNewGoal,session_9_player2,9,9,2,equal_to_both,9,"[0.5, 0.9966464451137753, 0.9999792864035042, 0.9999794825982375, 0.999979334205001, 0.9999999467398158, 0.9999999302141936, 0.9999999998363702, 0.9999999999992969]"
sampleJointGoal_afterNewGoal,session_9_player1,9,10,1,closer_to_player1,8,"[0.5, 0.5016101097158921, 0.5815418776685418, 0.9999734999779348, 0.9999999985400314, 0.9999999999997514, 0.9999999999999999, 1.0]"
sampleJointGoal_afterNewGoal,session_9_player2,9,10,2,closer_to_player1,9,"[0.5, 0.9819645060563751, 0.9837276568622287, 0.9843563603159329, 0.9847293920107535, 0.9849180840817414, 0.9849622273491159, 0.9999777050899329, 0.9999776635405291]"
sampleJointGoal_afterNewGoal,session_9_player1,9,11,1,closer_to_player2,9,"[0.5, 0.9832193564041456, 0.9836349774169744, 0.9838891863049709, 0.9998299944843482, 0.9998316741432148, 0.9997699560543879, 0.9999992920880504, 0.9999999962381243]"
sampleJointGoal_afterNewGoal,session_9_player2,9,11,2,closer_to_player2,12,"[0.5, 0.999541236143266, 0.9999994962371902, 0.9999999987728357, 0.9999999995078295, 0.9999999999972234, 0.9999999999999752, 0.9999999999999999, 0.9999999999999999, 0.9999999999724724, 0.9999999999998597, 0.9999999999999991]"
sampleJointGoal_afterNewGoal,session_10_player1,10,2,1,equal_to_both,10,"[0.5, 0.9938491068237939, 0.9999345545937669, 0.9999355602525816, 0.999999320459589, 0.9999993319225693, 0.9999999929864921, 0.9999999931346057, 0.9999999999347623, 0.9999999999395074]"
sampleJointGoal_afterNewGoal,session_10_player2,10,2,2,equal_to_both,12,"[0.5, 0.9938385532451668, 0.9938893284689174, 0.9999620310411066, 0.9999995980627387, 0.9999996125643633, 0.999999995685972, 0.9999999968737654, 0.9999999999407347, 0.9999996374346269, 0.9999998362961291, 0.9999999527891781]"
sampleJointGoal_afterNewGoal,session_10_player1,10,3,1,closer_to_player1,9,"[0.5, 0.49992629099201175, 0.5015709853197639, 0.4406276665556375, 0.48868071389602397, 0.9999927142053605, 0.9999915251592785, 0.9999999999744935, 0.9999999999999996]"
sampleJointGoal_afterNewGoal,session_10_player2,10,3,2,closer_to_player1,9,"[0.5, 0.503405204987075, 0.5055965908767199, 0.5070579007034948, 0.5073924095460132, 0.5057618207806589, 0.5665881953899912, 0.6071240758204666, 0.7059624811360216]"
sampleJointGoal_afterNewGoal,session_10_player1,10,5,1,equal_to_both,10,"[0.5, 0.5012668035496087, 0.5013408539502159, 0.5015859348523931, 0.5075081222809498, 0.6266583397268304, 0.9995181955323149, 0.9999998897336191, 0.9999999999396523, 0.9999999999999285]"
sampleJointGoal_afterNewGoal,session_10_player2,10,5,2,equal_to_both,10,"[0.5, 0.4999373848276548, 0.9966401493391212, 0.996655078028949, 0.9966622851908008, 0.9999943760840725, 0.9999999812190381, 0.9999999813733537, 0.9999999785796624, 0.999999999974632]"
sampleJointGoal_afterNewGoal,session_10_player1,10,6,1,closer_to_player2,7,"[0.5, 0.4842196614787769, 0.3530867250070223, 0.5302466282937128, 0.7962070021117229, 0.9998065372931534, 0.9999998851773232]"
sampleJointGoal_afterNewGoal,session_10_player2,10,6,2,closer_to_player2,7,"[0.5, 0.5799743497702655, 0.9999871534154978, 0.9999999980450175, 0.9999999999996504, 0.9999999999999998, 1.0]"
sampleJointGoal_afterNewGoal,session_10_player1,10,9,1,closer_to_player2,9,"[0.5, 0.5181464003730569, 0.6523523355534189, 0.9846206275509339, 0.978646388550015, 0.9997916317367878, 0.9999975364857142, 0.999999916515402, 0.9999999530628151]"
sampleJointGoal_afterNewGoal,session_10_player2,10,9,2,closer_to_player2,9,"[0.5, 0.9996547768609304, 0.9999997097786633, 0.9999998025542256, 0.9999999996422855, 0.9999999998991046, 0.9999999999998092, 0.9999999999999998, 1.0]"
sampleJointGoal_afterNewGoal,session_10_player1,10,10,1,closer_to_player2,9,"[0.5, 0.9831811378565264, 0.9840622221443209, 0.9846544599362431, 0.9998332569690042, 0.9998768232281903, 0.999903759336385, 0.99999926760845, 0.9999996558698956]"
sampleJointGoal_afterNewGoal,session_10_player2,10,10,2,closer_to_player2,11,"[0.5, 0.4947189730709063, 0.4931092046122945, 0.4919227972826798, 0.48510486209226644, 0.9999585712289399, 0.9999552637428832, 0.9999999985142655, 0.9999999999998417, 1.0, 1.0]"
sampleJointGoal_afterNewGoal,session_10_player1,10,11,1,closer_to_player1,5,"[0.5, 0.9999928046209565, 0.9999999999115081, 0.9999999999999899, 1.0]"
sampleJointGoal_afterNewGoal,session_10_player2,10,11,2,closer_to_player1,9,"[0.5, 0.5029866418439323, 0.5130597002723087, 0.5077787497377685, 0.3843339913944561, 0.555765380191349, 0.7194611110297242, 0.8944334201853638, 0.9999675405495007]"
sampleJointGoal_afterNewGoal,session_11_player1,11,0,1,closer_to_player1,9,"[0.5, 0.6226216364675933, 0.9996817441509133, 0.9999998576489075, 0.9999999998288372, 0.9999999999997777, 0.9999999999999994, 1.0, 1.0]"
sampleJointGoal_afterNewGoal,session_11_player2,11,0,2,closer_to_player1,9,"[0.5, 0.983217795628312, 0.9836248227157951, 0.9838799615505697, 0.9998298997775104, 0.9999971256128787, 0.9999972006913647, 0.9999999587714459, 0.9999999599651777]"
sampleJointGoal_afterNewGoal,session_11_player1,11,2,1,closer_to_player1,6,"[0.5, 0.3773818665824967, 0.5479973439337753, 0.708050916290084, 0.8291173825800177, 0.9072090747905501]"
sampleJointGoal_afterNewGoal,session_11_player2,11,2,2,closer_to_player1,11,"[0.5, 0.50450628794847, 0.5021916221711278, 0.509342853369632, 0.5288666374587493, 0.5372371596236085, 0.5428110533893773, 0.035284063147858674, 0.03605590328599622, 0.03655538710506588, 0.036859791105630715]"
sampleJointGoal_afterNewGoal,session_11_player1,11,6,1,closer_to_player1,6,"[0.5, 0.5046667614536975, 0.5071404631300677, 0.5017334271929957, 0.5440157003165479, 0.47148582885928664]"
sampleJointGoal_afterNewGoal,session_11_player2,11,6,2,closer_to_player1,9,"[0.5, 0.5045359656632611, 0.5061122621351725, 0.5079396060937932, 0.5033924362309427, 0.5096648645950925, 0.4851237608988859, 0.44265535444032644, 0.3725967860620472]"
sampleJointGoal_afterNewGoal,session_11_player1,11,7,1,closer_to_player2,9,"[0.5, 0.974287179176942, 0.97355344114878, 0.9995067893907843, 0.9995239827430948, 0.9995329236012832, 0.9995358273568743, 0.9994469797264839, 0.9999990354019076]"
sampleJointGoal_afterNewGoal,session_11_player2,11,7,2,closer_to_player2,8,"[0.5, 0.9999551572137746, 0.9999999939805051, 0.9999999999959072, 0.9999999999999978, 1.0, 1.0, 1.0]"
sampleJointGoal_afterNewGoal,session_11_player1,11,8,1,closer_to_player2,9,"[0.5, 0.5034534642913614, 0.5056754646211815, 0.9940207317359001, 0.9940812717612492, 0.9940732482306274, 0.9999843229567729, 0.9999999171990851, 0.9999999179142381]"
sampleJointGoal_afterNewGoal,session_11_player2,11,8,2,closer_to_player2,9,"[0.5, 0.9996545181463619, 0.9999997179961554, 0.9999999995039225, 0.9999999999982434, 0.9999999999987501, 0.9999999999994434, 0.9999999999999978, 1.0]"
sampleJointGoal_afterNewGoal,session_11_player1,11,9,1,equal_to_both,11,"[0.5, 0.9893247864004746, 0.9998126603687639, 0.9998202852329825, 0.9998233222111733, 0.9998255604047114, 0.9998318940498981, 0.9998546239674752, 0.9999997589186587, 0.9999999991900307, 0.9999999999949406]"
sampleJointGoal_afterNewGoal,session_11_player2,11,9,2,equal_to_both,13,"[0.5, 0.4999999712771894, 0.993849105139542, 0.9938937352631031, 0.9939296457160023, 0.9940399638624867, 0.999989820355744, 0.9999999646313728, 0.9999999997622632, 0.9999999998371207, 0.99992105002153, 0.9999997347282155, 0.9999999983429753]"
sampleJointGoal_afterNewGoal,session_11_player1,11,10,1,equal_to_both,8,"[0.5, 0.9982965158408116, 0.998302956298581, 0.9983330408698387, 0.9999986484558087, 0.999999997497792, 0.9999999983105979, 0.9999999999971992]"
sampleJointGoal_afterNewGoal,session_11_player2,11,10,2,equal_to_both,8,"[0.5, 0.49999200987502607, 0.4998919929879181, 0.49903060888231576, 0.9998929738622996, 0.9999999680180091, 0.9999999999762494, 0.9999999999999606]"
sampleJointGoal_afterNewGoal,session_12_player1,12,0,1,closer_to_player2,10,"[0.5, 0.9895465309330207, 0.9998136247877425, 0.9998658771884619, 0.9999958399788466, 0.9999958399788466, 0.9999978821129997, 0.9999978821129996, 0.9999978821129996, 0.9999989235972676]"
sampleJointGoal_afterNewGoal,session_12_player2,12,0,2,closer_to_player2,7,"[0.5, 0.9999729533780973, 0.9999999993924183, 0.99999999999996, 1.0, 1.0, 1.0]"
sampleJointGoal_afterNewGoal,session_12_player1,12,1,1,closer_to_player1,6,"[0.5, 0.583637988822734, 0.6550206583659772, 0.7086140591075072, 0.6663111987976885, 0.800836276706832]"
sampleJointGoal_afterNewGoal,session_12_player2,12,1,2,closer_to_player1,9,"[0.5, 0.5035047977025063, 0.5062692356726101, 0.5029340184649507, 0.5093232841160173, 0.4967078994995048, 0.4721900175470193, 0.42990846457979986, 0.360562195425552]"
sampleJointGoal_afterNewGoal,session_12_player1,12,3,1,closer_to_player1,9,"[0.5, 0.5031672337652487, 0.42828941233512996, 0.5084553162838673, 0.9999644007417602, 0.9999999979479965, 0.9999999983805962, 0.9999999986078053, 0.9999999999999785]"
sampleJointGoal_afterNewGoal,session_12_player2,12,3,2,closer_to_player1,9,"[0.5, 0.503405204987075, 0.5055965908767199, 0.5070579007034948, 0.5082390965483483, 0.502425099131577, 0.5087835822340974, 0.462656657873028, 0.572231959649498]"
sampleJointGoal_afterNewGoal,session_12_player1,12,5,1,closer_to_player2,14,"[0.5, 0.49656504372596005, 0.49409455648406025, 0.49287588320389314, 0.48821317629217387, 0.48574182951982275, 0.4798330681720162, 0.5225243090548536, 0.5940801527382977, 1.0, 1.0, 1.0, 1.0, 1.0]"
sampleJointGoal_afterNewGoal,session_12_player2,12,5,2,closer_to_player2,6,"[0.5, 0.5001185943554027, 0.49838881702821164, 0.41734007088853015, 0.5889719963321134, 0.7426329011698307]"
sampleJointGoal_afterNewGoal,session_12_player1,12,8,1,closer_to_player2,11,"[0.5, 0.5034526405558779, 0.5056450970231325, 0.50711046733226, 0.5082581269651337, 0.5030061856990233, 0.5089211192255116, 0.5821796618907419, 0.019067464373014476, 0.016120843783831447, 0.02401969986630785]"
sampleJointGoal_afterNewGoal,session_12_player2,12,8,2,closer_to_player2,6,"[0.5, 0.49534034075158023, 0.5707849822962022, 0.6301104919887671, 0.5830796067025031, 0.7379629531363444]"
sampleJointGoal_afterNewGoal,session_12_player1,12,9,1,equal_to_both,9,"[0.5, 0.9966463123681994, 0.9966582401774366, 0.9965913338244323, 0.9999957027993781, 0.9999936701352328, 0.9999999925026619, 0.9999999999824207, 0.9999999999999245]"
sampleJointGoal_afterNewGoal,session_12_player2,12,9,2,equal_to_both,9,"[0.5, 0.9966362343517448, 0.9999791593096905, 0.9999794386431445, 0.9999998682435659, 0.9999998771504598, 0.9999999304960662, 0.9999999995976455, 0.9999999999882399]"
sampleJointGoal_afterNewGoal,session_12_player1,12,10,1,closer_to_player1,8,"[0.5, 0.5017009596650629, 0.5827447823082198, 0.9999734625013339, 0.9999662976057684, 0.9999999994720948, 0.9999999995476286, 0.9999999996201274]"
sampleJointGoal_afterNewGoal,session_12_player2,12,10,2,closer_to_player1,9,"[0.5, 0.5030064068535505, 0.5051886541186875, 0.5064062310367022, 0.5110692525518208, 0.5093699565667896, 0.42806192334466786, 0.5995659250885463, 0.7509411222751667]"
sampleJointGoal_afterNewGoal,session_13_player1,13,0,1,closer_to_player1,8,"[0.5, 0.5909933069004288, 0.6736711204953217, 0.5558135719049168, 0.7145216618245613, 0.8335226360535546, 0.9092283997288373, 0.9527945138530247]"
sampleJointGoal_afterNewGoal,session_13_player2,13,0,2,closer_to_player1,10,"[0.5, 0.5035278621503326, 0.5058066747485257, 0.5076840801621629, 0.5147445011226448, 0.5515709929446216, 0.5571150802626972, 0.5606346513789812, 0.5627540624229693, 0.5627540624229694]"
sampleJointGoal_afterNewGoal,session_13_player1,13,2,1,equal_to_both,13,"[0.5, 0.9811851344955599, 0.9994521351105997, 0.9995555455930313, 0.9995755234140007, 0.9999927415068985, 0.9999998053175505, 0.9999999856152786, 0.9999999933026774, 0.9999999968862232, 0.9999999985940814, 0.9999999985940814, 0.999999999594545]"
sampleJointGoal_afterNewGoal,session_13_player2,13,2,2,equal_to_both,12,"[0.5, 0.49873115262672874, 0.4986451963321527, 0.9938158904709716, 0.9999341989984534, 0.9999988789707226, 0.9999999708248101, 0.9999999988683234, 0.999999999212151, 0.9999999999516483, 0.9999999999776212, 0.999999999989637]"
sampleJointGoal_afterNewGoal,session_13_player1,13,3,1,equal_to_both,10,"[0.5, 0.9938491073474991, 0.9938930504724194, 0.9939146497832666, 0.99997986742428, 0.9999797218155387, 0.9999701300409326, 0.9999999646200272, 0.999999999917043, 0.9999999999996436]"
sampleJointGoal_afterNewGoal,session_13_player2,13,3,2,equal_to_both,10,"[0.5, 0.9938384737458853, 0.9999343026056943, 0.999998876968232, 0.9999989339537939, 0.9999989724175482, 0.9999999885580474, 0.9999999917083937, 0.9999999998428128, 0.9999999999546686]"
sampleJointGoal_afterNewGoal,session_13_player1,13,4,1,closer_to_player1,6,"[0.5, 0.666646434685195, 0.8000031922494579, 0.8889113037944734, 0.9412056990623007, 0.9699317526946964]"
sampleJointGoal_afterNewGoal,session_13_player2,13,4,2,closer_to_player1,10,"[0.5, 0.5035101256904665, 0.50515649620234, 0.5070214944268172, 0.5140758012373778, 0.4991135855042506, 0.4717964197392834, 0.5555807386318119, 0.5577052956141364, 0.5577052956141365]"
sampleJointGoal_afterNewGoal,session_13_player1,13,5,1,equal_to_both,8,"[0.5, 0.4997500214447582, 0.4937209456069059, 0.9997475815877113, 0.9999998482078596, 0.9999999997920452, 0.9999999997608554, 0.9999999999997168]"
sampleJointGoal_afterNewGoal,session_13_player2,13,5,2,equal_to_both,8,"[0.5, 0.5002450695188336, 0.9991882053262919, 0.9999985756221352, 0.9999999950114589, 0.99999999995656, 0.9999999999795878, 0.9999999999942185]"
sampleJointGoal_afterNewGoal,session_13_player1,13,6,1,closer_to_player2,9,"[0.5, 0.5033940708700834, 0.9897015927379751, 0.9898625862226745, 0.999893713774843, 0.9998947239745472, 0.9999991326051427, 0.9999989760376587, 0.9999999946024964]"
sampleJointGoal_afterNewGoal,session_13_player2,13,6,2,closer_to_player2,9,"[0.5, 0.9995283694567334, 0.9999994667511131, 0.9999999986693554, 0.9999999999897731, 0.9999999999972565, 0.9999999999999777, 0.9999999999999999, 1.0]"
sampleJointGoal_afterNewGoal,session_13_player1,13,7,1,closer_to_player2,16,"[0.5, 0.496593299683729, 0.4944016250577179, 0.49294036996631935, 0.4926058277953643, 0.49020027143085654, 0.49602354243446695, 0.45432740195550264, 0.9759493235466827, 0.9799257227122969, 0.9691541698080834, 1.0, 1.0, 1.0, 1.0, 1.0]"
sampleJointGoal_afterNewGoal,session_13_player2,13,7,2,closer_to_player2,6,"[0.5, 0.37738187863850836, 0.5479973544811078, 0.7080509237005955, 0.8291173869394014, 0.907209077047507]"
sampleJointGoal_afterNewGoal,session_13_player1,13,9,1,closer_to_player2,9,"[0.5, 0.5033321760461593, 0.5052799906061908, 0.9941467701193203, 0.9999388657603424, 0.999939469113455, 0.9999172716853555, 0.9999997454583817, 0.9999999986473551]"
sampleJointGoal_afterNewGoal,session_13_player2,13,9,2,closer_to_player2,10,"[0.5, 0.6226440233629463, 0.9996820831689235, 0.999999844777368, 0.9999999998756761, 0.9999999999997837, 0.9999999999999992, 1.0, 1.0, 1.0]"
sampleJointGoal_afterNewGoal,session_13_player1,13,11,1,closer_to_player1,9,"[0.5, 0.42147644791877936, 0.9997581038000593, 0.9997602032152618, 0.9997621974725452, 0.9997638482244566, 0.9998006491559804, 0.9999999993009848, 0.9999999999999498]"
sampleJointGoal_afterNewGoal,session_13_player2,13,11,2,closer_to_player1,9,"[0.5, 0.502528531558137, 0.5040067705590989, 0.5046880553651849, 0.501191073945264, 0.39529589224209233, 0.5668550454664815, 0.7265218545061984, 0.8881287541546202]"
sampleJointGoal_afterNewGoal,session_14_player1,14,0,1,closer_to_player2,9,"[0.5, 0.5034387885400003, 0.5054188502513043, 0.994150398136941, 0.999938905591591, 0.9999989677255466, 0.9999989946870078, 0.9999988194918121, 0.9999999937387539]"
sampleJointGoal_afterNewGoal,session_14_player2,14,0,2,closer_to_player2,9,"[0.5, 0.9995403215823375, 0.9997343915316984, 0.9999998411763462, 0.9999999997639796, 0.999999999998056, 0.99999999999999, 0.9999999999999999, 1.0]"
sampleJointGoal_afterNewGoal,session_14_player1,14,3,1,closer_to_player2,9,"[0.5, 0.5034414595846881, 0.9897041076077524, 0.9998230566418632, 0.9998275988505466, 0.9999970870777323, 0.9999999238215683, 0.999999937332689, 0.9999999981601951]"
sampleJointGoal_afterNewGoal,session_14_player2,14,3,2,closer_to_player2,13,"[0.5, 0.49800753355187244, 0.5026787512778316, 0.9995468816294686, 0.9997374850671737, 0.9999995930299034, 0.9999999992026573, 0.9999999999993009, 0.9999999999999988, 0.9999999999287764, 0.9999999999998761, 0.9999999999999996, 1.0]"
sampleJointGoal_afterNewGoal,session_14_player1,14,4,1,closer_to_player2,10,"[0.5, 0.514936462061359, 0.9892949101289744, 0.9994916474925319, 0.9997163850809356, 0.9997163850809356, 0.9998395837074474, 0.9999087309304796, 0.9999481738062397, 0.999970943268404]"
sampleJointGoal_afterNewGoal,session_14_player2,14,4,2,closer_to_player2,11,"[0.5, 0.9996504361041422, 0.9996614803827993, 0.9996693911920216, 0.999999955523888, 0.9999999999697727, 0.9999999999697726, 0.9999999999841772, 0.9999999999947862, 0.9999999999947862, 0.9999999999999983]"
sampleJointGoal_afterNewGoal,session_14_player1,14,6,1,equal_to_both,9,"[0.5, 0.9966410390120368, 0.9999792340977078, 0.9999794444314163, 0.9999795648886408, 0.9999795121276582, 0.999972522528367, 0.9999999849614326, 0.9999999999821899]"
sampleJointGoal_afterNewGoal,session_14_player2,14,6,2,equal_to_both,9,"[0.5, 0.5013562319387087, 0.9983012006111569, 0.9983102454880945, 0.9983663218788105, 0.9990483791250561, 0.9999980017347351, 0.9999999989063666, 0.9999999999987048]"
sampleJointGoal_afterNewGoal,session_14_player1,14,8,1,equal_to_both,8,"[0.5, 0.49950918802089633, 0.9992208666486491, 0.9992094941298905, 0.9987810081453906, 0.9999997900463978, 0.9999999999146549, 0.9999999999999252]"
sampleJointGoal_afterNewGoal,session_14_player2,14,8,2,equal_to_both,8,"[0.5, 0.5028864189725404, 0.5091514679383738, 0.6318993514093215, 0.9996926129316668, 0.9999998900577365, 0.9999999998437342, 0.999999999999863]"
sampleJointGoal_afterNewGoal,session_14_player1,14,9,1,closer_to_player1,9,"[0.5, 0.4166768026178107, 0.5232557373779079, 0.9998602019819021, 0.999814133847588, 0.9997644980972196, 0.999726076203606, 0.9999999991753596, 0.9999999999999873]"
sampleJointGoal_afterNewGoal,session_14_player2,14,9,2,closer_to_player1,9,"[0.5, 0.503438747407208, 0.5059023935819075, 0.5073636584372315, 0.5085448348315154, 0.5154242120647166, 0.5736424013410988, 0.5771303179371536, 0.5792298776938155]"
sampleJointGoal_afterNewGoal,session_14_player1,14,10,1,closer_to_player1,11,"[0.5, 0.9995412645952254, 0.9999994968110735, 0.9999999988068221, 0.9999999999943208, 0.9999999999975849, 0.999999999999978, 0.9999999988273871, 0.9999999999892962, 0.9999999999998432, 0.9999999999999987]"
sampleJointGoal_afterNewGoal,session_14_player2,14,10,2,closer_to_player1,9,"[0.5, 0.9832180270933489, 0.9836249914056824, 0.9997168731974243, 0.999992638229408, 0.9999997196639381, 0.9999999797510624, 0.9999999906194555, 0.9999999955681509]"
sampleJointGoal_afterNewGoal,session_14_player1,14,11,1,closer_to_player1,9,"[0.5, 0.9980549965154863, 0.9999978625057182, 0.9999999949114856, 0.9999999999755715, 0.9999999999998255, 0.9999999999999971, 1.0, 1.0]"
sampleJointGoal_afterNewGoal,session_14_player2,14,11,2,closer_to_player1,9,"[0.5, 0.5029865463144513, 0.49707593791253346, 0.9956360383381909, 0.9999668851598208, 0.99994992703938, 0.9999997360619024, 0.9999999977547233, 0.9999999999704978]"
sampleJointGoal_afterNewGoal,session_15_player1,15,0,1,equal_to_both,10,"[0.5, 0.5000211668184807, 0.5004289187017437, 0.5082910906679369, 0.9989660300895097, 0.9999975848208398, 0.999998632327552, 0.9999999843229342, 0.9999999999632413, 0.999999999999842]"
sampleJointGoal_afterNewGoal,session_15_player2,15,0,2,equal_to_both,10,"[0.5, 0.4998881789354837, 0.9966448170149497, 0.9999792746823626, 0.999979471833589, 0.9999793234018652, 0.9999999467119507, 0.999999930177698, 0.9999999998362846, 0.9999999999992966]"
sampleJointGoal_afterNewGoal,session_15_player1,15,2,1,closer_to_player1,6,"[0.5, 0.49683276623463285, 0.571710587664775, 0.4915446837160217, 0.6591758712978039, 0.7958024388722855]"
sampleJointGoal_afterNewGoal,session_15_player2,15,2,2,closer_to_player1,14,"[0.5, 0.4965434554437197, 0.4943520736278852, 0.4928907676144848, 0.49255625976813644, 0.49418684411130254, 0.43336137391193685, 0.3928269399842635, 0.46708139429735424, 1.0, 1.0, 1.0, 1.0, 1.0]"
sampleJointGoal_afterNewGoal,session_15_player1,15,4,1,closer_to_player1,9,"[0.5, 0.4953746797567915, 0.4929528559060797, 0.49878329802305477, 0.546976886082247, 0.9999942328400362, 0.9999932916343871, 0.9999919606763124, 1.0]"
sampleJointGoal_afterNewGoal,session_15_player2,15,4,2,closer_to_player1,9,"[0.5, 0.5034565445582917, 0.5057108350304871, 0.507575780596768, 0.5024375523943924, 0.5093198368155154, 0.5676556108696068, 0.5711558900759177, 0.5732631797543674]"
sampleJointGoal_afterNewGoal,session_15_player1,15,6,1,closer_to_player2,9,"[0.5, 0.5033940708700834, 0.9897015927379751, 0.9898625862226745, 0.9898060930956976, 0.9844366878160957, 0.9999734443753955, 0.9999999183180177, 0.999999999569439]"
sampleJointGoal_afterNewGoal,session_15_player2,15,6,2,closer_to_player2,9,"[0.5, 0.9995283694567334, 0.9997358462127941, 0.9999996015802138, 0.9999999995642394, 0.9999999999988793, 0.9999999999999961, 1.0, 1.0]"
sampleJointGoal_afterNewGoal,session_15_player1,15,8,1,closer_to_player2,9,"[0.5, 0.5034526405558779, 0.5057020757072241, 0.5075169041490224, 0.502974398104308, 0.49772179288995666, 0.5036375570958876, 0.5770292159690412, 0.5772466324962859]"
sampleJointGoal_afterNewGoal,session_15_player2,15,8,2,closer_to_player2,9,"[0.5, 0.5046596592484197, 0.6111862020467658, 0.9999018698581881, 0.9998693266325737, 0.99983405421272, 0.999999997400359, 0.9999999977723223, 0.9999999999999657]"
sampleJointGoal_afterNewGoal,session_15_player1,15,9,1,closer_to_player2,9,"[0.5, 0.5181463517289516, 0.652352051856959, 0.9846205291250629, 0.9786462308884655, 0.9997916268070218, 0.9997831385551488, 0.9997304284982551, 0.9999995042744596]"
sampleJointGoal_afterNewGoal,session_15_player2,15,9,2,closer_to_player2,9,"[0.5, 0.9996547768646832, 0.9999997097786729, 0.999999802554219, 0.9999999996422855, 0.9999999998991045, 0.9999999999998092, 0.9999999999999998, 1.0]"
sampleJointGoal_afterNewGoal,session_15_player1,15,10,1,closer_to_player1,7,"[0.5, 0.9999335289130813, 0.9999999655590465, 0.9999999999833169, 0.9999999999999865, 1.0, 1.0]"
sampleJointGoal_afterNewGoal,session_15_player2,15,10,2,closer_to_player1,9,"[0.5, 0.4213966515148832, 0.5596638031140917, 0.9774702573689109, 0.9996220729381278, 0.9999930936530586, 0.9999997416169055, 0.99999987394193, 0.9999999376835387]"
sampleJointGoal_afterNewGoal,session_15_player1,15,11,1,equal_to_both,7,"[0.5, 0.9994278262848049, 0.9990849186515373, 0.9999994984339344, 0.9999999994059289, 0.999999999998607, 0.999999999999994]"
sampleJointGoal_afterNewGoal,session_15_player2,15,11,2,equal_to_both,7,"[0.5, 0.6280342695833886, 0.9985200305995507, 0.9999991883539757, 0.9999999990386597, 0.9999999999977459, 0.9999999999999903]"
sampleJointGoal_afterNewGoal,session_16_player1,16,0,1,closer_to_player2,9,"[0.5, 0.503441457660686, 0.9897033427779183, 0.9998230206980746, 0.9999953972839143, 0.9999998237853829, 0.9999999852463616, 0.9999999933915167, 0.9999999970251815]"
sampleJointGoal_afterNewGoal,session_16_player2,16,0,2,closer_to_player2,21,"[0.5, 0.4978497249961835, 0.5019240203371093, 0.615038344215145, 0.9994200909178309, 0.9999998666911737, 0.9999999999269127, 0.9999999999999134, 0.9999999999999998, 1.0, 0.9999999999999287, 0.9999999999999974, 0.9999999991275271, 0.9999303294147955, 0.9999998366161255, 0.9974953492921176, 0.999943284893915, 0.534283187546023, 0.980690568057027, 0.9999155700293517, 0.999999382122564]"
sampleJointGoal_afterNewGoal,session_16_player1,16,1,1,closer_to_player2,9,"[0.5, 0.5034353116622019, 0.505905727673912, 0.5073710655936341, 0.5085186819905545, 0.5032668203906512, 0.5091816744288246, 0.5824332464070657, 0.5826498939278163]"
sampleJointGoal_afterNewGoal,session_16_player2,16,1,2,closer_to_player2,9,"[0.5, 0.49526717904161704, 0.49699685670289245, 0.43548874217090394, 0.48441055101543445, 0.3181342984607902, 1.0, 1.0, 1.0]"
sampleJointGoal_afterNewGoal,session_16_player1,16,3,1,equal_to_both,12,"[0.5, 0.4987311526287947, 0.98940144667355, 0.9895181901396451, 0.999887990800516, 0.9998897118899215, 0.9999988369192186, 0.9999988565388982, 0.999999987995886, 0.9999999997944548, 0.9999999999927682, 0.9999999999966511]"
sampleJointGoal_afterNewGoal,session_16_player2,16,3,2,equal_to_both,12,"[0.5, 0.5120831378596536, 0.5135526783277075, 0.5136664530663263, 0.5140788652529967, 0.5219317023630162, 0.648300276529869, 0.9997677004672721, 0.999998651729551, 0.999999998403064, 0.9999999999962556, 0.9999999999999839]"
sampleJointGoal_afterNewGoal,session_16_player1,16,7,1,closer_to_player1,11,"[0.5, 0.505985600176411, 0.41755142621751135, 0.5418628411830952, 0.3715870226857873, 0.9997405352741792, 0.9996550369273646, 0.9995629256479122, 0.9994916304681115, 0.9999999984692117, 0.9999999999999762]"
sampleJointGoal_afterNewGoal,session_16_player2,16,7,2,closer_to_player1,9,"[0.5, 0.504506287995656, 0.5021916247636797, 0.498258972338222, 0.5053163293437367, 0.4903517889479228, 0.4630708267479266, 0.5469100226155714, 0.5490423852349118]"
sampleJointGoal_afterNewGoal,session_16_player1,16,8,1,closer_to_player1,8,"[0.5, 0.9994760839366146, 0.9999997443586081, 0.999999999791407, 0.9999999999996466, 0.9999999999999989, 1.0, 1.0]"
sampleJointGoal_afterNewGoal,session_16_player2,16,8,2,closer_to_player1,8,"[0.5, 0.3462798351780939, 0.9488215952702062, 0.9991304087180586, 0.9999843975400118, 0.9999995907133231, 0.9999996589042474, 0.9999999907765877]"
sampleJointGoal_afterNewGoal,session_16_player1,16,9,1,closer_to_player1,9,"[0.5, 0.62280613527639, 0.9996820295087628, 0.9999998410333514, 0.9999998834249545, 0.999999999938194, 0.9999999999691034, 0.9999999999845564, 0.9999999999923358]"
sampleJointGoal_afterNewGoal,session_16_player2,16,9,2,closer_to_player1,9,"[0.5, 0.5034544985064826, 0.5057081971370334, 0.5075728835666591, 0.5024346800302407, 0.5093170613728676, 0.5676535154248136, 0.5711537987270803, 0.5732610909698597]"
sampleJointGoal_afterNewGoal,session_16_player1,16,10,1,equal_to_both,10,"[0.5, 0.5000013107442126, 0.9966410676918555, 0.9966562084750198, 0.9999887102501305, 0.999999930382931, 0.9999999992590297, 0.9999999999828009, 0.9999999999916694, 0.9999999999961305]"
sampleJointGoal_afterNewGoal,session_16_player2,16,10,2,equal_to_both,10,"[0.5, 0.993763736579861, 0.9999324793198162, 0.999934623927291, 0.9999993086750787, 0.9999993310173262, 0.999999992878506, 0.9999999944779009, 0.9999999999276973, 0.999999999966416]"
sampleJointGoal_afterNewGoal,session_16_player1,16,11,1,closer_to_player2,6,"[0.5, 0.9966392702130753, 0.9966820187504658, 0.9999885428775674, 0.9999998777075898, 0.9999999330755206]"
sampleJointGoal_afterNewGoal,session_16_player2,16,11,2,closer_to_player2,6,"[0.5, 0.9999815592111476, 0.9999999994720222, 0.9999999999999653, 1.0, 1.0]"
sampleJointGoal_afterNewGoal,session_17_player1,17,0,1,closer_to_player2,9,"[0.5, 0.5028455307683121, 0.5056600245929965, 0.5017300975846132, 0.4965913588116196, 0.4907775301283028, 0.4849564819727486, 0.436956936853431, 0.609953845717484]"
sampleJointGoal_afterNewGoal,session_17_player2,17,0,2,closer_to_player2,9,"[0.5, 0.6228061352775393, 0.45220394478926745, 0.9998141365120693, 0.999752892012555, 0.9999999857535002, 0.9999999999974114, 0.999999999998706, 0.9999999999993578]"
sampleJointGoal_afterNewGoal,session_17_player1,17,1,1,closer_to_player2,9,"[0.5, 0.5050617527895757, 0.5075507387110523, 0.9940600603085004, 0.994203715299801, 0.9942768566755349, 0.9999806401516843, 0.9999998580345173, 0.9999999299522806]"
sampleJointGoal_afterNewGoal,session_17_player2,17,1,2,closer_to_player2,9,"[0.5, 0.49923510928764775, 0.9998680820433488, 0.9998699925406181, 0.999999978183788, 0.9999999999900933, 0.9999999999999891, 0.9999999999999947, 1.0]"
sampleJointGoal_afterNewGoal,session_17_player1,17,4,1,equal_to_both,10,"[0.5, 0.9938384737458853, 0.993889324391967, 0.99393141840673, 0.9941804595984687, 0.9999863412483875, 0.9999999363911178, 0.9999999994533064, 0.9999999999896362, 0.9999999999970111]"
sampleJointGoal_afterNewGoal,session_17_player2,17,4,2,equal_to_both,10,"[0.5, 0.4999789468524588, 0.9966461589040745, 0.9966580536490339, 0.9965911421092221, 0.994557447660418, 0.9999970033063845, 0.9999999964506114, 0.9999999999916777, 0.9999999999999643]"
sampleJointGoal_afterNewGoal,session_17_player1,17,5,1,closer_to_player1,6,"[0.5, 0.5047329159227971, 0.5072374701750468, 0.5131575997331134, 0.5863016946695129, 0.5865178829794455]"
sampleJointGoal_afterNewGoal,session_17_player2,17,5,2,closer_to_player1,9,"[0.5, 0.5034056365623615, 0.5056557067205487, 0.5074708143912849, 0.5138581336599103, 0.5427883406846846, 0.5442994808891605, 0.5449244231788386, 0.5451453334946845]"
sampleJointGoal_afterNewGoal,session_17_player1,17,6,1,closer_to_player1,8,"[0.5, 0.4254153060248694, 0.9999226171816712, 0.999999989653912, 0.9999999999945759, 0.9999999999972906, 0.9999999999986664, 0.9999999999995659]"
sampleJointGoal_afterNewGoal,session_17_player2,17,6,2,closer_to_player1,8,"[0.5, 0.5154032904880888, 0.6463868985219121, 0.561014622223882, 0.46205476589245986, 0.35260111080358414, 0.23975349807893886, 0.9982654583158864]"
sampleJointGoal_afterNewGoal,session_17_player1,17,7,1,equal_to_both,10,"[0.5, 0.9938490864848147, 0.9938930484923757, 0.9939146515185884, 0.9999798674279213, 0.9999797218208815, 0.9999999477388035, 0.9999999315231513, 0.9999999998394393, 0.9999999999993101]"
sampleJointGoal_afterNewGoal,session_17_player2,17,7,2,equal_to_both,10,"[0.5, 0.993838553245062, 0.9938893284687474, 0.9939314073056612, 0.9999787559885429, 0.9999798416569396, 0.9999999061218788, 0.999999999193154, 0.9999999996032459, 0.9999999999946761]"
sampleJointGoal_afterNewGoal,session_17_player1,17,9,1,closer_to_player2,9,"[0.5, 0.5038630869387114, 0.5063295247274724, 0.5075540640669887, 0.5121223935703862, 0.51452696746232, 0.5208782806023711, 0.6034213673269566, 0.6054796243061182]"
sampleJointGoal_afterNewGoal,session_17_player2,17,9,2,closer_to_player2,11,"[0.5, 0.6364408028014178, 0.9978313494938319, 0.9970076836201412, 0.99587945147862, 0.9943894722691541, 0.9999989757915029, 0.9999999994569811, 0.9999999997285468, 0.9999999998643142, 0.9999999999326635]"
sampleJointGoal_afterNewGoal,session_17_player1,17,11,1,closer_to_player1,11,"[0.5, 0.9995412508412093, 0.9997345798019365, 0.999999588577068, 0.9999999991939913, 0.9999961043833965, 0.9999999984136564, 0.999999999998609, 0.9999999999999976, 1.0, 1.0]"
sampleJointGoal_afterNewGoal,session_17_player2,17,11,2,closer_to_player1,9,"[0.5, 0.503439962518063, 0.98970407066617, 0.9998230565048084, 0.999827598253343, 0.9999970870682143, 0.99999716381147, 0.9999999582498582, 0.9999999596327491]"
sampleJointGoal_afterNewGoal,session_18_player1,18,0,1,closer_to_player2,9,"[0.5, 0.5034386874930658, 0.5059023429624523, 0.507127504629102, 0.5040091096154891, 0.5787229752889206, 0.6370144786805595, 0.674744869532273, 0.7632071275628458]"
sampleJointGoal_afterNewGoal,session_18_player2,18,0,2,closer_to_player2,9,"[0.5, 0.4166768026174337, 0.5232557373783094, 0.9998602019819073, 0.9998141338476002, 0.9997644980972382, 0.999999996319554, 0.9999999999998027, 0.9999999999999021]"
sampleJointGoal_afterNewGoal,session_18_player1,18,1,1,closer_to_player1,9,"[0.5, 0.4952671790418303, 0.49699685670381544, 0.5781649444972543, 0.9999729587369549, 0.9999999984385647, 0.9999999999997152, 0.9999999999998577, 0.9999999999999293]"
sampleJointGoal_afterNewGoal,session_18_player2,18,1,2,closer_to_player1,9,"[0.5, 0.5044483642994605, 0.5113487243719352, 0.5133773151466187, 0.5091119634326867, 0.4964965165886005, 0.5458096931550942, 0.5464342902136139, 0.5466550773552432]"
sampleJointGoal_afterNewGoal,session_18_player1,18,2,1,closer_to_player1,9,"[0.5, 0.6226181334175034, 0.9996817537026415, 0.9999998408881542, 0.9999998833180933, 0.9999999999381373, 0.999999999969075, 0.9999999999845421, 0.9999999999923287]"
sampleJointGoal_afterNewGoal,session_18_player2,18,2,2,closer_to_player1,9,"[0.5, 0.5034052051526385, 0.5055965908431064, 0.5068217688629068, 0.5113903048416651, 0.5097601631901892, 0.42956990820348434, 0.6010500421466508, 0.7522188640520248]"
sampleJointGoal_afterNewGoal,session_18_player1,18,3,1,closer_to_player1,11,"[0.5, 0.5059831138446604, 0.41754966984122754, 0.3387074142419635, 0.44026652036608693, 0.999804931363968, 0.9997406472462693, 0.9996713879752175, 0.9996177783385941, 0.9995419786405112, 1.0]"
sampleJointGoal_afterNewGoal,session_18_player2,18,3,2,closer_to_player1,9,"[0.5, 0.503438272230645, 0.5054183457739818, 0.5126374291403865, 0.5095201885980774, 0.4035059572086156, 0.5750477634038185, 0.7302565643248196, 0.8450854326755209]"
sampleJointGoal_afterNewGoal,session_18_player1,18,7,1,closer_to_player2,9,"[0.5, 0.5034067003162711, 0.5055983749422822, 0.5068236029377126, 0.5037051769237101, 0.5784265306405603, 0.4984164390396706, 0.6653246301374469, 0.8002333358194486]"
sampleJointGoal_afterNewGoal,session_18_player2,18,7,2,closer_to_player2,9,"[0.5, 0.503167233764571, 0.42828941233394296, 0.5084553162792311, 0.9999644007417626, 0.9999548913848354, 0.9999475299555085, 0.9999371203261871, 1.0]"
sampleJointGoal_afterNewGoal,session_18_player1,18,8,1,equal_to_both,8,"[0.5, 0.9982948141001319, 0.9999942474347864, 0.9999943760889082, 0.9999946497566344, 0.9999999873308427, 0.9999999999294603, 0.9999999999800206]"
sampleJointGoal_afterNewGoal,session_18_player2,18,8,2,equal_to_both,8,"[0.5, 0.49974752242140125, 0.9992216483194029, 0.9992110508082066, 0.9999995253096945, 0.9999999993496755, 0.9999999999980622, 0.9999999999999877]"
sampleJointGoal_afterNewGoal,session_18_player1,18,9,1,closer_to_player2,9,"[0.5, 0.9832026593055815, 0.999554806189755, 0.999983116318189, 0.9999990920525904, 0.9999993824164897, 0.9999995450890428, 0.9999999770581557, 0.9999999896727735]"
sampleJointGoal_afterNewGoal,session_18_player2,18,9,2,closer_to_player2,11,"[0.5, 0.9982798756742324, 0.9982777895231851, 0.9999969713070725, 0.9999999894583633, 0.9999999999324536, 0.9999999999365462, 0.9999999999638401, 0.9999999999991832, 0.9999999999999964, 1.0]"
sampleJointGoal_afterNewGoal,session_18_player1,18,10,1,equal_to_both,10,"[0.5, 0.4999837091927315, 0.4999707914564391, 0.49972091427657933, 0.9992215667417561, 0.9999986917250163, 0.9999986883471452, 0.9999982408549176, 0.9999999990372352, 0.9999999999988598]"
sampleJointGoal_afterNewGoal,session_18_player2,18,10,2,equal_to_both,10,"[0.5, 0.9928569843962844, 0.9938491472853958, 0.9939586064451823, 0.9939906351217541, 0.9999893994219736, 0.9999999628671336, 0.9999999720983433, 0.9999999998446467, 0.9999999999559989]"
sampleJointGoal_afterNewGoal,session_18_player1,18,11,1,equal_to_both,9,"[0.5, 0.9966366882579084, 0.996658985870105, 0.9967200251264752, 0.996931131098459, 0.9999977126461689, 0.999999996207353, 0.9999999999872577, 0.9999999999999204]"
sampleJointGoal_afterNewGoal,session_18_player2,18,11,2,equal_to_both,9,"[0.5, 0.5000004421555605, 0.9983014238048699, 0.99999421525196, 0.999994425295519, 0.9999951791628298, 0.9999999920065801, 0.9999999999731443, 0.9999999999998322]"
sampleJointGoal_afterNewGoal,session_19_player1,19,1,1,equal_to_both,10,"[0.5, 0.9938430501278348, 0.9999344033903066, 0.9999355243307826, 0.9999361877906124, 0.9999996064854014, 0.9999999958115905, 0.9999999967518401, 0.9999999973610171, 0.9999999984991143]"
sampleJointGoal_afterNewGoal,session_19_player2,19,1,2,equal_to_both,10,"[0.5, 0.49999859211753594, 0.4999988137682619, 0.9982965030489005, 0.998302945012788, 0.9999970658358235, 0.9999971688823595, 0.999997779704121, 0.999999998351155, 0.9999999999972664]"
sampleJointGoal_afterNewGoal,session_19_player1,19,2,1,closer_to_player1,7,"[0.5, 0.5207619032958855, 0.5121288873543267, 0.5060940340114967, 0.5002634293612522, 0.541988172922933, 0.6477045964634711]"
sampleJointGoal_afterNewGoal,session_19_player2,19,2,2,closer_to_player1,10,"[0.5, 0.5034052049882719, 0.5056594996804423, 0.5064899527850755, 0.5076711881622449, 0.5145510248537921, 0.5727865399717892, 0.5727865399717893, 0.5762762864471648, 0.5783769887806613]"
sampleJointGoal_afterNewGoal,session_19_player1,19,3,1,closer_to_player2,9,"[0.5, 0.5063991070506019, 0.508996408100548, 0.9940921053285554, 0.9942432767573516, 0.9943327946443251, 0.9945720986288469, 0.999988858069529, 0.9999999422175782]"
sampleJointGoal_afterNewGoal,session_19_player2,19,3,2,closer_to_player2,9,"[0.5, 0.49882962628946487, 0.9998718102659461, 0.9998706391890126, 0.9999999841991122, 0.9999999853175313, 0.9999999999984351, 0.9999999999999996, 1.0]"
sampleJointGoal_afterNewGoal,session_19_player1,19,4,1,closer_to_player2,9,"[0.5, 0.5034063478532673, 0.5055985206718737, 0.9940180242971876, 0.9999364861491741, 0.9999380056046556, 0.9999386598837086, 0.9999271627476647, 0.9999998768751611]"
sampleJointGoal_afterNewGoal,session_19_player2,19,4,2,closer_to_player2,11,"[0.5, 0.5125696882582197, 0.5122683542356481, 0.5154478981426774, 0.6203053705383148, 0.9999060671463689, 0.9999999842318683, 0.9999999999928366, 0.9999999999999916, 1.0, 1.0]"
sampleJointGoal_afterNewGoal,session_19_player1,19,5,1,closer_to_player1,9,"[0.5, 0.4998821586070813, 0.4973772642371384, 0.5027910510811568, 0.5518820114096912, 0.37949237677379416, 1.0, 1.0, 1.0]"
sampleJointGoal_afterNewGoal,session_19_player2,19,5,2,closer_to_player1,9,"[0.5, 0.5034056365623615, 0.5055977829478592, 0.5070631936631257, 0.5074293369739702, 0.5099016183978983, 0.5158134787647803, 0.5888744471005377, 0.5890901104629438]"
sampleJointGoal_afterNewGoal,session_19_player1,19,6,1,equal_to_both,9,"[0.5, 0.499987129145075, 0.9982978382679257, 0.9983015117798965, 0.9982784071484134, 0.9999989631951915, 0.9999999985795797, 0.9999999999957674, 0.999999999995964]"
sampleJointGoal_afterNewGoal,session_19_player2,19,6,2,equal_to_both,9,"[0.5, 0.5013562319386248, 0.9983012006111569, 0.9983102454880943, 0.9999970321312327, 0.9999971767491737, 0.9999999933146014, 0.9999999967483085, 0.9999999999728747]"
sampleJointGoal_afterNewGoal,session_19_player1,19,10,1,closer_to_player1,7,"[0.5, 0.9999541515002253, 0.9999999903546312, 0.9999999999983218, 0.9999999999999993, 1.0, 1.0]"
sampleJointGoal_afterNewGoal,session_19_player2,19,10,2,closer_to_player1,9,"[0.5, 0.4899514282791611, 0.4717679255039724, 0.5724765735619832, 0.7692855951987543, 0.5215925868892995, 0.9982678495029849, 0.9999977484946145, 0.9999999960491596]"
sampleJointGoal_afterNewGoal,session_19_player1,19,11,1,closer_to_player2,9,"[0.5, 0.35324784138337195, 0.2189722883485113, 0.9315804928607827, 0.9991381260137012, 0.9999884579000727, 0.9999997626421303, 0.9999999919080983, 0.9999999922856585]"
sampleJointGoal_afterNewGoal,session_19_player2,19,11,2,closer_to_player2,9,"[0.5, 0.9995412367396133, 0.9999994563832433, 0.9999999990460866, 0.9999999999966293, 0.9999999999999669, 0.9999999999999998, 1.0, 1.0]"
sampleJointGoal_afterNewGoal,session_20_player1,20,0,1,equal_to_both,11,"[0.5, 0.4999996751484148, 0.4999995958206679, 0.9966417652287352, 0.9999792145156229, 0.9999794761439094, 0.9999998704833195, 0.9999998774885344, 0.9999999991765162, 0.9999999994358115, 0.9999999999964758]"
sampleJointGoal_afterNewGoal,session_20_player2,20,0,2,equal_to_both,11,"[0.5, 0.9893247864004723, 0.9895382006136458, 0.9896209886212924, 0.9999352979642825, 0.9999361177147035, 0.9999995968455051, 0.9999999955856569, 0.9999999959008519, 0.9999999999484175, 0.9999999999699667]"
sampleJointGoal_afterNewGoal,session_20_player1,20,1,1,equal_to_both,10,"[0.5, 0.9938462119935297, 0.9938910273764755, 0.9999621274751708, 0.9999996003346688, 0.9999996126138789, 0.99999961924042, 0.9999996223689659, 0.9999999988747107, 0.9999999989270063]"
sampleJointGoal_afterNewGoal,session_20_player2,20,1,2,equal_to_both,12,"[0.5, 0.9937365025153423, 0.9938604802682025, 0.9938972268264242, 0.9999793187998934, 0.9999797823666446, 0.9994607071345802, 0.9999966230372718, 0.9999999464649152, 0.9999999737902743, 0.9999999876842509, 0.999999996511737]"
sampleJointGoal_afterNewGoal,session_20_player1,20,2,1,closer_to_player1,9,"[0.5, 0.5031068816278715, 0.608371650327672, 0.9998988445287326, 0.9999999876446267, 0.9999999999958123, 0.9999999999999931, 1.0, 1.0]"
sampleJointGoal_afterNewGoal,session_20_player2,20,2,2,closer_to_player1,9,"[0.5, 0.9832133209650126, 0.9836377528282544, 0.9997166125237711, 0.9999923817245879, 0.999994596757714, 0.9999958932467905, 0.9999998976671771, 0.9999999497110516]"
sampleJointGoal_afterNewGoal,session_20_player1,20,3,1,closer_to_player2,9,"[0.5, 0.9832156217229857, 0.9836357185633303, 0.9997163787769415, 0.9999923154303472, 0.9999945370899378, 0.9999958380398055, 0.9999964875514157, 0.9999965284105998]"
sampleJointGoal_afterNewGoal,session_20_player2,20,3,2,closer_to_player2,9,"[0.5, 0.9996544268567291, 0.9996628853373867, 0.9997962672424898, 0.9999998932188914, 0.9999999999514892, 0.9999999999999425, 1.0, 1.0]"
sampleJointGoal_afterNewGoal,session_20_player1,20,5,1,equal_to_both,14,"[0.5, 0.9813695463270429, 0.9994619736421909, 0.9995466727764215, 0.9995641984807627, 0.9995716435141218, 0.6522361523180468, 0.9967250094678699, 0.9967586032156245, 0.9967851427163538, 0.9999888639264753, 0.99999992868473, 0.9999999420595697, 0.999999967047168]"
sampleJointGoal_afterNewGoal,session_20_player2,20,5,2,equal_to_both,12,"[0.5, 0.981369969943322, 0.9994619985188621, 0.9995466790836607, 0.9999879822233275, 0.9999889836312648, 0.9999895103982023, 0.9999998188635162, 0.999999992922918, 0.9999999966021762, 0.999999998354235, 0.9999999992355494]"
sampleJointGoal_afterNewGoal,session_20_player1,20,7,1,closer_to_player1,9,"[0.5, 0.4999335728883817, 0.5015799720078482, 0.5815110359631761, 0.9999734991005356, 0.9999664200323011, 0.9999609399258528, 0.9999531905972827, 1.0]"
sampleJointGoal_afterNewGoal,session_20_player2,20,7,2,closer_to_player1,9,"[0.5, 0.5035101254771449, 0.5063342598546101, 0.5024019067777873, 0.5094583612095982, 0.5463256018200762, 0.5518813366892358, 0.5554093025357578, 0.5575340263301936]"
sampleJointGoal_afterNewGoal,session_20_player1,20,8,1,closer_to_player1,9,"[0.5, 0.41636511777818735, 0.3449845808529967, 0.42216023502828737, 0.9999492710120261, 0.9999355750440458, 0.9999248186260483, 0.9999999997711434, 0.9999999999999964]"
sampleJointGoal_afterNewGoal,session_20_player2,20,8,2,closer_to_player1,9,"[0.5, 0.5035267641329116, 0.5057101131323478, 0.5069278457478399, 0.5037104666690128, 0.3969502646661195, 0.568353306284019, 0.7248314815065905, 0.8413806173483492]"
sampleJointGoal_afterNewGoal,session_20_player1,20,9,1,closer_to_player2,9,"[0.5, 0.9822449117242688, 0.9995279914939964, 0.9999821439372631, 0.9999990582557253, 0.9999991307556878, 0.9999991764345244, 0.9999999724487713, 0.9999999980437971]"
sampleJointGoal_afterNewGoal,session_20_player2,20,9,2,closer_to_player2,9,"[0.5, 0.9996600208600493, 0.9999997290405135, 0.9999999995386879, 0.9999999999984509, 0.9999999999999906, 1.0, 1.0, 1.0]"
sampleJointGoal_afterNewGoal,session_20_player1,20,11,1,closer_to_player2,9,"[0.5, 0.4208897139415049, 0.3346632986119761, 0.9867837839725591, 0.9998931689538952, 0.9998378129204248, 0.9999991426049705, 0.9999999926941282, 0.9999999999017606]"
sampleJointGoal_afterNewGoal,session_20_player2,20,11,2,closer_to_player2,9,"[0.5, 0.9995404838575331, 0.9999994793971211, 0.9999999990487868, 0.999999999994527, 0.9999999999999823, 0.9999999999999999, 1.0, 1.0]"
sampleJointGoal_afterNewGoal,session_21_player1,21,0,1,closer_to_player1,9,"[0.5, 0.6230033983774278, 0.9996828855898552, 0.9999998452811036, 0.9999999998741633, 0.9999999999997795, 0.9999999999999993, 1.0, 1.0]"
sampleJointGoal_afterNewGoal,session_21_player2,21,0,2,closer_to_player1,9,"[0.5, 0.42119797990642327, 0.5665617392106077, 0.9786004828984648, 0.9699282836207057, 0.9997803068385458, 0.9999980738391246, 0.9999977257197596, 0.9999999873836618]"
sampleJointGoal_afterNewGoal,session_21_player1,21,3,1,closer_to_player2,9,"[0.5, 0.5035473829502943, 0.505774003889468, 0.5070332236091015, 0.5043358364259498, 0.4063197269390055, 0.9992008719589744, 0.9999990528041517, 0.9999999977742607]"
sampleJointGoal_afterNewGoal,session_21_player2,21,3,2,closer_to_player2,11,"[0.5, 0.998279673695287, 0.9999941680075027, 0.9999941881746441, 0.9999942075928441, 0.9999999898440309, 0.9999999902716824, 0.9999999999771166, 0.9999999999871354, 0.9999999999999631, 0.9999999999999993]"
sampleJointGoal_afterNewGoal,session_21_player1,21,5,1,closer_to_player1,6,"[0.5, 0.376560161100005, 0.5471211068967413, 0.7073130505538088, 0.8286073589326098, 0.9068503778248937]"
sampleJointGoal_afterNewGoal,session_21_player2,21,5,2,closer_to_player1,11,"[0.5, 0.5034548841791626, 0.5056470266552497, 0.5068657182425079, 0.5036483708891064, 0.5788463767457915, 0.6377271731251962, 0.6759231899647, 0.609306632867753, 2.4835332183508969e-29, 3.730357710170399e-29]"
sampleJointGoal_afterNewGoal,session_21_player1,21,7,1,closer_to_player2,11,"[0.5, 0.5035084577470065, 0.5063312860720821, 0.5023999041450536, 0.497261314688663, 0.5041445178894814, 0.5625671235947105, 0.5660771066969442, 0.5660771066969442, 0.5681904849298852, 0.5681904849298852]"
sampleJointGoal_afterNewGoal,session_21_player2,21,7,2,closer_to_player2,6,"[0.5, 0.5000737090152877, 0.49842901469312767, 0.4184980280470075, 0.5901307912762058, 0.7436725912976075]"
sampleJointGoal_afterNewGoal,session_21_player1,21,8,1,equal_to_both,7,"[0.5, 0.5059223305705207, 0.6251728400725635, 0.9995151305601652, 0.9999998890318244, 0.9999999999392682, 0.9999999999999281]"
sampleJointGoal_afterNewGoal,session_21_player2,21,8,2,equal_to_both,7,"[0.5, 0.9992224336825252, 0.9999986931793381, 0.9999986898064512, 0.9999999982050367, 0.9999999979358218, 0.9999999999975554]"
sampleJointGoal_afterNewGoal,session_21_player1,21,9,1,closer_to_player1,9,"[0.5, 0.622242808083051, 0.999874409041013, 0.9999999266383911, 0.999999999892654, 0.9999999999996465, 0.9999999999999942, 1.0, 1.0]"
sampleJointGoal_afterNewGoal,session_21_player2,21,9,2,closer_to_player1,10,"[0.5, 0.9832244291798221, 0.9995560905880596, 0.9999831830707925, 0.9999990892905649, 0.9999993783049047, 0.9999999456291631, 0.9999999456291631, 0.9999999751242469, 0.9999999885035694]"
sampleJointGoal_afterNewGoal,session_21_player1,21,11,1,closer_to_player2,7,"[0.5, 0.36863336819163794, 0.5397696444272629, 0.7016814891316818, 0.8250420726567186, 0.906139964263715, 0.9685101763848404]"
sampleJointGoal_afterNewGoal,session_21_player2,21,11,2,closer_to_player2,7,"[0.5, 0.46110471078985044, 0.4557884954166602, 1.0, 1.0, 1.0, 1.0]"
sampleJointGoal_afterNewGoal,session_22_player1,22,3,1,equal_to_both,12,"[0.5, 0.9811855241947887, 0.9994521570018309, 0.9995555495929384, 0.9995755253215051, 0.9995831453868538, 0.9999955855456015, 0.9999957448155138, 0.9999999526190846, 0.9999999987325086, 0.9999999994277081, 0.9999999998349559]"
sampleJointGoal_afterNewGoal,session_22_player2,22,3,2,equal_to_both,12,"[0.5, 0.49874426813012307, 0.9894018498363687, 0.9895187337011684, 0.9998879963455398, 0.9998897176264214, 0.9998907623163024, 0.9999993364980144, 0.999999340884708, 0.9999999966910195, 0.9999999999685567, 0.999999999999395]"
sampleJointGoal_afterNewGoal,session_22_player1,22,5,1,equal_to_both,10,"[0.5, 0.9938462078868363, 0.9938910271340863, 0.9939180966710952, 0.9999794384326567, 0.9999998734722289, 0.9999999986569104, 0.9999999989543119, 0.9999999999868585, 0.9999999999935671]"
sampleJointGoal_afterNewGoal,session_22_player2,22,5,2,equal_to_both,12,"[0.5, 0.50126553990233, 0.5013394478351575, 0.998303779807692, 0.9999942771021135, 0.9999999641831614, 0.9999999734519592, 0.9999999800497259, 0.9999999998889204, 0.999999739905851, 0.9999998777837398, 0.9999999653839569]"
sampleJointGoal_afterNewGoal,session_22_player1,22,6,1,closer_to_player2,9,"[0.5, 0.9832217451304436, 0.9836229976406338, 0.983877468476021, 0.9998299450652672, 0.9999971287089473, 0.9999999253540659, 0.9999999378691059, 0.9999999391740164]"
sampleJointGoal_afterNewGoal,session_22_player2,22,6,2,closer_to_player2,9,"[0.5, 0.9995283694567332, 0.999735846212794, 0.9999998416056146, 0.9999999997606873, 0.9999999999985153, 0.9999999999999906, 1.0, 1.0]"
sampleJointGoal_afterNewGoal,session_22_player1,22,7,1,closer_to_player1,10,"[0.5, 0.503185034416755, 0.6086821640901995, 0.9999573114123577, 0.9999999908982287, 0.999999999994505, 0.9999999999999875, 0.9999999999999875, 0.9999999999999999, 1.0]"
sampleJointGoal_afterNewGoal,session_22_player2,22,7,2,closer_to_player1,9,"[0.5, 0.5034063494212155, 0.9896907261938526, 0.9898603862511162, 0.9899627982945239, 0.9999380266258109, 0.9999993364206372, 0.9999999822605764, 0.9999999909820723]"
sampleJointGoal_afterNewGoal,session_22_player1,22,8,1,closer_to_player2,9,"[0.5, 0.5034074912791968, 0.9896916910942395, 0.9898609725998374, 0.9998920196257942, 0.9999981493210734, 0.9999985719917346, 0.9999987856254745, 0.9999999871598103]"
sampleJointGoal_afterNewGoal,session_22_player2,22,8,2,closer_to_player2,13,"[0.5, 0.99964575044552, 0.9996588067992432, 0.9997940265407907, 0.9996809514317451, 0.9998073966298662, 0.9999998990593113, 0.9999999999541648, 0.9999999999999457, 1.0, 0.9999999999778233, 0.9999999999999503, 0.9999999999999998]"
sampleJointGoal_afterNewGoal,session_22_player1,22,9,1,closer_to_player2,9,"[0.5, 0.6312187623466395, 0.4757624729210144, 0.3196877610487557, 0.19089199667210469, 0.9745349864947259, 0.9509468260906475, 0.9999328380391332, 0.9999998765233566]"
sampleJointGoal_afterNewGoal,session_22_player2,22,9,2,closer_to_player2,9,"[0.5, 0.9996547768609304, 0.9996732144614213, 0.9999998466996086, 0.9999999997222642, 0.999999999921663, 0.9999999999998518, 0.9999999999999998, 1.0]"
sampleJointGoal_afterNewGoal,session_22_player1,22,11,1,closer_to_player1,6,"[0.5, 0.5837159019271106, 0.6552842506386435, 0.7089873223676234, 0.742534963267395, 0.817543231664132]"
sampleJointGoal_afterNewGoal,session_22_player2,22,11,2,closer_to_player1,9,"[0.5, 0.5038572051900001, 0.5063207519234665, 0.5075458276781423, 0.5121141079813277, 0.5104837564133643, 0.4302793273763948, 0.6017441080971913, 0.7527603747170692]"
sampleJointGoal_afterNewGoal,session_23_player1,23,0,1,equal_to_both,12,"[0.5, 0.9829793381277376, 0.983251285346578, 0.9997086112930705, 0.9999923998699051, 0.9999926828774384, 0.9999998095676468, 0.9999998196313802, 0.9999999952445414, 0.9999999964552819, 0.99999999721554, 0.9999999999302462]"
sampleJointGoal_afterNewGoal,session_23_player2,23,0,2,equal_to_both,12,"[0.5, 0.5001368753073085, 0.5001549094894345, 0.9938448120322725, 0.9999343900326315, 0.99993549889196, 0.999936316096865, 0.9999386286125892, 0.9999997867573704, 0.9999999985666481, 0.9999999999819632, 0.9999999999894983]"
sampleJointGoal_afterNewGoal,session_23_player1,23,1,1,closer_to_player1,9,"[0.5, 0.999540207856295, 0.9999994938665606, 0.9999999987692249, 0.9999999999907578, 0.9999999999973908, 0.9999999999999787, 0.9999999999999999, 1.0]"
sampleJointGoal_afterNewGoal,session_23_player2,23,1,2,closer_to_player1,11,"[0.5, 0.5033920318505734, 0.5053345730827745, 0.5005312646665245, 0.37705530956616923, 0.9985936634737902, 0.09892341914849166, 0.9886439150116553, 0.9999697971681719, 0.9999997763182658, 0.9999999988209006]"
sampleJointGoal_afterNewGoal,session_23_player1,23,2,1,closer_to_player1,9,"[0.5, 0.9996592340786257, 0.9996594674505738, 0.9996646868253436, 0.9997819338894092, 0.9999999856207582, 0.9999999999924671, 0.9999999999999957, 1.0]"
sampleJointGoal_afterNewGoal,session_23_player2,23,2,2,closer_to_player1,9,"[0.5, 0.9830621540658216, 0.9840622612037796, 0.9846815014271441, 0.9998291383750821, 0.9999936712475586, 0.9999966699177824, 0.9999982400321009, 0.9999990747987276]"
sampleJointGoal_afterNewGoal,session_23_player1,23,4,1,closer_to_player2,9,"[0.5, 0.5034379190782736, 0.5054179254324798, 0.5007325811941231, 0.3780774806101406, 0.5487303727312735, 0.7086624005511513, 0.8295363502132711, 0.9074579532319701]"
sampleJointGoal_afterNewGoal,session_23_player2,23,4,2,closer_to_player2,9,"[0.5, 0.41672813872688463, 0.5231733700947864, 0.9998601505761201, 0.9998140603527775, 0.9997644011821162, 0.999725961523831, 0.9996716089587402, 1.0]"
sampleJointGoal_afterNewGoal,session_23_player1,23,6,1,closer_to_player1,15,"[0.5, 0.9982795600653571, 0.9982776414011684, 0.9999969661426302, 0.9999970899419505, 0.9999983535383078, 0.9999999936872137, 0.9999999999747161, 0.999999999999956, 0.999999998874091, 0.9999999999918964, 0.9999999985876608, 0.9999999999883311, 0.9999999999862815, 0.9999999999999244]"
sampleJointGoal_afterNewGoal,session_23_player2,23,6,2,closer_to_player1,9,"[0.5, 0.9832117654605409, 0.9995552824180295, 0.999983144711405, 0.999999099269237, 0.9999993723183355, 0.9999995290616174, 0.9999996081487568, 0.9999996182681208]"
sampleJointGoal_afterNewGoal,session_23_player1,23,7,1,equal_to_both,12,"[0.5, 0.9938338768149192, 0.9999343869778865, 0.9999988821915231, 0.9986348899059968, 0.9986557870101561, 0.9986683384260279, 0.9999919189970469, 0.9999919461382315, 0.9999889443724738, 0.9999999814015833, 0.999999999942443]"
sampleJointGoal_afterNewGoal,session_23_player2,23,7,2,equal_to_both,11,"[0.5, 0.9924143437306445, 0.9998993207812098, 0.9998993207812097, 0.9999476392825511, 0.9999988811839878, 0.9999994618745279, 0.9999997424475944, 0.999999924966541, 0.9999999993315748, 0.9999999999965995]"
sampleJointGoal_afterNewGoal,session_23_player1,23,9,1,closer_to_player2,6,"[0.5, 0.9835175943749314, 0.9838239785494877, 0.9781620518373851, 0.9998822328808887, 0.9999989775864898]"
sampleJointGoal_afterNewGoal,session_23_player2,23,9,2,closer_to_player2,10,"[0.5, 0.9999425596544793, 0.9999999924308168, 0.999999999997429, 0.999999999999998, 1.0, 1.0, 1.0, 1.0, 1.0]"
sampleJointGoal_afterNewGoal,session_23_player1,23,11,1,closer_to_player2,9,"[0.5, 0.5003640753017964, 0.5014390787826044, 0.49615039383982673, 0.37338768179802, 0.5442527781689275, 0.7099771579300708, 0.8899546371010023, 0.9999659478586822]"
sampleJointGoal_afterNewGoal,session_23_player2,23,11,2,closer_to_player2,9,"[0.5, 0.9996537445544323, 0.9999997145839548, 0.9999997993454802, 0.9999998563307364, 0.9999999999239839, 0.9999999999629174, 0.999999999988775, 0.9999999999999969]"
sampleJointGoal_afterNewGoal,session_24_player1,24,0,1,closer_to_player2,9,"[0.5, 0.5044895968355841, 0.4945548876894237, 0.484774978396983, 0.49937701857667993, 0.6396020324054752, 0.9977257030170276, 0.9999863752778912, 0.9999911967086282]"
sampleJointGoal_afterNewGoal,session_24_player2,24,0,2,closer_to_player2,9,"[0.5, 0.49607240295738575, 0.4942560621974212, 0.4942442704940018, 0.5397202883428872, 0.9999966244388024, 0.9999999999400281, 0.9999999999999918, 1.0]"
sampleJointGoal_afterNewGoal,session_24_player1,24,3,1,closer_to_player2,9,"[0.5, 0.983223724779677, 0.9836256240846233, 0.98388066557065, 0.9998298914384268, 0.9998316022200218, 0.9999986046147513, 0.999998367870263, 0.9999999909811793]"
sampleJointGoal_afterNewGoal,session_24_player2,24,3,2,closer_to_player2,15,"[0.5, 0.9982770007407676, 0.9999941461379122, 0.9999941834581336, 0.9999999797310866, 0.9999999998699773, 0.9999999998797702, 0.999999999998959, 0.9999999999999771, 0.9999999999999934, 0.9999999999999934, 0.999999999925773, 0.9999999999785625, 0.9999999999785626, 0.9999999999994748]"
sampleJointGoal_afterNewGoal,session_24_player1,24,4,1,closer_to_player1,11,"[0.5, 0.9998729731701193, 0.9998686095793298, 0.9997742318671975, 0.9999999937228198, 0.999999999999465, 0.9999999999999999, 1.0, 0.9999999999999946, 1.0, 1.0]"
sampleJointGoal_afterNewGoal,session_24_player2,24,4,2,closer_to_player1,7,"[0.5, 0.9892182621213197, 0.9996203883092467, 0.9998118949428253, 0.9999079799678945, 0.9999561769316919, 0.9999872822230221]"
sampleJointGoal_afterNewGoal,session_24_player1,24,6,1,closer_to_player1,6,"[0.5, 0.9999629377282347, 0.9999999978599018, 0.9999999999996098, 0.9999999999998049, 0.9999999999999032]"
sampleJointGoal_afterNewGoal,session_24_player2,24,6,2,closer_to_player1,6,"[0.5, 0.3765683658821349, 0.5471298778081679, 0.7073204168861102, 0.8286124207942382, 0.9068533922709878]"
sampleJointGoal_afterNewGoal,session_24_player1,24,7,1,closer_to_player1,8,"[0.5, 0.33330853609927363, 0.9996931320141645, 0.9995920198053123, 0.9994830905336797, 0.9999999919193497, 0.9999999930530993, 0.999999999999893]"
sampleJointGoal_afterNewGoal,session_24_player2,24,7,2,closer_to_player1,8,"[0.5, 0.4941198776718902, 0.5825477182435644, 0.4582460058374255, 0.6285153048160476, 0.7719239728300118, 0.8713171712222726, 0.9317123145739248]"
sampleJointGoal_afterNewGoal,session_24_player1,24,9,1,closer_to_player2,11,"[0.5, 0.5030226980965522, 0.5130640265496159, 0.5083636362973789, 0.3852688626215582, 0.556501350532428, 0.7152682161352176, 0.8360489909895458, 2.688044016598699e-05, 4.238499552701666e-05, 0.6996205910144396]"
sampleJointGoal_afterNewGoal,session_24_player2,24,9,2,closer_to_player2,7,"[0.5, 0.43863787342197724, 0.9999799553214443, 0.9999800882628199, 0.999999999695384, 0.9999999998068164, 0.9999999999999862]"
sampleJointGoal_afterNewGoal,session_24_player1,24,10,1,equal_to_both,8,"[0.5, 0.500471859633355, 0.9991882821848063, 0.9999985547035622, 0.9999989597442336, 0.9999995342603257, 0.9999999984800065, 0.9999999999964094]"
sampleJointGoal_afterNewGoal,session_24_player2,24,10,2,equal_to_both,8,"[0.5, 0.9982962965911434, 0.9999942652219654, 0.9999942984711466, 0.9999942744249509, 0.9999920757161241, 0.9999999967787906, 0.999999999997177]"
sampleJointGoal_afterNewGoal,session_24_player1,24,11,1,equal_to_both,6,"[0.5, 0.6663393419518101, 0.8008199707526814, 0.917392722990596, 0.9999983403779854, 0.9999999999513874]"
sampleJointGoal_afterNewGoal,session_24_player2,24,11,2,equal_to_both,6,"[0.5, 0.6663393419518101, 0.8008199707526814, 0.917392722990596, 0.9999983403779854, 0.9999999999513874]"
sampleJointGoal_afterNewGoal,session_25_player1,25,0,1,closer_to_player1,9,"[0.5, 0.4167302166697656, 0.34576494068222263, 0.4218812142367854, 0.26727274208746, 0.9999809105903706, 0.9999777952257728, 0.9999999999331701, 0.9999999999442343]"
sampleJointGoal_afterNewGoal,session_25_player2,25,0,2,closer_to_player1,9,"[0.5, 0.5035278621744455, 0.5057097432743656, 0.5069343228901977, 0.503815859509478, 0.3980253474823052, 0.5694615614079753, 0.7257375613396708, 0.8420741262558736]"
sampleJointGoal_afterNewGoal,session_25_player1,25,1,1,closer_to_player1,4,"[0.5, 0.5615561826567892, 0.5125887795489531, 0.6792543197804878]"
sampleJointGoal_afterNewGoal,session_25_player2,25,1,2,closer_to_player1,11,"[0.5, 0.5035047977025063, 0.5062692356726101, 0.5029340184649507, 0.5093232841160173, 0.5382808709891193, 0.5397942778409148, 0.5404201817960693, 0.5406414354478449, 5.016275313048735e-30, 1.1105553836738383e-29]"
sampleJointGoal_afterNewGoal,session_25_player1,25,2,1,equal_to_both,13,"[0.5, 0.9811851344955599, 0.9994521351105997, 0.9999774290814618, 0.9999774290814619, 0.9999986907954874, 0.9999993360683834, 0.9999995755263291, 0.999999710475923, 0.999999986795457, 0.9999999938608303, 0.9999999972280696, 0.9999999992005986]"
sampleJointGoal_afterNewGoal,session_25_player2,25,2,2,equal_to_both,12,"[0.5, 0.49873115262672874, 0.4986451963321527, 0.49862414334934396, 0.996627995791176, 0.996639954736774, 0.999988914032047, 0.9999999326711863, 0.9999999992931795, 0.9999999999878971, 0.9999999999899548, 0.9999999999998067]"
sampleJointGoal_afterNewGoal,session_25_player1,25,5,1,closer_to_player2,9,"[0.5, 0.5024416046135202, 0.5038653383147468, 0.5045008666570157, 0.5008794309866414, 0.3940125724412026, 0.9993878325893074, 0.9999994781548565, 0.9999999991232723]"
sampleJointGoal_afterNewGoal,session_25_player2,25,5,2,closer_to_player2,8,"[0.5, 0.9998288979873382, 0.9999999196787843, 0.9999999998591931, 0.9999999999602025, 0.9999999999999247, 0.9999999999999999, 1.0]"
sampleJointGoal_afterNewGoal,session_25_player1,25,6,1,closer_to_player1,7,"[0.5, 0.9999561653893292, 0.9999999943253497, 0.9999999999980308, 0.9999999999999988, 1.0, 1.0]"
sampleJointGoal_afterNewGoal,session_25_player2,25,6,2,closer_to_player1,11,"[0.5, 0.3528093922376003, 0.9189174404397743, 0.9976818747536048, 0.99764887031768, 0.9999569514305924, 0.9999665775784042, 0.9999992878156172, 0.9123519395679182, 0.9240974494507669, 0.9990946673168035]"
sampleJointGoal_afterNewGoal,session_25_player1,25,9,1,closer_to_player2,8,"[0.5, 0.5231729662088519, 0.6652308840674113, 0.4994189028366177, 0.9938586535399255, 0.9999747554572996, 0.9999686180901284, 0.9999999423043039]"
sampleJointGoal_afterNewGoal,session_25_player2,25,9,2,closer_to_player2,8,"[0.5, 0.9998291670546852, 0.9999999198719967, 0.9999999669130837, 0.9999999999695887, 0.9999999999999425, 0.9999999999999999, 1.0]"
sampleJointGoal_afterNewGoal,session_25_player1,25,10,1,equal_to_both,11,"[0.5, 0.9894522360352315, 0.9895708868575824, 0.989645713285661, 0.9999355339555308, 0.9999361946091875, 0.9999996065301541, 0.9999999958120965, 0.9999999967522133, 0.9999999973613194, 0.9999999999774413]"
sampleJointGoal_afterNewGoal,session_25_player2,25,10,2,equal_to_both,11,"[0.5, 0.4996142031126655, 0.9937541655790588, 0.993850913153563, 0.9938817213141693, 0.9999792828877604, 0.9999794540975334, 0.9999999290561282, 0.999999999545676, 0.9999999999940514, 0.999999999997237]"
sampleJointGoal_afterNewGoal,session_25_player1,25,11,1,closer_to_player2,10,"[0.5, 0.5, 0.939343617579153, 0.9179415444658381, 0.9976431224640481, 0.9976079814549467, 0.9999535346489785, 0.999997259360362, 0.9999984996976008, 0.9999991566879193]"
sampleJointGoal_afterNewGoal,session_25_player2,25,11,2,closer_to_player2,9,"[0.5, 0.9996544133590523, 0.9999997092122509, 0.9999998020928326, 0.9999999180477614, 0.9999999999081753, 0.9999999999999145, 0.9999999999999998, 1.0]"
sampleJointGoal_afterNewGoal,session_26_player1,26,0,1,closer_to_player1,9,"[0.5, 0.4992370556432752, 0.9998680784430235, 0.9999999545967436, 0.9999999556993294, 0.9999999730454142, 0.9999999999954976, 0.9999999999999919, 1.0]"
sampleJointGoal_afterNewGoal,session_26_player2,26,0,2,closer_to_player1,9,"[0.5, 0.9814480797148076, 0.9847102030391792, 0.9854610170020925, 0.9858343642279931, 0.986020192765218, 0.9999520653981273, 0.9999995728009489, 0.9999997857559951]"
sampleJointGoal_afterNewGoal,session_26_player1,26,1,1,closer_to_player1,9,"[0.5, 0.999540207856295, 0.9999994938665606, 0.9999997206828672, 0.9999999989612571, 0.9999999999973244, 0.9999999999999907, 1.0, 1.0]"
sampleJointGoal_afterNewGoal,session_26_player2,26,1,2,closer_to_player1,9,"[0.5, 0.9832213773863226, 0.9836227099250312, 0.999716843950447, 0.9999926376038214, 0.9999929620859975, 0.9999931425658344, 0.9999999000549225, 0.9999999021540836]"
sampleJointGoal_afterNewGoal,session_26_player1,26,2,1,closer_to_player2,9,"[0.5, 0.983148215183803, 0.9995520717143945, 0.9999819522853469, 0.9999877634962149, 0.999998985596298, 0.999999486221092, 0.9999997345719206, 0.9999998609108542]"
sampleJointGoal_afterNewGoal,session_26_player2,26,2,2,closer_to_player2,9,"[0.5, 0.9996442658746765, 0.9996682641825849, 0.9999998434196211, 0.9999999355460732, 0.9999999999279718, 0.9999999999999333, 0.9999999999999999, 1.0]"
sampleJointGoal_afterNewGoal,session_26_player1,26,3,1,closer_to_player2,9,"[0.5, 0.5045062884878141, 0.5120929989611493, 0.5187365469940822, 0.5308236763645015, 0.5391897245899329, 0.544760029040095, 0.5482981720755954, 0.5504293719940946]"
sampleJointGoal_afterNewGoal,session_26_player2,26,3,2,closer_to_player2,9,"[0.5, 0.6226181213587924, 0.9996817536784381, 0.9995660782671028, 0.9999999211973052, 0.9999999999582201, 0.9999999999791144, 0.9999999999895604, 0.9999999999948191]"
sampleJointGoal_afterNewGoal,session_26_player1,26,6,1,equal_to_both,7,"[0.5, 0.49376916296217427, 0.9997509638774416, 0.9999998532988604, 0.9999999998044574, 0.9999999997663428, 0.9999999999997953]"
sampleJointGoal_afterNewGoal,session_26_player2,26,6,2,equal_to_both,7,"[0.5, 0.9991850838892509, 0.9992240950748357, 0.999999144058358, 0.9999996168262394, 0.9999999993240293, 0.9999999999971888]"
sampleJointGoal_afterNewGoal,session_26_player1,26,7,1,closer_to_player2,9,"[0.5, 0.5035101256895487, 0.5063342604618164, 0.5024019067288144, 0.497263163843737, 0.491449246001062, 0.48562792850336883, 0.5274201562648206, 0.451703860264794]"
sampleJointGoal_afterNewGoal,session_26_player2,26,7,2,closer_to_player2,6,"[0.5, 0.5016195744922924, 0.49558276363927717, 0.5019486998559385, 0.5851603259172908, 0.5872486129809252]"
sampleJointGoal_afterNewGoal,session_26_player1,26,8,1,equal_to_both,9,"[0.5, 0.5000156900469453, 0.5002578430488624, 0.5061801358083385, 0.6254144916050765, 0.9999056148300356, 0.9999999559143814, 0.9999999999439048, 0.9999999999998145]"
sampleJointGoal_afterNewGoal,session_26_player2,26,8,2,equal_to_both,9,"[0.5, 0.9966393278508973, 0.9966547362098556, 0.9966619626715687, 0.9999943755211879, 0.9999999812170679, 0.99999998137144, 0.9999999999444895, 0.9999999999470692]"
sampleJointGoal_afterNewGoal,session_26_player1,26,10,1,equal_to_both,9,"[0.5, 0.5000156900476704, 0.9982949209320594, 0.9983027418905719, 0.9999970193670433, 0.99999998956112, 0.9999999999090994, 0.9999999999572863, 0.9999999999879019]"
sampleJointGoal_afterNewGoal,session_26_player2,26,10,2,equal_to_both,9,"[0.5, 0.49992415502523213, 0.4996711503013579, 0.9992214109937195, 0.9992108100130856, 0.9999995251647142, 0.9999993631665949, 0.999999999651467, 0.9999999999995872]"
sampleJointGoal_afterNewGoal,session_26_player1,26,11,1,closer_to_player1,9,"[0.5, 0.9994736463209011, 0.9999993558162457, 0.9999997786438033, 0.9999999992287077, 0.9999999999980664, 0.9999999999999933, 1.0, 1.0]"
sampleJointGoal_afterNewGoal,session_26_player2,26,11,2,closer_to_player1,9,"[0.5, 0.5033897532049991, 0.5053374186510164, 0.5006333881108307, 0.9976062951543986, 0.9999890736244386, 0.9999850663846781, 0.9999999540965481, 0.9999999997562213]"
sampleJointGoal_afterNewGoal,session_27_player1,27,1,1,closer_to_player2,9,"[0.5, 0.504100598761537, 0.9897067592301582, 0.9900925420446232, 0.9903310107642317, 0.9999394952357776, 0.999952570594541, 0.9999592206794394, 0.9999998628448735]"
sampleJointGoal_afterNewGoal,session_27_player2,27,1,2,closer_to_player2,9,"[0.5, 0.49924422714866995, 0.5006275529623906, 0.9999446277778432, 0.9999639920689432, 0.9999999976271531, 0.9999999999987566, 0.9999999999999994, 1.0]"
sampleJointGoal_afterNewGoal,session_27_player1,27,3,1,closer_to_player1,11,"[0.5, 0.4898169742474643, 0.4825044187073725, 0.4856684758841313, 0.41123927440512986, 0.490954382489448, 0.9999618191863937, 0.9999516202717362, 0.9999999992440524, 0.9999999999999596, 0.9999999999999799]"
sampleJointGoal_afterNewGoal,session_27_player2,27,3,2,closer_to_player1,9,"[0.5, 0.5035084577470065, 0.5051560200808407, 0.5070207862138031, 0.5018826035162072, 0.508765039918256, 0.48142737249822826, 0.43558135092613615, 0.36292429980488866]"
sampleJointGoal_afterNewGoal,session_27_player1,27,4,1,closer_to_player2,10,"[0.5, 0.5035101256895487, 0.5063342604618164, 0.5024019067288144, 0.5094583621446328, 0.5463255984547042, 0.5463255984547042, 0.5518813334696159, 0.5554092994042528, 0.5575340232487201]"
sampleJointGoal_afterNewGoal,session_27_player2,27,4,2,closer_to_player2,6,"[0.5, 0.5046253202432532, 0.502980717377359, 0.5638549262277338, 0.6044681163439888, 0.7036485718311555]"
sampleJointGoal_afterNewGoal,session_27_player1,27,9,1,closer_to_player1,9,"[0.5, 0.9984894805312495, 0.9999982072413341, 0.9999999967636375, 0.9999999999819746, 0.9999999999999446, 0.9999999999999997, 1.0, 1.0]"
sampleJointGoal_afterNewGoal,session_27_player2,27,9,2,closer_to_player1,9,"[0.5, 0.9832514085844556, 0.9836365334852227, 0.9835111342552804, 0.9998733530202857, 0.9999984040395683, 0.9999978528039416, 0.9999999817369918, 0.9999999997612333]"
sampleJointGoal_afterNewGoal,session_27_player1,27,10,1,closer_to_player1,9,"[0.5, 0.9996538899267748, 0.999999708764287, 0.9999997980695695, 0.9999999996468419, 0.9999999998999424, 0.9999999999998107, 0.9999999999999998, 1.0]"
sampleJointGoal_afterNewGoal,session_27_player2,27,10,2,closer_to_player1,9,"[0.5, 0.9831463290864079, 0.9995514089022529, 0.9995799000822687, 0.9999888924976023, 0.9999919688820736, 0.9999938021267136, 0.9999998725182138, 0.9999999377470725]"
sampleJointGoal_afterNewGoal,session_27_player1,27,11,1,closer_to_player2,9,"[0.5, 0.9743574910371487, 0.9992718542891976, 0.9999722915341538, 0.9999737282332465, 0.9999990102673676, 0.9999999458023523, 0.9999999936821791, 0.9999999969947245]"
sampleJointGoal_afterNewGoal,session_27_player2,27,11,2,closer_to_player2,9,"[0.5, 0.999655338772909, 0.9999997192208804, 0.9999999994958906, 0.9999999999970995, 0.9999999999999907, 1.0, 1.0, 1.0]"
sampleJointGoal_afterNewGoal,session_28_player1,28,1,1,closer_to_player1,5,"[0.5, 0.9999929311390139, 0.9999999999136355, 0.9999999999999958, 1.0]"
sampleJointGoal_afterNewGoal,session_28_player2,28,1,2,closer_to_player1,9,"[0.5, 0.5029771416801061, 0.49696564036561713, 0.3640898337232375, 0.5342125036162516, 0.696831005852919, 0.8249338926841155, 0.939761993209583, 0.9999831636486872]"
sampleJointGoal_afterNewGoal,session_28_player1,28,2,1,equal_to_both,11,"[0.5, 0.9894491258174466, 0.9895701132228015, 0.9896458193614771, 0.9897064699100135, 0.9898927573314092, 0.9905390736567512, 0.9999929029172613, 0.9999999882323246, 0.9999999999604637, 0.9999999999997531]"
sampleJointGoal_afterNewGoal,session_28_player2,28,2,2,equal_to_both,11,"[0.5, 0.9894491334832772, 0.9895701127111599, 0.9896458179494559, 0.999935463073893, 0.9999362756085035, 0.9999995978469596, 0.9999999955966877, 0.9999999959110473, 0.999999999948546, 0.9999999999700414]"
sampleJointGoal_afterNewGoal,session_28_player1,28,3,1,equal_to_both,10,"[0.5, 0.5000001490256654, 0.5000006122340959, 0.9983014245247096, 0.9983324266191925, 0.998439911570358, 0.9999988389586705, 0.9999999980748884, 0.9999999999935321, 0.9999999999999596]"
sampleJointGoal_afterNewGoal,session_28_player2,28,3,2,equal_to_both,10,"[0.5, 0.500001075212903, 0.5000017331764367, 0.9983014318880442, 0.9999942152763355, 0.9999999634957608, 0.9999999996003026, 0.9999999996288377, 0.9999999997457079, 0.9999999999984116]"
sampleJointGoal_afterNewGoal,session_28_player1,28,4,1,closer_to_player1,9,"[0.5, 0.9995416473926888, 0.9999994571078528, 0.999999999042916, 0.9999999999967286, 0.9999999999999691, 0.9999999999999999, 1.0, 1.0]"
sampleJointGoal_afterNewGoal,session_28_player2,28,4,2,closer_to_player1,9,"[0.5, 0.5029861024091632, 0.9899896594143158, 0.9899123989901694, 0.9999230166885501, 0.9998835960427308, 0.9999993864112656, 0.9999999947804837, 0.9999999999314173]"
sampleJointGoal_afterNewGoal,session_28_player1,28,5,1,closer_to_player2,9,"[0.5, 0.5034054122685274, 0.505655497834816, 0.5065324642393467, 0.5068986168215289, 0.5093709865461922, 0.5039646961464148, 0.4548111298404064, 0.6268510034299458]"
sampleJointGoal_afterNewGoal,session_28_player2,28,5,2,closer_to_player2,9,"[0.5, 0.41636256094873736, 0.3449802804591286, 0.29138710541994434, 0.2576449403217819, 0.31701068098354396, 1.0, 1.0, 1.0]"
sampleJointGoal_afterNewGoal,session_28_player1,28,7,1,closer_to_player2,11,"[0.5, 0.503405204987075, 0.5055965908767199, 0.5070579007034948, 0.5073924095460132, 0.5057618207806589, 0.42565442907786044, 0.5972079362823254, 1.0324125761781543e-05, 1.2009025837391086e-05, 1.4391637496019237e-05]"
sampleJointGoal_afterNewGoal,session_28_player2,28,7,2,closer_to_player2,6,"[0.5, 0.9999631760640707, 0.9999999978774015, 0.9999999983248837, 0.9999999985599095, 0.9999999999999778]"
sampleJointGoal_afterNewGoal,session_28_player1,28,9,1,equal_to_both,6,"[0.5, 0.5038015281668222, 0.5072416298042182, 0.5825384734902359, 0.9999387243181281, 0.9999541105434172]"
sampleJointGoal_afterNewGoal,session_28_player2,28,9,2,equal_to_both,6,"[0.5, 0.5883032156058144, 0.6786834547496946, 0.767525234852253, 0.849771923661771, 0.918400591714733]"
sampleJointGoal_afterNewGoal,session_28_player1,28,11,1,closer_to_player1,7,"[0.5, 0.9999939295172957, 0.9999999999524856, 0.9999999999999989, 1.0, 1.0, 1.0]"
sampleJointGoal_afterNewGoal,session_28_player2,28,11,2,closer_to_player1,7,"[0.5, 0.9823357474821433, 0.9876042515755359, 0.9995353846505372, 0.9997554722964189, 0.9998707504186913, 0.9999320500459564]"
sampleJointGoal_afterNewGoal,session_29_player1,29,0,1,closer_to_player2,9,"[0.5, 0.5024307092413233, 0.5035998128974984, 0.49830221013355375, 0.3753929148648968, 0.9985838861124933, 0.9999976201388237, 0.9999999926818579, 0.9999999999608477]"
sampleJointGoal_afterNewGoal,session_29_player2,29,0,2,closer_to_player2,9,"[0.5, 0.9994442516954406, 0.9998047154449398, 0.9999997264691985, 0.9999999996885915, 0.9999999999994572, 0.9999999999999981, 1.0, 1.0]"
sampleJointGoal_afterNewGoal,session_29_player1,29,1,1,closer_to_player1,9,"[0.5, 0.5032813780599408, 0.6097304706015549, 0.4385262543345697, 0.9999525472970009, 0.9999397358498661, 0.9999999990560138, 0.9999999999999492, 0.9999999999999748]"
sampleJointGoal_afterNewGoal,session_29_player2,29,1,2,closer_to_player1,9,"[0.5, 0.5034548848019244, 0.505647027319794, 0.5071124344792187, 0.5082601019342262, 0.5145301551818956, 0.563629441674051, 0.5642490973564582, 0.5644681244744457]"
sampleJointGoal_afterNewGoal,session_29_player1,29,3,1,closer_to_player2,9,"[0.5, 0.5028347459105197, 0.50448115225101, 0.5063462080682691, 0.5134009031148082, 0.49843817983550415, 0.556942264372234, 0.5604621194215162, 0.5625817132856984]"
sampleJointGoal_afterNewGoal,session_29_player2,29,3,2,closer_to_player2,8,"[0.5, 0.5909973477671813, 0.4565132376442716, 0.6268365340595783, 0.7706399078398506, 0.8704882507523669, 0.9307798817122725, 0.964407217211564]"
sampleJointGoal_afterNewGoal,session_29_player1,29,4,1,equal_to_both,12,"[0.5, 0.4987309053679597, 0.4986448832416155, 0.49862381533170713, 0.9966279914730014, 0.9966399503835284, 0.9965726776239481, 0.9945280279458644, 0.9999969870186819, 0.9999999964313195, 0.9999999999916324, 0.999999999999964]"
sampleJointGoal_afterNewGoal,session_29_player2,29,4,2,equal_to_both,12,"[0.5, 0.5120843531295588, 0.9897771539895731, 0.9900337195408132, 0.9901155377742895, 0.9901833467271373, 0.9905847391065139, 0.9999778218898074, 0.9999874408323763, 0.9999998560378519, 0.9999999996624457, 0.9999999999985496]"
sampleJointGoal_afterNewGoal,session_29_player1,29,6,1,closer_to_player2,9,"[0.5, 0.9831224287829202, 0.9995380662940107, 0.9996806837265652, 0.999986313872624, 0.9999933708888328, 0.9999967510152147, 0.9999983942906416, 0.9999992023525068]"
sampleJointGoal_afterNewGoal,session_29_player2,29,6,2,closer_to_player2,9,"[0.5, 0.9995315197806843, 0.9999994790176086, 0.9999999981121621, 0.9999999993049616, 0.9999999996705098, 0.9999999999047695, 0.9999999999999278, 1.0]"
sampleJointGoal_afterNewGoal,session_29_player1,29,7,1,equal_to_both,11,"[0.5, 0.9894491866830019, 0.9998173200297834, 0.9998217068366724, 0.9999969615728533, 0.9999970405761038, 0.9999999494708514, 0.9999999513807432, 0.999999954851747, 0.9999999690678514, 0.9999999998067818]"
sampleJointGoal_afterNewGoal,session_29_player2,29,7,2,equal_to_both,11,"[0.5, 0.5000017656820378, 0.9938487023386067, 0.9938935431160935, 0.9999621005185184, 0.9999625776941821, 0.9999639364607024, 0.9999688132257256, 0.999999948287955, 0.9999999998262612, 0.9999999999989148]"
sampleJointGoal_afterNewGoal,session_29_player1,29,9,1,closer_to_player1,9,"[0.5, 0.499658397954288, 0.9998680412115137, 0.9999999534558756, 0.9999999999373622, 0.9999999999697123, 0.9999999999912481, 0.9999999999999933, 1.0]"
sampleJointGoal_afterNewGoal,session_29_player2,29,9,2,closer_to_player1,7,"[0.5, 0.9713580242579262, 0.9994723703969738, 0.9999743950418962, 0.9999852471324089, 0.9999913038806535, 0.9999947805547997]"
sampleJointGoal_afterNewGoal,session_29_player1,29,11,1,equal_to_both,9,"[0.5, 0.9966439149454557, 0.9999792427697342, 0.9999997807171034, 0.9999997847288873, 0.9999997861703712, 0.9999997198244338, 0.9999999993430596, 0.9999999999971774]"
sampleJointGoal_afterNewGoal,session_29_player2,29,11,2,equal_to_both,9,"[0.5, 0.9966362507281062, 0.9966593064768962, 0.99998833741415, 0.9999889333785003, 0.9999937331478747, 0.9999999281652603, 0.9999999998315658, 0.9999999999992762]"
