participantId,group,distanceCondition,stepFromNewGoal,posterior
human_1d1f4cf9-e5f0-4ef5-8d74-ab6b134f25eb_player1,Human-Human,closer_to_player1,0,0.5
human_1d1f4cf9-e5f0-4ef5-8d74-ab6b134f25eb_player1,Human-Human,closer_to_player1,1,0.7610969852590125
human_1d1f4cf9-e5f0-4ef5-8d74-ab6b134f25eb_player1,Human-Human,closer_to_player2,0,0.5
human_1d1f4cf9-e5f0-4ef5-8d74-ab6b134f25eb_player1,Human-Human,closer_to_player2,1,0.5556681857388913
human_1d1f4cf9-e5f0-4ef5-8d74-ab6b134f25eb_player1,Human-Human,closer_to_player2,2,0.6001381422531904
human_1d1f4cf9-e5f0-4ef5-8d74-ab6b134f25eb_player1,Human-Human,closer_to_player2,3,0.6297473313141361
human_1d1f4cf9-e5f0-4ef5-8d74-ab6b134f25eb_player1,Human-Human,closer_to_player2,4,0.6473964210771558
human_1d1f4cf9-e5f0-4ef5-8d74-ab6b134f25eb_player1,Human-Human,closer_to_player2,5,0.48994133399258255
human_1d1f4cf9-e5f0-4ef5-8d74-ab6b134f25eb_player1,Human-Human,equal_to_both,0,0.5
human_1d1f4cf9-e5f0-4ef5-8d74-ab6b134f25eb_player1,Human-Human,equal_to_both,1,0.9998350871766676
human_1d1f4cf9-e5f0-4ef5-8d74-ab6b134f25eb_player1,Human-Human,equal_to_both,2,0.9999998774023262
human_1d1f4cf9-e5f0-4ef5-8d74-ab6b134f25eb_player1,Human-Human,equal_to_both,3,0.9999999997966965
human_1d1f4cf9-e5f0-4ef5-8d74-ab6b134f25eb_player1,Human-Human,equal_to_both,4,0.9999999999999937
human_1d1f4cf9-e5f0-4ef5-8d74-ab6b134f25eb_player2,Human-Human,closer_to_player1,0,0.5
human_1d1f4cf9-e5f0-4ef5-8d74-ab6b134f25eb_player2,Human-Human,closer_to_player1,1,0.5837699035652202
human_1d1f4cf9-e5f0-4ef5-8d74-ab6b134f25eb_player2,Human-Human,closer_to_player1,2,0.6526817184938031
human_1d1f4cf9-e5f0-4ef5-8d74-ab6b134f25eb_player2,Human-Human,closer_to_player1,3,0.6875227631527007
human_1d1f4cf9-e5f0-4ef5-8d74-ab6b134f25eb_player2,Human-Human,closer_to_player1,4,0.575179202186764
human_1d1f4cf9-e5f0-4ef5-8d74-ab6b134f25eb_player2,Human-Human,closer_to_player1,5,0.6183462114957742
human_1d1f4cf9-e5f0-4ef5-8d74-ab6b134f25eb_player2,Human-Human,closer_to_player2,0,0.5
human_1d1f4cf9-e5f0-4ef5-8d74-ab6b134f25eb_player2,Human-Human,closer_to_player2,1,0.75
human_1d1f4cf9-e5f0-4ef5-8d74-ab6b134f25eb_player2,Human-Human,closer_to_player2,2,0.75
human_1d1f4cf9-e5f0-4ef5-8d74-ab6b134f25eb_player2,Human-Human,closer_to_player2,3,0.8030189664333062
human_1d1f4cf9-e5f0-4ef5-8d74-ab6b134f25eb_player2,Human-Human,closer_to_player2,4,0.8680660563578637
human_1d1f4cf9-e5f0-4ef5-8d74-ab6b134f25eb_player2,Human-Human,closer_to_player2,5,1.0
human_1d1f4cf9-e5f0-4ef5-8d74-ab6b134f25eb_player2,Human-Human,equal_to_both,0,0.5
human_1d1f4cf9-e5f0-4ef5-8d74-ab6b134f25eb_player2,Human-Human,equal_to_both,1,0.9998825003927388
human_1d1f4cf9-e5f0-4ef5-8d74-ab6b134f25eb_player2,Human-Human,equal_to_both,2,0.9999999721483802
human_1d1f4cf9-e5f0-4ef5-8d74-ab6b134f25eb_player2,Human-Human,equal_to_both,3,0.9999999999877399
human_1d1f4cf9-e5f0-4ef5-8d74-ab6b134f25eb_player2,Human-Human,equal_to_both,4,0.9999999999999883
human_1d1f4cf9-e5f0-4ef5-8d74-ab6b134f25eb_player2,Human-Human,equal_to_both,5,1.0
human_2ed9e54f-be52-49b9-a758-abb5f5ef5150_player1,Human-Human,closer_to_player1,0,0.5
human_2ed9e54f-be52-49b9-a758-abb5f5ef5150_player1,Human-Human,closer_to_player1,1,0.7758663205053183
human_2ed9e54f-be52-49b9-a758-abb5f5ef5150_player1,Human-Human,closer_to_player1,2,0.9990273989644152
human_2ed9e54f-be52-49b9-a758-abb5f5ef5150_player1,Human-Human,closer_to_player1,3,0.9994993689858838
human_2ed9e54f-be52-49b9-a758-abb5f5ef5150_player1,Human-Human,closer_to_player1,4,0.9999989177410552
human_2ed9e54f-be52-49b9-a758-abb5f5ef5150_player1,Human-Human,closer_to_player1,5,0.9999999073165421
human_2ed9e54f-be52-49b9-a758-abb5f5ef5150_player1,Human-Human,closer_to_player2,0,0.5
human_2ed9e54f-be52-49b9-a758-abb5f5ef5150_player1,Human-Human,closer_to_player2,1,0.5643468117143627
human_2ed9e54f-be52-49b9-a758-abb5f5ef5150_player1,Human-Human,closer_to_player2,2,0.7661981599827906
human_2ed9e54f-be52-49b9-a758-abb5f5ef5150_player1,Human-Human,closer_to_player2,3,0.8135802831034291
human_2ed9e54f-be52-49b9-a758-abb5f5ef5150_player1,Human-Human,closer_to_player2,4,0.9938132445648598
human_2ed9e54f-be52-49b9-a758-abb5f5ef5150_player1,Human-Human,closer_to_player2,5,0.9913394910632052
human_2ed9e54f-be52-49b9-a758-abb5f5ef5150_player1,Human-Human,equal_to_both,0,0.5
human_2ed9e54f-be52-49b9-a758-abb5f5ef5150_player1,Human-Human,equal_to_both,1,0.9881953842690856
human_2ed9e54f-be52-49b9-a758-abb5f5ef5150_player1,Human-Human,equal_to_both,2,0.9937023417007346
human_2ed9e54f-be52-49b9-a758-abb5f5ef5150_player1,Human-Human,equal_to_both,3,0.9997984017054925
human_2ed9e54f-be52-49b9-a758-abb5f5ef5150_player1,Human-Human,equal_to_both,4,0.9999426067878808
human_2ed9e54f-be52-49b9-a758-abb5f5ef5150_player1,Human-Human,equal_to_both,5,0.9999958210741623
human_2ed9e54f-be52-49b9-a758-abb5f5ef5150_player2,Human-Human,closer_to_player1,0,0.5
human_2ed9e54f-be52-49b9-a758-abb5f5ef5150_player2,Human-Human,closer_to_player1,1,0.6657746251635556
human_2ed9e54f-be52-49b9-a758-abb5f5ef5150_player2,Human-Human,closer_to_player1,2,0.8289636684410461
human_2ed9e54f-be52-49b9-a758-abb5f5ef5150_player2,Human-Human,closer_to_player1,3,0.9954633613724827
human_2ed9e54f-be52-49b9-a758-abb5f5ef5150_player2,Human-Human,closer_to_player1,4,0.9999534564587451
human_2ed9e54f-be52-49b9-a758-abb5f5ef5150_player2,Human-Human,closer_to_player1,5,0.9999549572522817
human_2ed9e54f-be52-49b9-a758-abb5f5ef5150_player2,Human-Human,closer_to_player2,0,0.5
human_2ed9e54f-be52-49b9-a758-abb5f5ef5150_player2,Human-Human,closer_to_player2,1,0.5917598717018703
human_2ed9e54f-be52-49b9-a758-abb5f5ef5150_player2,Human-Human,closer_to_player2,2,0.9998678341166193
human_2ed9e54f-be52-49b9-a758-abb5f5ef5150_player2,Human-Human,closer_to_player2,3,0.9999999741183311
human_2ed9e54f-be52-49b9-a758-abb5f5ef5150_player2,Human-Human,closer_to_player2,4,0.9999999999912986
human_2ed9e54f-be52-49b9-a758-abb5f5ef5150_player2,Human-Human,closer_to_player2,5,0.9999999999914267
human_2ed9e54f-be52-49b9-a758-abb5f5ef5150_player2,Human-Human,equal_to_both,0,0.5
human_2ed9e54f-be52-49b9-a758-abb5f5ef5150_player2,Human-Human,equal_to_both,1,0.6469751269876017
human_2ed9e54f-be52-49b9-a758-abb5f5ef5150_player2,Human-Human,equal_to_both,2,0.8093352216337104
human_2ed9e54f-be52-49b9-a758-abb5f5ef5150_player2,Human-Human,equal_to_both,3,0.810699870971279
human_2ed9e54f-be52-49b9-a758-abb5f5ef5150_player2,Human-Human,equal_to_both,4,0.9998812307482887
human_2ed9e54f-be52-49b9-a758-abb5f5ef5150_player2,Human-Human,equal_to_both,5,0.999940134707057
human_31e13002-490a-484d-a0f6-1781673d477a_player1,Human-Human,closer_to_player1,0,0.5
human_31e13002-490a-484d-a0f6-1781673d477a_player1,Human-Human,closer_to_player1,1,0.9999960864970585
human_31e13002-490a-484d-a0f6-1781673d477a_player1,Human-Human,closer_to_player1,2,0.9999999999121916
human_31e13002-490a-484d-a0f6-1781673d477a_player1,Human-Human,closer_to_player1,3,0.9999999999999942
human_31e13002-490a-484d-a0f6-1781673d477a_player1,Human-Human,closer_to_player1,4,1.0
human_31e13002-490a-484d-a0f6-1781673d477a_player1,Human-Human,closer_to_player1,5,1.0
human_31e13002-490a-484d-a0f6-1781673d477a_player1,Human-Human,closer_to_player2,0,0.5
human_31e13002-490a-484d-a0f6-1781673d477a_player1,Human-Human,closer_to_player2,1,0.8331305670518907
human_31e13002-490a-484d-a0f6-1781673d477a_player1,Human-Human,closer_to_player2,2,0.9999999999862887
human_31e13002-490a-484d-a0f6-1781673d477a_player1,Human-Human,closer_to_player2,3,0.9999999999999997
human_31e13002-490a-484d-a0f6-1781673d477a_player1,Human-Human,closer_to_player2,4,1.0
human_31e13002-490a-484d-a0f6-1781673d477a_player1,Human-Human,closer_to_player2,5,1.0
human_31e13002-490a-484d-a0f6-1781673d477a_player1,Human-Human,equal_to_both,0,0.5
human_31e13002-490a-484d-a0f6-1781673d477a_player1,Human-Human,equal_to_both,1,0.8074978962467192
human_31e13002-490a-484d-a0f6-1781673d477a_player1,Human-Human,equal_to_both,2,0.9342216287053232
human_31e13002-490a-484d-a0f6-1781673d477a_player1,Human-Human,equal_to_both,3,0.9649005955159408
human_31e13002-490a-484d-a0f6-1781673d477a_player1,Human-Human,equal_to_both,4,0.9892557193366378
human_31e13002-490a-484d-a0f6-1781673d477a_player1,Human-Human,equal_to_both,5,0.9999663225993152
human_31e13002-490a-484d-a0f6-1781673d477a_player2,Human-Human,closer_to_player1,0,0.5
human_31e13002-490a-484d-a0f6-1781673d477a_player2,Human-Human,closer_to_player1,1,0.9999960864970585
human_31e13002-490a-484d-a0f6-1781673d477a_player2,Human-Human,closer_to_player1,2,0.9999999999121916
human_31e13002-490a-484d-a0f6-1781673d477a_player2,Human-Human,closer_to_player1,3,0.9999999999999942
human_31e13002-490a-484d-a0f6-1781673d477a_player2,Human-Human,closer_to_player1,4,1.0
human_31e13002-490a-484d-a0f6-1781673d477a_player2,Human-Human,closer_to_player1,5,1.0
human_31e13002-490a-484d-a0f6-1781673d477a_player2,Human-Human,closer_to_player2,0,0.5
human_31e13002-490a-484d-a0f6-1781673d477a_player2,Human-Human,closer_to_player2,1,0.8331305670518907
human_31e13002-490a-484d-a0f6-1781673d477a_player2,Human-Human,closer_to_player2,2,0.9999999999862887
human_31e13002-490a-484d-a0f6-1781673d477a_player2,Human-Human,closer_to_player2,3,0.9999999999999997
human_31e13002-490a-484d-a0f6-1781673d477a_player2,Human-Human,closer_to_player2,4,1.0
human_31e13002-490a-484d-a0f6-1781673d477a_player2,Human-Human,closer_to_player2,5,1.0
human_31e13002-490a-484d-a0f6-1781673d477a_player2,Human-Human,equal_to_both,0,0.5
human_31e13002-490a-484d-a0f6-1781673d477a_player2,Human-Human,equal_to_both,1,0.9167974257294883
human_31e13002-490a-484d-a0f6-1781673d477a_player2,Human-Human,equal_to_both,2,0.9999792275796336
human_31e13002-490a-484d-a0f6-1781673d477a_player2,Human-Human,equal_to_both,3,0.9999938976841308
human_31e13002-490a-484d-a0f6-1781673d477a_player2,Human-Human,equal_to_both,4,0.9999969735612456
human_31e13002-490a-484d-a0f6-1781673d477a_player2,Human-Human,equal_to_both,5,0.9999978264615303
human_6558f174-56b6-4592-b53b-bf9ff8c7f3ca_player1,Human-Human,closer_to_player1,0,0.5
human_6558f174-56b6-4592-b53b-bf9ff8c7f3ca_player1,Human-Human,closer_to_player1,1,0.4921405262446865
human_6558f174-56b6-4592-b53b-bf9ff8c7f3ca_player1,Human-Human,closer_to_player1,2,0.5233941255187619
human_6558f174-56b6-4592-b53b-bf9ff8c7f3ca_player1,Human-Human,closer_to_player1,3,0.9999948278062525
human_6558f174-56b6-4592-b53b-bf9ff8c7f3ca_player1,Human-Human,closer_to_player1,4,0.9999999999458297
human_6558f174-56b6-4592-b53b-bf9ff8c7f3ca_player1,Human-Human,closer_to_player1,5,0.9999999999999979
human_6558f174-56b6-4592-b53b-bf9ff8c7f3ca_player1,Human-Human,closer_to_player2,0,0.5
human_6558f174-56b6-4592-b53b-bf9ff8c7f3ca_player1,Human-Human,closer_to_player2,1,0.557449882018272
human_6558f174-56b6-4592-b53b-bf9ff8c7f3ca_player1,Human-Human,closer_to_player2,2,0.603148666997699
human_6558f174-56b6-4592-b53b-bf9ff8c7f3ca_player1,Human-Human,closer_to_player2,3,0.6294358273447516
human_6558f174-56b6-4592-b53b-bf9ff8c7f3ca_player1,Human-Human,closer_to_player2,4,0.5745940088981039
human_6558f174-56b6-4592-b53b-bf9ff8c7f3ca_player1,Human-Human,closer_to_player2,5,0.7918057676495893
human_6558f174-56b6-4592-b53b-bf9ff8c7f3ca_player1,Human-Human,equal_to_both,0,0.5
human_6558f174-56b6-4592-b53b-bf9ff8c7f3ca_player1,Human-Human,equal_to_both,1,0.49696220775128125
human_6558f174-56b6-4592-b53b-bf9ff8c7f3ca_player1,Human-Human,equal_to_both,2,0.49252366574531464
human_6558f174-56b6-4592-b53b-bf9ff8c7f3ca_player1,Human-Human,equal_to_both,3,0.8297205134808497
human_6558f174-56b6-4592-b53b-bf9ff8c7f3ca_player1,Human-Human,equal_to_both,4,0.9995417032425138
human_6558f174-56b6-4592-b53b-bf9ff8c7f3ca_player1,Human-Human,equal_to_both,5,0.9992720146880222
human_6558f174-56b6-4592-b53b-bf9ff8c7f3ca_player2,Human-Human,closer_to_player1,0,0.5
human_6558f174-56b6-4592-b53b-bf9ff8c7f3ca_player2,Human-Human,closer_to_player1,1,0.9906036652189317
human_6558f174-56b6-4592-b53b-bf9ff8c7f3ca_player2,Human-Human,closer_to_player1,2,0.9997020217112024
human_6558f174-56b6-4592-b53b-bf9ff8c7f3ca_player2,Human-Human,closer_to_player1,3,0.9958970340174629
human_6558f174-56b6-4592-b53b-bf9ff8c7f3ca_player2,Human-Human,closer_to_player1,4,0.9975161628765413
human_6558f174-56b6-4592-b53b-bf9ff8c7f3ca_player2,Human-Human,closer_to_player1,5,0.9984536555407922
human_6558f174-56b6-4592-b53b-bf9ff8c7f3ca_player2,Human-Human,closer_to_player2,0,0.5
human_6558f174-56b6-4592-b53b-bf9ff8c7f3ca_player2,Human-Human,closer_to_player2,1,0.8286947001987223
human_6558f174-56b6-4592-b53b-bf9ff8c7f3ca_player2,Human-Human,closer_to_player2,2,0.7987978385244943
human_6558f174-56b6-4592-b53b-bf9ff8c7f3ca_player2,Human-Human,closer_to_player2,3,0.9975624630252788
human_6558f174-56b6-4592-b53b-bf9ff8c7f3ca_player2,Human-Human,closer_to_player2,4,0.9980106372236341
human_6558f174-56b6-4592-b53b-bf9ff8c7f3ca_player2,Human-Human,closer_to_player2,5,0.9985780571869926
human_6558f174-56b6-4592-b53b-bf9ff8c7f3ca_player2,Human-Human,equal_to_both,0,0.5
human_6558f174-56b6-4592-b53b-bf9ff8c7f3ca_player2,Human-Human,equal_to_both,1,0.9953178060048816
human_6558f174-56b6-4592-b53b-bf9ff8c7f3ca_player2,Human-Human,equal_to_both,2,0.9999503864008329
human_6558f174-56b6-4592-b53b-bf9ff8c7f3ca_player2,Human-Human,equal_to_both,3,0.9999863451322186
human_6558f174-56b6-4592-b53b-bf9ff8c7f3ca_player2,Human-Human,equal_to_both,4,0.9999931162527319
human_6558f174-56b6-4592-b53b-bf9ff8c7f3ca_player2,Human-Human,equal_to_both,5,0.9999844889787585
human_6b3ca33d-6a91-4de7-aaef-b55bcb13d712_player1,Human-Human,closer_to_player1,0,0.5
human_6b3ca33d-6a91-4de7-aaef-b55bcb13d712_player1,Human-Human,closer_to_player1,1,0.6658317771763281
human_6b3ca33d-6a91-4de7-aaef-b55bcb13d712_player1,Human-Human,closer_to_player1,2,0.9999999999460397
human_6b3ca33d-6a91-4de7-aaef-b55bcb13d712_player1,Human-Human,closer_to_player1,3,0.9999999999999973
human_6b3ca33d-6a91-4de7-aaef-b55bcb13d712_player1,Human-Human,closer_to_player1,4,1.0
human_6b3ca33d-6a91-4de7-aaef-b55bcb13d712_player1,Human-Human,closer_to_player2,0,0.5
human_6b3ca33d-6a91-4de7-aaef-b55bcb13d712_player1,Human-Human,closer_to_player2,1,0.4437193561718176
human_6b3ca33d-6a91-4de7-aaef-b55bcb13d712_player1,Human-Human,closer_to_player2,2,0.5290988871715112
human_6b3ca33d-6a91-4de7-aaef-b55bcb13d712_player1,Human-Human,closer_to_player2,3,0.6625148868003875
human_6b3ca33d-6a91-4de7-aaef-b55bcb13d712_player1,Human-Human,closer_to_player2,4,0.5009597066484218
human_6b3ca33d-6a91-4de7-aaef-b55bcb13d712_player1,Human-Human,closer_to_player2,5,0.501312359455788
human_6b3ca33d-6a91-4de7-aaef-b55bcb13d712_player1,Human-Human,equal_to_both,0,0.5
human_6b3ca33d-6a91-4de7-aaef-b55bcb13d712_player1,Human-Human,equal_to_both,1,0.8330327504296369
human_6b3ca33d-6a91-4de7-aaef-b55bcb13d712_player1,Human-Human,equal_to_both,2,0.8114703115173447
human_6b3ca33d-6a91-4de7-aaef-b55bcb13d712_player1,Human-Human,equal_to_both,3,0.8367038647385726
human_6b3ca33d-6a91-4de7-aaef-b55bcb13d712_player1,Human-Human,equal_to_both,4,0.9999589428471978
human_6b3ca33d-6a91-4de7-aaef-b55bcb13d712_player1,Human-Human,equal_to_both,5,0.9999692520734423
human_6b3ca33d-6a91-4de7-aaef-b55bcb13d712_player2,Human-Human,closer_to_player1,0,0.5
human_6b3ca33d-6a91-4de7-aaef-b55bcb13d712_player2,Human-Human,closer_to_player1,1,0.5004626996384021
human_6b3ca33d-6a91-4de7-aaef-b55bcb13d712_player2,Human-Human,closer_to_player1,2,0.519001100382714
human_6b3ca33d-6a91-4de7-aaef-b55bcb13d712_player2,Human-Human,closer_to_player1,3,0.6032075841263963
human_6b3ca33d-6a91-4de7-aaef-b55bcb13d712_player2,Human-Human,closer_to_player1,4,0.5866794912556006
human_6b3ca33d-6a91-4de7-aaef-b55bcb13d712_player2,Human-Human,closer_to_player1,5,0.928839449599213
human_6b3ca33d-6a91-4de7-aaef-b55bcb13d712_player2,Human-Human,closer_to_player2,0,0.5
human_6b3ca33d-6a91-4de7-aaef-b55bcb13d712_player2,Human-Human,closer_to_player2,1,0.708906393903014
human_6b3ca33d-6a91-4de7-aaef-b55bcb13d712_player2,Human-Human,closer_to_player2,2,0.755531371456518
human_6b3ca33d-6a91-4de7-aaef-b55bcb13d712_player2,Human-Human,closer_to_player2,3,0.8649479000417969
human_6b3ca33d-6a91-4de7-aaef-b55bcb13d712_player2,Human-Human,closer_to_player2,4,0.6666701018131742
human_6b3ca33d-6a91-4de7-aaef-b55bcb13d712_player2,Human-Human,closer_to_player2,5,0.6666706667797375
human_6b3ca33d-6a91-4de7-aaef-b55bcb13d712_player2,Human-Human,equal_to_both,0,0.5
human_6b3ca33d-6a91-4de7-aaef-b55bcb13d712_player2,Human-Human,equal_to_both,1,0.8625211733700806
human_6b3ca33d-6a91-4de7-aaef-b55bcb13d712_player2,Human-Human,equal_to_both,2,0.8928942215610864
human_6b3ca33d-6a91-4de7-aaef-b55bcb13d712_player2,Human-Human,equal_to_both,3,0.9225084096911331
human_6b3ca33d-6a91-4de7-aaef-b55bcb13d712_player2,Human-Human,equal_to_both,4,0.9499239734862877
human_6b3ca33d-6a91-4de7-aaef-b55bcb13d712_player2,Human-Human,equal_to_both,5,0.9728001965699394
human_74ea1778-cc30-4c70-92fe-ee112edef228_player1,Human-Human,closer_to_player1,0,0.5
human_74ea1778-cc30-4c70-92fe-ee112edef228_player1,Human-Human,closer_to_player1,1,0.6664143229799627
human_74ea1778-cc30-4c70-92fe-ee112edef228_player1,Human-Human,closer_to_player1,2,0.49999999999322975
human_74ea1778-cc30-4c70-92fe-ee112edef228_player1,Human-Human,closer_to_player1,3,0.9999999999999997
human_74ea1778-cc30-4c70-92fe-ee112edef228_player1,Human-Human,closer_to_player1,4,1.0
human_74ea1778-cc30-4c70-92fe-ee112edef228_player1,Human-Human,closer_to_player1,5,1.0
human_74ea1778-cc30-4c70-92fe-ee112edef228_player1,Human-Human,closer_to_player2,0,0.5
human_74ea1778-cc30-4c70-92fe-ee112edef228_player1,Human-Human,closer_to_player2,1,0.49875997925827686
human_74ea1778-cc30-4c70-92fe-ee112edef228_player1,Human-Human,closer_to_player2,2,0.49800801914150933
human_74ea1778-cc30-4c70-92fe-ee112edef228_player1,Human-Human,closer_to_player2,3,0.49740884084345577
human_74ea1778-cc30-4c70-92fe-ee112edef228_player1,Human-Human,closer_to_player2,4,0.5028234218165908
human_74ea1778-cc30-4c70-92fe-ee112edef228_player1,Human-Human,closer_to_player2,5,0.5081342871482177
human_74ea1778-cc30-4c70-92fe-ee112edef228_player1,Human-Human,equal_to_both,0,0.5
human_74ea1778-cc30-4c70-92fe-ee112edef228_player1,Human-Human,equal_to_both,1,0.5294936473348867
human_74ea1778-cc30-4c70-92fe-ee112edef228_player1,Human-Human,equal_to_both,2,0.7837404559851654
human_74ea1778-cc30-4c70-92fe-ee112edef228_player1,Human-Human,equal_to_both,3,0.9223855583814817
human_74ea1778-cc30-4c70-92fe-ee112edef228_player1,Human-Human,equal_to_both,4,0.9499239007137211
human_74ea1778-cc30-4c70-92fe-ee112edef228_player1,Human-Human,equal_to_both,5,0.9728001965058405
human_74ea1778-cc30-4c70-92fe-ee112edef228_player2,Human-Human,closer_to_player1,0,0.5
human_74ea1778-cc30-4c70-92fe-ee112edef228_player2,Human-Human,closer_to_player1,1,0.6663865121579194
human_74ea1778-cc30-4c70-92fe-ee112edef228_player2,Human-Human,closer_to_player1,2,0.016199494406152586
human_74ea1778-cc30-4c70-92fe-ee112edef228_player2,Human-Human,closer_to_player1,3,0.9974620527564545
human_74ea1778-cc30-4c70-92fe-ee112edef228_player2,Human-Human,closer_to_player1,4,0.9999994160148351
human_74ea1778-cc30-4c70-92fe-ee112edef228_player2,Human-Human,closer_to_player2,0,0.5
human_74ea1778-cc30-4c70-92fe-ee112edef228_player2,Human-Human,closer_to_player2,1,0.7522729293055819
human_74ea1778-cc30-4c70-92fe-ee112edef228_player2,Human-Human,closer_to_player2,2,0.5031787232258744
human_74ea1778-cc30-4c70-92fe-ee112edef228_player2,Human-Human,closer_to_player2,3,0.5644907054173365
human_74ea1778-cc30-4c70-92fe-ee112edef228_player2,Human-Human,closer_to_player2,4,0.5191512750958277
human_74ea1778-cc30-4c70-92fe-ee112edef228_player2,Human-Human,closer_to_player2,5,0.6819747015397162
human_74ea1778-cc30-4c70-92fe-ee112edef228_player2,Human-Human,equal_to_both,0,0.5
human_74ea1778-cc30-4c70-92fe-ee112edef228_player2,Human-Human,equal_to_both,1,0.8623331686079408
human_74ea1778-cc30-4c70-92fe-ee112edef228_player2,Human-Human,equal_to_both,2,0.8928941182115633
human_74ea1778-cc30-4c70-92fe-ee112edef228_player2,Human-Human,equal_to_both,3,0.9225084097021692
human_74ea1778-cc30-4c70-92fe-ee112edef228_player2,Human-Human,equal_to_both,4,0.9248859602341392
human_74ea1778-cc30-4c70-92fe-ee112edef228_player2,Human-Human,equal_to_both,5,0.959200294854961
human_975b16bb-4262-4523-94e3-02521faeb953_player1,Human-Human,closer_to_player1,0,0.5
human_975b16bb-4262-4523-94e3-02521faeb953_player1,Human-Human,closer_to_player1,1,0.6408583745425108
human_975b16bb-4262-4523-94e3-02521faeb953_player1,Human-Human,closer_to_player1,2,0.9999999999713998
human_975b16bb-4262-4523-94e3-02521faeb953_player1,Human-Human,closer_to_player1,3,0.9999999999999988
human_975b16bb-4262-4523-94e3-02521faeb953_player1,Human-Human,closer_to_player1,4,0.9999999999999991
human_975b16bb-4262-4523-94e3-02521faeb953_player1,Human-Human,closer_to_player1,5,1.0
human_975b16bb-4262-4523-94e3-02521faeb953_player1,Human-Human,closer_to_player2,0,0.5
human_975b16bb-4262-4523-94e3-02521faeb953_player1,Human-Human,closer_to_player2,1,0.7866069160794745
human_975b16bb-4262-4523-94e3-02521faeb953_player1,Human-Human,closer_to_player2,2,0.835485601613121
human_975b16bb-4262-4523-94e3-02521faeb953_player1,Human-Human,closer_to_player2,3,0.872009619848239
human_975b16bb-4262-4523-94e3-02521faeb953_player1,Human-Human,closer_to_player2,4,0.9339266233379064
human_975b16bb-4262-4523-94e3-02521faeb953_player1,Human-Human,closer_to_player2,5,0.8676105035003211
human_975b16bb-4262-4523-94e3-02521faeb953_player1,Human-Human,equal_to_both,0,0.5
human_975b16bb-4262-4523-94e3-02521faeb953_player1,Human-Human,equal_to_both,1,0.9979717672800003
human_975b16bb-4262-4523-94e3-02521faeb953_player1,Human-Human,equal_to_both,2,0.7450385274815193
human_975b16bb-4262-4523-94e3-02521faeb953_player1,Human-Human,equal_to_both,3,0.5002160006083084
human_975b16bb-4262-4523-94e3-02521faeb953_player1,Human-Human,equal_to_both,4,0.5001045554048901
human_975b16bb-4262-4523-94e3-02521faeb953_player1,Human-Human,equal_to_both,5,6.0272455241611594e-05
human_975b16bb-4262-4523-94e3-02521faeb953_player2,Human-Human,closer_to_player1,0,0.5
human_975b16bb-4262-4523-94e3-02521faeb953_player2,Human-Human,closer_to_player1,1,0.597733828883907
human_975b16bb-4262-4523-94e3-02521faeb953_player2,Human-Human,closer_to_player1,2,0.4837166004684626
human_975b16bb-4262-4523-94e3-02521faeb953_player2,Human-Human,closer_to_player1,3,0.35936252594631446
human_975b16bb-4262-4523-94e3-02521faeb953_player2,Human-Human,closer_to_player1,4,0.4731147296509998
human_975b16bb-4262-4523-94e3-02521faeb953_player2,Human-Human,closer_to_player1,5,0.5248663739022997
human_975b16bb-4262-4523-94e3-02521faeb953_player2,Human-Human,closer_to_player2,0,0.5
human_975b16bb-4262-4523-94e3-02521faeb953_player2,Human-Human,closer_to_player2,1,0.7496862997620424
human_975b16bb-4262-4523-94e3-02521faeb953_player2,Human-Human,closer_to_player2,2,0.7499990985413996
human_975b16bb-4262-4523-94e3-02521faeb953_player2,Human-Human,closer_to_player2,3,0.7499990985413995
human_975b16bb-4262-4523-94e3-02521faeb953_player2,Human-Human,closer_to_player2,4,0.9999958951560095
human_975b16bb-4262-4523-94e3-02521faeb953_player2,Human-Human,closer_to_player2,5,0.9999990985034832
human_975b16bb-4262-4523-94e3-02521faeb953_player2,Human-Human,equal_to_both,0,0.5
human_975b16bb-4262-4523-94e3-02521faeb953_player2,Human-Human,equal_to_both,1,0.9984572571582225
human_975b16bb-4262-4523-94e3-02521faeb953_player2,Human-Human,equal_to_both,2,0.9997759901221247
human_975b16bb-4262-4523-94e3-02521faeb953_player2,Human-Human,equal_to_both,3,0.9999363117902984
human_975b16bb-4262-4523-94e3-02521faeb953_player2,Human-Human,equal_to_both,4,0.9999999513277752
human_975b16bb-4262-4523-94e3-02521faeb953_player2,Human-Human,equal_to_both,5,0.9999999999446392
human_9efbe63f-05a0-4f24-b469-a246d7732c10_player1,Human-Human,closer_to_player1,0,0.5
human_9efbe63f-05a0-4f24-b469-a246d7732c10_player1,Human-Human,closer_to_player1,1,0.6681964389159392
human_9efbe63f-05a0-4f24-b469-a246d7732c10_player1,Human-Human,closer_to_player1,2,0.7532819409662297
human_9efbe63f-05a0-4f24-b469-a246d7732c10_player1,Human-Human,closer_to_player1,3,0.5084950164528806
human_9efbe63f-05a0-4f24-b469-a246d7732c10_player1,Human-Human,closer_to_player1,4,0.5407940693458594
human_9efbe63f-05a0-4f24-b469-a246d7732c10_player1,Human-Human,closer_to_player1,5,0.5372703475911973
human_9efbe63f-05a0-4f24-b469-a246d7732c10_player1,Human-Human,closer_to_player2,0,0.5
human_9efbe63f-05a0-4f24-b469-a246d7732c10_player1,Human-Human,closer_to_player2,1,0.6824463679372866
human_9efbe63f-05a0-4f24-b469-a246d7732c10_player1,Human-Human,closer_to_player2,2,0.5317741031013605
human_9efbe63f-05a0-4f24-b469-a246d7732c10_player1,Human-Human,closer_to_player2,3,0.3291623428460427
human_9efbe63f-05a0-4f24-b469-a246d7732c10_player1,Human-Human,closer_to_player2,4,0.49961072433677867
human_9efbe63f-05a0-4f24-b469-a246d7732c10_player1,Human-Human,closer_to_player2,5,0.49999953889981497
human_9efbe63f-05a0-4f24-b469-a246d7732c10_player1,Human-Human,equal_to_both,0,0.5
human_9efbe63f-05a0-4f24-b469-a246d7732c10_player1,Human-Human,equal_to_both,1,0.2779029746702491
human_9efbe63f-05a0-4f24-b469-a246d7732c10_player1,Human-Human,equal_to_both,2,0.23308364772836979
human_9efbe63f-05a0-4f24-b469-a246d7732c10_player1,Human-Human,equal_to_both,3,0.1942276232672163
human_9efbe63f-05a0-4f24-b469-a246d7732c10_player1,Human-Human,equal_to_both,4,0.4999239102421578
human_9efbe63f-05a0-4f24-b469-a246d7732c10_player1,Human-Human,equal_to_both,5,0.7495162970562416
human_9efbe63f-05a0-4f24-b469-a246d7732c10_player2,Human-Human,closer_to_player1,0,0.5
human_9efbe63f-05a0-4f24-b469-a246d7732c10_player2,Human-Human,closer_to_player1,1,0.4999324406259067
human_9efbe63f-05a0-4f24-b469-a246d7732c10_player2,Human-Human,closer_to_player1,2,0.49702962974235243
human_9efbe63f-05a0-4f24-b469-a246d7732c10_player2,Human-Human,closer_to_player1,3,0.49618304437596006
human_9efbe63f-05a0-4f24-b469-a246d7732c10_player2,Human-Human,closer_to_player1,4,0.5016779841075327
human_9efbe63f-05a0-4f24-b469-a246d7732c10_player2,Human-Human,closer_to_player1,5,0.6254007751032068
human_9efbe63f-05a0-4f24-b469-a246d7732c10_player2,Human-Human,closer_to_player2,0,0.5
human_9efbe63f-05a0-4f24-b469-a246d7732c10_player2,Human-Human,closer_to_player2,1,0.5291823644155517
human_9efbe63f-05a0-4f24-b469-a246d7732c10_player2,Human-Human,closer_to_player2,2,0.3335220013071428
human_9efbe63f-05a0-4f24-b469-a246d7732c10_player2,Human-Human,closer_to_player2,3,0.36833959411990963
human_9efbe63f-05a0-4f24-b469-a246d7732c10_player2,Human-Human,closer_to_player2,4,0.4303751745328212
human_9efbe63f-05a0-4f24-b469-a246d7732c10_player2,Human-Human,closer_to_player2,5,0.4998948966195073
human_9efbe63f-05a0-4f24-b469-a246d7732c10_player2,Human-Human,equal_to_both,0,0.5
human_9efbe63f-05a0-4f24-b469-a246d7732c10_player2,Human-Human,equal_to_both,1,0.5078114174412643
human_9efbe63f-05a0-4f24-b469-a246d7732c10_player2,Human-Human,equal_to_both,2,0.5048506244340828
human_9efbe63f-05a0-4f24-b469-a246d7732c10_player2,Human-Human,equal_to_both,3,0.49335998520984736
human_9efbe63f-05a0-4f24-b469-a246d7732c10_player2,Human-Human,equal_to_both,4,0.8151500855502695
human_9efbe63f-05a0-4f24-b469-a246d7732c10_player2,Human-Human,equal_to_both,5,0.8237173063210143
human_a5a659ea-c541-4c54-9bad-d736222acbb9_player1,Human-Human,closer_to_player1,0,0.5
human_a5a659ea-c541-4c54-9bad-d736222acbb9_player1,Human-Human,closer_to_player1,1,0.7327662305398402
human_a5a659ea-c541-4c54-9bad-d736222acbb9_player1,Human-Human,closer_to_player1,2,0.8464756590825853
human_a5a659ea-c541-4c54-9bad-d736222acbb9_player1,Human-Human,closer_to_player1,3,0.8709880557286174
human_a5a659ea-c541-4c54-9bad-d736222acbb9_player1,Human-Human,closer_to_player1,4,1.0
human_a5a659ea-c541-4c54-9bad-d736222acbb9_player1,Human-Human,closer_to_player1,5,1.0
human_a5a659ea-c541-4c54-9bad-d736222acbb9_player1,Human-Human,closer_to_player2,0,0.5
human_a5a659ea-c541-4c54-9bad-d736222acbb9_player1,Human-Human,closer_to_player2,1,0.7778175897575377
human_a5a659ea-c541-4c54-9bad-d736222acbb9_player1,Human-Human,closer_to_player2,2,0.666666666484789
human_a5a659ea-c541-4c54-9bad-d736222acbb9_player1,Human-Human,closer_to_player2,3,0.6666666666666549
human_a5a659ea-c541-4c54-9bad-d736222acbb9_player1,Human-Human,closer_to_player2,4,1.0
human_a5a659ea-c541-4c54-9bad-d736222acbb9_player1,Human-Human,closer_to_player2,5,1.0
human_a5a659ea-c541-4c54-9bad-d736222acbb9_player1,Human-Human,equal_to_both,0,0.5
human_a5a659ea-c541-4c54-9bad-d736222acbb9_player1,Human-Human,equal_to_both,1,0.922227435174305
human_a5a659ea-c541-4c54-9bad-d736222acbb9_player1,Human-Human,equal_to_both,2,0.9999730366577473
human_a5a659ea-c541-4c54-9bad-d736222acbb9_player1,Human-Human,equal_to_both,3,0.9999999919034034
human_a5a659ea-c541-4c54-9bad-d736222acbb9_player1,Human-Human,equal_to_both,4,0.999999999996002
human_a5a659ea-c541-4c54-9bad-d736222acbb9_player1,Human-Human,equal_to_both,5,0.9999999999999964
human_a5a659ea-c541-4c54-9bad-d736222acbb9_player2,Human-Human,closer_to_player1,0,0.5
human_a5a659ea-c541-4c54-9bad-d736222acbb9_player2,Human-Human,closer_to_player1,1,0.9999950973371947
human_a5a659ea-c541-4c54-9bad-d736222acbb9_player2,Human-Human,closer_to_player1,2,0.9999999999035367
human_a5a659ea-c541-4c54-9bad-d736222acbb9_player2,Human-Human,closer_to_player1,3,0.999999999999994
human_a5a659ea-c541-4c54-9bad-d736222acbb9_player2,Human-Human,closer_to_player1,4,1.0
human_a5a659ea-c541-4c54-9bad-d736222acbb9_player2,Human-Human,closer_to_player2,0,0.5
human_a5a659ea-c541-4c54-9bad-d736222acbb9_player2,Human-Human,closer_to_player2,1,0.7778175897575377
human_a5a659ea-c541-4c54-9bad-d736222acbb9_player2,Human-Human,closer_to_player2,2,0.9999999997271835
human_a5a659ea-c541-4c54-9bad-d736222acbb9_player2,Human-Human,closer_to_player2,3,0.9999999999999823
human_a5a659ea-c541-4c54-9bad-d736222acbb9_player2,Human-Human,closer_to_player2,4,1.0
human_a5a659ea-c541-4c54-9bad-d736222acbb9_player2,Human-Human,closer_to_player2,5,1.0
human_a5a659ea-c541-4c54-9bad-d736222acbb9_player2,Human-Human,equal_to_both,0,0.5
human_a5a659ea-c541-4c54-9bad-d736222acbb9_player2,Human-Human,equal_to_both,1,0.9224619106204887
human_a5a659ea-c541-4c54-9bad-d736222acbb9_player2,Human-Human,equal_to_both,2,0.9999735214293445
human_a5a659ea-c541-4c54-9bad-d736222acbb9_player2,Human-Human,equal_to_both,3,0.9999999935147383
human_a5a659ea-c541-4c54-9bad-d736222acbb9_player2,Human-Human,equal_to_both,4,0.999999999997299
human_a5a659ea-c541-4c54-9bad-d736222acbb9_player2,Human-Human,equal_to_both,5,0.9999999999999974
human_a9a91c71-c38b-4e78-9be4-3c2f5c450004_player1,Human-Human,closer_to_player1,0,0.5
human_a9a91c71-c38b-4e78-9be4-3c2f5c450004_player1,Human-Human,closer_to_player1,1,0.7719967379973406
human_a9a91c71-c38b-4e78-9be4-3c2f5c450004_player1,Human-Human,closer_to_player1,2,0.9999970091559733
human_a9a91c71-c38b-4e78-9be4-3c2f5c450004_player1,Human-Human,closer_to_player1,3,0.9999999998981758
human_a9a91c71-c38b-4e78-9be4-3c2f5c450004_player1,Human-Human,closer_to_player1,4,0.9999999999998723
human_a9a91c71-c38b-4e78-9be4-3c2f5c450004_player1,Human-Human,closer_to_player1,5,0.9999999999999994
human_a9a91c71-c38b-4e78-9be4-3c2f5c450004_player1,Human-Human,closer_to_player2,0,0.5
human_a9a91c71-c38b-4e78-9be4-3c2f5c450004_player1,Human-Human,closer_to_player2,1,0.5000019593112898
human_a9a91c71-c38b-4e78-9be4-3c2f5c450004_player1,Human-Human,closer_to_player2,2,0.5875488040438023
human_a9a91c71-c38b-4e78-9be4-3c2f5c450004_player1,Human-Human,closer_to_player2,3,0.999838987143276
human_a9a91c71-c38b-4e78-9be4-3c2f5c450004_player1,Human-Human,closer_to_player2,4,0.9999999788290438
human_a9a91c71-c38b-4e78-9be4-3c2f5c450004_player1,Human-Human,equal_to_both,0,0.5
human_a9a91c71-c38b-4e78-9be4-3c2f5c450004_player1,Human-Human,equal_to_both,1,0.9170051673010096
human_a9a91c71-c38b-4e78-9be4-3c2f5c450004_player1,Human-Human,equal_to_both,2,0.9998908652672269
human_a9a91c71-c38b-4e78-9be4-3c2f5c450004_player1,Human-Human,equal_to_both,3,0.9999980328216052
human_a9a91c71-c38b-4e78-9be4-3c2f5c450004_player1,Human-Human,equal_to_both,4,0.9999999300171112
human_a9a91c71-c38b-4e78-9be4-3c2f5c450004_player1,Human-Human,equal_to_both,5,0.9999999439479949
human_a9a91c71-c38b-4e78-9be4-3c2f5c450004_player2,Human-Human,closer_to_player1,0,0.5
human_a9a91c71-c38b-4e78-9be4-3c2f5c450004_player2,Human-Human,closer_to_player1,1,0.7721575168646538
human_a9a91c71-c38b-4e78-9be4-3c2f5c450004_player2,Human-Human,closer_to_player1,2,0.9996954528307037
human_a9a91c71-c38b-4e78-9be4-3c2f5c450004_player2,Human-Human,closer_to_player1,3,0.9999866433244934
human_a9a91c71-c38b-4e78-9be4-3c2f5c450004_player2,Human-Human,closer_to_player1,4,0.9992930387566636
human_a9a91c71-c38b-4e78-9be4-3c2f5c450004_player2,Human-Human,closer_to_player1,5,0.9995461729351651
human_a9a91c71-c38b-4e78-9be4-3c2f5c450004_player2,Human-Human,closer_to_player2,0,0.5
human_a9a91c71-c38b-4e78-9be4-3c2f5c450004_player2,Human-Human,closer_to_player2,1,0.3721550638411249
human_a9a91c71-c38b-4e78-9be4-3c2f5c450004_player2,Human-Human,closer_to_player2,2,0.34370058044987317
human_a9a91c71-c38b-4e78-9be4-3c2f5c450004_player2,Human-Human,closer_to_player2,3,1.149581395851065e-11
human_a9a91c71-c38b-4e78-9be4-3c2f5c450004_player2,Human-Human,closer_to_player2,4,3.1226183062535345e-07
human_a9a91c71-c38b-4e78-9be4-3c2f5c450004_player2,Human-Human,closer_to_player2,5,0.0045460283782253795
human_a9a91c71-c38b-4e78-9be4-3c2f5c450004_player2,Human-Human,equal_to_both,0,0.5
human_a9a91c71-c38b-4e78-9be4-3c2f5c450004_player2,Human-Human,equal_to_both,1,0.9938069081784184
human_a9a91c71-c38b-4e78-9be4-3c2f5c450004_player2,Human-Human,equal_to_both,2,0.9980158828211088
human_a9a91c71-c38b-4e78-9be4-3c2f5c450004_player2,Human-Human,equal_to_both,3,0.9808907244678727
human_a9a91c71-c38b-4e78-9be4-3c2f5c450004_player2,Human-Human,equal_to_both,4,0.9969852337057028
human_a9a91c71-c38b-4e78-9be4-3c2f5c450004_player2,Human-Human,equal_to_both,5,0.9981290364756525
human_b40d6c2e-46aa-4680-8f62-ef715fd65b79_player1,Human-Human,closer_to_player1,0,0.5
human_b40d6c2e-46aa-4680-8f62-ef715fd65b79_player1,Human-Human,closer_to_player1,1,0.9014860901047935
human_b40d6c2e-46aa-4680-8f62-ef715fd65b79_player1,Human-Human,closer_to_player1,2,0.9999994932753625
human_b40d6c2e-46aa-4680-8f62-ef715fd65b79_player1,Human-Human,closer_to_player1,3,0.9999999916807759
human_b40d6c2e-46aa-4680-8f62-ef715fd65b79_player1,Human-Human,closer_to_player1,4,0.9999999958107223
human_b40d6c2e-46aa-4680-8f62-ef715fd65b79_player1,Human-Human,closer_to_player1,5,0.9999999979050399
human_b40d6c2e-46aa-4680-8f62-ef715fd65b79_player1,Human-Human,closer_to_player2,0,0.5
human_b40d6c2e-46aa-4680-8f62-ef715fd65b79_player1,Human-Human,closer_to_player2,1,0.6673376730895297
human_b40d6c2e-46aa-4680-8f62-ef715fd65b79_player1,Human-Human,closer_to_player2,2,0.8020357552973173
human_b40d6c2e-46aa-4680-8f62-ef715fd65b79_player1,Human-Human,closer_to_player2,3,0.9036336415266678
human_b40d6c2e-46aa-4680-8f62-ef715fd65b79_player1,Human-Human,closer_to_player2,4,0.9613262096247487
human_b40d6c2e-46aa-4680-8f62-ef715fd65b79_player1,Human-Human,closer_to_player2,5,0.9704504730455676
human_b40d6c2e-46aa-4680-8f62-ef715fd65b79_player1,Human-Human,equal_to_both,0,0.5
human_b40d6c2e-46aa-4680-8f62-ef715fd65b79_player1,Human-Human,equal_to_both,1,0.6649852688577654
human_b40d6c2e-46aa-4680-8f62-ef715fd65b79_player1,Human-Human,equal_to_both,2,0.798765205578555
human_b40d6c2e-46aa-4680-8f62-ef715fd65b79_player1,Human-Human,equal_to_both,3,0.904627957260908
human_b40d6c2e-46aa-4680-8f62-ef715fd65b79_player1,Human-Human,equal_to_both,4,0.9999996300023271
human_b40d6c2e-46aa-4680-8f62-ef715fd65b79_player2,Human-Human,closer_to_player1,0,0.5
human_b40d6c2e-46aa-4680-8f62-ef715fd65b79_player2,Human-Human,closer_to_player1,1,0.8708555410347536
human_b40d6c2e-46aa-4680-8f62-ef715fd65b79_player2,Human-Human,closer_to_player1,2,0.9190753784440416
human_b40d6c2e-46aa-4680-8f62-ef715fd65b79_player2,Human-Human,closer_to_player1,3,0.9529387787894726
human_b40d6c2e-46aa-4680-8f62-ef715fd65b79_player2,Human-Human,closer_to_player1,4,0.9812337784422267
human_b40d6c2e-46aa-4680-8f62-ef715fd65b79_player2,Human-Human,closer_to_player1,5,0.9971136484058922
human_b40d6c2e-46aa-4680-8f62-ef715fd65b79_player2,Human-Human,closer_to_player2,0,0.5
human_b40d6c2e-46aa-4680-8f62-ef715fd65b79_player2,Human-Human,closer_to_player2,1,0.9983940360748051
human_b40d6c2e-46aa-4680-8f62-ef715fd65b79_player2,Human-Human,closer_to_player2,2,0.9986908786305687
human_b40d6c2e-46aa-4680-8f62-ef715fd65b79_player2,Human-Human,closer_to_player2,3,0.9990648229954654
human_b40d6c2e-46aa-4680-8f62-ef715fd65b79_player2,Human-Human,closer_to_player2,4,1.0
human_b40d6c2e-46aa-4680-8f62-ef715fd65b79_player2,Human-Human,closer_to_player2,5,1.0
human_b40d6c2e-46aa-4680-8f62-ef715fd65b79_player2,Human-Human,equal_to_both,0,0.5
human_b40d6c2e-46aa-4680-8f62-ef715fd65b79_player2,Human-Human,equal_to_both,1,0.663860928511299
human_b40d6c2e-46aa-4680-8f62-ef715fd65b79_player2,Human-Human,equal_to_both,2,0.797468404941439
human_b40d6c2e-46aa-4680-8f62-ef715fd65b79_player2,Human-Human,equal_to_both,3,0.9036826878605558
human_b40d6c2e-46aa-4680-8f62-ef715fd65b79_player2,Human-Human,equal_to_both,4,0.999999623758994
human_bf70b991-4d12-4b4f-9ce5-57687e7d0c35_player1,Human-Human,closer_to_player1,0,0.5
human_bf70b991-4d12-4b4f-9ce5-57687e7d0c35_player1,Human-Human,closer_to_player1,1,0.66663688087427
human_bf70b991-4d12-4b4f-9ce5-57687e7d0c35_player1,Human-Human,closer_to_player1,2,0.5414192796592308
human_bf70b991-4d12-4b4f-9ce5-57687e7d0c35_player1,Human-Human,closer_to_player1,3,0.999273406528147
human_bf70b991-4d12-4b4f-9ce5-57687e7d0c35_player1,Human-Human,closer_to_player1,4,0.9999999999999996
human_bf70b991-4d12-4b4f-9ce5-57687e7d0c35_player1,Human-Human,closer_to_player1,5,1.0
human_bf70b991-4d12-4b4f-9ce5-57687e7d0c35_player1,Human-Human,closer_to_player2,0,0.5
human_bf70b991-4d12-4b4f-9ce5-57687e7d0c35_player1,Human-Human,closer_to_player2,1,0.651405334525828
human_bf70b991-4d12-4b4f-9ce5-57687e7d0c35_player1,Human-Human,closer_to_player2,2,0.2280744880982072
human_bf70b991-4d12-4b4f-9ce5-57687e7d0c35_player1,Human-Human,closer_to_player2,3,0.5248345567998096
human_bf70b991-4d12-4b4f-9ce5-57687e7d0c35_player1,Human-Human,closer_to_player2,4,0.9934633886261862
human_bf70b991-4d12-4b4f-9ce5-57687e7d0c35_player1,Human-Human,equal_to_both,0,0.5
human_bf70b991-4d12-4b4f-9ce5-57687e7d0c35_player1,Human-Human,equal_to_both,1,0.6781402478256493
human_bf70b991-4d12-4b4f-9ce5-57687e7d0c35_player1,Human-Human,equal_to_both,2,0.6904946265061839
human_bf70b991-4d12-4b4f-9ce5-57687e7d0c35_player1,Human-Human,equal_to_both,3,0.9997065398748063
human_bf70b991-4d12-4b4f-9ce5-57687e7d0c35_player1,Human-Human,equal_to_both,4,0.9999997424742401
human_bf70b991-4d12-4b4f-9ce5-57687e7d0c35_player1,Human-Human,equal_to_both,5,0.9999999993332398
human_bf70b991-4d12-4b4f-9ce5-57687e7d0c35_player2,Human-Human,closer_to_player1,0,0.5
human_bf70b991-4d12-4b4f-9ce5-57687e7d0c35_player2,Human-Human,closer_to_player1,1,0.5271595944527925
human_bf70b991-4d12-4b4f-9ce5-57687e7d0c35_player2,Human-Human,closer_to_player1,2,0.4785462183743251
human_bf70b991-4d12-4b4f-9ce5-57687e7d0c35_player2,Human-Human,closer_to_player1,3,0.7502944775705931
human_bf70b991-4d12-4b4f-9ce5-57687e7d0c35_player2,Human-Human,closer_to_player1,4,0.7552768046075258
human_bf70b991-4d12-4b4f-9ce5-57687e7d0c35_player2,Human-Human,closer_to_player1,5,0.9999751194484486
human_bf70b991-4d12-4b4f-9ce5-57687e7d0c35_player2,Human-Human,closer_to_player2,0,0.5
human_bf70b991-4d12-4b4f-9ce5-57687e7d0c35_player2,Human-Human,closer_to_player2,1,0.6666639052334551
human_bf70b991-4d12-4b4f-9ce5-57687e7d0c35_player2,Human-Human,closer_to_player2,2,0.6698320636205702
human_bf70b991-4d12-4b4f-9ce5-57687e7d0c35_player2,Human-Human,closer_to_player2,3,0.980445229024587
human_bf70b991-4d12-4b4f-9ce5-57687e7d0c35_player2,Human-Human,closer_to_player2,4,1.0
human_bf70b991-4d12-4b4f-9ce5-57687e7d0c35_player2,Human-Human,closer_to_player2,5,1.0
human_bf70b991-4d12-4b4f-9ce5-57687e7d0c35_player2,Human-Human,equal_to_both,0,0.5
human_bf70b991-4d12-4b4f-9ce5-57687e7d0c35_player2,Human-Human,equal_to_both,1,0.5616109696517314
human_bf70b991-4d12-4b4f-9ce5-57687e7d0c35_player2,Human-Human,equal_to_both,2,0.6046655547376096
human_bf70b991-4d12-4b4f-9ce5-57687e7d0c35_player2,Human-Human,equal_to_both,3,0.6422147224499729
human_bf70b991-4d12-4b4f-9ce5-57687e7d0c35_player2,Human-Human,equal_to_both,4,0.6684905309968029
human_bf70b991-4d12-4b4f-9ce5-57687e7d0c35_player2,Human-Human,equal_to_both,5,0.9787931908777181
human_c252dec7-11a7-48c1-9696-691e0511cbc2_player1,Human-Human,closer_to_player1,0,0.5
human_c252dec7-11a7-48c1-9696-691e0511cbc2_player1,Human-Human,closer_to_player1,1,0.5322183710720801
human_c252dec7-11a7-48c1-9696-691e0511cbc2_player1,Human-Human,closer_to_player1,2,0.3485563190816919
human_c252dec7-11a7-48c1-9696-691e0511cbc2_player1,Human-Human,closer_to_player1,3,0.6542200893030473
human_c252dec7-11a7-48c1-9696-691e0511cbc2_player1,Human-Human,closer_to_player1,4,0.6666145488936728
human_c252dec7-11a7-48c1-9696-691e0511cbc2_player1,Human-Human,closer_to_player1,5,0.6666662196296174
human_c252dec7-11a7-48c1-9696-691e0511cbc2_player1,Human-Human,closer_to_player2,0,0.5
human_c252dec7-11a7-48c1-9696-691e0511cbc2_player1,Human-Human,closer_to_player2,1,0.9998884123908894
human_c252dec7-11a7-48c1-9696-691e0511cbc2_player1,Human-Human,closer_to_player2,2,0.9999999191940695
human_c252dec7-11a7-48c1-9696-691e0511cbc2_player1,Human-Human,closer_to_player2,3,0.6666666666664077
human_c252dec7-11a7-48c1-9696-691e0511cbc2_player1,Human-Human,closer_to_player2,4,0.4999999999999997
human_c252dec7-11a7-48c1-9696-691e0511cbc2_player1,Human-Human,closer_to_player2,5,0.5
human_c252dec7-11a7-48c1-9696-691e0511cbc2_player1,Human-Human,equal_to_both,0,0.5
human_c252dec7-11a7-48c1-9696-691e0511cbc2_player1,Human-Human,equal_to_both,1,0.9987750287533403
human_c252dec7-11a7-48c1-9696-691e0511cbc2_player1,Human-Human,equal_to_both,2,0.9999967564837664
human_c252dec7-11a7-48c1-9696-691e0511cbc2_player1,Human-Human,equal_to_both,3,0.9999999840783228
human_c252dec7-11a7-48c1-9696-691e0511cbc2_player1,Human-Human,equal_to_both,4,0.9999999998686309
human_c252dec7-11a7-48c1-9696-691e0511cbc2_player1,Human-Human,equal_to_both,5,0.99999999999829
human_c252dec7-11a7-48c1-9696-691e0511cbc2_player2,Human-Human,closer_to_player1,0,0.5
human_c252dec7-11a7-48c1-9696-691e0511cbc2_player2,Human-Human,closer_to_player1,1,0.7964075619299766
human_c252dec7-11a7-48c1-9696-691e0511cbc2_player2,Human-Human,closer_to_player1,2,0.7569248971228926
human_c252dec7-11a7-48c1-9696-691e0511cbc2_player2,Human-Human,closer_to_player1,3,0.7187551525094141
human_c252dec7-11a7-48c1-9696-691e0511cbc2_player2,Human-Human,closer_to_player1,4,0.666666268235632
human_c252dec7-11a7-48c1-9696-691e0511cbc2_player2,Human-Human,closer_to_player1,5,0.6947486908038997
human_c252dec7-11a7-48c1-9696-691e0511cbc2_player2,Human-Human,closer_to_player2,0,0.5
human_c252dec7-11a7-48c1-9696-691e0511cbc2_player2,Human-Human,closer_to_player2,1,0.6932577181189513
human_c252dec7-11a7-48c1-9696-691e0511cbc2_player2,Human-Human,closer_to_player2,2,0.9999968552842411
human_c252dec7-11a7-48c1-9696-691e0511cbc2_player2,Human-Human,closer_to_player2,3,0.99999999984533
human_c252dec7-11a7-48c1-9696-691e0511cbc2_player2,Human-Human,closer_to_player2,4,0.9999999999999742
human_c252dec7-11a7-48c1-9696-691e0511cbc2_player2,Human-Human,closer_to_player2,5,1.0
human_c252dec7-11a7-48c1-9696-691e0511cbc2_player2,Human-Human,equal_to_both,0,0.5
human_c252dec7-11a7-48c1-9696-691e0511cbc2_player2,Human-Human,equal_to_both,1,0.9992205890088162
human_c252dec7-11a7-48c1-9696-691e0511cbc2_player2,Human-Human,equal_to_both,2,0.999998669586841
human_c252dec7-11a7-48c1-9696-691e0511cbc2_player2,Human-Human,equal_to_both,3,0.9999999954098822
human_c252dec7-11a7-48c1-9696-691e0511cbc2_player2,Human-Human,equal_to_both,4,0.9999999999699813
human_c252dec7-11a7-48c1-9696-691e0511cbc2_player2,Human-Human,equal_to_both,5,0.9999999999996436
human_c70d7765-1724-49bf-9fed-d8647822e9f2_player1,Human-Human,closer_to_player1,0,0.5
human_c70d7765-1724-49bf-9fed-d8647822e9f2_player1,Human-Human,closer_to_player1,1,0.9999567129670098
human_c70d7765-1724-49bf-9fed-d8647822e9f2_player1,Human-Human,closer_to_player1,2,0.99999998831797
human_c70d7765-1724-49bf-9fed-d8647822e9f2_player1,Human-Human,closer_to_player1,3,0.9999999959833352
human_c70d7765-1724-49bf-9fed-d8647822e9f2_player1,Human-Human,closer_to_player1,4,0.9999999978129094
human_c70d7765-1724-49bf-9fed-d8647822e9f2_player1,Human-Human,closer_to_player1,5,0.9999999991239205
human_c70d7765-1724-49bf-9fed-d8647822e9f2_player1,Human-Human,closer_to_player2,0,0.5
human_c70d7765-1724-49bf-9fed-d8647822e9f2_player1,Human-Human,closer_to_player2,1,0.830746422126665
human_c70d7765-1724-49bf-9fed-d8647822e9f2_player1,Human-Human,closer_to_player2,2,0.8380238500668508
human_c70d7765-1724-49bf-9fed-d8647822e9f2_player1,Human-Human,closer_to_player2,3,0.7589909175450724
human_c70d7765-1724-49bf-9fed-d8647822e9f2_player1,Human-Human,closer_to_player2,4,0.7618125028589724
human_c70d7765-1724-49bf-9fed-d8647822e9f2_player1,Human-Human,closer_to_player2,5,0.8141667306079562
human_c70d7765-1724-49bf-9fed-d8647822e9f2_player1,Human-Human,equal_to_both,0,0.5
human_c70d7765-1724-49bf-9fed-d8647822e9f2_player1,Human-Human,equal_to_both,1,0.8758953085818654
human_c70d7765-1724-49bf-9fed-d8647822e9f2_player1,Human-Human,equal_to_both,2,0.9995066490678718
human_c70d7765-1724-49bf-9fed-d8647822e9f2_player1,Human-Human,equal_to_both,3,0.999999729439203
human_c70d7765-1724-49bf-9fed-d8647822e9f2_player1,Human-Human,equal_to_both,4,0.999999999679542
human_c70d7765-1724-49bf-9fed-d8647822e9f2_player1,Human-Human,equal_to_both,5,0.9999999999977459
human_c70d7765-1724-49bf-9fed-d8647822e9f2_player2,Human-Human,closer_to_player1,0,0.5
human_c70d7765-1724-49bf-9fed-d8647822e9f2_player2,Human-Human,closer_to_player1,1,0.6248904609840231
human_c70d7765-1724-49bf-9fed-d8647822e9f2_player2,Human-Human,closer_to_player1,2,0.7526085124648282
human_c70d7765-1724-49bf-9fed-d8647822e9f2_player2,Human-Human,closer_to_player1,3,0.8448815369120828
human_c70d7765-1724-49bf-9fed-d8647822e9f2_player2,Human-Human,closer_to_player1,4,0.9817147036383126
human_c70d7765-1724-49bf-9fed-d8647822e9f2_player2,Human-Human,closer_to_player1,5,0.9943342789888523
human_c70d7765-1724-49bf-9fed-d8647822e9f2_player2,Human-Human,closer_to_player2,0,0.5
human_c70d7765-1724-49bf-9fed-d8647822e9f2_player2,Human-Human,closer_to_player2,1,0.6953887634683537
human_c70d7765-1724-49bf-9fed-d8647822e9f2_player2,Human-Human,closer_to_player2,2,0.8199869705002243
human_c70d7765-1724-49bf-9fed-d8647822e9f2_player2,Human-Human,closer_to_player2,3,0.9999999999873487
human_c70d7765-1724-49bf-9fed-d8647822e9f2_player2,Human-Human,closer_to_player2,4,0.9999999999999994
human_c70d7765-1724-49bf-9fed-d8647822e9f2_player2,Human-Human,closer_to_player2,5,1.0
human_c70d7765-1724-49bf-9fed-d8647822e9f2_player2,Human-Human,equal_to_both,0,0.5
human_c70d7765-1724-49bf-9fed-d8647822e9f2_player2,Human-Human,equal_to_both,1,0.9996690395142084
human_c70d7765-1724-49bf-9fed-d8647822e9f2_player2,Human-Human,equal_to_both,2,0.9999997142998557
human_c70d7765-1724-49bf-9fed-d8647822e9f2_player2,Human-Human,equal_to_both,3,0.9999999993421613
human_c70d7765-1724-49bf-9fed-d8647822e9f2_player2,Human-Human,equal_to_both,4,0.9999999999967871
human_c70d7765-1724-49bf-9fed-d8647822e9f2_player2,Human-Human,equal_to_both,5,0.9999999999999116
human_cb6a41aa-0534-4a15-86a4-80d9c232a01e_player1,Human-Human,closer_to_player1,0,0.5
human_cb6a41aa-0534-4a15-86a4-80d9c232a01e_player1,Human-Human,closer_to_player1,1,0.9997417573894988
human_cb6a41aa-0534-4a15-86a4-80d9c232a01e_player1,Human-Human,closer_to_player1,2,0.4999998890734102
human_cb6a41aa-0534-4a15-86a4-80d9c232a01e_player1,Human-Human,closer_to_player1,3,1.4960963929621954e-26
human_cb6a41aa-0534-4a15-86a4-80d9c232a01e_player1,Human-Human,closer_to_player2,0,0.5
human_cb6a41aa-0534-4a15-86a4-80d9c232a01e_player1,Human-Human,closer_to_player2,1,0.2502271382128114
human_cb6a41aa-0534-4a15-86a4-80d9c232a01e_player1,Human-Human,closer_to_player2,2,0.013609322105990456
human_cb6a41aa-0534-4a15-86a4-80d9c232a01e_player1,Human-Human,closer_to_player2,3,0.9480620037058577
human_cb6a41aa-0534-4a15-86a4-80d9c232a01e_player1,Human-Human,equal_to_both,0,0.5
human_cb6a41aa-0534-4a15-86a4-80d9c232a01e_player1,Human-Human,equal_to_both,1,0.8882498354255189
human_cb6a41aa-0534-4a15-86a4-80d9c232a01e_player1,Human-Human,equal_to_both,2,0.9329217069385268
human_cb6a41aa-0534-4a15-86a4-80d9c232a01e_player1,Human-Human,equal_to_both,3,0.968209317960024
human_cb6a41aa-0534-4a15-86a4-80d9c232a01e_player1,Human-Human,equal_to_both,4,0.9999998766674129
human_cb6a41aa-0534-4a15-86a4-80d9c232a01e_player1,Human-Human,equal_to_both,5,0.9999999999999997
human_cb6a41aa-0534-4a15-86a4-80d9c232a01e_player2,Human-Human,closer_to_player1,0,0.5
human_cb6a41aa-0534-4a15-86a4-80d9c232a01e_player2,Human-Human,closer_to_player1,1,0.6664972499513748
human_cb6a41aa-0534-4a15-86a4-80d9c232a01e_player2,Human-Human,closer_to_player1,2,0.5211800173580785
human_cb6a41aa-0534-4a15-86a4-80d9c232a01e_player2,Human-Human,closer_to_player1,3,0.9940886513339585
human_cb6a41aa-0534-4a15-86a4-80d9c232a01e_player2,Human-Human,closer_to_player2,0,0.5
human_cb6a41aa-0534-4a15-86a4-80d9c232a01e_player2,Human-Human,closer_to_player2,1,0.7498477416349936
human_cb6a41aa-0534-4a15-86a4-80d9c232a01e_player2,Human-Human,closer_to_player2,2,1.4270087254242194e-30
human_cb6a41aa-0534-4a15-86a4-80d9c232a01e_player2,Human-Human,closer_to_player2,3,1.8879506809135242e-27
human_cb6a41aa-0534-4a15-86a4-80d9c232a01e_player2,Human-Human,equal_to_both,0,0.5
human_cb6a41aa-0534-4a15-86a4-80d9c232a01e_player2,Human-Human,equal_to_both,1,0.8882498354255189
human_cb6a41aa-0534-4a15-86a4-80d9c232a01e_player2,Human-Human,equal_to_both,2,0.9329217069385268
human_cb6a41aa-0534-4a15-86a4-80d9c232a01e_player2,Human-Human,equal_to_both,3,0.968209317960024
human_cb6a41aa-0534-4a15-86a4-80d9c232a01e_player2,Human-Human,equal_to_both,4,0.9999998766674129
human_cb6a41aa-0534-4a15-86a4-80d9c232a01e_player2,Human-Human,equal_to_both,5,0.9999999999999997
human_dbe27c5c-9678-4808-9506-13690c5d442a_player1,Human-Human,closer_to_player1,0,0.5
human_dbe27c5c-9678-4808-9506-13690c5d442a_player1,Human-Human,closer_to_player1,1,0.5891049036989647
human_dbe27c5c-9678-4808-9506-13690c5d442a_player1,Human-Human,closer_to_player2,0,0.5
human_dbe27c5c-9678-4808-9506-13690c5d442a_player1,Human-Human,closer_to_player2,1,0.9998794981520094
human_dbe27c5c-9678-4808-9506-13690c5d442a_player1,Human-Human,closer_to_player2,2,0.9999998754173749
human_dbe27c5c-9678-4808-9506-13690c5d442a_player1,Human-Human,closer_to_player2,3,0.9999999998149633
human_dbe27c5c-9678-4808-9506-13690c5d442a_player1,Human-Human,closer_to_player2,4,0.9999999999986798
human_dbe27c5c-9678-4808-9506-13690c5d442a_player1,Human-Human,closer_to_player2,5,0.9999999999999938
human_dbe27c5c-9678-4808-9506-13690c5d442a_player1,Human-Human,equal_to_both,0,0.5
human_dbe27c5c-9678-4808-9506-13690c5d442a_player1,Human-Human,equal_to_both,1,0.8053485526295842
human_dbe27c5c-9678-4808-9506-13690c5d442a_player1,Human-Human,equal_to_both,2,0.8420220102997268
human_dbe27c5c-9678-4808-9506-13690c5d442a_player1,Human-Human,equal_to_both,3,0.9999539732395792
human_dbe27c5c-9678-4808-9506-13690c5d442a_player1,Human-Human,equal_to_both,4,0.9999466007408531
human_dbe27c5c-9678-4808-9506-13690c5d442a_player1,Human-Human,equal_to_both,5,0.9999318802159295
human_dbe27c5c-9678-4808-9506-13690c5d442a_player2,Human-Human,closer_to_player1,0,0.5
human_dbe27c5c-9678-4808-9506-13690c5d442a_player2,Human-Human,closer_to_player1,1,0.5244352340859002
human_dbe27c5c-9678-4808-9506-13690c5d442a_player2,Human-Human,closer_to_player1,2,0.6354116614569082
human_dbe27c5c-9678-4808-9506-13690c5d442a_player2,Human-Human,closer_to_player1,3,0.15682682080507093
human_dbe27c5c-9678-4808-9506-13690c5d442a_player2,Human-Human,closer_to_player2,0,0.5
human_dbe27c5c-9678-4808-9506-13690c5d442a_player2,Human-Human,closer_to_player2,1,0.6656182755836914
human_dbe27c5c-9678-4808-9506-13690c5d442a_player2,Human-Human,closer_to_player2,2,0.5149095497494439
human_dbe27c5c-9678-4808-9506-13690c5d442a_player2,Human-Human,closer_to_player2,3,0.9965567034370488
human_dbe27c5c-9678-4808-9506-13690c5d442a_player2,Human-Human,equal_to_both,0,0.5
human_dbe27c5c-9678-4808-9506-13690c5d442a_player2,Human-Human,equal_to_both,1,0.1898346541359018
human_dbe27c5c-9678-4808-9506-13690c5d442a_player2,Human-Human,equal_to_both,2,0.5519086712711457
human_dbe27c5c-9678-4808-9506-13690c5d442a_player2,Human-Human,equal_to_both,3,0.7042788133464836
human_dbe27c5c-9678-4808-9506-13690c5d442a_player2,Human-Human,equal_to_both,4,0.9999172847024962
human_dbe27c5c-9678-4808-9506-13690c5d442a_player2,Human-Human,equal_to_both,5,0.9998949304103147
session_0_player1,Goal-contrast signaling,closer_to_player1,0,0.5
session_0_player1,Goal-contrast signaling,closer_to_player1,1,0.6679006640031626
session_0_player1,Goal-contrast signaling,closer_to_player1,2,0.6413307765759323
session_0_player1,Goal-contrast signaling,closer_to_player1,3,0.666628164482617
session_0_player1,Goal-contrast signaling,closer_to_player1,4,0.7208331495856083
session_0_player1,Goal-contrast signaling,closer_to_player1,5,0.8071628797982305
session_0_player1,Goal-contrast signaling,closer_to_player2,0,0.5
session_0_player1,Goal-contrast signaling,closer_to_player2,1,0.6108127171514725
session_0_player1,Goal-contrast signaling,closer_to_player2,2,0.8118562877938117
session_0_player1,Goal-contrast signaling,closer_to_player2,3,0.8117122183188051
session_0_player1,Goal-contrast signaling,closer_to_player2,4,0.8353821876837598
session_0_player1,Goal-contrast signaling,closer_to_player2,5,0.8348628491055874
session_0_player1,Goal-contrast signaling,equal_to_both,0,0.5
session_0_player1,Goal-contrast signaling,equal_to_both,1,0.9886510412837684
session_0_player1,Goal-contrast signaling,equal_to_both,2,0.9893737723384219
session_0_player1,Goal-contrast signaling,equal_to_both,3,0.9895492014803853
session_0_player1,Goal-contrast signaling,equal_to_both,4,0.9999347172026213
session_0_player1,Goal-contrast signaling,equal_to_both,5,0.9999356339362809
session_0_player1,One-step deliberate signal,closer_to_player1,0,0.5
session_0_player1,One-step deliberate signal,closer_to_player1,1,0.4986292215132228
session_0_player1,One-step deliberate signal,closer_to_player1,2,0.5727067251528652
session_0_player1,One-step deliberate signal,closer_to_player1,3,0.8038591924912051
session_0_player1,One-step deliberate signal,closer_to_player1,4,0.8994477046216693
session_0_player1,One-step deliberate signal,closer_to_player1,5,0.9999806835904615
session_0_player1,One-step deliberate signal,closer_to_player2,0,0.5
session_0_player1,One-step deliberate signal,closer_to_player2,1,0.8036726312489256
session_0_player1,One-step deliberate signal,closer_to_player2,2,0.7968402318870303
session_0_player1,One-step deliberate signal,closer_to_player2,3,0.8245829282519872
session_0_player1,One-step deliberate signal,closer_to_player2,4,0.8306385420666663
session_0_player1,One-step deliberate signal,closer_to_player2,5,0.8299241240086207
session_0_player1,One-step deliberate signal,equal_to_both,0,0.5
session_0_player1,One-step deliberate signal,equal_to_both,1,0.7475598160747812
session_0_player1,One-step deliberate signal,equal_to_both,2,0.9983013509723516
session_0_player1,One-step deliberate signal,equal_to_both,3,0.9983179184202005
session_0_player1,One-step deliberate signal,equal_to_both,4,0.9999943423797972
session_0_player1,One-step deliberate signal,equal_to_both,5,0.9999999651096545
session_0_player1,Opportunity-gated communicative action mixture,closer_to_player1,0,0.5
session_0_player1,Opportunity-gated communicative action mixture,closer_to_player1,1,0.5424021549272973
session_0_player1,Opportunity-gated communicative action mixture,closer_to_player1,2,0.9998090531964393
session_0_player1,Opportunity-gated communicative action mixture,closer_to_player1,3,0.88283582995928
session_0_player1,Opportunity-gated communicative action mixture,closer_to_player1,4,0.9999692102738288
session_0_player1,Opportunity-gated communicative action mixture,closer_to_player1,5,0.9999999814799473
session_0_player1,Opportunity-gated communicative action mixture,closer_to_player2,0,0.5
session_0_player1,Opportunity-gated communicative action mixture,closer_to_player2,1,0.5034793082737729
session_0_player1,Opportunity-gated communicative action mixture,closer_to_player2,2,0.6670815435625442
session_0_player1,Opportunity-gated communicative action mixture,closer_to_player2,3,0.6714320424820963
session_0_player1,Opportunity-gated communicative action mixture,closer_to_player2,4,0.6719285149527896
session_0_player1,Opportunity-gated communicative action mixture,closer_to_player2,5,0.6748217423602393
session_0_player1,Opportunity-gated communicative action mixture,equal_to_both,0,0.5
session_0_player1,Opportunity-gated communicative action mixture,equal_to_both,1,0.8238230894399744
session_0_player1,Opportunity-gated communicative action mixture,equal_to_both,2,0.6595837636397802
session_0_player1,Opportunity-gated communicative action mixture,equal_to_both,3,0.6651225153513431
session_0_player1,Opportunity-gated communicative action mixture,equal_to_both,4,0.6652283164422751
session_0_player1,Opportunity-gated communicative action mixture,equal_to_both,5,0.6652544737917415
session_0_player1,Shared agency no signaling,closer_to_player1,0,0.5
session_0_player1,Shared agency no signaling,closer_to_player1,1,0.4986292215132228
session_0_player1,Shared agency no signaling,closer_to_player1,2,0.5727067251528652
session_0_player1,Shared agency no signaling,closer_to_player1,3,0.8038591924912051
session_0_player1,Shared agency no signaling,closer_to_player1,4,0.8994477046216693
session_0_player1,Shared agency no signaling,closer_to_player1,5,0.9999806835904615
session_0_player1,Shared agency no signaling,closer_to_player2,0,0.5
session_0_player1,Shared agency no signaling,closer_to_player2,1,0.8036726312489256
session_0_player1,Shared agency no signaling,closer_to_player2,2,0.7968402318870303
session_0_player1,Shared agency no signaling,closer_to_player2,3,0.8245829282519872
session_0_player1,Shared agency no signaling,closer_to_player2,4,0.8306385420666663
session_0_player1,Shared agency no signaling,closer_to_player2,5,0.8299241240086207
session_0_player1,Shared agency no signaling,equal_to_both,0,0.5
session_0_player1,Shared agency no signaling,equal_to_both,1,0.7475598160747812
session_0_player1,Shared agency no signaling,equal_to_both,2,0.9983013509723516
session_0_player1,Shared agency no signaling,equal_to_both,3,0.9983179184202005
session_0_player1,Shared agency no signaling,equal_to_both,4,0.9999943423797972
session_0_player1,Shared agency no signaling,equal_to_both,5,0.9999999651096545
session_0_player2,Goal-contrast signaling,closer_to_player1,0,0.5
session_0_player2,Goal-contrast signaling,closer_to_player1,1,0.5284775594337882
session_0_player2,Goal-contrast signaling,closer_to_player1,2,0.5561726892078173
session_0_player2,Goal-contrast signaling,closer_to_player1,3,0.5095356825513604
session_0_player2,Goal-contrast signaling,closer_to_player1,4,0.566741374547604
session_0_player2,Goal-contrast signaling,closer_to_player1,5,0.6270033793701663
session_0_player2,Goal-contrast signaling,closer_to_player2,0,0.5
session_0_player2,Goal-contrast signaling,closer_to_player2,1,0.831463060814451
session_0_player2,Goal-contrast signaling,closer_to_player2,2,0.7342107378197933
session_0_player2,Goal-contrast signaling,closer_to_player2,3,0.6666382107075001
session_0_player2,Goal-contrast signaling,closer_to_player2,4,0.6667101157308876
session_0_player2,Goal-contrast signaling,closer_to_player2,5,0.8058421553817721
session_0_player2,Goal-contrast signaling,equal_to_both,0,0.5
session_0_player2,Goal-contrast signaling,equal_to_both,1,0.49999998573164944
session_0_player2,Goal-contrast signaling,equal_to_both,2,0.49999996997499485
session_0_player2,Goal-contrast signaling,equal_to_both,3,0.0033583890007747625
session_0_player2,Goal-contrast signaling,equal_to_both,4,0.6631617125709742
session_0_player2,Goal-contrast signaling,equal_to_both,5,0.6631621132186689
session_0_player2,One-step deliberate signal,closer_to_player1,0,0.5
session_0_player2,One-step deliberate signal,closer_to_player1,1,0.7435406595824448
session_0_player2,One-step deliberate signal,closer_to_player1,2,0.7447349723706767
session_0_player2,One-step deliberate signal,closer_to_player1,3,0.7503817442111167
session_0_player2,One-step deliberate signal,closer_to_player1,4,0.7921899023507878
session_0_player2,One-step deliberate signal,closer_to_player1,5,0.8278475323421159
session_0_player2,One-step deliberate signal,closer_to_player2,0,0.5
session_0_player2,One-step deliberate signal,closer_to_player2,1,0.7775177807875563
session_0_player2,One-step deliberate signal,closer_to_player2,2,0.9994516431146664
session_0_player2,One-step deliberate signal,closer_to_player2,3,0.9995231609976591
session_0_player2,One-step deliberate signal,closer_to_player2,4,0.9999999130816954
session_0_player2,One-step deliberate signal,closer_to_player2,5,0.9999999347936015
session_0_player2,One-step deliberate signal,equal_to_both,0,0.5
session_0_player2,One-step deliberate signal,equal_to_both,1,0.2516876631083629
session_0_player2,One-step deliberate signal,equal_to_both,2,0.8298991234352832
session_0_player2,One-step deliberate signal,equal_to_both,3,0.8299108501139334
session_0_player2,One-step deliberate signal,equal_to_both,4,0.9995624312987329
session_0_player2,One-step deliberate signal,equal_to_both,5,0.9995706156978683
session_0_player2,Opportunity-gated communicative action mixture,closer_to_player1,0,0.5
session_0_player2,Opportunity-gated communicative action mixture,closer_to_player1,1,0.5095148784471241
session_0_player2,Opportunity-gated communicative action mixture,closer_to_player1,2,0.5057405414556956
session_0_player2,Opportunity-gated communicative action mixture,closer_to_player1,3,0.40435961321430725
session_0_player2,Opportunity-gated communicative action mixture,closer_to_player1,4,0.40468011643279866
session_0_player2,Opportunity-gated communicative action mixture,closer_to_player1,5,0.7736840949420136
session_0_player2,Opportunity-gated communicative action mixture,closer_to_player2,0,0.5
session_0_player2,Opportunity-gated communicative action mixture,closer_to_player2,1,0.43429206555650723
session_0_player2,Opportunity-gated communicative action mixture,closer_to_player2,2,0.7735946248342168
session_0_player2,Opportunity-gated communicative action mixture,closer_to_player2,3,0.8536211215879383
session_0_player2,Opportunity-gated communicative action mixture,closer_to_player2,4,0.9145583642602768
session_0_player2,Opportunity-gated communicative action mixture,closer_to_player2,5,0.953604219977179
session_0_player2,Opportunity-gated communicative action mixture,equal_to_both,0,0.5
session_0_player2,Opportunity-gated communicative action mixture,equal_to_both,1,0.6631457089386544
session_0_player2,Opportunity-gated communicative action mixture,equal_to_both,2,0.8277997909905249
session_0_player2,Opportunity-gated communicative action mixture,equal_to_both,3,0.9958767068749839
session_0_player2,Opportunity-gated communicative action mixture,equal_to_both,4,0.9979181680393668
session_0_player2,Opportunity-gated communicative action mixture,equal_to_both,5,0.9979557410220087
session_0_player2,Shared agency no signaling,closer_to_player1,0,0.5
session_0_player2,Shared agency no signaling,closer_to_player1,1,0.7435406595824448
session_0_player2,Shared agency no signaling,closer_to_player1,2,0.7447349723706767
session_0_player2,Shared agency no signaling,closer_to_player1,3,0.7503817442111167
session_0_player2,Shared agency no signaling,closer_to_player1,4,0.7921899023507878
session_0_player2,Shared agency no signaling,closer_to_player1,5,0.8278475323421159
session_0_player2,Shared agency no signaling,closer_to_player2,0,0.5
session_0_player2,Shared agency no signaling,closer_to_player2,1,0.7775177807875563
session_0_player2,Shared agency no signaling,closer_to_player2,2,0.9994516431146664
session_0_player2,Shared agency no signaling,closer_to_player2,3,0.9995231609976591
session_0_player2,Shared agency no signaling,closer_to_player2,4,0.9999999130816954
session_0_player2,Shared agency no signaling,closer_to_player2,5,0.9999999347936015
session_0_player2,Shared agency no signaling,equal_to_both,0,0.5
session_0_player2,Shared agency no signaling,equal_to_both,1,0.2516876631083629
session_0_player2,Shared agency no signaling,equal_to_both,2,0.8298991234352832
session_0_player2,Shared agency no signaling,equal_to_both,3,0.8299108501139334
session_0_player2,Shared agency no signaling,equal_to_both,4,0.9995624312987329
session_0_player2,Shared agency no signaling,equal_to_both,5,0.9995706156978683
session_10_player1,Goal-contrast signaling,closer_to_player1,0,0.5
session_10_player1,Goal-contrast signaling,closer_to_player1,1,0.5028331044065855
session_10_player1,Goal-contrast signaling,closer_to_player1,2,0.5176349210740866
session_10_player1,Goal-contrast signaling,closer_to_player1,3,0.6802848584315763
session_10_player1,Goal-contrast signaling,closer_to_player1,4,0.6963769505658807
session_10_player1,Goal-contrast signaling,closer_to_player1,5,0.7227080254887693
session_10_player1,Goal-contrast signaling,closer_to_player2,0,0.5
session_10_player1,Goal-contrast signaling,closer_to_player2,1,0.8231272986845832
session_10_player1,Goal-contrast signaling,closer_to_player2,2,0.8348015678626893
session_10_player1,Goal-contrast signaling,closer_to_player2,3,0.8351285510082737
session_10_player1,Goal-contrast signaling,closer_to_player2,4,0.8354803930590986
session_10_player1,Goal-contrast signaling,closer_to_player2,5,0.8111222904209298
session_10_player1,Goal-contrast signaling,equal_to_both,0,0.5
session_10_player1,Goal-contrast signaling,equal_to_both,1,0.9813341169186017
session_10_player1,Goal-contrast signaling,equal_to_both,2,0.9828477217175132
session_10_player1,Goal-contrast signaling,equal_to_both,3,0.9831739373970955
session_10_player1,Goal-contrast signaling,equal_to_both,4,0.999818806440436
session_10_player1,Goal-contrast signaling,equal_to_both,5,0.9999969045247671
session_10_player1,One-step deliberate signal,closer_to_player1,0,0.5
session_10_player1,One-step deliberate signal,closer_to_player1,1,0.33494852310814904
session_10_player1,One-step deliberate signal,closer_to_player1,2,0.9741194751136245
session_10_player1,One-step deliberate signal,closer_to_player1,3,0.6794350245824999
session_10_player1,One-step deliberate signal,closer_to_player1,4,0.5383972280805238
session_10_player1,One-step deliberate signal,closer_to_player1,5,0.9996635345347784
session_10_player1,One-step deliberate signal,closer_to_player2,0,0.5
session_10_player1,One-step deliberate signal,closer_to_player2,1,0.8180605460007627
session_10_player1,One-step deliberate signal,closer_to_player2,2,0.6697085621730582
session_10_player1,One-step deliberate signal,closer_to_player2,3,0.6698048866537358
session_10_player1,One-step deliberate signal,closer_to_player2,4,0.9890612393588075
session_10_player1,One-step deliberate signal,closer_to_player2,5,0.9999905022302676
session_10_player1,One-step deliberate signal,equal_to_both,0,0.5
session_10_player1,One-step deliberate signal,equal_to_both,1,0.9946217242286757
session_10_player1,One-step deliberate signal,equal_to_both,2,0.999908691687889
session_10_player1,One-step deliberate signal,equal_to_both,3,0.9999109250483955
session_10_player1,One-step deliberate signal,equal_to_both,4,0.9999122913907177
session_10_player1,One-step deliberate signal,equal_to_both,5,0.9998262232828627
session_10_player1,Opportunity-gated communicative action mixture,closer_to_player1,0,0.5
session_10_player1,Opportunity-gated communicative action mixture,closer_to_player1,1,0.7254987879489172
session_10_player1,Opportunity-gated communicative action mixture,closer_to_player1,2,0.5058563041141061
session_10_player1,Opportunity-gated communicative action mixture,closer_to_player1,3,0.6034949827556685
session_10_player1,Opportunity-gated communicative action mixture,closer_to_player1,4,0.6574108270078239
session_10_player1,Opportunity-gated communicative action mixture,closer_to_player1,5,0.7170422659804127
session_10_player1,Opportunity-gated communicative action mixture,closer_to_player2,0,0.5
session_10_player1,Opportunity-gated communicative action mixture,closer_to_player2,1,0.7412160186472103
session_10_player1,Opportunity-gated communicative action mixture,closer_to_player2,2,0.7868928233032666
session_10_player1,Opportunity-gated communicative action mixture,closer_to_player2,3,0.8284785517810276
session_10_player1,Opportunity-gated communicative action mixture,closer_to_player2,4,0.8607126700430869
session_10_player1,Opportunity-gated communicative action mixture,closer_to_player2,5,0.820131434820199
session_10_player1,Opportunity-gated communicative action mixture,equal_to_both,0,0.5
session_10_player1,Opportunity-gated communicative action mixture,equal_to_both,1,0.9828662095789774
session_10_player1,Opportunity-gated communicative action mixture,equal_to_both,2,0.9831941133609436
session_10_player1,Opportunity-gated communicative action mixture,equal_to_both,3,0.9997073446855449
session_10_player1,Opportunity-gated communicative action mixture,equal_to_both,4,0.999714213022545
session_10_player1,Opportunity-gated communicative action mixture,equal_to_both,5,0.9997186042674517
session_10_player1,Shared agency no signaling,closer_to_player1,0,0.5
session_10_player1,Shared agency no signaling,closer_to_player1,1,0.44450506275931323
session_10_player1,Shared agency no signaling,closer_to_player1,2,0.7192038336400223
session_10_player1,Shared agency no signaling,closer_to_player1,3,0.6909355420711081
session_10_player1,Shared agency no signaling,closer_to_player1,4,0.999896244675958
session_10_player1,Shared agency no signaling,closer_to_player1,5,0.9999986449493345
session_10_player1,Shared agency no signaling,closer_to_player2,0,0.5
session_10_player1,Shared agency no signaling,closer_to_player2,1,0.5031597015161997
session_10_player1,Shared agency no signaling,closer_to_player2,2,0.747930405930491
session_10_player1,Shared agency no signaling,closer_to_player2,3,0.7562525779958563
session_10_player1,Shared agency no signaling,closer_to_player2,4,0.7628705466499865
session_10_player1,Shared agency no signaling,closer_to_player2,5,0.7645348472367173
session_10_player1,Shared agency no signaling,equal_to_both,0,0.5
session_10_player1,Shared agency no signaling,equal_to_both,1,0.7446859866434448
session_10_player1,Shared agency no signaling,equal_to_both,2,0.9968323223058886
session_10_player1,Shared agency no signaling,equal_to_both,3,0.9998781912274068
session_10_player1,Shared agency no signaling,equal_to_both,4,0.9999117337139869
session_10_player1,Shared agency no signaling,equal_to_both,5,0.99991256829429
session_10_player2,Goal-contrast signaling,closer_to_player1,0,0.5
session_10_player2,Goal-contrast signaling,closer_to_player1,1,0.5035846100981537
session_10_player2,Goal-contrast signaling,closer_to_player1,2,0.5018996800984795
session_10_player2,Goal-contrast signaling,closer_to_player1,3,0.5070669076726914
session_10_player2,Goal-contrast signaling,closer_to_player1,4,0.5788482844881705
session_10_player2,Goal-contrast signaling,closer_to_player1,5,0.4835432270688169
session_10_player2,Goal-contrast signaling,closer_to_player2,0,0.5
session_10_player2,Goal-contrast signaling,closer_to_player2,1,0.8739055034343158
session_10_player2,Goal-contrast signaling,closer_to_player2,2,0.9998286848248089
session_10_player2,Goal-contrast signaling,closer_to_player2,3,0.9999999062623326
session_10_player2,Goal-contrast signaling,closer_to_player2,4,0.9999999998233476
session_10_player2,Goal-contrast signaling,closer_to_player2,5,0.9999999999638284
session_10_player2,Goal-contrast signaling,equal_to_both,0,0.5
session_10_player2,Goal-contrast signaling,equal_to_both,1,0.5
session_10_player2,Goal-contrast signaling,equal_to_both,2,0.5001784512807519
session_10_player2,Goal-contrast signaling,equal_to_both,3,0.9893361408222553
session_10_player2,Goal-contrast signaling,equal_to_both,4,0.9895402695133899
session_10_player2,Goal-contrast signaling,equal_to_both,5,0.9896197696965934
session_10_player2,One-step deliberate signal,closer_to_player1,0,0.5
session_10_player2,One-step deliberate signal,closer_to_player1,1,0.7034063011598839
session_10_player2,One-step deliberate signal,closer_to_player1,2,0.4950806975497437
session_10_player2,One-step deliberate signal,closer_to_player1,3,0.44302006061282073
session_10_player2,One-step deliberate signal,closer_to_player1,4,0.4001108943420088
session_10_player2,One-step deliberate signal,closer_to_player1,5,0.9896965183438476
session_10_player2,One-step deliberate signal,closer_to_player2,0,0.5
session_10_player2,One-step deliberate signal,closer_to_player2,1,0.5002497308321578
session_10_player2,One-step deliberate signal,closer_to_player2,2,0.9709622198162737
session_10_player2,One-step deliberate signal,closer_to_player2,3,0.9999841133348829
session_10_player2,One-step deliberate signal,closer_to_player2,4,0.9999999495986222
session_10_player2,One-step deliberate signal,closer_to_player2,5,0.9999999997768535
session_10_player2,One-step deliberate signal,equal_to_both,0,0.5
session_10_player2,One-step deliberate signal,equal_to_both,1,0.7635907591681401
session_10_player2,One-step deliberate signal,equal_to_both,2,0.7650514282161454
session_10_player2,One-step deliberate signal,equal_to_both,3,0.7653492177168105
session_10_player2,One-step deliberate signal,equal_to_both,4,0.7693869240940291
session_10_player2,One-step deliberate signal,equal_to_both,5,0.0006546838791755005
session_10_player2,Opportunity-gated communicative action mixture,closer_to_player1,0,0.5
session_10_player2,Opportunity-gated communicative action mixture,closer_to_player1,1,0.5417519246540444
session_10_player2,Opportunity-gated communicative action mixture,closer_to_player1,2,0.6589394297743901
session_10_player2,Opportunity-gated communicative action mixture,closer_to_player1,3,0.6149885220800587
session_10_player2,Opportunity-gated communicative action mixture,closer_to_player1,4,0.8343368041134234
session_10_player2,Opportunity-gated communicative action mixture,closer_to_player1,5,0.8305160062567717
session_10_player2,Opportunity-gated communicative action mixture,closer_to_player2,0,0.5
session_10_player2,Opportunity-gated communicative action mixture,closer_to_player2,1,0.9999061818731259
session_10_player2,Opportunity-gated communicative action mixture,closer_to_player2,2,0.9999999687990399
session_10_player2,Opportunity-gated communicative action mixture,closer_to_player2,3,0.9999999999743301
session_10_player2,Opportunity-gated communicative action mixture,closer_to_player2,4,0.999999999999966
session_10_player2,Opportunity-gated communicative action mixture,closer_to_player2,5,0.9999999999999997
session_10_player2,Opportunity-gated communicative action mixture,equal_to_both,0,0.5
session_10_player2,Opportunity-gated communicative action mixture,equal_to_both,1,0.9811855241947887
session_10_player2,Opportunity-gated communicative action mixture,equal_to_both,2,0.9833855855459729
session_10_player2,Opportunity-gated communicative action mixture,equal_to_both,3,0.9997053925260663
session_10_player2,Opportunity-gated communicative action mixture,equal_to_both,4,0.9999921614170911
session_10_player2,Opportunity-gated communicative action mixture,equal_to_both,5,0.9999996872179995
session_10_player2,Shared agency no signaling,closer_to_player1,0,0.5
session_10_player2,Shared agency no signaling,closer_to_player1,1,0.6185736007870783
session_10_player2,Shared agency no signaling,closer_to_player1,2,0.6765930670821795
session_10_player2,Shared agency no signaling,closer_to_player1,3,0.729102191171186
session_10_player2,Shared agency no signaling,closer_to_player1,4,0.7724053846522873
session_10_player2,Shared agency no signaling,closer_to_player1,5,0.8102241654866562
session_10_player2,Shared agency no signaling,closer_to_player2,0,0.5
session_10_player2,Shared agency no signaling,closer_to_player2,1,0.5687203587390206
session_10_player2,Shared agency no signaling,closer_to_player2,2,0.48472181773393697
session_10_player2,Shared agency no signaling,closer_to_player2,3,0.4443847901132234
session_10_player2,Shared agency no signaling,closer_to_player2,4,0.9999492453911782
session_10_player2,Shared agency no signaling,closer_to_player2,5,0.9999431824933438
session_10_player2,Shared agency no signaling,equal_to_both,0,0.5
session_10_player2,Shared agency no signaling,equal_to_both,1,0.5143591778010012
session_10_player2,Shared agency no signaling,equal_to_both,2,0.7619886738480104
session_10_player2,Shared agency no signaling,equal_to_both,3,0.7653165625242004
session_10_player2,Shared agency no signaling,equal_to_both,4,0.7693548553241032
session_10_player2,Shared agency no signaling,equal_to_both,5,0.5003270024526044
session_11_player1,Goal-contrast signaling,closer_to_player1,0,0.5
session_11_player1,Goal-contrast signaling,closer_to_player1,1,0.2529737499402371
session_11_player1,Goal-contrast signaling,closer_to_player1,2,0.7330365017012632
session_11_player1,Goal-contrast signaling,closer_to_player1,3,0.7332088085489299
session_11_player1,Goal-contrast signaling,closer_to_player1,4,0.7324795280624263
session_11_player1,Goal-contrast signaling,closer_to_player1,5,0.7683014598457232
session_11_player1,Goal-contrast signaling,closer_to_player2,0,0.5
session_11_player1,Goal-contrast signaling,closer_to_player2,1,0.5029490031615875
session_11_player1,Goal-contrast signaling,closer_to_player2,2,0.74763313574005
session_11_player1,Goal-contrast signaling,closer_to_player2,3,0.7534653029932389
session_11_player1,Goal-contrast signaling,closer_to_player2,4,0.7536360860891576
session_11_player1,Goal-contrast signaling,closer_to_player2,5,0.7549231750224694
session_11_player1,Goal-contrast signaling,equal_to_both,0,0.5
session_11_player1,Goal-contrast signaling,equal_to_both,1,0.7463304167010922
session_11_player1,Goal-contrast signaling,equal_to_both,2,0.7463212229627164
session_11_player1,Goal-contrast signaling,equal_to_both,3,0.7493484225661708
session_11_player1,Goal-contrast signaling,equal_to_both,4,0.7492421639927975
session_11_player1,Goal-contrast signaling,equal_to_both,5,0.9996086618878646
session_11_player1,One-step deliberate signal,closer_to_player1,0,0.5
session_11_player1,One-step deliberate signal,closer_to_player1,1,0.9997202624550044
session_11_player1,One-step deliberate signal,closer_to_player1,2,0.9999998064185126
session_11_player1,One-step deliberate signal,closer_to_player1,3,0.9999999996787862
session_11_player1,One-step deliberate signal,closer_to_player1,4,0.9999999999988812
session_11_player1,One-step deliberate signal,closer_to_player1,5,0.9999999999999868
session_11_player1,One-step deliberate signal,closer_to_player2,0,0.5
session_11_player1,One-step deliberate signal,closer_to_player2,1,0.5011740816766337
session_11_player1,One-step deliberate signal,closer_to_player2,2,0.6632266241325194
session_11_player1,One-step deliberate signal,closer_to_player2,3,0.6634946639068805
session_11_player1,One-step deliberate signal,closer_to_player2,4,0.6635392618569562
session_11_player1,One-step deliberate signal,closer_to_player2,5,0.6668399282184957
session_11_player1,One-step deliberate signal,equal_to_both,0,0.5
session_11_player1,One-step deliberate signal,equal_to_both,1,0.8306784789380529
session_11_player1,One-step deliberate signal,equal_to_both,2,0.8339943918282811
session_11_player1,One-step deliberate signal,equal_to_both,3,0.8366178220032815
session_11_player1,One-step deliberate signal,equal_to_both,4,0.9996363140014469
session_11_player1,One-step deliberate signal,equal_to_both,5,0.9999990280670836
session_11_player1,Opportunity-gated communicative action mixture,closer_to_player1,0,0.5
session_11_player1,Opportunity-gated communicative action mixture,closer_to_player1,1,0.5009079355067833
session_11_player1,Opportunity-gated communicative action mixture,closer_to_player1,2,0.7519769343593454
session_11_player1,Opportunity-gated communicative action mixture,closer_to_player1,3,0.7521554027430719
session_11_player1,Opportunity-gated communicative action mixture,closer_to_player1,4,0.7513277000193204
session_11_player1,Opportunity-gated communicative action mixture,closer_to_player1,5,0.7821255934801907
session_11_player1,Opportunity-gated communicative action mixture,closer_to_player2,0,0.5
session_11_player1,Opportunity-gated communicative action mixture,closer_to_player2,1,0.5466914543214405
session_11_player1,Opportunity-gated communicative action mixture,closer_to_player2,2,0.9928415674191114
session_11_player1,Opportunity-gated communicative action mixture,closer_to_player2,3,0.9966073957174792
session_11_player1,Opportunity-gated communicative action mixture,closer_to_player2,4,0.9961728923335996
session_11_player1,Opportunity-gated communicative action mixture,closer_to_player2,5,0.999986589847774
session_11_player1,Opportunity-gated communicative action mixture,equal_to_both,0,0.5
session_11_player1,Opportunity-gated communicative action mixture,equal_to_both,1,0.458595173390992
session_11_player1,Opportunity-gated communicative action mixture,equal_to_both,2,0.42250317250233005
session_11_player1,Opportunity-gated communicative action mixture,equal_to_both,3,0.36502617530723575
session_11_player1,Opportunity-gated communicative action mixture,equal_to_both,4,0.4583491642681118
session_11_player1,Opportunity-gated communicative action mixture,equal_to_both,5,0.74971832584867
session_11_player1,Shared agency no signaling,closer_to_player1,0,0.5
session_11_player1,Shared agency no signaling,closer_to_player1,1,0.9997202624550044
session_11_player1,Shared agency no signaling,closer_to_player1,2,0.9999998064185126
session_11_player1,Shared agency no signaling,closer_to_player1,3,0.9999999996787862
session_11_player1,Shared agency no signaling,closer_to_player1,4,0.9999999999988812
session_11_player1,Shared agency no signaling,closer_to_player1,5,0.9999999999999868
session_11_player1,Shared agency no signaling,closer_to_player2,0,0.5
session_11_player1,Shared agency no signaling,closer_to_player2,1,0.5011740816766337
session_11_player1,Shared agency no signaling,closer_to_player2,2,0.6632266241325194
session_11_player1,Shared agency no signaling,closer_to_player2,3,0.6634946639068805
session_11_player1,Shared agency no signaling,closer_to_player2,4,0.6635392618569562
session_11_player1,Shared agency no signaling,closer_to_player2,5,0.6668399282184957
session_11_player1,Shared agency no signaling,equal_to_both,0,0.5
session_11_player1,Shared agency no signaling,equal_to_both,1,0.8306784789380529
session_11_player1,Shared agency no signaling,equal_to_both,2,0.8339943918282811
session_11_player1,Shared agency no signaling,equal_to_both,3,0.8366178220032815
session_11_player1,Shared agency no signaling,equal_to_both,4,0.9996363140014469
session_11_player1,Shared agency no signaling,equal_to_both,5,0.9999990280670836
session_11_player2,Goal-contrast signaling,closer_to_player1,0,0.5
session_11_player2,Goal-contrast signaling,closer_to_player1,1,0.7431889791949374
session_11_player2,Goal-contrast signaling,closer_to_player1,2,0.7506280578632136
session_11_player2,Goal-contrast signaling,closer_to_player1,3,0.7504118056245315
session_11_player2,Goal-contrast signaling,closer_to_player1,4,0.7498489972713547
session_11_player2,Goal-contrast signaling,closer_to_player1,5,0.7524810664609912
session_11_player2,Goal-contrast signaling,closer_to_player2,0,0.5
session_11_player2,Goal-contrast signaling,closer_to_player2,1,0.8111312474646245
session_11_player2,Goal-contrast signaling,closer_to_player2,2,0.9998407226537829
session_11_player2,Goal-contrast signaling,closer_to_player2,3,0.9997829342796936
session_11_player2,Goal-contrast signaling,closer_to_player2,4,0.9997115630398921
session_11_player2,Goal-contrast signaling,closer_to_player2,5,0.9999999833130437
session_11_player2,Goal-contrast signaling,equal_to_both,0,0.5
session_11_player2,Goal-contrast signaling,equal_to_both,1,0.9903790760733899
session_11_player2,Goal-contrast signaling,equal_to_both,2,0.9916828636900312
session_11_player2,Goal-contrast signaling,equal_to_both,3,0.9969220862706254
session_11_player2,Goal-contrast signaling,equal_to_both,4,0.9969942928204804
session_11_player2,Goal-contrast signaling,equal_to_both,5,0.9970939135642083
session_11_player2,One-step deliberate signal,closer_to_player1,0,0.5
session_11_player2,One-step deliberate signal,closer_to_player1,1,0.6360964232985847
session_11_player2,One-step deliberate signal,closer_to_player1,2,0.9892966737178087
session_11_player2,One-step deliberate signal,closer_to_player1,3,0.9996732459371848
session_11_player2,One-step deliberate signal,closer_to_player1,4,0.9997369888851358
session_11_player2,One-step deliberate signal,closer_to_player1,5,0.9999959803776833
session_11_player2,One-step deliberate signal,closer_to_player2,0,0.5
session_11_player2,One-step deliberate signal,closer_to_player2,1,0.6964039239867522
session_11_player2,One-step deliberate signal,closer_to_player2,2,0.7213443153068703
session_11_player2,One-step deliberate signal,closer_to_player2,3,0.7371728115133288
session_11_player2,One-step deliberate signal,closer_to_player2,4,0.7374159209185623
session_11_player2,One-step deliberate signal,closer_to_player2,5,0.7581637273252381
session_11_player2,One-step deliberate signal,equal_to_both,0,0.5
session_11_player2,One-step deliberate signal,equal_to_both,1,0.8289022056840311
session_11_player2,One-step deliberate signal,equal_to_both,2,0.8312586512744563
session_11_player2,One-step deliberate signal,equal_to_both,3,0.8332840242226033
session_11_player2,One-step deliberate signal,equal_to_both,4,0.8329975454161377
session_11_player2,One-step deliberate signal,equal_to_both,5,0.9999638909758835
session_11_player2,Opportunity-gated communicative action mixture,closer_to_player1,0,0.5
session_11_player2,Opportunity-gated communicative action mixture,closer_to_player1,1,0.5005641629700868
session_11_player2,Opportunity-gated communicative action mixture,closer_to_player1,2,0.742249962962428
session_11_player2,Opportunity-gated communicative action mixture,closer_to_player1,3,0.7467024160676193
session_11_player2,Opportunity-gated communicative action mixture,closer_to_player1,4,0.7444587760116536
session_11_player2,Opportunity-gated communicative action mixture,closer_to_player1,5,0.7453111900670644
session_11_player2,Opportunity-gated communicative action mixture,closer_to_player2,0,0.5
session_11_player2,Opportunity-gated communicative action mixture,closer_to_player2,1,0.9992025557579655
session_11_player2,Opportunity-gated communicative action mixture,closer_to_player2,2,0.7045116050267852
session_11_player2,Opportunity-gated communicative action mixture,closer_to_player2,3,0.9955280544069618
session_11_player2,Opportunity-gated communicative action mixture,closer_to_player2,4,0.9999861745759953
session_11_player2,Opportunity-gated communicative action mixture,closer_to_player2,5,0.9999999259366871
session_11_player2,Opportunity-gated communicative action mixture,equal_to_both,0,0.5
session_11_player2,Opportunity-gated communicative action mixture,equal_to_both,1,0.822155597248321
session_11_player2,Opportunity-gated communicative action mixture,equal_to_both,2,0.8977740081016317
session_11_player2,Opportunity-gated communicative action mixture,equal_to_both,3,0.9429994118259554
session_11_player2,Opportunity-gated communicative action mixture,equal_to_both,4,0.9745484156009592
session_11_player2,Opportunity-gated communicative action mixture,equal_to_both,5,0.5000324604720553
session_11_player2,Shared agency no signaling,closer_to_player1,0,0.5
session_11_player2,Shared agency no signaling,closer_to_player1,1,0.6360964232985847
session_11_player2,Shared agency no signaling,closer_to_player1,2,0.8281279744883133
session_11_player2,Shared agency no signaling,closer_to_player1,3,0.9977739905960833
session_11_player2,Shared agency no signaling,closer_to_player1,4,0.9997179225666323
session_11_player2,Shared agency no signaling,closer_to_player1,5,0.9999957100503235
session_11_player2,Shared agency no signaling,closer_to_player2,0,0.5
session_11_player2,Shared agency no signaling,closer_to_player2,1,0.6964039239867522
session_11_player2,Shared agency no signaling,closer_to_player2,2,0.7213443153068703
session_11_player2,Shared agency no signaling,closer_to_player2,3,0.7371728115133288
session_11_player2,Shared agency no signaling,closer_to_player2,4,0.7374159209185623
session_11_player2,Shared agency no signaling,closer_to_player2,5,0.7581637273252381
session_11_player2,Shared agency no signaling,equal_to_both,0,0.5
session_11_player2,Shared agency no signaling,equal_to_both,1,0.8289022056840311
session_11_player2,Shared agency no signaling,equal_to_both,2,0.8292448591085139
session_11_player2,Shared agency no signaling,equal_to_both,3,0.8332717880657549
session_11_player2,Shared agency no signaling,equal_to_both,4,0.8329854191500566
session_11_player2,Shared agency no signaling,equal_to_both,5,0.9999516682821842
session_12_player1,Goal-contrast signaling,closer_to_player1,0,0.5
session_12_player1,Goal-contrast signaling,closer_to_player1,1,0.5287608052425351
session_12_player1,Goal-contrast signaling,closer_to_player1,2,0.7397941172715496
session_12_player1,Goal-contrast signaling,closer_to_player1,3,0.9999341653240074
session_12_player1,Goal-contrast signaling,closer_to_player1,4,0.9477855896101551
session_12_player1,Goal-contrast signaling,closer_to_player1,5,0.9999904486521531
session_12_player1,Goal-contrast signaling,closer_to_player2,0,0.5
session_12_player1,Goal-contrast signaling,closer_to_player2,1,0.749991531847658
session_12_player1,Goal-contrast signaling,closer_to_player2,2,0.7527887396544091
session_12_player1,Goal-contrast signaling,closer_to_player2,3,0.7534091688378818
session_12_player1,Goal-contrast signaling,closer_to_player2,4,0.7557406796249628
session_12_player1,Goal-contrast signaling,closer_to_player2,5,0.7548911300671535
session_12_player1,Goal-contrast signaling,equal_to_both,0,0.5
session_12_player1,Goal-contrast signaling,equal_to_both,1,0.6611125085867892
session_12_player1,Goal-contrast signaling,equal_to_both,2,0.9981586724554438
session_12_player1,Goal-contrast signaling,equal_to_both,3,0.9999851950743842
session_12_player1,Goal-contrast signaling,equal_to_both,4,0.9999862353684076
session_12_player1,Goal-contrast signaling,equal_to_both,5,0.9999997404716797
session_12_player1,One-step deliberate signal,closer_to_player1,0,0.5
session_12_player1,One-step deliberate signal,closer_to_player1,1,0.8742080736310315
session_12_player1,One-step deliberate signal,closer_to_player1,2,0.9998935598957911
session_12_player1,One-step deliberate signal,closer_to_player1,3,0.9999999460546718
session_12_player1,One-step deliberate signal,closer_to_player1,4,0.9999999606951406
session_12_player1,One-step deliberate signal,closer_to_player1,5,0.9999999998719807
session_12_player1,One-step deliberate signal,closer_to_player2,0,0.5
session_12_player1,One-step deliberate signal,closer_to_player2,1,0.4732339605577191
session_12_player1,One-step deliberate signal,closer_to_player2,2,0.47721188810383436
session_12_player1,One-step deliberate signal,closer_to_player2,3,0.4791041065367096
session_12_player1,One-step deliberate signal,closer_to_player2,4,0.4775872205297493
session_12_player1,One-step deliberate signal,closer_to_player2,5,0.4803479649966884
session_12_player1,One-step deliberate signal,equal_to_both,0,0.5
session_12_player1,One-step deliberate signal,equal_to_both,1,0.7468684192539159
session_12_player1,One-step deliberate signal,equal_to_both,2,0.9982896816532787
session_12_player1,One-step deliberate signal,equal_to_both,3,0.9982961803289025
session_12_player1,One-step deliberate signal,equal_to_both,4,0.9982945672502448
session_12_player1,One-step deliberate signal,equal_to_both,5,0.9972776599829687
session_12_player1,Opportunity-gated communicative action mixture,closer_to_player1,0,0.5
session_12_player1,Opportunity-gated communicative action mixture,closer_to_player1,1,0.6116079445950703
session_12_player1,Opportunity-gated communicative action mixture,closer_to_player1,2,0.8689581203833608
session_12_player1,Opportunity-gated communicative action mixture,closer_to_player1,3,0.8854790250372053
session_12_player1,Opportunity-gated communicative action mixture,closer_to_player1,4,0.8855702180773025
session_12_player1,Opportunity-gated communicative action mixture,closer_to_player1,5,0.8865462845759747
session_12_player1,Opportunity-gated communicative action mixture,closer_to_player2,0,0.5
session_12_player1,Opportunity-gated communicative action mixture,closer_to_player2,1,0.4980571597460837
session_12_player1,Opportunity-gated communicative action mixture,closer_to_player2,2,0.5275434123488933
session_12_player1,Opportunity-gated communicative action mixture,closer_to_player2,3,0.5537498985466462
session_12_player1,Opportunity-gated communicative action mixture,closer_to_player2,4,0.5740051504654111
session_12_player1,Opportunity-gated communicative action mixture,closer_to_player2,5,0.556916156712994
session_12_player1,Opportunity-gated communicative action mixture,equal_to_both,0,0.5
session_12_player1,Opportunity-gated communicative action mixture,equal_to_both,1,0.748320387765391
session_12_player1,Opportunity-gated communicative action mixture,equal_to_both,2,0.9969139302548732
session_12_player1,Opportunity-gated communicative action mixture,equal_to_both,3,0.9904478647294406
session_12_player1,Opportunity-gated communicative action mixture,equal_to_both,4,0.9905644815960939
session_12_player1,Opportunity-gated communicative action mixture,equal_to_both,5,0.9998983132980827
session_12_player1,Shared agency no signaling,closer_to_player1,0,0.5
session_12_player1,Shared agency no signaling,closer_to_player1,1,0.8346068354242396
session_12_player1,Shared agency no signaling,closer_to_player1,2,0.8354815425344966
session_12_player1,Shared agency no signaling,closer_to_player1,3,0.7045066800650625
session_12_player1,Shared agency no signaling,closer_to_player1,4,0.48951010256929406
session_12_player1,Shared agency no signaling,closer_to_player1,5,0.8231053507921694
session_12_player1,Shared agency no signaling,closer_to_player2,0,0.5
session_12_player1,Shared agency no signaling,closer_to_player2,1,0.4986118256246573
session_12_player1,Shared agency no signaling,closer_to_player2,2,0.5282734802950082
session_12_player1,Shared agency no signaling,closer_to_player2,3,0.5548888178913113
session_12_player1,Shared agency no signaling,closer_to_player2,4,0.5757528208136234
session_12_player1,Shared agency no signaling,closer_to_player2,5,0.6248960451655227
session_12_player1,Shared agency no signaling,equal_to_both,0,0.5
session_12_player1,Shared agency no signaling,equal_to_both,1,0.7405920773814316
session_12_player1,Shared agency no signaling,equal_to_both,2,0.9908414822932462
session_12_player1,Shared agency no signaling,equal_to_both,3,0.9962694218733619
session_12_player1,Shared agency no signaling,equal_to_both,4,0.9964288955157317
session_12_player1,Shared agency no signaling,equal_to_both,5,0.9999877537745434
session_12_player2,Goal-contrast signaling,closer_to_player1,0,0.5
session_12_player2,Goal-contrast signaling,closer_to_player1,1,0.509732206239994
session_12_player2,Goal-contrast signaling,closer_to_player1,2,0.671957336644454
session_12_player2,Goal-contrast signaling,closer_to_player1,3,0.6764736279253188
session_12_player2,Goal-contrast signaling,closer_to_player1,4,0.6796026565800911
session_12_player2,Goal-contrast signaling,closer_to_player1,5,0.690376856537041
session_12_player2,Goal-contrast signaling,closer_to_player2,0,0.5
session_12_player2,Goal-contrast signaling,closer_to_player2,1,0.7492433483760708
session_12_player2,Goal-contrast signaling,closer_to_player2,2,0.751802345421281
session_12_player2,Goal-contrast signaling,closer_to_player2,3,0.782586057294431
session_12_player2,Goal-contrast signaling,closer_to_player2,4,0.7581118102077398
session_12_player2,Goal-contrast signaling,closer_to_player2,5,0.8412080431385491
session_12_player2,Goal-contrast signaling,equal_to_both,0,0.5
session_12_player2,Goal-contrast signaling,equal_to_both,1,0.6695182252764651
session_12_player2,Goal-contrast signaling,equal_to_both,2,0.6499922374205416
session_12_player2,Goal-contrast signaling,equal_to_both,3,0.7805081535227085
session_12_player2,Goal-contrast signaling,equal_to_both,4,0.9942348478023986
session_12_player2,Goal-contrast signaling,equal_to_both,5,0.9979109214483285
session_12_player2,One-step deliberate signal,closer_to_player1,0,0.5
session_12_player2,One-step deliberate signal,closer_to_player1,1,0.4970004672847428
session_12_player2,One-step deliberate signal,closer_to_player1,2,0.5030116596270428
session_12_player2,One-step deliberate signal,closer_to_player1,3,0.6212899036725493
session_12_player2,One-step deliberate signal,closer_to_player1,4,0.8282225054234976
session_12_player2,One-step deliberate signal,closer_to_player1,5,0.8364430655116596
session_12_player2,One-step deliberate signal,closer_to_player2,0,0.5
session_12_player2,One-step deliberate signal,closer_to_player2,1,0.6382527584428829
session_12_player2,One-step deliberate signal,closer_to_player2,2,0.8668071702000107
session_12_player2,One-step deliberate signal,closer_to_player2,3,0.9265532057997014
session_12_player2,One-step deliberate signal,closer_to_player2,4,0.9707905072170901
session_12_player2,One-step deliberate signal,closer_to_player2,5,0.9999999999999998
session_12_player2,One-step deliberate signal,equal_to_both,0,0.5
session_12_player2,One-step deliberate signal,equal_to_both,1,0.7468924923546465
session_12_player2,One-step deliberate signal,equal_to_both,2,0.9952484280939037
session_12_player2,One-step deliberate signal,equal_to_both,3,0.9999705164929868
session_12_player2,One-step deliberate signal,equal_to_both,4,0.9999895186063551
session_12_player2,One-step deliberate signal,equal_to_both,5,0.9999902420082203
session_12_player2,Opportunity-gated communicative action mixture,closer_to_player1,0,0.5
session_12_player2,Opportunity-gated communicative action mixture,closer_to_player1,1,0.34259841694381193
session_12_player2,Opportunity-gated communicative action mixture,closer_to_player1,2,0.34260420043872397
session_12_player2,Opportunity-gated communicative action mixture,closer_to_player1,3,0.4634011089276339
session_12_player2,Opportunity-gated communicative action mixture,closer_to_player1,4,0.6741910841513046
session_12_player2,Opportunity-gated communicative action mixture,closer_to_player1,5,0.6794369024063206
session_12_player2,Opportunity-gated communicative action mixture,closer_to_player2,0,0.5
session_12_player2,Opportunity-gated communicative action mixture,closer_to_player2,1,0.4727428816949333
session_12_player2,Opportunity-gated communicative action mixture,closer_to_player2,2,0.3306395198146856
session_12_player2,Opportunity-gated communicative action mixture,closer_to_player2,3,0.4829581679666994
session_12_player2,Opportunity-gated communicative action mixture,closer_to_player2,4,0.5404599084131498
session_12_player2,Opportunity-gated communicative action mixture,closer_to_player2,5,0.8601394749694233
session_12_player2,Opportunity-gated communicative action mixture,equal_to_both,0,0.5
session_12_player2,Opportunity-gated communicative action mixture,equal_to_both,1,0.9925030119082738
session_12_player2,Opportunity-gated communicative action mixture,equal_to_both,2,0.9929615646796206
session_12_player2,Opportunity-gated communicative action mixture,equal_to_both,3,0.999935911644477
session_12_player2,Opportunity-gated communicative action mixture,equal_to_both,4,0.9999379728547895
session_12_player2,Opportunity-gated communicative action mixture,equal_to_both,5,0.9999946550435679
session_12_player2,Shared agency no signaling,closer_to_player1,0,0.5
session_12_player2,Shared agency no signaling,closer_to_player1,1,0.3367292464163662
session_12_player2,Shared agency no signaling,closer_to_player1,2,0.4995910700023524
session_12_player2,Shared agency no signaling,closer_to_player1,3,0.6159548892568839
session_12_player2,Shared agency no signaling,closer_to_player1,4,0.8259255242860718
session_12_player2,Shared agency no signaling,closer_to_player1,5,0.8343472151512284
session_12_player2,Shared agency no signaling,closer_to_player2,0,0.5
session_12_player2,Shared agency no signaling,closer_to_player2,1,0.40108420626476476
session_12_player2,Shared agency no signaling,closer_to_player2,2,0.40616591203835845
session_12_player2,Shared agency no signaling,closer_to_player2,3,0.48309646070630335
session_12_player2,Shared agency no signaling,closer_to_player2,4,0.25380525850693963
session_12_player2,Shared agency no signaling,closer_to_player2,5,0.6936480711859683
session_12_player2,Shared agency no signaling,equal_to_both,0,0.5
session_12_player2,Shared agency no signaling,equal_to_both,1,0.7476841669588845
session_12_player2,Shared agency no signaling,equal_to_both,2,0.7476496365677835
session_12_player2,Shared agency no signaling,equal_to_both,3,0.7493064225509596
session_12_player2,Shared agency no signaling,equal_to_both,4,0.7491026626016822
session_12_player2,Shared agency no signaling,equal_to_both,5,0.9991677054946668
session_13_player1,Goal-contrast signaling,closer_to_player1,0,0.5
session_13_player1,Goal-contrast signaling,closer_to_player1,1,0.7507559927301133
session_13_player1,Goal-contrast signaling,closer_to_player1,2,0.9970344709666279
session_13_player1,Goal-contrast signaling,closer_to_player1,3,0.9994966554126528
session_13_player1,Goal-contrast signaling,closer_to_player1,4,0.999733643888797
session_13_player1,Goal-contrast signaling,closer_to_player1,5,0.9999993311912077
session_13_player1,Goal-contrast signaling,closer_to_player2,0,0.5
session_13_player1,Goal-contrast signaling,closer_to_player2,1,0.28581866446212995
session_13_player1,Goal-contrast signaling,closer_to_player2,2,0.46344676050970507
session_13_player1,Goal-contrast signaling,closer_to_player2,3,0.45045166588571206
session_13_player1,Goal-contrast signaling,closer_to_player2,4,0.721464961205185
session_13_player1,Goal-contrast signaling,closer_to_player2,5,0.6220997806226864
session_13_player1,Goal-contrast signaling,equal_to_both,0,0.5
session_13_player1,Goal-contrast signaling,equal_to_both,1,0.26464622727803033
session_13_player1,Goal-contrast signaling,equal_to_both,2,0.5032797781830123
session_13_player1,Goal-contrast signaling,equal_to_both,3,0.49516322118811157
session_13_player1,Goal-contrast signaling,equal_to_both,4,0.49520062317398095
session_13_player1,Goal-contrast signaling,equal_to_both,5,0.5706839254440582
session_13_player1,One-step deliberate signal,closer_to_player1,0,0.5
session_13_player1,One-step deliberate signal,closer_to_player1,1,0.8607628173465843
session_13_player1,One-step deliberate signal,closer_to_player1,2,0.8087423057838002
session_13_player1,One-step deliberate signal,closer_to_player1,3,0.9028885557115959
session_13_player1,One-step deliberate signal,closer_to_player1,4,0.8889702924811748
session_13_player1,One-step deliberate signal,closer_to_player1,5,0.933786655456736
session_13_player1,One-step deliberate signal,closer_to_player2,0,0.5
session_13_player1,One-step deliberate signal,closer_to_player2,1,0.8232687324463304
session_13_player1,One-step deliberate signal,closer_to_player2,2,0.7133382616249399
session_13_player1,One-step deliberate signal,closer_to_player2,3,0.713882688300662
session_13_player1,One-step deliberate signal,closer_to_player2,4,0.7130359611905869
session_13_player1,One-step deliberate signal,closer_to_player2,5,0.7293675129157519
session_13_player1,One-step deliberate signal,equal_to_both,0,0.5
session_13_player1,One-step deliberate signal,equal_to_both,1,0.3340917434345123
session_13_player1,One-step deliberate signal,equal_to_both,2,0.8804237288763276
session_13_player1,One-step deliberate signal,equal_to_both,3,0.8839768430922194
session_13_player1,One-step deliberate signal,equal_to_both,4,0.8875672251704727
session_13_player1,One-step deliberate signal,equal_to_both,5,0.9998253259175801
session_13_player1,Opportunity-gated communicative action mixture,closer_to_player1,0,0.5
session_13_player1,Opportunity-gated communicative action mixture,closer_to_player1,1,0.7508182780680663
session_13_player1,Opportunity-gated communicative action mixture,closer_to_player1,2,0.9970345946414282
session_13_player1,Opportunity-gated communicative action mixture,closer_to_player1,3,0.999968888573624
session_13_player1,Opportunity-gated communicative action mixture,closer_to_player1,4,0.999999476624289
session_13_player1,Opportunity-gated communicative action mixture,closer_to_player1,5,0.9999994904016148
session_13_player1,Opportunity-gated communicative action mixture,closer_to_player2,0,0.5
session_13_player1,Opportunity-gated communicative action mixture,closer_to_player2,1,0.49696752990641735
session_13_player1,Opportunity-gated communicative action mixture,closer_to_player2,2,0.4869251848483708
session_13_player1,Opportunity-gated communicative action mixture,closer_to_player2,3,0.49160854719918007
session_13_player1,Opportunity-gated communicative action mixture,closer_to_player2,4,0.40859436275293476
session_13_player1,Opportunity-gated communicative action mixture,closer_to_player2,5,0.33821123879277415
session_13_player1,Opportunity-gated communicative action mixture,equal_to_both,0,0.5
session_13_player1,Opportunity-gated communicative action mixture,equal_to_both,1,0.7420326825177155
session_13_player1,Opportunity-gated communicative action mixture,equal_to_both,2,0.5050666474439507
session_13_player1,Opportunity-gated communicative action mixture,equal_to_both,3,0.5052319072703714
session_13_player1,Opportunity-gated communicative action mixture,equal_to_both,4,0.5052031111653219
session_13_player1,Opportunity-gated communicative action mixture,equal_to_both,5,0.9298713471356553
session_13_player1,Shared agency no signaling,closer_to_player1,0,0.5
session_13_player1,Shared agency no signaling,closer_to_player1,1,0.9992862750563212
session_13_player1,Shared agency no signaling,closer_to_player1,2,0.9995428033035689
session_13_player1,Shared agency no signaling,closer_to_player1,3,0.9999996111035394
session_13_player1,Shared agency no signaling,closer_to_player1,4,0.9999999984671699
session_13_player1,Shared agency no signaling,closer_to_player1,5,0.9999999991847542
session_13_player1,Shared agency no signaling,closer_to_player2,0,0.5
session_13_player1,Shared agency no signaling,closer_to_player2,1,0.6612595159009885
session_13_player1,Shared agency no signaling,closer_to_player2,2,0.9441432720828443
session_13_player1,Shared agency no signaling,closer_to_player2,3,0.9523820397486781
session_13_player1,Shared agency no signaling,closer_to_player2,4,0.9534258034702586
session_13_player1,Shared agency no signaling,closer_to_player2,5,0.9372381668361406
session_13_player1,Shared agency no signaling,equal_to_both,0,0.5
session_13_player1,Shared agency no signaling,equal_to_both,1,0.33323734893469426
session_13_player1,Shared agency no signaling,equal_to_both,2,0.49626267782312045
session_13_player1,Shared agency no signaling,equal_to_both,3,0.49989215329517517
session_13_player1,Shared agency no signaling,equal_to_both,4,0.9622168287109908
session_13_player1,Shared agency no signaling,equal_to_both,5,0.9988729531496441
session_13_player2,Goal-contrast signaling,closer_to_player1,0,0.5
session_13_player2,Goal-contrast signaling,closer_to_player1,1,0.9899073235192037
session_13_player2,Goal-contrast signaling,closer_to_player1,2,0.877833265590751
session_13_player2,Goal-contrast signaling,closer_to_player1,3,0.5249244587771348
session_13_player2,Goal-contrast signaling,closer_to_player1,4,0.983987097182585
session_13_player2,Goal-contrast signaling,closer_to_player1,5,0.9837706901397105
session_13_player2,Goal-contrast signaling,closer_to_player2,0,0.5
session_13_player2,Goal-contrast signaling,closer_to_player2,1,0.6519255650175632
session_13_player2,Goal-contrast signaling,closer_to_player2,2,0.5007021448108723
session_13_player2,Goal-contrast signaling,closer_to_player2,3,0.9507134231557806
session_13_player2,Goal-contrast signaling,closer_to_player2,4,0.9999906781074581
session_13_player2,Goal-contrast signaling,closer_to_player2,5,0.9999999953860417
session_13_player2,Goal-contrast signaling,equal_to_both,0,0.5
session_13_player2,Goal-contrast signaling,equal_to_both,1,0.982832194716597
session_13_player2,Goal-contrast signaling,equal_to_both,2,0.9913788877259632
session_13_player2,Goal-contrast signaling,equal_to_both,3,0.9996331235180032
session_13_player2,Goal-contrast signaling,equal_to_both,4,0.9996418119710229
session_13_player2,Goal-contrast signaling,equal_to_both,5,0.9997853569815859
session_13_player2,One-step deliberate signal,closer_to_player1,0,0.5
session_13_player2,One-step deliberate signal,closer_to_player1,1,0.6608622459128265
session_13_player2,One-step deliberate signal,closer_to_player1,2,0.6662127485381828
session_13_player2,One-step deliberate signal,closer_to_player1,3,0.8271009917203548
session_13_player2,One-step deliberate signal,closer_to_player1,4,0.8281951432073623
session_13_player2,One-step deliberate signal,closer_to_player1,5,0.8654850487153584
session_13_player2,One-step deliberate signal,closer_to_player2,0,0.5
session_13_player2,One-step deliberate signal,closer_to_player2,1,0.8739774867440602
session_13_player2,One-step deliberate signal,closer_to_player2,2,0.9997802217518174
session_13_player2,One-step deliberate signal,closer_to_player2,3,0.9998553201542274
session_13_player2,One-step deliberate signal,closer_to_player2,4,0.9998077087836977
session_13_player2,One-step deliberate signal,closer_to_player2,5,0.9997563787718282
session_13_player2,One-step deliberate signal,equal_to_both,0,0.5
session_13_player2,One-step deliberate signal,equal_to_both,1,0.8208342920265057
session_13_player2,One-step deliberate signal,equal_to_both,2,0.9937146351732101
session_13_player2,One-step deliberate signal,equal_to_both,3,0.994447385512245
session_13_player2,One-step deliberate signal,equal_to_both,4,0.9997946051675433
session_13_player2,One-step deliberate signal,equal_to_both,5,0.9997981413786725
session_13_player2,Opportunity-gated communicative action mixture,closer_to_player1,0,0.5
session_13_player2,Opportunity-gated communicative action mixture,closer_to_player1,1,0.9899064787827734
session_13_player2,Opportunity-gated communicative action mixture,closer_to_player1,2,0.8698754865040585
session_13_player2,Opportunity-gated communicative action mixture,closer_to_player1,3,0.5170923082729192
session_13_player2,Opportunity-gated communicative action mixture,closer_to_player1,4,0.9839064314921595
session_13_player2,Opportunity-gated communicative action mixture,closer_to_player1,5,0.9837745127665569
session_13_player2,Opportunity-gated communicative action mixture,closer_to_player2,0,0.5
session_13_player2,Opportunity-gated communicative action mixture,closer_to_player2,1,0.5016195744922924
session_13_player2,Opportunity-gated communicative action mixture,closer_to_player2,2,0.5087679328687554
session_13_player2,Opportunity-gated communicative action mixture,closer_to_player2,3,0.4812446704107492
session_13_player2,Opportunity-gated communicative action mixture,closer_to_player2,4,0.43539269718244555
session_13_player2,Opportunity-gated communicative action mixture,closer_to_player2,5,0.5450607684866902
session_13_player2,Opportunity-gated communicative action mixture,equal_to_both,0,0.5
session_13_player2,Opportunity-gated communicative action mixture,equal_to_both,1,0.7353565366530732
session_13_player2,Opportunity-gated communicative action mixture,equal_to_both,2,0.9941962113359755
session_13_player2,Opportunity-gated communicative action mixture,equal_to_both,3,0.9944970416824765
session_13_player2,Opportunity-gated communicative action mixture,equal_to_both,4,0.9945456044735921
session_13_player2,Opportunity-gated communicative action mixture,equal_to_both,5,0.9945649002178081
session_13_player2,Shared agency no signaling,closer_to_player1,0,0.5
session_13_player2,Shared agency no signaling,closer_to_player1,1,0.7430126933643505
session_13_player2,Shared agency no signaling,closer_to_player1,2,0.7520284482257735
session_13_player2,Shared agency no signaling,closer_to_player1,3,0.9969703382405255
session_13_player2,Shared agency no signaling,closer_to_player1,4,0.9970529186306851
session_13_player2,Shared agency no signaling,closer_to_player1,5,0.9999806501932241
session_13_player2,Shared agency no signaling,closer_to_player2,0,0.5
session_13_player2,Shared agency no signaling,closer_to_player2,1,0.29459571670529067
session_13_player2,Shared agency no signaling,closer_to_player2,2,0.7059744962488824
session_13_player2,Shared agency no signaling,closer_to_player2,3,0.9026651128377342
session_13_player2,Shared agency no signaling,closer_to_player2,4,0.9430346236328356
session_13_player2,Shared agency no signaling,closer_to_player2,5,0.9690696902882093
session_13_player2,Shared agency no signaling,equal_to_both,0,0.5
session_13_player2,Shared agency no signaling,equal_to_both,1,0.816836857849658
session_13_player2,Shared agency no signaling,equal_to_both,2,0.9941957715722306
session_13_player2,Shared agency no signaling,equal_to_both,3,0.9944492445389962
session_13_player2,Shared agency no signaling,equal_to_both,4,0.9997964334192079
session_13_player2,Shared agency no signaling,equal_to_both,5,0.9998000449008915
session_14_player1,Goal-contrast signaling,closer_to_player1,0,0.5
session_14_player1,Goal-contrast signaling,closer_to_player1,1,0.6777034184508476
session_14_player1,Goal-contrast signaling,closer_to_player1,2,0.6877730586954557
session_14_player1,Goal-contrast signaling,closer_to_player1,3,0.69636609165686
session_14_player1,Goal-contrast signaling,closer_to_player1,4,0.7056460977070632
session_14_player1,Goal-contrast signaling,closer_to_player1,5,0.7267929575890725
session_14_player1,Goal-contrast signaling,closer_to_player2,0,0.5
session_14_player1,Goal-contrast signaling,closer_to_player2,1,0.5193198001470595
session_14_player1,Goal-contrast signaling,closer_to_player2,2,0.6061612434479193
session_14_player1,Goal-contrast signaling,closer_to_player2,3,0.7774418354860476
session_14_player1,Goal-contrast signaling,closer_to_player2,4,0.7479336424700956
session_14_player1,Goal-contrast signaling,closer_to_player2,5,0.7107597765785851
session_14_player1,Goal-contrast signaling,equal_to_both,0,0.5
session_14_player1,Goal-contrast signaling,equal_to_both,1,0.9966310466926466
session_14_player1,Goal-contrast signaling,equal_to_both,2,0.9967446361935964
session_14_player1,Goal-contrast signaling,equal_to_both,3,0.9968289489536578
session_14_player1,Goal-contrast signaling,equal_to_both,4,0.9969775251026909
session_14_player1,Goal-contrast signaling,equal_to_both,5,0.9982630552154294
session_14_player1,One-step deliberate signal,closer_to_player1,0,0.5
session_14_player1,One-step deliberate signal,closer_to_player1,1,0.7039469687653739
session_14_player1,One-step deliberate signal,closer_to_player1,2,0.8441993901238362
session_14_player1,One-step deliberate signal,closer_to_player1,3,0.8195133888141891
session_14_player1,One-step deliberate signal,closer_to_player1,4,0.9996471612978037
session_14_player1,One-step deliberate signal,closer_to_player1,5,0.9998232199630273
session_14_player1,One-step deliberate signal,closer_to_player2,0,0.5
session_14_player1,One-step deliberate signal,closer_to_player2,1,0.9826559249348005
session_14_player1,One-step deliberate signal,closer_to_player2,2,0.9995174303563337
session_14_player1,One-step deliberate signal,closer_to_player2,3,0.9998142266581
session_14_player1,One-step deliberate signal,closer_to_player2,4,0.9998743828530495
session_14_player1,One-step deliberate signal,closer_to_player2,5,0.999907908488147
session_14_player1,One-step deliberate signal,equal_to_both,0,0.5
session_14_player1,One-step deliberate signal,equal_to_both,1,0.9931113173445327
session_14_player1,One-step deliberate signal,equal_to_both,2,0.9998410433735886
session_14_player1,One-step deliberate signal,equal_to_both,3,0.9999901844014691
session_14_player1,One-step deliberate signal,equal_to_both,4,0.9999926818668267
session_14_player1,One-step deliberate signal,equal_to_both,5,0.9999946832138967
session_14_player1,Opportunity-gated communicative action mixture,closer_to_player1,0,0.5
session_14_player1,Opportunity-gated communicative action mixture,closer_to_player1,1,0.999746336417789
session_14_player1,Opportunity-gated communicative action mixture,closer_to_player1,2,0.9999864977002794
session_14_player1,Opportunity-gated communicative action mixture,closer_to_player1,3,0.9999999981722825
session_14_player1,Opportunity-gated communicative action mixture,closer_to_player1,4,0.9999999999985119
session_14_player1,Opportunity-gated communicative action mixture,closer_to_player1,5,0.9999999999999891
session_14_player1,Opportunity-gated communicative action mixture,closer_to_player2,0,0.5
session_14_player1,Opportunity-gated communicative action mixture,closer_to_player2,1,0.6991208181554592
session_14_player1,Opportunity-gated communicative action mixture,closer_to_player2,2,0.7980274338642978
session_14_player1,Opportunity-gated communicative action mixture,closer_to_player2,3,0.8103920855444285
session_14_player1,Opportunity-gated communicative action mixture,closer_to_player2,4,0.8147515710165872
session_14_player1,Opportunity-gated communicative action mixture,closer_to_player2,5,0.8184814796357499
session_14_player1,Opportunity-gated communicative action mixture,equal_to_both,0,0.5
session_14_player1,Opportunity-gated communicative action mixture,equal_to_both,1,0.50002375033113
session_14_player1,Opportunity-gated communicative action mixture,equal_to_both,2,0.5000245976913503
session_14_player1,Opportunity-gated communicative action mixture,equal_to_both,3,0.5000245258949622
session_14_player1,Opportunity-gated communicative action mixture,equal_to_both,4,0.9966420854318448
session_14_player1,Opportunity-gated communicative action mixture,equal_to_both,5,0.9966618921520732
session_14_player1,Shared agency no signaling,closer_to_player1,0,0.5
session_14_player1,Shared agency no signaling,closer_to_player1,1,0.49992005751147683
session_14_player1,Shared agency no signaling,closer_to_player1,2,0.9999845838090891
session_14_player1,Shared agency no signaling,closer_to_player1,3,0.9999999991379666
session_14_player1,Shared agency no signaling,closer_to_player1,4,0.9999999999997962
session_14_player1,Shared agency no signaling,closer_to_player1,5,0.9999999999999385
session_14_player1,Shared agency no signaling,closer_to_player2,0,0.5
session_14_player1,Shared agency no signaling,closer_to_player2,1,0.9826559249348005
session_14_player1,Shared agency no signaling,closer_to_player2,2,0.9912693808606603
session_14_player1,Shared agency no signaling,closer_to_player2,3,0.9917727840155035
session_14_player1,Shared agency no signaling,closer_to_player2,4,0.991953148952244
session_14_player1,Shared agency no signaling,closer_to_player2,5,0.9920325061991866
session_14_player1,Shared agency no signaling,equal_to_both,0,0.5
session_14_player1,Shared agency no signaling,equal_to_both,1,0.9905538663845835
session_14_player1,Shared agency no signaling,equal_to_both,2,0.6931325964097498
session_14_player1,Shared agency no signaling,equal_to_both,3,0.9865220540630576
session_14_player1,Shared agency no signaling,equal_to_both,4,0.9996332729254729
session_14_player1,Shared agency no signaling,equal_to_both,5,0.9999859036390497
session_14_player2,Goal-contrast signaling,closer_to_player1,0,0.5
session_14_player2,Goal-contrast signaling,closer_to_player1,1,0.6634022892602335
session_14_player2,Goal-contrast signaling,closer_to_player1,2,0.6650250448383238
session_14_player2,Goal-contrast signaling,closer_to_player1,3,0.6714849928685599
session_14_player2,Goal-contrast signaling,closer_to_player1,4,0.6700830186003799
session_14_player2,Goal-contrast signaling,closer_to_player1,5,0.6730662058515743
session_14_player2,Goal-contrast signaling,closer_to_player2,0,0.5
session_14_player2,Goal-contrast signaling,closer_to_player2,1,0.6644385107681706
session_14_player2,Goal-contrast signaling,closer_to_player2,2,0.6800848036999656
session_14_player2,Goal-contrast signaling,closer_to_player2,3,0.764783109751227
session_14_player2,Goal-contrast signaling,closer_to_player2,4,0.8462303699981061
session_14_player2,Goal-contrast signaling,closer_to_player2,5,0.9091593952705119
session_14_player2,Goal-contrast signaling,equal_to_both,0,0.5
session_14_player2,Goal-contrast signaling,equal_to_both,1,0.9966356156276021
session_14_player2,Goal-contrast signaling,equal_to_both,2,0.9966501950204237
session_14_player2,Goal-contrast signaling,equal_to_both,3,0.9966572218357277
session_14_player2,Goal-contrast signaling,equal_to_both,4,0.9966085555016085
session_14_player2,Goal-contrast signaling,equal_to_both,5,0.999997995886556
session_14_player2,One-step deliberate signal,closer_to_player1,0,0.5
session_14_player2,One-step deliberate signal,closer_to_player1,1,0.4985660947215656
session_14_player2,One-step deliberate signal,closer_to_player1,2,0.49789221673637657
session_14_player2,One-step deliberate signal,closer_to_player1,3,0.4956932897583508
session_14_player2,One-step deliberate signal,closer_to_player1,4,0.49686886152677934
session_14_player2,One-step deliberate signal,closer_to_player1,5,0.4719165012448494
session_14_player2,One-step deliberate signal,closer_to_player2,0,0.5
session_14_player2,One-step deliberate signal,closer_to_player2,1,0.7927403258320624
session_14_player2,One-step deliberate signal,closer_to_player2,2,0.4999533480454575
session_14_player2,One-step deliberate signal,closer_to_player2,3,0.9859144997078284
session_14_player2,One-step deliberate signal,closer_to_player2,4,0.9999997208633207
session_14_player2,One-step deliberate signal,closer_to_player2,5,0.9999999999492835
session_14_player2,One-step deliberate signal,equal_to_both,0,0.5
session_14_player2,One-step deliberate signal,equal_to_both,1,0.6801362654100577
session_14_player2,One-step deliberate signal,equal_to_both,2,0.6665840529869365
session_14_player2,One-step deliberate signal,equal_to_both,3,0.6670000027298607
session_14_player2,One-step deliberate signal,equal_to_both,4,0.9521745944733988
session_14_player2,One-step deliberate signal,equal_to_both,5,0.9697940397410809
session_14_player2,Opportunity-gated communicative action mixture,closer_to_player1,0,0.5
session_14_player2,Opportunity-gated communicative action mixture,closer_to_player1,1,0.45835541990161344
session_14_player2,Opportunity-gated communicative action mixture,closer_to_player1,2,0.4161845973942741
session_14_player2,Opportunity-gated communicative action mixture,closer_to_player1,3,0.31372650663843804
session_14_player2,Opportunity-gated communicative action mixture,closer_to_player1,4,0.09990723746438619
session_14_player2,Opportunity-gated communicative action mixture,closer_to_player1,5,0.21735269308952393
session_14_player2,Opportunity-gated communicative action mixture,closer_to_player2,0,0.5
session_14_player2,Opportunity-gated communicative action mixture,closer_to_player2,1,0.5455302312240845
session_14_player2,Opportunity-gated communicative action mixture,closer_to_player2,2,0.6730745097287015
session_14_player2,Opportunity-gated communicative action mixture,closer_to_player2,3,0.6159403346484252
session_14_player2,Opportunity-gated communicative action mixture,closer_to_player2,4,0.9048002342118958
session_14_player2,Opportunity-gated communicative action mixture,closer_to_player2,5,0.9444885041284511
session_14_player2,Opportunity-gated communicative action mixture,equal_to_both,0,0.5
session_14_player2,Opportunity-gated communicative action mixture,equal_to_both,1,0.5000267724389522
session_14_player2,Opportunity-gated communicative action mixture,equal_to_both,2,0.9894502513927013
session_14_player2,Opportunity-gated communicative action mixture,equal_to_both,3,0.9895712179373706
session_14_player2,Opportunity-gated communicative action mixture,equal_to_both,4,0.9896469152373361
session_14_player2,Opportunity-gated communicative action mixture,equal_to_both,5,0.989707559342351
session_14_player2,Shared agency no signaling,closer_to_player1,0,0.5
session_14_player2,Shared agency no signaling,closer_to_player1,1,0.48947734505612067
session_14_player2,Shared agency no signaling,closer_to_player1,2,0.4795355177696947
session_14_player2,Shared agency no signaling,closer_to_player1,3,0.46979838317355993
session_14_player2,Shared agency no signaling,closer_to_player1,4,0.4571095584550639
session_14_player2,Shared agency no signaling,closer_to_player1,5,0.34608197380936295
session_14_player2,Shared agency no signaling,closer_to_player2,0,0.5
session_14_player2,Shared agency no signaling,closer_to_player2,1,0.7927403258320624
session_14_player2,Shared agency no signaling,closer_to_player2,2,0.4999533480454575
session_14_player2,Shared agency no signaling,closer_to_player2,3,0.9859144997078284
session_14_player2,Shared agency no signaling,closer_to_player2,4,0.9999997208633207
session_14_player2,Shared agency no signaling,closer_to_player2,5,0.9999999999492835
session_14_player2,Shared agency no signaling,equal_to_both,0,0.5
session_14_player2,Shared agency no signaling,equal_to_both,1,0.28796652230893854
session_14_player2,Shared agency no signaling,equal_to_both,2,0.29514509441366604
session_14_player2,Shared agency no signaling,equal_to_both,3,0.7151991165600983
session_14_player2,Shared agency no signaling,equal_to_both,4,0.8694234230097759
session_14_player2,Shared agency no signaling,equal_to_both,5,0.9989072122995001
session_15_player1,Goal-contrast signaling,closer_to_player1,0,0.5
session_15_player1,Goal-contrast signaling,closer_to_player1,1,0.6627634838126463
session_15_player1,Goal-contrast signaling,closer_to_player1,2,0.6637502242425759
session_15_player1,Goal-contrast signaling,closer_to_player1,3,0.8313449570385392
session_15_player1,Goal-contrast signaling,closer_to_player1,4,0.8320952169624635
session_15_player1,Goal-contrast signaling,closer_to_player1,5,0.834481053535637
session_15_player1,Goal-contrast signaling,closer_to_player2,0,0.5
session_15_player1,Goal-contrast signaling,closer_to_player2,1,0.8277345999975748
session_15_player1,Goal-contrast signaling,closer_to_player2,2,0.8296505112198252
session_15_player1,Goal-contrast signaling,closer_to_player2,3,0.833416599989316
session_15_player1,Goal-contrast signaling,closer_to_player2,4,0.792349863926629
session_15_player1,Goal-contrast signaling,closer_to_player2,5,0.9995310968369303
session_15_player1,Goal-contrast signaling,equal_to_both,0,0.5
session_15_player1,Goal-contrast signaling,equal_to_both,1,0.9915395313376626
session_15_player1,Goal-contrast signaling,equal_to_both,2,0.9952819486001322
session_15_player1,Goal-contrast signaling,equal_to_both,3,0.9988920712450889
session_15_player1,Goal-contrast signaling,equal_to_both,4,0.9999953148872209
session_15_player1,Goal-contrast signaling,equal_to_both,5,0.9999985263888042
session_15_player1,One-step deliberate signal,closer_to_player1,0,0.5
session_15_player1,One-step deliberate signal,closer_to_player1,1,0.7487345305704733
session_15_player1,One-step deliberate signal,closer_to_player1,2,0.5183883022046464
session_15_player1,One-step deliberate signal,closer_to_player1,3,0.9609913690418938
session_15_player1,One-step deliberate signal,closer_to_player1,4,0.5041603210571844
session_15_player1,One-step deliberate signal,closer_to_player1,5,0.9663597102539221
session_15_player1,One-step deliberate signal,closer_to_player2,0,0.5
session_15_player1,One-step deliberate signal,closer_to_player2,1,0.5024555047606857
session_15_player1,One-step deliberate signal,closer_to_player2,2,0.5041515499694944
session_15_player1,One-step deliberate signal,closer_to_player2,3,0.5050209877201961
session_15_player1,One-step deliberate signal,closer_to_player2,4,0.5133722181333695
session_15_player1,One-step deliberate signal,closer_to_player2,5,0.46356819672722516
session_15_player1,One-step deliberate signal,equal_to_both,0,0.5
session_15_player1,One-step deliberate signal,equal_to_both,1,0.5419783739829799
session_15_player1,One-step deliberate signal,equal_to_both,2,0.8326744578513621
session_15_player1,One-step deliberate signal,equal_to_both,3,0.998877720085552
session_15_player1,One-step deliberate signal,equal_to_both,4,0.9999930634372597
session_15_player1,One-step deliberate signal,equal_to_both,5,0.9999931353695114
session_15_player1,Opportunity-gated communicative action mixture,closer_to_player1,0,0.5
session_15_player1,Opportunity-gated communicative action mixture,closer_to_player1,1,0.6657774297904542
session_15_player1,Opportunity-gated communicative action mixture,closer_to_player1,2,0.6330543994919224
session_15_player1,Opportunity-gated communicative action mixture,closer_to_player1,3,0.8373950713204946
session_15_player1,Opportunity-gated communicative action mixture,closer_to_player1,4,0.8384085863654692
session_15_player1,Opportunity-gated communicative action mixture,closer_to_player1,5,0.8405284487739998
session_15_player1,Opportunity-gated communicative action mixture,closer_to_player2,0,0.5
session_15_player1,Opportunity-gated communicative action mixture,closer_to_player2,1,0.5177117987863936
session_15_player1,Opportunity-gated communicative action mixture,closer_to_player2,2,0.4388330439652706
session_15_player1,Opportunity-gated communicative action mixture,closer_to_player2,3,0.43580366355805356
session_15_player1,Opportunity-gated communicative action mixture,closer_to_player2,4,0.642203026122597
session_15_player1,Opportunity-gated communicative action mixture,closer_to_player2,5,0.9955607160143525
session_15_player1,Opportunity-gated communicative action mixture,equal_to_both,0,0.5
session_15_player1,Opportunity-gated communicative action mixture,equal_to_both,1,0.49975702043519965
session_15_player1,Opportunity-gated communicative action mixture,equal_to_both,2,0.7466553120696342
session_15_player1,Opportunity-gated communicative action mixture,equal_to_both,3,0.9968821991256527
session_15_player1,Opportunity-gated communicative action mixture,equal_to_both,4,0.9999349152262158
session_15_player1,Opportunity-gated communicative action mixture,equal_to_both,5,0.9999676285330465
session_15_player1,Shared agency no signaling,closer_to_player1,0,0.5
session_15_player1,Shared agency no signaling,closer_to_player1,1,0.7493884938628718
session_15_player1,Shared agency no signaling,closer_to_player1,2,0.7500558001951461
session_15_player1,Shared agency no signaling,closer_to_player1,3,0.7871816731191057
session_15_player1,Shared agency no signaling,closer_to_player1,4,0.999995289795533
session_15_player1,Shared agency no signaling,closer_to_player1,5,0.9999999997679229
session_15_player1,Shared agency no signaling,closer_to_player2,0,0.5
session_15_player1,Shared agency no signaling,closer_to_player2,1,0.5026977355425233
session_15_player1,Shared agency no signaling,closer_to_player2,2,0.5014207275247644
session_15_player1,Shared agency no signaling,closer_to_player2,3,0.44069536163976125
session_15_player1,Shared agency no signaling,closer_to_player2,4,0.5237513003929943
session_15_player1,Shared agency no signaling,closer_to_player2,5,0.60728164806143
session_15_player1,Shared agency no signaling,equal_to_both,0,0.5
session_15_player1,Shared agency no signaling,equal_to_both,1,0.5419958250355553
session_15_player1,Shared agency no signaling,equal_to_both,2,0.8326924545968608
session_15_player1,Shared agency no signaling,equal_to_both,3,0.9994298428725689
session_15_player1,Shared agency no signaling,equal_to_both,4,0.9999980741947662
session_15_player1,Shared agency no signaling,equal_to_both,5,0.9999980905875091
session_15_player2,Goal-contrast signaling,closer_to_player1,0,0.5
session_15_player2,Goal-contrast signaling,closer_to_player1,1,0.824593777083319
session_15_player2,Goal-contrast signaling,closer_to_player1,2,0.8345770412227739
session_15_player2,Goal-contrast signaling,closer_to_player1,3,0.8352121868578047
session_15_player2,Goal-contrast signaling,closer_to_player1,4,0.8337231747913306
session_15_player2,Goal-contrast signaling,closer_to_player1,5,0.8317932688577198
session_15_player2,Goal-contrast signaling,closer_to_player2,0,0.5
session_15_player2,Goal-contrast signaling,closer_to_player2,1,0.6682397243769701
session_15_player2,Goal-contrast signaling,closer_to_player2,2,0.999489082938402
session_15_player2,Goal-contrast signaling,closer_to_player2,3,0.9999990931630832
session_15_player2,Goal-contrast signaling,closer_to_player2,4,0.9999999973704621
session_15_player2,Goal-contrast signaling,closer_to_player2,5,0.9999999999434087
session_15_player2,Goal-contrast signaling,equal_to_both,0,0.5
session_15_player2,Goal-contrast signaling,equal_to_both,1,0.9918128450222404
session_15_player2,Goal-contrast signaling,equal_to_both,2,0.9930289562198086
session_15_player2,Goal-contrast signaling,equal_to_both,3,0.9964934344584804
session_15_player2,Goal-contrast signaling,equal_to_both,4,0.9999709174722288
session_15_player2,Goal-contrast signaling,equal_to_both,5,0.9999780270785074
session_15_player2,One-step deliberate signal,closer_to_player1,0,0.5
session_15_player2,One-step deliberate signal,closer_to_player1,1,0.4954722076039653
session_15_player2,One-step deliberate signal,closer_to_player1,2,0.9982485529202476
session_15_player2,One-step deliberate signal,closer_to_player1,3,0.9982439963026265
session_15_player2,One-step deliberate signal,closer_to_player1,4,0.999996992950426
session_15_player2,One-step deliberate signal,closer_to_player1,5,0.9999999898688625
session_15_player2,One-step deliberate signal,closer_to_player2,0,0.5
session_15_player2,One-step deliberate signal,closer_to_player2,1,0.7917571405470984
session_15_player2,One-step deliberate signal,closer_to_player2,2,0.8275628131720126
session_15_player2,One-step deliberate signal,closer_to_player2,3,0.8543711074690161
session_15_player2,One-step deliberate signal,closer_to_player2,4,0.8712459402725583
session_15_player2,One-step deliberate signal,closer_to_player2,5,0.841567329937216
session_15_player2,One-step deliberate signal,equal_to_both,0,0.5
session_15_player2,One-step deliberate signal,equal_to_both,1,0.7859812029572567
session_15_player2,One-step deliberate signal,equal_to_both,2,0.4458640168155336
session_15_player2,One-step deliberate signal,equal_to_both,3,0.7481803984615328
session_15_player2,One-step deliberate signal,equal_to_both,4,0.9987785992891215
session_15_player2,One-step deliberate signal,equal_to_both,5,0.9999953534872663
session_15_player2,Opportunity-gated communicative action mixture,closer_to_player1,0,0.5
session_15_player2,Opportunity-gated communicative action mixture,closer_to_player1,1,0.8276911261948646
session_15_player2,Opportunity-gated communicative action mixture,closer_to_player1,2,0.8297394885323502
session_15_player2,Opportunity-gated communicative action mixture,closer_to_player1,3,0.8355847511787952
session_15_player2,Opportunity-gated communicative action mixture,closer_to_player1,4,0.8357003338120094
session_15_player2,Opportunity-gated communicative action mixture,closer_to_player1,5,0.8352523649644724
session_15_player2,Opportunity-gated communicative action mixture,closer_to_player2,0,0.5
session_15_player2,Opportunity-gated communicative action mixture,closer_to_player2,1,0.8336959136060434
session_15_player2,Opportunity-gated communicative action mixture,closer_to_player2,2,0.9998973562802261
session_15_player2,Opportunity-gated communicative action mixture,closer_to_player2,3,0.9999949692562952
session_15_player2,Opportunity-gated communicative action mixture,closer_to_player2,4,0.9999999803943741
session_15_player2,Opportunity-gated communicative action mixture,closer_to_player2,5,0.9999999999042393
session_15_player2,Opportunity-gated communicative action mixture,equal_to_both,0,0.5
session_15_player2,Opportunity-gated communicative action mixture,equal_to_both,1,0.4997614412788681
session_15_player2,Opportunity-gated communicative action mixture,equal_to_both,2,0.7446647941476449
session_15_player2,Opportunity-gated communicative action mixture,equal_to_both,3,0.9982270579201631
session_15_player2,Opportunity-gated communicative action mixture,equal_to_both,4,0.999899435154042
session_15_player2,Opportunity-gated communicative action mixture,equal_to_both,5,0.9999011076324249
session_15_player2,Shared agency no signaling,closer_to_player1,0,0.5
session_15_player2,Shared agency no signaling,closer_to_player1,1,0.7441635563905833
session_15_player2,Shared agency no signaling,closer_to_player1,2,0.7535857842325098
session_15_player2,Shared agency no signaling,closer_to_player1,3,0.7543186195867639
session_15_player2,Shared agency no signaling,closer_to_player1,4,0.5001709636884315
session_15_player2,Shared agency no signaling,closer_to_player1,5,0.5858134753009948
session_15_player2,Shared agency no signaling,closer_to_player2,0,0.5
session_15_player2,Shared agency no signaling,closer_to_player2,1,0.7475806731147248
session_15_player2,Shared agency no signaling,closer_to_player2,2,0.7853924595089884
session_15_player2,Shared agency no signaling,closer_to_player2,3,0.815055245952466
session_15_player2,Shared agency no signaling,closer_to_player2,4,0.83435632904616
session_15_player2,Shared agency no signaling,closer_to_player2,5,0.8759895200308745
session_15_player2,Shared agency no signaling,equal_to_both,0,0.5
session_15_player2,Shared agency no signaling,equal_to_both,1,0.7874851116337297
session_15_player2,Shared agency no signaling,equal_to_both,2,0.445904558996145
session_15_player2,Shared agency no signaling,equal_to_both,3,0.7482189012555239
session_15_player2,Shared agency no signaling,equal_to_both,4,0.9988162980872589
session_15_player2,Shared agency no signaling,equal_to_both,5,0.9999958447950245
session_16_player1,Goal-contrast signaling,closer_to_player1,0,0.5
session_16_player1,Goal-contrast signaling,closer_to_player1,1,0.6691194096124554
session_16_player1,Goal-contrast signaling,closer_to_player1,2,0.7394660698435184
session_16_player1,Goal-contrast signaling,closer_to_player1,3,0.8129440010640444
session_16_player1,Goal-contrast signaling,closer_to_player1,4,0.7603708964365216
session_16_player1,Goal-contrast signaling,closer_to_player1,5,0.720840443479697
session_16_player1,Goal-contrast signaling,closer_to_player2,0,0.5
session_16_player1,Goal-contrast signaling,closer_to_player2,1,0.8227543518094422
session_16_player1,Goal-contrast signaling,closer_to_player2,2,0.8347741052656891
session_16_player1,Goal-contrast signaling,closer_to_player2,3,0.9980231119336466
session_16_player1,Goal-contrast signaling,closer_to_player2,4,0.9999679551100317
session_16_player1,Goal-contrast signaling,closer_to_player2,5,0.9999939186088037
session_16_player1,Goal-contrast signaling,equal_to_both,0,0.5
session_16_player1,Goal-contrast signaling,equal_to_both,1,0.499669406904269
session_16_player1,Goal-contrast signaling,equal_to_both,2,0.4994602331474961
session_16_player1,Goal-contrast signaling,equal_to_both,3,0.7475348790393883
session_16_player1,Goal-contrast signaling,equal_to_both,4,0.7460886964729451
session_16_player1,Goal-contrast signaling,equal_to_both,5,0.9998745874598303
session_16_player1,One-step deliberate signal,closer_to_player1,0,0.5
session_16_player1,One-step deliberate signal,closer_to_player1,1,0.5013394132894796
session_16_player1,One-step deliberate signal,closer_to_player1,2,0.7930801505065865
session_16_player1,One-step deliberate signal,closer_to_player1,3,0.9999210823925262
session_16_player1,One-step deliberate signal,closer_to_player1,4,0.9999999373821967
session_16_player1,One-step deliberate signal,closer_to_player1,5,0.9999999991422813
session_16_player1,One-step deliberate signal,closer_to_player2,0,0.5
session_16_player1,One-step deliberate signal,closer_to_player2,1,0.6639408775511869
session_16_player1,One-step deliberate signal,closer_to_player2,2,0.8319832797568331
session_16_player1,One-step deliberate signal,closer_to_player2,3,0.8360028439157433
session_16_player1,One-step deliberate signal,closer_to_player2,4,0.836173178046614
session_16_player1,One-step deliberate signal,closer_to_player2,5,0.8369769788826306
session_16_player1,One-step deliberate signal,equal_to_both,0,0.5
session_16_player1,One-step deliberate signal,equal_to_both,1,0.4999373825301606
session_16_player1,One-step deliberate signal,equal_to_both,2,0.9966401493151728
session_16_player1,One-step deliberate signal,equal_to_both,3,0.9966550779976724
session_16_player1,One-step deliberate signal,equal_to_both,4,0.9966622851577922
session_16_player1,One-step deliberate signal,equal_to_both,5,0.9999943760840143
session_16_player1,Opportunity-gated communicative action mixture,closer_to_player1,0,0.5
session_16_player1,Opportunity-gated communicative action mixture,closer_to_player1,1,0.8121971812219461
session_16_player1,Opportunity-gated communicative action mixture,closer_to_player1,2,0.8290292014738022
session_16_player1,Opportunity-gated communicative action mixture,closer_to_player1,3,0.7734433912507525
session_16_player1,Opportunity-gated communicative action mixture,closer_to_player1,4,0.9999999645024156
session_16_player1,Opportunity-gated communicative action mixture,closer_to_player1,5,0.9999999998123922
session_16_player1,Opportunity-gated communicative action mixture,closer_to_player2,0,0.5
session_16_player1,Opportunity-gated communicative action mixture,closer_to_player2,1,0.6630721338129494
session_16_player1,Opportunity-gated communicative action mixture,closer_to_player2,2,0.6698012959914688
session_16_player1,Opportunity-gated communicative action mixture,closer_to_player2,3,0.9960872808003014
session_16_player1,Opportunity-gated communicative action mixture,closer_to_player2,4,0.9999585317754299
session_16_player1,Opportunity-gated communicative action mixture,closer_to_player2,5,0.999998990274591
session_16_player1,Opportunity-gated communicative action mixture,equal_to_both,0,0.5
session_16_player1,Opportunity-gated communicative action mixture,equal_to_both,1,0.9999550526052365
session_16_player1,Opportunity-gated communicative action mixture,equal_to_both,2,0.9999711259926969
session_16_player1,Shared agency no signaling,closer_to_player1,0,0.5
session_16_player1,Shared agency no signaling,closer_to_player1,1,0.5013394132894796
session_16_player1,Shared agency no signaling,closer_to_player1,2,0.7930801505065865
session_16_player1,Shared agency no signaling,closer_to_player1,3,0.9999210823925262
session_16_player1,Shared agency no signaling,closer_to_player1,4,0.9999999373821967
session_16_player1,Shared agency no signaling,closer_to_player1,5,0.9999999991422813
session_16_player1,Shared agency no signaling,closer_to_player2,0,0.5
session_16_player1,Shared agency no signaling,closer_to_player2,1,0.6639408775511869
session_16_player1,Shared agency no signaling,closer_to_player2,2,0.6705280010955951
session_16_player1,Shared agency no signaling,closer_to_player2,3,0.8341119493226116
session_16_player1,Shared agency no signaling,closer_to_player2,4,0.8361543548461631
session_16_player1,Shared agency no signaling,closer_to_player2,5,0.8369766936312913
session_16_player1,Shared agency no signaling,equal_to_both,0,0.5
session_16_player1,Shared agency no signaling,equal_to_both,1,0.4999373825301606
session_16_player1,Shared agency no signaling,equal_to_both,2,0.4999223075623082
session_16_player1,Shared agency no signaling,equal_to_both,3,0.4996723272723671
session_16_player1,Shared agency no signaling,equal_to_both,4,0.4936432636468707
session_16_player1,Shared agency no signaling,equal_to_both,5,0.9997475031493722
session_16_player2,Goal-contrast signaling,closer_to_player1,0,0.5
session_16_player2,Goal-contrast signaling,closer_to_player1,1,0.6759098078207483
session_16_player2,Goal-contrast signaling,closer_to_player1,2,0.8317723017832166
session_16_player2,Goal-contrast signaling,closer_to_player1,3,0.8333864177043083
session_16_player2,Goal-contrast signaling,closer_to_player1,4,0.836497552513407
session_16_player2,Goal-contrast signaling,closer_to_player1,5,0.8502728342716724
session_16_player2,Goal-contrast signaling,closer_to_player2,0,0.5
session_16_player2,Goal-contrast signaling,closer_to_player2,1,0.6648690976259788
session_16_player2,Goal-contrast signaling,closer_to_player2,2,0.8331639745081475
session_16_player2,Goal-contrast signaling,closer_to_player2,3,0.9999813802010683
session_16_player2,Goal-contrast signaling,closer_to_player2,4,0.999999529154632
session_16_player2,Goal-contrast signaling,closer_to_player2,5,0.9999995325302837
session_16_player2,Goal-contrast signaling,equal_to_both,0,0.5
session_16_player2,Goal-contrast signaling,equal_to_both,1,0.9904309302896791
session_16_player2,Goal-contrast signaling,equal_to_both,2,0.9968852192822062
session_16_player2,Goal-contrast signaling,equal_to_both,3,0.9999772302370302
session_16_player2,Goal-contrast signaling,equal_to_both,4,0.9999995192018001
session_16_player2,Goal-contrast signaling,equal_to_both,5,0.9999997617887071
session_16_player2,One-step deliberate signal,closer_to_player1,0,0.5
session_16_player2,One-step deliberate signal,closer_to_player1,1,0.6635881952226007
session_16_player2,One-step deliberate signal,closer_to_player1,2,0.826375289059587
session_16_player2,One-step deliberate signal,closer_to_player1,3,0.994542439622193
session_16_player2,One-step deliberate signal,closer_to_player1,4,0.9979896899714763
session_16_player2,One-step deliberate signal,closer_to_player1,5,0.9979954885326333
session_16_player2,One-step deliberate signal,closer_to_player2,0,0.5
session_16_player2,One-step deliberate signal,closer_to_player2,1,0.5697584566353084
session_16_player2,One-step deliberate signal,closer_to_player2,2,0.8846457624793507
session_16_player2,One-step deliberate signal,closer_to_player2,3,0.902453683287013
session_16_player2,One-step deliberate signal,closer_to_player2,4,0.9135850931193373
session_16_player2,One-step deliberate signal,closer_to_player2,5,0.8927919850516052
session_16_player2,One-step deliberate signal,equal_to_both,0,0.5
session_16_player2,One-step deliberate signal,equal_to_both,1,0.993736502515344
session_16_player2,One-step deliberate signal,equal_to_both,2,0.9938604802682035
session_16_player2,One-step deliberate signal,equal_to_both,3,0.9999618356093467
session_16_player2,One-step deliberate signal,equal_to_both,4,0.9999995873153463
session_16_player2,One-step deliberate signal,equal_to_both,5,0.9999999887477993
session_16_player2,Opportunity-gated communicative action mixture,closer_to_player1,0,0.5
session_16_player2,Opportunity-gated communicative action mixture,closer_to_player1,1,0.3838138622143439
session_16_player2,Opportunity-gated communicative action mixture,closer_to_player1,2,0.7951918419416115
session_16_player2,Opportunity-gated communicative action mixture,closer_to_player1,3,0.5375882258137028
session_16_player2,Opportunity-gated communicative action mixture,closer_to_player1,4,0.8335543398725512
session_16_player2,Opportunity-gated communicative action mixture,closer_to_player1,5,0.8343022818914498
session_16_player2,Opportunity-gated communicative action mixture,closer_to_player2,0,0.5
session_16_player2,Opportunity-gated communicative action mixture,closer_to_player2,1,0.8336423741362212
session_16_player2,Opportunity-gated communicative action mixture,closer_to_player2,2,0.8694560854277777
session_16_player2,Opportunity-gated communicative action mixture,closer_to_player2,3,0.9999840531941547
session_16_player2,Opportunity-gated communicative action mixture,closer_to_player2,4,0.999998146050488
session_16_player2,Opportunity-gated communicative action mixture,closer_to_player2,5,0.9999989537203923
session_16_player2,Opportunity-gated communicative action mixture,equal_to_both,0,0.5
session_16_player2,Opportunity-gated communicative action mixture,equal_to_both,1,0.6311714869304103
session_16_player2,Opportunity-gated communicative action mixture,equal_to_both,2,0.7733967317807668
session_16_player2,Shared agency no signaling,closer_to_player1,0,0.5
session_16_player2,Shared agency no signaling,closer_to_player1,1,0.6635881952226007
session_16_player2,Shared agency no signaling,closer_to_player1,2,0.826375289059587
session_16_player2,Shared agency no signaling,closer_to_player1,3,0.994542439622193
session_16_player2,Shared agency no signaling,closer_to_player1,4,0.9979896899714763
session_16_player2,Shared agency no signaling,closer_to_player1,5,0.9979954885326333
session_16_player2,Shared agency no signaling,closer_to_player2,0,0.5
session_16_player2,Shared agency no signaling,closer_to_player2,1,0.5697584566353084
session_16_player2,Shared agency no signaling,closer_to_player2,2,0.7541600855731265
session_16_player2,Shared agency no signaling,closer_to_player2,3,0.9024397865829652
session_16_player2,Shared agency no signaling,closer_to_player2,4,0.9135850902241454
session_16_player2,Shared agency no signaling,closer_to_player2,5,0.8927919850499378
session_16_player2,Shared agency no signaling,equal_to_both,0,0.5
session_16_player2,Shared agency no signaling,equal_to_both,1,0.993736502515344
session_16_player2,Shared agency no signaling,equal_to_both,2,0.9938604802682035
session_16_player2,Shared agency no signaling,equal_to_both,3,0.9999618356093467
session_16_player2,Shared agency no signaling,equal_to_both,4,0.9999995873153463
session_16_player2,Shared agency no signaling,equal_to_both,5,0.9999999887477993
session_17_player1,Goal-contrast signaling,closer_to_player1,0,0.5
session_17_player1,Goal-contrast signaling,closer_to_player1,1,0.6672395376346566
session_17_player1,Goal-contrast signaling,closer_to_player1,2,0.33808405422242066
session_17_player1,Goal-contrast signaling,closer_to_player1,3,0.6074395179817799
session_17_player1,Goal-contrast signaling,closer_to_player1,4,0.9425159610237918
session_17_player1,Goal-contrast signaling,closer_to_player1,5,0.9973534190551064
session_17_player1,Goal-contrast signaling,closer_to_player2,0,0.5
session_17_player1,Goal-contrast signaling,closer_to_player2,1,0.5016753669235869
session_17_player1,Goal-contrast signaling,closer_to_player2,2,0.6632350247077308
session_17_player1,Goal-contrast signaling,closer_to_player2,3,0.6673323114130345
session_17_player1,Goal-contrast signaling,closer_to_player2,4,0.707257522909701
session_17_player1,Goal-contrast signaling,closer_to_player2,5,0.6784204858434881
session_17_player1,Goal-contrast signaling,equal_to_both,0,0.5
session_17_player1,Goal-contrast signaling,equal_to_both,1,0.7414216143795065
session_17_player1,Goal-contrast signaling,equal_to_both,2,0.9944930576879345
session_17_player1,Goal-contrast signaling,equal_to_both,3,0.9998997735624207
session_17_player1,Goal-contrast signaling,equal_to_both,4,0.999989355792459
session_17_player1,Goal-contrast signaling,equal_to_both,5,0.9999973933463044
session_17_player1,One-step deliberate signal,closer_to_player1,0,0.5
session_17_player1,One-step deliberate signal,closer_to_player1,1,0.6642917241910739
session_17_player1,One-step deliberate signal,closer_to_player1,2,0.8320699125709616
session_17_player1,One-step deliberate signal,closer_to_player1,3,0.859133298457898
session_17_player1,One-step deliberate signal,closer_to_player1,4,0.9998366907001753
session_17_player1,One-step deliberate signal,closer_to_player1,5,0.9999997601053443
session_17_player1,One-step deliberate signal,closer_to_player2,0,0.5
session_17_player1,One-step deliberate signal,closer_to_player2,1,0.4993312433839585
session_17_player1,One-step deliberate signal,closer_to_player2,2,0.6660783597866864
session_17_player1,One-step deliberate signal,closer_to_player2,3,0.6660905404599994
session_17_player1,One-step deliberate signal,closer_to_player2,4,0.5974335937783793
session_17_player1,One-step deliberate signal,closer_to_player2,5,0.690071671601018
session_17_player1,One-step deliberate signal,equal_to_both,0,0.5
session_17_player1,One-step deliberate signal,equal_to_both,1,0.9871783071377891
session_17_player1,One-step deliberate signal,equal_to_both,2,0.9928863117778209
session_17_player1,One-step deliberate signal,equal_to_both,3,0.9997782294017877
session_17_player1,One-step deliberate signal,equal_to_both,4,0.9998549044789429
session_17_player1,One-step deliberate signal,equal_to_both,5,0.9998577930111868
session_17_player1,Opportunity-gated communicative action mixture,closer_to_player1,0,0.5
session_17_player1,Opportunity-gated communicative action mixture,closer_to_player1,1,0.7529354747173201
session_17_player1,Opportunity-gated communicative action mixture,closer_to_player1,2,0.7316323632909869
session_17_player1,Opportunity-gated communicative action mixture,closer_to_player1,3,0.6961199459067278
session_17_player1,Opportunity-gated communicative action mixture,closer_to_player1,4,0.9999999999999984
session_17_player1,Opportunity-gated communicative action mixture,closer_to_player1,5,1.0
session_17_player1,Opportunity-gated communicative action mixture,closer_to_player2,0,0.5
session_17_player1,Opportunity-gated communicative action mixture,closer_to_player2,1,0.5039721982892007
session_17_player1,Opportunity-gated communicative action mixture,closer_to_player2,2,0.5057215895153215
session_17_player1,Opportunity-gated communicative action mixture,closer_to_player2,3,0.5037900239154104
session_17_player1,Opportunity-gated communicative action mixture,closer_to_player2,4,0.4426295846939512
session_17_player1,Opportunity-gated communicative action mixture,closer_to_player2,5,0.527140761749042
session_17_player1,Opportunity-gated communicative action mixture,equal_to_both,0,0.5
session_17_player1,Opportunity-gated communicative action mixture,equal_to_both,1,0.8290863831567661
session_17_player1,Opportunity-gated communicative action mixture,equal_to_both,2,0.8376488677466494
session_17_player1,Opportunity-gated communicative action mixture,equal_to_both,3,0.9979023475722132
session_17_player1,Opportunity-gated communicative action mixture,equal_to_both,4,0.7887736523101907
session_17_player1,Opportunity-gated communicative action mixture,equal_to_both,5,0.7888127543991054
session_17_player1,Shared agency no signaling,closer_to_player1,0,0.5
session_17_player1,Shared agency no signaling,closer_to_player1,1,0.6642917241910739
session_17_player1,Shared agency no signaling,closer_to_player1,2,0.6665694503910142
session_17_player1,Shared agency no signaling,closer_to_player1,3,0.7343221630041065
session_17_player1,Shared agency no signaling,closer_to_player1,4,0.9998824518556927
session_17_player1,Shared agency no signaling,closer_to_player1,5,0.9999999075870036
session_17_player1,Shared agency no signaling,closer_to_player2,0,0.5
session_17_player1,Shared agency no signaling,closer_to_player2,1,0.4993312433839585
session_17_player1,Shared agency no signaling,closer_to_player2,2,0.5015547062794873
session_17_player1,Shared agency no signaling,closer_to_player2,3,0.5457244673953655
session_17_player1,Shared agency no signaling,closer_to_player2,4,0.5974467942720393
session_17_player1,Shared agency no signaling,closer_to_player2,5,0.6900724319290811
session_17_player1,Shared agency no signaling,equal_to_both,0,0.5
session_17_player1,Shared agency no signaling,equal_to_both,1,0.9871783071377891
session_17_player1,Shared agency no signaling,equal_to_both,2,0.9928863117778209
session_17_player1,Shared agency no signaling,equal_to_both,3,0.9997782294017877
session_17_player1,Shared agency no signaling,equal_to_both,4,0.9998549044789429
session_17_player1,Shared agency no signaling,equal_to_both,5,0.9998577930111868
session_17_player2,Goal-contrast signaling,closer_to_player1,0,0.5
session_17_player2,Goal-contrast signaling,closer_to_player1,1,0.6611060534146377
session_17_player2,Goal-contrast signaling,closer_to_player1,2,0.7561174648837882
session_17_player2,Goal-contrast signaling,closer_to_player1,3,0.7584329743179191
session_17_player2,Goal-contrast signaling,closer_to_player1,4,0.9908899956341074
session_17_player2,Goal-contrast signaling,closer_to_player1,5,0.9998048793713218
session_17_player2,Goal-contrast signaling,closer_to_player2,0,0.5
session_17_player2,Goal-contrast signaling,closer_to_player2,1,0.6600514462122541
session_17_player2,Goal-contrast signaling,closer_to_player2,2,0.829377788082242
session_17_player2,Goal-contrast signaling,closer_to_player2,3,0.8273574193820278
session_17_player2,Goal-contrast signaling,closer_to_player2,4,0.8113629910983837
session_17_player2,Goal-contrast signaling,closer_to_player2,5,0.8690539900727302
session_17_player2,Goal-contrast signaling,equal_to_both,0,0.5
session_17_player2,Goal-contrast signaling,equal_to_both,1,0.7474422729910923
session_17_player2,Goal-contrast signaling,equal_to_both,2,0.7565446638530858
session_17_player2,Goal-contrast signaling,equal_to_both,3,0.7231962250013422
session_17_player2,Goal-contrast signaling,equal_to_both,4,0.9974501456985866
session_17_player2,Goal-contrast signaling,equal_to_both,5,0.9990803812513168
session_17_player2,One-step deliberate signal,closer_to_player1,0,0.5
session_17_player2,One-step deliberate signal,closer_to_player1,1,0.6632240189076222
session_17_player2,One-step deliberate signal,closer_to_player1,2,0.8314834829826679
session_17_player2,One-step deliberate signal,closer_to_player1,3,0.8354047148298669
session_17_player2,One-step deliberate signal,closer_to_player1,4,0.8369658716360555
session_17_player2,One-step deliberate signal,closer_to_player1,5,0.8378463089469205
session_17_player2,One-step deliberate signal,closer_to_player2,0,0.5
session_17_player2,One-step deliberate signal,closer_to_player2,1,0.6630666372982076
session_17_player2,One-step deliberate signal,closer_to_player2,2,0.6313296671282321
session_17_player2,One-step deliberate signal,closer_to_player2,3,0.6903969695105925
session_17_player2,One-step deliberate signal,closer_to_player2,4,0.7286848251237187
session_17_player2,One-step deliberate signal,closer_to_player2,5,0.8018226962520726
session_17_player2,One-step deliberate signal,equal_to_both,0,0.5
session_17_player2,One-step deliberate signal,equal_to_both,1,0.5023467135031129
session_17_player2,One-step deliberate signal,equal_to_both,2,0.8696787127034563
session_17_player2,One-step deliberate signal,equal_to_both,3,0.9963120286441015
session_17_player2,One-step deliberate signal,equal_to_both,4,0.9964600041093981
session_17_player2,One-step deliberate signal,equal_to_both,5,0.9965218579100724
session_17_player2,Opportunity-gated communicative action mixture,closer_to_player1,0,0.5
session_17_player2,Opportunity-gated communicative action mixture,closer_to_player1,1,0.7353859871616786
session_17_player2,Opportunity-gated communicative action mixture,closer_to_player1,2,0.7467789634362588
session_17_player2,Opportunity-gated communicative action mixture,closer_to_player1,3,0.7463971496564098
session_17_player2,Opportunity-gated communicative action mixture,closer_to_player1,4,0.7458362070942851
session_17_player2,Opportunity-gated communicative action mixture,closer_to_player1,5,0.7484629222539376
session_17_player2,Opportunity-gated communicative action mixture,closer_to_player2,0,0.5
session_17_player2,Opportunity-gated communicative action mixture,closer_to_player2,1,0.5038511103780838
session_17_player2,Opportunity-gated communicative action mixture,closer_to_player2,2,0.5191137919574444
session_17_player2,Opportunity-gated communicative action mixture,closer_to_player2,3,0.7548909654345768
session_17_player2,Opportunity-gated communicative action mixture,closer_to_player2,4,0.9999822928873986
session_17_player2,Opportunity-gated communicative action mixture,closer_to_player2,5,0.9999775678961071
session_17_player2,Opportunity-gated communicative action mixture,equal_to_both,0,0.5
session_17_player2,Opportunity-gated communicative action mixture,equal_to_both,1,0.6642360935431767
session_17_player2,Opportunity-gated communicative action mixture,equal_to_both,2,0.6665900362806548
session_17_player2,Opportunity-gated communicative action mixture,equal_to_both,3,0.8728519631293122
session_17_player2,Opportunity-gated communicative action mixture,equal_to_both,4,0.8728517410011688
session_17_player2,Opportunity-gated communicative action mixture,equal_to_both,5,0.9987657443621581
session_17_player2,Shared agency no signaling,closer_to_player1,0,0.5
session_17_player2,Shared agency no signaling,closer_to_player1,1,0.6632240189076222
session_17_player2,Shared agency no signaling,closer_to_player1,2,0.8261734859175985
session_17_player2,Shared agency no signaling,closer_to_player1,3,0.8353159535308162
session_17_player2,Shared agency no signaling,closer_to_player1,4,0.836963717345378
session_17_player2,Shared agency no signaling,closer_to_player1,5,0.8378441726330363
session_17_player2,Shared agency no signaling,closer_to_player2,0,0.5
session_17_player2,Shared agency no signaling,closer_to_player2,1,0.6630666372982076
session_17_player2,Shared agency no signaling,closer_to_player2,2,0.6313296671282321
session_17_player2,Shared agency no signaling,closer_to_player2,3,0.6903969695105925
session_17_player2,Shared agency no signaling,closer_to_player2,4,0.7286848251237187
session_17_player2,Shared agency no signaling,closer_to_player2,5,0.8018226962520726
session_17_player2,Shared agency no signaling,equal_to_both,0,0.5
session_17_player2,Shared agency no signaling,equal_to_both,1,0.5023467135031129
session_17_player2,Shared agency no signaling,equal_to_both,2,0.8662631108276523
session_17_player2,Shared agency no signaling,equal_to_both,3,0.9929197298286149
session_17_player2,Shared agency no signaling,equal_to_both,4,0.9964395464842261
session_17_player2,Shared agency no signaling,equal_to_both,5,0.9965015776565186
session_18_player1,Goal-contrast signaling,closer_to_player1,0,0.5
session_18_player1,Goal-contrast signaling,closer_to_player1,1,0.6247433471117932
session_18_player1,Goal-contrast signaling,closer_to_player1,2,0.6465444321237128
session_18_player1,Goal-contrast signaling,closer_to_player1,3,0.902473457588633
session_18_player1,Goal-contrast signaling,closer_to_player1,4,0.9430389377606638
session_18_player1,Goal-contrast signaling,closer_to_player1,5,0.9690696920253838
session_18_player1,Goal-contrast signaling,closer_to_player2,0,0.5
session_18_player1,Goal-contrast signaling,closer_to_player2,1,0.5011819059313668
session_18_player1,Goal-contrast signaling,closer_to_player2,2,0.5017313222589114
session_18_player1,Goal-contrast signaling,closer_to_player2,3,0.5023529400761356
session_18_player1,Goal-contrast signaling,closer_to_player2,4,0.5072654707913363
session_18_player1,Goal-contrast signaling,closer_to_player2,5,0.47822247617252395
session_18_player1,Goal-contrast signaling,equal_to_both,0,0.5
session_18_player1,Goal-contrast signaling,equal_to_both,1,0.49998370918291585
session_18_player1,Goal-contrast signaling,equal_to_both,2,0.49997079143790274
session_18_player1,Goal-contrast signaling,equal_to_both,3,0.49972091425088433
session_18_player1,Goal-contrast signaling,equal_to_both,4,0.9992215667413658
session_18_player1,Goal-contrast signaling,equal_to_both,5,0.9999986917250128
session_18_player1,One-step deliberate signal,closer_to_player1,0,0.5
session_18_player1,One-step deliberate signal,closer_to_player1,1,0.8348380018427609
session_18_player1,One-step deliberate signal,closer_to_player1,2,0.8356823746460309
session_18_player1,One-step deliberate signal,closer_to_player1,3,0.8337388991986691
session_18_player1,One-step deliberate signal,closer_to_player1,4,0.8476448575746733
session_18_player1,One-step deliberate signal,closer_to_player1,5,0.8828580638588456
session_18_player1,One-step deliberate signal,closer_to_player2,0,0.5
session_18_player1,One-step deliberate signal,closer_to_player2,1,0.5033228388085809
session_18_player1,One-step deliberate signal,closer_to_player2,2,0.8284967175445931
session_18_player1,One-step deliberate signal,closer_to_player2,3,0.8321071332064772
session_18_player1,One-step deliberate signal,closer_to_player2,4,0.832307264384872
session_18_player1,One-step deliberate signal,closer_to_player2,5,0.8350901353051956
session_18_player1,One-step deliberate signal,equal_to_both,0,0.5
session_18_player1,One-step deliberate signal,equal_to_both,1,0.6700458776302276
session_18_player1,One-step deliberate signal,equal_to_both,2,0.9975990489778289
session_18_player1,One-step deliberate signal,equal_to_both,3,0.9977657524089746
session_18_player1,One-step deliberate signal,equal_to_both,4,0.9979708974624141
session_18_player1,One-step deliberate signal,equal_to_both,5,0.9999917011599563
session_18_player1,Opportunity-gated communicative action mixture,closer_to_player1,0,0.5
session_18_player1,Opportunity-gated communicative action mixture,closer_to_player1,1,0.6661523471294873
session_18_player1,Opportunity-gated communicative action mixture,closer_to_player1,2,0.6334561393192267
session_18_player1,Opportunity-gated communicative action mixture,closer_to_player1,3,0.8268713723690967
session_18_player1,Opportunity-gated communicative action mixture,closer_to_player1,4,0.8549445669084186
session_18_player1,Opportunity-gated communicative action mixture,closer_to_player1,5,0.8556772925351935
session_18_player1,Opportunity-gated communicative action mixture,closer_to_player2,0,0.5
session_18_player1,Opportunity-gated communicative action mixture,closer_to_player2,1,0.6587280977692386
session_18_player1,Opportunity-gated communicative action mixture,closer_to_player2,2,0.6646237325538503
session_18_player1,Opportunity-gated communicative action mixture,closer_to_player2,3,0.6631336696227236
session_18_player1,Opportunity-gated communicative action mixture,closer_to_player2,4,0.6239861078058709
session_18_player1,Opportunity-gated communicative action mixture,closer_to_player2,5,0.7495172901055076
session_18_player1,Opportunity-gated communicative action mixture,equal_to_both,0,0.5
session_18_player1,Opportunity-gated communicative action mixture,equal_to_both,1,0.7875971469292301
session_18_player1,Opportunity-gated communicative action mixture,equal_to_both,2,0.997900877644355
session_18_player1,Opportunity-gated communicative action mixture,equal_to_both,3,0.9979729678962398
session_18_player1,Opportunity-gated communicative action mixture,equal_to_both,4,0.9999927635022635
session_18_player1,Opportunity-gated communicative action mixture,equal_to_both,5,0.9999928440828803
session_18_player1,Shared agency no signaling,closer_to_player1,0,0.5
session_18_player1,Shared agency no signaling,closer_to_player1,1,0.8348380018427609
session_18_player1,Shared agency no signaling,closer_to_player1,2,0.8356677388203883
session_18_player1,Shared agency no signaling,closer_to_player1,3,0.8337283685473594
session_18_player1,Shared agency no signaling,closer_to_player1,4,0.8476448573879711
session_18_player1,Shared agency no signaling,closer_to_player1,5,0.8828580638589237
session_18_player1,Shared agency no signaling,closer_to_player2,0,0.5
session_18_player1,Shared agency no signaling,closer_to_player2,1,0.5033228388085809
session_18_player1,Shared agency no signaling,closer_to_player2,2,0.6642157909093859
session_18_player1,Shared agency no signaling,closer_to_player2,3,0.8307090709298083
session_18_player1,Shared agency no signaling,closer_to_player2,4,0.8322976649482582
session_18_player1,Shared agency no signaling,closer_to_player2,5,0.8350900501366607
session_18_player1,Shared agency no signaling,equal_to_both,0,0.5
session_18_player1,Shared agency no signaling,equal_to_both,1,0.6700458776302276
session_18_player1,Shared agency no signaling,equal_to_both,2,0.9975990489778289
session_18_player1,Shared agency no signaling,equal_to_both,3,0.9977657524089746
session_18_player1,Shared agency no signaling,equal_to_both,4,0.9979708974624141
session_18_player1,Shared agency no signaling,equal_to_both,5,0.9999917011599563
session_18_player2,Goal-contrast signaling,closer_to_player1,0,0.5
session_18_player2,Goal-contrast signaling,closer_to_player1,1,0.5424213157043482
session_18_player2,Goal-contrast signaling,closer_to_player1,2,0.6575347799607006
session_18_player2,Goal-contrast signaling,closer_to_player1,3,0.5063705397916937
session_18_player2,Goal-contrast signaling,closer_to_player1,4,0.8241143239754036
session_18_player2,Goal-contrast signaling,closer_to_player1,5,0.8270177617913906
session_18_player2,Goal-contrast signaling,closer_to_player2,0,0.5
session_18_player2,Goal-contrast signaling,closer_to_player2,1,0.5282280190260512
session_18_player2,Goal-contrast signaling,closer_to_player2,2,0.432600134694553
session_18_player2,Goal-contrast signaling,closer_to_player2,3,0.5264267877493661
session_18_player2,Goal-contrast signaling,closer_to_player2,4,0.40063431468903676
session_18_player2,Goal-contrast signaling,closer_to_player2,5,0.44966645006801853
session_18_player2,Goal-contrast signaling,equal_to_both,0,0.5
session_18_player2,Goal-contrast signaling,equal_to_both,1,0.5149196906629475
session_18_player2,Goal-contrast signaling,equal_to_both,2,0.9967695777089094
session_18_player2,Goal-contrast signaling,equal_to_both,3,0.9968272215718698
session_18_player2,Goal-contrast signaling,equal_to_both,4,0.9968440894826014
session_18_player2,Goal-contrast signaling,equal_to_both,5,0.9999944488504608
session_18_player2,One-step deliberate signal,closer_to_player1,0,0.5
session_18_player2,One-step deliberate signal,closer_to_player1,1,0.499281464995695
session_18_player2,One-step deliberate signal,closer_to_player1,2,0.6670336850230557
session_18_player2,One-step deliberate signal,closer_to_player1,3,0.7130628036459455
session_18_player2,One-step deliberate signal,closer_to_player1,4,0.6586122306286746
session_18_player2,One-step deliberate signal,closer_to_player1,5,0.6332960680528454
session_18_player2,One-step deliberate signal,closer_to_player2,0,0.5
session_18_player2,One-step deliberate signal,closer_to_player2,1,0.713321806519227
session_18_player2,One-step deliberate signal,closer_to_player2,2,0.6669783035753106
session_18_player2,One-step deliberate signal,closer_to_player2,3,0.6672517915380647
session_18_player2,One-step deliberate signal,closer_to_player2,4,0.9931532406937474
session_18_player2,One-step deliberate signal,closer_to_player2,5,0.9999996206270501
session_18_player2,One-step deliberate signal,equal_to_both,0,0.5
session_18_player2,One-step deliberate signal,equal_to_both,1,0.8261859717198048
session_18_player2,One-step deliberate signal,equal_to_both,2,0.9962257049883848
session_18_player2,One-step deliberate signal,equal_to_both,3,0.9961573107059026
session_18_player2,One-step deliberate signal,equal_to_both,4,0.9999778871241601
session_18_player2,One-step deliberate signal,equal_to_both,5,0.9999997673267798
session_18_player2,Opportunity-gated communicative action mixture,closer_to_player1,0,0.5
session_18_player2,Opportunity-gated communicative action mixture,closer_to_player1,1,0.5436742415364851
session_18_player2,Opportunity-gated communicative action mixture,closer_to_player1,2,0.6574512608149843
session_18_player2,Opportunity-gated communicative action mixture,closer_to_player1,3,0.5040092695001989
session_18_player2,Opportunity-gated communicative action mixture,closer_to_player1,4,0.8191635283832343
session_18_player2,Opportunity-gated communicative action mixture,closer_to_player1,5,0.8198903340125381
session_18_player2,Opportunity-gated communicative action mixture,closer_to_player2,0,0.5
session_18_player2,Opportunity-gated communicative action mixture,closer_to_player2,1,0.5015748257731091
session_18_player2,Opportunity-gated communicative action mixture,closer_to_player2,2,0.8018082857258912
session_18_player2,Opportunity-gated communicative action mixture,closer_to_player2,3,0.7902962636697133
session_18_player2,Opportunity-gated communicative action mixture,closer_to_player2,4,0.8043143538814994
session_18_player2,Opportunity-gated communicative action mixture,closer_to_player2,5,0.7539972628262103
session_18_player2,Opportunity-gated communicative action mixture,equal_to_both,0,0.5
session_18_player2,Opportunity-gated communicative action mixture,equal_to_both,1,0.705721831678093
session_18_player2,Opportunity-gated communicative action mixture,equal_to_both,2,0.8311827719326699
session_18_player2,Opportunity-gated communicative action mixture,equal_to_both,3,0.9994194267759969
session_18_player2,Opportunity-gated communicative action mixture,equal_to_both,4,0.9994217459898574
session_18_player2,Opportunity-gated communicative action mixture,equal_to_both,5,0.9999989459513107
session_18_player2,Shared agency no signaling,closer_to_player1,0,0.5
session_18_player2,Shared agency no signaling,closer_to_player1,1,0.499281464995695
session_18_player2,Shared agency no signaling,closer_to_player1,2,0.5058595111883823
session_18_player2,Shared agency no signaling,closer_to_player1,3,0.5509958100531717
session_18_player2,Shared agency no signaling,closer_to_player1,4,0.4610833436631367
session_18_player2,Shared agency no signaling,closer_to_player1,5,0.6328817998393269
session_18_player2,Shared agency no signaling,closer_to_player2,0,0.5
session_18_player2,Shared agency no signaling,closer_to_player2,1,0.713321806519227
session_18_player2,Shared agency no signaling,closer_to_player2,2,0.6662822190597385
session_18_player2,Shared agency no signaling,closer_to_player2,3,0.6663029102885969
session_18_player2,Shared agency no signaling,closer_to_player2,4,0.99189249266859
session_18_player2,Shared agency no signaling,closer_to_player2,5,0.9999995478377488
session_18_player2,Shared agency no signaling,equal_to_both,0,0.5
session_18_player2,Shared agency no signaling,equal_to_both,1,0.8261859717198048
session_18_player2,Shared agency no signaling,equal_to_both,2,0.9962257049883848
session_18_player2,Shared agency no signaling,equal_to_both,3,0.9961573107059026
session_18_player2,Shared agency no signaling,equal_to_both,4,0.9999778871241601
session_18_player2,Shared agency no signaling,equal_to_both,5,0.9999997673267798
session_19_player1,Goal-contrast signaling,closer_to_player1,0,0.5
session_19_player1,Goal-contrast signaling,closer_to_player1,1,0.8126007214814597
session_19_player1,Goal-contrast signaling,closer_to_player1,2,0.8289698920915014
session_19_player1,Goal-contrast signaling,closer_to_player1,3,0.7734120982938314
session_19_player1,Goal-contrast signaling,closer_to_player1,4,0.9999999776097911
session_19_player1,Goal-contrast signaling,closer_to_player1,5,0.9999999779578078
session_19_player1,Goal-contrast signaling,closer_to_player2,0,0.5
session_19_player1,Goal-contrast signaling,closer_to_player2,1,0.25340043997219586
session_19_player1,Goal-contrast signaling,closer_to_player2,2,0.6164816650245202
session_19_player1,Goal-contrast signaling,closer_to_player2,3,0.9746984447492091
session_19_player1,Goal-contrast signaling,closer_to_player2,4,0.9753107037647972
session_19_player1,Goal-contrast signaling,closer_to_player2,5,0.9994737381914758
session_19_player1,Goal-contrast signaling,equal_to_both,0,0.5
session_19_player1,Goal-contrast signaling,equal_to_both,1,0.9932543426307188
session_19_player1,Goal-contrast signaling,equal_to_both,2,0.9944718128840608
session_19_player1,Goal-contrast signaling,equal_to_both,3,0.9979353102878115
session_19_player1,Goal-contrast signaling,equal_to_both,4,0.9979404101701156
session_19_player1,Goal-contrast signaling,equal_to_both,5,0.9999604281430621
session_19_player1,One-step deliberate signal,closer_to_player1,0,0.5
session_19_player1,One-step deliberate signal,closer_to_player1,1,0.5000127633947403
session_19_player1,One-step deliberate signal,closer_to_player1,2,0.9873408033750956
session_19_player1,One-step deliberate signal,closer_to_player1,3,0.9873188167365208
session_19_player1,One-step deliberate signal,closer_to_player1,4,0.9999982641380883
session_19_player1,One-step deliberate signal,closer_to_player1,5,0.9999982911730338
session_19_player1,One-step deliberate signal,closer_to_player2,0,0.5
session_19_player1,One-step deliberate signal,closer_to_player2,1,0.8275111473650694
session_19_player1,One-step deliberate signal,closer_to_player2,2,0.9099961850401099
session_19_player1,One-step deliberate signal,closer_to_player2,3,0.9179539148643873
session_19_player1,One-step deliberate signal,closer_to_player2,4,0.9174126185698497
session_19_player1,One-step deliberate signal,closer_to_player2,5,0.9998272068145417
session_19_player1,One-step deliberate signal,equal_to_both,0,0.5
session_19_player1,One-step deliberate signal,equal_to_both,1,0.8567439857569124
session_19_player1,One-step deliberate signal,equal_to_both,2,0.822585767483868
session_19_player1,One-step deliberate signal,equal_to_both,3,0.8789890888101694
session_19_player1,One-step deliberate signal,equal_to_both,4,0.9351302759019423
session_19_player1,One-step deliberate signal,equal_to_both,5,0.9999962146492196
session_19_player1,Opportunity-gated communicative action mixture,closer_to_player1,0,0.5
session_19_player1,Opportunity-gated communicative action mixture,closer_to_player1,1,0.6424185909679365
session_19_player1,Opportunity-gated communicative action mixture,closer_to_player1,2,0.788428134766671
session_19_player1,Opportunity-gated communicative action mixture,closer_to_player1,3,0.9999569966465652
session_19_player1,Opportunity-gated communicative action mixture,closer_to_player1,4,0.9999909334427417
session_19_player1,Opportunity-gated communicative action mixture,closer_to_player1,5,0.9999999998482726
session_19_player1,Opportunity-gated communicative action mixture,closer_to_player2,0,0.5
session_19_player1,Opportunity-gated communicative action mixture,closer_to_player2,1,0.6167311521201907
session_19_player1,Opportunity-gated communicative action mixture,closer_to_player2,2,0.8884247177629431
session_19_player1,Opportunity-gated communicative action mixture,closer_to_player2,3,0.9634987112736918
session_19_player1,Opportunity-gated communicative action mixture,closer_to_player2,4,0.9989254180360306
session_19_player1,Opportunity-gated communicative action mixture,closer_to_player2,5,0.999233887834902
session_19_player1,Opportunity-gated communicative action mixture,equal_to_both,0,0.5
session_19_player1,Opportunity-gated communicative action mixture,equal_to_both,1,0.5040249912719127
session_19_player1,Opportunity-gated communicative action mixture,equal_to_both,2,0.8337636771064673
session_19_player1,Opportunity-gated communicative action mixture,equal_to_both,3,0.9959954720447713
session_19_player1,Opportunity-gated communicative action mixture,equal_to_both,4,0.9960421826591414
session_19_player1,Opportunity-gated communicative action mixture,equal_to_both,5,0.99606347732612
session_19_player1,Shared agency no signaling,closer_to_player1,0,0.5
session_19_player1,Shared agency no signaling,closer_to_player1,1,0.5000127633947403
session_19_player1,Shared agency no signaling,closer_to_player1,2,0.8193905323503726
session_19_player1,Shared agency no signaling,closer_to_player1,3,0.9873135869899271
session_19_player1,Shared agency no signaling,closer_to_player1,4,0.9999944946417827
session_19_player1,Shared agency no signaling,closer_to_player1,5,0.9999982911064379
session_19_player1,Shared agency no signaling,closer_to_player2,0,0.5
session_19_player1,Shared agency no signaling,closer_to_player2,1,0.8275111473650694
session_19_player1,Shared agency no signaling,closer_to_player2,2,0.9099961850401099
session_19_player1,Shared agency no signaling,closer_to_player2,3,0.9179539148643873
session_19_player1,Shared agency no signaling,closer_to_player2,4,0.9174126185698497
session_19_player1,Shared agency no signaling,closer_to_player2,5,0.9998272068145417
session_19_player1,Shared agency no signaling,equal_to_both,0,0.5
session_19_player1,Shared agency no signaling,equal_to_both,1,0.8567439857569124
session_19_player1,Shared agency no signaling,equal_to_both,2,0.822585767483868
session_19_player1,Shared agency no signaling,equal_to_both,3,0.8789890888101694
session_19_player1,Shared agency no signaling,equal_to_both,4,0.9351302759019423
session_19_player1,Shared agency no signaling,equal_to_both,5,0.9999962146492196
session_19_player2,Goal-contrast signaling,closer_to_player1,0,0.5
session_19_player2,Goal-contrast signaling,closer_to_player1,1,0.5432595564388917
session_19_player2,Goal-contrast signaling,closer_to_player1,2,0.6539603154254175
session_19_player2,Goal-contrast signaling,closer_to_player1,3,0.661651704305168
session_19_player2,Goal-contrast signaling,closer_to_player1,4,0.6654606605855036
session_19_player2,Goal-contrast signaling,closer_to_player1,5,0.6318439425762304
session_19_player2,Goal-contrast signaling,closer_to_player2,0,0.5
session_19_player2,Goal-contrast signaling,closer_to_player2,1,0.9995973145365816
session_19_player2,Goal-contrast signaling,closer_to_player2,2,0.9139847852349419
session_19_player2,Goal-contrast signaling,closer_to_player2,3,0.5078567876526755
session_19_player2,Goal-contrast signaling,closer_to_player2,4,0.9958880687624384
session_19_player2,Goal-contrast signaling,closer_to_player2,5,0.6426748493410672
session_19_player2,Goal-contrast signaling,equal_to_both,0,0.5
session_19_player2,Goal-contrast signaling,equal_to_both,1,0.8291198118916568
session_19_player2,Goal-contrast signaling,equal_to_both,2,0.9954010449127998
session_19_player2,Goal-contrast signaling,equal_to_both,3,0.9999558639466087
session_19_player2,Goal-contrast signaling,equal_to_both,4,0.9999566615894665
session_19_player2,Goal-contrast signaling,equal_to_both,5,0.9999571592493689
session_19_player2,One-step deliberate signal,closer_to_player1,0,0.5
session_19_player2,One-step deliberate signal,closer_to_player1,1,0.6352074648646824
session_19_player2,One-step deliberate signal,closer_to_player1,2,0.8305690688165539
session_19_player2,One-step deliberate signal,closer_to_player1,3,0.8374624799591709
session_19_player2,One-step deliberate signal,closer_to_player1,4,0.8364662969023201
session_19_player2,One-step deliberate signal,closer_to_player1,5,0.8011482846181593
session_19_player2,One-step deliberate signal,closer_to_player2,0,0.5
session_19_player2,One-step deliberate signal,closer_to_player2,1,0.8320991786687287
session_19_player2,One-step deliberate signal,closer_to_player2,2,0.9995741871543936
session_19_player2,One-step deliberate signal,closer_to_player2,3,0.9999988642641152
session_19_player2,One-step deliberate signal,closer_to_player2,4,0.9999986675494297
session_19_player2,One-step deliberate signal,closer_to_player2,5,0.9999999977588403
session_19_player2,One-step deliberate signal,equal_to_both,0,0.5
session_19_player2,One-step deliberate signal,equal_to_both,1,0.7189011843793573
session_19_player2,One-step deliberate signal,equal_to_both,2,0.9308864509645849
session_19_player2,One-step deliberate signal,equal_to_both,3,0.9621434006866446
session_19_player2,One-step deliberate signal,equal_to_both,4,0.9830290662060307
session_19_player2,One-step deliberate signal,equal_to_both,5,0.9999927871883885
session_19_player2,Opportunity-gated communicative action mixture,closer_to_player1,0,0.5
session_19_player2,Opportunity-gated communicative action mixture,closer_to_player1,1,0.8197613707396526
session_19_player2,Opportunity-gated communicative action mixture,closer_to_player1,2,0.824793402362551
session_19_player2,Opportunity-gated communicative action mixture,closer_to_player1,3,0.8348312106724695
session_19_player2,Opportunity-gated communicative action mixture,closer_to_player1,4,0.8350180563761859
session_19_player2,Opportunity-gated communicative action mixture,closer_to_player1,5,0.8004261502585249
session_19_player2,Opportunity-gated communicative action mixture,closer_to_player2,0,0.5
session_19_player2,Opportunity-gated communicative action mixture,closer_to_player2,1,0.7067298899267517
session_19_player2,Opportunity-gated communicative action mixture,closer_to_player2,2,0.9995312012356591
session_19_player2,Opportunity-gated communicative action mixture,closer_to_player2,3,0.9999988512661305
session_19_player2,Opportunity-gated communicative action mixture,closer_to_player2,4,0.9999986674877684
session_19_player2,Opportunity-gated communicative action mixture,closer_to_player2,5,0.9999999977585851
session_19_player2,Opportunity-gated communicative action mixture,equal_to_both,0,0.5
session_19_player2,Opportunity-gated communicative action mixture,equal_to_both,1,0.8237258867576293
session_19_player2,Opportunity-gated communicative action mixture,equal_to_both,2,0.8276399995290958
session_19_player2,Opportunity-gated communicative action mixture,equal_to_both,3,0.998780434203869
session_19_player2,Opportunity-gated communicative action mixture,equal_to_both,4,0.9998977267046462
session_19_player2,Opportunity-gated communicative action mixture,equal_to_both,5,0.9998993011763263
session_19_player2,Shared agency no signaling,closer_to_player1,0,0.5
session_19_player2,Shared agency no signaling,closer_to_player1,1,0.6352074648646824
session_19_player2,Shared agency no signaling,closer_to_player1,2,0.8305690688165539
session_19_player2,Shared agency no signaling,closer_to_player1,3,0.8374624799591709
session_19_player2,Shared agency no signaling,closer_to_player1,4,0.8364662969023201
session_19_player2,Shared agency no signaling,closer_to_player1,5,0.8011482846181593
session_19_player2,Shared agency no signaling,closer_to_player2,0,0.5
session_19_player2,Shared agency no signaling,closer_to_player2,1,0.8320991786687287
session_19_player2,Shared agency no signaling,closer_to_player2,2,0.9995741871543936
session_19_player2,Shared agency no signaling,closer_to_player2,3,0.9999988642641152
session_19_player2,Shared agency no signaling,closer_to_player2,4,0.9999986675494297
session_19_player2,Shared agency no signaling,closer_to_player2,5,0.9999999977588403
session_19_player2,Shared agency no signaling,equal_to_both,0,0.5
session_19_player2,Shared agency no signaling,equal_to_both,1,0.7189011843793573
session_19_player2,Shared agency no signaling,equal_to_both,2,0.9308864509645849
session_19_player2,Shared agency no signaling,equal_to_both,3,0.9621434006866446
session_19_player2,Shared agency no signaling,equal_to_both,4,0.9830290662060307
session_19_player2,Shared agency no signaling,equal_to_both,5,0.9999927871883885
session_1_player1,Goal-contrast signaling,closer_to_player1,0,0.5
session_1_player1,Goal-contrast signaling,closer_to_player1,1,0.5009442233478443
session_1_player1,Goal-contrast signaling,closer_to_player1,2,0.5014210871456394
session_1_player1,Goal-contrast signaling,closer_to_player1,3,0.9791450988875521
session_1_player1,Goal-contrast signaling,closer_to_player1,4,0.9999931195419708
session_1_player1,Goal-contrast signaling,closer_to_player1,5,0.9999999988112254
session_1_player1,Goal-contrast signaling,closer_to_player2,0,0.5
session_1_player1,Goal-contrast signaling,closer_to_player2,1,0.8230033417214072
session_1_player1,Goal-contrast signaling,closer_to_player2,2,0.9908916594592777
session_1_player1,Goal-contrast signaling,closer_to_player2,3,0.9997351226444037
session_1_player1,Goal-contrast signaling,closer_to_player2,4,0.9999889232680483
session_1_player1,Goal-contrast signaling,closer_to_player2,5,0.999995552937392
session_1_player1,Goal-contrast signaling,equal_to_both,0,0.5
session_1_player1,Goal-contrast signaling,equal_to_both,1,0.744961968966008
session_1_player1,Goal-contrast signaling,equal_to_both,2,0.9939335126653275
session_1_player1,Goal-contrast signaling,equal_to_both,3,0.9999413399228957
session_1_player1,Goal-contrast signaling,equal_to_both,4,0.9999969258574075
session_1_player1,Goal-contrast signaling,equal_to_both,5,0.9999990639721211
session_1_player1,One-step deliberate signal,closer_to_player1,0,0.5
session_1_player1,One-step deliberate signal,closer_to_player1,1,0.8330521843038428
session_1_player1,One-step deliberate signal,closer_to_player1,2,0.9996210376019087
session_1_player1,One-step deliberate signal,closer_to_player1,3,0.9999944117255056
session_1_player1,One-step deliberate signal,closer_to_player1,4,0.9999996876200057
session_1_player1,One-step deliberate signal,closer_to_player1,5,0.9999999997996182
session_1_player1,One-step deliberate signal,closer_to_player2,0,0.5
session_1_player1,One-step deliberate signal,closer_to_player2,1,0.6633318437189651
session_1_player1,One-step deliberate signal,closer_to_player2,2,0.6613259031556814
session_1_player1,One-step deliberate signal,closer_to_player2,3,0.686671510350014
session_1_player1,One-step deliberate signal,closer_to_player2,4,0.7178255781748425
session_1_player1,One-step deliberate signal,closer_to_player2,5,0.7377164521080223
session_1_player1,One-step deliberate signal,equal_to_both,0,0.5
session_1_player1,One-step deliberate signal,equal_to_both,1,0.7447243366516576
session_1_player1,One-step deliberate signal,equal_to_both,2,0.7499090836870617
session_1_player1,One-step deliberate signal,equal_to_both,3,0.9983181449329839
session_1_player1,One-step deliberate signal,equal_to_both,4,0.9983258084152837
session_1_player1,One-step deliberate signal,equal_to_both,5,0.9999942954375881
session_1_player1,Opportunity-gated communicative action mixture,closer_to_player1,0,0.5
session_1_player1,Opportunity-gated communicative action mixture,closer_to_player1,1,0.20568893909771566
session_1_player1,Opportunity-gated communicative action mixture,closer_to_player1,2,0.5009732449513068
session_1_player1,Opportunity-gated communicative action mixture,closer_to_player1,3,0.9791435785383134
session_1_player1,Opportunity-gated communicative action mixture,closer_to_player1,4,0.9999915992178019
session_1_player1,Opportunity-gated communicative action mixture,closer_to_player1,5,0.9999999962174841
session_1_player1,Opportunity-gated communicative action mixture,closer_to_player2,0,0.5
session_1_player1,Opportunity-gated communicative action mixture,closer_to_player2,1,0.8228898565488318
session_1_player1,Opportunity-gated communicative action mixture,closer_to_player2,2,0.9962341133608618
session_1_player1,Opportunity-gated communicative action mixture,closer_to_player2,3,0.9998280431892885
session_1_player1,Opportunity-gated communicative action mixture,closer_to_player2,4,0.9999931853994939
session_1_player1,Opportunity-gated communicative action mixture,closer_to_player2,5,0.9999963375916835
session_1_player1,Opportunity-gated communicative action mixture,equal_to_both,0,0.5
session_1_player1,Opportunity-gated communicative action mixture,equal_to_both,1,0.6609615130565235
session_1_player1,Opportunity-gated communicative action mixture,equal_to_both,2,0.8256872885643687
session_1_player1,Opportunity-gated communicative action mixture,equal_to_both,3,0.8277775333331253
session_1_player1,Opportunity-gated communicative action mixture,equal_to_both,4,0.8332605634729338
session_1_player1,Opportunity-gated communicative action mixture,equal_to_both,5,0.999742051212298
session_1_player1,Shared agency no signaling,closer_to_player1,0,0.5
session_1_player1,Shared agency no signaling,closer_to_player1,1,0.5005290700246221
session_1_player1,Shared agency no signaling,closer_to_player1,2,0.6678441514467996
session_1_player1,Shared agency no signaling,closer_to_player1,3,0.9860967174572338
session_1_player1,Shared agency no signaling,closer_to_player1,4,0.9999953982617265
session_1_player1,Shared agency no signaling,closer_to_player1,5,0.9999999992007783
session_1_player1,Shared agency no signaling,closer_to_player2,0,0.5
session_1_player1,Shared agency no signaling,closer_to_player2,1,0.3329321772054615
session_1_player1,Shared agency no signaling,closer_to_player2,2,0.5686512816001815
session_1_player1,Shared agency no signaling,closer_to_player2,3,0.3852290253505877
session_1_player1,Shared agency no signaling,closer_to_player2,4,0.6657060013612225
session_1_player1,Shared agency no signaling,closer_to_player2,5,0.771233389147798
session_1_player1,Shared agency no signaling,equal_to_both,0,0.5
session_1_player1,Shared agency no signaling,equal_to_both,1,0.4999717421843573
session_1_player1,Shared agency no signaling,equal_to_both,2,0.666062262127682
session_1_player1,Shared agency no signaling,equal_to_both,3,0.9986151492267265
session_1_player1,Shared agency no signaling,equal_to_both,4,0.9999907771681849
session_1_player1,Shared agency no signaling,equal_to_both,5,0.9999915493797409
session_1_player2,Goal-contrast signaling,closer_to_player1,0,0.5
session_1_player2,Goal-contrast signaling,closer_to_player1,1,0.807486905232315
session_1_player2,Goal-contrast signaling,closer_to_player1,2,0.9861550419559015
session_1_player2,Goal-contrast signaling,closer_to_player1,3,0.8248661690481975
session_1_player2,Goal-contrast signaling,closer_to_player1,4,0.8280973575784215
session_1_player2,Goal-contrast signaling,closer_to_player1,5,0.8299054929979112
session_1_player2,Goal-contrast signaling,closer_to_player2,0,0.5
session_1_player2,Goal-contrast signaling,closer_to_player2,1,0.9996126601986196
session_1_player2,Goal-contrast signaling,closer_to_player2,2,0.9998007447505594
session_1_player2,Goal-contrast signaling,closer_to_player2,3,0.9999999077650954
session_1_player2,Goal-contrast signaling,closer_to_player2,4,0.9999999996156848
session_1_player2,Goal-contrast signaling,closer_to_player2,5,0.9999999998625286
session_1_player2,Goal-contrast signaling,equal_to_both,0,0.5
session_1_player2,Goal-contrast signaling,equal_to_both,1,0.7443896437397528
session_1_player2,Goal-contrast signaling,equal_to_both,2,0.9939190588751329
session_1_player2,Goal-contrast signaling,equal_to_both,3,0.9999411510835302
session_1_player2,Goal-contrast signaling,equal_to_both,4,0.9999450116709461
session_1_player2,Goal-contrast signaling,equal_to_both,5,0.999999400663571
session_1_player2,One-step deliberate signal,closer_to_player1,0,0.5
session_1_player2,One-step deliberate signal,closer_to_player1,1,0.3351465148367838
session_1_player2,One-step deliberate signal,closer_to_player1,2,0.5204723272855557
session_1_player2,One-step deliberate signal,closer_to_player1,3,0.5892727574016988
session_1_player2,One-step deliberate signal,closer_to_player1,4,0.3240235644273241
session_1_player2,One-step deliberate signal,closer_to_player1,5,0.6436700702005721
session_1_player2,One-step deliberate signal,closer_to_player2,0,0.5
session_1_player2,One-step deliberate signal,closer_to_player2,1,0.6950766153267648
session_1_player2,One-step deliberate signal,closer_to_player2,2,0.8356733444517789
session_1_player2,One-step deliberate signal,closer_to_player2,3,0.8337388999265686
session_1_player2,One-step deliberate signal,closer_to_player2,4,0.8476448575741888
session_1_player2,One-step deliberate signal,closer_to_player2,5,0.8223975150343144
session_1_player2,One-step deliberate signal,equal_to_both,0,0.5
session_1_player2,One-step deliberate signal,equal_to_both,1,0.7441830922458699
session_1_player2,One-step deliberate signal,equal_to_both,2,0.9968149047799191
session_1_player2,One-step deliberate signal,equal_to_both,3,0.9999641811279647
session_1_player2,One-step deliberate signal,equal_to_both,4,0.9999970657992311
session_1_player2,One-step deliberate signal,equal_to_both,5,0.999999392434503
session_1_player2,Opportunity-gated communicative action mixture,closer_to_player1,0,0.5
session_1_player2,Opportunity-gated communicative action mixture,closer_to_player1,1,0.7416055932136387
session_1_player2,Opportunity-gated communicative action mixture,closer_to_player1,2,0.9937770673258467
session_1_player2,Opportunity-gated communicative action mixture,closer_to_player1,3,0.8230149214783736
session_1_player2,Opportunity-gated communicative action mixture,closer_to_player1,4,0.8270296097462937
session_1_player2,Opportunity-gated communicative action mixture,closer_to_player1,5,0.8293938721056825
session_1_player2,Opportunity-gated communicative action mixture,closer_to_player2,0,0.5
session_1_player2,Opportunity-gated communicative action mixture,closer_to_player2,1,0.6675345910740512
session_1_player2,Opportunity-gated communicative action mixture,closer_to_player2,2,0.9870709191485169
session_1_player2,Opportunity-gated communicative action mixture,closer_to_player2,3,0.9999953532711566
session_1_player2,Opportunity-gated communicative action mixture,closer_to_player2,4,0.9999999960206626
session_1_player2,Opportunity-gated communicative action mixture,closer_to_player2,5,0.9999999999072352
session_1_player2,Opportunity-gated communicative action mixture,equal_to_both,0,0.5
session_1_player2,Opportunity-gated communicative action mixture,equal_to_both,1,0.6670552619512606
session_1_player2,Opportunity-gated communicative action mixture,equal_to_both,2,0.8322944364511567
session_1_player2,Opportunity-gated communicative action mixture,equal_to_both,3,0.8344168756164244
session_1_player2,Opportunity-gated communicative action mixture,equal_to_both,4,0.9955078931605211
session_1_player2,Opportunity-gated communicative action mixture,equal_to_both,5,0.9989333011057231
session_1_player2,Shared agency no signaling,closer_to_player1,0,0.5
session_1_player2,Shared agency no signaling,closer_to_player1,1,0.494674346120564
session_1_player2,Shared agency no signaling,closer_to_player1,2,0.6830086277921251
session_1_player2,Shared agency no signaling,closer_to_player1,3,0.8200503600140197
session_1_player2,Shared agency no signaling,closer_to_player1,4,0.8833800008463318
session_1_player2,Shared agency no signaling,closer_to_player1,5,0.8865275941243501
session_1_player2,Shared agency no signaling,closer_to_player2,0,0.5
session_1_player2,Shared agency no signaling,closer_to_player2,1,0.7921276701276955
session_1_player2,Shared agency no signaling,closer_to_player2,2,0.9537521654186317
session_1_player2,Shared agency no signaling,closer_to_player2,3,0.9999667831594903
session_1_player2,Shared agency no signaling,closer_to_player2,4,0.9999999468934293
session_1_player2,Shared agency no signaling,closer_to_player2,5,0.9993978862120144
session_1_player2,Shared agency no signaling,equal_to_both,0,0.5
session_1_player2,Shared agency no signaling,equal_to_both,1,0.8315833257629709
session_1_player2,Shared agency no signaling,equal_to_both,2,0.8327419306630861
session_1_player2,Shared agency no signaling,equal_to_both,3,0.9988750303786494
session_1_player2,Shared agency no signaling,equal_to_both,4,0.9988829194312753
session_1_player2,Shared agency no signaling,equal_to_both,5,0.999996100560343
session_20_player1,Goal-contrast signaling,closer_to_player1,0,0.5
session_20_player1,Goal-contrast signaling,closer_to_player1,1,0.508253249133508
session_20_player1,Goal-contrast signaling,closer_to_player1,2,0.6974395978262029
session_20_player1,Goal-contrast signaling,closer_to_player1,3,0.7480260671239759
session_20_player1,Goal-contrast signaling,closer_to_player1,4,0.547485098373698
session_20_player1,Goal-contrast signaling,closer_to_player1,5,0.5121229661721006
session_20_player1,Goal-contrast signaling,closer_to_player2,0,0.5
session_20_player1,Goal-contrast signaling,closer_to_player2,1,0.6647412778779301
session_20_player1,Goal-contrast signaling,closer_to_player2,2,0.6622861176286133
session_20_player1,Goal-contrast signaling,closer_to_player2,3,0.621719159757295
session_20_player1,Goal-contrast signaling,closer_to_player2,4,0.5039397934741322
session_20_player1,Goal-contrast signaling,closer_to_player2,5,0.8382349840053885
session_20_player1,Goal-contrast signaling,equal_to_both,0,0.5
session_20_player1,Goal-contrast signaling,equal_to_both,1,0.9881842061936242
session_20_player1,Goal-contrast signaling,equal_to_both,2,0.9887527186691362
session_20_player1,Goal-contrast signaling,equal_to_both,3,0.9978275005926616
session_20_player1,Goal-contrast signaling,equal_to_both,4,0.9998593684458831
session_20_player1,Goal-contrast signaling,equal_to_both,5,0.9999912138599476
session_20_player1,One-step deliberate signal,closer_to_player1,0,0.5
session_20_player1,One-step deliberate signal,closer_to_player1,1,0.7235396116459616
session_20_player1,One-step deliberate signal,closer_to_player1,2,0.768685970112176
session_20_player1,One-step deliberate signal,closer_to_player1,3,0.7983511251588613
session_20_player1,One-step deliberate signal,closer_to_player1,4,0.7648324455586258
session_20_player1,One-step deliberate signal,closer_to_player1,5,0.8184632195457188
session_20_player1,One-step deliberate signal,closer_to_player2,0,0.5
session_20_player1,One-step deliberate signal,closer_to_player2,1,0.5025356955626112
session_20_player1,One-step deliberate signal,closer_to_player2,2,0.5388474415290182
session_20_player1,One-step deliberate signal,closer_to_player2,3,0.5323529083081389
session_20_player1,One-step deliberate signal,closer_to_player2,4,0.5660722757952524
session_20_player1,One-step deliberate signal,closer_to_player2,5,0.7423555266485127
session_20_player1,One-step deliberate signal,equal_to_both,0,0.5
session_20_player1,One-step deliberate signal,equal_to_both,1,0.7482936041446326
session_20_player1,One-step deliberate signal,equal_to_both,2,0.9969104798601516
session_20_player1,One-step deliberate signal,equal_to_both,3,0.9999670849892333
session_20_player1,One-step deliberate signal,equal_to_both,4,0.9999677532941951
session_20_player1,One-step deliberate signal,equal_to_both,5,0.9999680856106818
session_20_player1,Opportunity-gated communicative action mixture,closer_to_player1,0,0.5
session_20_player1,Opportunity-gated communicative action mixture,closer_to_player1,1,0.6358417349663861
session_20_player1,Opportunity-gated communicative action mixture,closer_to_player1,2,0.6730700242238825
session_20_player1,Opportunity-gated communicative action mixture,closer_to_player1,3,0.6148484262854853
session_20_player1,Opportunity-gated communicative action mixture,closer_to_player1,4,0.5823804975525293
session_20_player1,Opportunity-gated communicative action mixture,closer_to_player1,5,0.5253007846669027
session_20_player1,Opportunity-gated communicative action mixture,closer_to_player2,0,0.5
session_20_player1,Opportunity-gated communicative action mixture,closer_to_player2,1,0.5029216329469688
session_20_player1,Opportunity-gated communicative action mixture,closer_to_player2,2,0.5129837395163666
session_20_player1,Opportunity-gated communicative action mixture,closer_to_player2,3,0.5079988116959688
session_20_player1,Opportunity-gated communicative action mixture,closer_to_player2,4,0.5912286484824972
session_20_player1,Opportunity-gated communicative action mixture,closer_to_player2,5,0.6652213611251466
session_20_player1,Opportunity-gated communicative action mixture,equal_to_both,0,0.5
session_20_player1,Opportunity-gated communicative action mixture,equal_to_both,1,0.9894463934555864
session_20_player1,Opportunity-gated communicative action mixture,equal_to_both,2,0.9895699013003019
session_20_player1,Opportunity-gated communicative action mixture,equal_to_both,3,0.9998885249277494
session_20_player1,Opportunity-gated communicative action mixture,equal_to_both,4,0.9998903719292873
session_20_player1,Opportunity-gated communicative action mixture,equal_to_both,5,0.9999988395823083
session_20_player1,Shared agency no signaling,closer_to_player1,0,0.5
session_20_player1,Shared agency no signaling,closer_to_player1,1,0.7235396116459616
session_20_player1,Shared agency no signaling,closer_to_player1,2,0.768685970112176
session_20_player1,Shared agency no signaling,closer_to_player1,3,0.7983511251588613
session_20_player1,Shared agency no signaling,closer_to_player1,4,0.7648324455586258
session_20_player1,Shared agency no signaling,closer_to_player1,5,0.8184632195457188
session_20_player1,Shared agency no signaling,closer_to_player2,0,0.5
session_20_player1,Shared agency no signaling,closer_to_player2,1,0.5025356955626112
session_20_player1,Shared agency no signaling,closer_to_player2,2,0.5388474415290182
session_20_player1,Shared agency no signaling,closer_to_player2,3,0.5323529083081389
session_20_player1,Shared agency no signaling,closer_to_player2,4,0.5660722757952524
session_20_player1,Shared agency no signaling,closer_to_player2,5,0.7423555266485127
session_20_player1,Shared agency no signaling,equal_to_both,0,0.5
session_20_player1,Shared agency no signaling,equal_to_both,1,0.7482936041446326
session_20_player1,Shared agency no signaling,equal_to_both,2,0.7499620225821596
session_20_player1,Shared agency no signaling,equal_to_both,3,0.998319957731977
session_20_player1,Shared agency no signaling,equal_to_both,4,0.9983276711699258
session_20_player1,Shared agency no signaling,equal_to_both,5,0.9983339854081827
session_20_player2,Goal-contrast signaling,closer_to_player1,0,0.5
session_20_player2,Goal-contrast signaling,closer_to_player1,1,0.5036409833134872
session_20_player2,Goal-contrast signaling,closer_to_player1,2,0.5076793873169125
session_20_player2,Goal-contrast signaling,closer_to_player1,3,0.5111244260454222
session_20_player2,Goal-contrast signaling,closer_to_player1,4,0.511925129325983
session_20_player2,Goal-contrast signaling,closer_to_player1,5,0.5110246956599376
session_20_player2,Goal-contrast signaling,closer_to_player2,0,0.5
session_20_player2,Goal-contrast signaling,closer_to_player2,1,0.834190603056443
session_20_player2,Goal-contrast signaling,closer_to_player2,2,0.8058435188282379
session_20_player2,Goal-contrast signaling,closer_to_player2,3,0.8472875124800939
session_20_player2,Goal-contrast signaling,closer_to_player2,4,0.9998519936498873
session_20_player2,Goal-contrast signaling,closer_to_player2,5,0.9999999013932342
session_20_player2,Goal-contrast signaling,equal_to_both,0,0.5
session_20_player2,Goal-contrast signaling,equal_to_both,1,0.823561374859182
session_20_player2,Goal-contrast signaling,equal_to_both,2,0.8240918956212898
session_20_player2,Goal-contrast signaling,equal_to_both,3,0.9937784036033422
session_20_player2,Goal-contrast signaling,equal_to_both,4,0.9999369676398464
session_20_player2,Goal-contrast signaling,equal_to_both,5,0.9999399169014929
session_20_player2,One-step deliberate signal,closer_to_player1,0,0.5
session_20_player2,One-step deliberate signal,closer_to_player1,1,0.49820981237944223
session_20_player2,One-step deliberate signal,closer_to_player1,2,0.6611279030514425
session_20_player2,One-step deliberate signal,closer_to_player1,3,0.6599881649071849
session_20_player2,One-step deliberate signal,closer_to_player1,4,0.6641025397097139
session_20_player2,One-step deliberate signal,closer_to_player1,5,0.7023341697620329
session_20_player2,One-step deliberate signal,closer_to_player2,0,0.5
session_20_player2,One-step deliberate signal,closer_to_player2,1,0.6730277035140547
session_20_player2,One-step deliberate signal,closer_to_player2,2,0.8113391294943705
session_20_player2,One-step deliberate signal,closer_to_player2,3,0.7590216550857866
session_20_player2,One-step deliberate signal,closer_to_player2,4,0.9999939387795987
session_20_player2,One-step deliberate signal,closer_to_player2,5,0.9999999991952192
session_20_player2,One-step deliberate signal,equal_to_both,0,0.5
session_20_player2,One-step deliberate signal,equal_to_both,1,0.7482912931953055
session_20_player2,One-step deliberate signal,equal_to_both,2,0.9969104382265789
session_20_player2,One-step deliberate signal,equal_to_both,3,0.9999670818335775
session_20_player2,One-step deliberate signal,equal_to_both,4,0.9999994367015664
session_20_player2,One-step deliberate signal,equal_to_both,5,0.9999999835775397
session_20_player2,Opportunity-gated communicative action mixture,closer_to_player1,0,0.5
session_20_player2,Opportunity-gated communicative action mixture,closer_to_player1,1,0.6681857987893355
session_20_player2,Opportunity-gated communicative action mixture,closer_to_player1,2,0.6698952056902452
session_20_player2,Opportunity-gated communicative action mixture,closer_to_player1,3,0.671143396603624
session_20_player2,Opportunity-gated communicative action mixture,closer_to_player1,4,0.6747931580234003
session_20_player2,Opportunity-gated communicative action mixture,closer_to_player1,5,0.68506287635934
session_20_player2,Opportunity-gated communicative action mixture,closer_to_player2,0,0.5
session_20_player2,Opportunity-gated communicative action mixture,closer_to_player2,1,0.7448425496032594
session_20_player2,Opportunity-gated communicative action mixture,closer_to_player2,2,0.7412521864048134
session_20_player2,Opportunity-gated communicative action mixture,closer_to_player2,3,0.7428342215108638
session_20_player2,Opportunity-gated communicative action mixture,closer_to_player2,4,0.7056196252182696
session_20_player2,Opportunity-gated communicative action mixture,closer_to_player2,5,0.6767438248736485
session_20_player2,Opportunity-gated communicative action mixture,equal_to_both,0,0.5
session_20_player2,Opportunity-gated communicative action mixture,equal_to_both,1,0.9893767698092447
session_20_player2,Opportunity-gated communicative action mixture,equal_to_both,2,0.9895255974371934
session_20_player2,Opportunity-gated communicative action mixture,equal_to_both,3,0.9998879508249835
session_20_player2,Opportunity-gated communicative action mixture,equal_to_both,4,0.9999980882716986
session_20_player2,Opportunity-gated communicative action mixture,equal_to_both,5,0.9999981397803724
session_20_player2,Shared agency no signaling,closer_to_player1,0,0.5
session_20_player2,Shared agency no signaling,closer_to_player1,1,0.49820981237944223
session_20_player2,Shared agency no signaling,closer_to_player1,2,0.6611279030514425
session_20_player2,Shared agency no signaling,closer_to_player1,3,0.6599881649071849
session_20_player2,Shared agency no signaling,closer_to_player1,4,0.6641025397097139
session_20_player2,Shared agency no signaling,closer_to_player1,5,0.7023341697620329
session_20_player2,Shared agency no signaling,closer_to_player2,0,0.5
session_20_player2,Shared agency no signaling,closer_to_player2,1,0.6730277035140547
session_20_player2,Shared agency no signaling,closer_to_player2,2,0.8113391294943705
session_20_player2,Shared agency no signaling,closer_to_player2,3,0.7590216550857866
session_20_player2,Shared agency no signaling,closer_to_player2,4,0.9999939387795987
session_20_player2,Shared agency no signaling,closer_to_player2,5,0.9999999991952192
session_20_player2,Shared agency no signaling,equal_to_both,0,0.5
session_20_player2,Shared agency no signaling,equal_to_both,1,0.7482912931953055
session_20_player2,Shared agency no signaling,equal_to_both,2,0.7499620120163804
session_20_player2,Shared agency no signaling,equal_to_both,3,0.998319954980809
session_20_player2,Shared agency no signaling,equal_to_both,4,0.999989609702008
session_20_player2,Shared agency no signaling,equal_to_both,5,0.9999998888764201
session_21_player1,Goal-contrast signaling,closer_to_player1,0,0.5
session_21_player1,Goal-contrast signaling,closer_to_player1,1,0.5010625992806034
session_21_player1,Goal-contrast signaling,closer_to_player1,2,0.8177024465933229
session_21_player1,Goal-contrast signaling,closer_to_player1,3,0.8323969870765682
session_21_player1,Goal-contrast signaling,closer_to_player1,4,0.8465077614067799
session_21_player1,Goal-contrast signaling,closer_to_player1,5,0.8223262661638776
session_21_player1,Goal-contrast signaling,closer_to_player2,0,0.5
session_21_player1,Goal-contrast signaling,closer_to_player2,1,0.33002632858912295
session_21_player1,Goal-contrast signaling,closer_to_player2,2,0.41558504165223503
session_21_player1,Goal-contrast signaling,closer_to_player2,3,0.5355881130443553
session_21_player1,Goal-contrast signaling,closer_to_player2,4,0.7436481157838023
session_21_player1,Goal-contrast signaling,closer_to_player2,5,0.9938234270986971
session_21_player1,Goal-contrast signaling,equal_to_both,0,0.5
session_21_player1,Goal-contrast signaling,equal_to_both,1,0.9923838785233979
session_21_player1,Goal-contrast signaling,equal_to_both,2,0.994466078951437
session_21_player1,Goal-contrast signaling,equal_to_both,3,0.9965142131398861
session_21_player1,Goal-contrast signaling,equal_to_both,4,0.999944792806855
session_21_player1,Goal-contrast signaling,equal_to_both,5,0.999966263254878
session_21_player1,One-step deliberate signal,closer_to_player1,0,0.5
session_21_player1,One-step deliberate signal,closer_to_player1,1,0.5010613337128205
session_21_player1,One-step deliberate signal,closer_to_player1,2,0.817703847279192
session_21_player1,One-step deliberate signal,closer_to_player1,3,0.8323972217540998
session_21_player1,One-step deliberate signal,closer_to_player1,4,0.816039541214055
session_21_player1,One-step deliberate signal,closer_to_player1,5,0.8735027717445781
session_21_player1,One-step deliberate signal,closer_to_player2,0,0.5
session_21_player1,One-step deliberate signal,closer_to_player2,1,0.9831360034687296
session_21_player1,One-step deliberate signal,closer_to_player2,2,0.999545578874837
session_21_player1,One-step deliberate signal,closer_to_player2,3,0.9998835662740196
session_21_player1,One-step deliberate signal,closer_to_player2,4,0.9999878726912758
session_21_player1,One-step deliberate signal,closer_to_player2,5,0.9999963550873839
session_21_player1,One-step deliberate signal,equal_to_both,0,0.5
session_21_player1,One-step deliberate signal,equal_to_both,1,0.664580644286374
session_21_player1,One-step deliberate signal,equal_to_both,2,0.8298595561020812
session_21_player1,One-step deliberate signal,equal_to_both,3,0.7768873821380228
session_21_player1,One-step deliberate signal,equal_to_both,4,0.9957895435668859
session_21_player1,One-step deliberate signal,equal_to_both,5,0.9978125086264269
session_21_player1,Opportunity-gated communicative action mixture,closer_to_player1,0,0.5
session_21_player1,Opportunity-gated communicative action mixture,closer_to_player1,1,0.9996499557419443
session_21_player1,Opportunity-gated communicative action mixture,closer_to_player1,2,0.9996652617195103
session_21_player1,Opportunity-gated communicative action mixture,closer_to_player1,3,0.9999998465791938
session_21_player1,Opportunity-gated communicative action mixture,closer_to_player1,4,0.9999999229460128
session_21_player1,Opportunity-gated communicative action mixture,closer_to_player1,5,0.9999999999431178
session_21_player1,Opportunity-gated communicative action mixture,closer_to_player2,0,0.5
session_21_player1,Opportunity-gated communicative action mixture,closer_to_player2,1,0.6680907365480232
session_21_player1,Opportunity-gated communicative action mixture,closer_to_player2,2,0.6700299824941814
session_21_player1,Opportunity-gated communicative action mixture,closer_to_player2,3,0.8352445317646983
session_21_player1,Opportunity-gated communicative action mixture,closer_to_player2,4,0.8342250168041468
session_21_player1,Opportunity-gated communicative action mixture,closer_to_player2,5,0.7988970145971263
session_21_player1,Opportunity-gated communicative action mixture,equal_to_both,0,0.5
session_21_player1,Opportunity-gated communicative action mixture,equal_to_both,1,0.749084029419513
session_21_player1,Opportunity-gated communicative action mixture,equal_to_both,2,0.5077370867887538
session_21_player1,Opportunity-gated communicative action mixture,equal_to_both,3,0.5083827477361307
session_21_player1,Opportunity-gated communicative action mixture,equal_to_both,4,0.5082890241708405
session_21_player1,Opportunity-gated communicative action mixture,equal_to_both,5,0.9161981893695756
session_21_player1,Shared agency no signaling,closer_to_player1,0,0.5
session_21_player1,Shared agency no signaling,closer_to_player1,1,0.5010613337128205
session_21_player1,Shared agency no signaling,closer_to_player1,2,0.5016124146189661
session_21_player1,Shared agency no signaling,closer_to_player1,3,0.8251697057227565
session_21_player1,Shared agency no signaling,closer_to_player1,4,0.8160385727904697
session_21_player1,Shared agency no signaling,closer_to_player1,5,0.8735018240675178
session_21_player1,Shared agency no signaling,closer_to_player2,0,0.5
session_21_player1,Shared agency no signaling,closer_to_player2,1,0.9831360034687296
session_21_player1,Shared agency no signaling,closer_to_player2,2,0.9943986247090928
session_21_player1,Shared agency no signaling,closer_to_player2,3,0.9948927196857982
session_21_player1,Shared agency no signaling,closer_to_player2,4,0.9999376884044997
session_21_player1,Shared agency no signaling,closer_to_player2,5,0.9999586003856455
session_21_player1,Shared agency no signaling,equal_to_both,0,0.5
session_21_player1,Shared agency no signaling,equal_to_both,1,0.6645805964221151
session_21_player1,Shared agency no signaling,equal_to_both,2,0.6643124723325402
session_21_player1,Shared agency no signaling,equal_to_both,3,0.9973752983999514
session_21_player1,Shared agency no signaling,equal_to_both,4,0.9979844644086219
session_21_player1,Shared agency no signaling,equal_to_both,5,0.9999945901606565
session_21_player2,Goal-contrast signaling,closer_to_player1,0,0.5
session_21_player2,Goal-contrast signaling,closer_to_player1,1,0.6583940257010842
session_21_player2,Goal-contrast signaling,closer_to_player1,2,0.6655158680343859
session_21_player2,Goal-contrast signaling,closer_to_player1,3,0.7164541083604993
session_21_player2,Goal-contrast signaling,closer_to_player1,4,0.6646862066640945
session_21_player2,Goal-contrast signaling,closer_to_player1,5,0.8334002477145345
session_21_player2,Goal-contrast signaling,closer_to_player2,0,0.5
session_21_player2,Goal-contrast signaling,closer_to_player2,1,0.7183796032331164
session_21_player2,Goal-contrast signaling,closer_to_player2,2,0.9997899642918345
session_21_player2,Goal-contrast signaling,closer_to_player2,3,0.9999998573521302
session_21_player2,Goal-contrast signaling,closer_to_player2,4,0.9999999994796595
session_21_player2,Goal-contrast signaling,closer_to_player2,5,0.9999999996933816
session_21_player2,Goal-contrast signaling,equal_to_both,0,0.5
session_21_player2,Goal-contrast signaling,equal_to_both,1,0.991965685392589
session_21_player2,Goal-contrast signaling,equal_to_both,2,0.9964632572592288
session_21_player2,Goal-contrast signaling,equal_to_both,3,0.9965426894316222
session_21_player2,Goal-contrast signaling,equal_to_both,4,0.9999783943881645
session_21_player2,Goal-contrast signaling,equal_to_both,5,0.9999997547579763
session_21_player2,One-step deliberate signal,closer_to_player1,0,0.5
session_21_player2,One-step deliberate signal,closer_to_player1,1,0.6629492664766369
session_21_player2,One-step deliberate signal,closer_to_player1,2,0.6650149036075574
session_21_player2,One-step deliberate signal,closer_to_player1,3,0.6750292912873427
session_21_player2,One-step deliberate signal,closer_to_player1,4,0.646032255313074
session_21_player2,One-step deliberate signal,closer_to_player1,5,0.6958038816773474
session_21_player2,One-step deliberate signal,closer_to_player2,0,0.5
session_21_player2,One-step deliberate signal,closer_to_player2,1,0.6673583488413305
session_21_player2,One-step deliberate signal,closer_to_player2,2,0.999899770511612
session_21_player2,One-step deliberate signal,closer_to_player2,3,0.9999566378772622
session_21_player2,One-step deliberate signal,closer_to_player2,4,0.999971379328851
session_21_player2,One-step deliberate signal,closer_to_player2,5,0.9999999932505222
session_21_player2,One-step deliberate signal,equal_to_both,0,0.5
session_21_player2,One-step deliberate signal,equal_to_both,1,0.8310015905864182
session_21_player2,One-step deliberate signal,equal_to_both,2,0.8333104027091179
session_21_player2,One-step deliberate signal,equal_to_both,3,0.9994329657417601
session_21_player2,One-step deliberate signal,equal_to_both,4,0.7719100509858862
session_21_player2,One-step deliberate signal,equal_to_both,5,0.9987753156675886
session_21_player2,Opportunity-gated communicative action mixture,closer_to_player1,0,0.5
session_21_player2,Opportunity-gated communicative action mixture,closer_to_player1,1,0.9830787907987897
session_21_player2,Opportunity-gated communicative action mixture,closer_to_player1,2,0.991610268894094
session_21_player2,Opportunity-gated communicative action mixture,closer_to_player1,3,0.999648197763857
session_21_player2,Opportunity-gated communicative action mixture,closer_to_player1,4,0.9999906621741506
session_21_player2,Opportunity-gated communicative action mixture,closer_to_player1,5,0.9999970055159064
session_21_player2,Opportunity-gated communicative action mixture,closer_to_player2,0,0.5
session_21_player2,Opportunity-gated communicative action mixture,closer_to_player2,1,0.6666107702682763
session_21_player2,Opportunity-gated communicative action mixture,closer_to_player2,2,0.6665543318412243
session_21_player2,Opportunity-gated communicative action mixture,closer_to_player2,3,0.6666602540039311
session_21_player2,Opportunity-gated communicative action mixture,closer_to_player2,4,0.7034939241358246
session_21_player2,Opportunity-gated communicative action mixture,closer_to_player2,5,0.9685599540305408
session_21_player2,Opportunity-gated communicative action mixture,equal_to_both,0,0.5
session_21_player2,Opportunity-gated communicative action mixture,equal_to_both,1,0.7443472174242369
session_21_player2,Opportunity-gated communicative action mixture,equal_to_both,2,0.9942250638114071
session_21_player2,Opportunity-gated communicative action mixture,equal_to_both,3,0.9947129494426311
session_21_player2,Opportunity-gated communicative action mixture,equal_to_both,4,0.9947400275742405
session_21_player2,Opportunity-gated communicative action mixture,equal_to_both,5,0.9947598674835049
session_21_player2,Shared agency no signaling,closer_to_player1,0,0.5
session_21_player2,Shared agency no signaling,closer_to_player1,1,0.6629492664766369
session_21_player2,Shared agency no signaling,closer_to_player1,2,0.6650149036075574
session_21_player2,Shared agency no signaling,closer_to_player1,3,0.6750292912873427
session_21_player2,Shared agency no signaling,closer_to_player1,4,0.646032255313074
session_21_player2,Shared agency no signaling,closer_to_player1,5,0.6958038816773474
session_21_player2,Shared agency no signaling,closer_to_player2,0,0.5
session_21_player2,Shared agency no signaling,closer_to_player2,1,0.6673583488413305
session_21_player2,Shared agency no signaling,closer_to_player2,2,0.999899770511612
session_21_player2,Shared agency no signaling,closer_to_player2,3,0.9999566378772622
session_21_player2,Shared agency no signaling,closer_to_player2,4,0.999971379328851
session_21_player2,Shared agency no signaling,closer_to_player2,5,0.9999999932505222
session_21_player2,Shared agency no signaling,equal_to_both,0,0.5
session_21_player2,Shared agency no signaling,equal_to_both,1,0.8310016899420926
session_21_player2,Shared agency no signaling,equal_to_both,2,0.833051377691436
session_21_player2,Shared agency no signaling,equal_to_both,3,0.6670005736378029
session_21_player2,Shared agency no signaling,equal_to_both,4,0.8947561796843296
session_21_player2,Shared agency no signaling,equal_to_both,5,0.999738510597379
session_22_player1,Goal-contrast signaling,closer_to_player1,0,0.5
session_22_player1,Goal-contrast signaling,closer_to_player1,1,0.4987882616002975
session_22_player1,Goal-contrast signaling,closer_to_player1,2,0.5808880729551672
session_22_player1,Goal-contrast signaling,closer_to_player1,3,0.5538124371973925
session_22_player1,Goal-contrast signaling,closer_to_player1,4,0.8265201292772923
session_22_player1,Goal-contrast signaling,closer_to_player1,5,0.8978930818161702
session_22_player1,Goal-contrast signaling,closer_to_player2,0,0.5
session_22_player1,Goal-contrast signaling,closer_to_player2,1,0.5034571569295406
session_22_player1,Goal-contrast signaling,closer_to_player2,2,0.5057387322279187
session_22_player1,Goal-contrast signaling,closer_to_player2,3,0.5071207972531251
session_22_player1,Goal-contrast signaling,closer_to_player2,4,0.5094514248378101
session_22_player1,Goal-contrast signaling,closer_to_player2,5,0.5104271829264632
session_22_player1,Goal-contrast signaling,equal_to_both,0,0.5
session_22_player1,Goal-contrast signaling,equal_to_both,1,0.8208429685868692
session_22_player1,Goal-contrast signaling,equal_to_both,2,0.6299850210342556
session_22_player1,Goal-contrast signaling,equal_to_both,3,0.9882098289762532
session_22_player1,Goal-contrast signaling,equal_to_both,4,0.9909887853967674
session_22_player1,Goal-contrast signaling,equal_to_both,5,0.9913137068459767
session_22_player1,One-step deliberate signal,closer_to_player1,0,0.5
session_22_player1,One-step deliberate signal,closer_to_player1,1,0.9997797601842593
session_22_player1,One-step deliberate signal,closer_to_player1,2,0.9999998555614357
session_22_player1,One-step deliberate signal,closer_to_player1,3,0.999999999753586
session_22_player1,One-step deliberate signal,closer_to_player1,4,0.9999999999991451
session_22_player1,One-step deliberate signal,closer_to_player1,5,0.9999999999999944
session_22_player1,One-step deliberate signal,closer_to_player2,0,0.5
session_22_player1,One-step deliberate signal,closer_to_player2,1,0.817364871111164
session_22_player1,One-step deliberate signal,closer_to_player2,2,0.8262533469994965
session_22_player1,One-step deliberate signal,closer_to_player2,3,0.8265861486535283
session_22_player1,One-step deliberate signal,closer_to_player2,4,0.8345228335688498
session_22_player1,One-step deliberate signal,closer_to_player2,5,0.8596894813770168
session_22_player1,One-step deliberate signal,equal_to_both,0,0.5
session_22_player1,One-step deliberate signal,equal_to_both,1,0.5840469492191505
session_22_player1,One-step deliberate signal,equal_to_both,2,0.9221159841303541
session_22_player1,One-step deliberate signal,equal_to_both,3,0.9983271363352371
session_22_player1,One-step deliberate signal,equal_to_both,4,0.998292559221102
session_22_player1,One-step deliberate signal,equal_to_both,5,0.9999958114138655
session_22_player1,Opportunity-gated communicative action mixture,closer_to_player1,0,0.5
session_22_player1,Opportunity-gated communicative action mixture,closer_to_player1,1,0.527238057116498
session_22_player1,Opportunity-gated communicative action mixture,closer_to_player1,2,0.6606282160223373
session_22_player1,Opportunity-gated communicative action mixture,closer_to_player1,3,0.7369312232775332
session_22_player1,Opportunity-gated communicative action mixture,closer_to_player1,4,0.7846401887940074
session_22_player1,Opportunity-gated communicative action mixture,closer_to_player1,5,0.8173577421784021
session_22_player1,Opportunity-gated communicative action mixture,closer_to_player2,0,0.5
session_22_player1,Opportunity-gated communicative action mixture,closer_to_player2,1,0.6624670509303844
session_22_player1,Opportunity-gated communicative action mixture,closer_to_player2,2,0.5066634805340277
session_22_player1,Opportunity-gated communicative action mixture,closer_to_player2,3,0.8094842040883333
session_22_player1,Opportunity-gated communicative action mixture,closer_to_player2,4,0.7831153520177422
session_22_player1,Opportunity-gated communicative action mixture,closer_to_player2,5,0.8293288948928949
session_22_player1,Opportunity-gated communicative action mixture,equal_to_both,0,0.5
session_22_player1,Opportunity-gated communicative action mixture,equal_to_both,1,0.6608656359500477
session_22_player1,Opportunity-gated communicative action mixture,equal_to_both,2,0.6608523022537557
session_22_player1,Opportunity-gated communicative action mixture,equal_to_both,3,0.5882029101911546
session_22_player1,Opportunity-gated communicative action mixture,equal_to_both,4,0.8237307447151835
session_22_player1,Opportunity-gated communicative action mixture,equal_to_both,5,0.9895669484447843
session_22_player1,Shared agency no signaling,closer_to_player1,0,0.5
session_22_player1,Shared agency no signaling,closer_to_player1,1,0.9997797601842593
session_22_player1,Shared agency no signaling,closer_to_player1,2,0.9999998555614357
session_22_player1,Shared agency no signaling,closer_to_player1,3,0.999999999753586
session_22_player1,Shared agency no signaling,closer_to_player1,4,0.9999999999991451
session_22_player1,Shared agency no signaling,closer_to_player1,5,0.9999999999999944
session_22_player1,Shared agency no signaling,closer_to_player2,0,0.5
session_22_player1,Shared agency no signaling,closer_to_player2,1,0.817364871111164
session_22_player1,Shared agency no signaling,closer_to_player2,2,0.8262533469994965
session_22_player1,Shared agency no signaling,closer_to_player2,3,0.8265861486535283
session_22_player1,Shared agency no signaling,closer_to_player2,4,0.8345228335688498
session_22_player1,Shared agency no signaling,closer_to_player2,5,0.8596894813770168
session_22_player1,Shared agency no signaling,equal_to_both,0,0.5
session_22_player1,Shared agency no signaling,equal_to_both,1,0.5840469492191505
session_22_player1,Shared agency no signaling,equal_to_both,2,0.9221159841303541
session_22_player1,Shared agency no signaling,equal_to_both,3,0.9983271363352371
session_22_player1,Shared agency no signaling,equal_to_both,4,0.998292559221102
session_22_player1,Shared agency no signaling,equal_to_both,5,0.9999958114138655
session_22_player2,Goal-contrast signaling,closer_to_player1,0,0.5
session_22_player2,Goal-contrast signaling,closer_to_player1,1,0.6708639926106744
session_22_player2,Goal-contrast signaling,closer_to_player1,2,0.5931481088405136
session_22_player2,Goal-contrast signaling,closer_to_player1,3,0.6807382657790773
session_22_player2,Goal-contrast signaling,closer_to_player1,4,0.6889240581575672
session_22_player2,Goal-contrast signaling,closer_to_player1,5,0.6644744806547335
session_22_player2,Goal-contrast signaling,closer_to_player2,0,0.5
session_22_player2,Goal-contrast signaling,closer_to_player2,1,0.423813793831918
session_22_player2,Goal-contrast signaling,closer_to_player2,2,0.4523605791685816
session_22_player2,Goal-contrast signaling,closer_to_player2,3,0.5922543884877732
session_22_player2,Goal-contrast signaling,closer_to_player2,4,0.4943168476230524
session_22_player2,Goal-contrast signaling,closer_to_player2,5,0.999985124273956
session_22_player2,Goal-contrast signaling,equal_to_both,0,0.5
session_22_player2,Goal-contrast signaling,equal_to_both,1,0.6603497697878318
session_22_player2,Goal-contrast signaling,equal_to_both,2,0.8237301640383287
session_22_player2,Goal-contrast signaling,equal_to_both,3,0.9977787685371405
session_22_player2,Goal-contrast signaling,equal_to_both,4,0.7843350216874846
session_22_player2,Goal-contrast signaling,equal_to_both,5,0.7843305835107603
session_22_player2,One-step deliberate signal,closer_to_player1,0,0.5
session_22_player2,One-step deliberate signal,closer_to_player1,1,0.2518943800034282
session_22_player2,One-step deliberate signal,closer_to_player1,2,0.3418036736420574
session_22_player2,One-step deliberate signal,closer_to_player1,3,0.9847173359749168
session_22_player2,One-step deliberate signal,closer_to_player1,4,0.9834638161429853
session_22_player2,One-step deliberate signal,closer_to_player1,5,0.9999074898341778
session_22_player2,One-step deliberate signal,closer_to_player2,0,0.5
session_22_player2,One-step deliberate signal,closer_to_player2,1,0.8352921280710799
session_22_player2,One-step deliberate signal,closer_to_player2,2,0.8365981865279474
session_22_player2,One-step deliberate signal,closer_to_player2,3,0.8347177752822924
session_22_player2,One-step deliberate signal,closer_to_player2,4,0.8183200777227495
session_22_player2,One-step deliberate signal,closer_to_player2,5,0.8756637387987448
session_22_player2,One-step deliberate signal,equal_to_both,0,0.5
session_22_player2,One-step deliberate signal,equal_to_both,1,0.6589485284663743
session_22_player2,One-step deliberate signal,equal_to_both,2,0.7849216200943125
session_22_player2,One-step deliberate signal,equal_to_both,3,0.9999610025763953
session_22_player2,One-step deliberate signal,equal_to_both,4,0.999999650182911
session_22_player2,One-step deliberate signal,equal_to_both,5,0.9999995134902258
session_22_player2,Opportunity-gated communicative action mixture,closer_to_player1,0,0.5
session_22_player2,Opportunity-gated communicative action mixture,closer_to_player1,1,0.5518360779630724
session_22_player2,Opportunity-gated communicative action mixture,closer_to_player1,2,0.5947493795824251
session_22_player2,Opportunity-gated communicative action mixture,closer_to_player1,3,0.6288953312155466
session_22_player2,Opportunity-gated communicative action mixture,closer_to_player1,4,0.6544638010780098
session_22_player2,Opportunity-gated communicative action mixture,closer_to_player1,5,0.6974291604009277
session_22_player2,Opportunity-gated communicative action mixture,closer_to_player2,0,0.5
session_22_player2,Opportunity-gated communicative action mixture,closer_to_player2,1,0.9989376354791043
session_22_player2,Opportunity-gated communicative action mixture,closer_to_player2,2,0.9988056912525417
session_22_player2,Opportunity-gated communicative action mixture,closer_to_player2,3,0.9999981517495575
session_22_player2,Opportunity-gated communicative action mixture,closer_to_player2,4,0.9999999937594214
session_22_player2,Opportunity-gated communicative action mixture,closer_to_player2,5,0.9999999940457609
session_22_player2,Opportunity-gated communicative action mixture,equal_to_both,0,0.5
session_22_player2,Opportunity-gated communicative action mixture,equal_to_both,1,0.5048892602890509
session_22_player2,Opportunity-gated communicative action mixture,equal_to_both,2,0.5053331740189941
session_22_player2,Opportunity-gated communicative action mixture,equal_to_both,3,0.8299882652383123
session_22_player2,Opportunity-gated communicative action mixture,equal_to_both,4,0.9957410213864932
session_22_player2,Opportunity-gated communicative action mixture,equal_to_both,5,0.7343020554602645
session_22_player2,Shared agency no signaling,closer_to_player1,0,0.5
session_22_player2,Shared agency no signaling,closer_to_player1,1,0.2518943800034282
session_22_player2,Shared agency no signaling,closer_to_player1,2,0.24892422491647034
session_22_player2,Shared agency no signaling,closer_to_player1,3,0.6528554661123416
session_22_player2,Shared agency no signaling,closer_to_player1,4,0.6499701732621284
session_22_player2,Shared agency no signaling,closer_to_player1,5,0.9985671469204704
session_22_player2,Shared agency no signaling,closer_to_player2,0,0.5
session_22_player2,Shared agency no signaling,closer_to_player2,1,0.8352921280710799
session_22_player2,Shared agency no signaling,closer_to_player2,2,0.8365981865279474
session_22_player2,Shared agency no signaling,closer_to_player2,3,0.8347177752822924
session_22_player2,Shared agency no signaling,closer_to_player2,4,0.8183200777227495
session_22_player2,Shared agency no signaling,closer_to_player2,5,0.8756637387987448
session_22_player2,Shared agency no signaling,equal_to_both,0,0.5
session_22_player2,Shared agency no signaling,equal_to_both,1,0.6589485284663743
session_22_player2,Shared agency no signaling,equal_to_both,2,0.7849216200943125
session_22_player2,Shared agency no signaling,equal_to_both,3,0.9999610025763953
session_22_player2,Shared agency no signaling,equal_to_both,4,0.999999650182911
session_22_player2,Shared agency no signaling,equal_to_both,5,0.9999995134902258
session_23_player1,Goal-contrast signaling,closer_to_player1,0,0.5
session_23_player1,Goal-contrast signaling,closer_to_player1,1,0.7349975638000021
session_23_player1,Goal-contrast signaling,closer_to_player1,2,0.8840653701164514
session_23_player1,Goal-contrast signaling,closer_to_player1,3,0.8587388115143634
session_23_player1,Goal-contrast signaling,closer_to_player1,4,0.9103471697427586
session_23_player1,Goal-contrast signaling,closer_to_player1,5,0.9489084776003351
session_23_player1,Goal-contrast signaling,closer_to_player2,0,0.5
session_23_player1,Goal-contrast signaling,closer_to_player2,1,0.9828701572022366
session_23_player1,Goal-contrast signaling,closer_to_player2,2,0.9938918208021786
session_23_player1,Goal-contrast signaling,closer_to_player2,3,0.9941108072929583
session_23_player1,Goal-contrast signaling,closer_to_player2,4,0.990445963772856
session_23_player1,Goal-contrast signaling,closer_to_player2,5,0.9999668112999446
session_23_player1,Goal-contrast signaling,equal_to_both,0,0.5
session_23_player1,Goal-contrast signaling,equal_to_both,1,0.9845432252794049
session_23_player1,Goal-contrast signaling,equal_to_both,2,0.9996064430376317
session_23_player1,Goal-contrast signaling,equal_to_both,3,0.9999851200371878
session_23_player1,Goal-contrast signaling,equal_to_both,4,0.9999991031041489
session_23_player1,Goal-contrast signaling,equal_to_both,5,0.9999998222713922
session_23_player1,One-step deliberate signal,closer_to_player1,0,0.5
session_23_player1,One-step deliberate signal,closer_to_player1,1,0.49457594855410736
session_23_player1,One-step deliberate signal,closer_to_player1,2,0.516014852255303
session_23_player1,One-step deliberate signal,closer_to_player1,3,0.8087506556667607
session_23_player1,One-step deliberate signal,closer_to_player1,4,0.7233195208495685
session_23_player1,One-step deliberate signal,closer_to_player1,5,0.6437441707327398
session_23_player1,One-step deliberate signal,closer_to_player2,0,0.5
session_23_player1,One-step deliberate signal,closer_to_player2,1,0.5432910076521837
session_23_player1,One-step deliberate signal,closer_to_player2,2,0.6610928470528419
session_23_player1,One-step deliberate signal,closer_to_player2,3,0.8331135619817435
session_23_player1,One-step deliberate signal,closer_to_player2,4,0.8357453341772872
session_23_player1,One-step deliberate signal,closer_to_player2,5,0.8338073750373107
session_23_player1,One-step deliberate signal,equal_to_both,0,0.5
session_23_player1,One-step deliberate signal,equal_to_both,1,0.5829675171172131
session_23_player1,One-step deliberate signal,equal_to_both,2,0.9982520395852612
session_23_player1,One-step deliberate signal,equal_to_both,3,0.9983240709931455
session_23_player1,One-step deliberate signal,equal_to_both,4,0.9990370966450086
session_23_player1,One-step deliberate signal,equal_to_both,5,0.9999944072292953
session_23_player1,Opportunity-gated communicative action mixture,closer_to_player1,0,0.5
session_23_player1,Opportunity-gated communicative action mixture,closer_to_player1,1,0.6399532536573586
session_23_player1,Opportunity-gated communicative action mixture,closer_to_player1,2,0.9998602490878931
session_23_player1,Opportunity-gated communicative action mixture,closer_to_player1,3,0.9999999447885539
session_23_player1,Opportunity-gated communicative action mixture,closer_to_player1,4,0.9999999788117555
session_23_player1,Opportunity-gated communicative action mixture,closer_to_player1,5,0.9999999999731788
session_23_player1,Opportunity-gated communicative action mixture,closer_to_player2,0,0.5
session_23_player1,Opportunity-gated communicative action mixture,closer_to_player2,1,0.6619523442977945
session_23_player1,Opportunity-gated communicative action mixture,closer_to_player2,2,0.6632083379571063
session_23_player1,Opportunity-gated communicative action mixture,closer_to_player2,3,0.8528154372330455
session_23_player1,Opportunity-gated communicative action mixture,closer_to_player2,4,0.9945689099230096
session_23_player1,Opportunity-gated communicative action mixture,closer_to_player2,5,0.9917915384720183
session_23_player1,Shared agency no signaling,closer_to_player1,0,0.5
session_23_player1,Shared agency no signaling,closer_to_player1,1,0.49457594855410736
session_23_player1,Shared agency no signaling,closer_to_player1,2,0.516014852255303
session_23_player1,Shared agency no signaling,closer_to_player1,3,0.8087506556667607
session_23_player1,Shared agency no signaling,closer_to_player1,4,0.7233195208495685
session_23_player1,Shared agency no signaling,closer_to_player1,5,0.6437441707327398
session_23_player1,Shared agency no signaling,closer_to_player2,0,0.5
session_23_player1,Shared agency no signaling,closer_to_player2,1,0.5432910076521837
session_23_player1,Shared agency no signaling,closer_to_player2,2,0.6610928470528419
session_23_player1,Shared agency no signaling,closer_to_player2,3,0.8331135619817435
session_23_player1,Shared agency no signaling,closer_to_player2,4,0.8357453341772872
session_23_player1,Shared agency no signaling,closer_to_player2,5,0.8338073750373107
session_23_player1,Shared agency no signaling,equal_to_both,0,0.5
session_23_player1,Shared agency no signaling,equal_to_both,1,0.5829675171172131
session_23_player1,Shared agency no signaling,equal_to_both,2,0.9982520395852612
session_23_player1,Shared agency no signaling,equal_to_both,3,0.9983240709931455
session_23_player1,Shared agency no signaling,equal_to_both,4,0.9990370966450086
session_23_player1,Shared agency no signaling,equal_to_both,5,0.9999944072292953
session_23_player2,Goal-contrast signaling,closer_to_player1,0,0.5
session_23_player2,Goal-contrast signaling,closer_to_player1,1,0.6631095133018988
session_23_player2,Goal-contrast signaling,closer_to_player1,2,0.6700090885931645
session_23_player2,Goal-contrast signaling,closer_to_player1,3,0.6712474477091769
session_23_player2,Goal-contrast signaling,closer_to_player1,4,0.5356373359260922
session_23_player2,Goal-contrast signaling,closer_to_player1,5,0.5444505339055455
session_23_player2,Goal-contrast signaling,closer_to_player2,0,0.5
session_23_player2,Goal-contrast signaling,closer_to_player2,1,0.9996168320384543
session_23_player2,Goal-contrast signaling,closer_to_player2,2,0.9997991313365665
session_23_player2,Goal-contrast signaling,closer_to_player2,3,0.999932095652631
session_23_player2,Goal-contrast signaling,closer_to_player2,4,0.999999376263072
session_23_player2,Goal-contrast signaling,closer_to_player2,5,0.9999996674996781
session_23_player2,Goal-contrast signaling,equal_to_both,0,0.5
session_23_player2,Goal-contrast signaling,equal_to_both,1,0.7440562468582679
session_23_player2,Goal-contrast signaling,equal_to_both,2,0.5051576002319245
session_23_player2,Goal-contrast signaling,equal_to_both,3,0.8145059370664816
session_23_player2,Goal-contrast signaling,equal_to_both,4,0.814466009402713
session_23_player2,Goal-contrast signaling,equal_to_both,5,0.8144562895570646
session_23_player2,One-step deliberate signal,closer_to_player1,0,0.5
session_23_player2,One-step deliberate signal,closer_to_player1,1,0.7421257814733291
session_23_player2,One-step deliberate signal,closer_to_player1,2,0.7468527673907182
session_23_player2,One-step deliberate signal,closer_to_player1,3,0.7533507405929178
session_23_player2,One-step deliberate signal,closer_to_player1,4,0.7569610208041597
session_23_player2,One-step deliberate signal,closer_to_player1,5,0.7754131154736661
session_23_player2,One-step deliberate signal,closer_to_player2,0,0.5
session_23_player2,One-step deliberate signal,closer_to_player2,1,0.6508245012517038
session_23_player2,One-step deliberate signal,closer_to_player2,2,0.5239202084857328
session_23_player2,One-step deliberate signal,closer_to_player2,3,0.5434648574061532
session_23_player2,One-step deliberate signal,closer_to_player2,4,0.5281126119912135
session_23_player2,One-step deliberate signal,closer_to_player2,5,0.6070261799629968
session_23_player2,One-step deliberate signal,equal_to_both,0,0.5
session_23_player2,One-step deliberate signal,equal_to_both,1,0.6655624726644603
session_23_player2,One-step deliberate signal,equal_to_both,2,0.9999792863077858
session_23_player2,One-step deliberate signal,equal_to_both,3,0.9999794825335657
session_23_player2,One-step deliberate signal,equal_to_both,4,0.9999793341411621
session_23_player2,One-step deliberate signal,equal_to_both,5,0.99999994673965
session_23_player2,Opportunity-gated communicative action mixture,closer_to_player1,0,0.5
session_23_player2,Opportunity-gated communicative action mixture,closer_to_player1,1,0.6612595812633222
session_23_player2,Opportunity-gated communicative action mixture,closer_to_player1,2,0.6305518465261544
session_23_player2,Opportunity-gated communicative action mixture,closer_to_player1,3,0.5465306905839041
session_23_player2,Opportunity-gated communicative action mixture,closer_to_player1,4,0.5931281474024209
session_23_player2,Opportunity-gated communicative action mixture,closer_to_player1,5,0.6483708138095469
session_23_player2,Opportunity-gated communicative action mixture,closer_to_player2,0,0.5
session_23_player2,Opportunity-gated communicative action mixture,closer_to_player2,1,0.7477034959644743
session_23_player2,Opportunity-gated communicative action mixture,closer_to_player2,2,0.999850248700414
session_23_player2,Opportunity-gated communicative action mixture,closer_to_player2,3,0.9999999112948913
session_23_player2,Opportunity-gated communicative action mixture,closer_to_player2,4,0.9999999998842415
session_23_player2,Opportunity-gated communicative action mixture,closer_to_player2,5,0.9999999999997131
session_23_player2,Shared agency no signaling,closer_to_player1,0,0.5
session_23_player2,Shared agency no signaling,closer_to_player1,1,0.7421257814733291
session_23_player2,Shared agency no signaling,closer_to_player1,2,0.7468527673907182
session_23_player2,Shared agency no signaling,closer_to_player1,3,0.7533507405929178
session_23_player2,Shared agency no signaling,closer_to_player1,4,0.7569610208041597
session_23_player2,Shared agency no signaling,closer_to_player1,5,0.7754131154736661
session_23_player2,Shared agency no signaling,closer_to_player2,0,0.5
session_23_player2,Shared agency no signaling,closer_to_player2,1,0.6508245012517038
session_23_player2,Shared agency no signaling,closer_to_player2,2,0.5239202084857328
session_23_player2,Shared agency no signaling,closer_to_player2,3,0.5434648574061532
session_23_player2,Shared agency no signaling,closer_to_player2,4,0.5281126119912135
session_23_player2,Shared agency no signaling,closer_to_player2,5,0.6070261799629968
session_23_player2,Shared agency no signaling,equal_to_both,0,0.5
session_23_player2,Shared agency no signaling,equal_to_both,1,0.6655624726644603
session_23_player2,Shared agency no signaling,equal_to_both,2,0.996658334130724
session_23_player2,Shared agency no signaling,equal_to_both,3,0.9965914281874344
session_23_player2,Shared agency no signaling,equal_to_both,4,0.994557903478371
session_23_player2,Shared agency no signaling,equal_to_both,5,0.9999970035587323
session_24_player1,Goal-contrast signaling,closer_to_player1,0,0.5
session_24_player1,Goal-contrast signaling,closer_to_player1,1,0.7070867880831763
session_24_player1,Goal-contrast signaling,closer_to_player1,2,0.6479390766796359
session_24_player1,Goal-contrast signaling,closer_to_player1,3,0.8315985592692696
session_24_player1,Goal-contrast signaling,closer_to_player1,4,0.8066814047455796
session_24_player1,Goal-contrast signaling,closer_to_player1,5,0.8334234545130889
session_24_player1,Goal-contrast signaling,closer_to_player2,0,0.5
session_24_player1,Goal-contrast signaling,closer_to_player2,1,0.6634287189826209
session_24_player1,Goal-contrast signaling,closer_to_player2,2,0.5294691122984831
session_24_player1,Goal-contrast signaling,closer_to_player2,3,0.5025660503821593
session_24_player1,Goal-contrast signaling,closer_to_player2,4,0.5049202263066943
session_24_player1,Goal-contrast signaling,closer_to_player2,5,0.5171958157045927
session_24_player1,Goal-contrast signaling,equal_to_both,0,0.5
session_24_player1,Goal-contrast signaling,equal_to_both,1,0.9893313483100914
session_24_player1,Goal-contrast signaling,equal_to_both,2,0.9895327202847474
session_24_player1,Goal-contrast signaling,equal_to_both,3,0.9998880002386443
session_24_player1,Goal-contrast signaling,equal_to_both,4,0.9998899140469932
session_24_player1,Goal-contrast signaling,equal_to_both,5,0.9998910467891786
session_24_player1,One-step deliberate signal,closer_to_player1,0,0.5
session_24_player1,One-step deliberate signal,closer_to_player1,1,0.8328808209217713
session_24_player1,One-step deliberate signal,closer_to_player1,2,0.8306048577373598
session_24_player1,One-step deliberate signal,closer_to_player1,3,0.8316605662800517
session_24_player1,One-step deliberate signal,closer_to_player1,4,0.8067638461980334
session_24_player1,One-step deliberate signal,closer_to_player1,5,0.8334234591655293
session_24_player1,One-step deliberate signal,closer_to_player2,0,0.5
session_24_player1,One-step deliberate signal,closer_to_player2,1,0.5030438386635161
session_24_player1,One-step deliberate signal,closer_to_player2,2,0.8249185593204542
session_24_player1,One-step deliberate signal,closer_to_player2,3,0.7874615333431979
session_24_player1,One-step deliberate signal,closer_to_player2,4,0.9989578073166699
session_24_player1,One-step deliberate signal,closer_to_player2,5,0.9999418539501388
session_24_player1,One-step deliberate signal,equal_to_both,0,0.5
session_24_player1,One-step deliberate signal,equal_to_both,1,0.74909548759952
session_24_player1,One-step deliberate signal,equal_to_both,2,0.9969177927190941
session_24_player1,One-step deliberate signal,equal_to_both,3,0.9999642904171163
session_24_player1,One-step deliberate signal,equal_to_both,4,0.9999661108668055
session_24_player1,One-step deliberate signal,equal_to_both,5,0.999968068103128
session_24_player1,Opportunity-gated communicative action mixture,closer_to_player1,0,0.5
session_24_player1,Opportunity-gated communicative action mixture,closer_to_player1,1,0.8325769423174109
session_24_player1,Opportunity-gated communicative action mixture,closer_to_player1,2,0.9992191188149103
session_24_player1,Opportunity-gated communicative action mixture,closer_to_player1,3,0.9993826581734178
session_24_player1,Opportunity-gated communicative action mixture,closer_to_player1,4,0.9999994829892641
session_24_player1,Opportunity-gated communicative action mixture,closer_to_player1,5,0.9999995432805487
session_24_player1,Opportunity-gated communicative action mixture,closer_to_player2,0,0.5
session_24_player1,Opportunity-gated communicative action mixture,closer_to_player2,1,0.5030329112737785
session_24_player1,Opportunity-gated communicative action mixture,closer_to_player2,2,0.6635704590524092
session_24_player1,Opportunity-gated communicative action mixture,closer_to_player2,3,0.6233619825967988
session_24_player1,Opportunity-gated communicative action mixture,closer_to_player2,4,0.8371521195318089
session_24_player1,Opportunity-gated communicative action mixture,closer_to_player2,5,0.8504085668213714
session_24_player1,Opportunity-gated communicative action mixture,equal_to_both,0,0.5
session_24_player1,Opportunity-gated communicative action mixture,equal_to_both,1,0.7490698812626869
session_24_player1,Opportunity-gated communicative action mixture,equal_to_both,2,0.7499687336885774
session_24_player1,Opportunity-gated communicative action mixture,equal_to_both,3,0.9983171077794206
session_24_player1,Opportunity-gated communicative action mixture,equal_to_both,4,0.9983260238594441
session_24_player1,Opportunity-gated communicative action mixture,equal_to_both,5,0.9983339677999625
session_24_player1,Shared agency no signaling,closer_to_player1,0,0.5
session_24_player1,Shared agency no signaling,closer_to_player1,1,0.8328808209217713
session_24_player1,Shared agency no signaling,closer_to_player1,2,0.8304426892961502
session_24_player1,Shared agency no signaling,closer_to_player1,3,0.8316605093669506
session_24_player1,Shared agency no signaling,closer_to_player1,4,0.8067638053257341
session_24_player1,Shared agency no signaling,closer_to_player1,5,0.8334234592454456
session_24_player1,Shared agency no signaling,closer_to_player2,0,0.5
session_24_player1,Shared agency no signaling,closer_to_player2,1,0.5030438386635161
session_24_player1,Shared agency no signaling,closer_to_player2,2,0.8249185593204542
session_24_player1,Shared agency no signaling,closer_to_player2,3,0.7874615333431979
session_24_player1,Shared agency no signaling,closer_to_player2,4,0.9989578073166699
session_24_player1,Shared agency no signaling,closer_to_player2,5,0.9999418539501388
session_24_player1,Shared agency no signaling,equal_to_both,0,0.5
session_24_player1,Shared agency no signaling,equal_to_both,1,0.74909548759952
session_24_player1,Shared agency no signaling,equal_to_both,2,0.7499689250472097
session_24_player1,Shared agency no signaling,equal_to_both,3,0.9983171581791674
session_24_player1,Shared agency no signaling,equal_to_both,4,0.9983260234758755
session_24_player1,Shared agency no signaling,equal_to_both,5,0.9983339625897996
session_24_player2,Goal-contrast signaling,closer_to_player1,0,0.5
session_24_player2,Goal-contrast signaling,closer_to_player1,1,0.5083561758166818
session_24_player2,Goal-contrast signaling,closer_to_player1,2,0.4840801157928756
session_24_player2,Goal-contrast signaling,closer_to_player1,3,0.5301092189690437
session_24_player2,Goal-contrast signaling,closer_to_player1,4,0.6654618695098601
session_24_player2,Goal-contrast signaling,closer_to_player1,5,0.6717986158923227
session_24_player2,Goal-contrast signaling,closer_to_player2,0,0.5
session_24_player2,Goal-contrast signaling,closer_to_player2,1,0.472453406203925
session_24_player2,Goal-contrast signaling,closer_to_player2,2,0.7597354867898565
session_24_player2,Goal-contrast signaling,closer_to_player2,3,0.8072686989959995
session_24_player2,Goal-contrast signaling,closer_to_player2,4,0.9999831650972298
session_24_player2,Goal-contrast signaling,closer_to_player2,5,0.9999999921558617
session_24_player2,Goal-contrast signaling,equal_to_both,0,0.5
session_24_player2,Goal-contrast signaling,equal_to_both,1,0.989331316828633
session_24_player2,Goal-contrast signaling,equal_to_both,2,0.9895327191858129
session_24_player2,Goal-contrast signaling,equal_to_both,3,0.9998880000907464
session_24_player2,Goal-contrast signaling,equal_to_both,4,0.9999980872689467
session_24_player2,Goal-contrast signaling,equal_to_both,5,0.9999981787303195
session_24_player2,One-step deliberate signal,closer_to_player1,0,0.5
session_24_player2,One-step deliberate signal,closer_to_player1,1,0.6674115164565319
session_24_player2,One-step deliberate signal,closer_to_player1,2,0.6697570950460202
session_24_player2,One-step deliberate signal,closer_to_player1,3,0.6706544747599478
session_24_player2,One-step deliberate signal,closer_to_player1,4,0.5095909382424395
session_24_player2,One-step deliberate signal,closer_to_player1,5,0.5178824613556161
session_24_player2,One-step deliberate signal,closer_to_player2,0,0.5
session_24_player2,One-step deliberate signal,closer_to_player2,1,0.9991586228749031
session_24_player2,One-step deliberate signal,closer_to_player2,2,0.9999977997659699
session_24_player2,One-step deliberate signal,closer_to_player2,3,0.9999998928422903
session_24_player2,One-step deliberate signal,closer_to_player2,4,0.9999999995145313
session_24_player2,One-step deliberate signal,closer_to_player2,5,0.9999999998748583
session_24_player2,One-step deliberate signal,equal_to_both,0,0.5
session_24_player2,One-step deliberate signal,equal_to_both,1,0.9938392897803768
session_24_player2,One-step deliberate signal,equal_to_both,2,0.9947636377606772
session_24_player2,One-step deliberate signal,equal_to_both,3,0.9999439835148674
session_24_player2,One-step deliberate signal,equal_to_both,4,0.9999990434609354
session_24_player2,One-step deliberate signal,equal_to_both,5,0.9999990893621883
session_24_player2,Opportunity-gated communicative action mixture,closer_to_player1,0,0.5
session_24_player2,Opportunity-gated communicative action mixture,closer_to_player1,1,0.5038262144506245
session_24_player2,Opportunity-gated communicative action mixture,closer_to_player1,2,0.8284092815926307
session_24_player2,Opportunity-gated communicative action mixture,closer_to_player1,3,0.8288286494924889
session_24_player2,Opportunity-gated communicative action mixture,closer_to_player1,4,0.837097050636426
session_24_player2,Opportunity-gated communicative action mixture,closer_to_player1,5,0.7150688774003129
session_24_player2,Opportunity-gated communicative action mixture,closer_to_player2,0,0.5
session_24_player2,Opportunity-gated communicative action mixture,closer_to_player2,1,0.8048707832200598
session_24_player2,Opportunity-gated communicative action mixture,closer_to_player2,2,0.7818867668055426
session_24_player2,Opportunity-gated communicative action mixture,closer_to_player2,3,0.8072795885149574
session_24_player2,Opportunity-gated communicative action mixture,closer_to_player2,4,0.9999831770366227
session_24_player2,Opportunity-gated communicative action mixture,closer_to_player2,5,0.9999786837123231
session_24_player2,Opportunity-gated communicative action mixture,equal_to_both,0,0.5
session_24_player2,Opportunity-gated communicative action mixture,equal_to_both,1,0.9938399747168998
session_24_player2,Opportunity-gated communicative action mixture,equal_to_both,2,0.9939227438228733
session_24_player2,Opportunity-gated communicative action mixture,equal_to_both,3,0.9999429670826472
session_24_player2,Opportunity-gated communicative action mixture,equal_to_both,4,0.9999990410597742
session_24_player2,Opportunity-gated communicative action mixture,equal_to_both,5,0.9999990893527192
session_24_player2,Shared agency no signaling,closer_to_player1,0,0.5
session_24_player2,Shared agency no signaling,closer_to_player1,1,0.6674115164565319
session_24_player2,Shared agency no signaling,closer_to_player1,2,0.6697570950460202
session_24_player2,Shared agency no signaling,closer_to_player1,3,0.6706544747599478
session_24_player2,Shared agency no signaling,closer_to_player1,4,0.5095909382424395
session_24_player2,Shared agency no signaling,closer_to_player1,5,0.5178824613556161
session_24_player2,Shared agency no signaling,closer_to_player2,0,0.5
session_24_player2,Shared agency no signaling,closer_to_player2,1,0.9991586228749031
session_24_player2,Shared agency no signaling,closer_to_player2,2,0.9999977997659699
session_24_player2,Shared agency no signaling,closer_to_player2,3,0.9999998928422903
session_24_player2,Shared agency no signaling,closer_to_player2,4,0.9999999995145313
session_24_player2,Shared agency no signaling,closer_to_player2,5,0.9999999998748583
session_24_player2,Shared agency no signaling,equal_to_both,0,0.5
session_24_player2,Shared agency no signaling,equal_to_both,1,0.9938392897803768
session_24_player2,Shared agency no signaling,equal_to_both,2,0.9939234170108113
session_24_player2,Shared agency no signaling,equal_to_both,3,0.9999429392055729
session_24_player2,Shared agency no signaling,equal_to_both,4,0.9999990409005132
session_24_player2,Shared agency no signaling,equal_to_both,5,0.9999990893514343
session_25_player1,Goal-contrast signaling,closer_to_player1,0,0.5
session_25_player1,Goal-contrast signaling,closer_to_player1,1,0.8318118435720957
session_25_player1,Goal-contrast signaling,closer_to_player1,2,0.7745563810001949
session_25_player1,Goal-contrast signaling,closer_to_player1,3,0.8289523525611117
session_25_player1,Goal-contrast signaling,closer_to_player1,4,0.82952987619757
session_25_player1,Goal-contrast signaling,closer_to_player1,5,0.8566554194331211
session_25_player1,Goal-contrast signaling,closer_to_player2,0,0.5
session_25_player1,Goal-contrast signaling,closer_to_player2,1,0.5031423827730579
session_25_player1,Goal-contrast signaling,closer_to_player2,2,0.5057578743188789
session_25_player1,Goal-contrast signaling,closer_to_player2,3,0.5048212822116795
session_25_player1,Goal-contrast signaling,closer_to_player2,4,0.5027168529112329
session_25_player1,Goal-contrast signaling,closer_to_player2,5,0.5070562614853038
session_25_player1,Goal-contrast signaling,equal_to_both,0,0.5
session_25_player1,Goal-contrast signaling,equal_to_both,1,0.8235465353975971
session_25_player1,Goal-contrast signaling,equal_to_both,2,0.8277346446091255
session_25_player1,Goal-contrast signaling,equal_to_both,3,0.998780563183355
session_25_player1,Goal-contrast signaling,equal_to_both,4,0.9998992291883385
session_25_player1,Goal-contrast signaling,equal_to_both,5,0.9999983201140793
session_25_player1,One-step deliberate signal,closer_to_player1,0,0.5
session_25_player1,One-step deliberate signal,closer_to_player1,1,0.5032383842517348
session_25_player1,One-step deliberate signal,closer_to_player1,2,0.6693170452539743
session_25_player1,One-step deliberate signal,closer_to_player1,3,0.6952447964434674
session_25_player1,One-step deliberate signal,closer_to_player1,4,0.6733946724830285
session_25_player1,One-step deliberate signal,closer_to_player1,5,0.7043296948010491
session_25_player1,One-step deliberate signal,closer_to_player2,0,0.5
session_25_player1,One-step deliberate signal,closer_to_player2,1,0.5032693195443074
session_25_player1,One-step deliberate signal,closer_to_player2,2,0.5026973205555135
session_25_player1,One-step deliberate signal,closer_to_player2,3,0.5309901282766156
session_25_player1,One-step deliberate signal,closer_to_player2,4,0.518881768402618
session_25_player1,One-step deliberate signal,closer_to_player2,5,0.5395375092845692
session_25_player1,One-step deliberate signal,equal_to_both,0,0.5
session_25_player1,One-step deliberate signal,equal_to_both,1,0.7403839778419181
session_25_player1,One-step deliberate signal,equal_to_both,2,0.9908396067959442
session_25_player1,One-step deliberate signal,equal_to_both,3,0.9990012175627947
session_25_player1,One-step deliberate signal,equal_to_both,4,0.9991321839858914
session_25_player1,One-step deliberate signal,equal_to_both,5,0.9986683570347992
session_25_player1,Opportunity-gated communicative action mixture,closer_to_player1,0,0.5
session_25_player1,Opportunity-gated communicative action mixture,closer_to_player1,1,0.6709792794049972
session_25_player1,Opportunity-gated communicative action mixture,closer_to_player1,2,0.6408993515361321
session_25_player1,Opportunity-gated communicative action mixture,closer_to_player1,3,0.6423365464199009
session_25_player1,Opportunity-gated communicative action mixture,closer_to_player1,4,0.7001835063512764
session_25_player1,Opportunity-gated communicative action mixture,closer_to_player1,5,0.860952785887556
session_25_player1,Opportunity-gated communicative action mixture,closer_to_player2,0,0.5
session_25_player1,Opportunity-gated communicative action mixture,closer_to_player2,1,0.7437245323523778
session_25_player1,Opportunity-gated communicative action mixture,closer_to_player2,2,0.7527760159241981
session_25_player1,Opportunity-gated communicative action mixture,closer_to_player2,3,0.7539358740000766
session_25_player1,Opportunity-gated communicative action mixture,closer_to_player2,4,0.7574740955780903
session_25_player1,Opportunity-gated communicative action mixture,closer_to_player2,5,0.7499951444803179
session_25_player1,Opportunity-gated communicative action mixture,equal_to_both,0,0.5
session_25_player1,Opportunity-gated communicative action mixture,equal_to_both,1,0.981185531299059
session_25_player1,Opportunity-gated communicative action mixture,equal_to_both,2,0.9833855777178512
session_25_player1,Opportunity-gated communicative action mixture,equal_to_both,3,0.9997053924307272
session_25_player1,Opportunity-gated communicative action mixture,equal_to_both,4,0.9997186353421587
session_25_player1,Opportunity-gated communicative action mixture,equal_to_both,5,0.9999951893688579
session_25_player1,Shared agency no signaling,closer_to_player1,0,0.5
session_25_player1,Shared agency no signaling,closer_to_player1,1,0.5032383842517348
session_25_player1,Shared agency no signaling,closer_to_player1,2,0.6693170452539743
session_25_player1,Shared agency no signaling,closer_to_player1,3,0.6952447964434674
session_25_player1,Shared agency no signaling,closer_to_player1,4,0.6733946724830285
session_25_player1,Shared agency no signaling,closer_to_player1,5,0.7043296948010491
session_25_player1,Shared agency no signaling,closer_to_player2,0,0.5
session_25_player1,Shared agency no signaling,closer_to_player2,1,0.5032693195443074
session_25_player1,Shared agency no signaling,closer_to_player2,2,0.5026973205555135
session_25_player1,Shared agency no signaling,closer_to_player2,3,0.5309901282766156
session_25_player1,Shared agency no signaling,closer_to_player2,4,0.518881768402618
session_25_player1,Shared agency no signaling,closer_to_player2,5,0.5395375092845692
session_25_player1,Shared agency no signaling,equal_to_both,0,0.5
session_25_player1,Shared agency no signaling,equal_to_both,1,0.7403839778419181
session_25_player1,Shared agency no signaling,equal_to_both,2,0.7412388883083513
session_25_player1,Shared agency no signaling,equal_to_both,3,0.7462833647083711
session_25_player1,Shared agency no signaling,equal_to_both,4,0.6845849032954177
session_25_player1,Shared agency no signaling,equal_to_both,5,0.9999436660246006
session_25_player2,Goal-contrast signaling,closer_to_player1,0,0.5
session_25_player2,Goal-contrast signaling,closer_to_player1,1,0.6608858386062638
session_25_player2,Goal-contrast signaling,closer_to_player1,2,0.6665286159785536
session_25_player2,Goal-contrast signaling,closer_to_player1,3,0.6651463422099283
session_25_player2,Goal-contrast signaling,closer_to_player1,4,0.8363186152446112
session_25_player2,Goal-contrast signaling,closer_to_player1,5,0.8321173067943904
session_25_player2,Goal-contrast signaling,closer_to_player2,0,0.5
session_25_player2,Goal-contrast signaling,closer_to_player2,1,0.5416941899281154
session_25_player2,Goal-contrast signaling,closer_to_player2,2,0.5784292372222525
session_25_player2,Goal-contrast signaling,closer_to_player2,3,0.6022855923579206
session_25_player2,Goal-contrast signaling,closer_to_player2,4,0.6026648743301706
session_25_player2,Goal-contrast signaling,closer_to_player2,5,0.31884004640298175
session_25_player2,Goal-contrast signaling,equal_to_both,0,0.5
session_25_player2,Goal-contrast signaling,equal_to_both,1,0.8242339618375679
session_25_player2,Goal-contrast signaling,equal_to_both,2,0.824380932189616
session_25_player2,Goal-contrast signaling,equal_to_both,3,0.8248789311335099
session_25_player2,Goal-contrast signaling,equal_to_both,4,0.9958372179062538
session_25_player2,Goal-contrast signaling,equal_to_both,5,0.9964326745612085
session_25_player2,One-step deliberate signal,closer_to_player1,0,0.5
session_25_player2,One-step deliberate signal,closer_to_player1,1,0.6631675401937431
session_25_player2,One-step deliberate signal,closer_to_player1,2,0.6623527489794642
session_25_player2,One-step deliberate signal,closer_to_player1,3,0.6239276522964853
session_25_player2,One-step deliberate signal,closer_to_player1,4,0.6795368750117708
session_25_player2,One-step deliberate signal,closer_to_player1,5,0.6906189113446191
session_25_player2,One-step deliberate signal,closer_to_player2,0,0.5
session_25_player2,One-step deliberate signal,closer_to_player2,1,0.5000394930264553
session_25_player2,One-step deliberate signal,closer_to_player2,2,0.5600099975788942
session_25_player2,One-step deliberate signal,closer_to_player2,3,0.7348103869977144
session_25_player2,One-step deliberate signal,closer_to_player2,4,0.7350478774475433
session_25_player2,One-step deliberate signal,closer_to_player2,5,0.8127482085794102
session_25_player2,One-step deliberate signal,equal_to_both,0,0.5
session_25_player2,One-step deliberate signal,equal_to_both,1,0.9893516059745178
session_25_player2,One-step deliberate signal,equal_to_both,2,0.9915808721398438
session_25_player2,One-step deliberate signal,equal_to_both,3,0.991680138836545
session_25_player2,One-step deliberate signal,equal_to_both,4,0.9917476574401287
session_25_player2,One-step deliberate signal,equal_to_both,5,0.9999483084768731
session_25_player2,Opportunity-gated communicative action mixture,closer_to_player1,0,0.5
session_25_player2,Opportunity-gated communicative action mixture,closer_to_player1,1,0.498834434816956
session_25_player2,Opportunity-gated communicative action mixture,closer_to_player1,2,0.49828137971397296
session_25_player2,Opportunity-gated communicative action mixture,closer_to_player1,3,0.4963495329359118
session_25_player2,Opportunity-gated communicative action mixture,closer_to_player1,4,0.6659656238637125
session_25_player2,Opportunity-gated communicative action mixture,closer_to_player1,5,0.6623296446027603
session_25_player2,Opportunity-gated communicative action mixture,closer_to_player2,0,0.5
session_25_player2,Opportunity-gated communicative action mixture,closer_to_player2,1,0.8173599983601038
session_25_player2,Opportunity-gated communicative action mixture,closer_to_player2,2,0.9989127599241989
session_25_player2,Opportunity-gated communicative action mixture,closer_to_player2,3,0.8701290393193366
session_25_player2,Opportunity-gated communicative action mixture,closer_to_player2,4,0.9993334111058199
session_25_player2,Opportunity-gated communicative action mixture,closer_to_player2,5,0.9999981924926775
session_25_player2,Opportunity-gated communicative action mixture,equal_to_both,0,0.5
session_25_player2,Opportunity-gated communicative action mixture,equal_to_both,1,0.9828669630023759
session_25_player2,Opportunity-gated communicative action mixture,equal_to_both,2,0.983194016026403
session_25_player2,Opportunity-gated communicative action mixture,equal_to_both,3,0.9833779858697531
session_25_player2,Opportunity-gated communicative action mixture,equal_to_both,4,0.9998212790818948
session_25_player2,Opportunity-gated communicative action mixture,equal_to_both,5,0.9998240250569834
session_25_player2,Shared agency no signaling,closer_to_player1,0,0.5
session_25_player2,Shared agency no signaling,closer_to_player1,1,0.6631675401937431
session_25_player2,Shared agency no signaling,closer_to_player1,2,0.6623527489794642
session_25_player2,Shared agency no signaling,closer_to_player1,3,0.6239276522964853
session_25_player2,Shared agency no signaling,closer_to_player1,4,0.6795368750117708
session_25_player2,Shared agency no signaling,closer_to_player1,5,0.6906189113446191
session_25_player2,Shared agency no signaling,closer_to_player2,0,0.5
session_25_player2,Shared agency no signaling,closer_to_player2,1,0.5000394930264553
session_25_player2,Shared agency no signaling,closer_to_player2,2,0.5600099975788942
session_25_player2,Shared agency no signaling,closer_to_player2,3,0.7348103869977144
session_25_player2,Shared agency no signaling,closer_to_player2,4,0.7350478774475433
session_25_player2,Shared agency no signaling,closer_to_player2,5,0.8127482085794102
session_25_player2,Shared agency no signaling,equal_to_both,0,0.5
session_25_player2,Shared agency no signaling,equal_to_both,1,0.9893516059745178
session_25_player2,Shared agency no signaling,equal_to_both,2,0.9915808721398438
session_25_player2,Shared agency no signaling,equal_to_both,3,0.991680138836545
session_25_player2,Shared agency no signaling,equal_to_both,4,0.9917476574401287
session_25_player2,Shared agency no signaling,equal_to_both,5,0.9999483084768731
session_26_player1,Goal-contrast signaling,closer_to_player1,0,0.5
session_26_player1,Goal-contrast signaling,closer_to_player1,1,0.4560756696467406
session_26_player1,Goal-contrast signaling,closer_to_player1,2,0.5788237141610385
session_26_player1,Goal-contrast signaling,closer_to_player1,3,0.9993259470568789
session_26_player1,Goal-contrast signaling,closer_to_player1,4,0.9991402417422119
session_26_player1,Goal-contrast signaling,closer_to_player1,5,0.9999995699762114
session_26_player1,Goal-contrast signaling,closer_to_player2,0,0.5
session_26_player1,Goal-contrast signaling,closer_to_player2,1,0.6632572212783775
session_26_player1,Goal-contrast signaling,closer_to_player2,2,0.8232341987707129
session_26_player1,Goal-contrast signaling,closer_to_player2,3,0.9944021259032456
session_26_player1,Goal-contrast signaling,closer_to_player2,4,0.9967222485890465
session_26_player1,Goal-contrast signaling,closer_to_player2,5,0.9999785998584646
session_26_player1,Goal-contrast signaling,equal_to_both,0,0.5
session_26_player1,Goal-contrast signaling,equal_to_both,1,0.251678073685911
session_26_player1,Goal-contrast signaling,equal_to_both,2,0.8282396836373523
session_26_player1,Goal-contrast signaling,equal_to_both,3,0.9960900073984612
session_26_player1,Goal-contrast signaling,equal_to_both,4,0.9991284429264198
session_26_player1,Goal-contrast signaling,equal_to_both,5,0.999996926179685
session_26_player1,One-step deliberate signal,closer_to_player1,0,0.5
session_26_player1,One-step deliberate signal,closer_to_player1,1,0.8103430342916484
session_26_player1,One-step deliberate signal,closer_to_player1,2,0.9998397005372381
session_26_player1,One-step deliberate signal,closer_to_player1,3,0.9999999183526649
session_26_player1,One-step deliberate signal,closer_to_player1,4,0.9999999998849487
session_26_player1,One-step deliberate signal,closer_to_player1,5,0.9999999999998632
session_26_player1,One-step deliberate signal,closer_to_player2,0,0.5
session_26_player1,One-step deliberate signal,closer_to_player2,1,0.5032539121793805
session_26_player1,One-step deliberate signal,closer_to_player2,2,0.828538970200989
session_26_player1,One-step deliberate signal,closer_to_player2,3,0.8343842873133808
session_26_player1,One-step deliberate signal,closer_to_player2,4,0.8409813771916248
session_26_player1,One-step deliberate signal,closer_to_player2,5,0.8470953132705535
session_26_player1,One-step deliberate signal,equal_to_both,0,0.5
session_26_player1,One-step deliberate signal,equal_to_both,1,0.5429845132717342
session_26_player1,One-step deliberate signal,equal_to_both,2,0.9990772827819935
session_26_player1,One-step deliberate signal,equal_to_both,3,0.9991722055612309
session_26_player1,One-step deliberate signal,equal_to_both,4,0.9999987368721293
session_26_player1,One-step deliberate signal,equal_to_both,5,0.9999998357838639
session_26_player1,Opportunity-gated communicative action mixture,closer_to_player2,0,0.5
session_26_player1,Opportunity-gated communicative action mixture,closer_to_player2,1,0.6637232115280554
session_26_player1,Opportunity-gated communicative action mixture,closer_to_player2,2,0.6724527941860009
session_26_player1,Opportunity-gated communicative action mixture,closer_to_player2,3,0.6728399103575682
session_26_player1,Opportunity-gated communicative action mixture,closer_to_player2,4,0.679591719713116
session_26_player1,Opportunity-gated communicative action mixture,closer_to_player2,5,0.6818394495811129
session_26_player1,Opportunity-gated communicative action mixture,equal_to_both,0,0.5
session_26_player1,Opportunity-gated communicative action mixture,equal_to_both,1,0.5000013107431016
session_26_player1,Opportunity-gated communicative action mixture,equal_to_both,2,0.9966410676919727
session_26_player1,Opportunity-gated communicative action mixture,equal_to_both,3,0.9966562084750659
session_26_player1,Opportunity-gated communicative action mixture,equal_to_both,4,0.9999887102501333
session_26_player1,Opportunity-gated communicative action mixture,equal_to_both,5,0.9999888029612511
session_26_player1,Shared agency no signaling,closer_to_player1,0,0.5
session_26_player1,Shared agency no signaling,closer_to_player1,1,0.8103430342916484
session_26_player1,Shared agency no signaling,closer_to_player1,2,0.9998397005372381
session_26_player1,Shared agency no signaling,closer_to_player1,3,0.9999999183526649
session_26_player1,Shared agency no signaling,closer_to_player1,4,0.9999999998849487
session_26_player1,Shared agency no signaling,closer_to_player1,5,0.9999999999998632
session_26_player1,Shared agency no signaling,closer_to_player2,0,0.5
session_26_player1,Shared agency no signaling,closer_to_player2,1,0.5032539121793805
session_26_player1,Shared agency no signaling,closer_to_player2,2,0.6671749583606532
session_26_player1,Shared agency no signaling,closer_to_player2,3,0.6733722813389038
session_26_player1,Shared agency no signaling,closer_to_player2,4,0.678895846637516
session_26_player1,Shared agency no signaling,closer_to_player2,5,0.8467018576854008
session_26_player1,Shared agency no signaling,equal_to_both,0,0.5
session_26_player1,Shared agency no signaling,equal_to_both,1,0.5429845132717342
session_26_player1,Shared agency no signaling,equal_to_both,2,0.834736032245249
session_26_player1,Shared agency no signaling,equal_to_both,3,0.8745670916419384
session_26_player1,Shared agency no signaling,equal_to_both,4,0.9999675576741635
session_26_player1,Shared agency no signaling,equal_to_both,5,0.999999930608912
session_26_player2,Goal-contrast signaling,closer_to_player1,0,0.5
session_26_player2,Goal-contrast signaling,closer_to_player1,1,0.503471723399392
session_26_player2,Goal-contrast signaling,closer_to_player1,2,0.5060857359316648
session_26_player2,Goal-contrast signaling,closer_to_player1,3,0.5100449171884693
session_26_player2,Goal-contrast signaling,closer_to_player1,4,0.5085028591307081
session_26_player2,Goal-contrast signaling,closer_to_player1,5,0.4992866028019708
session_26_player2,Goal-contrast signaling,closer_to_player2,0,0.5
session_26_player2,Goal-contrast signaling,closer_to_player2,1,0.829996499631989
session_26_player2,Goal-contrast signaling,closer_to_player2,2,0.6668010976753186
session_26_player2,Goal-contrast signaling,closer_to_player2,3,0.9919651966212782
session_26_player2,Goal-contrast signaling,closer_to_player2,4,0.9941735424604632
session_26_player2,Goal-contrast signaling,closer_to_player2,5,0.9999993357458297
session_26_player2,Goal-contrast signaling,equal_to_both,0,0.5
session_26_player2,Goal-contrast signaling,equal_to_both,1,0.9925007968458839
session_26_player2,Goal-contrast signaling,equal_to_both,2,0.9946204502913538
session_26_player2,Goal-contrast signaling,equal_to_both,3,0.9999313100664002
session_26_player2,Goal-contrast signaling,equal_to_both,4,0.9999433972488713
session_26_player2,Goal-contrast signaling,equal_to_both,5,0.9999994014165923
session_26_player2,One-step deliberate signal,closer_to_player1,0,0.5
session_26_player2,One-step deliberate signal,closer_to_player1,1,0.7431053813218793
session_26_player2,One-step deliberate signal,closer_to_player1,2,0.9947726767626073
session_26_player2,One-step deliberate signal,closer_to_player1,3,0.9949476045034761
session_26_player2,One-step deliberate signal,closer_to_player1,4,0.9917831839167823
session_26_player2,One-step deliberate signal,closer_to_player1,5,0.9999668121459743
session_26_player2,One-step deliberate signal,closer_to_player2,0,0.5
session_26_player2,One-step deliberate signal,closer_to_player2,1,0.4796454276000788
session_26_player2,One-step deliberate signal,closer_to_player2,2,0.4001587019373994
session_26_player2,One-step deliberate signal,closer_to_player2,3,0.6942556543038497
session_26_player2,One-step deliberate signal,closer_to_player2,4,0.6862362092996901
session_26_player2,One-step deliberate signal,closer_to_player2,5,0.9999628450290502
session_26_player2,One-step deliberate signal,equal_to_both,0,0.5
session_26_player2,One-step deliberate signal,equal_to_both,1,0.6663914224547312
session_26_player2,One-step deliberate signal,equal_to_both,2,0.9988680242944584
session_26_player2,One-step deliberate signal,equal_to_both,3,0.9991711402919874
session_26_player2,One-step deliberate signal,equal_to_both,4,0.9990482819538212
session_26_player2,One-step deliberate signal,equal_to_both,5,0.9999994587610702
session_26_player2,Opportunity-gated communicative action mixture,closer_to_player2,0,0.5
session_26_player2,Opportunity-gated communicative action mixture,closer_to_player2,1,0.5014628232706
session_26_player2,Opportunity-gated communicative action mixture,closer_to_player2,2,0.5044711566842953
session_26_player2,Opportunity-gated communicative action mixture,closer_to_player2,3,0.6098175782662648
session_26_player2,Opportunity-gated communicative action mixture,closer_to_player2,4,0.6442290572143881
session_26_player2,Opportunity-gated communicative action mixture,closer_to_player2,5,0.5712849211741401
session_26_player2,Opportunity-gated communicative action mixture,equal_to_both,0,0.5
session_26_player2,Opportunity-gated communicative action mixture,equal_to_both,1,0.4999727703421932
session_26_player2,Opportunity-gated communicative action mixture,equal_to_both,2,0.9966367847483895
session_26_player2,Opportunity-gated communicative action mixture,equal_to_both,3,0.9966537109432999
session_26_player2,Opportunity-gated communicative action mixture,equal_to_both,4,0.9966664278499926
session_26_player2,Opportunity-gated communicative action mixture,equal_to_both,5,0.9967254339337934
session_26_player2,Shared agency no signaling,closer_to_player1,0,0.5
session_26_player2,Shared agency no signaling,closer_to_player1,1,0.7431053813218793
session_26_player2,Shared agency no signaling,closer_to_player1,2,0.9947726767626073
session_26_player2,Shared agency no signaling,closer_to_player1,3,0.9949476045034761
session_26_player2,Shared agency no signaling,closer_to_player1,4,0.9917831839167823
session_26_player2,Shared agency no signaling,closer_to_player1,5,0.9999668121459743
session_26_player2,Shared agency no signaling,closer_to_player2,0,0.5
session_26_player2,Shared agency no signaling,closer_to_player2,1,0.4796454276000788
session_26_player2,Shared agency no signaling,closer_to_player2,2,0.2340705494390162
session_26_player2,Shared agency no signaling,closer_to_player2,3,0.5548139747147929
session_26_player2,Shared agency no signaling,closer_to_player2,4,0.6862544498672972
session_26_player2,Shared agency no signaling,closer_to_player2,5,0.9999628463596383
session_26_player2,Shared agency no signaling,equal_to_both,0,0.5
session_26_player2,Shared agency no signaling,equal_to_both,1,0.6663914224547312
session_26_player2,Shared agency no signaling,equal_to_both,2,0.9988680242944584
session_26_player2,Shared agency no signaling,equal_to_both,3,0.9991711402919874
session_26_player2,Shared agency no signaling,equal_to_both,4,0.9990482819538212
session_26_player2,Shared agency no signaling,equal_to_both,5,0.9999994587610702
session_27_player1,Goal-contrast signaling,closer_to_player1,0,0.5
session_27_player1,Goal-contrast signaling,closer_to_player1,1,0.687504271992445
session_27_player1,Goal-contrast signaling,closer_to_player1,2,0.7034722358444175
session_27_player1,Goal-contrast signaling,closer_to_player1,3,0.7561606658426779
session_27_player1,Goal-contrast signaling,closer_to_player1,4,0.7854018473717365
session_27_player1,Goal-contrast signaling,closer_to_player1,5,0.7864557523026878
session_27_player1,Goal-contrast signaling,closer_to_player2,0,0.5
session_27_player1,Goal-contrast signaling,closer_to_player2,1,0.8210433261891686
session_27_player1,Goal-contrast signaling,closer_to_player2,2,0.8339809741472658
session_27_player1,Goal-contrast signaling,closer_to_player2,3,0.8045547728548774
session_27_player1,Goal-contrast signaling,closer_to_player2,4,0.7784935456587562
session_27_player1,Goal-contrast signaling,closer_to_player2,5,0.8123903852438722
session_27_player1,Goal-contrast signaling,equal_to_both,0,0.5
session_27_player1,Goal-contrast signaling,equal_to_both,1,0.49233967575611504
session_27_player1,Goal-contrast signaling,equal_to_both,2,0.840103290847523
session_27_player1,Goal-contrast signaling,equal_to_both,3,0.9995909685641154
session_27_player1,Goal-contrast signaling,equal_to_both,4,0.9995932642033483
session_27_player1,Goal-contrast signaling,equal_to_both,5,0.9999989895127928
session_27_player1,One-step deliberate signal,closer_to_player1,0,0.5
session_27_player1,One-step deliberate signal,closer_to_player1,1,0.6656447907089188
session_27_player1,One-step deliberate signal,closer_to_player1,2,0.6672091564035422
session_27_player1,One-step deliberate signal,closer_to_player1,3,0.6847467621827795
session_27_player1,One-step deliberate signal,closer_to_player1,4,0.7001431945061406
session_27_player1,One-step deliberate signal,closer_to_player1,5,0.7246139319226859
session_27_player1,One-step deliberate signal,closer_to_player2,0,0.5
session_27_player1,One-step deliberate signal,closer_to_player2,1,0.5035955837037034
session_27_player1,One-step deliberate signal,closer_to_player2,2,0.5093903281371434
session_27_player1,One-step deliberate signal,closer_to_player2,3,0.5054951928722887
session_27_player1,One-step deliberate signal,closer_to_player2,4,0.48196942796300846
session_27_player1,One-step deliberate signal,closer_to_player2,5,0.5231553717368551
session_27_player1,One-step deliberate signal,equal_to_both,0,0.5
session_27_player1,One-step deliberate signal,equal_to_both,1,0.995244524420978
session_27_player1,One-step deliberate signal,equal_to_both,2,0.9969362291892667
session_27_player1,One-step deliberate signal,equal_to_both,3,0.9999809208357662
session_27_player1,One-step deliberate signal,equal_to_both,4,0.9999812827747299
session_27_player1,One-step deliberate signal,equal_to_both,5,0.9999822409365802
session_27_player1,Opportunity-gated communicative action mixture,closer_to_player1,0,0.5
session_27_player1,Opportunity-gated communicative action mixture,closer_to_player1,1,0.6973240787893289
session_27_player1,Opportunity-gated communicative action mixture,closer_to_player1,2,0.8597470395858235
session_27_player1,Opportunity-gated communicative action mixture,closer_to_player1,3,0.8598230411378583
session_27_player1,Opportunity-gated communicative action mixture,closer_to_player1,4,0.9999999993348545
session_27_player1,Opportunity-gated communicative action mixture,closer_to_player1,5,0.9999999999826878
session_27_player1,Opportunity-gated communicative action mixture,closer_to_player2,0,0.5
session_27_player1,Opportunity-gated communicative action mixture,closer_to_player2,1,0.6701182402242933
session_27_player1,Opportunity-gated communicative action mixture,closer_to_player2,2,0.6681063139614208
session_27_player1,Opportunity-gated communicative action mixture,closer_to_player2,3,0.667758095410728
session_27_player1,Opportunity-gated communicative action mixture,closer_to_player2,4,0.7007376535168964
session_27_player1,Opportunity-gated communicative action mixture,closer_to_player2,5,0.6686866093549008
session_27_player1,Opportunity-gated communicative action mixture,equal_to_both,0,0.5
session_27_player1,Opportunity-gated communicative action mixture,equal_to_both,1,0.9884139121837812
session_27_player1,Opportunity-gated communicative action mixture,equal_to_both,2,0.9997397498050808
session_27_player1,Opportunity-gated communicative action mixture,equal_to_both,3,0.9999907743646119
session_27_player1,Opportunity-gated communicative action mixture,equal_to_both,4,0.9999917751461975
session_27_player1,Opportunity-gated communicative action mixture,equal_to_both,5,0.9999996878501214
session_27_player1,Shared agency no signaling,closer_to_player1,0,0.5
session_27_player1,Shared agency no signaling,closer_to_player1,1,0.6656447907089188
session_27_player1,Shared agency no signaling,closer_to_player1,2,0.6672091564035422
session_27_player1,Shared agency no signaling,closer_to_player1,3,0.6847467621827795
session_27_player1,Shared agency no signaling,closer_to_player1,4,0.7001431945061406
session_27_player1,Shared agency no signaling,closer_to_player1,5,0.7246139319226859
session_27_player1,Shared agency no signaling,closer_to_player2,0,0.5
session_27_player1,Shared agency no signaling,closer_to_player2,1,0.5035955837037034
session_27_player1,Shared agency no signaling,closer_to_player2,2,0.5093903281371434
session_27_player1,Shared agency no signaling,closer_to_player2,3,0.5054951928722887
session_27_player1,Shared agency no signaling,closer_to_player2,4,0.48196942796300846
session_27_player1,Shared agency no signaling,closer_to_player2,5,0.5231553717368551
session_27_player1,Shared agency no signaling,equal_to_both,0,0.5
session_27_player1,Shared agency no signaling,equal_to_both,1,0.995244524420978
session_27_player1,Shared agency no signaling,equal_to_both,2,0.9969362291892667
session_27_player1,Shared agency no signaling,equal_to_both,3,0.9999809208357662
session_27_player1,Shared agency no signaling,equal_to_both,4,0.9999812827747299
session_27_player1,Shared agency no signaling,equal_to_both,5,0.9999822409365802
session_27_player2,Goal-contrast signaling,closer_to_player1,0,0.5
session_27_player2,Goal-contrast signaling,closer_to_player1,1,0.4971417085314713
session_27_player2,Goal-contrast signaling,closer_to_player1,2,0.49556955093369354
session_27_player2,Goal-contrast signaling,closer_to_player1,3,0.49979282071319053
session_27_player2,Goal-contrast signaling,closer_to_player1,4,0.6133123803468193
session_27_player2,Goal-contrast signaling,closer_to_player1,5,0.4768411292233677
session_27_player2,Goal-contrast signaling,closer_to_player2,0,0.5
session_27_player2,Goal-contrast signaling,closer_to_player2,1,0.5035009744029255
session_27_player2,Goal-contrast signaling,closer_to_player2,2,0.8086859108084141
session_27_player2,Goal-contrast signaling,closer_to_player2,3,0.8061200758482351
session_27_player2,Goal-contrast signaling,closer_to_player2,4,0.8633767704251974
session_27_player2,Goal-contrast signaling,closer_to_player2,5,0.9145575294113854
session_27_player2,Goal-contrast signaling,equal_to_both,0,0.5
session_27_player2,Goal-contrast signaling,equal_to_both,1,0.7407630013056064
session_27_player2,Goal-contrast signaling,equal_to_both,2,0.746604576118031
session_27_player2,Goal-contrast signaling,equal_to_both,3,0.6865753267388885
session_27_player2,Goal-contrast signaling,equal_to_both,4,0.9999227084971876
session_27_player2,Goal-contrast signaling,equal_to_both,5,0.999994504651325
session_27_player2,One-step deliberate signal,closer_to_player1,0,0.5
session_27_player2,One-step deliberate signal,closer_to_player1,1,0.5023989142008576
session_27_player2,One-step deliberate signal,closer_to_player1,2,0.6697956408001495
session_27_player2,One-step deliberate signal,closer_to_player1,3,0.6688229508490364
session_27_player2,One-step deliberate signal,closer_to_player1,4,0.626515566040499
session_27_player2,One-step deliberate signal,closer_to_player1,5,0.6856734630500202
session_27_player2,One-step deliberate signal,closer_to_player2,0,0.5
session_27_player2,One-step deliberate signal,closer_to_player2,1,0.4569335929645917
session_27_player2,One-step deliberate signal,closer_to_player2,2,0.42427462630603785
session_27_player2,One-step deliberate signal,closer_to_player2,3,0.42180690759380013
session_27_player2,One-step deliberate signal,closer_to_player2,4,0.32033791489180435
session_27_player2,One-step deliberate signal,closer_to_player2,5,0.6293892718672932
session_27_player2,One-step deliberate signal,equal_to_both,0,0.5
session_27_player2,One-step deliberate signal,equal_to_both,1,0.7482626643742122
session_27_player2,One-step deliberate signal,equal_to_both,2,0.9966494455961075
session_27_player2,One-step deliberate signal,equal_to_both,3,0.9983227259354006
session_27_player2,One-step deliberate signal,equal_to_both,4,0.9982893045864598
session_27_player2,One-step deliberate signal,equal_to_both,5,0.9999924447731732
session_27_player2,Opportunity-gated communicative action mixture,closer_to_player1,0,0.5
session_27_player2,Opportunity-gated communicative action mixture,closer_to_player1,1,0.5030279149021119
session_27_player2,Opportunity-gated communicative action mixture,closer_to_player1,2,0.8021311052621156
session_27_player2,Opportunity-gated communicative action mixture,closer_to_player1,3,0.8346390579324573
session_27_player2,Opportunity-gated communicative action mixture,closer_to_player1,4,0.7516951252673829
session_27_player2,Opportunity-gated communicative action mixture,closer_to_player1,5,0.7548324201461181
session_27_player2,Opportunity-gated communicative action mixture,closer_to_player2,0,0.5
session_27_player2,Opportunity-gated communicative action mixture,closer_to_player2,1,0.6696770745686388
session_27_player2,Opportunity-gated communicative action mixture,closer_to_player2,2,0.6467984475515033
session_27_player2,Opportunity-gated communicative action mixture,closer_to_player2,3,0.6743544997093974
session_27_player2,Opportunity-gated communicative action mixture,closer_to_player2,4,0.6204507927017139
session_27_player2,Opportunity-gated communicative action mixture,closer_to_player2,5,0.8644902909474741
session_27_player2,Opportunity-gated communicative action mixture,equal_to_both,0,0.5
session_27_player2,Opportunity-gated communicative action mixture,equal_to_both,1,0.9877710076740409
session_27_player2,Opportunity-gated communicative action mixture,equal_to_both,2,0.996675544729041
session_27_player2,Opportunity-gated communicative action mixture,equal_to_both,3,0.9997605152684872
session_27_player2,Opportunity-gated communicative action mixture,equal_to_both,4,0.9999753080192539
session_27_player2,Opportunity-gated communicative action mixture,equal_to_both,5,0.9999758266212821
session_27_player2,Shared agency no signaling,closer_to_player1,0,0.5
session_27_player2,Shared agency no signaling,closer_to_player1,1,0.5023989142008576
session_27_player2,Shared agency no signaling,closer_to_player1,2,0.6697956408001495
session_27_player2,Shared agency no signaling,closer_to_player1,3,0.6688229508490364
session_27_player2,Shared agency no signaling,closer_to_player1,4,0.626515566040499
session_27_player2,Shared agency no signaling,closer_to_player1,5,0.6856734630500202
session_27_player2,Shared agency no signaling,closer_to_player2,0,0.5
session_27_player2,Shared agency no signaling,closer_to_player2,1,0.4569335929645917
session_27_player2,Shared agency no signaling,closer_to_player2,2,0.42427462630603785
session_27_player2,Shared agency no signaling,closer_to_player2,3,0.42180690759380013
session_27_player2,Shared agency no signaling,closer_to_player2,4,0.32033791489180435
session_27_player2,Shared agency no signaling,closer_to_player2,5,0.6293892718672932
session_27_player2,Shared agency no signaling,equal_to_both,0,0.5
session_27_player2,Shared agency no signaling,equal_to_both,1,0.7482626643742122
session_27_player2,Shared agency no signaling,equal_to_both,2,0.9966494455961075
session_27_player2,Shared agency no signaling,equal_to_both,3,0.9983227259354006
session_27_player2,Shared agency no signaling,equal_to_both,4,0.9982893045864598
session_27_player2,Shared agency no signaling,equal_to_both,5,0.9999924447731732
session_28_player1,Goal-contrast signaling,closer_to_player1,0,0.5
session_28_player1,Goal-contrast signaling,closer_to_player1,1,0.28936437317027935
session_28_player1,Goal-contrast signaling,closer_to_player1,2,0.3466255337528856
session_28_player1,Goal-contrast signaling,closer_to_player1,3,0.4010542300392103
session_28_player1,Goal-contrast signaling,closer_to_player1,4,0.31201197338153935
session_28_player1,Goal-contrast signaling,closer_to_player1,5,0.4037689502310462
session_28_player1,Goal-contrast signaling,closer_to_player2,0,0.5
session_28_player1,Goal-contrast signaling,closer_to_player2,1,0.6631850055086348
session_28_player1,Goal-contrast signaling,closer_to_player2,2,0.6700239074261254
session_28_player1,Goal-contrast signaling,closer_to_player2,3,0.6709472672570412
session_28_player1,Goal-contrast signaling,closer_to_player2,4,0.67145710719892
session_28_player1,Goal-contrast signaling,closer_to_player2,5,0.6691401485891365
session_28_player1,Goal-contrast signaling,equal_to_both,0,0.5
session_28_player1,Goal-contrast signaling,equal_to_both,1,0.981334115936914
session_28_player1,Goal-contrast signaling,equal_to_both,2,0.9994596369199514
session_28_player1,Goal-contrast signaling,equal_to_both,3,0.9995463366946572
session_28_player1,Goal-contrast signaling,equal_to_both,4,0.8843050491699652
session_28_player1,Goal-contrast signaling,equal_to_both,5,0.8862886054634569
session_28_player1,One-step deliberate signal,closer_to_player1,0,0.5
session_28_player1,One-step deliberate signal,closer_to_player1,1,0.6675242774616988
session_28_player1,One-step deliberate signal,closer_to_player1,2,0.8572312511941772
session_28_player1,One-step deliberate signal,closer_to_player1,3,0.8767840704175435
session_28_player1,One-step deliberate signal,closer_to_player1,4,0.8614289626663815
session_28_player1,One-step deliberate signal,closer_to_player1,5,0.913016630432162
session_28_player1,One-step deliberate signal,closer_to_player2,0,0.5
session_28_player1,One-step deliberate signal,closer_to_player2,1,0.5005664337705058
session_28_player1,One-step deliberate signal,closer_to_player2,2,0.4969382606851962
session_28_player1,One-step deliberate signal,closer_to_player2,3,0.5269064671589855
session_28_player1,One-step deliberate signal,closer_to_player2,4,0.4809233307810066
session_28_player1,One-step deliberate signal,closer_to_player2,5,0.5477689790738057
session_28_player1,One-step deliberate signal,equal_to_both,0,0.5
session_28_player1,One-step deliberate signal,equal_to_both,1,0.5019284621017995
session_28_player1,One-step deliberate signal,equal_to_both,2,0.9925815994465387
session_28_player1,One-step deliberate signal,equal_to_both,3,0.9928126818285318
session_28_player1,One-step deliberate signal,equal_to_both,4,0.9964932861645209
session_28_player1,One-step deliberate signal,equal_to_both,5,0.999977782425384
session_28_player1,Opportunity-gated communicative action mixture,closer_to_player1,0,0.5
session_28_player1,Opportunity-gated communicative action mixture,closer_to_player1,1,0.3452048015750348
session_28_player1,Opportunity-gated communicative action mixture,closer_to_player1,2,0.34098838670981063
session_28_player1,Opportunity-gated communicative action mixture,closer_to_player1,3,0.36047489435576513
session_28_player1,Opportunity-gated communicative action mixture,closer_to_player1,4,0.3992836098339134
session_28_player1,Opportunity-gated communicative action mixture,closer_to_player1,5,0.4054716547305601
session_28_player1,Opportunity-gated communicative action mixture,closer_to_player2,0,0.5
session_28_player1,Opportunity-gated communicative action mixture,closer_to_player2,1,0.6599796143306619
session_28_player1,Opportunity-gated communicative action mixture,closer_to_player2,2,0.3939646800211316
session_28_player1,Opportunity-gated communicative action mixture,closer_to_player2,3,0.6769675893811282
session_28_player1,Opportunity-gated communicative action mixture,closer_to_player2,4,0.7745879795753403
session_28_player1,Opportunity-gated communicative action mixture,closer_to_player2,5,0.7103598364451548
session_28_player1,Opportunity-gated communicative action mixture,equal_to_both,0,0.5
session_28_player1,Opportunity-gated communicative action mixture,equal_to_both,1,0.9860958764901386
session_28_player1,Opportunity-gated communicative action mixture,equal_to_both,2,0.9945382312615032
session_28_player1,Opportunity-gated communicative action mixture,equal_to_both,3,0.9945897961049472
session_28_player1,Opportunity-gated communicative action mixture,equal_to_both,4,0.938117430110119
session_28_player1,Opportunity-gated communicative action mixture,equal_to_both,5,0.9387713052859633
session_28_player1,Shared agency no signaling,closer_to_player1,0,0.5
session_28_player1,Shared agency no signaling,closer_to_player1,1,0.7511901209609126
session_28_player1,Shared agency no signaling,closer_to_player1,2,0.9987358780245343
session_28_player1,Shared agency no signaling,closer_to_player1,3,0.999017569646914
session_28_player1,Shared agency no signaling,closer_to_player1,4,0.9991563244899987
session_28_player1,Shared agency no signaling,closer_to_player1,5,0.9991573475370313
session_28_player1,Shared agency no signaling,closer_to_player2,0,0.5
session_28_player1,Shared agency no signaling,closer_to_player2,1,0.6655371529634355
session_28_player1,Shared agency no signaling,closer_to_player2,2,0.8390724661140404
session_28_player1,Shared agency no signaling,closer_to_player2,3,0.8890819379975895
session_28_player1,Shared agency no signaling,closer_to_player2,4,0.8301219790880077
session_28_player1,Shared agency no signaling,closer_to_player2,5,0.9998701599059809
session_28_player1,Shared agency no signaling,equal_to_both,0,0.5
session_28_player1,Shared agency no signaling,equal_to_both,1,0.6631589647937245
session_28_player1,Shared agency no signaling,equal_to_both,2,0.8263407977622391
session_28_player1,Shared agency no signaling,equal_to_both,3,0.8332375471200685
session_28_player1,Shared agency no signaling,equal_to_both,4,0.8333442261796766
session_28_player1,Shared agency no signaling,equal_to_both,5,0.999898741249747
session_28_player2,Goal-contrast signaling,closer_to_player1,0,0.5
session_28_player2,Goal-contrast signaling,closer_to_player1,1,0.6653310552798414
session_28_player2,Goal-contrast signaling,closer_to_player1,2,0.6667396731694741
session_28_player2,Goal-contrast signaling,closer_to_player1,3,0.6630228462869886
session_28_player2,Goal-contrast signaling,closer_to_player1,4,0.6604437468606831
session_28_player2,Goal-contrast signaling,closer_to_player1,5,0.6999817695907531
session_28_player2,Goal-contrast signaling,closer_to_player2,0,0.5
session_28_player2,Goal-contrast signaling,closer_to_player2,1,0.6730770805344882
session_28_player2,Goal-contrast signaling,closer_to_player2,2,0.6725058559063283
session_28_player2,Goal-contrast signaling,closer_to_player2,3,0.6663175499153934
session_28_player2,Goal-contrast signaling,closer_to_player2,4,0.6765810718429849
session_28_player2,Goal-contrast signaling,closer_to_player2,5,0.7103667681764566
session_28_player2,Goal-contrast signaling,equal_to_both,0,0.5
session_28_player2,Goal-contrast signaling,equal_to_both,1,0.9813341136724889
session_28_player2,Goal-contrast signaling,equal_to_both,2,0.9828477248697595
session_28_player2,Goal-contrast signaling,equal_to_both,3,0.9996969720348835
session_28_player2,Goal-contrast signaling,equal_to_both,4,0.9999919648827206
session_28_player2,Goal-contrast signaling,equal_to_both,5,0.9999996799547272
session_28_player2,One-step deliberate signal,closer_to_player1,0,0.5
session_28_player2,One-step deliberate signal,closer_to_player1,1,0.665370134055353
session_28_player2,One-step deliberate signal,closer_to_player1,2,0.6697034658026304
session_28_player2,One-step deliberate signal,closer_to_player1,3,0.6685946906668695
session_28_player2,One-step deliberate signal,closer_to_player1,4,0.6948047613017138
session_28_player2,One-step deliberate signal,closer_to_player1,5,0.7189833112221179
session_28_player2,One-step deliberate signal,closer_to_player2,0,0.5
session_28_player2,One-step deliberate signal,closer_to_player2,1,0.47307786974544674
session_28_player2,One-step deliberate signal,closer_to_player2,2,0.6723139480299
session_28_player2,One-step deliberate signal,closer_to_player2,3,0.6176817067292005
session_28_player2,One-step deliberate signal,closer_to_player2,4,0.7082695586040835
session_28_player2,One-step deliberate signal,closer_to_player2,5,0.9965738162889014
session_28_player2,One-step deliberate signal,equal_to_both,0,0.5
session_28_player2,One-step deliberate signal,equal_to_both,1,0.8305506301536262
session_28_player2,One-step deliberate signal,equal_to_both,2,0.8317662654311277
session_28_player2,One-step deliberate signal,equal_to_both,3,0.9926535871004522
session_28_player2,One-step deliberate signal,equal_to_both,4,0.9927133393166271
session_28_player2,One-step deliberate signal,equal_to_both,5,0.99995439875826
session_28_player2,Opportunity-gated communicative action mixture,closer_to_player1,0,0.5
session_28_player2,Opportunity-gated communicative action mixture,closer_to_player1,1,0.6651908832401937
session_28_player2,Opportunity-gated communicative action mixture,closer_to_player1,2,0.6666001759058348
session_28_player2,Opportunity-gated communicative action mixture,closer_to_player1,3,0.6668511916505185
session_28_player2,Opportunity-gated communicative action mixture,closer_to_player1,4,0.7039747073519678
session_28_player2,Opportunity-gated communicative action mixture,closer_to_player1,5,0.6514345441824897
session_28_player2,Opportunity-gated communicative action mixture,closer_to_player2,0,0.5
session_28_player2,Opportunity-gated communicative action mixture,closer_to_player2,1,0.833587307322912
session_28_player2,Opportunity-gated communicative action mixture,closer_to_player2,2,0.8320421631858351
session_28_player2,Opportunity-gated communicative action mixture,closer_to_player2,3,0.8340167894261078
session_28_player2,Opportunity-gated communicative action mixture,closer_to_player2,4,0.8198049902444708
session_28_player2,Opportunity-gated communicative action mixture,closer_to_player2,5,0.7961842682469729
session_28_player2,Opportunity-gated communicative action mixture,equal_to_both,0,0.5
session_28_player2,Opportunity-gated communicative action mixture,equal_to_both,1,0.9853229081046504
session_28_player2,Opportunity-gated communicative action mixture,equal_to_both,2,0.9864800818002695
session_28_player2,Opportunity-gated communicative action mixture,equal_to_both,3,0.999796994831804
session_28_player2,Opportunity-gated communicative action mixture,equal_to_both,4,0.9999412435677615
session_28_player2,Opportunity-gated communicative action mixture,equal_to_both,5,0.9999992637116469
session_28_player2,Shared agency no signaling,closer_to_player1,0,0.5
session_28_player2,Shared agency no signaling,closer_to_player1,1,0.7498641436607008
session_28_player2,Shared agency no signaling,closer_to_player1,2,0.2843021981991653
session_28_player2,Shared agency no signaling,closer_to_player1,3,0.27116838002184745
session_28_player2,Shared agency no signaling,closer_to_player1,4,0.7349710489009778
session_28_player2,Shared agency no signaling,closer_to_player1,5,0.7890749473315808
session_28_player2,Shared agency no signaling,closer_to_player2,0,0.5
session_28_player2,Shared agency no signaling,closer_to_player2,1,0.708092410429661
session_28_player2,Shared agency no signaling,closer_to_player2,2,0.9998369760065957
session_28_player2,Shared agency no signaling,closer_to_player2,3,0.9999660049150317
session_28_player2,Shared agency no signaling,closer_to_player2,4,0.9999999890380218
session_28_player2,Shared agency no signaling,closer_to_player2,5,0.999999999993378
session_28_player2,Shared agency no signaling,equal_to_both,0,0.5
session_28_player2,Shared agency no signaling,equal_to_both,1,0.500009200970089
session_28_player2,Shared agency no signaling,equal_to_both,2,0.8301729992395118
session_28_player2,Shared agency no signaling,equal_to_both,3,0.9959073652238127
session_28_player2,Shared agency no signaling,equal_to_both,4,0.9979452565390051
session_28_player2,Shared agency no signaling,equal_to_both,5,0.9999683011802739
session_29_player1,Goal-contrast signaling,closer_to_player1,0,0.5
session_29_player1,Goal-contrast signaling,closer_to_player1,1,0.5014508399271006
session_29_player1,Goal-contrast signaling,closer_to_player1,2,0.5021514493287317
session_29_player1,Goal-contrast signaling,closer_to_player1,3,0.5039723638891047
session_29_player1,Goal-contrast signaling,closer_to_player1,4,0.5535849714082435
session_29_player1,Goal-contrast signaling,closer_to_player1,5,0.5339406031030675
session_29_player1,Goal-contrast signaling,closer_to_player2,0,0.5
session_29_player1,Goal-contrast signaling,closer_to_player2,1,0.6633609669441078
session_29_player1,Goal-contrast signaling,closer_to_player2,2,0.6649607072190121
session_29_player1,Goal-contrast signaling,closer_to_player2,3,0.6658665434155345
session_29_player1,Goal-contrast signaling,closer_to_player2,4,0.669094606858358
session_29_player1,Goal-contrast signaling,closer_to_player2,5,0.6587958780878019
session_29_player1,Goal-contrast signaling,equal_to_both,0,0.5
session_29_player1,Goal-contrast signaling,equal_to_both,1,0.7520339083752487
session_29_player1,Goal-contrast signaling,equal_to_both,2,0.9982869911381067
session_29_player1,Goal-contrast signaling,equal_to_both,3,0.9983254052925242
session_29_player1,Goal-contrast signaling,equal_to_both,4,0.9983938561291577
session_29_player1,Goal-contrast signaling,equal_to_both,5,0.9999955201444974
session_29_player1,One-step deliberate signal,closer_to_player1,0,0.5
session_29_player1,One-step deliberate signal,closer_to_player1,1,0.8608373893534939
session_29_player1,One-step deliberate signal,closer_to_player1,2,0.8850065585344148
session_29_player1,One-step deliberate signal,closer_to_player1,3,0.902871263510043
session_29_player1,One-step deliberate signal,closer_to_player1,4,0.8711781777659623
session_29_player1,One-step deliberate signal,closer_to_player1,5,0.9061537763058904
session_29_player1,One-step deliberate signal,closer_to_player2,0,0.5
session_29_player1,One-step deliberate signal,closer_to_player2,1,0.6685466019741276
session_29_player1,One-step deliberate signal,closer_to_player2,2,0.674614776981905
session_29_player1,One-step deliberate signal,closer_to_player2,3,0.4698921114865243
session_29_player1,One-step deliberate signal,closer_to_player2,4,0.36788389290756607
session_29_player1,One-step deliberate signal,closer_to_player2,5,0.5211892879859116
session_29_player1,One-step deliberate signal,equal_to_both,0,0.5
session_29_player1,One-step deliberate signal,equal_to_both,1,0.5000050722070203
session_29_player1,One-step deliberate signal,equal_to_both,2,0.9992298121638034
session_29_player1,One-step deliberate signal,equal_to_both,3,0.999279499816191
session_29_player1,One-step deliberate signal,equal_to_both,4,0.9999994642427569
session_29_player1,One-step deliberate signal,equal_to_both,5,0.9999999991116659
session_29_player1,Opportunity-gated communicative action mixture,closer_to_player1,0,0.5
session_29_player1,Opportunity-gated communicative action mixture,closer_to_player1,1,0.5023500498478105
session_29_player1,Opportunity-gated communicative action mixture,closer_to_player1,2,0.5542580390804838
session_29_player1,Opportunity-gated communicative action mixture,closer_to_player1,3,0.7799351867777348
session_29_player1,Opportunity-gated communicative action mixture,closer_to_player1,4,0.7554891765319849
session_29_player1,Opportunity-gated communicative action mixture,closer_to_player1,5,0.8389242229567007
session_29_player1,Opportunity-gated communicative action mixture,closer_to_player2,0,0.5
session_29_player1,Opportunity-gated communicative action mixture,closer_to_player2,1,0.9832133207100195
session_29_player1,Opportunity-gated communicative action mixture,closer_to_player2,2,0.9995548400730752
session_29_player1,Opportunity-gated communicative action mixture,closer_to_player2,3,0.9999823672389756
session_29_player1,Opportunity-gated communicative action mixture,closer_to_player2,4,0.9999881055175638
session_29_player1,Opportunity-gated communicative action mixture,closer_to_player2,5,0.9999915638578433
session_29_player1,Opportunity-gated communicative action mixture,equal_to_both,0,0.5
session_29_player1,Opportunity-gated communicative action mixture,equal_to_both,1,0.9811855633287875
session_29_player1,Opportunity-gated communicative action mixture,equal_to_both,2,0.9994521592154567
session_29_player1,Opportunity-gated communicative action mixture,equal_to_both,3,0.999977430229591
session_29_player1,Opportunity-gated communicative action mixture,equal_to_both,4,0.9999832617793462
session_29_player1,Opportunity-gated communicative action mixture,equal_to_both,5,0.9999993320925203
session_29_player1,Shared agency no signaling,closer_to_player1,0,0.5
session_29_player1,Shared agency no signaling,closer_to_player1,1,0.8608373893534939
session_29_player1,Shared agency no signaling,closer_to_player1,2,0.8850065585344148
session_29_player1,Shared agency no signaling,closer_to_player1,3,0.902871263510043
session_29_player1,Shared agency no signaling,closer_to_player1,4,0.8711781777659623
session_29_player1,Shared agency no signaling,closer_to_player1,5,0.9061537763058904
session_29_player1,Shared agency no signaling,closer_to_player2,0,0.5
session_29_player1,Shared agency no signaling,closer_to_player2,1,0.6685466019741276
session_29_player1,Shared agency no signaling,closer_to_player2,2,0.674614776981905
session_29_player1,Shared agency no signaling,closer_to_player2,3,0.4698921114865243
session_29_player1,Shared agency no signaling,closer_to_player2,4,0.36788389290756607
session_29_player1,Shared agency no signaling,closer_to_player2,5,0.5211892879859116
session_29_player1,Shared agency no signaling,equal_to_both,0,0.5
session_29_player1,Shared agency no signaling,equal_to_both,1,0.5000050722070203
session_29_player1,Shared agency no signaling,equal_to_both,2,0.5000377031862013
session_29_player1,Shared agency no signaling,equal_to_both,3,0.9997008560964789
session_29_player1,Shared agency no signaling,equal_to_both,4,0.9999997776530575
session_29_player1,Shared agency no signaling,equal_to_both,5,0.9999999996313287
session_29_player2,Goal-contrast signaling,closer_to_player1,0,0.5
session_29_player2,Goal-contrast signaling,closer_to_player1,1,0.501035066097148
session_29_player2,Goal-contrast signaling,closer_to_player1,2,0.5019844592432391
session_29_player2,Goal-contrast signaling,closer_to_player1,3,0.5043376096150574
session_29_player2,Goal-contrast signaling,closer_to_player1,4,0.5093426137669891
session_29_player2,Goal-contrast signaling,closer_to_player1,5,0.5067481910738943
session_29_player2,Goal-contrast signaling,closer_to_player2,0,0.5
session_29_player2,Goal-contrast signaling,closer_to_player2,1,0.6854342727813627
session_29_player2,Goal-contrast signaling,closer_to_player2,2,0.6684943322241965
session_29_player2,Goal-contrast signaling,closer_to_player2,3,0.7235861753350523
session_29_player2,Goal-contrast signaling,closer_to_player2,4,0.748667967427789
session_29_player2,Goal-contrast signaling,closer_to_player2,5,0.7515841802301702
session_29_player2,Goal-contrast signaling,equal_to_both,0,0.5
session_29_player2,Goal-contrast signaling,equal_to_both,1,0.9915627478926129
session_29_player2,Goal-contrast signaling,equal_to_both,2,0.9917191971511875
session_29_player2,Goal-contrast signaling,equal_to_both,3,0.9917728889498981
session_29_player2,Goal-contrast signaling,equal_to_both,4,0.9917476908824351
session_29_player2,Goal-contrast signaling,equal_to_both,5,0.9950575588922388
session_29_player2,One-step deliberate signal,closer_to_player1,0,0.5
session_29_player2,One-step deliberate signal,closer_to_player1,1,0.5318478060885665
session_29_player2,One-step deliberate signal,closer_to_player1,2,0.8339548244909046
session_29_player2,One-step deliberate signal,closer_to_player1,3,0.8371999174122159
session_29_player2,One-step deliberate signal,closer_to_player1,4,0.8417784504180913
session_29_player2,One-step deliberate signal,closer_to_player1,5,0.8429452690999514
session_29_player2,One-step deliberate signal,closer_to_player2,0,0.5
session_29_player2,One-step deliberate signal,closer_to_player2,1,0.5758923863925557
session_29_player2,One-step deliberate signal,closer_to_player2,2,0.8173276631660266
session_29_player2,One-step deliberate signal,closer_to_player2,3,0.763983071547996
session_29_player2,One-step deliberate signal,closer_to_player2,4,0.7236275533925417
session_29_player2,One-step deliberate signal,closer_to_player2,5,0.6975969764952695
session_29_player2,One-step deliberate signal,equal_to_both,0,0.5
session_29_player2,One-step deliberate signal,equal_to_both,1,0.5000046919074111
session_29_player2,One-step deliberate signal,equal_to_both,2,0.500037265453448
session_29_player2,One-step deliberate signal,equal_to_both,3,0.9997008555728546
session_29_player2,One-step deliberate signal,equal_to_both,4,0.9999997776526682
session_29_player2,One-step deliberate signal,equal_to_both,5,0.999999999631328
session_29_player2,Opportunity-gated communicative action mixture,closer_to_player1,0,0.5
session_29_player2,Opportunity-gated communicative action mixture,closer_to_player1,1,0.5036461423846121
session_29_player2,Opportunity-gated communicative action mixture,closer_to_player1,2,0.5058628514451101
session_29_player2,Opportunity-gated communicative action mixture,closer_to_player1,3,0.5102507462875352
session_29_player2,Opportunity-gated communicative action mixture,closer_to_player1,4,0.5088099328346938
session_29_player2,Opportunity-gated communicative action mixture,closer_to_player1,5,0.45449856491897533
session_29_player2,Opportunity-gated communicative action mixture,closer_to_player2,0,0.5
session_29_player2,Opportunity-gated communicative action mixture,closer_to_player2,1,0.0032986896714889734
session_29_player2,Opportunity-gated communicative action mixture,closer_to_player2,2,0.9615763852825409
session_29_player2,Opportunity-gated communicative action mixture,closer_to_player2,3,0.9999862079175745
session_29_player2,Opportunity-gated communicative action mixture,closer_to_player2,4,0.9999999887671702
session_29_player2,Opportunity-gated communicative action mixture,closer_to_player2,5,0.9999999999802847
session_29_player2,Opportunity-gated communicative action mixture,equal_to_both,0,0.5
session_29_player2,Opportunity-gated communicative action mixture,equal_to_both,1,0.9828669630019589
session_29_player2,Opportunity-gated communicative action mixture,equal_to_both,2,0.9831940160261533
session_29_player2,Opportunity-gated communicative action mixture,equal_to_both,3,0.9997073467349381
session_29_player2,Opportunity-gated communicative action mixture,equal_to_both,4,0.9999923588082954
session_29_player2,Opportunity-gated communicative action mixture,equal_to_both,5,0.999999709995631
session_29_player2,Shared agency no signaling,closer_to_player1,0,0.5
session_29_player2,Shared agency no signaling,closer_to_player1,1,0.5318478060885665
session_29_player2,Shared agency no signaling,closer_to_player1,2,0.7207578467395329
session_29_player2,Shared agency no signaling,closer_to_player1,3,0.7482301529634201
session_29_player2,Shared agency no signaling,closer_to_player1,4,0.7748107977871834
session_29_player2,Shared agency no signaling,closer_to_player1,5,0.8088642595135292
session_29_player2,Shared agency no signaling,closer_to_player2,0,0.5
session_29_player2,Shared agency no signaling,closer_to_player2,1,0.5758923863925557
session_29_player2,Shared agency no signaling,closer_to_player2,2,0.6181918265707945
session_29_player2,Shared agency no signaling,closer_to_player2,3,0.7639813483972735
session_29_player2,Shared agency no signaling,closer_to_player2,4,0.7236275533660419
session_29_player2,Shared agency no signaling,closer_to_player2,5,0.6975969764788147
session_29_player2,Shared agency no signaling,equal_to_both,0,0.5
session_29_player2,Shared agency no signaling,equal_to_both,1,0.5000046919074111
session_29_player2,Shared agency no signaling,equal_to_both,2,0.500037265453448
session_29_player2,Shared agency no signaling,equal_to_both,3,0.00029923558479789177
session_29_player2,Shared agency no signaling,equal_to_both,4,0.7365922482116791
session_29_player2,Shared agency no signaling,equal_to_both,5,0.9998929884831447
session_2_player1,Goal-contrast signaling,closer_to_player1,0,0.5
session_2_player1,Goal-contrast signaling,closer_to_player1,1,0.6672865644896263
session_2_player1,Goal-contrast signaling,closer_to_player1,2,0.6646474449655146
session_2_player1,Goal-contrast signaling,closer_to_player1,3,0.6891279894837387
session_2_player1,Goal-contrast signaling,closer_to_player1,4,0.7346041309586021
session_2_player1,Goal-contrast signaling,closer_to_player1,5,0.7223540756057232
session_2_player1,Goal-contrast signaling,closer_to_player2,0,0.5
session_2_player1,Goal-contrast signaling,closer_to_player2,1,0.49865086004324005
session_2_player1,Goal-contrast signaling,closer_to_player2,2,0.49401018347624776
session_2_player1,Goal-contrast signaling,closer_to_player2,3,0.6670930042495001
session_2_player1,Goal-contrast signaling,closer_to_player2,4,0.6282831208418691
session_2_player1,Goal-contrast signaling,closer_to_player2,5,0.6833945506477845
session_2_player1,Goal-contrast signaling,equal_to_both,0,0.5
session_2_player1,Goal-contrast signaling,equal_to_both,1,0.9937861171073064
session_2_player1,Goal-contrast signaling,equal_to_both,2,0.6590523673214876
session_2_player1,Goal-contrast signaling,equal_to_both,3,0.9980890453163976
session_2_player1,Goal-contrast signaling,equal_to_both,4,0.9981846481544496
session_2_player1,Goal-contrast signaling,equal_to_both,5,0.9999968165120182
session_2_player1,One-step deliberate signal,closer_to_player1,0,0.5
session_2_player1,One-step deliberate signal,closer_to_player1,1,0.6941292072877218
session_2_player1,One-step deliberate signal,closer_to_player1,2,0.8256040958995045
session_2_player1,One-step deliberate signal,closer_to_player1,3,0.8819312744965071
session_2_player1,One-step deliberate signal,closer_to_player1,4,0.9282772718465973
session_2_player1,One-step deliberate signal,closer_to_player1,5,0.9600794337593829
session_2_player1,One-step deliberate signal,closer_to_player2,0,0.5
session_2_player1,One-step deliberate signal,closer_to_player2,1,0.49868398855519375
session_2_player1,One-step deliberate signal,closer_to_player2,2,0.6665484263828131
session_2_player1,One-step deliberate signal,closer_to_player2,3,0.667518051894915
session_2_player1,One-step deliberate signal,closer_to_player2,4,0.6251979411058101
session_2_player1,One-step deliberate signal,closer_to_player2,5,0.6803159490140119
session_2_player1,One-step deliberate signal,equal_to_both,0,0.5
session_2_player1,One-step deliberate signal,equal_to_both,1,0.5044238183017291
session_2_player1,One-step deliberate signal,equal_to_both,2,0.47416165669050914
session_2_player1,One-step deliberate signal,equal_to_both,3,0.8131949040260922
session_2_player1,One-step deliberate signal,equal_to_both,4,0.8132018437289559
session_2_player1,One-step deliberate signal,equal_to_both,5,0.9990094705178246
session_2_player1,Opportunity-gated communicative action mixture,closer_to_player1,0,0.5
session_2_player1,Opportunity-gated communicative action mixture,closer_to_player1,1,0.5048921385337294
session_2_player1,Opportunity-gated communicative action mixture,closer_to_player1,2,0.5044051063418893
session_2_player1,Opportunity-gated communicative action mixture,closer_to_player1,3,0.5246510281307368
session_2_player1,Opportunity-gated communicative action mixture,closer_to_player1,4,0.5380400854194763
session_2_player1,Opportunity-gated communicative action mixture,closer_to_player1,5,0.8420339043914681
session_2_player1,Opportunity-gated communicative action mixture,closer_to_player2,0,0.5
session_2_player1,Opportunity-gated communicative action mixture,closer_to_player2,1,0.5042085939070852
session_2_player1,Opportunity-gated communicative action mixture,closer_to_player2,2,0.5792548854507136
session_2_player1,Opportunity-gated communicative action mixture,closer_to_player2,3,0.6555945924538894
session_2_player1,Opportunity-gated communicative action mixture,closer_to_player2,4,0.7233787574915483
session_2_player1,Opportunity-gated communicative action mixture,closer_to_player2,5,0.836592821173212
session_2_player1,Opportunity-gated communicative action mixture,equal_to_both,0,0.5
session_2_player1,Opportunity-gated communicative action mixture,equal_to_both,1,0.660643761528935
session_2_player1,Opportunity-gated communicative action mixture,equal_to_both,2,0.9975936560911146
session_2_player1,Opportunity-gated communicative action mixture,equal_to_both,3,0.7789400624855839
session_2_player1,Opportunity-gated communicative action mixture,equal_to_both,4,0.9977912615569378
session_2_player1,Opportunity-gated communicative action mixture,equal_to_both,5,0.9978045323694386
session_2_player1,Shared agency no signaling,closer_to_player1,0,0.5
session_2_player1,Shared agency no signaling,closer_to_player1,1,0.6663870943461734
session_2_player1,Shared agency no signaling,closer_to_player1,2,0.6668797906545364
session_2_player1,Shared agency no signaling,closer_to_player1,3,0.6668646194963115
session_2_player1,Shared agency no signaling,closer_to_player1,4,0.6668144758373006
session_2_player1,Shared agency no signaling,closer_to_player1,5,0.6667821393200403
session_2_player1,Shared agency no signaling,closer_to_player2,0,0.5
session_2_player1,Shared agency no signaling,closer_to_player2,1,0.4964067187247106
session_2_player1,Shared agency no signaling,closer_to_player2,2,0.7477553360780914
session_2_player1,Shared agency no signaling,closer_to_player2,3,0.7095908781576509
session_2_player1,Shared agency no signaling,closer_to_player2,4,0.7828657692589784
session_2_player1,Shared agency no signaling,closer_to_player2,5,0.9968401632138217
session_2_player1,Shared agency no signaling,equal_to_both,0,0.5
session_2_player1,Shared agency no signaling,equal_to_both,1,0.49724509282350066
session_2_player1,Shared agency no signaling,equal_to_both,2,0.49793637364108617
session_2_player1,Shared agency no signaling,equal_to_both,3,0.6644541199501542
session_2_player1,Shared agency no signaling,equal_to_both,4,0.6644827246248347
session_2_player1,Shared agency no signaling,equal_to_both,5,0.9710541416739833
session_2_player2,Goal-contrast signaling,closer_to_player1,0,0.5
session_2_player2,Goal-contrast signaling,closer_to_player1,1,0.7183159516337381
session_2_player2,Goal-contrast signaling,closer_to_player1,2,0.7663389504634921
session_2_player2,Goal-contrast signaling,closer_to_player1,3,0.7962754863294684
session_2_player2,Goal-contrast signaling,closer_to_player1,4,0.8126370821830949
session_2_player2,Goal-contrast signaling,closer_to_player1,5,0.8209960443607806
session_2_player2,Goal-contrast signaling,closer_to_player2,0,0.5
session_2_player2,Goal-contrast signaling,closer_to_player2,1,0.6896259119126084
session_2_player2,Goal-contrast signaling,closer_to_player2,2,0.8302663907899738
session_2_player2,Goal-contrast signaling,closer_to_player2,3,0.8324486127747842
session_2_player2,Goal-contrast signaling,closer_to_player2,4,0.8489538381749501
session_2_player2,Goal-contrast signaling,closer_to_player2,5,0.8491656629522307
session_2_player2,Goal-contrast signaling,equal_to_both,0,0.5
session_2_player2,Goal-contrast signaling,equal_to_both,1,0.49557814983404963
session_2_player2,Goal-contrast signaling,equal_to_both,2,0.8353933072941002
session_2_player2,Goal-contrast signaling,equal_to_both,3,0.9995453048339946
session_2_player2,Goal-contrast signaling,equal_to_both,4,0.9999437912837013
session_2_player2,Goal-contrast signaling,equal_to_both,5,0.9999980887112462
session_2_player2,One-step deliberate signal,closer_to_player1,0,0.5
session_2_player2,One-step deliberate signal,closer_to_player1,1,0.6625829744772794
session_2_player2,One-step deliberate signal,closer_to_player1,2,0.8315083924344856
session_2_player2,One-step deliberate signal,closer_to_player1,3,0.8355326056067031
session_2_player2,One-step deliberate signal,closer_to_player1,4,0.8357122358974625
session_2_player2,One-step deliberate signal,closer_to_player1,5,0.8352019609475692
session_2_player2,One-step deliberate signal,closer_to_player2,0,0.5
session_2_player2,One-step deliberate signal,closer_to_player2,1,0.6947877347614083
session_2_player2,One-step deliberate signal,closer_to_player2,2,0.6371171396895593
session_2_player2,One-step deliberate signal,closer_to_player2,3,0.8548337228232691
session_2_player2,One-step deliberate signal,closer_to_player2,4,0.8385298162740109
session_2_player2,One-step deliberate signal,closer_to_player2,5,0.893955233801179
session_2_player2,One-step deliberate signal,equal_to_both,0,0.5
session_2_player2,One-step deliberate signal,equal_to_both,1,0.4955753751276523
session_2_player2,One-step deliberate signal,equal_to_both,2,0.5255952599466757
session_2_player2,One-step deliberate signal,equal_to_both,3,0.6845909707306093
session_2_player2,One-step deliberate signal,equal_to_both,4,0.6849891022444846
session_2_player2,One-step deliberate signal,equal_to_both,5,0.9971461179594951
session_2_player2,Opportunity-gated communicative action mixture,closer_to_player1,0,0.5
session_2_player2,Opportunity-gated communicative action mixture,closer_to_player1,1,0.8236143286074018
session_2_player2,Opportunity-gated communicative action mixture,closer_to_player1,2,0.8350428414641429
session_2_player2,Opportunity-gated communicative action mixture,closer_to_player1,3,0.8356879207392227
session_2_player2,Opportunity-gated communicative action mixture,closer_to_player1,4,0.8342456021106974
session_2_player2,Opportunity-gated communicative action mixture,closer_to_player1,5,0.8323118008493183
session_2_player2,Opportunity-gated communicative action mixture,closer_to_player2,0,0.5
session_2_player2,Opportunity-gated communicative action mixture,closer_to_player2,1,0.8323167792500739
session_2_player2,Opportunity-gated communicative action mixture,closer_to_player2,2,0.5606777936662556
session_2_player2,Opportunity-gated communicative action mixture,closer_to_player2,3,0.7878306663412776
session_2_player2,Opportunity-gated communicative action mixture,closer_to_player2,4,0.9995129619967055
session_2_player2,Opportunity-gated communicative action mixture,closer_to_player2,5,0.999768081712998
session_2_player2,Opportunity-gated communicative action mixture,equal_to_both,0,0.5
session_2_player2,Opportunity-gated communicative action mixture,equal_to_both,1,0.5004095504151939
session_2_player2,Opportunity-gated communicative action mixture,equal_to_both,2,0.1713101760397141
session_2_player2,Opportunity-gated communicative action mixture,equal_to_both,3,0.5980460558157821
session_2_player2,Opportunity-gated communicative action mixture,equal_to_both,4,0.7097479015236315
session_2_player2,Opportunity-gated communicative action mixture,equal_to_both,5,0.876922131349489
session_2_player2,Shared agency no signaling,closer_to_player1,0,0.5
session_2_player2,Shared agency no signaling,closer_to_player1,1,0.5008821956236712
session_2_player2,Shared agency no signaling,closer_to_player1,2,0.6650722706966627
session_2_player2,Shared agency no signaling,closer_to_player1,3,0.667801682578722
session_2_player2,Shared agency no signaling,closer_to_player1,4,0.6700469590006244
session_2_player2,Shared agency no signaling,closer_to_player1,5,0.6652978094552714
session_2_player2,Shared agency no signaling,closer_to_player2,0,0.5
session_2_player2,Shared agency no signaling,closer_to_player2,1,0.9996516777362151
session_2_player2,Shared agency no signaling,closer_to_player2,2,0.9996683634843637
session_2_player2,Shared agency no signaling,closer_to_player2,3,0.9999998635955833
session_2_player2,Shared agency no signaling,closer_to_player2,4,0.9999999997846355
session_2_player2,Shared agency no signaling,closer_to_player2,5,0.9999999999233617
session_2_player2,Shared agency no signaling,equal_to_both,0,0.5
session_2_player2,Shared agency no signaling,equal_to_both,1,0.4971798621757843
session_2_player2,Shared agency no signaling,equal_to_both,2,0.7169908398963002
session_2_player2,Shared agency no signaling,equal_to_both,3,0.7170094259556895
session_2_player2,Shared agency no signaling,equal_to_both,4,0.8830287010520275
session_2_player2,Shared agency no signaling,equal_to_both,5,0.9987335088015207
session_3_player1,Goal-contrast signaling,closer_to_player1,0,0.5
session_3_player1,Goal-contrast signaling,closer_to_player1,1,0.9992928256014496
session_3_player1,Goal-contrast signaling,closer_to_player1,2,0.9994247472674909
session_3_player1,Goal-contrast signaling,closer_to_player1,3,0.9999989245042064
session_3_player1,Goal-contrast signaling,closer_to_player1,4,0.9999989644041857
session_3_player1,Goal-contrast signaling,closer_to_player1,5,0.9999999982917003
session_3_player1,Goal-contrast signaling,closer_to_player2,0,0.5
session_3_player1,Goal-contrast signaling,closer_to_player2,1,0.6682854062993444
session_3_player1,Goal-contrast signaling,closer_to_player2,2,0.6467385126268306
session_3_player1,Goal-contrast signaling,closer_to_player2,3,0.6161150664083831
session_3_player1,Goal-contrast signaling,closer_to_player2,4,0.6887669940727309
session_3_player1,Goal-contrast signaling,closer_to_player2,5,0.8294892302326065
session_3_player1,Goal-contrast signaling,equal_to_both,0,0.5
session_3_player1,Goal-contrast signaling,equal_to_both,1,0.827604889209182
session_3_player1,Goal-contrast signaling,equal_to_both,2,0.9963542341085923
session_3_player1,Goal-contrast signaling,equal_to_both,3,0.9999144158706826
session_3_player1,Goal-contrast signaling,equal_to_both,4,0.9999980540322359
session_3_player1,Goal-contrast signaling,equal_to_both,5,0.999998255843145
session_3_player1,One-step deliberate signal,closer_to_player1,0,0.5
session_3_player1,One-step deliberate signal,closer_to_player1,1,0.6654109636829948
session_3_player1,One-step deliberate signal,closer_to_player1,2,0.7161243980588269
session_3_player1,One-step deliberate signal,closer_to_player1,3,0.871204410904609
session_3_player1,One-step deliberate signal,closer_to_player1,4,0.9999999944779825
session_3_player1,One-step deliberate signal,closer_to_player1,5,0.9999999999974909
session_3_player1,One-step deliberate signal,closer_to_player2,0,0.5
session_3_player1,One-step deliberate signal,closer_to_player2,1,0.4588243948285712
session_3_player1,One-step deliberate signal,closer_to_player2,2,0.7782393381973872
session_3_player1,One-step deliberate signal,closer_to_player2,3,0.9877374677695326
session_3_player1,One-step deliberate signal,closer_to_player2,4,0.999789162348529
session_3_player1,One-step deliberate signal,closer_to_player2,5,0.999988713371122
session_3_player1,One-step deliberate signal,equal_to_both,0,0.5
session_3_player1,One-step deliberate signal,equal_to_both,1,0.5000081004850137
session_3_player1,One-step deliberate signal,equal_to_both,2,0.9982957200117151
session_3_player1,One-step deliberate signal,equal_to_both,3,0.999148603136057
session_3_player1,One-step deliberate signal,equal_to_both,4,0.9991665035032871
session_3_player1,One-step deliberate signal,equal_to_both,5,0.9999993108872698
session_3_player1,Opportunity-gated communicative action mixture,closer_to_player1,0,0.5
session_3_player1,Opportunity-gated communicative action mixture,closer_to_player1,1,0.805552257720207
session_3_player1,Opportunity-gated communicative action mixture,closer_to_player1,2,0.7819205399173844
session_3_player1,Opportunity-gated communicative action mixture,closer_to_player1,3,0.8072930571558725
session_3_player1,Opportunity-gated communicative action mixture,closer_to_player1,4,0.7557570378591542
session_3_player1,Opportunity-gated communicative action mixture,closer_to_player1,5,0.7177579370484809
session_3_player1,Opportunity-gated communicative action mixture,closer_to_player2,0,0.5
session_3_player1,Opportunity-gated communicative action mixture,closer_to_player2,1,0.8232028786891982
session_3_player1,Opportunity-gated communicative action mixture,closer_to_player2,2,0.8349278756121379
session_3_player1,Opportunity-gated communicative action mixture,closer_to_player2,3,0.8352800591016306
session_3_player1,Opportunity-gated communicative action mixture,closer_to_player2,4,0.8355046520288845
session_3_player1,Opportunity-gated communicative action mixture,closer_to_player2,5,0.8350774583982042
session_3_player1,Opportunity-gated communicative action mixture,equal_to_both,0,0.5
session_3_player1,Opportunity-gated communicative action mixture,equal_to_both,1,0.8290874919698292
session_3_player1,Opportunity-gated communicative action mixture,equal_to_both,2,0.9958103702751937
session_3_player1,Opportunity-gated communicative action mixture,equal_to_both,3,0.9999349009418274
session_3_player1,Opportunity-gated communicative action mixture,equal_to_both,4,0.9999973368455298
session_3_player1,Opportunity-gated communicative action mixture,equal_to_both,5,0.9999977352704095
session_3_player1,Shared agency no signaling,closer_to_player1,0,0.5
session_3_player1,Shared agency no signaling,closer_to_player1,1,0.6654109636829948
session_3_player1,Shared agency no signaling,closer_to_player1,2,0.7161243980588269
session_3_player1,Shared agency no signaling,closer_to_player1,3,0.871204410904609
session_3_player1,Shared agency no signaling,closer_to_player1,4,0.9999999944779825
session_3_player1,Shared agency no signaling,closer_to_player1,5,0.9999999999974909
session_3_player1,Shared agency no signaling,closer_to_player2,0,0.5
session_3_player1,Shared agency no signaling,closer_to_player2,1,0.4588243948285712
session_3_player1,Shared agency no signaling,closer_to_player2,2,0.5305582670855968
session_3_player1,Shared agency no signaling,closer_to_player2,3,0.8061106658808708
session_3_player1,Shared agency no signaling,closer_to_player2,4,0.9996192788773178
session_3_player1,Shared agency no signaling,closer_to_player2,5,0.999989218808599
session_3_player1,Shared agency no signaling,equal_to_both,0,0.5
session_3_player1,Shared agency no signaling,equal_to_both,1,0.5000081004850137
session_3_player1,Shared agency no signaling,equal_to_both,2,0.9982957200117151
session_3_player1,Shared agency no signaling,equal_to_both,3,0.999148603136057
session_3_player1,Shared agency no signaling,equal_to_both,4,0.9991665035032871
session_3_player1,Shared agency no signaling,equal_to_both,5,0.9999993108872698
session_3_player2,Goal-contrast signaling,closer_to_player1,0,0.5
session_3_player2,Goal-contrast signaling,closer_to_player1,1,0.9796460145596413
session_3_player2,Goal-contrast signaling,closer_to_player1,2,0.9861205591301481
session_3_player2,Goal-contrast signaling,closer_to_player1,3,0.9951522621620398
session_3_player2,Goal-contrast signaling,closer_to_player1,4,0.9999405726805771
session_3_player2,Goal-contrast signaling,closer_to_player1,5,0.9999588779579502
session_3_player2,Goal-contrast signaling,closer_to_player2,0,0.5
session_3_player2,Goal-contrast signaling,closer_to_player2,1,0.8342861280968515
session_3_player2,Goal-contrast signaling,closer_to_player2,2,0.8357438128679807
session_3_player2,Goal-contrast signaling,closer_to_player2,3,0.8377171832557057
session_3_player2,Goal-contrast signaling,closer_to_player2,4,0.8234899622360755
session_3_player2,Goal-contrast signaling,closer_to_player2,5,0.7997205435555456
session_3_player2,Goal-contrast signaling,equal_to_both,0,0.5
session_3_player2,Goal-contrast signaling,equal_to_both,1,0.6626140108619595
session_3_player2,Goal-contrast signaling,equal_to_both,2,0.9917363008584085
session_3_player2,Goal-contrast signaling,equal_to_both,3,0.995349702623041
session_3_player2,Goal-contrast signaling,equal_to_both,4,0.9988137091383237
session_3_player2,Goal-contrast signaling,equal_to_both,5,0.9999970381720326
session_3_player2,One-step deliberate signal,closer_to_player1,0,0.5
session_3_player2,One-step deliberate signal,closer_to_player1,1,0.611091236408742
session_3_player2,One-step deliberate signal,closer_to_player1,2,0.8180695940024978
session_3_player2,One-step deliberate signal,closer_to_player1,3,0.8139900401014688
session_3_player2,One-step deliberate signal,closer_to_player1,4,0.8364622064915376
session_3_player2,One-step deliberate signal,closer_to_player1,5,0.8010431420561573
session_3_player2,One-step deliberate signal,closer_to_player2,0,0.5
session_3_player2,One-step deliberate signal,closer_to_player2,1,0.9989883992604869
session_3_player2,One-step deliberate signal,closer_to_player2,2,0.9999972610137831
session_3_player2,One-step deliberate signal,closer_to_player2,3,0.9999998875561991
session_3_player2,One-step deliberate signal,closer_to_player2,4,0.9999999997499491
session_3_player2,One-step deliberate signal,closer_to_player2,5,0.9999999999342423
session_3_player2,One-step deliberate signal,equal_to_both,0,0.5
session_3_player2,One-step deliberate signal,equal_to_both,1,0.9966382545554962
session_3_player2,One-step deliberate signal,equal_to_both,2,0.9999791883072929
session_3_player2,One-step deliberate signal,equal_to_both,3,0.9999896015619443
session_3_player2,One-step deliberate signal,equal_to_both,4,0.9999998301340682
session_3_player2,One-step deliberate signal,equal_to_both,5,0.9999999366359054
session_3_player2,Opportunity-gated communicative action mixture,closer_to_player1,0,0.5
session_3_player2,Opportunity-gated communicative action mixture,closer_to_player1,1,0.822492938792989
session_3_player2,Opportunity-gated communicative action mixture,closer_to_player1,2,0.8230501344846678
session_3_player2,Opportunity-gated communicative action mixture,closer_to_player1,3,0.8356636077315908
session_3_player2,Opportunity-gated communicative action mixture,closer_to_player1,4,0.8341407123200067
session_3_player2,Opportunity-gated communicative action mixture,closer_to_player1,5,0.7546549554827102
session_3_player2,Opportunity-gated communicative action mixture,closer_to_player2,0,0.5
session_3_player2,Opportunity-gated communicative action mixture,closer_to_player2,1,0.667228596503878
session_3_player2,Opportunity-gated communicative action mixture,closer_to_player2,2,0.8354759435029125
session_3_player2,Opportunity-gated communicative action mixture,closer_to_player2,3,0.837449008859016
session_3_player2,Opportunity-gated communicative action mixture,closer_to_player2,4,0.8234897533228512
session_3_player2,Opportunity-gated communicative action mixture,closer_to_player2,5,0.7997203349067507
session_3_player2,Opportunity-gated communicative action mixture,equal_to_both,0,0.5
session_3_player2,Opportunity-gated communicative action mixture,equal_to_both,1,0.4998689893353718
session_3_player2,Opportunity-gated communicative action mixture,equal_to_both,2,0.8308217463805408
session_3_player2,Opportunity-gated communicative action mixture,equal_to_both,3,0.8308407855917781
session_3_player2,Opportunity-gated communicative action mixture,equal_to_both,4,0.9976985464888767
session_3_player2,Opportunity-gated communicative action mixture,equal_to_both,5,0.9999778824110557
session_3_player2,Shared agency no signaling,closer_to_player1,0,0.5
session_3_player2,Shared agency no signaling,closer_to_player1,1,0.611091236408742
session_3_player2,Shared agency no signaling,closer_to_player1,2,0.5721917600950557
session_3_player2,Shared agency no signaling,closer_to_player1,3,0.5296662052982346
session_3_player2,Shared agency no signaling,closer_to_player1,4,0.820616884872464
session_3_player2,Shared agency no signaling,closer_to_player1,5,0.8012592256081975
session_3_player2,Shared agency no signaling,closer_to_player2,0,0.5
session_3_player2,Shared agency no signaling,closer_to_player2,1,0.9989883992604869
session_3_player2,Shared agency no signaling,closer_to_player2,2,0.9998320605759508
session_3_player2,Shared agency no signaling,closer_to_player2,3,0.9998408950468183
session_3_player2,Shared agency no signaling,closer_to_player2,4,0.999999972338572
session_3_player2,Shared agency no signaling,closer_to_player2,5,0.9999999999790901
session_3_player2,Shared agency no signaling,equal_to_both,0,0.5
session_3_player2,Shared agency no signaling,equal_to_both,1,0.9966382545554962
session_3_player2,Shared agency no signaling,equal_to_both,2,0.9983166384353739
session_3_player2,Shared agency no signaling,equal_to_both,3,0.9999840625444212
session_3_player2,Shared agency no signaling,equal_to_both,4,0.9999943342504632
session_3_player2,Shared agency no signaling,equal_to_both,5,0.9999999184254416
session_4_player1,Goal-contrast signaling,closer_to_player1,0,0.5
session_4_player1,Goal-contrast signaling,closer_to_player1,1,0.8331962703465283
session_4_player1,Goal-contrast signaling,closer_to_player1,2,0.8387922813057961
session_4_player1,Goal-contrast signaling,closer_to_player1,3,0.8337331062669199
session_4_player1,Goal-contrast signaling,closer_to_player1,4,0.8246288345300128
session_4_player1,Goal-contrast signaling,closer_to_player1,5,0.8093856896392667
session_4_player1,Goal-contrast signaling,closer_to_player2,0,0.5
session_4_player1,Goal-contrast signaling,closer_to_player2,1,0.5190038388107886
session_4_player1,Goal-contrast signaling,closer_to_player2,2,0.5098131994441653
session_4_player1,Goal-contrast signaling,closer_to_player2,3,0.5196153262989536
session_4_player1,Goal-contrast signaling,closer_to_player2,4,0.5770783541517881
session_4_player1,Goal-contrast signaling,closer_to_player2,5,0.5507153735814176
session_4_player1,Goal-contrast signaling,equal_to_both,0,0.5
session_4_player1,Goal-contrast signaling,equal_to_both,1,0.7446621624035683
session_4_player1,Goal-contrast signaling,equal_to_both,2,0.7499067547594594
session_4_player1,Goal-contrast signaling,equal_to_both,3,0.749998103102639
session_4_player1,Goal-contrast signaling,equal_to_both,4,0.9991481663884557
session_4_player1,Goal-contrast signaling,equal_to_both,5,0.9999971237279578
session_4_player1,One-step deliberate signal,closer_to_player1,0,0.5
session_4_player1,One-step deliberate signal,closer_to_player1,1,0.48441467326348725
session_4_player1,One-step deliberate signal,closer_to_player1,2,0.7063933226251615
session_4_player1,One-step deliberate signal,closer_to_player1,3,0.7326850401001325
session_4_player1,One-step deliberate signal,closer_to_player1,4,0.8290147407812515
session_4_player1,One-step deliberate signal,closer_to_player1,5,0.900679722496634
session_4_player1,One-step deliberate signal,closer_to_player2,0,0.5
session_4_player1,One-step deliberate signal,closer_to_player2,1,0.500117840450614
session_4_player1,One-step deliberate signal,closer_to_player2,2,0.4564826859933469
session_4_player1,One-step deliberate signal,closer_to_player2,3,0.5160278166700629
session_4_player1,One-step deliberate signal,closer_to_player2,4,0.5668617704730534
session_4_player1,One-step deliberate signal,closer_to_player2,5,0.603678901111959
session_4_player1,One-step deliberate signal,equal_to_both,0,0.5
session_4_player1,One-step deliberate signal,equal_to_both,1,0.6647564999956598
session_4_player1,One-step deliberate signal,equal_to_both,2,0.996812308383339
session_4_player1,One-step deliberate signal,equal_to_both,3,0.9994267956862122
session_4_player1,One-step deliberate signal,equal_to_both,4,0.9999985485579351
session_4_player1,One-step deliberate signal,equal_to_both,5,0.999999862812759
session_4_player1,Opportunity-gated communicative action mixture,closer_to_player1,0,0.5
session_4_player1,Opportunity-gated communicative action mixture,closer_to_player1,1,0.6685150897982967
session_4_player1,Opportunity-gated communicative action mixture,closer_to_player1,2,0.8388935943635061
session_4_player1,Opportunity-gated communicative action mixture,closer_to_player1,3,0.8378389303354101
session_4_player1,Opportunity-gated communicative action mixture,closer_to_player1,4,0.8626485302514756
session_4_player1,Opportunity-gated communicative action mixture,closer_to_player1,5,0.8819030002564833
session_4_player1,Opportunity-gated communicative action mixture,closer_to_player2,0,0.5
session_4_player1,Opportunity-gated communicative action mixture,closer_to_player2,1,0.5449305258360847
session_4_player1,Opportunity-gated communicative action mixture,closer_to_player2,2,0.3373262851903411
session_4_player1,Opportunity-gated communicative action mixture,closer_to_player2,3,0.41037673787724516
session_4_player1,Opportunity-gated communicative action mixture,closer_to_player2,4,0.5008582068887705
session_4_player1,Opportunity-gated communicative action mixture,closer_to_player2,5,0.500000707815702
session_4_player1,Opportunity-gated communicative action mixture,equal_to_both,0,0.5
session_4_player1,Opportunity-gated communicative action mixture,equal_to_both,1,0.4977386488743442
session_4_player1,Opportunity-gated communicative action mixture,equal_to_both,2,0.8175106634523854
session_4_player1,Opportunity-gated communicative action mixture,equal_to_both,3,0.8226678736525359
session_4_player1,Opportunity-gated communicative action mixture,equal_to_both,4,0.8225302465743516
session_4_player1,Opportunity-gated communicative action mixture,equal_to_both,5,0.8188033090569233
session_4_player1,Shared agency no signaling,closer_to_player1,0,0.5
session_4_player1,Shared agency no signaling,closer_to_player1,1,0.48441467326348725
session_4_player1,Shared agency no signaling,closer_to_player1,2,0.7063933226251615
session_4_player1,Shared agency no signaling,closer_to_player1,3,0.7326850401001325
session_4_player1,Shared agency no signaling,closer_to_player1,4,0.8290147407812515
session_4_player1,Shared agency no signaling,closer_to_player1,5,0.900679722496634
session_4_player1,Shared agency no signaling,closer_to_player2,0,0.5
session_4_player1,Shared agency no signaling,closer_to_player2,1,0.500117840450614
session_4_player1,Shared agency no signaling,closer_to_player2,2,0.4564826859933469
session_4_player1,Shared agency no signaling,closer_to_player2,3,0.5160278166700629
session_4_player1,Shared agency no signaling,closer_to_player2,4,0.5668617704730534
session_4_player1,Shared agency no signaling,closer_to_player2,5,0.603678901111959
session_4_player1,Shared agency no signaling,equal_to_both,0,0.5
session_4_player1,Shared agency no signaling,equal_to_both,1,0.6647564999956598
session_4_player1,Shared agency no signaling,equal_to_both,2,0.8307999490910102
session_4_player1,Shared agency no signaling,equal_to_both,3,0.99915812980409
session_4_player1,Shared agency no signaling,equal_to_both,4,0.9999980857932275
session_4_player1,Shared agency no signaling,equal_to_both,5,0.9999998613402239
session_4_player2,Goal-contrast signaling,closer_to_player1,0,0.5
session_4_player2,Goal-contrast signaling,closer_to_player1,1,0.6360013813450561
session_4_player2,Goal-contrast signaling,closer_to_player1,2,0.6104812736202507
session_4_player2,Goal-contrast signaling,closer_to_player1,3,0.5899396695241195
session_4_player2,Goal-contrast signaling,closer_to_player1,4,0.5461518704022964
session_4_player2,Goal-contrast signaling,closer_to_player1,5,0.620885313528751
session_4_player2,Goal-contrast signaling,closer_to_player2,0,0.5
session_4_player2,Goal-contrast signaling,closer_to_player2,1,0.7523123358045715
session_4_player2,Goal-contrast signaling,closer_to_player2,2,0.7573619114975783
session_4_player2,Goal-contrast signaling,closer_to_player2,3,0.7603651506682136
session_4_player2,Goal-contrast signaling,closer_to_player2,4,0.2753107462198444
session_4_player2,Goal-contrast signaling,closer_to_player2,5,0.2602875786912968
session_4_player2,Goal-contrast signaling,equal_to_both,0,0.5
session_4_player2,Goal-contrast signaling,equal_to_both,1,0.49981055599274427
session_4_player2,Goal-contrast signaling,equal_to_both,2,0.9938017099393435
session_4_player2,Goal-contrast signaling,equal_to_both,3,0.9938724092686597
session_4_player2,Goal-contrast signaling,equal_to_both,4,0.9969219976131445
session_4_player2,Goal-contrast signaling,equal_to_both,5,0.9999709312381562
session_4_player2,One-step deliberate signal,closer_to_player1,0,0.5
session_4_player2,One-step deliberate signal,closer_to_player1,1,0.5010573487222757
session_4_player2,One-step deliberate signal,closer_to_player1,2,0.5323297732043416
session_4_player2,One-step deliberate signal,closer_to_player1,3,0.561188782065567
session_4_player2,One-step deliberate signal,closer_to_player1,4,0.5870133770527272
session_4_player2,One-step deliberate signal,closer_to_player1,5,0.5647824604437388
session_4_player2,One-step deliberate signal,closer_to_player2,0,0.5
session_4_player2,One-step deliberate signal,closer_to_player2,1,0.5979229946733843
session_4_player2,One-step deliberate signal,closer_to_player2,2,0.631252900500669
session_4_player2,One-step deliberate signal,closer_to_player2,3,0.7099766981134931
session_4_player2,One-step deliberate signal,closer_to_player2,4,0.9430223085488009
session_4_player2,One-step deliberate signal,closer_to_player2,5,0.9690696913129525
session_4_player2,One-step deliberate signal,equal_to_both,0,0.5
session_4_player2,One-step deliberate signal,equal_to_both,1,0.6655235277614858
session_4_player2,One-step deliberate signal,equal_to_both,2,0.9983061415342681
session_4_player2,One-step deliberate signal,equal_to_both,3,0.9999843219036536
session_4_player2,One-step deliberate signal,equal_to_both,4,0.999997985983987
session_4_player2,One-step deliberate signal,equal_to_both,5,0.9999999511444496
session_4_player2,Opportunity-gated communicative action mixture,closer_to_player1,0,0.5
session_4_player2,Opportunity-gated communicative action mixture,closer_to_player1,1,0.6638820545643623
session_4_player2,Opportunity-gated communicative action mixture,closer_to_player1,2,0.6706535643926879
session_4_player2,Opportunity-gated communicative action mixture,closer_to_player1,3,0.6715815157582302
session_4_player2,Opportunity-gated communicative action mixture,closer_to_player1,4,0.835232831117068
session_4_player2,Opportunity-gated communicative action mixture,closer_to_player1,5,0.836060567544099
session_4_player2,Opportunity-gated communicative action mixture,closer_to_player2,0,0.5
session_4_player2,Opportunity-gated communicative action mixture,closer_to_player2,1,0.8011028705992272
session_4_player2,Opportunity-gated communicative action mixture,closer_to_player2,2,0.9982255588238357
session_4_player2,Opportunity-gated communicative action mixture,closer_to_player2,3,0.8591738677984359
session_4_player2,Opportunity-gated communicative action mixture,closer_to_player2,4,0.999989341759204
session_4_player2,Opportunity-gated communicative action mixture,closer_to_player2,5,0.9999999978151941
session_4_player2,Opportunity-gated communicative action mixture,equal_to_both,0,0.5
session_4_player2,Opportunity-gated communicative action mixture,equal_to_both,1,0.7468498767000715
session_4_player2,Opportunity-gated communicative action mixture,equal_to_both,2,0.9938573442103988
session_4_player2,Opportunity-gated communicative action mixture,equal_to_both,3,0.9939071717999509
session_4_player2,Opportunity-gated communicative action mixture,equal_to_both,4,0.999970398505758
session_4_player2,Opportunity-gated communicative action mixture,equal_to_both,5,0.9999898494393137
session_4_player2,Shared agency no signaling,closer_to_player1,0,0.5
session_4_player2,Shared agency no signaling,closer_to_player1,1,0.5010573487222757
session_4_player2,Shared agency no signaling,closer_to_player1,2,0.5323297732043416
session_4_player2,Shared agency no signaling,closer_to_player1,3,0.561188782065567
session_4_player2,Shared agency no signaling,closer_to_player1,4,0.5870133770527272
session_4_player2,Shared agency no signaling,closer_to_player1,5,0.5647824604437388
session_4_player2,Shared agency no signaling,closer_to_player2,0,0.5
session_4_player2,Shared agency no signaling,closer_to_player2,1,0.5979229946733843
session_4_player2,Shared agency no signaling,closer_to_player2,2,0.631252900500669
session_4_player2,Shared agency no signaling,closer_to_player2,3,0.7099766981134931
session_4_player2,Shared agency no signaling,closer_to_player2,4,0.9430223085488009
session_4_player2,Shared agency no signaling,closer_to_player2,5,0.9690696913129525
session_4_player2,Shared agency no signaling,equal_to_both,0,0.5
session_4_player2,Shared agency no signaling,equal_to_both,1,0.6655235277614858
session_4_player2,Shared agency no signaling,equal_to_both,2,0.9971991574753837
session_4_player2,Shared agency no signaling,equal_to_both,3,0.9988549704559461
session_4_player2,Shared agency no signaling,equal_to_both,4,0.999996595160822
session_4_player2,Shared agency no signaling,equal_to_both,5,0.9999978825107689
session_5_player1,Goal-contrast signaling,closer_to_player1,0,0.5
session_5_player1,Goal-contrast signaling,closer_to_player1,1,0.45986410217490176
session_5_player1,Goal-contrast signaling,closer_to_player1,2,0.8365184814716206
session_5_player1,Goal-contrast signaling,closer_to_player1,3,0.9026809951216107
session_5_player1,Goal-contrast signaling,closer_to_player1,4,0.9430359844091137
session_5_player1,Goal-contrast signaling,closer_to_player1,5,0.9690677805374762
session_5_player1,Goal-contrast signaling,closer_to_player2,0,0.5
session_5_player1,Goal-contrast signaling,closer_to_player2,1,0.5036599604207239
session_5_player1,Goal-contrast signaling,closer_to_player2,2,0.665880737144178
session_5_player1,Goal-contrast signaling,closer_to_player2,3,0.6718126466594557
session_5_player1,Goal-contrast signaling,closer_to_player2,4,0.6778210677834848
session_5_player1,Goal-contrast signaling,closer_to_player2,5,0.678323297173507
session_5_player1,Goal-contrast signaling,equal_to_both,0,0.5
session_5_player1,Goal-contrast signaling,equal_to_both,1,0.8262715064246563
session_5_player1,Goal-contrast signaling,equal_to_both,2,0.9931367107330983
session_5_player1,Goal-contrast signaling,equal_to_both,3,0.9944450623660357
session_5_player1,Goal-contrast signaling,equal_to_both,4,0.9999281648381967
session_5_player1,Goal-contrast signaling,equal_to_both,5,0.9999299155589836
session_5_player1,One-step deliberate signal,closer_to_player1,0,0.5
session_5_player1,One-step deliberate signal,closer_to_player1,1,0.663758108922778
session_5_player1,One-step deliberate signal,closer_to_player1,2,0.694998688337348
session_5_player1,One-step deliberate signal,closer_to_player1,3,0.7275644978891528
session_5_player1,One-step deliberate signal,closer_to_player1,4,0.714554157891607
session_5_player1,One-step deliberate signal,closer_to_player1,5,0.520120557596888
session_5_player1,One-step deliberate signal,closer_to_player2,0,0.5
session_5_player1,One-step deliberate signal,closer_to_player2,1,0.6673519241051368
session_5_player1,One-step deliberate signal,closer_to_player2,2,0.6669049747663749
session_5_player1,One-step deliberate signal,closer_to_player2,3,0.8320718431897657
session_5_player1,One-step deliberate signal,closer_to_player2,4,0.8614003539802463
session_5_player1,One-step deliberate signal,closer_to_player2,5,0.8851741028331387
session_5_player1,One-step deliberate signal,equal_to_both,0,0.5
session_5_player1,One-step deliberate signal,equal_to_both,1,0.7551642628745856
session_5_player1,One-step deliberate signal,equal_to_both,2,0.5047310161850058
session_5_player1,One-step deliberate signal,equal_to_both,3,0.819726351301334
session_5_player1,One-step deliberate signal,equal_to_both,4,0.9969626023923921
session_5_player1,One-step deliberate signal,equal_to_both,5,0.9999467020395363
session_5_player1,Opportunity-gated communicative action mixture,closer_to_player1,0,0.5
session_5_player1,Opportunity-gated communicative action mixture,closer_to_player1,1,0.8314079150441139
session_5_player1,Opportunity-gated communicative action mixture,closer_to_player1,2,0.832751008080053
session_5_player1,Opportunity-gated communicative action mixture,closer_to_player1,3,0.8120147596329953
session_5_player1,Opportunity-gated communicative action mixture,closer_to_player1,4,0.7999632744910631
session_5_player1,Opportunity-gated communicative action mixture,closer_to_player1,5,0.8248135322033389
session_5_player1,Opportunity-gated communicative action mixture,closer_to_player2,0,0.5
session_5_player1,Opportunity-gated communicative action mixture,closer_to_player2,1,0.8277467088423857
session_5_player1,Opportunity-gated communicative action mixture,closer_to_player2,2,0.8341842125430495
session_5_player1,Opportunity-gated communicative action mixture,closer_to_player2,3,0.8374272471475948
session_5_player1,Opportunity-gated communicative action mixture,closer_to_player2,4,0.836010374375631
session_5_player1,Opportunity-gated communicative action mixture,closer_to_player2,5,0.8458041843094396
session_5_player1,Opportunity-gated communicative action mixture,equal_to_both,0,0.5
session_5_player1,Opportunity-gated communicative action mixture,equal_to_both,1,0.5000968628727275
session_5_player1,Opportunity-gated communicative action mixture,equal_to_both,2,0.9937626781710107
session_5_player1,Opportunity-gated communicative action mixture,equal_to_both,3,0.9999324615318581
session_5_player1,Opportunity-gated communicative action mixture,equal_to_both,4,0.9999988264406755
session_5_player1,Opportunity-gated communicative action mixture,equal_to_both,5,0.999999968829787
session_5_player1,Shared agency no signaling,closer_to_player1,0,0.5
session_5_player1,Shared agency no signaling,closer_to_player1,1,0.663758108922778
session_5_player1,Shared agency no signaling,closer_to_player1,2,0.694998688337348
session_5_player1,Shared agency no signaling,closer_to_player1,3,0.7275644978891528
session_5_player1,Shared agency no signaling,closer_to_player1,4,0.714554157891607
session_5_player1,Shared agency no signaling,closer_to_player1,5,0.520120557596888
session_5_player1,Shared agency no signaling,closer_to_player2,0,0.5
session_5_player1,Shared agency no signaling,closer_to_player2,1,0.336287122090285
session_5_player1,Shared agency no signaling,closer_to_player2,2,0.3335858260097319
session_5_player1,Shared agency no signaling,closer_to_player2,3,0.4998218510910202
session_5_player1,Shared agency no signaling,closer_to_player2,4,0.5280737953717992
session_5_player1,Shared agency no signaling,closer_to_player2,5,0.5528753162505772
session_5_player1,Shared agency no signaling,equal_to_both,0,0.5
session_5_player1,Shared agency no signaling,equal_to_both,1,0.9827983842544424
session_5_player1,Shared agency no signaling,equal_to_both,2,0.9995348145322303
session_5_player1,Shared agency no signaling,equal_to_both,3,0.9999820749880586
session_5_player1,Shared agency no signaling,equal_to_both,4,0.9999834155120834
session_5_player1,Shared agency no signaling,equal_to_both,5,0.999999370357205
session_5_player2,Goal-contrast signaling,closer_to_player1,0,0.5
session_5_player2,Goal-contrast signaling,closer_to_player1,1,0.6633875788157295
session_5_player2,Goal-contrast signaling,closer_to_player1,2,0.36765528742801434
session_5_player2,Goal-contrast signaling,closer_to_player1,3,0.6232626076838134
session_5_player2,Goal-contrast signaling,closer_to_player1,4,0.8357979825985288
session_5_player2,Goal-contrast signaling,closer_to_player1,5,0.8321915982621979
session_5_player2,Goal-contrast signaling,closer_to_player2,0,0.5
session_5_player2,Goal-contrast signaling,closer_to_player2,1,0.4484888445555683
session_5_player2,Goal-contrast signaling,closer_to_player2,2,0.6738388780576648
session_5_player2,Goal-contrast signaling,closer_to_player2,3,0.7300173397535686
session_5_player2,Goal-contrast signaling,closer_to_player2,4,0.8062527079005445
session_5_player2,Goal-contrast signaling,closer_to_player2,5,0.4728690352911
session_5_player2,Goal-contrast signaling,equal_to_both,0,0.5
session_5_player2,Goal-contrast signaling,equal_to_both,1,0.6644666761301649
session_5_player2,Goal-contrast signaling,equal_to_both,2,0.8365533897502121
session_5_player2,Goal-contrast signaling,equal_to_both,3,0.9978958334887628
session_5_player2,Goal-contrast signaling,equal_to_both,4,0.9979178258680835
session_5_player2,Goal-contrast signaling,equal_to_both,5,0.9979335685781242
session_5_player2,One-step deliberate signal,closer_to_player1,0,0.5
session_5_player2,One-step deliberate signal,closer_to_player1,1,0.5033194904237476
session_5_player2,One-step deliberate signal,closer_to_player1,2,0.5056673047459861
session_5_player2,One-step deliberate signal,closer_to_player1,3,0.507179318092401
session_5_player2,One-step deliberate signal,closer_to_player1,4,0.5172698737496989
session_5_player2,One-step deliberate signal,closer_to_player1,5,0.503350236543122
session_5_player2,One-step deliberate signal,closer_to_player2,0,0.5
session_5_player2,One-step deliberate signal,closer_to_player2,1,0.5204862040364058
session_5_player2,One-step deliberate signal,closer_to_player2,2,0.5927697754741441
session_5_player2,One-step deliberate signal,closer_to_player2,3,0.5681525689791234
session_5_player2,One-step deliberate signal,closer_to_player2,4,0.9970000626606825
session_5_player2,One-step deliberate signal,closer_to_player2,5,0.9999920533393429
session_5_player2,One-step deliberate signal,equal_to_both,0,0.5
session_5_player2,One-step deliberate signal,equal_to_both,1,0.5078030762333646
session_5_player2,One-step deliberate signal,equal_to_both,2,0.8078503292774357
session_5_player2,One-step deliberate signal,equal_to_both,3,0.8080923983958803
session_5_player2,One-step deliberate signal,equal_to_both,4,0.9967010228150287
session_5_player2,One-step deliberate signal,equal_to_both,5,0.9999431582195775
session_5_player2,Opportunity-gated communicative action mixture,closer_to_player1,0,0.5
session_5_player2,Opportunity-gated communicative action mixture,closer_to_player1,1,0.19609991765102663
session_5_player2,Opportunity-gated communicative action mixture,closer_to_player1,2,0.7916574688897514
session_5_player2,Opportunity-gated communicative action mixture,closer_to_player1,3,0.7159579097747212
session_5_player2,Opportunity-gated communicative action mixture,closer_to_player1,4,0.8318873103769923
session_5_player2,Opportunity-gated communicative action mixture,closer_to_player1,5,0.8301915498762198
session_5_player2,Opportunity-gated communicative action mixture,closer_to_player2,0,0.5
session_5_player2,Opportunity-gated communicative action mixture,closer_to_player2,1,0.44820523682140984
session_5_player2,Opportunity-gated communicative action mixture,closer_to_player2,2,0.726169705248401
session_5_player2,Opportunity-gated communicative action mixture,closer_to_player2,3,0.8593064197875028
session_5_player2,Opportunity-gated communicative action mixture,closer_to_player2,4,0.8021890251029836
session_5_player2,Opportunity-gated communicative action mixture,closer_to_player2,5,0.7512850543173699
session_5_player2,Opportunity-gated communicative action mixture,equal_to_both,0,0.5
session_5_player2,Opportunity-gated communicative action mixture,equal_to_both,1,0.49999998573164944
session_5_player2,Opportunity-gated communicative action mixture,equal_to_both,2,0.49999996997499485
session_5_player2,Opportunity-gated communicative action mixture,equal_to_both,3,0.5000004183711592
session_5_player2,Opportunity-gated communicative action mixture,equal_to_both,4,0.9983014236289073
session_5_player2,Opportunity-gated communicative action mixture,equal_to_both,5,0.999994215251305
session_5_player2,Shared agency no signaling,closer_to_player1,0,0.5
session_5_player2,Shared agency no signaling,closer_to_player1,1,0.5033194904237476
session_5_player2,Shared agency no signaling,closer_to_player1,2,0.5056673047459861
session_5_player2,Shared agency no signaling,closer_to_player1,3,0.507179318092401
session_5_player2,Shared agency no signaling,closer_to_player1,4,0.5172698737496989
session_5_player2,Shared agency no signaling,closer_to_player1,5,0.503350236543122
session_5_player2,Shared agency no signaling,closer_to_player2,0,0.5
session_5_player2,Shared agency no signaling,closer_to_player2,1,0.8535833785366934
session_5_player2,Shared agency no signaling,closer_to_player2,2,0.8674798367958875
session_5_player2,Shared agency no signaling,closer_to_player2,3,0.843781156759464
session_5_player2,Shared agency no signaling,closer_to_player2,4,0.999999978036199
session_5_player2,Shared agency no signaling,closer_to_player2,5,0.9999999999867755
session_5_player2,Shared agency no signaling,equal_to_both,0,0.5
session_5_player2,Shared agency no signaling,equal_to_both,1,0.9827981835505919
session_5_player2,Shared agency no signaling,equal_to_both,2,0.9995348038268135
session_5_player2,Shared agency no signaling,equal_to_both,3,0.9999820743891086
session_5_player2,Shared agency no signaling,equal_to_both,4,0.999999042599086
session_5_player2,Shared agency no signaling,equal_to_both,5,0.9999991632459906
session_6_player1,Goal-contrast signaling,closer_to_player1,0,0.5
session_6_player1,Goal-contrast signaling,closer_to_player1,1,0.8053305268943941
session_6_player1,Goal-contrast signaling,closer_to_player1,2,0.9589242823673659
session_6_player1,Goal-contrast signaling,closer_to_player1,3,0.9738166067617292
session_6_player1,Goal-contrast signaling,closer_to_player1,4,0.9999124471197375
session_6_player1,Goal-contrast signaling,closer_to_player1,5,0.999999976845385
session_6_player1,Goal-contrast signaling,closer_to_player2,0,0.5
session_6_player1,Goal-contrast signaling,closer_to_player2,1,0.8190762263675717
session_6_player1,Goal-contrast signaling,closer_to_player2,2,0.5285970010470792
session_6_player1,Goal-contrast signaling,closer_to_player2,3,0.7840212504474869
session_6_player1,Goal-contrast signaling,closer_to_player2,4,0.8305555503682213
session_6_player1,Goal-contrast signaling,closer_to_player2,5,0.8342398184102185
session_6_player1,Goal-contrast signaling,equal_to_both,0,0.5
session_6_player1,Goal-contrast signaling,equal_to_both,1,0.9891423420932405
session_6_player1,Goal-contrast signaling,equal_to_both,2,0.989692503845126
session_6_player1,Goal-contrast signaling,equal_to_both,3,0.9943504012103803
session_6_player1,Goal-contrast signaling,equal_to_both,4,0.9943971020313387
session_6_player1,Goal-contrast signaling,equal_to_both,5,0.9944581506738831
session_6_player1,One-step deliberate signal,closer_to_player1,0,0.5
session_6_player1,One-step deliberate signal,closer_to_player1,1,0.859631518470786
session_6_player1,One-step deliberate signal,closer_to_player1,2,0.9999906961449199
session_6_player1,One-step deliberate signal,closer_to_player1,3,0.9999999987350686
session_6_player1,One-step deliberate signal,closer_to_player1,4,0.9999999999980834
session_6_player1,One-step deliberate signal,closer_to_player1,5,0.9999999999989555
session_6_player1,One-step deliberate signal,closer_to_player2,0,0.5
session_6_player1,One-step deliberate signal,closer_to_player2,1,0.5196758211335349
session_6_player1,One-step deliberate signal,closer_to_player2,2,0.6869500936573498
session_6_player1,One-step deliberate signal,closer_to_player2,3,0.8339934329916624
session_6_player1,One-step deliberate signal,closer_to_player2,4,0.535507583343613
session_6_player1,One-step deliberate signal,closer_to_player2,5,0.8134081722996983
session_6_player1,One-step deliberate signal,equal_to_both,0,0.5
session_6_player1,One-step deliberate signal,equal_to_both,1,0.7501331306905408
session_6_player1,One-step deliberate signal,equal_to_both,2,0.7504706115980215
session_6_player1,One-step deliberate signal,equal_to_both,3,0.753533022692447
session_6_player1,One-step deliberate signal,equal_to_both,4,0.8149731582731069
session_6_player1,One-step deliberate signal,equal_to_both,5,0.9996900238276605
session_6_player1,Opportunity-gated communicative action mixture,closer_to_player1,0,0.5
session_6_player1,Opportunity-gated communicative action mixture,closer_to_player1,1,0.8323514292947559
session_6_player1,Opportunity-gated communicative action mixture,closer_to_player1,2,0.8327928610813472
session_6_player1,Opportunity-gated communicative action mixture,closer_to_player1,3,0.8575270755897367
session_6_player1,Opportunity-gated communicative action mixture,closer_to_player1,4,0.9996510530114188
session_6_player1,Opportunity-gated communicative action mixture,closer_to_player1,5,0.9999979419976305
session_6_player1,Opportunity-gated communicative action mixture,closer_to_player2,0,0.5
session_6_player1,Opportunity-gated communicative action mixture,closer_to_player2,1,0.7506377911841169
session_6_player1,Opportunity-gated communicative action mixture,closer_to_player2,2,0.717005229096521
session_6_player1,Opportunity-gated communicative action mixture,closer_to_player2,3,0.7904903641949628
session_6_player1,Opportunity-gated communicative action mixture,closer_to_player2,4,0.7052151303843502
session_6_player1,Opportunity-gated communicative action mixture,closer_to_player2,5,0.5931387550348806
session_6_player1,Opportunity-gated communicative action mixture,equal_to_both,0,0.5
session_6_player1,Opportunity-gated communicative action mixture,equal_to_both,1,0.49998394665749835
session_6_player1,Opportunity-gated communicative action mixture,equal_to_both,2,0.49997107580259714
session_6_player1,Opportunity-gated communicative action mixture,equal_to_both,3,0.49972120736746445
session_6_player1,Opportunity-gated communicative action mixture,equal_to_both,4,0.9992215676487979
session_6_player1,Opportunity-gated communicative action mixture,equal_to_both,5,0.9999986917265343
session_6_player1,Shared agency no signaling,closer_to_player1,0,0.5
session_6_player1,Shared agency no signaling,closer_to_player1,1,0.859631518470786
session_6_player1,Shared agency no signaling,closer_to_player1,2,0.9999024162596645
session_6_player1,Shared agency no signaling,closer_to_player1,3,0.9999999474598952
session_6_player1,Shared agency no signaling,closer_to_player1,4,0.9999999999243356
session_6_player1,Shared agency no signaling,closer_to_player1,5,0.999998861034047
session_6_player1,Shared agency no signaling,closer_to_player2,0,0.5
session_6_player1,Shared agency no signaling,closer_to_player2,1,0.5196758211335349
session_6_player1,Shared agency no signaling,closer_to_player2,2,0.5252327487932474
session_6_player1,Shared agency no signaling,closer_to_player2,3,0.8320957366260101
session_6_player1,Shared agency no signaling,closer_to_player2,4,0.5354886856676595
session_6_player1,Shared agency no signaling,closer_to_player2,5,0.8134078865266017
session_6_player1,Shared agency no signaling,equal_to_both,0,0.5
session_6_player1,Shared agency no signaling,equal_to_both,1,0.7501331306905408
session_6_player1,Shared agency no signaling,equal_to_both,2,0.7504706115980215
session_6_player1,Shared agency no signaling,equal_to_both,3,0.753533022692447
session_6_player1,Shared agency no signaling,equal_to_both,4,0.8149731582731069
session_6_player1,Shared agency no signaling,equal_to_both,5,0.9996900238276605
session_6_player2,Goal-contrast signaling,closer_to_player1,0,0.5
session_6_player2,Goal-contrast signaling,closer_to_player1,1,0.5042715389043789
session_6_player2,Goal-contrast signaling,closer_to_player1,2,0.49896074747276026
session_6_player2,Goal-contrast signaling,closer_to_player1,3,0.5047394504055808
session_6_player2,Goal-contrast signaling,closer_to_player1,4,0.6204848814375242
session_6_player2,Goal-contrast signaling,closer_to_player1,5,0.8346613091103047
session_6_player2,Goal-contrast signaling,closer_to_player2,0,0.5
session_6_player2,Goal-contrast signaling,closer_to_player2,1,0.5040881839795363
session_6_player2,Goal-contrast signaling,closer_to_player2,2,0.8168779312605784
session_6_player2,Goal-contrast signaling,closer_to_player2,3,0.84059684058382
session_6_player2,Goal-contrast signaling,closer_to_player2,4,0.8414081577885401
session_6_player2,Goal-contrast signaling,closer_to_player2,5,0.8435215657908529
session_6_player2,Goal-contrast signaling,equal_to_both,0,0.5
session_6_player2,Goal-contrast signaling,equal_to_both,1,0.8232083752064184
session_6_player2,Goal-contrast signaling,equal_to_both,2,0.9991793750637857
session_6_player2,Goal-contrast signaling,equal_to_both,3,0.9997851867784798
session_6_player2,Goal-contrast signaling,equal_to_both,4,0.9998516858108237
session_6_player2,Goal-contrast signaling,equal_to_both,5,0.9998571179043753
session_6_player2,One-step deliberate signal,closer_to_player1,0,0.5
session_6_player2,One-step deliberate signal,closer_to_player1,1,0.6630847291234018
session_6_player2,One-step deliberate signal,closer_to_player1,2,0.6650783067884358
session_6_player2,One-step deliberate signal,closer_to_player1,3,0.6672177918344762
session_6_player2,One-step deliberate signal,closer_to_player1,4,0.7830516998122703
session_6_player2,One-step deliberate signal,closer_to_player1,5,0.996302841468892
session_6_player2,One-step deliberate signal,closer_to_player2,0,0.5
session_6_player2,One-step deliberate signal,closer_to_player2,1,0.7058925415508558
session_6_player2,One-step deliberate signal,closer_to_player2,2,0.7970709973884675
session_6_player2,One-step deliberate signal,closer_to_player2,3,0.8541967051080114
session_6_player2,One-step deliberate signal,closer_to_player2,4,0.9067111955451433
session_6_player2,One-step deliberate signal,closer_to_player2,5,0.9461052330813383
session_6_player2,One-step deliberate signal,equal_to_both,0,0.5
session_6_player2,One-step deliberate signal,equal_to_both,1,0.7497186389034105
session_6_player2,One-step deliberate signal,equal_to_both,2,0.9991464507364355
session_6_player2,One-step deliberate signal,equal_to_both,3,0.9991482497257824
session_6_player2,One-step deliberate signal,equal_to_both,4,0.9991358287015257
session_6_player2,One-step deliberate signal,equal_to_both,5,0.9973361813404348
session_6_player2,Opportunity-gated communicative action mixture,closer_to_player1,0,0.5
session_6_player2,Opportunity-gated communicative action mixture,closer_to_player1,1,0.5039652589650481
session_6_player2,Opportunity-gated communicative action mixture,closer_to_player1,2,0.4989795744140108
session_6_player2,Opportunity-gated communicative action mixture,closer_to_player1,3,0.6652347171802092
session_6_player2,Opportunity-gated communicative action mixture,closer_to_player1,4,0.7830077337868685
session_6_player2,Opportunity-gated communicative action mixture,closer_to_player1,5,0.9963026629779362
session_6_player2,Opportunity-gated communicative action mixture,closer_to_player2,0,0.5
session_6_player2,Opportunity-gated communicative action mixture,closer_to_player2,1,0.7515294987124757
session_6_player2,Opportunity-gated communicative action mixture,closer_to_player2,2,0.8043393088357248
session_6_player2,Opportunity-gated communicative action mixture,closer_to_player2,3,0.9999506710266077
session_6_player2,Opportunity-gated communicative action mixture,closer_to_player2,4,0.9999999917193032
session_6_player2,Opportunity-gated communicative action mixture,closer_to_player2,5,0.9999999999959337
session_6_player2,Opportunity-gated communicative action mixture,equal_to_both,0,0.5
session_6_player2,Opportunity-gated communicative action mixture,equal_to_both,1,0.5149197339456906
session_6_player2,Opportunity-gated communicative action mixture,equal_to_both,2,0.516274648639012
session_6_player2,Opportunity-gated communicative action mixture,equal_to_both,3,0.516604317599927
session_6_player2,Opportunity-gated communicative action mixture,equal_to_both,4,0.9992395308481568
session_6_player2,Opportunity-gated communicative action mixture,equal_to_both,5,0.9992647905780805
session_6_player2,Shared agency no signaling,closer_to_player1,0,0.5
session_6_player2,Shared agency no signaling,closer_to_player1,1,0.6630847291234018
session_6_player2,Shared agency no signaling,closer_to_player1,2,0.6650783067884358
session_6_player2,Shared agency no signaling,closer_to_player1,3,0.6672177918344762
session_6_player2,Shared agency no signaling,closer_to_player1,4,0.7830516998122703
session_6_player2,Shared agency no signaling,closer_to_player1,5,0.996302841468892
session_6_player2,Shared agency no signaling,closer_to_player2,0,0.5
session_6_player2,Shared agency no signaling,closer_to_player2,1,0.7058925415508558
session_6_player2,Shared agency no signaling,closer_to_player2,2,0.7970709973884675
session_6_player2,Shared agency no signaling,closer_to_player2,3,0.8541967051080114
session_6_player2,Shared agency no signaling,closer_to_player2,4,0.9067111955451433
session_6_player2,Shared agency no signaling,closer_to_player2,5,0.9461052330813383
session_6_player2,Shared agency no signaling,equal_to_both,0,0.5
session_6_player2,Shared agency no signaling,equal_to_both,1,0.7497186389034105
session_6_player2,Shared agency no signaling,equal_to_both,2,0.9991464507364355
session_6_player2,Shared agency no signaling,equal_to_both,3,0.9991482497257824
session_6_player2,Shared agency no signaling,equal_to_both,4,0.9991358287015257
session_6_player2,Shared agency no signaling,equal_to_both,5,0.9973361813404348
session_7_player1,Goal-contrast signaling,closer_to_player1,0,0.5
session_7_player1,Goal-contrast signaling,closer_to_player1,1,0.8330194349119345
session_7_player1,Goal-contrast signaling,closer_to_player1,2,0.8313748393566408
session_7_player1,Goal-contrast signaling,closer_to_player1,3,0.8333498628474342
session_7_player1,Goal-contrast signaling,closer_to_player1,4,0.8191527924403506
session_7_player1,Goal-contrast signaling,closer_to_player1,5,0.8535762964775077
session_7_player1,Goal-contrast signaling,closer_to_player2,0,0.5
session_7_player1,Goal-contrast signaling,closer_to_player2,1,0.5034832167830069
session_7_player1,Goal-contrast signaling,closer_to_player2,2,0.505723221013218
session_7_player1,Goal-contrast signaling,closer_to_player2,3,0.505191917076715
session_7_player1,Goal-contrast signaling,closer_to_player2,4,0.5083203757265395
session_7_player1,Goal-contrast signaling,closer_to_player2,5,0.5077155372636363
session_7_player1,Goal-contrast signaling,equal_to_both,0,0.5
session_7_player1,Goal-contrast signaling,equal_to_both,1,0.9829793381277376
session_7_player1,Goal-contrast signaling,equal_to_both,2,0.983251285346578
session_7_player1,Goal-contrast signaling,equal_to_both,3,0.9834317455789875
session_7_player1,Goal-contrast signaling,equal_to_both,4,0.9998218628363065
session_7_player1,Goal-contrast signaling,equal_to_both,5,0.999996964634608
session_7_player1,One-step deliberate signal,closer_to_player1,0,0.5
session_7_player1,One-step deliberate signal,closer_to_player1,1,0.5472063258581453
session_7_player1,One-step deliberate signal,closer_to_player1,2,0.8334474109765052
session_7_player1,One-step deliberate signal,closer_to_player1,3,0.8543914122897281
session_7_player1,One-step deliberate signal,closer_to_player1,4,0.8025857697336287
session_7_player1,One-step deliberate signal,closer_to_player1,5,0.8486798740016082
session_7_player1,One-step deliberate signal,closer_to_player2,0,0.5
session_7_player1,One-step deliberate signal,closer_to_player2,1,0.5005599395224264
session_7_player1,One-step deliberate signal,closer_to_player2,2,0.6706679132515951
session_7_player1,One-step deliberate signal,closer_to_player2,3,0.6732715015769345
session_7_player1,One-step deliberate signal,closer_to_player2,4,0.6708107690366732
session_7_player1,One-step deliberate signal,closer_to_player2,5,0.6313394265435076
session_7_player1,One-step deliberate signal,equal_to_both,0,0.5
session_7_player1,One-step deliberate signal,equal_to_both,1,0.7483203626442612
session_7_player1,One-step deliberate signal,equal_to_both,2,0.9952526460268247
session_7_player1,One-step deliberate signal,equal_to_both,3,0.9999616316446409
session_7_player1,One-step deliberate signal,equal_to_both,4,0.9999938439223163
session_7_player1,One-step deliberate signal,equal_to_both,5,0.9999940549729586
session_7_player1,Opportunity-gated communicative action mixture,closer_to_player1,0,0.5
session_7_player1,Opportunity-gated communicative action mixture,closer_to_player1,1,0.8338437902745172
session_7_player1,Opportunity-gated communicative action mixture,closer_to_player1,2,0.8689216283453777
session_7_player1,Opportunity-gated communicative action mixture,closer_to_player1,3,0.999965882062372
session_7_player1,Opportunity-gated communicative action mixture,closer_to_player1,4,0.9999999600825208
session_7_player1,Opportunity-gated communicative action mixture,closer_to_player1,5,0.9999999995231565
session_7_player1,Opportunity-gated communicative action mixture,closer_to_player2,0,0.5
session_7_player1,Opportunity-gated communicative action mixture,closer_to_player2,1,0.5004972892525503
session_7_player1,Opportunity-gated communicative action mixture,closer_to_player2,2,0.5008962863856276
session_7_player1,Opportunity-gated communicative action mixture,closer_to_player2,3,0.7499506507511604
session_7_player1,Opportunity-gated communicative action mixture,closer_to_player2,4,0.6886507767176039
session_7_player1,Opportunity-gated communicative action mixture,closer_to_player2,5,0.7741475162579197
session_7_player1,Opportunity-gated communicative action mixture,equal_to_both,0,0.5
session_7_player1,Opportunity-gated communicative action mixture,equal_to_both,1,0.6610072088265984
session_7_player1,Opportunity-gated communicative action mixture,equal_to_both,2,0.9903321506005978
session_7_player1,Opportunity-gated communicative action mixture,equal_to_both,3,0.9938506083706339
session_7_player1,Opportunity-gated communicative action mixture,equal_to_both,4,0.9999380370219849
session_7_player1,Opportunity-gated communicative action mixture,equal_to_both,5,0.9999989243523203
session_7_player1,Shared agency no signaling,closer_to_player1,0,0.5
session_7_player1,Shared agency no signaling,closer_to_player1,1,0.5472063258581453
session_7_player1,Shared agency no signaling,closer_to_player1,2,0.8334474109765052
session_7_player1,Shared agency no signaling,closer_to_player1,3,0.8543914122897281
session_7_player1,Shared agency no signaling,closer_to_player1,4,0.8025857697336287
session_7_player1,Shared agency no signaling,closer_to_player1,5,0.8486798740016082
session_7_player1,Shared agency no signaling,closer_to_player2,0,0.5
session_7_player1,Shared agency no signaling,closer_to_player2,1,0.5005599395224264
session_7_player1,Shared agency no signaling,closer_to_player2,2,0.6706679132515951
session_7_player1,Shared agency no signaling,closer_to_player2,3,0.6732715015769345
session_7_player1,Shared agency no signaling,closer_to_player2,4,0.6708107690366732
session_7_player1,Shared agency no signaling,closer_to_player2,5,0.6313394265435076
session_7_player1,Shared agency no signaling,equal_to_both,0,0.5
session_7_player1,Shared agency no signaling,equal_to_both,1,0.7483203626442612
session_7_player1,Shared agency no signaling,equal_to_both,2,0.7483278934114077
session_7_player1,Shared agency no signaling,equal_to_both,3,0.9983152377098368
session_7_player1,Shared agency no signaling,equal_to_both,4,0.9999840087090837
session_7_player1,Shared agency no signaling,equal_to_both,5,0.9999843361396588
session_7_player2,Goal-contrast signaling,closer_to_player1,0,0.5
session_7_player2,Goal-contrast signaling,closer_to_player1,1,0.8233164636627602
session_7_player2,Goal-contrast signaling,closer_to_player1,2,0.8241561829520356
session_7_player2,Goal-contrast signaling,closer_to_player1,3,0.5177298874780581
session_7_player2,Goal-contrast signaling,closer_to_player1,4,0.7784279971120375
session_7_player2,Goal-contrast signaling,closer_to_player1,5,0.7750381606219464
session_7_player2,Goal-contrast signaling,closer_to_player2,0,0.5
session_7_player2,Goal-contrast signaling,closer_to_player2,1,0.4924297139177453
session_7_player2,Goal-contrast signaling,closer_to_player2,2,0.6796184378758339
session_7_player2,Goal-contrast signaling,closer_to_player2,3,0.7339585780407444
session_7_player2,Goal-contrast signaling,closer_to_player2,4,0.7538168547485352
session_7_player2,Goal-contrast signaling,closer_to_player2,5,0.7961496936792346
session_7_player2,Goal-contrast signaling,equal_to_both,0,0.5
session_7_player2,Goal-contrast signaling,equal_to_both,1,0.9817784801897437
session_7_player2,Goal-contrast signaling,equal_to_both,2,0.9994907453467917
session_7_player2,Goal-contrast signaling,equal_to_both,3,0.9995591589048518
session_7_player2,Goal-contrast signaling,equal_to_both,4,0.9999883163967443
session_7_player2,Goal-contrast signaling,equal_to_both,5,0.9999890419957057
session_7_player2,One-step deliberate signal,closer_to_player1,0,0.5
session_7_player2,One-step deliberate signal,closer_to_player1,1,0.49609343413182166
session_7_player2,One-step deliberate signal,closer_to_player1,2,0.49306843176700826
session_7_player2,One-step deliberate signal,closer_to_player1,3,0.48742537152809917
session_7_player2,One-step deliberate signal,closer_to_player1,4,0.4502818003139486
session_7_player2,One-step deliberate signal,closer_to_player1,5,0.45834233830837023
session_7_player2,One-step deliberate signal,closer_to_player2,0,0.5
session_7_player2,One-step deliberate signal,closer_to_player2,1,0.6129612990659222
session_7_player2,One-step deliberate signal,closer_to_player2,2,0.7543734314939525
session_7_player2,One-step deliberate signal,closer_to_player2,3,0.757265139572558
session_7_player2,One-step deliberate signal,closer_to_player2,4,0.794572835623515
session_7_player2,One-step deliberate signal,closer_to_player2,5,0.7946829756614808
session_7_player2,One-step deliberate signal,equal_to_both,0,0.5
session_7_player2,One-step deliberate signal,equal_to_both,1,0.7446617024348318
session_7_player2,One-step deliberate signal,equal_to_both,2,0.9990545247778825
session_7_player2,One-step deliberate signal,equal_to_both,3,0.9991489535607403
session_7_player2,One-step deliberate signal,equal_to_both,4,0.9991641517073997
session_7_player2,One-step deliberate signal,equal_to_both,5,0.9992538658630856
session_7_player2,Opportunity-gated communicative action mixture,closer_to_player1,0,0.5
session_7_player2,Opportunity-gated communicative action mixture,closer_to_player1,1,0.6669878179710507
session_7_player2,Opportunity-gated communicative action mixture,closer_to_player1,2,0.8691588503847693
session_7_player2,Opportunity-gated communicative action mixture,closer_to_player1,3,0.9875408561815305
session_7_player2,Opportunity-gated communicative action mixture,closer_to_player1,4,0.9928409753862294
session_7_player2,Opportunity-gated communicative action mixture,closer_to_player1,5,0.9942515569416063
session_7_player2,Opportunity-gated communicative action mixture,closer_to_player2,0,0.5
session_7_player2,Opportunity-gated communicative action mixture,closer_to_player2,1,0.4681199299801649
session_7_player2,Opportunity-gated communicative action mixture,closer_to_player2,2,0.3538552020487056
session_7_player2,Opportunity-gated communicative action mixture,closer_to_player2,3,0.7803775109029922
session_7_player2,Opportunity-gated communicative action mixture,closer_to_player2,4,0.5000221309031218
session_7_player2,Opportunity-gated communicative action mixture,closer_to_player2,5,0.5000300025492472
session_7_player2,Opportunity-gated communicative action mixture,equal_to_both,0,0.5
session_7_player2,Opportunity-gated communicative action mixture,equal_to_both,1,0.826479170467167
session_7_player2,Opportunity-gated communicative action mixture,equal_to_both,2,0.993764162113966
session_7_player2,Opportunity-gated communicative action mixture,equal_to_both,3,0.9941792528472752
session_7_player2,Opportunity-gated communicative action mixture,equal_to_both,4,0.9998892607877861
session_7_player2,Opportunity-gated communicative action mixture,equal_to_both,5,0.99989346589626
session_7_player2,Shared agency no signaling,closer_to_player1,0,0.5
session_7_player2,Shared agency no signaling,closer_to_player1,1,0.49609343413182166
session_7_player2,Shared agency no signaling,closer_to_player1,2,0.49306843176700826
session_7_player2,Shared agency no signaling,closer_to_player1,3,0.48742537152809917
session_7_player2,Shared agency no signaling,closer_to_player1,4,0.4502818003139486
session_7_player2,Shared agency no signaling,closer_to_player1,5,0.45834233830837023
session_7_player2,Shared agency no signaling,closer_to_player2,0,0.5
session_7_player2,Shared agency no signaling,closer_to_player2,1,0.6129612990659222
session_7_player2,Shared agency no signaling,closer_to_player2,2,0.7543734314939525
session_7_player2,Shared agency no signaling,closer_to_player2,3,0.757265139572558
session_7_player2,Shared agency no signaling,closer_to_player2,4,0.794572835623515
session_7_player2,Shared agency no signaling,closer_to_player2,5,0.7946829756614808
session_7_player2,Shared agency no signaling,equal_to_both,0,0.5
session_7_player2,Shared agency no signaling,equal_to_both,1,0.7446617024348318
session_7_player2,Shared agency no signaling,equal_to_both,2,0.7447643927450638
session_7_player2,Shared agency no signaling,equal_to_both,3,0.7498892825589933
session_7_player2,Shared agency no signaling,equal_to_both,4,0.749459536063479
session_7_player2,Shared agency no signaling,equal_to_both,5,0.9998921326631102
session_8_player1,Goal-contrast signaling,closer_to_player1,0,0.5
session_8_player1,Goal-contrast signaling,closer_to_player1,1,0.5411513745525149
session_8_player1,Goal-contrast signaling,closer_to_player1,2,0.5771581533793634
session_8_player1,Goal-contrast signaling,closer_to_player1,3,0.7285050657430031
session_8_player1,Goal-contrast signaling,closer_to_player1,4,0.9987584364866818
session_8_player1,Goal-contrast signaling,closer_to_player1,5,0.9999978985841501
session_8_player1,Goal-contrast signaling,closer_to_player2,0,0.5
session_8_player1,Goal-contrast signaling,closer_to_player2,1,0.6581163170566507
session_8_player1,Goal-contrast signaling,closer_to_player2,2,0.8193019069826762
session_8_player1,Goal-contrast signaling,closer_to_player2,3,0.8295767517607993
session_8_player1,Goal-contrast signaling,closer_to_player2,4,0.9998060922273578
session_8_player1,Goal-contrast signaling,closer_to_player2,5,0.9999642777978123
session_8_player1,Goal-contrast signaling,equal_to_both,0,0.5
session_8_player1,Goal-contrast signaling,equal_to_both,1,0.8241033815855237
session_8_player1,Goal-contrast signaling,equal_to_both,2,0.8296928452212238
session_8_player1,Goal-contrast signaling,equal_to_both,3,0.8297244747689089
session_8_player1,Goal-contrast signaling,equal_to_both,4,0.8297407409948172
session_8_player1,Goal-contrast signaling,equal_to_both,5,0.9961602154118335
session_8_player1,One-step deliberate signal,closer_to_player1,0,0.5
session_8_player1,One-step deliberate signal,closer_to_player1,1,0.49798166448734427
session_8_player1,One-step deliberate signal,closer_to_player1,2,0.46371226079933847
session_8_player1,One-step deliberate signal,closer_to_player1,3,0.5206485017067641
session_8_player1,One-step deliberate signal,closer_to_player1,4,0.5731568377771488
session_8_player1,One-step deliberate signal,closer_to_player1,5,0.9458818575092146
session_8_player1,One-step deliberate signal,closer_to_player2,0,0.5
session_8_player1,One-step deliberate signal,closer_to_player2,1,0.6604161663164807
session_8_player1,One-step deliberate signal,closer_to_player2,2,0.6622579949610736
session_8_player1,One-step deliberate signal,closer_to_player2,3,0.6673154528564439
session_8_player1,One-step deliberate signal,closer_to_player2,4,0.6636995913210719
session_8_player1,One-step deliberate signal,closer_to_player2,5,0.6592559467538487
session_8_player1,One-step deliberate signal,equal_to_both,0,0.5
session_8_player1,One-step deliberate signal,equal_to_both,1,0.7468940621397753
session_8_player1,One-step deliberate signal,equal_to_both,2,0.9938700986801227
session_8_player1,One-step deliberate signal,equal_to_both,3,0.9969254191375492
session_8_player1,One-step deliberate signal,equal_to_both,4,0.999980850230606
session_8_player1,One-step deliberate signal,equal_to_both,5,0.9999811030927896
session_8_player1,Opportunity-gated communicative action mixture,closer_to_player1,0,0.5
session_8_player1,Opportunity-gated communicative action mixture,closer_to_player1,1,0.26738283820375436
session_8_player1,Opportunity-gated communicative action mixture,closer_to_player1,2,0.40284053207524967
session_8_player1,Opportunity-gated communicative action mixture,closer_to_player1,3,0.21862745946965978
session_8_player1,Opportunity-gated communicative action mixture,closer_to_player1,4,0.6654258212863263
session_8_player1,Opportunity-gated communicative action mixture,closer_to_player1,5,0.6672407707094291
session_8_player1,Opportunity-gated communicative action mixture,closer_to_player2,0,0.5
session_8_player1,Opportunity-gated communicative action mixture,closer_to_player2,1,0.5029752189418193
session_8_player1,Opportunity-gated communicative action mixture,closer_to_player2,2,0.5049459837553876
session_8_player1,Opportunity-gated communicative action mixture,closer_to_player2,3,0.5065636462056033
session_8_player1,Opportunity-gated communicative action mixture,closer_to_player2,4,0.5138604930425048
session_8_player1,Opportunity-gated communicative action mixture,closer_to_player2,5,0.5769424943785169
session_8_player1,Opportunity-gated communicative action mixture,equal_to_both,0,0.5
session_8_player1,Opportunity-gated communicative action mixture,equal_to_both,1,0.9862200430299042
session_8_player1,Opportunity-gated communicative action mixture,equal_to_both,2,0.994559880943619
session_8_player1,Opportunity-gated communicative action mixture,equal_to_both,3,0.9946044574934496
session_8_player1,Opportunity-gated communicative action mixture,equal_to_both,4,0.9946275326258404
session_8_player1,Opportunity-gated communicative action mixture,equal_to_both,5,0.9997712312438498
session_8_player1,Shared agency no signaling,closer_to_player1,0,0.5
session_8_player1,Shared agency no signaling,closer_to_player1,1,0.49798166448734427
session_8_player1,Shared agency no signaling,closer_to_player1,2,0.5858072220686544
session_8_player1,Shared agency no signaling,closer_to_player1,3,0.5205914764099148
session_8_player1,Shared agency no signaling,closer_to_player1,4,0.5731283491967404
session_8_player1,Shared agency no signaling,closer_to_player1,5,0.9458818575092146
session_8_player1,Shared agency no signaling,closer_to_player2,0,0.5
session_8_player1,Shared agency no signaling,closer_to_player2,1,0.6604161663164807
session_8_player1,Shared agency no signaling,closer_to_player2,2,0.6622579949610736
session_8_player1,Shared agency no signaling,closer_to_player2,3,0.6673154528564439
session_8_player1,Shared agency no signaling,closer_to_player2,4,0.6636995913210719
session_8_player1,Shared agency no signaling,closer_to_player2,5,0.6592559467538487
session_8_player1,Shared agency no signaling,equal_to_both,0,0.5
session_8_player1,Shared agency no signaling,equal_to_both,1,0.7468940621397753
session_8_player1,Shared agency no signaling,equal_to_both,2,0.7469216414021307
session_8_player1,Shared agency no signaling,equal_to_both,3,0.7499535837994916
session_8_player1,Shared agency no signaling,equal_to_both,4,0.9991478642388496
session_8_player1,Shared agency no signaling,equal_to_both,5,0.9991511438127372
session_8_player2,Goal-contrast signaling,closer_to_player1,0,0.5
session_8_player2,Goal-contrast signaling,closer_to_player1,1,0.8277904229243326
session_8_player2,Goal-contrast signaling,closer_to_player1,2,0.8298083072752979
session_8_player2,Goal-contrast signaling,closer_to_player1,3,0.8303828991668168
session_8_player2,Goal-contrast signaling,closer_to_player1,4,0.8254560127485862
session_8_player2,Goal-contrast signaling,closer_to_player1,5,0.8364237803819146
session_8_player2,Goal-contrast signaling,closer_to_player2,0,0.5
session_8_player2,Goal-contrast signaling,closer_to_player2,1,0.9990654961070513
session_8_player2,Goal-contrast signaling,closer_to_player2,2,0.9999962414979436
session_8_player2,Goal-contrast signaling,closer_to_player2,3,0.9999998789150305
session_8_player2,Goal-contrast signaling,closer_to_player2,4,0.9999999643566118
session_8_player2,Goal-contrast signaling,closer_to_player2,5,0.9999999998124117
session_8_player2,Goal-contrast signaling,equal_to_both,0,0.5
session_8_player2,Goal-contrast signaling,equal_to_both,1,0.6628157916362839
session_8_player2,Goal-contrast signaling,equal_to_both,2,0.9908113693477797
session_8_player2,Goal-contrast signaling,equal_to_both,3,0.9909533391338904
session_8_player2,Goal-contrast signaling,equal_to_both,4,0.9964434539146567
session_8_player2,Goal-contrast signaling,equal_to_both,5,0.9964934831519603
session_8_player2,One-step deliberate signal,closer_to_player1,0,0.5
session_8_player2,One-step deliberate signal,closer_to_player1,1,0.5075411603839535
session_8_player2,One-step deliberate signal,closer_to_player1,2,0.7137544118606803
session_8_player2,One-step deliberate signal,closer_to_player1,3,0.8273425781189513
session_8_player2,One-step deliberate signal,closer_to_player1,4,0.8289273226347138
session_8_player2,One-step deliberate signal,closer_to_player1,5,0.8307771308680199
session_8_player2,One-step deliberate signal,closer_to_player2,0,0.5
session_8_player2,One-step deliberate signal,closer_to_player2,1,0.6685994610886327
session_8_player2,One-step deliberate signal,closer_to_player2,2,0.6948513016372605
session_8_player2,One-step deliberate signal,closer_to_player2,3,0.6109585110368715
session_8_player2,One-step deliberate signal,closer_to_player2,4,0.6169703024247971
session_8_player2,One-step deliberate signal,closer_to_player2,5,0.915709282134424
session_8_player2,One-step deliberate signal,equal_to_both,0,0.5
session_8_player2,One-step deliberate signal,equal_to_both,1,0.49929830768017985
session_8_player2,One-step deliberate signal,equal_to_both,2,0.49859203010061837
session_8_player2,One-step deliberate signal,equal_to_both,3,0.8277151761832873
session_8_player2,One-step deliberate signal,equal_to_both,4,0.8276950066816144
session_8_player2,One-step deliberate signal,equal_to_both,5,0.9965336878334408
session_8_player2,Opportunity-gated communicative action mixture,closer_to_player1,0,0.5
session_8_player2,Opportunity-gated communicative action mixture,closer_to_player1,1,0.6679696137699352
session_8_player2,Opportunity-gated communicative action mixture,closer_to_player1,2,0.6705080365366326
session_8_player2,Opportunity-gated communicative action mixture,closer_to_player1,3,0.6695408811119421
session_8_player2,Opportunity-gated communicative action mixture,closer_to_player1,4,0.6266631795220835
session_8_player2,Opportunity-gated communicative action mixture,closer_to_player1,5,0.685829163720134
session_8_player2,Opportunity-gated communicative action mixture,closer_to_player2,0,0.5
session_8_player2,Opportunity-gated communicative action mixture,closer_to_player2,1,0.751494993583015
session_8_player2,Opportunity-gated communicative action mixture,closer_to_player2,2,0.8043269956847092
session_8_player2,Opportunity-gated communicative action mixture,closer_to_player2,3,0.7187029822469091
session_8_player2,Opportunity-gated communicative action mixture,closer_to_player2,4,0.999976318657759
session_8_player2,Opportunity-gated communicative action mixture,closer_to_player2,5,0.9999999986245539
session_8_player2,Opportunity-gated communicative action mixture,equal_to_both,0,0.5
session_8_player2,Opportunity-gated communicative action mixture,equal_to_both,1,0.255693459067651
session_8_player2,Opportunity-gated communicative action mixture,equal_to_both,2,0.5001653008215121
session_8_player2,Opportunity-gated communicative action mixture,equal_to_both,3,0.8764187492437596
session_8_player2,Opportunity-gated communicative action mixture,equal_to_both,4,0.9989674216840374
session_8_player2,Opportunity-gated communicative action mixture,equal_to_both,5,0.9990438484691249
session_8_player2,Shared agency no signaling,closer_to_player1,0,0.5
session_8_player2,Shared agency no signaling,closer_to_player1,1,0.5075411603839535
session_8_player2,Shared agency no signaling,closer_to_player1,2,0.7137544118606803
session_8_player2,Shared agency no signaling,closer_to_player1,3,0.8273425781189513
session_8_player2,Shared agency no signaling,closer_to_player1,4,0.8289273226347138
session_8_player2,Shared agency no signaling,closer_to_player1,5,0.8307771308680199
session_8_player2,Shared agency no signaling,closer_to_player2,0,0.5
session_8_player2,Shared agency no signaling,closer_to_player2,1,0.6685994610886327
session_8_player2,Shared agency no signaling,closer_to_player2,2,0.6947634281244874
session_8_player2,Shared agency no signaling,closer_to_player2,3,0.6109584726966819
session_8_player2,Shared agency no signaling,closer_to_player2,4,0.6169703026177286
session_8_player2,Shared agency no signaling,closer_to_player2,5,0.9157092821350453
session_8_player2,Shared agency no signaling,equal_to_both,0,0.5
session_8_player2,Shared agency no signaling,equal_to_both,1,0.49929830768017985
session_8_player2,Shared agency no signaling,equal_to_both,2,0.746208107753512
session_8_player2,Shared agency no signaling,equal_to_both,3,0.9960884356466044
session_8_player2,Shared agency no signaling,equal_to_both,4,0.9961040823890728
session_8_player2,Shared agency no signaling,equal_to_both,5,0.9969681643500607
session_9_player1,Goal-contrast signaling,closer_to_player1,0,0.5
session_9_player1,Goal-contrast signaling,closer_to_player1,1,0.5422272942638476
session_9_player1,Goal-contrast signaling,closer_to_player1,2,0.7938258561930763
session_9_player1,Goal-contrast signaling,closer_to_player1,3,0.7641819584949143
session_9_player1,Goal-contrast signaling,closer_to_player1,4,0.7237952908304438
session_9_player1,Goal-contrast signaling,closer_to_player1,5,0.6977149536737807
session_9_player1,Goal-contrast signaling,closer_to_player2,0,0.5
session_9_player1,Goal-contrast signaling,closer_to_player2,1,0.661408784922048
session_9_player1,Goal-contrast signaling,closer_to_player2,2,0.8306635724600459
session_9_player1,Goal-contrast signaling,closer_to_player2,3,0.832704627103159
session_9_player1,Goal-contrast signaling,closer_to_player2,4,0.7919368384828364
session_9_player1,Goal-contrast signaling,closer_to_player2,5,0.848966050329906
session_9_player1,Goal-contrast signaling,equal_to_both,0,0.5
session_9_player1,Goal-contrast signaling,equal_to_both,1,0.7446634722039023
session_9_player1,Goal-contrast signaling,equal_to_both,2,0.7498959676381308
session_9_player1,Goal-contrast signaling,equal_to_both,3,0.749695871411363
session_9_player1,Goal-contrast signaling,equal_to_both,4,0.999170679818211
session_9_player1,Goal-contrast signaling,equal_to_both,5,0.9999972325411164
session_9_player1,One-step deliberate signal,closer_to_player1,0,0.5
session_9_player1,One-step deliberate signal,closer_to_player1,1,0.7466762698942003
session_9_player1,One-step deliberate signal,closer_to_player1,2,0.695155779460239
session_9_player1,One-step deliberate signal,closer_to_player1,3,0.7807590492480914
session_9_player1,One-step deliberate signal,closer_to_player1,4,0.8596231761497299
session_9_player1,One-step deliberate signal,closer_to_player1,5,0.9188121205519741
session_9_player1,One-step deliberate signal,closer_to_player2,0,0.5
session_9_player1,One-step deliberate signal,closer_to_player2,1,0.7433256228769238
session_9_player1,One-step deliberate signal,closer_to_player2,2,0.7527282447233727
session_9_player1,One-step deliberate signal,closer_to_player2,3,0.7535545872163278
session_9_player1,One-step deliberate signal,closer_to_player2,4,0.7520032011199813
session_9_player1,One-step deliberate signal,closer_to_player2,5,0.7893606676590511
session_9_player1,One-step deliberate signal,equal_to_both,0,0.5
session_9_player1,One-step deliberate signal,equal_to_both,1,0.8321817100090013
session_9_player1,One-step deliberate signal,equal_to_both,2,0.8333295051088899
session_9_player1,One-step deliberate signal,equal_to_both,3,0.9994318942037025
session_9_player1,One-step deliberate signal,equal_to_both,4,0.999998065267098
session_9_player1,One-step deliberate signal,equal_to_both,5,0.9999981417217046
session_9_player1,Opportunity-gated communicative action mixture,closer_to_player1,0,0.5
session_9_player1,Opportunity-gated communicative action mixture,closer_to_player1,1,0.4989709813707765
session_9_player1,Opportunity-gated communicative action mixture,closer_to_player1,2,0.5397878174037938
session_9_player1,Opportunity-gated communicative action mixture,closer_to_player1,3,0.5571263979264011
session_9_player1,Opportunity-gated communicative action mixture,closer_to_player1,4,0.5705359739735475
session_9_player1,Opportunity-gated communicative action mixture,closer_to_player1,5,0.6479505773553575
session_9_player1,Opportunity-gated communicative action mixture,closer_to_player2,0,0.5
session_9_player1,Opportunity-gated communicative action mixture,closer_to_player2,1,0.6707152774456361
session_9_player1,Opportunity-gated communicative action mixture,closer_to_player2,2,0.671058268710663
session_9_player1,Opportunity-gated communicative action mixture,closer_to_player2,3,0.6786930928379716
session_9_player1,Opportunity-gated communicative action mixture,closer_to_player2,4,0.6829200629302283
session_9_player1,Opportunity-gated communicative action mixture,closer_to_player2,5,0.6851683405396907
session_9_player1,Opportunity-gated communicative action mixture,equal_to_both,0,0.5
session_9_player1,Opportunity-gated communicative action mixture,equal_to_both,1,0.663094157560114
session_9_player1,Opportunity-gated communicative action mixture,equal_to_both,2,0.8312183164638234
session_9_player1,Opportunity-gated communicative action mixture,equal_to_both,3,0.9973951461844178
session_9_player1,Opportunity-gated communicative action mixture,equal_to_both,4,0.9999853783393887
session_9_player1,Opportunity-gated communicative action mixture,equal_to_both,5,0.999998004976678
session_9_player1,Shared agency no signaling,closer_to_player1,0,0.5
session_9_player1,Shared agency no signaling,closer_to_player1,1,0.7466762698942003
session_9_player1,Shared agency no signaling,closer_to_player1,2,0.695155779460239
session_9_player1,Shared agency no signaling,closer_to_player1,3,0.7807590492480914
session_9_player1,Shared agency no signaling,closer_to_player1,4,0.8596231761497299
session_9_player1,Shared agency no signaling,closer_to_player1,5,0.9188121205519741
session_9_player1,Shared agency no signaling,closer_to_player2,0,0.5
session_9_player1,Shared agency no signaling,closer_to_player2,1,0.7433256228769238
session_9_player1,Shared agency no signaling,closer_to_player2,2,0.744769706510861
session_9_player1,Shared agency no signaling,closer_to_player2,3,0.7534217099489636
session_9_player1,Shared agency no signaling,closer_to_player2,4,0.7520003979300619
session_9_player1,Shared agency no signaling,closer_to_player2,5,0.7893608611985169
session_9_player1,Shared agency no signaling,equal_to_both,0,0.5
session_9_player1,Shared agency no signaling,equal_to_both,1,0.8321817100090013
session_9_player1,Shared agency no signaling,equal_to_both,2,0.8333295051088899
session_9_player1,Shared agency no signaling,equal_to_both,3,0.9994318942037025
session_9_player1,Shared agency no signaling,equal_to_both,4,0.999998065267098
session_9_player1,Shared agency no signaling,equal_to_both,5,0.9999981417217046
session_9_player2,Goal-contrast signaling,closer_to_player1,0,0.5
session_9_player2,Goal-contrast signaling,closer_to_player1,1,0.6620346974333916
session_9_player2,Goal-contrast signaling,closer_to_player1,2,0.6694498220711259
session_9_player2,Goal-contrast signaling,closer_to_player1,3,0.5023318481276026
session_9_player2,Goal-contrast signaling,closer_to_player1,4,0.5724526327975027
session_9_player2,Goal-contrast signaling,closer_to_player1,5,0.8328384135614385
session_9_player2,Goal-contrast signaling,closer_to_player2,0,0.5
session_9_player2,Goal-contrast signaling,closer_to_player2,1,0.8315270070589355
session_9_player2,Goal-contrast signaling,closer_to_player2,2,0.9422736997010611
session_9_player2,Goal-contrast signaling,closer_to_player2,3,0.9997694286745887
session_9_player2,Goal-contrast signaling,closer_to_player2,4,0.9997719328746394
session_9_player2,Goal-contrast signaling,closer_to_player2,5,0.9999999800448999
session_9_player2,Goal-contrast signaling,equal_to_both,0,0.5
session_9_player2,Goal-contrast signaling,equal_to_both,1,0.7440996228976919
session_9_player2,Goal-contrast signaling,equal_to_both,2,0.9917469527554095
session_9_player2,Goal-contrast signaling,equal_to_both,3,0.9918838308901496
session_9_player2,Goal-contrast signaling,equal_to_both,4,0.9969265055741829
session_9_player2,Goal-contrast signaling,equal_to_both,5,0.9969384336996544
session_9_player2,One-step deliberate signal,closer_to_player1,0,0.5
session_9_player2,One-step deliberate signal,closer_to_player1,1,0.49901885096455656
session_9_player2,One-step deliberate signal,closer_to_player1,2,0.24653449592353824
session_9_player2,One-step deliberate signal,closer_to_player1,3,0.3447272386992544
session_9_player2,One-step deliberate signal,closer_to_player1,4,0.7376409637318055
session_9_player2,One-step deliberate signal,closer_to_player1,5,0.7405655865011245
session_9_player2,One-step deliberate signal,closer_to_player2,0,0.5
session_9_player2,One-step deliberate signal,closer_to_player2,1,0.5099081529843877
session_9_player2,One-step deliberate signal,closer_to_player2,2,0.7809732044344173
session_9_player2,One-step deliberate signal,closer_to_player2,3,0.7860240071055467
session_9_player2,One-step deliberate signal,closer_to_player2,4,0.7878246183887545
session_9_player2,One-step deliberate signal,closer_to_player2,5,0.7888754537602288
session_9_player2,One-step deliberate signal,equal_to_both,0,0.5
session_9_player2,One-step deliberate signal,equal_to_both,1,0.49757232417470476
session_9_player2,One-step deliberate signal,equal_to_both,2,0.6212835631140962
session_9_player2,One-step deliberate signal,equal_to_both,3,0.9993003142189097
session_9_player2,One-step deliberate signal,equal_to_both,4,0.9994440680657202
session_9_player2,One-step deliberate signal,equal_to_both,5,0.9994799704865915
session_9_player2,Opportunity-gated communicative action mixture,closer_to_player1,0,0.5
session_9_player2,Opportunity-gated communicative action mixture,closer_to_player1,1,0.5037719239689344
session_9_player2,Opportunity-gated communicative action mixture,closer_to_player1,2,0.5056512810208359
session_9_player2,Opportunity-gated communicative action mixture,closer_to_player1,3,0.5068191814635425
session_9_player2,Opportunity-gated communicative action mixture,closer_to_player1,4,0.5075761501580929
session_9_player2,Opportunity-gated communicative action mixture,closer_to_player1,5,0.5061862068973664
session_9_player2,Opportunity-gated communicative action mixture,closer_to_player2,0,0.5
session_9_player2,Opportunity-gated communicative action mixture,closer_to_player2,1,0.5421572128964062
session_9_player2,Opportunity-gated communicative action mixture,closer_to_player2,2,0.6676794785528095
session_9_player2,Opportunity-gated communicative action mixture,closer_to_player2,3,0.6657659825963164
session_9_player2,Opportunity-gated communicative action mixture,closer_to_player2,4,0.8648273771677343
session_9_player2,Opportunity-gated communicative action mixture,closer_to_player2,5,0.9157092816815556
session_9_player2,Opportunity-gated communicative action mixture,equal_to_both,0,0.5
session_9_player2,Opportunity-gated communicative action mixture,equal_to_both,1,0.6631359126703186
session_9_player2,Opportunity-gated communicative action mixture,equal_to_both,2,0.8278061136836515
session_9_player2,Opportunity-gated communicative action mixture,equal_to_both,3,0.9939466765274886
session_9_player2,Opportunity-gated communicative action mixture,equal_to_both,4,0.9973947386948524
session_9_player2,Opportunity-gated communicative action mixture,equal_to_both,5,0.9974594784277379
session_9_player2,Shared agency no signaling,closer_to_player1,0,0.5
session_9_player2,Shared agency no signaling,closer_to_player1,1,0.49901885096455656
session_9_player2,Shared agency no signaling,closer_to_player1,2,0.4981481635777552
session_9_player2,Shared agency no signaling,closer_to_player1,3,0.7462137979434249
session_9_player2,Shared agency no signaling,closer_to_player1,4,0.7501274933273363
session_9_player2,Shared agency no signaling,closer_to_player1,5,0.7527560437672804
session_9_player2,Shared agency no signaling,closer_to_player2,0,0.5
session_9_player2,Shared agency no signaling,closer_to_player2,1,0.5099081529843877
session_9_player2,Shared agency no signaling,closer_to_player2,2,0.5852431982270231
session_9_player2,Shared agency no signaling,closer_to_player2,3,0.7860243437497098
session_9_player2,Shared agency no signaling,closer_to_player2,4,0.787824630526067
session_9_player2,Shared agency no signaling,closer_to_player2,5,0.7888754537668387
session_9_player2,Shared agency no signaling,equal_to_both,0,0.5
session_9_player2,Shared agency no signaling,equal_to_both,1,0.49757232417470476
session_9_player2,Shared agency no signaling,equal_to_both,2,0.4571230332807932
session_9_player2,Shared agency no signaling,equal_to_both,3,0.9991523778224883
session_9_player2,Shared agency no signaling,equal_to_both,4,0.999443906927917
session_9_player2,Shared agency no signaling,equal_to_both,5,0.9994798984110186
